"table","section_id","item","instrument","instructions","section_prompt","item_text","correct_response","option_text","resp"
"sapa_personality","sapa_personality_1","q_6","SAPA-Project 696-item temperament item set (IPIP-based scales and the EPQ-R)",NA,NA,"Accept people as they are.",NA,"Very Inaccurate",1
"sapa_personality","sapa_personality_1","q_6","SAPA-Project 696-item temperament item set (IPIP-based scales and the EPQ-R)",NA,NA,"Accept people as they are.",NA,"Moderately Inaccurate",2
"sapa_personality","sapa_personality_1","q_6","SAPA-Project 696-item temperament item set (IPIP-based scales and the EPQ-R)",NA,NA,"Accept people as they are.",NA,"Slightly Inaccurate",3
"sapa_personality","sapa_personality_1","q_6","SAPA-Project 696-item temperament item set (IPIP-based scales and the EPQ-R)",NA,NA,"Accept people as they are.",NA,"Slightly Accurate",4
"sapa_personality","sapa_personality_1","q_6","SAPA-Project 696-item temperament item set (IPIP-based scales and the EPQ-R)",NA,NA,"Accept people as they are.",NA,"Moderately Accurate",5
"sapa_personality","sapa_personality_1","q_6","SAPA-Project 696-item temperament item set (IPIP-based scales and the EPQ-R)",NA,NA,"Accept people as they are.",NA,"Very Accurate",6
"sapa_personality","sapa_personality_1","q_20","SAPA-Project 696-item temperament item set (IPIP-based scales and the EPQ-R)",NA,NA,"Act comfortably with others.",NA,"Very Inaccurate",1
"sapa_personality","sapa_personality_1","q_20","SAPA-Project 696-item temperament item set (IPIP-based scales and the EPQ-R)",NA,NA,"Act comfortably with others.",NA,"Moderately Inaccurate",2
"sapa_personality","sapa_personality_1","q_20","SAPA-Project 696-item temperament item set (IPIP-based scales and the EPQ-R)",NA,NA,"Act comfortably with others.",NA,"Slightly Inaccurate",3
"sapa_personality","sapa_personality_1","q_20","SAPA-Project 696-item temperament item set (IPIP-based scales and the EPQ-R)",NA,NA,"Act comfortably with others.",NA,"Slightly Accurate",4
"sapa_personality","sapa_personality_1","q_20","SAPA-Project 696-item temperament item set (IPIP-based scales and the EPQ-R)",NA,NA,"Act comfortably with others.",NA,"Moderately Accurate",5
"sapa_personality","sapa_personality_1","q_20","SAPA-Project 696-item temperament item set (IPIP-based scales and the EPQ-R)",NA,NA,"Act comfortably with others.",NA,"Very Accurate",6
"sapa_personality","sapa_personality_1","q_22","SAPA-Project 696-item temperament item set (IPIP-based scales and the EPQ-R)",NA,NA,"Act impulsively when something is bothering me.",NA,"Very Inaccurate",1
"sapa_personality","sapa_personality_1","q_22","SAPA-Project 696-item temperament item set (IPIP-based scales and the EPQ-R)",NA,NA,"Act impulsively when something is bothering me.",NA,"Moderately Inaccurate",2
"sapa_personality","sapa_personality_1","q_22","SAPA-Project 696-item temperament item set (IPIP-based scales and the EPQ-R)",NA,NA,"Act impulsively when something is bothering me.",NA,"Slightly Inaccurate",3
"sapa_personality","sapa_personality_1","q_22","SAPA-Project 696-item temperament item set (IPIP-based scales and the EPQ-R)",NA,NA,"Act impulsively when something is bothering me.",NA,"Slightly Accurate",4
"sapa_personality","sapa_personality_1","q_22","SAPA-Project 696-item temperament item set (IPIP-based scales and the EPQ-R)",NA,NA,"Act impulsively when something is bothering me.",NA,"Moderately Accurate",5
"sapa_personality","sapa_personality_1","q_22","SAPA-Project 696-item temperament item set (IPIP-based scales and the EPQ-R)",NA,NA,"Act impulsively when something is bothering me.",NA,"Very Accurate",6
"sapa_personality","sapa_personality_1","q_23","SAPA-Project 696-item temperament item set (IPIP-based scales and the EPQ-R)",NA,NA,"Act like different people in different situations.",NA,"Very Inaccurate",1
"sapa_personality","sapa_personality_1","q_23","SAPA-Project 696-item temperament item set (IPIP-based scales and the EPQ-R)",NA,NA,"Act like different people in different situations.",NA,"Moderately Inaccurate",2
"sapa_personality","sapa_personality_1","q_23","SAPA-Project 696-item temperament item set (IPIP-based scales and the EPQ-R)",NA,NA,"Act like different people in different situations.",NA,"Slightly Inaccurate",3
"sapa_personality","sapa_personality_1","q_23","SAPA-Project 696-item temperament item set (IPIP-based scales and the EPQ-R)",NA,NA,"Act like different people in different situations.",NA,"Slightly Accurate",4
"sapa_personality","sapa_personality_1","q_23","SAPA-Project 696-item temperament item set (IPIP-based scales and the EPQ-R)",NA,NA,"Act like different people in different situations.",NA,"Moderately Accurate",5
"sapa_personality","sapa_personality_1","q_23","SAPA-Project 696-item temperament item set (IPIP-based scales and the EPQ-R)",NA,NA,"Act like different people in different situations.",NA,"Very Accurate",6
"sapa_personality","sapa_personality_1","q_26","SAPA-Project 696-item temperament item set (IPIP-based scales and the EPQ-R)",NA,NA,"Act or feel in a way that does not fit me.",NA,"Very Inaccurate",1
"sapa_personality","sapa_personality_1","q_26","SAPA-Project 696-item temperament item set (IPIP-based scales and the EPQ-R)",NA,NA,"Act or feel in a way that does not fit me.",NA,"Moderately Inaccurate",2
"sapa_personality","sapa_personality_1","q_26","SAPA-Project 696-item temperament item set (IPIP-based scales and the EPQ-R)",NA,NA,"Act or feel in a way that does not fit me.",NA,"Slightly Inaccurate",3
"sapa_personality","sapa_personality_1","q_26","SAPA-Project 696-item temperament item set (IPIP-based scales and the EPQ-R)",NA,NA,"Act or feel in a way that does not fit me.",NA,"Slightly Accurate",4
"sapa_personality","sapa_personality_1","q_26","SAPA-Project 696-item temperament item set (IPIP-based scales and the EPQ-R)",NA,NA,"Act or feel in a way that does not fit me.",NA,"Moderately Accurate",5
"sapa_personality","sapa_personality_1","q_26","SAPA-Project 696-item temperament item set (IPIP-based scales and the EPQ-R)",NA,NA,"Act or feel in a way that does not fit me.",NA,"Very Accurate",6
"sapa_personality","sapa_personality_1","q_31","SAPA-Project 696-item temperament item set (IPIP-based scales and the EPQ-R)",NA,NA,"Act wild and crazy.",NA,"Very Inaccurate",1
"sapa_personality","sapa_personality_1","q_31","SAPA-Project 696-item temperament item set (IPIP-based scales and the EPQ-R)",NA,NA,"Act wild and crazy.",NA,"Moderately Inaccurate",2
"sapa_personality","sapa_personality_1","q_31","SAPA-Project 696-item temperament item set (IPIP-based scales and the EPQ-R)",NA,NA,"Act wild and crazy.",NA,"Slightly Inaccurate",3
"sapa_personality","sapa_personality_1","q_31","SAPA-Project 696-item temperament item set (IPIP-based scales and the EPQ-R)",NA,NA,"Act wild and crazy.",NA,"Slightly Accurate",4
"sapa_personality","sapa_personality_1","q_31","SAPA-Project 696-item temperament item set (IPIP-based scales and the EPQ-R)",NA,NA,"Act wild and crazy.",NA,"Moderately Accurate",5
"sapa_personality","sapa_personality_1","q_31","SAPA-Project 696-item temperament item set (IPIP-based scales and the EPQ-R)",NA,NA,"Act wild and crazy.",NA,"Very Accurate",6
"sapa_personality","sapa_personality_1","q_35","SAPA-Project 696-item temperament item set (IPIP-based scales and the EPQ-R)",NA,NA,"Act without thinking.",NA,"Very Inaccurate",1
"sapa_personality","sapa_personality_1","q_35","SAPA-Project 696-item temperament item set (IPIP-based scales and the EPQ-R)",NA,NA,"Act without thinking.",NA,"Moderately Inaccurate",2
"sapa_personality","sapa_personality_1","q_35","SAPA-Project 696-item temperament item set (IPIP-based scales and the EPQ-R)",NA,NA,"Act without thinking.",NA,"Slightly Inaccurate",3
"sapa_personality","sapa_personality_1","q_35","SAPA-Project 696-item temperament item set (IPIP-based scales and the EPQ-R)",NA,NA,"Act without thinking.",NA,"Slightly Accurate",4
"sapa_personality","sapa_personality_1","q_35","SAPA-Project 696-item temperament item set (IPIP-based scales and the EPQ-R)",NA,NA,"Act without thinking.",NA,"Moderately Accurate",5
"sapa_personality","sapa_personality_1","q_35","SAPA-Project 696-item temperament item set (IPIP-based scales and the EPQ-R)",NA,NA,"Act without thinking.",NA,"Very Accurate",6
"sapa_personality","sapa_personality_1","q_38","SAPA-Project 696-item temperament item set (IPIP-based scales and the EPQ-R)",NA,NA,"Adapt easily to new situations.",NA,"Very Inaccurate",1
"sapa_personality","sapa_personality_1","q_38","SAPA-Project 696-item temperament item set (IPIP-based scales and the EPQ-R)",NA,NA,"Adapt easily to new situations.",NA,"Moderately Inaccurate",2
"sapa_personality","sapa_personality_1","q_38","SAPA-Project 696-item temperament item set (IPIP-based scales and the EPQ-R)",NA,NA,"Adapt easily to new situations.",NA,"Slightly Inaccurate",3
"sapa_personality","sapa_personality_1","q_38","SAPA-Project 696-item temperament item set (IPIP-based scales and the EPQ-R)",NA,NA,"Adapt easily to new situations.",NA,"Slightly Accurate",4
"sapa_personality","sapa_personality_1","q_38","SAPA-Project 696-item temperament item set (IPIP-based scales and the EPQ-R)",NA,NA,"Adapt easily to new situations.",NA,"Moderately Accurate",5
"sapa_personality","sapa_personality_1","q_38","SAPA-Project 696-item temperament item set (IPIP-based scales and the EPQ-R)",NA,NA,"Adapt easily to new situations.",NA,"Very Accurate",6
"sapa_personality","sapa_personality_1","q_39","SAPA-Project 696-item temperament item set (IPIP-based scales and the EPQ-R)",NA,NA,"Adjust easily.",NA,"Very Inaccurate",1
"sapa_personality","sapa_personality_1","q_39","SAPA-Project 696-item temperament item set (IPIP-based scales and the EPQ-R)",NA,NA,"Adjust easily.",NA,"Moderately Inaccurate",2
"sapa_personality","sapa_personality_1","q_39","SAPA-Project 696-item temperament item set (IPIP-based scales and the EPQ-R)",NA,NA,"Adjust easily.",NA,"Slightly Inaccurate",3
"sapa_personality","sapa_personality_1","q_39","SAPA-Project 696-item temperament item set (IPIP-based scales and the EPQ-R)",NA,NA,"Adjust easily.",NA,"Slightly Accurate",4
"sapa_personality","sapa_personality_1","q_39","SAPA-Project 696-item temperament item set (IPIP-based scales and the EPQ-R)",NA,NA,"Adjust easily.",NA,"Moderately Accurate",5
"sapa_personality","sapa_personality_1","q_39","SAPA-Project 696-item temperament item set (IPIP-based scales and the EPQ-R)",NA,NA,"Adjust easily.",NA,"Very Accurate",6
"sapa_personality","sapa_personality_1","q_40","SAPA-Project 696-item temperament item set (IPIP-based scales and the EPQ-R)",NA,NA,"Admire a really clever scam.",NA,"Very Inaccurate",1
"sapa_personality","sapa_personality_1","q_40","SAPA-Project 696-item temperament item set (IPIP-based scales and the EPQ-R)",NA,NA,"Admire a really clever scam.",NA,"Moderately Inaccurate",2
"sapa_personality","sapa_personality_1","q_40","SAPA-Project 696-item temperament item set (IPIP-based scales and the EPQ-R)",NA,NA,"Admire a really clever scam.",NA,"Slightly Inaccurate",3
"sapa_personality","sapa_personality_1","q_40","SAPA-Project 696-item temperament item set (IPIP-based scales and the EPQ-R)",NA,NA,"Admire a really clever scam.",NA,"Slightly Accurate",4
"sapa_personality","sapa_personality_1","q_40","SAPA-Project 696-item temperament item set (IPIP-based scales and the EPQ-R)",NA,NA,"Admire a really clever scam.",NA,"Moderately Accurate",5
"sapa_personality","sapa_personality_1","q_40","SAPA-Project 696-item temperament item set (IPIP-based scales and the EPQ-R)",NA,NA,"Admire a really clever scam.",NA,"Very Accurate",6
"sapa_personality","sapa_personality_1","q_43","SAPA-Project 696-item temperament item set (IPIP-based scales and the EPQ-R)",NA,NA,"Always admit it when I make a mistake.",NA,"Very Inaccurate",1
"sapa_personality","sapa_personality_1","q_43","SAPA-Project 696-item temperament item set (IPIP-based scales and the EPQ-R)",NA,NA,"Always admit it when I make a mistake.",NA,"Moderately Inaccurate",2
"sapa_personality","sapa_personality_1","q_43","SAPA-Project 696-item temperament item set (IPIP-based scales and the EPQ-R)",NA,NA,"Always admit it when I make a mistake.",NA,"Slightly Inaccurate",3
"sapa_personality","sapa_personality_1","q_43","SAPA-Project 696-item temperament item set (IPIP-based scales and the EPQ-R)",NA,NA,"Always admit it when I make a mistake.",NA,"Slightly Accurate",4
"sapa_personality","sapa_personality_1","q_43","SAPA-Project 696-item temperament item set (IPIP-based scales and the EPQ-R)",NA,NA,"Always admit it when I make a mistake.",NA,"Moderately Accurate",5
"sapa_personality","sapa_personality_1","q_43","SAPA-Project 696-item temperament item set (IPIP-based scales and the EPQ-R)",NA,NA,"Always admit it when I make a mistake.",NA,"Very Accurate",6
"sapa_personality","sapa_personality_1","q_44","SAPA-Project 696-item temperament item set (IPIP-based scales and the EPQ-R)",NA,NA,"Always know what I am doing.",NA,"Very Inaccurate",1
"sapa_personality","sapa_personality_1","q_44","SAPA-Project 696-item temperament item set (IPIP-based scales and the EPQ-R)",NA,NA,"Always know what I am doing.",NA,"Moderately Inaccurate",2
"sapa_personality","sapa_personality_1","q_44","SAPA-Project 696-item temperament item set (IPIP-based scales and the EPQ-R)",NA,NA,"Always know what I am doing.",NA,"Slightly Inaccurate",3
"sapa_personality","sapa_personality_1","q_44","SAPA-Project 696-item temperament item set (IPIP-based scales and the EPQ-R)",NA,NA,"Always know what I am doing.",NA,"Slightly Accurate",4
"sapa_personality","sapa_personality_1","q_44","SAPA-Project 696-item temperament item set (IPIP-based scales and the EPQ-R)",NA,NA,"Always know what I am doing.",NA,"Moderately Accurate",5
"sapa_personality","sapa_personality_1","q_44","SAPA-Project 696-item temperament item set (IPIP-based scales and the EPQ-R)",NA,NA,"Always know what I am doing.",NA,"Very Accurate",6
"sapa_personality","sapa_personality_1","q_45","SAPA-Project 696-item temperament item set (IPIP-based scales and the EPQ-R)",NA,NA,"Always know why I do things.",NA,"Very Inaccurate",1
"sapa_personality","sapa_personality_1","q_45","SAPA-Project 696-item temperament item set (IPIP-based scales and the EPQ-R)",NA,NA,"Always know why I do things.",NA,"Moderately Inaccurate",2
"sapa_personality","sapa_personality_1","q_45","SAPA-Project 696-item temperament item set (IPIP-based scales and the EPQ-R)",NA,NA,"Always know why I do things.",NA,"Slightly Inaccurate",3
"sapa_personality","sapa_personality_1","q_45","SAPA-Project 696-item temperament item set (IPIP-based scales and the EPQ-R)",NA,NA,"Always know why I do things.",NA,"Slightly Accurate",4
"sapa_personality","sapa_personality_1","q_45","SAPA-Project 696-item temperament item set (IPIP-based scales and the EPQ-R)",NA,NA,"Always know why I do things.",NA,"Moderately Accurate",5
"sapa_personality","sapa_personality_1","q_45","SAPA-Project 696-item temperament item set (IPIP-based scales and the EPQ-R)",NA,NA,"Always know why I do things.",NA,"Very Accurate",6
"sapa_personality","sapa_personality_1","q_47","SAPA-Project 696-item temperament item set (IPIP-based scales and the EPQ-R)",NA,NA,"Am a creature of habit.",NA,"Very Inaccurate",1
"sapa_personality","sapa_personality_1","q_47","SAPA-Project 696-item temperament item set (IPIP-based scales and the EPQ-R)",NA,NA,"Am a creature of habit.",NA,"Moderately Inaccurate",2
"sapa_personality","sapa_personality_1","q_47","SAPA-Project 696-item temperament item set (IPIP-based scales and the EPQ-R)",NA,NA,"Am a creature of habit.",NA,"Slightly Inaccurate",3
"sapa_personality","sapa_personality_1","q_47","SAPA-Project 696-item temperament item set (IPIP-based scales and the EPQ-R)",NA,NA,"Am a creature of habit.",NA,"Slightly Accurate",4
"sapa_personality","sapa_personality_1","q_47","SAPA-Project 696-item temperament item set (IPIP-based scales and the EPQ-R)",NA,NA,"Am a creature of habit.",NA,"Moderately Accurate",5
"sapa_personality","sapa_personality_1","q_47","SAPA-Project 696-item temperament item set (IPIP-based scales and the EPQ-R)",NA,NA,"Am a creature of habit.",NA,"Very Accurate",6
"sapa_personality","sapa_personality_1","q_52","SAPA-Project 696-item temperament item set (IPIP-based scales and the EPQ-R)",NA,NA,"Am a person whose moods go up and down easily.",NA,"Very Inaccurate",1
"sapa_personality","sapa_personality_1","q_52","SAPA-Project 696-item temperament item set (IPIP-based scales and the EPQ-R)",NA,NA,"Am a person whose moods go up and down easily.",NA,"Moderately Inaccurate",2
"sapa_personality","sapa_personality_1","q_52","SAPA-Project 696-item temperament item set (IPIP-based scales and the EPQ-R)",NA,NA,"Am a person whose moods go up and down easily.",NA,"Slightly Inaccurate",3
"sapa_personality","sapa_personality_1","q_52","SAPA-Project 696-item temperament item set (IPIP-based scales and the EPQ-R)",NA,NA,"Am a person whose moods go up and down easily.",NA,"Slightly Accurate",4
"sapa_personality","sapa_personality_1","q_52","SAPA-Project 696-item temperament item set (IPIP-based scales and the EPQ-R)",NA,NA,"Am a person whose moods go up and down easily.",NA,"Moderately Accurate",5
"sapa_personality","sapa_personality_1","q_52","SAPA-Project 696-item temperament item set (IPIP-based scales and the EPQ-R)",NA,NA,"Am a person whose moods go up and down easily.",NA,"Very Accurate",6
"sapa_personality","sapa_personality_1","q_53","SAPA-Project 696-item temperament item set (IPIP-based scales and the EPQ-R)",NA,NA,"Am a physical coward.",NA,"Very Inaccurate",1
"sapa_personality","sapa_personality_1","q_53","SAPA-Project 696-item temperament item set (IPIP-based scales and the EPQ-R)",NA,NA,"Am a physical coward.",NA,"Moderately Inaccurate",2
"sapa_personality","sapa_personality_1","q_53","SAPA-Project 696-item temperament item set (IPIP-based scales and the EPQ-R)",NA,NA,"Am a physical coward.",NA,"Slightly Inaccurate",3
"sapa_personality","sapa_personality_1","q_53","SAPA-Project 696-item temperament item set (IPIP-based scales and the EPQ-R)",NA,NA,"Am a physical coward.",NA,"Slightly Accurate",4
"sapa_personality","sapa_personality_1","q_53","SAPA-Project 696-item temperament item set (IPIP-based scales and the EPQ-R)",NA,NA,"Am a physical coward.",NA,"Moderately Accurate",5
"sapa_personality","sapa_personality_1","q_53","SAPA-Project 696-item temperament item set (IPIP-based scales and the EPQ-R)",NA,NA,"Am a physical coward.",NA,"Very Accurate",6
"sapa_personality","sapa_personality_1","q_55","SAPA-Project 696-item temperament item set (IPIP-based scales and the EPQ-R)",NA,NA,"Am a very private person.",NA,"Very Inaccurate",1
"sapa_personality","sapa_personality_1","q_55","SAPA-Project 696-item temperament item set (IPIP-based scales and the EPQ-R)",NA,NA,"Am a very private person.",NA,"Moderately Inaccurate",2
"sapa_personality","sapa_personality_1","q_55","SAPA-Project 696-item temperament item set (IPIP-based scales and the EPQ-R)",NA,NA,"Am a very private person.",NA,"Slightly Inaccurate",3
"sapa_personality","sapa_personality_1","q_55","SAPA-Project 696-item temperament item set (IPIP-based scales and the EPQ-R)",NA,NA,"Am a very private person.",NA,"Slightly Accurate",4
"sapa_personality","sapa_personality_1","q_55","SAPA-Project 696-item temperament item set (IPIP-based scales and the EPQ-R)",NA,NA,"Am a very private person.",NA,"Moderately Accurate",5
"sapa_personality","sapa_personality_1","q_55","SAPA-Project 696-item temperament item set (IPIP-based scales and the EPQ-R)",NA,NA,"Am a very private person.",NA,"Very Accurate",6
"sapa_personality","sapa_personality_1","q_56","SAPA-Project 696-item temperament item set (IPIP-based scales and the EPQ-R)",NA,NA,"Am able to control my cravings.",NA,"Very Inaccurate",1
"sapa_personality","sapa_personality_1","q_56","SAPA-Project 696-item temperament item set (IPIP-based scales and the EPQ-R)",NA,NA,"Am able to control my cravings.",NA,"Moderately Inaccurate",2
"sapa_personality","sapa_personality_1","q_56","SAPA-Project 696-item temperament item set (IPIP-based scales and the EPQ-R)",NA,NA,"Am able to control my cravings.",NA,"Slightly Inaccurate",3
"sapa_personality","sapa_personality_1","q_56","SAPA-Project 696-item temperament item set (IPIP-based scales and the EPQ-R)",NA,NA,"Am able to control my cravings.",NA,"Slightly Accurate",4
"sapa_personality","sapa_personality_1","q_56","SAPA-Project 696-item temperament item set (IPIP-based scales and the EPQ-R)",NA,NA,"Am able to control my cravings.",NA,"Moderately Accurate",5
"sapa_personality","sapa_personality_1","q_56","SAPA-Project 696-item temperament item set (IPIP-based scales and the EPQ-R)",NA,NA,"Am able to control my cravings.",NA,"Very Accurate",6
"sapa_personality","sapa_personality_1","q_63","SAPA-Project 696-item temperament item set (IPIP-based scales and the EPQ-R)",NA,NA,"Am able to stand up for myself.",NA,"Very Inaccurate",1
"sapa_personality","sapa_personality_1","q_63","SAPA-Project 696-item temperament item set (IPIP-based scales and the EPQ-R)",NA,NA,"Am able to stand up for myself.",NA,"Moderately Inaccurate",2
"sapa_personality","sapa_personality_1","q_63","SAPA-Project 696-item temperament item set (IPIP-based scales and the EPQ-R)",NA,NA,"Am able to stand up for myself.",NA,"Slightly Inaccurate",3
"sapa_personality","sapa_personality_1","q_63","SAPA-Project 696-item temperament item set (IPIP-based scales and the EPQ-R)",NA,NA,"Am able to stand up for myself.",NA,"Slightly Accurate",4
"sapa_personality","sapa_personality_1","q_63","SAPA-Project 696-item temperament item set (IPIP-based scales and the EPQ-R)",NA,NA,"Am able to stand up for myself.",NA,"Moderately Accurate",5
"sapa_personality","sapa_personality_1","q_63","SAPA-Project 696-item temperament item set (IPIP-based scales and the EPQ-R)",NA,NA,"Am able to stand up for myself.",NA,"Very Accurate",6
"sapa_personality","sapa_personality_1","q_66","SAPA-Project 696-item temperament item set (IPIP-based scales and the EPQ-R)",NA,NA,"Am afraid of many things.",NA,"Very Inaccurate",1
"sapa_personality","sapa_personality_1","q_66","SAPA-Project 696-item temperament item set (IPIP-based scales and the EPQ-R)",NA,NA,"Am afraid of many things.",NA,"Moderately Inaccurate",2
"sapa_personality","sapa_personality_1","q_66","SAPA-Project 696-item temperament item set (IPIP-based scales and the EPQ-R)",NA,NA,"Am afraid of many things.",NA,"Slightly Inaccurate",3
"sapa_personality","sapa_personality_1","q_66","SAPA-Project 696-item temperament item set (IPIP-based scales and the EPQ-R)",NA,NA,"Am afraid of many things.",NA,"Slightly Accurate",4
"sapa_personality","sapa_personality_1","q_66","SAPA-Project 696-item temperament item set (IPIP-based scales and the EPQ-R)",NA,NA,"Am afraid of many things.",NA,"Moderately Accurate",5
"sapa_personality","sapa_personality_1","q_66","SAPA-Project 696-item temperament item set (IPIP-based scales and the EPQ-R)",NA,NA,"Am afraid of many things.",NA,"Very Accurate",6
"sapa_personality","sapa_personality_1","q_67","SAPA-Project 696-item temperament item set (IPIP-based scales and the EPQ-R)",NA,NA,"Am afraid that I will do the wrong thing.",NA,"Very Inaccurate",1
"sapa_personality","sapa_personality_1","q_67","SAPA-Project 696-item temperament item set (IPIP-based scales and the EPQ-R)",NA,NA,"Am afraid that I will do the wrong thing.",NA,"Moderately Inaccurate",2
"sapa_personality","sapa_personality_1","q_67","SAPA-Project 696-item temperament item set (IPIP-based scales and the EPQ-R)",NA,NA,"Am afraid that I will do the wrong thing.",NA,"Slightly Inaccurate",3
"sapa_personality","sapa_personality_1","q_67","SAPA-Project 696-item temperament item set (IPIP-based scales and the EPQ-R)",NA,NA,"Am afraid that I will do the wrong thing.",NA,"Slightly Accurate",4
"sapa_personality","sapa_personality_1","q_67","SAPA-Project 696-item temperament item set (IPIP-based scales and the EPQ-R)",NA,NA,"Am afraid that I will do the wrong thing.",NA,"Moderately Accurate",5
"sapa_personality","sapa_personality_1","q_67","SAPA-Project 696-item temperament item set (IPIP-based scales and the EPQ-R)",NA,NA,"Am afraid that I will do the wrong thing.",NA,"Very Accurate",6
"sapa_personality","sapa_personality_1","q_69","SAPA-Project 696-item temperament item set (IPIP-based scales and the EPQ-R)",NA,NA,"Am afraid to draw attention to myself.",NA,"Very Inaccurate",1
"sapa_personality","sapa_personality_1","q_69","SAPA-Project 696-item temperament item set (IPIP-based scales and the EPQ-R)",NA,NA,"Am afraid to draw attention to myself.",NA,"Moderately Inaccurate",2
"sapa_personality","sapa_personality_1","q_69","SAPA-Project 696-item temperament item set (IPIP-based scales and the EPQ-R)",NA,NA,"Am afraid to draw attention to myself.",NA,"Slightly Inaccurate",3
"sapa_personality","sapa_personality_1","q_69","SAPA-Project 696-item temperament item set (IPIP-based scales and the EPQ-R)",NA,NA,"Am afraid to draw attention to myself.",NA,"Slightly Accurate",4
"sapa_personality","sapa_personality_1","q_69","SAPA-Project 696-item temperament item set (IPIP-based scales and the EPQ-R)",NA,NA,"Am afraid to draw attention to myself.",NA,"Moderately Accurate",5
"sapa_personality","sapa_personality_1","q_69","SAPA-Project 696-item temperament item set (IPIP-based scales and the EPQ-R)",NA,NA,"Am afraid to draw attention to myself.",NA,"Very Accurate",6
"sapa_personality","sapa_personality_1","q_71","SAPA-Project 696-item temperament item set (IPIP-based scales and the EPQ-R)",NA,NA,"Am always busy.",NA,"Very Inaccurate",1
"sapa_personality","sapa_personality_1","q_71","SAPA-Project 696-item temperament item set (IPIP-based scales and the EPQ-R)",NA,NA,"Am always busy.",NA,"Moderately Inaccurate",2
"sapa_personality","sapa_personality_1","q_71","SAPA-Project 696-item temperament item set (IPIP-based scales and the EPQ-R)",NA,NA,"Am always busy.",NA,"Slightly Inaccurate",3
"sapa_personality","sapa_personality_1","q_71","SAPA-Project 696-item temperament item set (IPIP-based scales and the EPQ-R)",NA,NA,"Am always busy.",NA,"Slightly Accurate",4
"sapa_personality","sapa_personality_1","q_71","SAPA-Project 696-item temperament item set (IPIP-based scales and the EPQ-R)",NA,NA,"Am always busy.",NA,"Moderately Accurate",5
"sapa_personality","sapa_personality_1","q_71","SAPA-Project 696-item temperament item set (IPIP-based scales and the EPQ-R)",NA,NA,"Am always busy.",NA,"Very Accurate",6
"sapa_personality","sapa_personality_1","q_74","SAPA-Project 696-item temperament item set (IPIP-based scales and the EPQ-R)",NA,NA,"Am always on the go.",NA,"Very Inaccurate",1
"sapa_personality","sapa_personality_1","q_74","SAPA-Project 696-item temperament item set (IPIP-based scales and the EPQ-R)",NA,NA,"Am always on the go.",NA,"Moderately Inaccurate",2
"sapa_personality","sapa_personality_1","q_74","SAPA-Project 696-item temperament item set (IPIP-based scales and the EPQ-R)",NA,NA,"Am always on the go.",NA,"Slightly Inaccurate",3
"sapa_personality","sapa_personality_1","q_74","SAPA-Project 696-item temperament item set (IPIP-based scales and the EPQ-R)",NA,NA,"Am always on the go.",NA,"Slightly Accurate",4
"sapa_personality","sapa_personality_1","q_74","SAPA-Project 696-item temperament item set (IPIP-based scales and the EPQ-R)",NA,NA,"Am always on the go.",NA,"Moderately Accurate",5
"sapa_personality","sapa_personality_1","q_74","SAPA-Project 696-item temperament item set (IPIP-based scales and the EPQ-R)",NA,NA,"Am always on the go.",NA,"Very Accurate",6
"sapa_personality","sapa_personality_1","q_76","SAPA-Project 696-item temperament item set (IPIP-based scales and the EPQ-R)",NA,NA,"Am always prepared.",NA,"Very Inaccurate",1
"sapa_personality","sapa_personality_1","q_76","SAPA-Project 696-item temperament item set (IPIP-based scales and the EPQ-R)",NA,NA,"Am always prepared.",NA,"Moderately Inaccurate",2
"sapa_personality","sapa_personality_1","q_76","SAPA-Project 696-item temperament item set (IPIP-based scales and the EPQ-R)",NA,NA,"Am always prepared.",NA,"Slightly Inaccurate",3
"sapa_personality","sapa_personality_1","q_76","SAPA-Project 696-item temperament item set (IPIP-based scales and the EPQ-R)",NA,NA,"Am always prepared.",NA,"Slightly Accurate",4
"sapa_personality","sapa_personality_1","q_76","SAPA-Project 696-item temperament item set (IPIP-based scales and the EPQ-R)",NA,NA,"Am always prepared.",NA,"Moderately Accurate",5
"sapa_personality","sapa_personality_1","q_76","SAPA-Project 696-item temperament item set (IPIP-based scales and the EPQ-R)",NA,NA,"Am always prepared.",NA,"Very Accurate",6
"sapa_personality","sapa_personality_1","q_77","SAPA-Project 696-item temperament item set (IPIP-based scales and the EPQ-R)",NA,NA,"Am always ready to start afresh.",NA,"Very Inaccurate",1
"sapa_personality","sapa_personality_1","q_77","SAPA-Project 696-item temperament item set (IPIP-based scales and the EPQ-R)",NA,NA,"Am always ready to start afresh.",NA,"Moderately Inaccurate",2
"sapa_personality","sapa_personality_1","q_77","SAPA-Project 696-item temperament item set (IPIP-based scales and the EPQ-R)",NA,NA,"Am always ready to start afresh.",NA,"Slightly Inaccurate",3
"sapa_personality","sapa_personality_1","q_77","SAPA-Project 696-item temperament item set (IPIP-based scales and the EPQ-R)",NA,NA,"Am always ready to start afresh.",NA,"Slightly Accurate",4
"sapa_personality","sapa_personality_1","q_77","SAPA-Project 696-item temperament item set (IPIP-based scales and the EPQ-R)",NA,NA,"Am always ready to start afresh.",NA,"Moderately Accurate",5
"sapa_personality","sapa_personality_1","q_77","SAPA-Project 696-item temperament item set (IPIP-based scales and the EPQ-R)",NA,NA,"Am always ready to start afresh.",NA,"Very Accurate",6
"sapa_personality","sapa_personality_1","q_79","SAPA-Project 696-item temperament item set (IPIP-based scales and the EPQ-R)",NA,NA,"Am an extraordinary person.",NA,"Very Inaccurate",1
"sapa_personality","sapa_personality_1","q_79","SAPA-Project 696-item temperament item set (IPIP-based scales and the EPQ-R)",NA,NA,"Am an extraordinary person.",NA,"Moderately Inaccurate",2
"sapa_personality","sapa_personality_1","q_79","SAPA-Project 696-item temperament item set (IPIP-based scales and the EPQ-R)",NA,NA,"Am an extraordinary person.",NA,"Slightly Inaccurate",3
"sapa_personality","sapa_personality_1","q_79","SAPA-Project 696-item temperament item set (IPIP-based scales and the EPQ-R)",NA,NA,"Am an extraordinary person.",NA,"Slightly Accurate",4
"sapa_personality","sapa_personality_1","q_79","SAPA-Project 696-item temperament item set (IPIP-based scales and the EPQ-R)",NA,NA,"Am an extraordinary person.",NA,"Moderately Accurate",5
"sapa_personality","sapa_personality_1","q_79","SAPA-Project 696-item temperament item set (IPIP-based scales and the EPQ-R)",NA,NA,"Am an extraordinary person.",NA,"Very Accurate",6
"sapa_personality","sapa_personality_1","q_80","SAPA-Project 696-item temperament item set (IPIP-based scales and the EPQ-R)",NA,NA,"Am annoyed by others' mistakes.",NA,"Very Inaccurate",1
"sapa_personality","sapa_personality_1","q_80","SAPA-Project 696-item temperament item set (IPIP-based scales and the EPQ-R)",NA,NA,"Am annoyed by others' mistakes.",NA,"Moderately Inaccurate",2
"sapa_personality","sapa_personality_1","q_80","SAPA-Project 696-item temperament item set (IPIP-based scales and the EPQ-R)",NA,NA,"Am annoyed by others' mistakes.",NA,"Slightly Inaccurate",3
"sapa_personality","sapa_personality_1","q_80","SAPA-Project 696-item temperament item set (IPIP-based scales and the EPQ-R)",NA,NA,"Am annoyed by others' mistakes.",NA,"Slightly Accurate",4
"sapa_personality","sapa_personality_1","q_80","SAPA-Project 696-item temperament item set (IPIP-based scales and the EPQ-R)",NA,NA,"Am annoyed by others' mistakes.",NA,"Moderately Accurate",5
"sapa_personality","sapa_personality_1","q_80","SAPA-Project 696-item temperament item set (IPIP-based scales and the EPQ-R)",NA,NA,"Am annoyed by others' mistakes.",NA,"Very Accurate",6
"sapa_personality","sapa_personality_1","q_82","SAPA-Project 696-item temperament item set (IPIP-based scales and the EPQ-R)",NA,NA,"Am attached to conventional ways.",NA,"Very Inaccurate",1
"sapa_personality","sapa_personality_1","q_82","SAPA-Project 696-item temperament item set (IPIP-based scales and the EPQ-R)",NA,NA,"Am attached to conventional ways.",NA,"Moderately Inaccurate",2
"sapa_personality","sapa_personality_1","q_82","SAPA-Project 696-item temperament item set (IPIP-based scales and the EPQ-R)",NA,NA,"Am attached to conventional ways.",NA,"Slightly Inaccurate",3
"sapa_personality","sapa_personality_1","q_82","SAPA-Project 696-item temperament item set (IPIP-based scales and the EPQ-R)",NA,NA,"Am attached to conventional ways.",NA,"Slightly Accurate",4
"sapa_personality","sapa_personality_1","q_82","SAPA-Project 696-item temperament item set (IPIP-based scales and the EPQ-R)",NA,NA,"Am attached to conventional ways.",NA,"Moderately Accurate",5
"sapa_personality","sapa_personality_1","q_82","SAPA-Project 696-item temperament item set (IPIP-based scales and the EPQ-R)",NA,NA,"Am attached to conventional ways.",NA,"Very Accurate",6
"sapa_personality","sapa_personality_1","q_85","SAPA-Project 696-item temperament item set (IPIP-based scales and the EPQ-R)",NA,NA,"Am calm even in tense situations.",NA,"Very Inaccurate",1
"sapa_personality","sapa_personality_1","q_85","SAPA-Project 696-item temperament item set (IPIP-based scales and the EPQ-R)",NA,NA,"Am calm even in tense situations.",NA,"Moderately Inaccurate",2
"sapa_personality","sapa_personality_1","q_85","SAPA-Project 696-item temperament item set (IPIP-based scales and the EPQ-R)",NA,NA,"Am calm even in tense situations.",NA,"Slightly Inaccurate",3
"sapa_personality","sapa_personality_1","q_85","SAPA-Project 696-item temperament item set (IPIP-based scales and the EPQ-R)",NA,NA,"Am calm even in tense situations.",NA,"Slightly Accurate",4
"sapa_personality","sapa_personality_1","q_85","SAPA-Project 696-item temperament item set (IPIP-based scales and the EPQ-R)",NA,NA,"Am calm even in tense situations.",NA,"Moderately Accurate",5
"sapa_personality","sapa_personality_1","q_85","SAPA-Project 696-item temperament item set (IPIP-based scales and the EPQ-R)",NA,NA,"Am calm even in tense situations.",NA,"Very Accurate",6
"sapa_personality","sapa_personality_1","q_89","SAPA-Project 696-item temperament item set (IPIP-based scales and the EPQ-R)",NA,NA,"Am comfortable in unfamiliar situations.",NA,"Very Inaccurate",1
"sapa_personality","sapa_personality_1","q_89","SAPA-Project 696-item temperament item set (IPIP-based scales and the EPQ-R)",NA,NA,"Am comfortable in unfamiliar situations.",NA,"Moderately Inaccurate",2
"sapa_personality","sapa_personality_1","q_89","SAPA-Project 696-item temperament item set (IPIP-based scales and the EPQ-R)",NA,NA,"Am comfortable in unfamiliar situations.",NA,"Slightly Inaccurate",3
"sapa_personality","sapa_personality_1","q_89","SAPA-Project 696-item temperament item set (IPIP-based scales and the EPQ-R)",NA,NA,"Am comfortable in unfamiliar situations.",NA,"Slightly Accurate",4
"sapa_personality","sapa_personality_1","q_89","SAPA-Project 696-item temperament item set (IPIP-based scales and the EPQ-R)",NA,NA,"Am comfortable in unfamiliar situations.",NA,"Moderately Accurate",5
"sapa_personality","sapa_personality_1","q_89","SAPA-Project 696-item temperament item set (IPIP-based scales and the EPQ-R)",NA,NA,"Am comfortable in unfamiliar situations.",NA,"Very Accurate",6
"sapa_personality","sapa_personality_1","q_90","SAPA-Project 696-item temperament item set (IPIP-based scales and the EPQ-R)",NA,NA,"Am concerned about others.",NA,"Very Inaccurate",1
"sapa_personality","sapa_personality_1","q_90","SAPA-Project 696-item temperament item set (IPIP-based scales and the EPQ-R)",NA,NA,"Am concerned about others.",NA,"Moderately Inaccurate",2
"sapa_personality","sapa_personality_1","q_90","SAPA-Project 696-item temperament item set (IPIP-based scales and the EPQ-R)",NA,NA,"Am concerned about others.",NA,"Slightly Inaccurate",3
"sapa_personality","sapa_personality_1","q_90","SAPA-Project 696-item temperament item set (IPIP-based scales and the EPQ-R)",NA,NA,"Am concerned about others.",NA,"Slightly Accurate",4
"sapa_personality","sapa_personality_1","q_90","SAPA-Project 696-item temperament item set (IPIP-based scales and the EPQ-R)",NA,NA,"Am concerned about others.",NA,"Moderately Accurate",5
"sapa_personality","sapa_personality_1","q_90","SAPA-Project 696-item temperament item set (IPIP-based scales and the EPQ-R)",NA,NA,"Am concerned about others.",NA,"Very Accurate",6
"sapa_personality","sapa_personality_1","q_94","SAPA-Project 696-item temperament item set (IPIP-based scales and the EPQ-R)",NA,NA,"Am considered to be kind of eccentric.",NA,"Very Inaccurate",1
"sapa_personality","sapa_personality_1","q_94","SAPA-Project 696-item temperament item set (IPIP-based scales and the EPQ-R)",NA,NA,"Am considered to be kind of eccentric.",NA,"Moderately Inaccurate",2
"sapa_personality","sapa_personality_1","q_94","SAPA-Project 696-item temperament item set (IPIP-based scales and the EPQ-R)",NA,NA,"Am considered to be kind of eccentric.",NA,"Slightly Inaccurate",3
"sapa_personality","sapa_personality_1","q_94","SAPA-Project 696-item temperament item set (IPIP-based scales and the EPQ-R)",NA,NA,"Am considered to be kind of eccentric.",NA,"Slightly Accurate",4
"sapa_personality","sapa_personality_1","q_94","SAPA-Project 696-item temperament item set (IPIP-based scales and the EPQ-R)",NA,NA,"Am considered to be kind of eccentric.",NA,"Moderately Accurate",5
"sapa_personality","sapa_personality_1","q_94","SAPA-Project 696-item temperament item set (IPIP-based scales and the EPQ-R)",NA,NA,"Am considered to be kind of eccentric.",NA,"Very Accurate",6
"sapa_personality","sapa_personality_1","q_98","SAPA-Project 696-item temperament item set (IPIP-based scales and the EPQ-R)",NA,NA,"Am deeply moved by others' misfortunes.",NA,"Very Inaccurate",1
"sapa_personality","sapa_personality_1","q_98","SAPA-Project 696-item temperament item set (IPIP-based scales and the EPQ-R)",NA,NA,"Am deeply moved by others' misfortunes.",NA,"Moderately Inaccurate",2
"sapa_personality","sapa_personality_1","q_98","SAPA-Project 696-item temperament item set (IPIP-based scales and the EPQ-R)",NA,NA,"Am deeply moved by others' misfortunes.",NA,"Slightly Inaccurate",3
"sapa_personality","sapa_personality_1","q_98","SAPA-Project 696-item temperament item set (IPIP-based scales and the EPQ-R)",NA,NA,"Am deeply moved by others' misfortunes.",NA,"Slightly Accurate",4
"sapa_personality","sapa_personality_1","q_98","SAPA-Project 696-item temperament item set (IPIP-based scales and the EPQ-R)",NA,NA,"Am deeply moved by others' misfortunes.",NA,"Moderately Accurate",5
"sapa_personality","sapa_personality_1","q_98","SAPA-Project 696-item temperament item set (IPIP-based scales and the EPQ-R)",NA,NA,"Am deeply moved by others' misfortunes.",NA,"Very Accurate",6
"sapa_personality","sapa_personality_1","q_101","SAPA-Project 696-item temperament item set (IPIP-based scales and the EPQ-R)",NA,NA,"Am easily annoyed.",NA,"Very Inaccurate",1
"sapa_personality","sapa_personality_1","q_101","SAPA-Project 696-item temperament item set (IPIP-based scales and the EPQ-R)",NA,NA,"Am easily annoyed.",NA,"Moderately Inaccurate",2
"sapa_personality","sapa_personality_1","q_101","SAPA-Project 696-item temperament item set (IPIP-based scales and the EPQ-R)",NA,NA,"Am easily annoyed.",NA,"Slightly Inaccurate",3
"sapa_personality","sapa_personality_1","q_101","SAPA-Project 696-item temperament item set (IPIP-based scales and the EPQ-R)",NA,NA,"Am easily annoyed.",NA,"Slightly Accurate",4
"sapa_personality","sapa_personality_1","q_101","SAPA-Project 696-item temperament item set (IPIP-based scales and the EPQ-R)",NA,NA,"Am easily annoyed.",NA,"Moderately Accurate",5
"sapa_personality","sapa_personality_1","q_101","SAPA-Project 696-item temperament item set (IPIP-based scales and the EPQ-R)",NA,NA,"Am easily annoyed.",NA,"Very Accurate",6
"sapa_personality","sapa_personality_1","q_105","SAPA-Project 696-item temperament item set (IPIP-based scales and the EPQ-R)",NA,NA,"Am easily discouraged.",NA,"Very Inaccurate",1
"sapa_personality","sapa_personality_1","q_105","SAPA-Project 696-item temperament item set (IPIP-based scales and the EPQ-R)",NA,NA,"Am easily discouraged.",NA,"Moderately Inaccurate",2
"sapa_personality","sapa_personality_1","q_105","SAPA-Project 696-item temperament item set (IPIP-based scales and the EPQ-R)",NA,NA,"Am easily discouraged.",NA,"Slightly Inaccurate",3
"sapa_personality","sapa_personality_1","q_105","SAPA-Project 696-item temperament item set (IPIP-based scales and the EPQ-R)",NA,NA,"Am easily discouraged.",NA,"Slightly Accurate",4
"sapa_personality","sapa_personality_1","q_105","SAPA-Project 696-item temperament item set (IPIP-based scales and the EPQ-R)",NA,NA,"Am easily discouraged.",NA,"Moderately Accurate",5
"sapa_personality","sapa_personality_1","q_105","SAPA-Project 696-item temperament item set (IPIP-based scales and the EPQ-R)",NA,NA,"Am easily discouraged.",NA,"Very Accurate",6
"sapa_personality","sapa_personality_1","q_107","SAPA-Project 696-item temperament item set (IPIP-based scales and the EPQ-R)",NA,NA,"Am easily distracted.",NA,"Very Inaccurate",1
"sapa_personality","sapa_personality_1","q_107","SAPA-Project 696-item temperament item set (IPIP-based scales and the EPQ-R)",NA,NA,"Am easily distracted.",NA,"Moderately Inaccurate",2
"sapa_personality","sapa_personality_1","q_107","SAPA-Project 696-item temperament item set (IPIP-based scales and the EPQ-R)",NA,NA,"Am easily distracted.",NA,"Slightly Inaccurate",3
"sapa_personality","sapa_personality_1","q_107","SAPA-Project 696-item temperament item set (IPIP-based scales and the EPQ-R)",NA,NA,"Am easily distracted.",NA,"Slightly Accurate",4
"sapa_personality","sapa_personality_1","q_107","SAPA-Project 696-item temperament item set (IPIP-based scales and the EPQ-R)",NA,NA,"Am easily distracted.",NA,"Moderately Accurate",5
"sapa_personality","sapa_personality_1","q_107","SAPA-Project 696-item temperament item set (IPIP-based scales and the EPQ-R)",NA,NA,"Am easily distracted.",NA,"Very Accurate",6
"sapa_personality","sapa_personality_1","q_108","SAPA-Project 696-item temperament item set (IPIP-based scales and the EPQ-R)",NA,NA,"Am easily disturbed.",NA,"Very Inaccurate",1
"sapa_personality","sapa_personality_1","q_108","SAPA-Project 696-item temperament item set (IPIP-based scales and the EPQ-R)",NA,NA,"Am easily disturbed.",NA,"Moderately Inaccurate",2
"sapa_personality","sapa_personality_1","q_108","SAPA-Project 696-item temperament item set (IPIP-based scales and the EPQ-R)",NA,NA,"Am easily disturbed.",NA,"Slightly Inaccurate",3
"sapa_personality","sapa_personality_1","q_108","SAPA-Project 696-item temperament item set (IPIP-based scales and the EPQ-R)",NA,NA,"Am easily disturbed.",NA,"Slightly Accurate",4
"sapa_personality","sapa_personality_1","q_108","SAPA-Project 696-item temperament item set (IPIP-based scales and the EPQ-R)",NA,NA,"Am easily disturbed.",NA,"Moderately Accurate",5
"sapa_personality","sapa_personality_1","q_108","SAPA-Project 696-item temperament item set (IPIP-based scales and the EPQ-R)",NA,NA,"Am easily disturbed.",NA,"Very Accurate",6
"sapa_personality","sapa_personality_1","q_114","SAPA-Project 696-item temperament item set (IPIP-based scales and the EPQ-R)",NA,NA,"Am easily intimidated.",NA,"Very Inaccurate",1
"sapa_personality","sapa_personality_1","q_114","SAPA-Project 696-item temperament item set (IPIP-based scales and the EPQ-R)",NA,NA,"Am easily intimidated.",NA,"Moderately Inaccurate",2
"sapa_personality","sapa_personality_1","q_114","SAPA-Project 696-item temperament item set (IPIP-based scales and the EPQ-R)",NA,NA,"Am easily intimidated.",NA,"Slightly Inaccurate",3
"sapa_personality","sapa_personality_1","q_114","SAPA-Project 696-item temperament item set (IPIP-based scales and the EPQ-R)",NA,NA,"Am easily intimidated.",NA,"Slightly Accurate",4
"sapa_personality","sapa_personality_1","q_114","SAPA-Project 696-item temperament item set (IPIP-based scales and the EPQ-R)",NA,NA,"Am easily intimidated.",NA,"Moderately Accurate",5
"sapa_personality","sapa_personality_1","q_114","SAPA-Project 696-item temperament item set (IPIP-based scales and the EPQ-R)",NA,NA,"Am easily intimidated.",NA,"Very Accurate",6
"sapa_personality","sapa_personality_1","q_121","SAPA-Project 696-item temperament item set (IPIP-based scales and the EPQ-R)",NA,NA,"Am easy to satisfy.",NA,"Very Inaccurate",1
"sapa_personality","sapa_personality_1","q_121","SAPA-Project 696-item temperament item set (IPIP-based scales and the EPQ-R)",NA,NA,"Am easy to satisfy.",NA,"Moderately Inaccurate",2
"sapa_personality","sapa_personality_1","q_121","SAPA-Project 696-item temperament item set (IPIP-based scales and the EPQ-R)",NA,NA,"Am easy to satisfy.",NA,"Slightly Inaccurate",3
"sapa_personality","sapa_personality_1","q_121","SAPA-Project 696-item temperament item set (IPIP-based scales and the EPQ-R)",NA,NA,"Am easy to satisfy.",NA,"Slightly Accurate",4
"sapa_personality","sapa_personality_1","q_121","SAPA-Project 696-item temperament item set (IPIP-based scales and the EPQ-R)",NA,NA,"Am easy to satisfy.",NA,"Moderately Accurate",5
"sapa_personality","sapa_personality_1","q_121","SAPA-Project 696-item temperament item set (IPIP-based scales and the EPQ-R)",NA,NA,"Am easy to satisfy.",NA,"Very Accurate",6
"sapa_personality","sapa_personality_1","q_124","SAPA-Project 696-item temperament item set (IPIP-based scales and the EPQ-R)",NA,NA,"Am exacting in my work.",NA,"Very Inaccurate",1
"sapa_personality","sapa_personality_1","q_124","SAPA-Project 696-item temperament item set (IPIP-based scales and the EPQ-R)",NA,NA,"Am exacting in my work.",NA,"Moderately Inaccurate",2
"sapa_personality","sapa_personality_1","q_124","SAPA-Project 696-item temperament item set (IPIP-based scales and the EPQ-R)",NA,NA,"Am exacting in my work.",NA,"Slightly Inaccurate",3
"sapa_personality","sapa_personality_1","q_124","SAPA-Project 696-item temperament item set (IPIP-based scales and the EPQ-R)",NA,NA,"Am exacting in my work.",NA,"Slightly Accurate",4
"sapa_personality","sapa_personality_1","q_124","SAPA-Project 696-item temperament item set (IPIP-based scales and the EPQ-R)",NA,NA,"Am exacting in my work.",NA,"Moderately Accurate",5
"sapa_personality","sapa_personality_1","q_124","SAPA-Project 696-item temperament item set (IPIP-based scales and the EPQ-R)",NA,NA,"Am exacting in my work.",NA,"Very Accurate",6
"sapa_personality","sapa_personality_1","q_126","SAPA-Project 696-item temperament item set (IPIP-based scales and the EPQ-R)",NA,NA,"Am filled with doubts about things.",NA,"Very Inaccurate",1
"sapa_personality","sapa_personality_1","q_126","SAPA-Project 696-item temperament item set (IPIP-based scales and the EPQ-R)",NA,NA,"Am filled with doubts about things.",NA,"Moderately Inaccurate",2
"sapa_personality","sapa_personality_1","q_126","SAPA-Project 696-item temperament item set (IPIP-based scales and the EPQ-R)",NA,NA,"Am filled with doubts about things.",NA,"Slightly Inaccurate",3
"sapa_personality","sapa_personality_1","q_126","SAPA-Project 696-item temperament item set (IPIP-based scales and the EPQ-R)",NA,NA,"Am filled with doubts about things.",NA,"Slightly Accurate",4
"sapa_personality","sapa_personality_1","q_126","SAPA-Project 696-item temperament item set (IPIP-based scales and the EPQ-R)",NA,NA,"Am filled with doubts about things.",NA,"Moderately Accurate",5
"sapa_personality","sapa_personality_1","q_126","SAPA-Project 696-item temperament item set (IPIP-based scales and the EPQ-R)",NA,NA,"Am filled with doubts about things.",NA,"Very Accurate",6
"sapa_personality","sapa_personality_1","q_128","SAPA-Project 696-item temperament item set (IPIP-based scales and the EPQ-R)",NA,NA,"Am full of ideas.",NA,"Very Inaccurate",1
"sapa_personality","sapa_personality_1","q_128","SAPA-Project 696-item temperament item set (IPIP-based scales and the EPQ-R)",NA,NA,"Am full of ideas.",NA,"Moderately Inaccurate",2
"sapa_personality","sapa_personality_1","q_128","SAPA-Project 696-item temperament item set (IPIP-based scales and the EPQ-R)",NA,NA,"Am full of ideas.",NA,"Slightly Inaccurate",3
"sapa_personality","sapa_personality_1","q_128","SAPA-Project 696-item temperament item set (IPIP-based scales and the EPQ-R)",NA,NA,"Am full of ideas.",NA,"Slightly Accurate",4
"sapa_personality","sapa_personality_1","q_128","SAPA-Project 696-item temperament item set (IPIP-based scales and the EPQ-R)",NA,NA,"Am full of ideas.",NA,"Moderately Accurate",5
"sapa_personality","sapa_personality_1","q_128","SAPA-Project 696-item temperament item set (IPIP-based scales and the EPQ-R)",NA,NA,"Am full of ideas.",NA,"Very Accurate",6
"sapa_personality","sapa_personality_1","q_131","SAPA-Project 696-item temperament item set (IPIP-based scales and the EPQ-R)",NA,NA,"Am good at making impromptu speeches.",NA,"Very Inaccurate",1
"sapa_personality","sapa_personality_1","q_131","SAPA-Project 696-item temperament item set (IPIP-based scales and the EPQ-R)",NA,NA,"Am good at making impromptu speeches.",NA,"Moderately Inaccurate",2
"sapa_personality","sapa_personality_1","q_131","SAPA-Project 696-item temperament item set (IPIP-based scales and the EPQ-R)",NA,NA,"Am good at making impromptu speeches.",NA,"Slightly Inaccurate",3
"sapa_personality","sapa_personality_1","q_131","SAPA-Project 696-item temperament item set (IPIP-based scales and the EPQ-R)",NA,NA,"Am good at making impromptu speeches.",NA,"Slightly Accurate",4
"sapa_personality","sapa_personality_1","q_131","SAPA-Project 696-item temperament item set (IPIP-based scales and the EPQ-R)",NA,NA,"Am good at making impromptu speeches.",NA,"Moderately Accurate",5
"sapa_personality","sapa_personality_1","q_131","SAPA-Project 696-item temperament item set (IPIP-based scales and the EPQ-R)",NA,NA,"Am good at making impromptu speeches.",NA,"Very Accurate",6
"sapa_personality","sapa_personality_1","q_132","SAPA-Project 696-item temperament item set (IPIP-based scales and the EPQ-R)",NA,NA,"Am good at many things.",NA,"Very Inaccurate",1
"sapa_personality","sapa_personality_1","q_132","SAPA-Project 696-item temperament item set (IPIP-based scales and the EPQ-R)",NA,NA,"Am good at many things.",NA,"Moderately Inaccurate",2
"sapa_personality","sapa_personality_1","q_132","SAPA-Project 696-item temperament item set (IPIP-based scales and the EPQ-R)",NA,NA,"Am good at many things.",NA,"Slightly Inaccurate",3
"sapa_personality","sapa_personality_1","q_132","SAPA-Project 696-item temperament item set (IPIP-based scales and the EPQ-R)",NA,NA,"Am good at many things.",NA,"Slightly Accurate",4
"sapa_personality","sapa_personality_1","q_132","SAPA-Project 696-item temperament item set (IPIP-based scales and the EPQ-R)",NA,NA,"Am good at many things.",NA,"Moderately Accurate",5
"sapa_personality","sapa_personality_1","q_132","SAPA-Project 696-item temperament item set (IPIP-based scales and the EPQ-R)",NA,NA,"Am good at many things.",NA,"Very Accurate",6
"sapa_personality","sapa_personality_1","q_134","SAPA-Project 696-item temperament item set (IPIP-based scales and the EPQ-R)",NA,NA,"Am good at taking advice.",NA,"Very Inaccurate",1
"sapa_personality","sapa_personality_1","q_134","SAPA-Project 696-item temperament item set (IPIP-based scales and the EPQ-R)",NA,NA,"Am good at taking advice.",NA,"Moderately Inaccurate",2
"sapa_personality","sapa_personality_1","q_134","SAPA-Project 696-item temperament item set (IPIP-based scales and the EPQ-R)",NA,NA,"Am good at taking advice.",NA,"Slightly Inaccurate",3
"sapa_personality","sapa_personality_1","q_134","SAPA-Project 696-item temperament item set (IPIP-based scales and the EPQ-R)",NA,NA,"Am good at taking advice.",NA,"Slightly Accurate",4
"sapa_personality","sapa_personality_1","q_134","SAPA-Project 696-item temperament item set (IPIP-based scales and the EPQ-R)",NA,NA,"Am good at taking advice.",NA,"Moderately Accurate",5
"sapa_personality","sapa_personality_1","q_134","SAPA-Project 696-item temperament item set (IPIP-based scales and the EPQ-R)",NA,NA,"Am good at taking advice.",NA,"Very Accurate",6
"sapa_personality","sapa_personality_1","q_139","SAPA-Project 696-item temperament item set (IPIP-based scales and the EPQ-R)",NA,NA,"Am hard to convince.",NA,"Very Inaccurate",1
"sapa_personality","sapa_personality_1","q_139","SAPA-Project 696-item temperament item set (IPIP-based scales and the EPQ-R)",NA,NA,"Am hard to convince.",NA,"Moderately Inaccurate",2
"sapa_personality","sapa_personality_1","q_139","SAPA-Project 696-item temperament item set (IPIP-based scales and the EPQ-R)",NA,NA,"Am hard to convince.",NA,"Slightly Inaccurate",3
"sapa_personality","sapa_personality_1","q_139","SAPA-Project 696-item temperament item set (IPIP-based scales and the EPQ-R)",NA,NA,"Am hard to convince.",NA,"Slightly Accurate",4
"sapa_personality","sapa_personality_1","q_139","SAPA-Project 696-item temperament item set (IPIP-based scales and the EPQ-R)",NA,NA,"Am hard to convince.",NA,"Moderately Accurate",5
"sapa_personality","sapa_personality_1","q_139","SAPA-Project 696-item temperament item set (IPIP-based scales and the EPQ-R)",NA,NA,"Am hard to convince.",NA,"Very Accurate",6
"sapa_personality","sapa_personality_1","q_140","SAPA-Project 696-item temperament item set (IPIP-based scales and the EPQ-R)",NA,NA,"Am hard to get to know.",NA,"Very Inaccurate",1
"sapa_personality","sapa_personality_1","q_140","SAPA-Project 696-item temperament item set (IPIP-based scales and the EPQ-R)",NA,NA,"Am hard to get to know.",NA,"Moderately Inaccurate",2
"sapa_personality","sapa_personality_1","q_140","SAPA-Project 696-item temperament item set (IPIP-based scales and the EPQ-R)",NA,NA,"Am hard to get to know.",NA,"Slightly Inaccurate",3
"sapa_personality","sapa_personality_1","q_140","SAPA-Project 696-item temperament item set (IPIP-based scales and the EPQ-R)",NA,NA,"Am hard to get to know.",NA,"Slightly Accurate",4
"sapa_personality","sapa_personality_1","q_140","SAPA-Project 696-item temperament item set (IPIP-based scales and the EPQ-R)",NA,NA,"Am hard to get to know.",NA,"Moderately Accurate",5
"sapa_personality","sapa_personality_1","q_140","SAPA-Project 696-item temperament item set (IPIP-based scales and the EPQ-R)",NA,NA,"Am hard to get to know.",NA,"Very Accurate",6
"sapa_personality","sapa_personality_1","q_141","SAPA-Project 696-item temperament item set (IPIP-based scales and the EPQ-R)",NA,NA,"Am hard to reason with.",NA,"Very Inaccurate",1
"sapa_personality","sapa_personality_1","q_141","SAPA-Project 696-item temperament item set (IPIP-based scales and the EPQ-R)",NA,NA,"Am hard to reason with.",NA,"Moderately Inaccurate",2
"sapa_personality","sapa_personality_1","q_141","SAPA-Project 696-item temperament item set (IPIP-based scales and the EPQ-R)",NA,NA,"Am hard to reason with.",NA,"Slightly Inaccurate",3
"sapa_personality","sapa_personality_1","q_141","SAPA-Project 696-item temperament item set (IPIP-based scales and the EPQ-R)",NA,NA,"Am hard to reason with.",NA,"Slightly Accurate",4
"sapa_personality","sapa_personality_1","q_141","SAPA-Project 696-item temperament item set (IPIP-based scales and the EPQ-R)",NA,NA,"Am hard to reason with.",NA,"Moderately Accurate",5
"sapa_personality","sapa_personality_1","q_141","SAPA-Project 696-item temperament item set (IPIP-based scales and the EPQ-R)",NA,NA,"Am hard to reason with.",NA,"Very Accurate",6
"sapa_personality","sapa_personality_1","q_142","SAPA-Project 696-item temperament item set (IPIP-based scales and the EPQ-R)",NA,NA,"Am hard to satisfy.",NA,"Very Inaccurate",1
"sapa_personality","sapa_personality_1","q_142","SAPA-Project 696-item temperament item set (IPIP-based scales and the EPQ-R)",NA,NA,"Am hard to satisfy.",NA,"Moderately Inaccurate",2
"sapa_personality","sapa_personality_1","q_142","SAPA-Project 696-item temperament item set (IPIP-based scales and the EPQ-R)",NA,NA,"Am hard to satisfy.",NA,"Slightly Inaccurate",3
"sapa_personality","sapa_personality_1","q_142","SAPA-Project 696-item temperament item set (IPIP-based scales and the EPQ-R)",NA,NA,"Am hard to satisfy.",NA,"Slightly Accurate",4
"sapa_personality","sapa_personality_1","q_142","SAPA-Project 696-item temperament item set (IPIP-based scales and the EPQ-R)",NA,NA,"Am hard to satisfy.",NA,"Moderately Accurate",5
"sapa_personality","sapa_personality_1","q_142","SAPA-Project 696-item temperament item set (IPIP-based scales and the EPQ-R)",NA,NA,"Am hard to satisfy.",NA,"Very Accurate",6
"sapa_personality","sapa_personality_1","q_145","SAPA-Project 696-item temperament item set (IPIP-based scales and the EPQ-R)",NA,NA,"Am inclined to forgive others.",NA,"Very Inaccurate",1
"sapa_personality","sapa_personality_1","q_145","SAPA-Project 696-item temperament item set (IPIP-based scales and the EPQ-R)",NA,NA,"Am inclined to forgive others.",NA,"Moderately Inaccurate",2
"sapa_personality","sapa_personality_1","q_145","SAPA-Project 696-item temperament item set (IPIP-based scales and the EPQ-R)",NA,NA,"Am inclined to forgive others.",NA,"Slightly Inaccurate",3
"sapa_personality","sapa_personality_1","q_145","SAPA-Project 696-item temperament item set (IPIP-based scales and the EPQ-R)",NA,NA,"Am inclined to forgive others.",NA,"Slightly Accurate",4
"sapa_personality","sapa_personality_1","q_145","SAPA-Project 696-item temperament item set (IPIP-based scales and the EPQ-R)",NA,NA,"Am inclined to forgive others.",NA,"Moderately Accurate",5
"sapa_personality","sapa_personality_1","q_145","SAPA-Project 696-item temperament item set (IPIP-based scales and the EPQ-R)",NA,NA,"Am inclined to forgive others.",NA,"Very Accurate",6
"sapa_personality","sapa_personality_1","q_146","SAPA-Project 696-item temperament item set (IPIP-based scales and the EPQ-R)",NA,NA,"Am indifferent to the feelings of others.",NA,"Very Inaccurate",1
"sapa_personality","sapa_personality_1","q_146","SAPA-Project 696-item temperament item set (IPIP-based scales and the EPQ-R)",NA,NA,"Am indifferent to the feelings of others.",NA,"Moderately Inaccurate",2
"sapa_personality","sapa_personality_1","q_146","SAPA-Project 696-item temperament item set (IPIP-based scales and the EPQ-R)",NA,NA,"Am indifferent to the feelings of others.",NA,"Slightly Inaccurate",3
"sapa_personality","sapa_personality_1","q_146","SAPA-Project 696-item temperament item set (IPIP-based scales and the EPQ-R)",NA,NA,"Am indifferent to the feelings of others.",NA,"Slightly Accurate",4
"sapa_personality","sapa_personality_1","q_146","SAPA-Project 696-item temperament item set (IPIP-based scales and the EPQ-R)",NA,NA,"Am indifferent to the feelings of others.",NA,"Moderately Accurate",5
"sapa_personality","sapa_personality_1","q_146","SAPA-Project 696-item temperament item set (IPIP-based scales and the EPQ-R)",NA,NA,"Am indifferent to the feelings of others.",NA,"Very Accurate",6
"sapa_personality","sapa_personality_1","q_148","SAPA-Project 696-item temperament item set (IPIP-based scales and the EPQ-R)",NA,NA,"Interested in many things.",NA,"Very Inaccurate",1
"sapa_personality","sapa_personality_1","q_148","SAPA-Project 696-item temperament item set (IPIP-based scales and the EPQ-R)",NA,NA,"Interested in many things.",NA,"Moderately Inaccurate",2
"sapa_personality","sapa_personality_1","q_148","SAPA-Project 696-item temperament item set (IPIP-based scales and the EPQ-R)",NA,NA,"Interested in many things.",NA,"Slightly Inaccurate",3
"sapa_personality","sapa_personality_1","q_148","SAPA-Project 696-item temperament item set (IPIP-based scales and the EPQ-R)",NA,NA,"Interested in many things.",NA,"Slightly Accurate",4
"sapa_personality","sapa_personality_1","q_148","SAPA-Project 696-item temperament item set (IPIP-based scales and the EPQ-R)",NA,NA,"Interested in many things.",NA,"Moderately Accurate",5
"sapa_personality","sapa_personality_1","q_148","SAPA-Project 696-item temperament item set (IPIP-based scales and the EPQ-R)",NA,NA,"Interested in many things.",NA,"Very Accurate",6
"sapa_personality","sapa_personality_1","q_150","SAPA-Project 696-item temperament item set (IPIP-based scales and the EPQ-R)",NA,NA,"Am interested in people.",NA,"Very Inaccurate",1
"sapa_personality","sapa_personality_1","q_150","SAPA-Project 696-item temperament item set (IPIP-based scales and the EPQ-R)",NA,NA,"Am interested in people.",NA,"Moderately Inaccurate",2
"sapa_personality","sapa_personality_1","q_150","SAPA-Project 696-item temperament item set (IPIP-based scales and the EPQ-R)",NA,NA,"Am interested in people.",NA,"Slightly Inaccurate",3
"sapa_personality","sapa_personality_1","q_150","SAPA-Project 696-item temperament item set (IPIP-based scales and the EPQ-R)",NA,NA,"Am interested in people.",NA,"Slightly Accurate",4
"sapa_personality","sapa_personality_1","q_150","SAPA-Project 696-item temperament item set (IPIP-based scales and the EPQ-R)",NA,NA,"Am interested in people.",NA,"Moderately Accurate",5
"sapa_personality","sapa_personality_1","q_150","SAPA-Project 696-item temperament item set (IPIP-based scales and the EPQ-R)",NA,NA,"Am interested in people.",NA,"Very Accurate",6
"sapa_personality","sapa_personality_1","q_151","SAPA-Project 696-item temperament item set (IPIP-based scales and the EPQ-R)",NA,NA,"Am interested in science.",NA,"Very Inaccurate",1
"sapa_personality","sapa_personality_1","q_151","SAPA-Project 696-item temperament item set (IPIP-based scales and the EPQ-R)",NA,NA,"Am interested in science.",NA,"Moderately Inaccurate",2
"sapa_personality","sapa_personality_1","q_151","SAPA-Project 696-item temperament item set (IPIP-based scales and the EPQ-R)",NA,NA,"Am interested in science.",NA,"Slightly Inaccurate",3
"sapa_personality","sapa_personality_1","q_151","SAPA-Project 696-item temperament item set (IPIP-based scales and the EPQ-R)",NA,NA,"Am interested in science.",NA,"Slightly Accurate",4
"sapa_personality","sapa_personality_1","q_151","SAPA-Project 696-item temperament item set (IPIP-based scales and the EPQ-R)",NA,NA,"Am interested in science.",NA,"Moderately Accurate",5
"sapa_personality","sapa_personality_1","q_151","SAPA-Project 696-item temperament item set (IPIP-based scales and the EPQ-R)",NA,NA,"Am interested in science.",NA,"Very Accurate",6
"sapa_personality","sapa_personality_1","q_152","SAPA-Project 696-item temperament item set (IPIP-based scales and the EPQ-R)",NA,NA,"Am just an ordinary person.",NA,"Very Inaccurate",1
"sapa_personality","sapa_personality_1","q_152","SAPA-Project 696-item temperament item set (IPIP-based scales and the EPQ-R)",NA,NA,"Am just an ordinary person.",NA,"Moderately Inaccurate",2
"sapa_personality","sapa_personality_1","q_152","SAPA-Project 696-item temperament item set (IPIP-based scales and the EPQ-R)",NA,NA,"Am just an ordinary person.",NA,"Slightly Inaccurate",3
"sapa_personality","sapa_personality_1","q_152","SAPA-Project 696-item temperament item set (IPIP-based scales and the EPQ-R)",NA,NA,"Am just an ordinary person.",NA,"Slightly Accurate",4
"sapa_personality","sapa_personality_1","q_152","SAPA-Project 696-item temperament item set (IPIP-based scales and the EPQ-R)",NA,NA,"Am just an ordinary person.",NA,"Moderately Accurate",5
"sapa_personality","sapa_personality_1","q_152","SAPA-Project 696-item temperament item set (IPIP-based scales and the EPQ-R)",NA,NA,"Am just an ordinary person.",NA,"Very Accurate",6
"sapa_personality","sapa_personality_1","q_154","SAPA-Project 696-item temperament item set (IPIP-based scales and the EPQ-R)",NA,NA,"Am likely to show off if I get the chance.",NA,"Very Inaccurate",1
"sapa_personality","sapa_personality_1","q_154","SAPA-Project 696-item temperament item set (IPIP-based scales and the EPQ-R)",NA,NA,"Am likely to show off if I get the chance.",NA,"Moderately Inaccurate",2
"sapa_personality","sapa_personality_1","q_154","SAPA-Project 696-item temperament item set (IPIP-based scales and the EPQ-R)",NA,NA,"Am likely to show off if I get the chance.",NA,"Slightly Inaccurate",3
"sapa_personality","sapa_personality_1","q_154","SAPA-Project 696-item temperament item set (IPIP-based scales and the EPQ-R)",NA,NA,"Am likely to show off if I get the chance.",NA,"Slightly Accurate",4
"sapa_personality","sapa_personality_1","q_154","SAPA-Project 696-item temperament item set (IPIP-based scales and the EPQ-R)",NA,NA,"Am likely to show off if I get the chance.",NA,"Moderately Accurate",5
"sapa_personality","sapa_personality_1","q_154","SAPA-Project 696-item temperament item set (IPIP-based scales and the EPQ-R)",NA,NA,"Am likely to show off if I get the chance.",NA,"Very Accurate",6
"sapa_personality","sapa_personality_1","q_156","SAPA-Project 696-item temperament item set (IPIP-based scales and the EPQ-R)",NA,NA,"Am mainly interested in money.",NA,"Very Inaccurate",1
"sapa_personality","sapa_personality_1","q_156","SAPA-Project 696-item temperament item set (IPIP-based scales and the EPQ-R)",NA,NA,"Am mainly interested in money.",NA,"Moderately Inaccurate",2
"sapa_personality","sapa_personality_1","q_156","SAPA-Project 696-item temperament item set (IPIP-based scales and the EPQ-R)",NA,NA,"Am mainly interested in money.",NA,"Slightly Inaccurate",3
"sapa_personality","sapa_personality_1","q_156","SAPA-Project 696-item temperament item set (IPIP-based scales and the EPQ-R)",NA,NA,"Am mainly interested in money.",NA,"Slightly Accurate",4
"sapa_personality","sapa_personality_1","q_156","SAPA-Project 696-item temperament item set (IPIP-based scales and the EPQ-R)",NA,NA,"Am mainly interested in money.",NA,"Moderately Accurate",5
"sapa_personality","sapa_personality_1","q_156","SAPA-Project 696-item temperament item set (IPIP-based scales and the EPQ-R)",NA,NA,"Am mainly interested in money.",NA,"Very Accurate",6
"sapa_personality","sapa_personality_1","q_157","SAPA-Project 696-item temperament item set (IPIP-based scales and the EPQ-R)",NA,NA,"Am more capable than most others.",NA,"Very Inaccurate",1
"sapa_personality","sapa_personality_1","q_157","SAPA-Project 696-item temperament item set (IPIP-based scales and the EPQ-R)",NA,NA,"Am more capable than most others.",NA,"Moderately Inaccurate",2
"sapa_personality","sapa_personality_1","q_157","SAPA-Project 696-item temperament item set (IPIP-based scales and the EPQ-R)",NA,NA,"Am more capable than most others.",NA,"Slightly Inaccurate",3
"sapa_personality","sapa_personality_1","q_157","SAPA-Project 696-item temperament item set (IPIP-based scales and the EPQ-R)",NA,NA,"Am more capable than most others.",NA,"Slightly Accurate",4
"sapa_personality","sapa_personality_1","q_157","SAPA-Project 696-item temperament item set (IPIP-based scales and the EPQ-R)",NA,NA,"Am more capable than most others.",NA,"Moderately Accurate",5
"sapa_personality","sapa_personality_1","q_157","SAPA-Project 696-item temperament item set (IPIP-based scales and the EPQ-R)",NA,NA,"Am more capable than most others.",NA,"Very Accurate",6
"sapa_personality","sapa_personality_1","q_158","SAPA-Project 696-item temperament item set (IPIP-based scales and the EPQ-R)",NA,NA,"Am never at a loss for words.",NA,"Very Inaccurate",1
"sapa_personality","sapa_personality_1","q_158","SAPA-Project 696-item temperament item set (IPIP-based scales and the EPQ-R)",NA,NA,"Am never at a loss for words.",NA,"Moderately Inaccurate",2
"sapa_personality","sapa_personality_1","q_158","SAPA-Project 696-item temperament item set (IPIP-based scales and the EPQ-R)",NA,NA,"Am never at a loss for words.",NA,"Slightly Inaccurate",3
"sapa_personality","sapa_personality_1","q_158","SAPA-Project 696-item temperament item set (IPIP-based scales and the EPQ-R)",NA,NA,"Am never at a loss for words.",NA,"Slightly Accurate",4
"sapa_personality","sapa_personality_1","q_158","SAPA-Project 696-item temperament item set (IPIP-based scales and the EPQ-R)",NA,NA,"Am never at a loss for words.",NA,"Moderately Accurate",5
"sapa_personality","sapa_personality_1","q_158","SAPA-Project 696-item temperament item set (IPIP-based scales and the EPQ-R)",NA,NA,"Am never at a loss for words.",NA,"Very Accurate",6
"sapa_personality","sapa_personality_1","q_159","SAPA-Project 696-item temperament item set (IPIP-based scales and the EPQ-R)",NA,NA,"Am nice to people I should be angry at.",NA,"Very Inaccurate",1
"sapa_personality","sapa_personality_1","q_159","SAPA-Project 696-item temperament item set (IPIP-based scales and the EPQ-R)",NA,NA,"Am nice to people I should be angry at.",NA,"Moderately Inaccurate",2
"sapa_personality","sapa_personality_1","q_159","SAPA-Project 696-item temperament item set (IPIP-based scales and the EPQ-R)",NA,NA,"Am nice to people I should be angry at.",NA,"Slightly Inaccurate",3
"sapa_personality","sapa_personality_1","q_159","SAPA-Project 696-item temperament item set (IPIP-based scales and the EPQ-R)",NA,NA,"Am nice to people I should be angry at.",NA,"Slightly Accurate",4
"sapa_personality","sapa_personality_1","q_159","SAPA-Project 696-item temperament item set (IPIP-based scales and the EPQ-R)",NA,NA,"Am nice to people I should be angry at.",NA,"Moderately Accurate",5
"sapa_personality","sapa_personality_1","q_159","SAPA-Project 696-item temperament item set (IPIP-based scales and the EPQ-R)",NA,NA,"Am nice to people I should be angry at.",NA,"Very Accurate",6
"sapa_personality","sapa_personality_1","q_163","SAPA-Project 696-item temperament item set (IPIP-based scales and the EPQ-R)",NA,NA,"Am not always honest with myself.",NA,"Very Inaccurate",1
"sapa_personality","sapa_personality_1","q_163","SAPA-Project 696-item temperament item set (IPIP-based scales and the EPQ-R)",NA,NA,"Am not always honest with myself.",NA,"Moderately Inaccurate",2
"sapa_personality","sapa_personality_1","q_163","SAPA-Project 696-item temperament item set (IPIP-based scales and the EPQ-R)",NA,NA,"Am not always honest with myself.",NA,"Slightly Inaccurate",3
"sapa_personality","sapa_personality_1","q_163","SAPA-Project 696-item temperament item set (IPIP-based scales and the EPQ-R)",NA,NA,"Am not always honest with myself.",NA,"Slightly Accurate",4
"sapa_personality","sapa_personality_1","q_163","SAPA-Project 696-item temperament item set (IPIP-based scales and the EPQ-R)",NA,NA,"Am not always honest with myself.",NA,"Moderately Accurate",5
"sapa_personality","sapa_personality_1","q_163","SAPA-Project 696-item temperament item set (IPIP-based scales and the EPQ-R)",NA,NA,"Am not always honest with myself.",NA,"Very Accurate",6
"sapa_personality","sapa_personality_1","q_164","SAPA-Project 696-item temperament item set (IPIP-based scales and the EPQ-R)",NA,NA,"Am not always what I appear to be.",NA,"Very Inaccurate",1
"sapa_personality","sapa_personality_1","q_164","SAPA-Project 696-item temperament item set (IPIP-based scales and the EPQ-R)",NA,NA,"Am not always what I appear to be.",NA,"Moderately Inaccurate",2
"sapa_personality","sapa_personality_1","q_164","SAPA-Project 696-item temperament item set (IPIP-based scales and the EPQ-R)",NA,NA,"Am not always what I appear to be.",NA,"Slightly Inaccurate",3
"sapa_personality","sapa_personality_1","q_164","SAPA-Project 696-item temperament item set (IPIP-based scales and the EPQ-R)",NA,NA,"Am not always what I appear to be.",NA,"Slightly Accurate",4
"sapa_personality","sapa_personality_1","q_164","SAPA-Project 696-item temperament item set (IPIP-based scales and the EPQ-R)",NA,NA,"Am not always what I appear to be.",NA,"Moderately Accurate",5
"sapa_personality","sapa_personality_1","q_164","SAPA-Project 696-item temperament item set (IPIP-based scales and the EPQ-R)",NA,NA,"Am not always what I appear to be.",NA,"Very Accurate",6
"sapa_personality","sapa_personality_1","q_168","SAPA-Project 696-item temperament item set (IPIP-based scales and the EPQ-R)",NA,NA,"Am not bothered by difficult social situations.",NA,"Very Inaccurate",1
"sapa_personality","sapa_personality_1","q_168","SAPA-Project 696-item temperament item set (IPIP-based scales and the EPQ-R)",NA,NA,"Am not bothered by difficult social situations.",NA,"Moderately Inaccurate",2
"sapa_personality","sapa_personality_1","q_168","SAPA-Project 696-item temperament item set (IPIP-based scales and the EPQ-R)",NA,NA,"Am not bothered by difficult social situations.",NA,"Slightly Inaccurate",3
"sapa_personality","sapa_personality_1","q_168","SAPA-Project 696-item temperament item set (IPIP-based scales and the EPQ-R)",NA,NA,"Am not bothered by difficult social situations.",NA,"Slightly Accurate",4
"sapa_personality","sapa_personality_1","q_168","SAPA-Project 696-item temperament item set (IPIP-based scales and the EPQ-R)",NA,NA,"Am not bothered by difficult social situations.",NA,"Moderately Accurate",5
"sapa_personality","sapa_personality_1","q_168","SAPA-Project 696-item temperament item set (IPIP-based scales and the EPQ-R)",NA,NA,"Am not bothered by difficult social situations.",NA,"Very Accurate",6
"sapa_personality","sapa_personality_1","q_169","SAPA-Project 696-item temperament item set (IPIP-based scales and the EPQ-R)",NA,NA,"Am not bothered by disorder.",NA,"Very Inaccurate",1
"sapa_personality","sapa_personality_1","q_169","SAPA-Project 696-item temperament item set (IPIP-based scales and the EPQ-R)",NA,NA,"Am not bothered by disorder.",NA,"Moderately Inaccurate",2
"sapa_personality","sapa_personality_1","q_169","SAPA-Project 696-item temperament item set (IPIP-based scales and the EPQ-R)",NA,NA,"Am not bothered by disorder.",NA,"Slightly Inaccurate",3
"sapa_personality","sapa_personality_1","q_169","SAPA-Project 696-item temperament item set (IPIP-based scales and the EPQ-R)",NA,NA,"Am not bothered by disorder.",NA,"Slightly Accurate",4
"sapa_personality","sapa_personality_1","q_169","SAPA-Project 696-item temperament item set (IPIP-based scales and the EPQ-R)",NA,NA,"Am not bothered by disorder.",NA,"Moderately Accurate",5
"sapa_personality","sapa_personality_1","q_169","SAPA-Project 696-item temperament item set (IPIP-based scales and the EPQ-R)",NA,NA,"Am not bothered by disorder.",NA,"Very Accurate",6
"sapa_personality","sapa_personality_1","q_170","SAPA-Project 696-item temperament item set (IPIP-based scales and the EPQ-R)",NA,NA,"Am not bothered by messy people.",NA,"Very Inaccurate",1
"sapa_personality","sapa_personality_1","q_170","SAPA-Project 696-item temperament item set (IPIP-based scales and the EPQ-R)",NA,NA,"Am not bothered by messy people.",NA,"Moderately Inaccurate",2
"sapa_personality","sapa_personality_1","q_170","SAPA-Project 696-item temperament item set (IPIP-based scales and the EPQ-R)",NA,NA,"Am not bothered by messy people.",NA,"Slightly Inaccurate",3
"sapa_personality","sapa_personality_1","q_170","SAPA-Project 696-item temperament item set (IPIP-based scales and the EPQ-R)",NA,NA,"Am not bothered by messy people.",NA,"Slightly Accurate",4
"sapa_personality","sapa_personality_1","q_170","SAPA-Project 696-item temperament item set (IPIP-based scales and the EPQ-R)",NA,NA,"Am not bothered by messy people.",NA,"Moderately Accurate",5
"sapa_personality","sapa_personality_1","q_170","SAPA-Project 696-item temperament item set (IPIP-based scales and the EPQ-R)",NA,NA,"Am not bothered by messy people.",NA,"Very Accurate",6
"sapa_personality","sapa_personality_1","q_174","SAPA-Project 696-item temperament item set (IPIP-based scales and the EPQ-R)",NA,NA,"Am not easily affected by my emotions.",NA,"Very Inaccurate",1
"sapa_personality","sapa_personality_1","q_174","SAPA-Project 696-item temperament item set (IPIP-based scales and the EPQ-R)",NA,NA,"Am not easily affected by my emotions.",NA,"Moderately Inaccurate",2
"sapa_personality","sapa_personality_1","q_174","SAPA-Project 696-item temperament item set (IPIP-based scales and the EPQ-R)",NA,NA,"Am not easily affected by my emotions.",NA,"Slightly Inaccurate",3
"sapa_personality","sapa_personality_1","q_174","SAPA-Project 696-item temperament item set (IPIP-based scales and the EPQ-R)",NA,NA,"Am not easily affected by my emotions.",NA,"Slightly Accurate",4
"sapa_personality","sapa_personality_1","q_174","SAPA-Project 696-item temperament item set (IPIP-based scales and the EPQ-R)",NA,NA,"Am not easily affected by my emotions.",NA,"Moderately Accurate",5
"sapa_personality","sapa_personality_1","q_174","SAPA-Project 696-item temperament item set (IPIP-based scales and the EPQ-R)",NA,NA,"Am not easily affected by my emotions.",NA,"Very Accurate",6
"sapa_personality","sapa_personality_1","q_175","SAPA-Project 696-item temperament item set (IPIP-based scales and the EPQ-R)",NA,NA,"Am not easily amused.",NA,"Very Inaccurate",1
"sapa_personality","sapa_personality_1","q_175","SAPA-Project 696-item temperament item set (IPIP-based scales and the EPQ-R)",NA,NA,"Am not easily amused.",NA,"Moderately Inaccurate",2
"sapa_personality","sapa_personality_1","q_175","SAPA-Project 696-item temperament item set (IPIP-based scales and the EPQ-R)",NA,NA,"Am not easily amused.",NA,"Slightly Inaccurate",3
"sapa_personality","sapa_personality_1","q_175","SAPA-Project 696-item temperament item set (IPIP-based scales and the EPQ-R)",NA,NA,"Am not easily amused.",NA,"Slightly Accurate",4
"sapa_personality","sapa_personality_1","q_175","SAPA-Project 696-item temperament item set (IPIP-based scales and the EPQ-R)",NA,NA,"Am not easily amused.",NA,"Moderately Accurate",5
"sapa_personality","sapa_personality_1","q_175","SAPA-Project 696-item temperament item set (IPIP-based scales and the EPQ-R)",NA,NA,"Am not easily amused.",NA,"Very Accurate",6
"sapa_personality","sapa_personality_1","q_176","SAPA-Project 696-item temperament item set (IPIP-based scales and the EPQ-R)",NA,NA,"Am not easily annoyed.",NA,"Very Inaccurate",1
"sapa_personality","sapa_personality_1","q_176","SAPA-Project 696-item temperament item set (IPIP-based scales and the EPQ-R)",NA,NA,"Am not easily annoyed.",NA,"Moderately Inaccurate",2
"sapa_personality","sapa_personality_1","q_176","SAPA-Project 696-item temperament item set (IPIP-based scales and the EPQ-R)",NA,NA,"Am not easily annoyed.",NA,"Slightly Inaccurate",3
"sapa_personality","sapa_personality_1","q_176","SAPA-Project 696-item temperament item set (IPIP-based scales and the EPQ-R)",NA,NA,"Am not easily annoyed.",NA,"Slightly Accurate",4
"sapa_personality","sapa_personality_1","q_176","SAPA-Project 696-item temperament item set (IPIP-based scales and the EPQ-R)",NA,NA,"Am not easily annoyed.",NA,"Moderately Accurate",5
"sapa_personality","sapa_personality_1","q_176","SAPA-Project 696-item temperament item set (IPIP-based scales and the EPQ-R)",NA,NA,"Am not easily annoyed.",NA,"Very Accurate",6
"sapa_personality","sapa_personality_1","q_177","SAPA-Project 696-item temperament item set (IPIP-based scales and the EPQ-R)",NA,NA,"Am not easily bothered by things.",NA,"Very Inaccurate",1
"sapa_personality","sapa_personality_1","q_177","SAPA-Project 696-item temperament item set (IPIP-based scales and the EPQ-R)",NA,NA,"Am not easily bothered by things.",NA,"Moderately Inaccurate",2
"sapa_personality","sapa_personality_1","q_177","SAPA-Project 696-item temperament item set (IPIP-based scales and the EPQ-R)",NA,NA,"Am not easily bothered by things.",NA,"Slightly Inaccurate",3
"sapa_personality","sapa_personality_1","q_177","SAPA-Project 696-item temperament item set (IPIP-based scales and the EPQ-R)",NA,NA,"Am not easily bothered by things.",NA,"Slightly Accurate",4
"sapa_personality","sapa_personality_1","q_177","SAPA-Project 696-item temperament item set (IPIP-based scales and the EPQ-R)",NA,NA,"Am not easily bothered by things.",NA,"Moderately Accurate",5
"sapa_personality","sapa_personality_1","q_177","SAPA-Project 696-item temperament item set (IPIP-based scales and the EPQ-R)",NA,NA,"Am not easily bothered by things.",NA,"Very Accurate",6
"sapa_personality","sapa_personality_1","q_179","SAPA-Project 696-item temperament item set (IPIP-based scales and the EPQ-R)",NA,NA,"Am not easily disturbed by events.",NA,"Very Inaccurate",1
"sapa_personality","sapa_personality_1","q_179","SAPA-Project 696-item temperament item set (IPIP-based scales and the EPQ-R)",NA,NA,"Am not easily disturbed by events.",NA,"Moderately Inaccurate",2
"sapa_personality","sapa_personality_1","q_179","SAPA-Project 696-item temperament item set (IPIP-based scales and the EPQ-R)",NA,NA,"Am not easily disturbed by events.",NA,"Slightly Inaccurate",3
"sapa_personality","sapa_personality_1","q_179","SAPA-Project 696-item temperament item set (IPIP-based scales and the EPQ-R)",NA,NA,"Am not easily disturbed by events.",NA,"Slightly Accurate",4
"sapa_personality","sapa_personality_1","q_179","SAPA-Project 696-item temperament item set (IPIP-based scales and the EPQ-R)",NA,NA,"Am not easily disturbed by events.",NA,"Moderately Accurate",5
"sapa_personality","sapa_personality_1","q_179","SAPA-Project 696-item temperament item set (IPIP-based scales and the EPQ-R)",NA,NA,"Am not easily disturbed by events.",NA,"Very Accurate",6
"sapa_personality","sapa_personality_1","q_184","SAPA-Project 696-item temperament item set (IPIP-based scales and the EPQ-R)",NA,NA,"Am not embarrassed easily.",NA,"Very Inaccurate",1
"sapa_personality","sapa_personality_1","q_184","SAPA-Project 696-item temperament item set (IPIP-based scales and the EPQ-R)",NA,NA,"Am not embarrassed easily.",NA,"Moderately Inaccurate",2
"sapa_personality","sapa_personality_1","q_184","SAPA-Project 696-item temperament item set (IPIP-based scales and the EPQ-R)",NA,NA,"Am not embarrassed easily.",NA,"Slightly Inaccurate",3
"sapa_personality","sapa_personality_1","q_184","SAPA-Project 696-item temperament item set (IPIP-based scales and the EPQ-R)",NA,NA,"Am not embarrassed easily.",NA,"Slightly Accurate",4
"sapa_personality","sapa_personality_1","q_184","SAPA-Project 696-item temperament item set (IPIP-based scales and the EPQ-R)",NA,NA,"Am not embarrassed easily.",NA,"Moderately Accurate",5
"sapa_personality","sapa_personality_1","q_184","SAPA-Project 696-item temperament item set (IPIP-based scales and the EPQ-R)",NA,NA,"Am not embarrassed easily.",NA,"Very Accurate",6
"sapa_personality","sapa_personality_1","q_185","SAPA-Project 696-item temperament item set (IPIP-based scales and the EPQ-R)",NA,NA,"Am not good at deceiving other people.",NA,"Very Inaccurate",1
"sapa_personality","sapa_personality_1","q_185","SAPA-Project 696-item temperament item set (IPIP-based scales and the EPQ-R)",NA,NA,"Am not good at deceiving other people.",NA,"Moderately Inaccurate",2
"sapa_personality","sapa_personality_1","q_185","SAPA-Project 696-item temperament item set (IPIP-based scales and the EPQ-R)",NA,NA,"Am not good at deceiving other people.",NA,"Slightly Inaccurate",3
"sapa_personality","sapa_personality_1","q_185","SAPA-Project 696-item temperament item set (IPIP-based scales and the EPQ-R)",NA,NA,"Am not good at deceiving other people.",NA,"Slightly Accurate",4
"sapa_personality","sapa_personality_1","q_185","SAPA-Project 696-item temperament item set (IPIP-based scales and the EPQ-R)",NA,NA,"Am not good at deceiving other people.",NA,"Moderately Accurate",5
"sapa_personality","sapa_personality_1","q_185","SAPA-Project 696-item temperament item set (IPIP-based scales and the EPQ-R)",NA,NA,"Am not good at deceiving other people.",NA,"Very Accurate",6
"sapa_personality","sapa_personality_1","q_191","SAPA-Project 696-item temperament item set (IPIP-based scales and the EPQ-R)",NA,NA,"Am not highly motivated to succeed.",NA,"Very Inaccurate",1
"sapa_personality","sapa_personality_1","q_191","SAPA-Project 696-item temperament item set (IPIP-based scales and the EPQ-R)",NA,NA,"Am not highly motivated to succeed.",NA,"Moderately Inaccurate",2
"sapa_personality","sapa_personality_1","q_191","SAPA-Project 696-item temperament item set (IPIP-based scales and the EPQ-R)",NA,NA,"Am not highly motivated to succeed.",NA,"Slightly Inaccurate",3
"sapa_personality","sapa_personality_1","q_191","SAPA-Project 696-item temperament item set (IPIP-based scales and the EPQ-R)",NA,NA,"Am not highly motivated to succeed.",NA,"Slightly Accurate",4
"sapa_personality","sapa_personality_1","q_191","SAPA-Project 696-item temperament item set (IPIP-based scales and the EPQ-R)",NA,NA,"Am not highly motivated to succeed.",NA,"Moderately Accurate",5
"sapa_personality","sapa_personality_1","q_191","SAPA-Project 696-item temperament item set (IPIP-based scales and the EPQ-R)",NA,NA,"Am not highly motivated to succeed.",NA,"Very Accurate",6
"sapa_personality","sapa_personality_1","q_194","SAPA-Project 696-item temperament item set (IPIP-based scales and the EPQ-R)",NA,NA,"Am not interested in abstract ideas.",NA,"Very Inaccurate",1
"sapa_personality","sapa_personality_1","q_194","SAPA-Project 696-item temperament item set (IPIP-based scales and the EPQ-R)",NA,NA,"Am not interested in abstract ideas.",NA,"Moderately Inaccurate",2
"sapa_personality","sapa_personality_1","q_194","SAPA-Project 696-item temperament item set (IPIP-based scales and the EPQ-R)",NA,NA,"Am not interested in abstract ideas.",NA,"Slightly Inaccurate",3
"sapa_personality","sapa_personality_1","q_194","SAPA-Project 696-item temperament item set (IPIP-based scales and the EPQ-R)",NA,NA,"Am not interested in abstract ideas.",NA,"Slightly Accurate",4
"sapa_personality","sapa_personality_1","q_194","SAPA-Project 696-item temperament item set (IPIP-based scales and the EPQ-R)",NA,NA,"Am not interested in abstract ideas.",NA,"Moderately Accurate",5
"sapa_personality","sapa_personality_1","q_194","SAPA-Project 696-item temperament item set (IPIP-based scales and the EPQ-R)",NA,NA,"Am not interested in abstract ideas.",NA,"Very Accurate",6
"sapa_personality","sapa_personality_1","q_195","SAPA-Project 696-item temperament item set (IPIP-based scales and the EPQ-R)",NA,NA,"Am not interested in other people's problems.",NA,"Very Inaccurate",1
"sapa_personality","sapa_personality_1","q_195","SAPA-Project 696-item temperament item set (IPIP-based scales and the EPQ-R)",NA,NA,"Am not interested in other people's problems.",NA,"Moderately Inaccurate",2
"sapa_personality","sapa_personality_1","q_195","SAPA-Project 696-item temperament item set (IPIP-based scales and the EPQ-R)",NA,NA,"Am not interested in other people's problems.",NA,"Slightly Inaccurate",3
"sapa_personality","sapa_personality_1","q_195","SAPA-Project 696-item temperament item set (IPIP-based scales and the EPQ-R)",NA,NA,"Am not interested in other people's problems.",NA,"Slightly Accurate",4
"sapa_personality","sapa_personality_1","q_195","SAPA-Project 696-item temperament item set (IPIP-based scales and the EPQ-R)",NA,NA,"Am not interested in other people's problems.",NA,"Moderately Accurate",5
"sapa_personality","sapa_personality_1","q_195","SAPA-Project 696-item temperament item set (IPIP-based scales and the EPQ-R)",NA,NA,"Am not interested in other people's problems.",NA,"Very Accurate",6
"sapa_personality","sapa_personality_1","q_197","SAPA-Project 696-item temperament item set (IPIP-based scales and the EPQ-R)",NA,NA,"Am not interested in theoretical discussions.",NA,"Very Inaccurate",1
"sapa_personality","sapa_personality_1","q_197","SAPA-Project 696-item temperament item set (IPIP-based scales and the EPQ-R)",NA,NA,"Am not interested in theoretical discussions.",NA,"Moderately Inaccurate",2
"sapa_personality","sapa_personality_1","q_197","SAPA-Project 696-item temperament item set (IPIP-based scales and the EPQ-R)",NA,NA,"Am not interested in theoretical discussions.",NA,"Slightly Inaccurate",3
"sapa_personality","sapa_personality_1","q_197","SAPA-Project 696-item temperament item set (IPIP-based scales and the EPQ-R)",NA,NA,"Am not interested in theoretical discussions.",NA,"Slightly Accurate",4
"sapa_personality","sapa_personality_1","q_197","SAPA-Project 696-item temperament item set (IPIP-based scales and the EPQ-R)",NA,NA,"Am not interested in theoretical discussions.",NA,"Moderately Accurate",5
"sapa_personality","sapa_personality_1","q_197","SAPA-Project 696-item temperament item set (IPIP-based scales and the EPQ-R)",NA,NA,"Am not interested in theoretical discussions.",NA,"Very Accurate",6
"sapa_personality","sapa_personality_1","q_200","SAPA-Project 696-item temperament item set (IPIP-based scales and the EPQ-R)",NA,NA,"Am not really interested in others.",NA,"Very Inaccurate",1
"sapa_personality","sapa_personality_1","q_200","SAPA-Project 696-item temperament item set (IPIP-based scales and the EPQ-R)",NA,NA,"Am not really interested in others.",NA,"Moderately Inaccurate",2
"sapa_personality","sapa_personality_1","q_200","SAPA-Project 696-item temperament item set (IPIP-based scales and the EPQ-R)",NA,NA,"Am not really interested in others.",NA,"Slightly Inaccurate",3
"sapa_personality","sapa_personality_1","q_200","SAPA-Project 696-item temperament item set (IPIP-based scales and the EPQ-R)",NA,NA,"Am not really interested in others.",NA,"Slightly Accurate",4
"sapa_personality","sapa_personality_1","q_200","SAPA-Project 696-item temperament item set (IPIP-based scales and the EPQ-R)",NA,NA,"Am not really interested in others.",NA,"Moderately Accurate",5
"sapa_personality","sapa_personality_1","q_200","SAPA-Project 696-item temperament item set (IPIP-based scales and the EPQ-R)",NA,NA,"Am not really interested in others.",NA,"Very Accurate",6
"sapa_personality","sapa_personality_1","q_201","SAPA-Project 696-item temperament item set (IPIP-based scales and the EPQ-R)",NA,NA,"Am not sure where my life is going.",NA,"Very Inaccurate",1
"sapa_personality","sapa_personality_1","q_201","SAPA-Project 696-item temperament item set (IPIP-based scales and the EPQ-R)",NA,NA,"Am not sure where my life is going.",NA,"Moderately Inaccurate",2
"sapa_personality","sapa_personality_1","q_201","SAPA-Project 696-item temperament item set (IPIP-based scales and the EPQ-R)",NA,NA,"Am not sure where my life is going.",NA,"Slightly Inaccurate",3
"sapa_personality","sapa_personality_1","q_201","SAPA-Project 696-item temperament item set (IPIP-based scales and the EPQ-R)",NA,NA,"Am not sure where my life is going.",NA,"Slightly Accurate",4
"sapa_personality","sapa_personality_1","q_201","SAPA-Project 696-item temperament item set (IPIP-based scales and the EPQ-R)",NA,NA,"Am not sure where my life is going.",NA,"Moderately Accurate",5
"sapa_personality","sapa_personality_1","q_201","SAPA-Project 696-item temperament item set (IPIP-based scales and the EPQ-R)",NA,NA,"Am not sure where my life is going.",NA,"Very Accurate",6
"sapa_personality","sapa_personality_1","q_206","SAPA-Project 696-item temperament item set (IPIP-based scales and the EPQ-R)",NA,NA,"Am often down in the dumps.",NA,"Very Inaccurate",1
"sapa_personality","sapa_personality_1","q_206","SAPA-Project 696-item temperament item set (IPIP-based scales and the EPQ-R)",NA,NA,"Am often down in the dumps.",NA,"Moderately Inaccurate",2
"sapa_personality","sapa_personality_1","q_206","SAPA-Project 696-item temperament item set (IPIP-based scales and the EPQ-R)",NA,NA,"Am often down in the dumps.",NA,"Slightly Inaccurate",3
"sapa_personality","sapa_personality_1","q_206","SAPA-Project 696-item temperament item set (IPIP-based scales and the EPQ-R)",NA,NA,"Am often down in the dumps.",NA,"Slightly Accurate",4
"sapa_personality","sapa_personality_1","q_206","SAPA-Project 696-item temperament item set (IPIP-based scales and the EPQ-R)",NA,NA,"Am often down in the dumps.",NA,"Moderately Accurate",5
"sapa_personality","sapa_personality_1","q_206","SAPA-Project 696-item temperament item set (IPIP-based scales and the EPQ-R)",NA,NA,"Am often down in the dumps.",NA,"Very Accurate",6
"sapa_personality","sapa_personality_1","q_208","SAPA-Project 696-item temperament item set (IPIP-based scales and the EPQ-R)",NA,NA,"Am often in a bad mood.",NA,"Very Inaccurate",1
"sapa_personality","sapa_personality_1","q_208","SAPA-Project 696-item temperament item set (IPIP-based scales and the EPQ-R)",NA,NA,"Am often in a bad mood.",NA,"Moderately Inaccurate",2
"sapa_personality","sapa_personality_1","q_208","SAPA-Project 696-item temperament item set (IPIP-based scales and the EPQ-R)",NA,NA,"Am often in a bad mood.",NA,"Slightly Inaccurate",3
"sapa_personality","sapa_personality_1","q_208","SAPA-Project 696-item temperament item set (IPIP-based scales and the EPQ-R)",NA,NA,"Am often in a bad mood.",NA,"Slightly Accurate",4
"sapa_personality","sapa_personality_1","q_208","SAPA-Project 696-item temperament item set (IPIP-based scales and the EPQ-R)",NA,NA,"Am often in a bad mood.",NA,"Moderately Accurate",5
"sapa_personality","sapa_personality_1","q_208","SAPA-Project 696-item temperament item set (IPIP-based scales and the EPQ-R)",NA,NA,"Am often in a bad mood.",NA,"Very Accurate",6
"sapa_personality","sapa_personality_1","q_217","SAPA-Project 696-item temperament item set (IPIP-based scales and the EPQ-R)",NA,NA,"Am on good terms with nearly everyone.",NA,"Very Inaccurate",1
"sapa_personality","sapa_personality_1","q_217","SAPA-Project 696-item temperament item set (IPIP-based scales and the EPQ-R)",NA,NA,"Am on good terms with nearly everyone.",NA,"Moderately Inaccurate",2
"sapa_personality","sapa_personality_1","q_217","SAPA-Project 696-item temperament item set (IPIP-based scales and the EPQ-R)",NA,NA,"Am on good terms with nearly everyone.",NA,"Slightly Inaccurate",3
"sapa_personality","sapa_personality_1","q_217","SAPA-Project 696-item temperament item set (IPIP-based scales and the EPQ-R)",NA,NA,"Am on good terms with nearly everyone.",NA,"Slightly Accurate",4
"sapa_personality","sapa_personality_1","q_217","SAPA-Project 696-item temperament item set (IPIP-based scales and the EPQ-R)",NA,NA,"Am on good terms with nearly everyone.",NA,"Moderately Accurate",5
"sapa_personality","sapa_personality_1","q_217","SAPA-Project 696-item temperament item set (IPIP-based scales and the EPQ-R)",NA,NA,"Am on good terms with nearly everyone.",NA,"Very Accurate",6
"sapa_personality","sapa_personality_1","q_219","SAPA-Project 696-item temperament item set (IPIP-based scales and the EPQ-R)",NA,NA,"Am open about my feelings.",NA,"Very Inaccurate",1
"sapa_personality","sapa_personality_1","q_219","SAPA-Project 696-item temperament item set (IPIP-based scales and the EPQ-R)",NA,NA,"Am open about my feelings.",NA,"Moderately Inaccurate",2
"sapa_personality","sapa_personality_1","q_219","SAPA-Project 696-item temperament item set (IPIP-based scales and the EPQ-R)",NA,NA,"Am open about my feelings.",NA,"Slightly Inaccurate",3
"sapa_personality","sapa_personality_1","q_219","SAPA-Project 696-item temperament item set (IPIP-based scales and the EPQ-R)",NA,NA,"Am open about my feelings.",NA,"Slightly Accurate",4
"sapa_personality","sapa_personality_1","q_219","SAPA-Project 696-item temperament item set (IPIP-based scales and the EPQ-R)",NA,NA,"Am open about my feelings.",NA,"Moderately Accurate",5
"sapa_personality","sapa_personality_1","q_219","SAPA-Project 696-item temperament item set (IPIP-based scales and the EPQ-R)",NA,NA,"Am open about my feelings.",NA,"Very Accurate",6
"sapa_personality","sapa_personality_1","q_225","SAPA-Project 696-item temperament item set (IPIP-based scales and the EPQ-R)",NA,NA,"Am out for my own personal gain.",NA,"Very Inaccurate",1
"sapa_personality","sapa_personality_1","q_225","SAPA-Project 696-item temperament item set (IPIP-based scales and the EPQ-R)",NA,NA,"Am out for my own personal gain.",NA,"Moderately Inaccurate",2
"sapa_personality","sapa_personality_1","q_225","SAPA-Project 696-item temperament item set (IPIP-based scales and the EPQ-R)",NA,NA,"Am out for my own personal gain.",NA,"Slightly Inaccurate",3
"sapa_personality","sapa_personality_1","q_225","SAPA-Project 696-item temperament item set (IPIP-based scales and the EPQ-R)",NA,NA,"Am out for my own personal gain.",NA,"Slightly Accurate",4
"sapa_personality","sapa_personality_1","q_225","SAPA-Project 696-item temperament item set (IPIP-based scales and the EPQ-R)",NA,NA,"Am out for my own personal gain.",NA,"Moderately Accurate",5
"sapa_personality","sapa_personality_1","q_225","SAPA-Project 696-item temperament item set (IPIP-based scales and the EPQ-R)",NA,NA,"Am out for my own personal gain.",NA,"Very Accurate",6
"sapa_personality","sapa_personality_1","q_228","SAPA-Project 696-item temperament item set (IPIP-based scales and the EPQ-R)",NA,NA,"Am passionate about causes.",NA,"Very Inaccurate",1
"sapa_personality","sapa_personality_1","q_228","SAPA-Project 696-item temperament item set (IPIP-based scales and the EPQ-R)",NA,NA,"Am passionate about causes.",NA,"Moderately Inaccurate",2
"sapa_personality","sapa_personality_1","q_228","SAPA-Project 696-item temperament item set (IPIP-based scales and the EPQ-R)",NA,NA,"Am passionate about causes.",NA,"Slightly Inaccurate",3
"sapa_personality","sapa_personality_1","q_228","SAPA-Project 696-item temperament item set (IPIP-based scales and the EPQ-R)",NA,NA,"Am passionate about causes.",NA,"Slightly Accurate",4
"sapa_personality","sapa_personality_1","q_228","SAPA-Project 696-item temperament item set (IPIP-based scales and the EPQ-R)",NA,NA,"Am passionate about causes.",NA,"Moderately Accurate",5
"sapa_personality","sapa_personality_1","q_228","SAPA-Project 696-item temperament item set (IPIP-based scales and the EPQ-R)",NA,NA,"Am passionate about causes.",NA,"Very Accurate",6
"sapa_personality","sapa_personality_1","q_238","SAPA-Project 696-item temperament item set (IPIP-based scales and the EPQ-R)",NA,NA,"Am quick to correct others.",NA,"Very Inaccurate",1
"sapa_personality","sapa_personality_1","q_238","SAPA-Project 696-item temperament item set (IPIP-based scales and the EPQ-R)",NA,NA,"Am quick to correct others.",NA,"Moderately Inaccurate",2
"sapa_personality","sapa_personality_1","q_238","SAPA-Project 696-item temperament item set (IPIP-based scales and the EPQ-R)",NA,NA,"Am quick to correct others.",NA,"Slightly Inaccurate",3
"sapa_personality","sapa_personality_1","q_238","SAPA-Project 696-item temperament item set (IPIP-based scales and the EPQ-R)",NA,NA,"Am quick to correct others.",NA,"Slightly Accurate",4
"sapa_personality","sapa_personality_1","q_238","SAPA-Project 696-item temperament item set (IPIP-based scales and the EPQ-R)",NA,NA,"Am quick to correct others.",NA,"Moderately Accurate",5
"sapa_personality","sapa_personality_1","q_238","SAPA-Project 696-item temperament item set (IPIP-based scales and the EPQ-R)",NA,NA,"Am quick to correct others.",NA,"Very Accurate",6
"sapa_personality","sapa_personality_1","q_239","SAPA-Project 696-item temperament item set (IPIP-based scales and the EPQ-R)",NA,NA,"Am quick to judge others.",NA,"Very Inaccurate",1
"sapa_personality","sapa_personality_1","q_239","SAPA-Project 696-item temperament item set (IPIP-based scales and the EPQ-R)",NA,NA,"Am quick to judge others.",NA,"Moderately Inaccurate",2
"sapa_personality","sapa_personality_1","q_239","SAPA-Project 696-item temperament item set (IPIP-based scales and the EPQ-R)",NA,NA,"Am quick to judge others.",NA,"Slightly Inaccurate",3
"sapa_personality","sapa_personality_1","q_239","SAPA-Project 696-item temperament item set (IPIP-based scales and the EPQ-R)",NA,NA,"Am quick to judge others.",NA,"Slightly Accurate",4
"sapa_personality","sapa_personality_1","q_239","SAPA-Project 696-item temperament item set (IPIP-based scales and the EPQ-R)",NA,NA,"Am quick to judge others.",NA,"Moderately Accurate",5
"sapa_personality","sapa_personality_1","q_239","SAPA-Project 696-item temperament item set (IPIP-based scales and the EPQ-R)",NA,NA,"Am quick to judge others.",NA,"Very Accurate",6
"sapa_personality","sapa_personality_1","q_240","SAPA-Project 696-item temperament item set (IPIP-based scales and the EPQ-R)",NA,NA,"Am quick to understand things.",NA,"Very Inaccurate",1
"sapa_personality","sapa_personality_1","q_240","SAPA-Project 696-item temperament item set (IPIP-based scales and the EPQ-R)",NA,NA,"Am quick to understand things.",NA,"Moderately Inaccurate",2
"sapa_personality","sapa_personality_1","q_240","SAPA-Project 696-item temperament item set (IPIP-based scales and the EPQ-R)",NA,NA,"Am quick to understand things.",NA,"Slightly Inaccurate",3
"sapa_personality","sapa_personality_1","q_240","SAPA-Project 696-item temperament item set (IPIP-based scales and the EPQ-R)",NA,NA,"Am quick to understand things.",NA,"Slightly Accurate",4
"sapa_personality","sapa_personality_1","q_240","SAPA-Project 696-item temperament item set (IPIP-based scales and the EPQ-R)",NA,NA,"Am quick to understand things.",NA,"Moderately Accurate",5
"sapa_personality","sapa_personality_1","q_240","SAPA-Project 696-item temperament item set (IPIP-based scales and the EPQ-R)",NA,NA,"Am quick to understand things.",NA,"Very Accurate",6
"sapa_personality","sapa_personality_1","q_241","SAPA-Project 696-item temperament item set (IPIP-based scales and the EPQ-R)",NA,NA,"Am quiet around strangers.",NA,"Very Inaccurate",1
"sapa_personality","sapa_personality_1","q_241","SAPA-Project 696-item temperament item set (IPIP-based scales and the EPQ-R)",NA,NA,"Am quiet around strangers.",NA,"Moderately Inaccurate",2
"sapa_personality","sapa_personality_1","q_241","SAPA-Project 696-item temperament item set (IPIP-based scales and the EPQ-R)",NA,NA,"Am quiet around strangers.",NA,"Slightly Inaccurate",3
"sapa_personality","sapa_personality_1","q_241","SAPA-Project 696-item temperament item set (IPIP-based scales and the EPQ-R)",NA,NA,"Am quiet around strangers.",NA,"Slightly Accurate",4
"sapa_personality","sapa_personality_1","q_241","SAPA-Project 696-item temperament item set (IPIP-based scales and the EPQ-R)",NA,NA,"Am quiet around strangers.",NA,"Moderately Accurate",5
"sapa_personality","sapa_personality_1","q_241","SAPA-Project 696-item temperament item set (IPIP-based scales and the EPQ-R)",NA,NA,"Am quiet around strangers.",NA,"Very Accurate",6
"sapa_personality","sapa_personality_1","q_248","SAPA-Project 696-item temperament item set (IPIP-based scales and the EPQ-R)",NA,NA,"Am relaxed most of the time.",NA,"Very Inaccurate",1
"sapa_personality","sapa_personality_1","q_248","SAPA-Project 696-item temperament item set (IPIP-based scales and the EPQ-R)",NA,NA,"Am relaxed most of the time.",NA,"Moderately Inaccurate",2
"sapa_personality","sapa_personality_1","q_248","SAPA-Project 696-item temperament item set (IPIP-based scales and the EPQ-R)",NA,NA,"Am relaxed most of the time.",NA,"Slightly Inaccurate",3
"sapa_personality","sapa_personality_1","q_248","SAPA-Project 696-item temperament item set (IPIP-based scales and the EPQ-R)",NA,NA,"Am relaxed most of the time.",NA,"Slightly Accurate",4
"sapa_personality","sapa_personality_1","q_248","SAPA-Project 696-item temperament item set (IPIP-based scales and the EPQ-R)",NA,NA,"Am relaxed most of the time.",NA,"Moderately Accurate",5
"sapa_personality","sapa_personality_1","q_248","SAPA-Project 696-item temperament item set (IPIP-based scales and the EPQ-R)",NA,NA,"Am relaxed most of the time.",NA,"Very Accurate",6
"sapa_personality","sapa_personality_1","q_251","SAPA-Project 696-item temperament item set (IPIP-based scales and the EPQ-R)",NA,NA,"Am seldom bothered ... suffering of strangers.",NA,"Very Inaccurate",1
"sapa_personality","sapa_personality_1","q_251","SAPA-Project 696-item temperament item set (IPIP-based scales and the EPQ-R)",NA,NA,"Am seldom bothered ... suffering of strangers.",NA,"Moderately Inaccurate",2
"sapa_personality","sapa_personality_1","q_251","SAPA-Project 696-item temperament item set (IPIP-based scales and the EPQ-R)",NA,NA,"Am seldom bothered ... suffering of strangers.",NA,"Slightly Inaccurate",3
"sapa_personality","sapa_personality_1","q_251","SAPA-Project 696-item temperament item set (IPIP-based scales and the EPQ-R)",NA,NA,"Am seldom bothered ... suffering of strangers.",NA,"Slightly Accurate",4
"sapa_personality","sapa_personality_1","q_251","SAPA-Project 696-item temperament item set (IPIP-based scales and the EPQ-R)",NA,NA,"Am seldom bothered ... suffering of strangers.",NA,"Moderately Accurate",5
"sapa_personality","sapa_personality_1","q_251","SAPA-Project 696-item temperament item set (IPIP-based scales and the EPQ-R)",NA,NA,"Am seldom bothered ... suffering of strangers.",NA,"Very Accurate",6
"sapa_personality","sapa_personality_1","q_253","SAPA-Project 696-item temperament item set (IPIP-based scales and the EPQ-R)",NA,NA,"Am sensitive to the needs of others.",NA,"Very Inaccurate",1
"sapa_personality","sapa_personality_1","q_253","SAPA-Project 696-item temperament item set (IPIP-based scales and the EPQ-R)",NA,NA,"Am sensitive to the needs of others.",NA,"Moderately Inaccurate",2
"sapa_personality","sapa_personality_1","q_253","SAPA-Project 696-item temperament item set (IPIP-based scales and the EPQ-R)",NA,NA,"Am sensitive to the needs of others.",NA,"Slightly Inaccurate",3
"sapa_personality","sapa_personality_1","q_253","SAPA-Project 696-item temperament item set (IPIP-based scales and the EPQ-R)",NA,NA,"Am sensitive to the needs of others.",NA,"Slightly Accurate",4
"sapa_personality","sapa_personality_1","q_253","SAPA-Project 696-item temperament item set (IPIP-based scales and the EPQ-R)",NA,NA,"Am sensitive to the needs of others.",NA,"Moderately Accurate",5
"sapa_personality","sapa_personality_1","q_253","SAPA-Project 696-item temperament item set (IPIP-based scales and the EPQ-R)",NA,NA,"Am sensitive to the needs of others.",NA,"Very Accurate",6
"sapa_personality","sapa_personality_1","q_254","SAPA-Project 696-item temperament item set (IPIP-based scales and the EPQ-R)",NA,NA,"Am skilled in handling social situations.",NA,"Very Inaccurate",1
"sapa_personality","sapa_personality_1","q_254","SAPA-Project 696-item temperament item set (IPIP-based scales and the EPQ-R)",NA,NA,"Am skilled in handling social situations.",NA,"Moderately Inaccurate",2
"sapa_personality","sapa_personality_1","q_254","SAPA-Project 696-item temperament item set (IPIP-based scales and the EPQ-R)",NA,NA,"Am skilled in handling social situations.",NA,"Slightly Inaccurate",3
"sapa_personality","sapa_personality_1","q_254","SAPA-Project 696-item temperament item set (IPIP-based scales and the EPQ-R)",NA,NA,"Am skilled in handling social situations.",NA,"Slightly Accurate",4
"sapa_personality","sapa_personality_1","q_254","SAPA-Project 696-item temperament item set (IPIP-based scales and the EPQ-R)",NA,NA,"Am skilled in handling social situations.",NA,"Moderately Accurate",5
"sapa_personality","sapa_personality_1","q_254","SAPA-Project 696-item temperament item set (IPIP-based scales and the EPQ-R)",NA,NA,"Am skilled in handling social situations.",NA,"Very Accurate",6
"sapa_personality","sapa_personality_1","q_258","SAPA-Project 696-item temperament item set (IPIP-based scales and the EPQ-R)",NA,NA,"Am sure of my ground.",NA,"Very Inaccurate",1
"sapa_personality","sapa_personality_1","q_258","SAPA-Project 696-item temperament item set (IPIP-based scales and the EPQ-R)",NA,NA,"Am sure of my ground.",NA,"Moderately Inaccurate",2
"sapa_personality","sapa_personality_1","q_258","SAPA-Project 696-item temperament item set (IPIP-based scales and the EPQ-R)",NA,NA,"Am sure of my ground.",NA,"Slightly Inaccurate",3
"sapa_personality","sapa_personality_1","q_258","SAPA-Project 696-item temperament item set (IPIP-based scales and the EPQ-R)",NA,NA,"Am sure of my ground.",NA,"Slightly Accurate",4
"sapa_personality","sapa_personality_1","q_258","SAPA-Project 696-item temperament item set (IPIP-based scales and the EPQ-R)",NA,NA,"Am sure of my ground.",NA,"Moderately Accurate",5
"sapa_personality","sapa_personality_1","q_258","SAPA-Project 696-item temperament item set (IPIP-based scales and the EPQ-R)",NA,NA,"Am sure of my ground.",NA,"Very Accurate",6
"sapa_personality","sapa_personality_1","q_260","SAPA-Project 696-item temperament item set (IPIP-based scales and the EPQ-R)",NA,NA,"Am the first to act.",NA,"Very Inaccurate",1
"sapa_personality","sapa_personality_1","q_260","SAPA-Project 696-item temperament item set (IPIP-based scales and the EPQ-R)",NA,NA,"Am the first to act.",NA,"Moderately Inaccurate",2
"sapa_personality","sapa_personality_1","q_260","SAPA-Project 696-item temperament item set (IPIP-based scales and the EPQ-R)",NA,NA,"Am the first to act.",NA,"Slightly Inaccurate",3
"sapa_personality","sapa_personality_1","q_260","SAPA-Project 696-item temperament item set (IPIP-based scales and the EPQ-R)",NA,NA,"Am the first to act.",NA,"Slightly Accurate",4
"sapa_personality","sapa_personality_1","q_260","SAPA-Project 696-item temperament item set (IPIP-based scales and the EPQ-R)",NA,NA,"Am the first to act.",NA,"Moderately Accurate",5
"sapa_personality","sapa_personality_1","q_260","SAPA-Project 696-item temperament item set (IPIP-based scales and the EPQ-R)",NA,NA,"Am the first to act.",NA,"Very Accurate",6
"sapa_personality","sapa_personality_1","q_262","SAPA-Project 696-item temperament item set (IPIP-based scales and the EPQ-R)",NA,NA,"Am the life of the party.",NA,"Very Inaccurate",1
"sapa_personality","sapa_personality_1","q_262","SAPA-Project 696-item temperament item set (IPIP-based scales and the EPQ-R)",NA,NA,"Am the life of the party.",NA,"Moderately Inaccurate",2
"sapa_personality","sapa_personality_1","q_262","SAPA-Project 696-item temperament item set (IPIP-based scales and the EPQ-R)",NA,NA,"Am the life of the party.",NA,"Slightly Inaccurate",3
"sapa_personality","sapa_personality_1","q_262","SAPA-Project 696-item temperament item set (IPIP-based scales and the EPQ-R)",NA,NA,"Am the life of the party.",NA,"Slightly Accurate",4
"sapa_personality","sapa_personality_1","q_262","SAPA-Project 696-item temperament item set (IPIP-based scales and the EPQ-R)",NA,NA,"Am the life of the party.",NA,"Moderately Accurate",5
"sapa_personality","sapa_personality_1","q_262","SAPA-Project 696-item temperament item set (IPIP-based scales and the EPQ-R)",NA,NA,"Am the life of the party.",NA,"Very Accurate",6
"sapa_personality","sapa_personality_1","q_278","SAPA-Project 696-item temperament item set (IPIP-based scales and the EPQ-R)",NA,NA,"Am usually a patient person.",NA,"Very Inaccurate",1
"sapa_personality","sapa_personality_1","q_278","SAPA-Project 696-item temperament item set (IPIP-based scales and the EPQ-R)",NA,NA,"Am usually a patient person.",NA,"Moderately Inaccurate",2
"sapa_personality","sapa_personality_1","q_278","SAPA-Project 696-item temperament item set (IPIP-based scales and the EPQ-R)",NA,NA,"Am usually a patient person.",NA,"Slightly Inaccurate",3
"sapa_personality","sapa_personality_1","q_278","SAPA-Project 696-item temperament item set (IPIP-based scales and the EPQ-R)",NA,NA,"Am usually a patient person.",NA,"Slightly Accurate",4
"sapa_personality","sapa_personality_1","q_278","SAPA-Project 696-item temperament item set (IPIP-based scales and the EPQ-R)",NA,NA,"Am usually a patient person.",NA,"Moderately Accurate",5
"sapa_personality","sapa_personality_1","q_278","SAPA-Project 696-item temperament item set (IPIP-based scales and the EPQ-R)",NA,NA,"Am usually a patient person.",NA,"Very Accurate",6
"sapa_personality","sapa_personality_1","q_279","SAPA-Project 696-item temperament item set (IPIP-based scales and the EPQ-R)",NA,NA,"Am usually active and full of energy.",NA,"Very Inaccurate",1
"sapa_personality","sapa_personality_1","q_279","SAPA-Project 696-item temperament item set (IPIP-based scales and the EPQ-R)",NA,NA,"Am usually active and full of energy.",NA,"Moderately Inaccurate",2
"sapa_personality","sapa_personality_1","q_279","SAPA-Project 696-item temperament item set (IPIP-based scales and the EPQ-R)",NA,NA,"Am usually active and full of energy.",NA,"Slightly Inaccurate",3
"sapa_personality","sapa_personality_1","q_279","SAPA-Project 696-item temperament item set (IPIP-based scales and the EPQ-R)",NA,NA,"Am usually active and full of energy.",NA,"Slightly Accurate",4
"sapa_personality","sapa_personality_1","q_279","SAPA-Project 696-item temperament item set (IPIP-based scales and the EPQ-R)",NA,NA,"Am usually active and full of energy.",NA,"Moderately Accurate",5
"sapa_personality","sapa_personality_1","q_279","SAPA-Project 696-item temperament item set (IPIP-based scales and the EPQ-R)",NA,NA,"Am usually active and full of energy.",NA,"Very Accurate",6
"sapa_personality","sapa_personality_1","q_285","SAPA-Project 696-item temperament item set (IPIP-based scales and the EPQ-R)",NA,NA,"Am very pleased with myself.",NA,"Very Inaccurate",1
"sapa_personality","sapa_personality_1","q_285","SAPA-Project 696-item temperament item set (IPIP-based scales and the EPQ-R)",NA,NA,"Am very pleased with myself.",NA,"Moderately Inaccurate",2
"sapa_personality","sapa_personality_1","q_285","SAPA-Project 696-item temperament item set (IPIP-based scales and the EPQ-R)",NA,NA,"Am very pleased with myself.",NA,"Slightly Inaccurate",3
"sapa_personality","sapa_personality_1","q_285","SAPA-Project 696-item temperament item set (IPIP-based scales and the EPQ-R)",NA,NA,"Am very pleased with myself.",NA,"Slightly Accurate",4
"sapa_personality","sapa_personality_1","q_285","SAPA-Project 696-item temperament item set (IPIP-based scales and the EPQ-R)",NA,NA,"Am very pleased with myself.",NA,"Moderately Accurate",5
"sapa_personality","sapa_personality_1","q_285","SAPA-Project 696-item temperament item set (IPIP-based scales and the EPQ-R)",NA,NA,"Am very pleased with myself.",NA,"Very Accurate",6
"sapa_personality","sapa_personality_1","q_286","SAPA-Project 696-item temperament item set (IPIP-based scales and the EPQ-R)",NA,NA,"Am wary of others.",NA,"Very Inaccurate",1
"sapa_personality","sapa_personality_1","q_286","SAPA-Project 696-item temperament item set (IPIP-based scales and the EPQ-R)",NA,NA,"Am wary of others.",NA,"Moderately Inaccurate",2
"sapa_personality","sapa_personality_1","q_286","SAPA-Project 696-item temperament item set (IPIP-based scales and the EPQ-R)",NA,NA,"Am wary of others.",NA,"Slightly Inaccurate",3
"sapa_personality","sapa_personality_1","q_286","SAPA-Project 696-item temperament item set (IPIP-based scales and the EPQ-R)",NA,NA,"Am wary of others.",NA,"Slightly Accurate",4
"sapa_personality","sapa_personality_1","q_286","SAPA-Project 696-item temperament item set (IPIP-based scales and the EPQ-R)",NA,NA,"Am wary of others.",NA,"Moderately Accurate",5
"sapa_personality","sapa_personality_1","q_286","SAPA-Project 696-item temperament item set (IPIP-based scales and the EPQ-R)",NA,NA,"Am wary of others.",NA,"Very Accurate",6
"sapa_personality","sapa_personality_1","q_292","SAPA-Project 696-item temperament item set (IPIP-based scales and the EPQ-R)",NA,NA,"Am willing to take risks.",NA,"Very Inaccurate",1
"sapa_personality","sapa_personality_1","q_292","SAPA-Project 696-item temperament item set (IPIP-based scales and the EPQ-R)",NA,NA,"Am willing to take risks.",NA,"Moderately Inaccurate",2
"sapa_personality","sapa_personality_1","q_292","SAPA-Project 696-item temperament item set (IPIP-based scales and the EPQ-R)",NA,NA,"Am willing to take risks.",NA,"Slightly Inaccurate",3
"sapa_personality","sapa_personality_1","q_292","SAPA-Project 696-item temperament item set (IPIP-based scales and the EPQ-R)",NA,NA,"Am willing to take risks.",NA,"Slightly Accurate",4
"sapa_personality","sapa_personality_1","q_292","SAPA-Project 696-item temperament item set (IPIP-based scales and the EPQ-R)",NA,NA,"Am willing to take risks.",NA,"Moderately Accurate",5
"sapa_personality","sapa_personality_1","q_292","SAPA-Project 696-item temperament item set (IPIP-based scales and the EPQ-R)",NA,NA,"Am willing to take risks.",NA,"Very Accurate",6
"sapa_personality","sapa_personality_1","q_294","SAPA-Project 696-item temperament item set (IPIP-based scales and the EPQ-R)",NA,NA,"Am willing to try anything once.",NA,"Very Inaccurate",1
"sapa_personality","sapa_personality_1","q_294","SAPA-Project 696-item temperament item set (IPIP-based scales and the EPQ-R)",NA,NA,"Am willing to try anything once.",NA,"Moderately Inaccurate",2
"sapa_personality","sapa_personality_1","q_294","SAPA-Project 696-item temperament item set (IPIP-based scales and the EPQ-R)",NA,NA,"Am willing to try anything once.",NA,"Slightly Inaccurate",3
"sapa_personality","sapa_personality_1","q_294","SAPA-Project 696-item temperament item set (IPIP-based scales and the EPQ-R)",NA,NA,"Am willing to try anything once.",NA,"Slightly Accurate",4
"sapa_personality","sapa_personality_1","q_294","SAPA-Project 696-item temperament item set (IPIP-based scales and the EPQ-R)",NA,NA,"Am willing to try anything once.",NA,"Moderately Accurate",5
"sapa_personality","sapa_personality_1","q_294","SAPA-Project 696-item temperament item set (IPIP-based scales and the EPQ-R)",NA,NA,"Am willing to try anything once.",NA,"Very Accurate",6
"sapa_personality","sapa_personality_1","q_296","SAPA-Project 696-item temperament item set (IPIP-based scales and the EPQ-R)",NA,NA,"Amuse my friends.",NA,"Very Inaccurate",1
"sapa_personality","sapa_personality_1","q_296","SAPA-Project 696-item temperament item set (IPIP-based scales and the EPQ-R)",NA,NA,"Amuse my friends.",NA,"Moderately Inaccurate",2
"sapa_personality","sapa_personality_1","q_296","SAPA-Project 696-item temperament item set (IPIP-based scales and the EPQ-R)",NA,NA,"Amuse my friends.",NA,"Slightly Inaccurate",3
"sapa_personality","sapa_personality_1","q_296","SAPA-Project 696-item temperament item set (IPIP-based scales and the EPQ-R)",NA,NA,"Amuse my friends.",NA,"Slightly Accurate",4
"sapa_personality","sapa_personality_1","q_296","SAPA-Project 696-item temperament item set (IPIP-based scales and the EPQ-R)",NA,NA,"Amuse my friends.",NA,"Moderately Accurate",5
"sapa_personality","sapa_personality_1","q_296","SAPA-Project 696-item temperament item set (IPIP-based scales and the EPQ-R)",NA,NA,"Amuse my friends.",NA,"Very Accurate",6
"sapa_personality","sapa_personality_1","q_298","SAPA-Project 696-item temperament item set (IPIP-based scales and the EPQ-R)",NA,NA,"Anticipate the needs of others.",NA,"Very Inaccurate",1
"sapa_personality","sapa_personality_1","q_298","SAPA-Project 696-item temperament item set (IPIP-based scales and the EPQ-R)",NA,NA,"Anticipate the needs of others.",NA,"Moderately Inaccurate",2
"sapa_personality","sapa_personality_1","q_298","SAPA-Project 696-item temperament item set (IPIP-based scales and the EPQ-R)",NA,NA,"Anticipate the needs of others.",NA,"Slightly Inaccurate",3
"sapa_personality","sapa_personality_1","q_298","SAPA-Project 696-item temperament item set (IPIP-based scales and the EPQ-R)",NA,NA,"Anticipate the needs of others.",NA,"Slightly Accurate",4
"sapa_personality","sapa_personality_1","q_298","SAPA-Project 696-item temperament item set (IPIP-based scales and the EPQ-R)",NA,NA,"Anticipate the needs of others.",NA,"Moderately Accurate",5
"sapa_personality","sapa_personality_1","q_298","SAPA-Project 696-item temperament item set (IPIP-based scales and the EPQ-R)",NA,NA,"Anticipate the needs of others.",NA,"Very Accurate",6
"sapa_personality","sapa_personality_1","q_312","SAPA-Project 696-item temperament item set (IPIP-based scales and the EPQ-R)",NA,NA,"Avoid company.",NA,"Very Inaccurate",1
"sapa_personality","sapa_personality_1","q_312","SAPA-Project 696-item temperament item set (IPIP-based scales and the EPQ-R)",NA,NA,"Avoid company.",NA,"Moderately Inaccurate",2
"sapa_personality","sapa_personality_1","q_312","SAPA-Project 696-item temperament item set (IPIP-based scales and the EPQ-R)",NA,NA,"Avoid company.",NA,"Slightly Inaccurate",3
"sapa_personality","sapa_personality_1","q_312","SAPA-Project 696-item temperament item set (IPIP-based scales and the EPQ-R)",NA,NA,"Avoid company.",NA,"Slightly Accurate",4
"sapa_personality","sapa_personality_1","q_312","SAPA-Project 696-item temperament item set (IPIP-based scales and the EPQ-R)",NA,NA,"Avoid company.",NA,"Moderately Accurate",5
"sapa_personality","sapa_personality_1","q_312","SAPA-Project 696-item temperament item set (IPIP-based scales and the EPQ-R)",NA,NA,"Avoid company.",NA,"Very Accurate",6
"sapa_personality","sapa_personality_1","q_313","SAPA-Project 696-item temperament item set (IPIP-based scales and the EPQ-R)",NA,NA,"Avoid contacts with others.",NA,"Very Inaccurate",1
"sapa_personality","sapa_personality_1","q_313","SAPA-Project 696-item temperament item set (IPIP-based scales and the EPQ-R)",NA,NA,"Avoid contacts with others.",NA,"Moderately Inaccurate",2
"sapa_personality","sapa_personality_1","q_313","SAPA-Project 696-item temperament item set (IPIP-based scales and the EPQ-R)",NA,NA,"Avoid contacts with others.",NA,"Slightly Inaccurate",3
"sapa_personality","sapa_personality_1","q_313","SAPA-Project 696-item temperament item set (IPIP-based scales and the EPQ-R)",NA,NA,"Avoid contacts with others.",NA,"Slightly Accurate",4
"sapa_personality","sapa_personality_1","q_313","SAPA-Project 696-item temperament item set (IPIP-based scales and the EPQ-R)",NA,NA,"Avoid contacts with others.",NA,"Moderately Accurate",5
"sapa_personality","sapa_personality_1","q_313","SAPA-Project 696-item temperament item set (IPIP-based scales and the EPQ-R)",NA,NA,"Avoid contacts with others.",NA,"Very Accurate",6
"sapa_personality","sapa_personality_1","q_314","SAPA-Project 696-item temperament item set (IPIP-based scales and the EPQ-R)",NA,NA,"Avoid crowds.",NA,"Very Inaccurate",1
"sapa_personality","sapa_personality_1","q_314","SAPA-Project 696-item temperament item set (IPIP-based scales and the EPQ-R)",NA,NA,"Avoid crowds.",NA,"Moderately Inaccurate",2
"sapa_personality","sapa_personality_1","q_314","SAPA-Project 696-item temperament item set (IPIP-based scales and the EPQ-R)",NA,NA,"Avoid crowds.",NA,"Slightly Inaccurate",3
"sapa_personality","sapa_personality_1","q_314","SAPA-Project 696-item temperament item set (IPIP-based scales and the EPQ-R)",NA,NA,"Avoid crowds.",NA,"Slightly Accurate",4
"sapa_personality","sapa_personality_1","q_314","SAPA-Project 696-item temperament item set (IPIP-based scales and the EPQ-R)",NA,NA,"Avoid crowds.",NA,"Moderately Accurate",5
"sapa_personality","sapa_personality_1","q_314","SAPA-Project 696-item temperament item set (IPIP-based scales and the EPQ-R)",NA,NA,"Avoid crowds.",NA,"Very Accurate",6
"sapa_personality","sapa_personality_1","q_315","SAPA-Project 696-item temperament item set (IPIP-based scales and the EPQ-R)",NA,NA,"Avoid dangerous situations.",NA,"Very Inaccurate",1
"sapa_personality","sapa_personality_1","q_315","SAPA-Project 696-item temperament item set (IPIP-based scales and the EPQ-R)",NA,NA,"Avoid dangerous situations.",NA,"Moderately Inaccurate",2
"sapa_personality","sapa_personality_1","q_315","SAPA-Project 696-item temperament item set (IPIP-based scales and the EPQ-R)",NA,NA,"Avoid dangerous situations.",NA,"Slightly Inaccurate",3
"sapa_personality","sapa_personality_1","q_315","SAPA-Project 696-item temperament item set (IPIP-based scales and the EPQ-R)",NA,NA,"Avoid dangerous situations.",NA,"Slightly Accurate",4
"sapa_personality","sapa_personality_1","q_315","SAPA-Project 696-item temperament item set (IPIP-based scales and the EPQ-R)",NA,NA,"Avoid dangerous situations.",NA,"Moderately Accurate",5
"sapa_personality","sapa_personality_1","q_315","SAPA-Project 696-item temperament item set (IPIP-based scales and the EPQ-R)",NA,NA,"Avoid dangerous situations.",NA,"Very Accurate",6
"sapa_personality","sapa_personality_1","q_316","SAPA-Project 696-item temperament item set (IPIP-based scales and the EPQ-R)",NA,NA,"Avoid difficult reading material.",NA,"Very Inaccurate",1
"sapa_personality","sapa_personality_1","q_316","SAPA-Project 696-item temperament item set (IPIP-based scales and the EPQ-R)",NA,NA,"Avoid difficult reading material.",NA,"Moderately Inaccurate",2
"sapa_personality","sapa_personality_1","q_316","SAPA-Project 696-item temperament item set (IPIP-based scales and the EPQ-R)",NA,NA,"Avoid difficult reading material.",NA,"Slightly Inaccurate",3
"sapa_personality","sapa_personality_1","q_316","SAPA-Project 696-item temperament item set (IPIP-based scales and the EPQ-R)",NA,NA,"Avoid difficult reading material.",NA,"Slightly Accurate",4
"sapa_personality","sapa_personality_1","q_316","SAPA-Project 696-item temperament item set (IPIP-based scales and the EPQ-R)",NA,NA,"Avoid difficult reading material.",NA,"Moderately Accurate",5
"sapa_personality","sapa_personality_1","q_316","SAPA-Project 696-item temperament item set (IPIP-based scales and the EPQ-R)",NA,NA,"Avoid difficult reading material.",NA,"Very Accurate",6
"sapa_personality","sapa_personality_1","q_319","SAPA-Project 696-item temperament item set (IPIP-based scales and the EPQ-R)",NA,NA,"Avoid imposing my will on others.",NA,"Very Inaccurate",1
"sapa_personality","sapa_personality_1","q_319","SAPA-Project 696-item temperament item set (IPIP-based scales and the EPQ-R)",NA,NA,"Avoid imposing my will on others.",NA,"Moderately Inaccurate",2
"sapa_personality","sapa_personality_1","q_319","SAPA-Project 696-item temperament item set (IPIP-based scales and the EPQ-R)",NA,NA,"Avoid imposing my will on others.",NA,"Slightly Inaccurate",3
"sapa_personality","sapa_personality_1","q_319","SAPA-Project 696-item temperament item set (IPIP-based scales and the EPQ-R)",NA,NA,"Avoid imposing my will on others.",NA,"Slightly Accurate",4
"sapa_personality","sapa_personality_1","q_319","SAPA-Project 696-item temperament item set (IPIP-based scales and the EPQ-R)",NA,NA,"Avoid imposing my will on others.",NA,"Moderately Accurate",5
"sapa_personality","sapa_personality_1","q_319","SAPA-Project 696-item temperament item set (IPIP-based scales and the EPQ-R)",NA,NA,"Avoid imposing my will on others.",NA,"Very Accurate",6
"sapa_personality","sapa_personality_1","q_321","SAPA-Project 696-item temperament item set (IPIP-based scales and the EPQ-R)",NA,NA,"Avoid mistakes.",NA,"Very Inaccurate",1
"sapa_personality","sapa_personality_1","q_321","SAPA-Project 696-item temperament item set (IPIP-based scales and the EPQ-R)",NA,NA,"Avoid mistakes.",NA,"Moderately Inaccurate",2
"sapa_personality","sapa_personality_1","q_321","SAPA-Project 696-item temperament item set (IPIP-based scales and the EPQ-R)",NA,NA,"Avoid mistakes.",NA,"Slightly Inaccurate",3
"sapa_personality","sapa_personality_1","q_321","SAPA-Project 696-item temperament item set (IPIP-based scales and the EPQ-R)",NA,NA,"Avoid mistakes.",NA,"Slightly Accurate",4
"sapa_personality","sapa_personality_1","q_321","SAPA-Project 696-item temperament item set (IPIP-based scales and the EPQ-R)",NA,NA,"Avoid mistakes.",NA,"Moderately Accurate",5
"sapa_personality","sapa_personality_1","q_321","SAPA-Project 696-item temperament item set (IPIP-based scales and the EPQ-R)",NA,NA,"Avoid mistakes.",NA,"Very Accurate",6
"sapa_personality","sapa_personality_1","q_322","SAPA-Project 696-item temperament item set (IPIP-based scales and the EPQ-R)",NA,NA,"Avoid philosophical discussions.",NA,"Very Inaccurate",1
"sapa_personality","sapa_personality_1","q_322","SAPA-Project 696-item temperament item set (IPIP-based scales and the EPQ-R)",NA,NA,"Avoid philosophical discussions.",NA,"Moderately Inaccurate",2
"sapa_personality","sapa_personality_1","q_322","SAPA-Project 696-item temperament item set (IPIP-based scales and the EPQ-R)",NA,NA,"Avoid philosophical discussions.",NA,"Slightly Inaccurate",3
"sapa_personality","sapa_personality_1","q_322","SAPA-Project 696-item temperament item set (IPIP-based scales and the EPQ-R)",NA,NA,"Avoid philosophical discussions.",NA,"Slightly Accurate",4
"sapa_personality","sapa_personality_1","q_322","SAPA-Project 696-item temperament item set (IPIP-based scales and the EPQ-R)",NA,NA,"Avoid philosophical discussions.",NA,"Moderately Accurate",5
"sapa_personality","sapa_personality_1","q_322","SAPA-Project 696-item temperament item set (IPIP-based scales and the EPQ-R)",NA,NA,"Avoid philosophical discussions.",NA,"Very Accurate",6
"sapa_personality","sapa_personality_1","q_331","SAPA-Project 696-item temperament item set (IPIP-based scales and the EPQ-R)",NA,NA,"[A]ngry w people...don't live up to my expectations.",NA,"Very Inaccurate",1
"sapa_personality","sapa_personality_1","q_331","SAPA-Project 696-item temperament item set (IPIP-based scales and the EPQ-R)",NA,NA,"[A]ngry w people...don't live up to my expectations.",NA,"Moderately Inaccurate",2
"sapa_personality","sapa_personality_1","q_331","SAPA-Project 696-item temperament item set (IPIP-based scales and the EPQ-R)",NA,NA,"[A]ngry w people...don't live up to my expectations.",NA,"Slightly Inaccurate",3
"sapa_personality","sapa_personality_1","q_331","SAPA-Project 696-item temperament item set (IPIP-based scales and the EPQ-R)",NA,NA,"[A]ngry w people...don't live up to my expectations.",NA,"Slightly Accurate",4
"sapa_personality","sapa_personality_1","q_331","SAPA-Project 696-item temperament item set (IPIP-based scales and the EPQ-R)",NA,NA,"[A]ngry w people...don't live up to my expectations.",NA,"Moderately Accurate",5
"sapa_personality","sapa_personality_1","q_331","SAPA-Project 696-item temperament item set (IPIP-based scales and the EPQ-R)",NA,NA,"[A]ngry w people...don't live up to my expectations.",NA,"Very Accurate",6
"sapa_personality","sapa_personality_1","q_332","SAPA-Project 696-item temperament item set (IPIP-based scales and the EPQ-R)",NA,NA,"Become overwhelmed by events.",NA,"Very Inaccurate",1
"sapa_personality","sapa_personality_1","q_332","SAPA-Project 696-item temperament item set (IPIP-based scales and the EPQ-R)",NA,NA,"Become overwhelmed by events.",NA,"Moderately Inaccurate",2
"sapa_personality","sapa_personality_1","q_332","SAPA-Project 696-item temperament item set (IPIP-based scales and the EPQ-R)",NA,NA,"Become overwhelmed by events.",NA,"Slightly Inaccurate",3
"sapa_personality","sapa_personality_1","q_332","SAPA-Project 696-item temperament item set (IPIP-based scales and the EPQ-R)",NA,NA,"Become overwhelmed by events.",NA,"Slightly Accurate",4
"sapa_personality","sapa_personality_1","q_332","SAPA-Project 696-item temperament item set (IPIP-based scales and the EPQ-R)",NA,NA,"Become overwhelmed by events.",NA,"Moderately Accurate",5
"sapa_personality","sapa_personality_1","q_332","SAPA-Project 696-item temperament item set (IPIP-based scales and the EPQ-R)",NA,NA,"Become overwhelmed by events.",NA,"Very Accurate",6
"sapa_personality","sapa_personality_1","q_334","SAPA-Project 696-item temperament item set (IPIP-based scales and the EPQ-R)",NA,NA,"Begin to panic when there is danger.",NA,"Very Inaccurate",1
"sapa_personality","sapa_personality_1","q_334","SAPA-Project 696-item temperament item set (IPIP-based scales and the EPQ-R)",NA,NA,"Begin to panic when there is danger.",NA,"Moderately Inaccurate",2
"sapa_personality","sapa_personality_1","q_334","SAPA-Project 696-item temperament item set (IPIP-based scales and the EPQ-R)",NA,NA,"Begin to panic when there is danger.",NA,"Slightly Inaccurate",3
"sapa_personality","sapa_personality_1","q_334","SAPA-Project 696-item temperament item set (IPIP-based scales and the EPQ-R)",NA,NA,"Begin to panic when there is danger.",NA,"Slightly Accurate",4
"sapa_personality","sapa_personality_1","q_334","SAPA-Project 696-item temperament item set (IPIP-based scales and the EPQ-R)",NA,NA,"Begin to panic when there is danger.",NA,"Moderately Accurate",5
"sapa_personality","sapa_personality_1","q_334","SAPA-Project 696-item temperament item set (IPIP-based scales and the EPQ-R)",NA,NA,"Begin to panic when there is danger.",NA,"Very Accurate",6
"sapa_personality","sapa_personality_1","q_339","SAPA-Project 696-item temperament item set (IPIP-based scales and the EPQ-R)",NA,NA,"Believe in an eye for an eye.",NA,"Very Inaccurate",1
"sapa_personality","sapa_personality_1","q_339","SAPA-Project 696-item temperament item set (IPIP-based scales and the EPQ-R)",NA,NA,"Believe in an eye for an eye.",NA,"Moderately Inaccurate",2
"sapa_personality","sapa_personality_1","q_339","SAPA-Project 696-item temperament item set (IPIP-based scales and the EPQ-R)",NA,NA,"Believe in an eye for an eye.",NA,"Slightly Inaccurate",3
"sapa_personality","sapa_personality_1","q_339","SAPA-Project 696-item temperament item set (IPIP-based scales and the EPQ-R)",NA,NA,"Believe in an eye for an eye.",NA,"Slightly Accurate",4
"sapa_personality","sapa_personality_1","q_339","SAPA-Project 696-item temperament item set (IPIP-based scales and the EPQ-R)",NA,NA,"Believe in an eye for an eye.",NA,"Moderately Accurate",5
"sapa_personality","sapa_personality_1","q_339","SAPA-Project 696-item temperament item set (IPIP-based scales and the EPQ-R)",NA,NA,"Believe in an eye for an eye.",NA,"Very Accurate",6
"sapa_personality","sapa_personality_1","q_343","SAPA-Project 696-item temperament item set (IPIP-based scales and the EPQ-R)",NA,NA,"Believe in human goodness.",NA,"Very Inaccurate",1
"sapa_personality","sapa_personality_1","q_343","SAPA-Project 696-item temperament item set (IPIP-based scales and the EPQ-R)",NA,NA,"Believe in human goodness.",NA,"Moderately Inaccurate",2
"sapa_personality","sapa_personality_1","q_343","SAPA-Project 696-item temperament item set (IPIP-based scales and the EPQ-R)",NA,NA,"Believe in human goodness.",NA,"Slightly Inaccurate",3
"sapa_personality","sapa_personality_1","q_343","SAPA-Project 696-item temperament item set (IPIP-based scales and the EPQ-R)",NA,NA,"Believe in human goodness.",NA,"Slightly Accurate",4
"sapa_personality","sapa_personality_1","q_343","SAPA-Project 696-item temperament item set (IPIP-based scales and the EPQ-R)",NA,NA,"Believe in human goodness.",NA,"Moderately Accurate",5
"sapa_personality","sapa_personality_1","q_343","SAPA-Project 696-item temperament item set (IPIP-based scales and the EPQ-R)",NA,NA,"Believe in human goodness.",NA,"Very Accurate",6
"sapa_personality","sapa_personality_1","q_345","SAPA-Project 696-item temperament item set (IPIP-based scales and the EPQ-R)",NA,NA,"Believe in one true religion.",NA,"Very Inaccurate",1
"sapa_personality","sapa_personality_1","q_345","SAPA-Project 696-item temperament item set (IPIP-based scales and the EPQ-R)",NA,NA,"Believe in one true religion.",NA,"Moderately Inaccurate",2
"sapa_personality","sapa_personality_1","q_345","SAPA-Project 696-item temperament item set (IPIP-based scales and the EPQ-R)",NA,NA,"Believe in one true religion.",NA,"Slightly Inaccurate",3
"sapa_personality","sapa_personality_1","q_345","SAPA-Project 696-item temperament item set (IPIP-based scales and the EPQ-R)",NA,NA,"Believe in one true religion.",NA,"Slightly Accurate",4
"sapa_personality","sapa_personality_1","q_345","SAPA-Project 696-item temperament item set (IPIP-based scales and the EPQ-R)",NA,NA,"Believe in one true religion.",NA,"Moderately Accurate",5
"sapa_personality","sapa_personality_1","q_345","SAPA-Project 696-item temperament item set (IPIP-based scales and the EPQ-R)",NA,NA,"Believe in one true religion.",NA,"Very Accurate",6
"sapa_personality","sapa_personality_1","q_348","SAPA-Project 696-item temperament item set (IPIP-based scales and the EPQ-R)",NA,NA,"Believe in the importance of art.",NA,"Very Inaccurate",1
"sapa_personality","sapa_personality_1","q_348","SAPA-Project 696-item temperament item set (IPIP-based scales and the EPQ-R)",NA,NA,"Believe in the importance of art.",NA,"Moderately Inaccurate",2
"sapa_personality","sapa_personality_1","q_348","SAPA-Project 696-item temperament item set (IPIP-based scales and the EPQ-R)",NA,NA,"Believe in the importance of art.",NA,"Slightly Inaccurate",3
"sapa_personality","sapa_personality_1","q_348","SAPA-Project 696-item temperament item set (IPIP-based scales and the EPQ-R)",NA,NA,"Believe in the importance of art.",NA,"Slightly Accurate",4
"sapa_personality","sapa_personality_1","q_348","SAPA-Project 696-item temperament item set (IPIP-based scales and the EPQ-R)",NA,NA,"Believe in the importance of art.",NA,"Moderately Accurate",5
"sapa_personality","sapa_personality_1","q_348","SAPA-Project 696-item temperament item set (IPIP-based scales and the EPQ-R)",NA,NA,"Believe in the importance of art.",NA,"Very Accurate",6
"sapa_personality","sapa_personality_1","q_359","SAPA-Project 696-item temperament item set (IPIP-based scales and the EPQ-R)",NA,NA,"Believe that criminals should receive help rather than punishment.",NA,"Very Inaccurate",1
"sapa_personality","sapa_personality_1","q_359","SAPA-Project 696-item temperament item set (IPIP-based scales and the EPQ-R)",NA,NA,"Believe that criminals should receive help rather than punishment.",NA,"Moderately Inaccurate",2
"sapa_personality","sapa_personality_1","q_359","SAPA-Project 696-item temperament item set (IPIP-based scales and the EPQ-R)",NA,NA,"Believe that criminals should receive help rather than punishment.",NA,"Slightly Inaccurate",3
"sapa_personality","sapa_personality_1","q_359","SAPA-Project 696-item temperament item set (IPIP-based scales and the EPQ-R)",NA,NA,"Believe that criminals should receive help rather than punishment.",NA,"Slightly Accurate",4
"sapa_personality","sapa_personality_1","q_359","SAPA-Project 696-item temperament item set (IPIP-based scales and the EPQ-R)",NA,NA,"Believe that criminals should receive help rather than punishment.",NA,"Moderately Accurate",5
"sapa_personality","sapa_personality_1","q_359","SAPA-Project 696-item temperament item set (IPIP-based scales and the EPQ-R)",NA,NA,"Believe that criminals should receive help rather than punishment.",NA,"Very Accurate",6
"sapa_personality","sapa_personality_1","q_364","SAPA-Project 696-item temperament item set (IPIP-based scales and the EPQ-R)",NA,NA,"Believe that I am better than others.",NA,"Very Inaccurate",1
"sapa_personality","sapa_personality_1","q_364","SAPA-Project 696-item temperament item set (IPIP-based scales and the EPQ-R)",NA,NA,"Believe that I am better than others.",NA,"Moderately Inaccurate",2
"sapa_personality","sapa_personality_1","q_364","SAPA-Project 696-item temperament item set (IPIP-based scales and the EPQ-R)",NA,NA,"Believe that I am better than others.",NA,"Slightly Inaccurate",3
"sapa_personality","sapa_personality_1","q_364","SAPA-Project 696-item temperament item set (IPIP-based scales and the EPQ-R)",NA,NA,"Believe that I am better than others.",NA,"Slightly Accurate",4
"sapa_personality","sapa_personality_1","q_364","SAPA-Project 696-item temperament item set (IPIP-based scales and the EPQ-R)",NA,NA,"Believe that I am better than others.",NA,"Moderately Accurate",5
"sapa_personality","sapa_personality_1","q_364","SAPA-Project 696-item temperament item set (IPIP-based scales and the EPQ-R)",NA,NA,"Believe that I am better than others.",NA,"Very Accurate",6
"sapa_personality","sapa_personality_1","q_369","SAPA-Project 696-item temperament item set (IPIP-based scales and the EPQ-R)",NA,NA,"Believe laws should be strictly enforced.",NA,"Very Inaccurate",1
"sapa_personality","sapa_personality_1","q_369","SAPA-Project 696-item temperament item set (IPIP-based scales and the EPQ-R)",NA,NA,"Believe laws should be strictly enforced.",NA,"Moderately Inaccurate",2
"sapa_personality","sapa_personality_1","q_369","SAPA-Project 696-item temperament item set (IPIP-based scales and the EPQ-R)",NA,NA,"Believe laws should be strictly enforced.",NA,"Slightly Inaccurate",3
"sapa_personality","sapa_personality_1","q_369","SAPA-Project 696-item temperament item set (IPIP-based scales and the EPQ-R)",NA,NA,"Believe laws should be strictly enforced.",NA,"Slightly Accurate",4
"sapa_personality","sapa_personality_1","q_369","SAPA-Project 696-item temperament item set (IPIP-based scales and the EPQ-R)",NA,NA,"Believe laws should be strictly enforced.",NA,"Moderately Accurate",5
"sapa_personality","sapa_personality_1","q_369","SAPA-Project 696-item temperament item set (IPIP-based scales and the EPQ-R)",NA,NA,"Believe laws should be strictly enforced.",NA,"Very Accurate",6
"sapa_personality","sapa_personality_1","q_377","SAPA-Project 696-item temperament item set (IPIP-based scales and the EPQ-R)",NA,NA,"Believe that others have good intentions.",NA,"Very Inaccurate",1
"sapa_personality","sapa_personality_1","q_377","SAPA-Project 696-item temperament item set (IPIP-based scales and the EPQ-R)",NA,NA,"Believe that others have good intentions.",NA,"Moderately Inaccurate",2
"sapa_personality","sapa_personality_1","q_377","SAPA-Project 696-item temperament item set (IPIP-based scales and the EPQ-R)",NA,NA,"Believe that others have good intentions.",NA,"Slightly Inaccurate",3
"sapa_personality","sapa_personality_1","q_377","SAPA-Project 696-item temperament item set (IPIP-based scales and the EPQ-R)",NA,NA,"Believe that others have good intentions.",NA,"Slightly Accurate",4
"sapa_personality","sapa_personality_1","q_377","SAPA-Project 696-item temperament item set (IPIP-based scales and the EPQ-R)",NA,NA,"Believe that others have good intentions.",NA,"Moderately Accurate",5
"sapa_personality","sapa_personality_1","q_377","SAPA-Project 696-item temperament item set (IPIP-based scales and the EPQ-R)",NA,NA,"Believe that others have good intentions.",NA,"Very Accurate",6
"sapa_personality","sapa_personality_1","q_379","SAPA-Project 696-item temperament item set (IPIP-based scales and the EPQ-R)",NA,NA,"Believe that people are basically moral.",NA,"Very Inaccurate",1
"sapa_personality","sapa_personality_1","q_379","SAPA-Project 696-item temperament item set (IPIP-based scales and the EPQ-R)",NA,NA,"Believe that people are basically moral.",NA,"Moderately Inaccurate",2
"sapa_personality","sapa_personality_1","q_379","SAPA-Project 696-item temperament item set (IPIP-based scales and the EPQ-R)",NA,NA,"Believe that people are basically moral.",NA,"Slightly Inaccurate",3
"sapa_personality","sapa_personality_1","q_379","SAPA-Project 696-item temperament item set (IPIP-based scales and the EPQ-R)",NA,NA,"Believe that people are basically moral.",NA,"Slightly Accurate",4
"sapa_personality","sapa_personality_1","q_379","SAPA-Project 696-item temperament item set (IPIP-based scales and the EPQ-R)",NA,NA,"Believe that people are basically moral.",NA,"Moderately Accurate",5
"sapa_personality","sapa_personality_1","q_379","SAPA-Project 696-item temperament item set (IPIP-based scales and the EPQ-R)",NA,NA,"Believe that people are basically moral.",NA,"Very Accurate",6
"sapa_personality","sapa_personality_1","q_381","SAPA-Project 696-item temperament item set (IPIP-based scales and the EPQ-R)",NA,NA,"Believe that people are essentially evil.",NA,"Very Inaccurate",1
"sapa_personality","sapa_personality_1","q_381","SAPA-Project 696-item temperament item set (IPIP-based scales and the EPQ-R)",NA,NA,"Believe that people are essentially evil.",NA,"Moderately Inaccurate",2
"sapa_personality","sapa_personality_1","q_381","SAPA-Project 696-item temperament item set (IPIP-based scales and the EPQ-R)",NA,NA,"Believe that people are essentially evil.",NA,"Slightly Inaccurate",3
"sapa_personality","sapa_personality_1","q_381","SAPA-Project 696-item temperament item set (IPIP-based scales and the EPQ-R)",NA,NA,"Believe that people are essentially evil.",NA,"Slightly Accurate",4
"sapa_personality","sapa_personality_1","q_381","SAPA-Project 696-item temperament item set (IPIP-based scales and the EPQ-R)",NA,NA,"Believe that people are essentially evil.",NA,"Moderately Accurate",5
"sapa_personality","sapa_personality_1","q_381","SAPA-Project 696-item temperament item set (IPIP-based scales and the EPQ-R)",NA,NA,"Believe that people are essentially evil.",NA,"Very Accurate",6
"sapa_personality","sapa_personality_1","q_383","SAPA-Project 696-item temperament item set (IPIP-based scales and the EPQ-R)",NA,NA,"Believe people should fend for themselves.",NA,"Very Inaccurate",1
"sapa_personality","sapa_personality_1","q_383","SAPA-Project 696-item temperament item set (IPIP-based scales and the EPQ-R)",NA,NA,"Believe people should fend for themselves.",NA,"Moderately Inaccurate",2
"sapa_personality","sapa_personality_1","q_383","SAPA-Project 696-item temperament item set (IPIP-based scales and the EPQ-R)",NA,NA,"Believe people should fend for themselves.",NA,"Slightly Inaccurate",3
"sapa_personality","sapa_personality_1","q_383","SAPA-Project 696-item temperament item set (IPIP-based scales and the EPQ-R)",NA,NA,"Believe people should fend for themselves.",NA,"Slightly Accurate",4
"sapa_personality","sapa_personality_1","q_383","SAPA-Project 696-item temperament item set (IPIP-based scales and the EPQ-R)",NA,NA,"Believe people should fend for themselves.",NA,"Moderately Accurate",5
"sapa_personality","sapa_personality_1","q_383","SAPA-Project 696-item temperament item set (IPIP-based scales and the EPQ-R)",NA,NA,"Believe people should fend for themselves.",NA,"Very Accurate",6
"sapa_personality","sapa_personality_1","q_393","SAPA-Project 696-item temperament item set (IPIP-based scales and the EPQ-R)",NA,NA,"Believe there is never an excuse for lying.",NA,"Very Inaccurate",1
"sapa_personality","sapa_personality_1","q_393","SAPA-Project 696-item temperament item set (IPIP-based scales and the EPQ-R)",NA,NA,"Believe there is never an excuse for lying.",NA,"Moderately Inaccurate",2
"sapa_personality","sapa_personality_1","q_393","SAPA-Project 696-item temperament item set (IPIP-based scales and the EPQ-R)",NA,NA,"Believe there is never an excuse for lying.",NA,"Slightly Inaccurate",3
"sapa_personality","sapa_personality_1","q_393","SAPA-Project 696-item temperament item set (IPIP-based scales and the EPQ-R)",NA,NA,"Believe there is never an excuse for lying.",NA,"Slightly Accurate",4
"sapa_personality","sapa_personality_1","q_393","SAPA-Project 696-item temperament item set (IPIP-based scales and the EPQ-R)",NA,NA,"Believe there is never an excuse for lying.",NA,"Moderately Accurate",5
"sapa_personality","sapa_personality_1","q_393","SAPA-Project 696-item temperament item set (IPIP-based scales and the EPQ-R)",NA,NA,"Believe there is never an excuse for lying.",NA,"Very Accurate",6
"sapa_personality","sapa_personality_1","q_394","SAPA-Project 696-item temperament item set (IPIP-based scales and the EPQ-R)",NA,NA,"Believe that there is no absolute right and wrong.",NA,"Very Inaccurate",1
"sapa_personality","sapa_personality_1","q_394","SAPA-Project 696-item temperament item set (IPIP-based scales and the EPQ-R)",NA,NA,"Believe that there is no absolute right and wrong.",NA,"Moderately Inaccurate",2
"sapa_personality","sapa_personality_1","q_394","SAPA-Project 696-item temperament item set (IPIP-based scales and the EPQ-R)",NA,NA,"Believe that there is no absolute right and wrong.",NA,"Slightly Inaccurate",3
"sapa_personality","sapa_personality_1","q_394","SAPA-Project 696-item temperament item set (IPIP-based scales and the EPQ-R)",NA,NA,"Believe that there is no absolute right and wrong.",NA,"Slightly Accurate",4
"sapa_personality","sapa_personality_1","q_394","SAPA-Project 696-item temperament item set (IPIP-based scales and the EPQ-R)",NA,NA,"Believe that there is no absolute right and wrong.",NA,"Moderately Accurate",5
"sapa_personality","sapa_personality_1","q_394","SAPA-Project 696-item temperament item set (IPIP-based scales and the EPQ-R)",NA,NA,"Believe that there is no absolute right and wrong.",NA,"Very Accurate",6
"sapa_personality","sapa_personality_1","q_395","SAPA-Project 696-item temperament item set (IPIP-based scales and the EPQ-R)",NA,NA,"Believe that too much tax money goes to support artists.",NA,"Very Inaccurate",1
"sapa_personality","sapa_personality_1","q_395","SAPA-Project 696-item temperament item set (IPIP-based scales and the EPQ-R)",NA,NA,"Believe that too much tax money goes to support artists.",NA,"Moderately Inaccurate",2
"sapa_personality","sapa_personality_1","q_395","SAPA-Project 696-item temperament item set (IPIP-based scales and the EPQ-R)",NA,NA,"Believe that too much tax money goes to support artists.",NA,"Slightly Inaccurate",3
"sapa_personality","sapa_personality_1","q_395","SAPA-Project 696-item temperament item set (IPIP-based scales and the EPQ-R)",NA,NA,"Believe that too much tax money goes to support artists.",NA,"Slightly Accurate",4
"sapa_personality","sapa_personality_1","q_395","SAPA-Project 696-item temperament item set (IPIP-based scales and the EPQ-R)",NA,NA,"Believe that too much tax money goes to support artists.",NA,"Moderately Accurate",5
"sapa_personality","sapa_personality_1","q_395","SAPA-Project 696-item temperament item set (IPIP-based scales and the EPQ-R)",NA,NA,"Believe that too much tax money goes to support artists.",NA,"Very Accurate",6
"sapa_personality","sapa_personality_1","q_397","SAPA-Project 696-item temperament item set (IPIP-based scales and the EPQ-R)",NA,NA,"Believe that we coddle criminals too much.",NA,"Very Inaccurate",1
"sapa_personality","sapa_personality_1","q_397","SAPA-Project 696-item temperament item set (IPIP-based scales and the EPQ-R)",NA,NA,"Believe that we coddle criminals too much.",NA,"Moderately Inaccurate",2
"sapa_personality","sapa_personality_1","q_397","SAPA-Project 696-item temperament item set (IPIP-based scales and the EPQ-R)",NA,NA,"Believe that we coddle criminals too much.",NA,"Slightly Inaccurate",3
"sapa_personality","sapa_personality_1","q_397","SAPA-Project 696-item temperament item set (IPIP-based scales and the EPQ-R)",NA,NA,"Believe that we coddle criminals too much.",NA,"Slightly Accurate",4
"sapa_personality","sapa_personality_1","q_397","SAPA-Project 696-item temperament item set (IPIP-based scales and the EPQ-R)",NA,NA,"Believe that we coddle criminals too much.",NA,"Moderately Accurate",5
"sapa_personality","sapa_personality_1","q_397","SAPA-Project 696-item temperament item set (IPIP-based scales and the EPQ-R)",NA,NA,"Believe that we coddle criminals too much.",NA,"Very Accurate",6
"sapa_personality","sapa_personality_1","q_398","SAPA-Project 696-item temperament item set (IPIP-based scales and the EPQ-R)",NA,NA,"Believe that we should be tough on crime.",NA,"Very Inaccurate",1
"sapa_personality","sapa_personality_1","q_398","SAPA-Project 696-item temperament item set (IPIP-based scales and the EPQ-R)",NA,NA,"Believe that we should be tough on crime.",NA,"Moderately Inaccurate",2
"sapa_personality","sapa_personality_1","q_398","SAPA-Project 696-item temperament item set (IPIP-based scales and the EPQ-R)",NA,NA,"Believe that we should be tough on crime.",NA,"Slightly Inaccurate",3
"sapa_personality","sapa_personality_1","q_398","SAPA-Project 696-item temperament item set (IPIP-based scales and the EPQ-R)",NA,NA,"Believe that we should be tough on crime.",NA,"Slightly Accurate",4
"sapa_personality","sapa_personality_1","q_398","SAPA-Project 696-item temperament item set (IPIP-based scales and the EPQ-R)",NA,NA,"Believe that we should be tough on crime.",NA,"Moderately Accurate",5
"sapa_personality","sapa_personality_1","q_398","SAPA-Project 696-item temperament item set (IPIP-based scales and the EPQ-R)",NA,NA,"Believe that we should be tough on crime.",NA,"Very Accurate",6
"sapa_personality","sapa_personality_1","q_401","SAPA-Project 696-item temperament item set (IPIP-based scales and the EPQ-R)",NA,NA,"Boast about my virtues.",NA,"Very Inaccurate",1
"sapa_personality","sapa_personality_1","q_401","SAPA-Project 696-item temperament item set (IPIP-based scales and the EPQ-R)",NA,NA,"Boast about my virtues.",NA,"Moderately Inaccurate",2
"sapa_personality","sapa_personality_1","q_401","SAPA-Project 696-item temperament item set (IPIP-based scales and the EPQ-R)",NA,NA,"Boast about my virtues.",NA,"Slightly Inaccurate",3
"sapa_personality","sapa_personality_1","q_401","SAPA-Project 696-item temperament item set (IPIP-based scales and the EPQ-R)",NA,NA,"Boast about my virtues.",NA,"Slightly Accurate",4
"sapa_personality","sapa_personality_1","q_401","SAPA-Project 696-item temperament item set (IPIP-based scales and the EPQ-R)",NA,NA,"Boast about my virtues.",NA,"Moderately Accurate",5
"sapa_personality","sapa_personality_1","q_401","SAPA-Project 696-item temperament item set (IPIP-based scales and the EPQ-R)",NA,NA,"Boast about my virtues.",NA,"Very Accurate",6
"sapa_personality","sapa_personality_1","q_403","SAPA-Project 696-item temperament item set (IPIP-based scales and the EPQ-R)",NA,NA,"Bottle up my feelings.",NA,"Very Inaccurate",1
"sapa_personality","sapa_personality_1","q_403","SAPA-Project 696-item temperament item set (IPIP-based scales and the EPQ-R)",NA,NA,"Bottle up my feelings.",NA,"Moderately Inaccurate",2
"sapa_personality","sapa_personality_1","q_403","SAPA-Project 696-item temperament item set (IPIP-based scales and the EPQ-R)",NA,NA,"Bottle up my feelings.",NA,"Slightly Inaccurate",3
"sapa_personality","sapa_personality_1","q_403","SAPA-Project 696-item temperament item set (IPIP-based scales and the EPQ-R)",NA,NA,"Bottle up my feelings.",NA,"Slightly Accurate",4
"sapa_personality","sapa_personality_1","q_403","SAPA-Project 696-item temperament item set (IPIP-based scales and the EPQ-R)",NA,NA,"Bottle up my feelings.",NA,"Moderately Accurate",5
"sapa_personality","sapa_personality_1","q_403","SAPA-Project 696-item temperament item set (IPIP-based scales and the EPQ-R)",NA,NA,"Bottle up my feelings.",NA,"Very Accurate",6
"sapa_personality","sapa_personality_1","q_404","SAPA-Project 696-item temperament item set (IPIP-based scales and the EPQ-R)",NA,NA,"Break my promises.",NA,"Very Inaccurate",1
"sapa_personality","sapa_personality_1","q_404","SAPA-Project 696-item temperament item set (IPIP-based scales and the EPQ-R)",NA,NA,"Break my promises.",NA,"Moderately Inaccurate",2
"sapa_personality","sapa_personality_1","q_404","SAPA-Project 696-item temperament item set (IPIP-based scales and the EPQ-R)",NA,NA,"Break my promises.",NA,"Slightly Inaccurate",3
"sapa_personality","sapa_personality_1","q_404","SAPA-Project 696-item temperament item set (IPIP-based scales and the EPQ-R)",NA,NA,"Break my promises.",NA,"Slightly Accurate",4
"sapa_personality","sapa_personality_1","q_404","SAPA-Project 696-item temperament item set (IPIP-based scales and the EPQ-R)",NA,NA,"Break my promises.",NA,"Moderately Accurate",5
"sapa_personality","sapa_personality_1","q_404","SAPA-Project 696-item temperament item set (IPIP-based scales and the EPQ-R)",NA,NA,"Break my promises.",NA,"Very Accurate",6
"sapa_personality","sapa_personality_1","q_405","SAPA-Project 696-item temperament item set (IPIP-based scales and the EPQ-R)",NA,NA,"Break rules.",NA,"Very Inaccurate",1
"sapa_personality","sapa_personality_1","q_405","SAPA-Project 696-item temperament item set (IPIP-based scales and the EPQ-R)",NA,NA,"Break rules.",NA,"Moderately Inaccurate",2
"sapa_personality","sapa_personality_1","q_405","SAPA-Project 696-item temperament item set (IPIP-based scales and the EPQ-R)",NA,NA,"Break rules.",NA,"Slightly Inaccurate",3
"sapa_personality","sapa_personality_1","q_405","SAPA-Project 696-item temperament item set (IPIP-based scales and the EPQ-R)",NA,NA,"Break rules.",NA,"Slightly Accurate",4
"sapa_personality","sapa_personality_1","q_405","SAPA-Project 696-item temperament item set (IPIP-based scales and the EPQ-R)",NA,NA,"Break rules.",NA,"Moderately Accurate",5
"sapa_personality","sapa_personality_1","q_405","SAPA-Project 696-item temperament item set (IPIP-based scales and the EPQ-R)",NA,NA,"Break rules.",NA,"Very Accurate",6
"sapa_personality","sapa_personality_1","q_413","SAPA-Project 696-item temperament item set (IPIP-based scales and the EPQ-R)",NA,NA,"Can be stirred up easily.",NA,"Very Inaccurate",1
"sapa_personality","sapa_personality_1","q_413","SAPA-Project 696-item temperament item set (IPIP-based scales and the EPQ-R)",NA,NA,"Can be stirred up easily.",NA,"Moderately Inaccurate",2
"sapa_personality","sapa_personality_1","q_413","SAPA-Project 696-item temperament item set (IPIP-based scales and the EPQ-R)",NA,NA,"Can be stirred up easily.",NA,"Slightly Inaccurate",3
"sapa_personality","sapa_personality_1","q_413","SAPA-Project 696-item temperament item set (IPIP-based scales and the EPQ-R)",NA,NA,"Can be stirred up easily.",NA,"Slightly Accurate",4
"sapa_personality","sapa_personality_1","q_413","SAPA-Project 696-item temperament item set (IPIP-based scales and the EPQ-R)",NA,NA,"Can be stirred up easily.",NA,"Moderately Accurate",5
"sapa_personality","sapa_personality_1","q_413","SAPA-Project 696-item temperament item set (IPIP-based scales and the EPQ-R)",NA,NA,"Can be stirred up easily.",NA,"Very Accurate",6
"sapa_personality","sapa_personality_1","q_422","SAPA-Project 696-item temperament item set (IPIP-based scales and the EPQ-R)",NA,NA,"Can handle a lot of information.",NA,"Very Inaccurate",1
"sapa_personality","sapa_personality_1","q_422","SAPA-Project 696-item temperament item set (IPIP-based scales and the EPQ-R)",NA,NA,"Can handle a lot of information.",NA,"Moderately Inaccurate",2
"sapa_personality","sapa_personality_1","q_422","SAPA-Project 696-item temperament item set (IPIP-based scales and the EPQ-R)",NA,NA,"Can handle a lot of information.",NA,"Slightly Inaccurate",3
"sapa_personality","sapa_personality_1","q_422","SAPA-Project 696-item temperament item set (IPIP-based scales and the EPQ-R)",NA,NA,"Can handle a lot of information.",NA,"Slightly Accurate",4
"sapa_personality","sapa_personality_1","q_422","SAPA-Project 696-item temperament item set (IPIP-based scales and the EPQ-R)",NA,NA,"Can handle a lot of information.",NA,"Moderately Accurate",5
"sapa_personality","sapa_personality_1","q_422","SAPA-Project 696-item temperament item set (IPIP-based scales and the EPQ-R)",NA,NA,"Can handle a lot of information.",NA,"Very Accurate",6
"sapa_personality","sapa_personality_1","q_423","SAPA-Project 696-item temperament item set (IPIP-based scales and the EPQ-R)",NA,NA,"Can handle complex problems.",NA,"Very Inaccurate",1
"sapa_personality","sapa_personality_1","q_423","SAPA-Project 696-item temperament item set (IPIP-based scales and the EPQ-R)",NA,NA,"Can handle complex problems.",NA,"Moderately Inaccurate",2
"sapa_personality","sapa_personality_1","q_423","SAPA-Project 696-item temperament item set (IPIP-based scales and the EPQ-R)",NA,NA,"Can handle complex problems.",NA,"Slightly Inaccurate",3
"sapa_personality","sapa_personality_1","q_423","SAPA-Project 696-item temperament item set (IPIP-based scales and the EPQ-R)",NA,NA,"Can handle complex problems.",NA,"Slightly Accurate",4
"sapa_personality","sapa_personality_1","q_423","SAPA-Project 696-item temperament item set (IPIP-based scales and the EPQ-R)",NA,NA,"Can handle complex problems.",NA,"Moderately Accurate",5
"sapa_personality","sapa_personality_1","q_423","SAPA-Project 696-item temperament item set (IPIP-based scales and the EPQ-R)",NA,NA,"Can handle complex problems.",NA,"Very Accurate",6
"sapa_personality","sapa_personality_1","q_429","SAPA-Project 696-item temperament item set (IPIP-based scales and the EPQ-R)",NA,NA,"Can manage many things at the same time.",NA,"Very Inaccurate",1
"sapa_personality","sapa_personality_1","q_429","SAPA-Project 696-item temperament item set (IPIP-based scales and the EPQ-R)",NA,NA,"Can manage many things at the same time.",NA,"Moderately Inaccurate",2
"sapa_personality","sapa_personality_1","q_429","SAPA-Project 696-item temperament item set (IPIP-based scales and the EPQ-R)",NA,NA,"Can manage many things at the same time.",NA,"Slightly Inaccurate",3
"sapa_personality","sapa_personality_1","q_429","SAPA-Project 696-item temperament item set (IPIP-based scales and the EPQ-R)",NA,NA,"Can manage many things at the same time.",NA,"Slightly Accurate",4
"sapa_personality","sapa_personality_1","q_429","SAPA-Project 696-item temperament item set (IPIP-based scales and the EPQ-R)",NA,NA,"Can manage many things at the same time.",NA,"Moderately Accurate",5
"sapa_personality","sapa_personality_1","q_429","SAPA-Project 696-item temperament item set (IPIP-based scales and the EPQ-R)",NA,NA,"Can manage many things at the same time.",NA,"Very Accurate",6
"sapa_personality","sapa_personality_1","q_438","SAPA-Project 696-item temperament item set (IPIP-based scales and the EPQ-R)",NA,NA,"Can say things beautifully.",NA,"Very Inaccurate",1
"sapa_personality","sapa_personality_1","q_438","SAPA-Project 696-item temperament item set (IPIP-based scales and the EPQ-R)",NA,NA,"Can say things beautifully.",NA,"Moderately Inaccurate",2
"sapa_personality","sapa_personality_1","q_438","SAPA-Project 696-item temperament item set (IPIP-based scales and the EPQ-R)",NA,NA,"Can say things beautifully.",NA,"Slightly Inaccurate",3
"sapa_personality","sapa_personality_1","q_438","SAPA-Project 696-item temperament item set (IPIP-based scales and the EPQ-R)",NA,NA,"Can say things beautifully.",NA,"Slightly Accurate",4
"sapa_personality","sapa_personality_1","q_438","SAPA-Project 696-item temperament item set (IPIP-based scales and the EPQ-R)",NA,NA,"Can say things beautifully.",NA,"Moderately Accurate",5
"sapa_personality","sapa_personality_1","q_438","SAPA-Project 696-item temperament item set (IPIP-based scales and the EPQ-R)",NA,NA,"Can say things beautifully.",NA,"Very Accurate",6
"sapa_personality","sapa_personality_1","q_455","SAPA-Project 696-item temperament item set (IPIP-based scales and the EPQ-R)",NA,NA,"Can talk others into doing things.",NA,"Very Inaccurate",1
"sapa_personality","sapa_personality_1","q_455","SAPA-Project 696-item temperament item set (IPIP-based scales and the EPQ-R)",NA,NA,"Can talk others into doing things.",NA,"Moderately Inaccurate",2
"sapa_personality","sapa_personality_1","q_455","SAPA-Project 696-item temperament item set (IPIP-based scales and the EPQ-R)",NA,NA,"Can talk others into doing things.",NA,"Slightly Inaccurate",3
"sapa_personality","sapa_personality_1","q_455","SAPA-Project 696-item temperament item set (IPIP-based scales and the EPQ-R)",NA,NA,"Can talk others into doing things.",NA,"Slightly Accurate",4
"sapa_personality","sapa_personality_1","q_455","SAPA-Project 696-item temperament item set (IPIP-based scales and the EPQ-R)",NA,NA,"Can talk others into doing things.",NA,"Moderately Accurate",5
"sapa_personality","sapa_personality_1","q_455","SAPA-Project 696-item temperament item set (IPIP-based scales and the EPQ-R)",NA,NA,"Can talk others into doing things.",NA,"Very Accurate",6
"sapa_personality","sapa_personality_1","q_460","SAPA-Project 696-item temperament item set (IPIP-based scales and the EPQ-R)",NA,NA,"Can't be bothered with other's needs.",NA,"Very Inaccurate",1
"sapa_personality","sapa_personality_1","q_460","SAPA-Project 696-item temperament item set (IPIP-based scales and the EPQ-R)",NA,NA,"Can't be bothered with other's needs.",NA,"Moderately Inaccurate",2
"sapa_personality","sapa_personality_1","q_460","SAPA-Project 696-item temperament item set (IPIP-based scales and the EPQ-R)",NA,NA,"Can't be bothered with other's needs.",NA,"Slightly Inaccurate",3
"sapa_personality","sapa_personality_1","q_460","SAPA-Project 696-item temperament item set (IPIP-based scales and the EPQ-R)",NA,NA,"Can't be bothered with other's needs.",NA,"Slightly Accurate",4
"sapa_personality","sapa_personality_1","q_460","SAPA-Project 696-item temperament item set (IPIP-based scales and the EPQ-R)",NA,NA,"Can't be bothered with other's needs.",NA,"Moderately Accurate",5
"sapa_personality","sapa_personality_1","q_460","SAPA-Project 696-item temperament item set (IPIP-based scales and the EPQ-R)",NA,NA,"Can't be bothered with other's needs.",NA,"Very Accurate",6
"sapa_personality","sapa_personality_1","q_463","SAPA-Project 696-item temperament item set (IPIP-based scales and the EPQ-R)",NA,NA,"Can't do without the company of others.",NA,"Very Inaccurate",1
"sapa_personality","sapa_personality_1","q_463","SAPA-Project 696-item temperament item set (IPIP-based scales and the EPQ-R)",NA,NA,"Can't do without the company of others.",NA,"Moderately Inaccurate",2
"sapa_personality","sapa_personality_1","q_463","SAPA-Project 696-item temperament item set (IPIP-based scales and the EPQ-R)",NA,NA,"Can't do without the company of others.",NA,"Slightly Inaccurate",3
"sapa_personality","sapa_personality_1","q_463","SAPA-Project 696-item temperament item set (IPIP-based scales and the EPQ-R)",NA,NA,"Can't do without the company of others.",NA,"Slightly Accurate",4
"sapa_personality","sapa_personality_1","q_463","SAPA-Project 696-item temperament item set (IPIP-based scales and the EPQ-R)",NA,NA,"Can't do without the company of others.",NA,"Moderately Accurate",5
"sapa_personality","sapa_personality_1","q_463","SAPA-Project 696-item temperament item set (IPIP-based scales and the EPQ-R)",NA,NA,"Can't do without the company of others.",NA,"Very Accurate",6
"sapa_personality","sapa_personality_1","q_469","SAPA-Project 696-item temperament item set (IPIP-based scales and the EPQ-R)",NA,NA,"Can't make up my mind.",NA,"Very Inaccurate",1
"sapa_personality","sapa_personality_1","q_469","SAPA-Project 696-item temperament item set (IPIP-based scales and the EPQ-R)",NA,NA,"Can't make up my mind.",NA,"Moderately Inaccurate",2
"sapa_personality","sapa_personality_1","q_469","SAPA-Project 696-item temperament item set (IPIP-based scales and the EPQ-R)",NA,NA,"Can't make up my mind.",NA,"Slightly Inaccurate",3
"sapa_personality","sapa_personality_1","q_469","SAPA-Project 696-item temperament item set (IPIP-based scales and the EPQ-R)",NA,NA,"Can't make up my mind.",NA,"Slightly Accurate",4
"sapa_personality","sapa_personality_1","q_469","SAPA-Project 696-item temperament item set (IPIP-based scales and the EPQ-R)",NA,NA,"Can't make up my mind.",NA,"Moderately Accurate",5
"sapa_personality","sapa_personality_1","q_469","SAPA-Project 696-item temperament item set (IPIP-based scales and the EPQ-R)",NA,NA,"Can't make up my mind.",NA,"Very Accurate",6
"sapa_personality","sapa_personality_1","q_477","SAPA-Project 696-item temperament item set (IPIP-based scales and the EPQ-R)",NA,NA,"Can't stand being contradicted.",NA,"Very Inaccurate",1
"sapa_personality","sapa_personality_1","q_477","SAPA-Project 696-item temperament item set (IPIP-based scales and the EPQ-R)",NA,NA,"Can't stand being contradicted.",NA,"Moderately Inaccurate",2
"sapa_personality","sapa_personality_1","q_477","SAPA-Project 696-item temperament item set (IPIP-based scales and the EPQ-R)",NA,NA,"Can't stand being contradicted.",NA,"Slightly Inaccurate",3
"sapa_personality","sapa_personality_1","q_477","SAPA-Project 696-item temperament item set (IPIP-based scales and the EPQ-R)",NA,NA,"Can't stand being contradicted.",NA,"Slightly Accurate",4
"sapa_personality","sapa_personality_1","q_477","SAPA-Project 696-item temperament item set (IPIP-based scales and the EPQ-R)",NA,NA,"Can't stand being contradicted.",NA,"Moderately Accurate",5
"sapa_personality","sapa_personality_1","q_477","SAPA-Project 696-item temperament item set (IPIP-based scales and the EPQ-R)",NA,NA,"Can't stand being contradicted.",NA,"Very Accurate",6
"sapa_personality","sapa_personality_1","q_479","SAPA-Project 696-item temperament item set (IPIP-based scales and the EPQ-R)",NA,NA,"Can't stand confrontations.",NA,"Very Inaccurate",1
"sapa_personality","sapa_personality_1","q_479","SAPA-Project 696-item temperament item set (IPIP-based scales and the EPQ-R)",NA,NA,"Can't stand confrontations.",NA,"Moderately Inaccurate",2
"sapa_personality","sapa_personality_1","q_479","SAPA-Project 696-item temperament item set (IPIP-based scales and the EPQ-R)",NA,NA,"Can't stand confrontations.",NA,"Slightly Inaccurate",3
"sapa_personality","sapa_personality_1","q_479","SAPA-Project 696-item temperament item set (IPIP-based scales and the EPQ-R)",NA,NA,"Can't stand confrontations.",NA,"Slightly Accurate",4
"sapa_personality","sapa_personality_1","q_479","SAPA-Project 696-item temperament item set (IPIP-based scales and the EPQ-R)",NA,NA,"Can't stand confrontations.",NA,"Moderately Accurate",5
"sapa_personality","sapa_personality_1","q_479","SAPA-Project 696-item temperament item set (IPIP-based scales and the EPQ-R)",NA,NA,"Can't stand confrontations.",NA,"Very Accurate",6
"sapa_personality","sapa_personality_1","q_487","SAPA-Project 696-item temperament item set (IPIP-based scales and the EPQ-R)",NA,NA,"Can't stand weak people.",NA,"Very Inaccurate",1
"sapa_personality","sapa_personality_1","q_487","SAPA-Project 696-item temperament item set (IPIP-based scales and the EPQ-R)",NA,NA,"Can't stand weak people.",NA,"Moderately Inaccurate",2
"sapa_personality","sapa_personality_1","q_487","SAPA-Project 696-item temperament item set (IPIP-based scales and the EPQ-R)",NA,NA,"Can't stand weak people.",NA,"Slightly Inaccurate",3
"sapa_personality","sapa_personality_1","q_487","SAPA-Project 696-item temperament item set (IPIP-based scales and the EPQ-R)",NA,NA,"Can't stand weak people.",NA,"Slightly Accurate",4
"sapa_personality","sapa_personality_1","q_487","SAPA-Project 696-item temperament item set (IPIP-based scales and the EPQ-R)",NA,NA,"Can't stand weak people.",NA,"Moderately Accurate",5
"sapa_personality","sapa_personality_1","q_487","SAPA-Project 696-item temperament item set (IPIP-based scales and the EPQ-R)",NA,NA,"Can't stand weak people.",NA,"Very Accurate",6
"sapa_personality","sapa_personality_1","q_491","SAPA-Project 696-item temperament item set (IPIP-based scales and the EPQ-R)",NA,NA,"Carry out my plans.",NA,"Very Inaccurate",1
"sapa_personality","sapa_personality_1","q_491","SAPA-Project 696-item temperament item set (IPIP-based scales and the EPQ-R)",NA,NA,"Carry out my plans.",NA,"Moderately Inaccurate",2
"sapa_personality","sapa_personality_1","q_491","SAPA-Project 696-item temperament item set (IPIP-based scales and the EPQ-R)",NA,NA,"Carry out my plans.",NA,"Slightly Inaccurate",3
"sapa_personality","sapa_personality_1","q_491","SAPA-Project 696-item temperament item set (IPIP-based scales and the EPQ-R)",NA,NA,"Carry out my plans.",NA,"Slightly Accurate",4
"sapa_personality","sapa_personality_1","q_491","SAPA-Project 696-item temperament item set (IPIP-based scales and the EPQ-R)",NA,NA,"Carry out my plans.",NA,"Moderately Accurate",5
"sapa_personality","sapa_personality_1","q_491","SAPA-Project 696-item temperament item set (IPIP-based scales and the EPQ-R)",NA,NA,"Carry out my plans.",NA,"Very Accurate",6
"sapa_personality","sapa_personality_1","q_492","SAPA-Project 696-item temperament item set (IPIP-based scales and the EPQ-R)",NA,NA,"Carry the conversation to a higher level.",NA,"Very Inaccurate",1
"sapa_personality","sapa_personality_1","q_492","SAPA-Project 696-item temperament item set (IPIP-based scales and the EPQ-R)",NA,NA,"Carry the conversation to a higher level.",NA,"Moderately Inaccurate",2
"sapa_personality","sapa_personality_1","q_492","SAPA-Project 696-item temperament item set (IPIP-based scales and the EPQ-R)",NA,NA,"Carry the conversation to a higher level.",NA,"Slightly Inaccurate",3
"sapa_personality","sapa_personality_1","q_492","SAPA-Project 696-item temperament item set (IPIP-based scales and the EPQ-R)",NA,NA,"Carry the conversation to a higher level.",NA,"Slightly Accurate",4
"sapa_personality","sapa_personality_1","q_492","SAPA-Project 696-item temperament item set (IPIP-based scales and the EPQ-R)",NA,NA,"Carry the conversation to a higher level.",NA,"Moderately Accurate",5
"sapa_personality","sapa_personality_1","q_492","SAPA-Project 696-item temperament item set (IPIP-based scales and the EPQ-R)",NA,NA,"Carry the conversation to a higher level.",NA,"Very Accurate",6
"sapa_personality","sapa_personality_1","q_493","SAPA-Project 696-item temperament item set (IPIP-based scales and the EPQ-R)",NA,NA,"Catch on to things quickly.",NA,"Very Inaccurate",1
"sapa_personality","sapa_personality_1","q_493","SAPA-Project 696-item temperament item set (IPIP-based scales and the EPQ-R)",NA,NA,"Catch on to things quickly.",NA,"Moderately Inaccurate",2
"sapa_personality","sapa_personality_1","q_493","SAPA-Project 696-item temperament item set (IPIP-based scales and the EPQ-R)",NA,NA,"Catch on to things quickly.",NA,"Slightly Inaccurate",3
"sapa_personality","sapa_personality_1","q_493","SAPA-Project 696-item temperament item set (IPIP-based scales and the EPQ-R)",NA,NA,"Catch on to things quickly.",NA,"Slightly Accurate",4
"sapa_personality","sapa_personality_1","q_493","SAPA-Project 696-item temperament item set (IPIP-based scales and the EPQ-R)",NA,NA,"Catch on to things quickly.",NA,"Moderately Accurate",5
"sapa_personality","sapa_personality_1","q_493","SAPA-Project 696-item temperament item set (IPIP-based scales and the EPQ-R)",NA,NA,"Catch on to things quickly.",NA,"Very Accurate",6
"sapa_personality","sapa_personality_1","q_497","SAPA-Project 696-item temperament item set (IPIP-based scales and the EPQ-R)",NA,NA,"Change my mood a lot.",NA,"Very Inaccurate",1
"sapa_personality","sapa_personality_1","q_497","SAPA-Project 696-item temperament item set (IPIP-based scales and the EPQ-R)",NA,NA,"Change my mood a lot.",NA,"Moderately Inaccurate",2
"sapa_personality","sapa_personality_1","q_497","SAPA-Project 696-item temperament item set (IPIP-based scales and the EPQ-R)",NA,NA,"Change my mood a lot.",NA,"Slightly Inaccurate",3
"sapa_personality","sapa_personality_1","q_497","SAPA-Project 696-item temperament item set (IPIP-based scales and the EPQ-R)",NA,NA,"Change my mood a lot.",NA,"Slightly Accurate",4
"sapa_personality","sapa_personality_1","q_497","SAPA-Project 696-item temperament item set (IPIP-based scales and the EPQ-R)",NA,NA,"Change my mood a lot.",NA,"Moderately Accurate",5
"sapa_personality","sapa_personality_1","q_497","SAPA-Project 696-item temperament item set (IPIP-based scales and the EPQ-R)",NA,NA,"Change my mood a lot.",NA,"Very Accurate",6
"sapa_personality","sapa_personality_1","q_500","SAPA-Project 696-item temperament item set (IPIP-based scales and the EPQ-R)",NA,NA,"Cheat on people who have trusted me.",NA,"Very Inaccurate",1
"sapa_personality","sapa_personality_1","q_500","SAPA-Project 696-item temperament item set (IPIP-based scales and the EPQ-R)",NA,NA,"Cheat on people who have trusted me.",NA,"Moderately Inaccurate",2
"sapa_personality","sapa_personality_1","q_500","SAPA-Project 696-item temperament item set (IPIP-based scales and the EPQ-R)",NA,NA,"Cheat on people who have trusted me.",NA,"Slightly Inaccurate",3
"sapa_personality","sapa_personality_1","q_500","SAPA-Project 696-item temperament item set (IPIP-based scales and the EPQ-R)",NA,NA,"Cheat on people who have trusted me.",NA,"Slightly Accurate",4
"sapa_personality","sapa_personality_1","q_500","SAPA-Project 696-item temperament item set (IPIP-based scales and the EPQ-R)",NA,NA,"Cheat on people who have trusted me.",NA,"Moderately Accurate",5
"sapa_personality","sapa_personality_1","q_500","SAPA-Project 696-item temperament item set (IPIP-based scales and the EPQ-R)",NA,NA,"Cheat on people who have trusted me.",NA,"Very Accurate",6
"sapa_personality","sapa_personality_1","q_501","SAPA-Project 696-item temperament item set (IPIP-based scales and the EPQ-R)",NA,NA,"Cheat to get ahead.",NA,"Very Inaccurate",1
"sapa_personality","sapa_personality_1","q_501","SAPA-Project 696-item temperament item set (IPIP-based scales and the EPQ-R)",NA,NA,"Cheat to get ahead.",NA,"Moderately Inaccurate",2
"sapa_personality","sapa_personality_1","q_501","SAPA-Project 696-item temperament item set (IPIP-based scales and the EPQ-R)",NA,NA,"Cheat to get ahead.",NA,"Slightly Inaccurate",3
"sapa_personality","sapa_personality_1","q_501","SAPA-Project 696-item temperament item set (IPIP-based scales and the EPQ-R)",NA,NA,"Cheat to get ahead.",NA,"Slightly Accurate",4
"sapa_personality","sapa_personality_1","q_501","SAPA-Project 696-item temperament item set (IPIP-based scales and the EPQ-R)",NA,NA,"Cheat to get ahead.",NA,"Moderately Accurate",5
"sapa_personality","sapa_personality_1","q_501","SAPA-Project 696-item temperament item set (IPIP-based scales and the EPQ-R)",NA,NA,"Cheat to get ahead.",NA,"Very Accurate",6
"sapa_personality","sapa_personality_1","q_505","SAPA-Project 696-item temperament item set (IPIP-based scales and the EPQ-R)",NA,NA,"Cheer people up.",NA,"Very Inaccurate",1
"sapa_personality","sapa_personality_1","q_505","SAPA-Project 696-item temperament item set (IPIP-based scales and the EPQ-R)",NA,NA,"Cheer people up.",NA,"Moderately Inaccurate",2
"sapa_personality","sapa_personality_1","q_505","SAPA-Project 696-item temperament item set (IPIP-based scales and the EPQ-R)",NA,NA,"Cheer people up.",NA,"Slightly Inaccurate",3
"sapa_personality","sapa_personality_1","q_505","SAPA-Project 696-item temperament item set (IPIP-based scales and the EPQ-R)",NA,NA,"Cheer people up.",NA,"Slightly Accurate",4
"sapa_personality","sapa_personality_1","q_505","SAPA-Project 696-item temperament item set (IPIP-based scales and the EPQ-R)",NA,NA,"Cheer people up.",NA,"Moderately Accurate",5
"sapa_personality","sapa_personality_1","q_505","SAPA-Project 696-item temperament item set (IPIP-based scales and the EPQ-R)",NA,NA,"Cheer people up.",NA,"Very Accurate",6
"sapa_personality","sapa_personality_1","q_507","SAPA-Project 696-item temperament item set (IPIP-based scales and the EPQ-R)",NA,NA,"Choose my words with care.",NA,"Very Inaccurate",1
"sapa_personality","sapa_personality_1","q_507","SAPA-Project 696-item temperament item set (IPIP-based scales and the EPQ-R)",NA,NA,"Choose my words with care.",NA,"Moderately Inaccurate",2
"sapa_personality","sapa_personality_1","q_507","SAPA-Project 696-item temperament item set (IPIP-based scales and the EPQ-R)",NA,NA,"Choose my words with care.",NA,"Slightly Inaccurate",3
"sapa_personality","sapa_personality_1","q_507","SAPA-Project 696-item temperament item set (IPIP-based scales and the EPQ-R)",NA,NA,"Choose my words with care.",NA,"Slightly Accurate",4
"sapa_personality","sapa_personality_1","q_507","SAPA-Project 696-item temperament item set (IPIP-based scales and the EPQ-R)",NA,NA,"Choose my words with care.",NA,"Moderately Accurate",5
"sapa_personality","sapa_personality_1","q_507","SAPA-Project 696-item temperament item set (IPIP-based scales and the EPQ-R)",NA,NA,"Choose my words with care.",NA,"Very Accurate",6
"sapa_personality","sapa_personality_1","q_515","SAPA-Project 696-item temperament item set (IPIP-based scales and the EPQ-R)",NA,NA,"Come up with good solutions.",NA,"Very Inaccurate",1
"sapa_personality","sapa_personality_1","q_515","SAPA-Project 696-item temperament item set (IPIP-based scales and the EPQ-R)",NA,NA,"Come up with good solutions.",NA,"Moderately Inaccurate",2
"sapa_personality","sapa_personality_1","q_515","SAPA-Project 696-item temperament item set (IPIP-based scales and the EPQ-R)",NA,NA,"Come up with good solutions.",NA,"Slightly Inaccurate",3
"sapa_personality","sapa_personality_1","q_515","SAPA-Project 696-item temperament item set (IPIP-based scales and the EPQ-R)",NA,NA,"Come up with good solutions.",NA,"Slightly Accurate",4
"sapa_personality","sapa_personality_1","q_515","SAPA-Project 696-item temperament item set (IPIP-based scales and the EPQ-R)",NA,NA,"Come up with good solutions.",NA,"Moderately Accurate",5
"sapa_personality","sapa_personality_1","q_515","SAPA-Project 696-item temperament item set (IPIP-based scales and the EPQ-R)",NA,NA,"Come up with good solutions.",NA,"Very Accurate",6
"sapa_personality","sapa_personality_1","q_516","SAPA-Project 696-item temperament item set (IPIP-based scales and the EPQ-R)",NA,NA,"Come up with something new.",NA,"Very Inaccurate",1
"sapa_personality","sapa_personality_1","q_516","SAPA-Project 696-item temperament item set (IPIP-based scales and the EPQ-R)",NA,NA,"Come up with something new.",NA,"Moderately Inaccurate",2
"sapa_personality","sapa_personality_1","q_516","SAPA-Project 696-item temperament item set (IPIP-based scales and the EPQ-R)",NA,NA,"Come up with something new.",NA,"Slightly Inaccurate",3
"sapa_personality","sapa_personality_1","q_516","SAPA-Project 696-item temperament item set (IPIP-based scales and the EPQ-R)",NA,NA,"Come up with something new.",NA,"Slightly Accurate",4
"sapa_personality","sapa_personality_1","q_516","SAPA-Project 696-item temperament item set (IPIP-based scales and the EPQ-R)",NA,NA,"Come up with something new.",NA,"Moderately Accurate",5
"sapa_personality","sapa_personality_1","q_516","SAPA-Project 696-item temperament item set (IPIP-based scales and the EPQ-R)",NA,NA,"Come up with something new.",NA,"Very Accurate",6
"sapa_personality","sapa_personality_1","q_519","SAPA-Project 696-item temperament item set (IPIP-based scales and the EPQ-R)",NA,NA,"Complete my duties as soon as possible.",NA,"Very Inaccurate",1
"sapa_personality","sapa_personality_1","q_519","SAPA-Project 696-item temperament item set (IPIP-based scales and the EPQ-R)",NA,NA,"Complete my duties as soon as possible.",NA,"Moderately Inaccurate",2
"sapa_personality","sapa_personality_1","q_519","SAPA-Project 696-item temperament item set (IPIP-based scales and the EPQ-R)",NA,NA,"Complete my duties as soon as possible.",NA,"Slightly Inaccurate",3
"sapa_personality","sapa_personality_1","q_519","SAPA-Project 696-item temperament item set (IPIP-based scales and the EPQ-R)",NA,NA,"Complete my duties as soon as possible.",NA,"Slightly Accurate",4
"sapa_personality","sapa_personality_1","q_519","SAPA-Project 696-item temperament item set (IPIP-based scales and the EPQ-R)",NA,NA,"Complete my duties as soon as possible.",NA,"Moderately Accurate",5
"sapa_personality","sapa_personality_1","q_519","SAPA-Project 696-item temperament item set (IPIP-based scales and the EPQ-R)",NA,NA,"Complete my duties as soon as possible.",NA,"Very Accurate",6
"sapa_personality","sapa_personality_1","q_520","SAPA-Project 696-item temperament item set (IPIP-based scales and the EPQ-R)",NA,NA,"Complete tasks successfully.",NA,"Very Inaccurate",1
"sapa_personality","sapa_personality_1","q_520","SAPA-Project 696-item temperament item set (IPIP-based scales and the EPQ-R)",NA,NA,"Complete tasks successfully.",NA,"Moderately Inaccurate",2
"sapa_personality","sapa_personality_1","q_520","SAPA-Project 696-item temperament item set (IPIP-based scales and the EPQ-R)",NA,NA,"Complete tasks successfully.",NA,"Slightly Inaccurate",3
"sapa_personality","sapa_personality_1","q_520","SAPA-Project 696-item temperament item set (IPIP-based scales and the EPQ-R)",NA,NA,"Complete tasks successfully.",NA,"Slightly Accurate",4
"sapa_personality","sapa_personality_1","q_520","SAPA-Project 696-item temperament item set (IPIP-based scales and the EPQ-R)",NA,NA,"Complete tasks successfully.",NA,"Moderately Accurate",5
"sapa_personality","sapa_personality_1","q_520","SAPA-Project 696-item temperament item set (IPIP-based scales and the EPQ-R)",NA,NA,"Complete tasks successfully.",NA,"Very Accurate",6
"sapa_personality","sapa_personality_1","q_525","SAPA-Project 696-item temperament item set (IPIP-based scales and the EPQ-R)",NA,NA,"Consider myself an average person.",NA,"Very Inaccurate",1
"sapa_personality","sapa_personality_1","q_525","SAPA-Project 696-item temperament item set (IPIP-based scales and the EPQ-R)",NA,NA,"Consider myself an average person.",NA,"Moderately Inaccurate",2
"sapa_personality","sapa_personality_1","q_525","SAPA-Project 696-item temperament item set (IPIP-based scales and the EPQ-R)",NA,NA,"Consider myself an average person.",NA,"Slightly Inaccurate",3
"sapa_personality","sapa_personality_1","q_525","SAPA-Project 696-item temperament item set (IPIP-based scales and the EPQ-R)",NA,NA,"Consider myself an average person.",NA,"Slightly Accurate",4
"sapa_personality","sapa_personality_1","q_525","SAPA-Project 696-item temperament item set (IPIP-based scales and the EPQ-R)",NA,NA,"Consider myself an average person.",NA,"Moderately Accurate",5
"sapa_personality","sapa_personality_1","q_525","SAPA-Project 696-item temperament item set (IPIP-based scales and the EPQ-R)",NA,NA,"Consider myself an average person.",NA,"Very Accurate",6
"sapa_personality","sapa_personality_1","q_530","SAPA-Project 696-item temperament item set (IPIP-based scales and the EPQ-R)",NA,NA,"Continue until everything is perfect.",NA,"Very Inaccurate",1
"sapa_personality","sapa_personality_1","q_530","SAPA-Project 696-item temperament item set (IPIP-based scales and the EPQ-R)",NA,NA,"Continue until everything is perfect.",NA,"Moderately Inaccurate",2
"sapa_personality","sapa_personality_1","q_530","SAPA-Project 696-item temperament item set (IPIP-based scales and the EPQ-R)",NA,NA,"Continue until everything is perfect.",NA,"Slightly Inaccurate",3
"sapa_personality","sapa_personality_1","q_530","SAPA-Project 696-item temperament item set (IPIP-based scales and the EPQ-R)",NA,NA,"Continue until everything is perfect.",NA,"Slightly Accurate",4
"sapa_personality","sapa_personality_1","q_530","SAPA-Project 696-item temperament item set (IPIP-based scales and the EPQ-R)",NA,NA,"Continue until everything is perfect.",NA,"Moderately Accurate",5
"sapa_personality","sapa_personality_1","q_530","SAPA-Project 696-item temperament item set (IPIP-based scales and the EPQ-R)",NA,NA,"Continue until everything is perfect.",NA,"Very Accurate",6
"sapa_personality","sapa_personality_1","q_531","SAPA-Project 696-item temperament item set (IPIP-based scales and the EPQ-R)",NA,NA,"Contradict others.",NA,"Very Inaccurate",1
"sapa_personality","sapa_personality_1","q_531","SAPA-Project 696-item temperament item set (IPIP-based scales and the EPQ-R)",NA,NA,"Contradict others.",NA,"Moderately Inaccurate",2
"sapa_personality","sapa_personality_1","q_531","SAPA-Project 696-item temperament item set (IPIP-based scales and the EPQ-R)",NA,NA,"Contradict others.",NA,"Slightly Inaccurate",3
"sapa_personality","sapa_personality_1","q_531","SAPA-Project 696-item temperament item set (IPIP-based scales and the EPQ-R)",NA,NA,"Contradict others.",NA,"Slightly Accurate",4
"sapa_personality","sapa_personality_1","q_531","SAPA-Project 696-item temperament item set (IPIP-based scales and the EPQ-R)",NA,NA,"Contradict others.",NA,"Moderately Accurate",5
"sapa_personality","sapa_personality_1","q_531","SAPA-Project 696-item temperament item set (IPIP-based scales and the EPQ-R)",NA,NA,"Contradict others.",NA,"Very Accurate",6
"sapa_personality","sapa_personality_1","q_538","SAPA-Project 696-item temperament item set (IPIP-based scales and the EPQ-R)",NA,NA,"Criticize others' shortcomings.",NA,"Very Inaccurate",1
"sapa_personality","sapa_personality_1","q_538","SAPA-Project 696-item temperament item set (IPIP-based scales and the EPQ-R)",NA,NA,"Criticize others' shortcomings.",NA,"Moderately Inaccurate",2
"sapa_personality","sapa_personality_1","q_538","SAPA-Project 696-item temperament item set (IPIP-based scales and the EPQ-R)",NA,NA,"Criticize others' shortcomings.",NA,"Slightly Inaccurate",3
"sapa_personality","sapa_personality_1","q_538","SAPA-Project 696-item temperament item set (IPIP-based scales and the EPQ-R)",NA,NA,"Criticize others' shortcomings.",NA,"Slightly Accurate",4
"sapa_personality","sapa_personality_1","q_538","SAPA-Project 696-item temperament item set (IPIP-based scales and the EPQ-R)",NA,NA,"Criticize others' shortcomings.",NA,"Moderately Accurate",5
"sapa_personality","sapa_personality_1","q_538","SAPA-Project 696-item temperament item set (IPIP-based scales and the EPQ-R)",NA,NA,"Criticize others' shortcomings.",NA,"Very Accurate",6
"sapa_personality","sapa_personality_1","q_539","SAPA-Project 696-item temperament item set (IPIP-based scales and the EPQ-R)",NA,NA,"Cry during movies.",NA,"Very Inaccurate",1
"sapa_personality","sapa_personality_1","q_539","SAPA-Project 696-item temperament item set (IPIP-based scales and the EPQ-R)",NA,NA,"Cry during movies.",NA,"Moderately Inaccurate",2
"sapa_personality","sapa_personality_1","q_539","SAPA-Project 696-item temperament item set (IPIP-based scales and the EPQ-R)",NA,NA,"Cry during movies.",NA,"Slightly Inaccurate",3
"sapa_personality","sapa_personality_1","q_539","SAPA-Project 696-item temperament item set (IPIP-based scales and the EPQ-R)",NA,NA,"Cry during movies.",NA,"Slightly Accurate",4
"sapa_personality","sapa_personality_1","q_539","SAPA-Project 696-item temperament item set (IPIP-based scales and the EPQ-R)",NA,NA,"Cry during movies.",NA,"Moderately Accurate",5
"sapa_personality","sapa_personality_1","q_539","SAPA-Project 696-item temperament item set (IPIP-based scales and the EPQ-R)",NA,NA,"Cry during movies.",NA,"Very Accurate",6
"sapa_personality","sapa_personality_1","q_549","SAPA-Project 696-item temperament item set (IPIP-based scales and the EPQ-R)",NA,NA,"Demand a lot from others.",NA,"Very Inaccurate",1
"sapa_personality","sapa_personality_1","q_549","SAPA-Project 696-item temperament item set (IPIP-based scales and the EPQ-R)",NA,NA,"Demand a lot from others.",NA,"Moderately Inaccurate",2
"sapa_personality","sapa_personality_1","q_549","SAPA-Project 696-item temperament item set (IPIP-based scales and the EPQ-R)",NA,NA,"Demand a lot from others.",NA,"Slightly Inaccurate",3
"sapa_personality","sapa_personality_1","q_549","SAPA-Project 696-item temperament item set (IPIP-based scales and the EPQ-R)",NA,NA,"Demand a lot from others.",NA,"Slightly Accurate",4
"sapa_personality","sapa_personality_1","q_549","SAPA-Project 696-item temperament item set (IPIP-based scales and the EPQ-R)",NA,NA,"Demand a lot from others.",NA,"Moderately Accurate",5
"sapa_personality","sapa_personality_1","q_549","SAPA-Project 696-item temperament item set (IPIP-based scales and the EPQ-R)",NA,NA,"Demand a lot from others.",NA,"Very Accurate",6
"sapa_personality","sapa_personality_1","q_554","SAPA-Project 696-item temperament item set (IPIP-based scales and the EPQ-R)",NA,NA,"Demand quality.",NA,"Very Inaccurate",1
"sapa_personality","sapa_personality_1","q_554","SAPA-Project 696-item temperament item set (IPIP-based scales and the EPQ-R)",NA,NA,"Demand quality.",NA,"Moderately Inaccurate",2
"sapa_personality","sapa_personality_1","q_554","SAPA-Project 696-item temperament item set (IPIP-based scales and the EPQ-R)",NA,NA,"Demand quality.",NA,"Slightly Inaccurate",3
"sapa_personality","sapa_personality_1","q_554","SAPA-Project 696-item temperament item set (IPIP-based scales and the EPQ-R)",NA,NA,"Demand quality.",NA,"Slightly Accurate",4
"sapa_personality","sapa_personality_1","q_554","SAPA-Project 696-item temperament item set (IPIP-based scales and the EPQ-R)",NA,NA,"Demand quality.",NA,"Moderately Accurate",5
"sapa_personality","sapa_personality_1","q_554","SAPA-Project 696-item temperament item set (IPIP-based scales and the EPQ-R)",NA,NA,"Demand quality.",NA,"Very Accurate",6
"sapa_personality","sapa_personality_1","q_559","SAPA-Project 696-item temperament item set (IPIP-based scales and the EPQ-R)",NA,NA,"Detect mistakes.",NA,"Very Inaccurate",1
"sapa_personality","sapa_personality_1","q_559","SAPA-Project 696-item temperament item set (IPIP-based scales and the EPQ-R)",NA,NA,"Detect mistakes.",NA,"Moderately Inaccurate",2
"sapa_personality","sapa_personality_1","q_559","SAPA-Project 696-item temperament item set (IPIP-based scales and the EPQ-R)",NA,NA,"Detect mistakes.",NA,"Slightly Inaccurate",3
"sapa_personality","sapa_personality_1","q_559","SAPA-Project 696-item temperament item set (IPIP-based scales and the EPQ-R)",NA,NA,"Detect mistakes.",NA,"Slightly Accurate",4
"sapa_personality","sapa_personality_1","q_559","SAPA-Project 696-item temperament item set (IPIP-based scales and the EPQ-R)",NA,NA,"Detect mistakes.",NA,"Moderately Accurate",5
"sapa_personality","sapa_personality_1","q_559","SAPA-Project 696-item temperament item set (IPIP-based scales and the EPQ-R)",NA,NA,"Detect mistakes.",NA,"Very Accurate",6
"sapa_personality","sapa_personality_1","q_565","SAPA-Project 696-item temperament item set (IPIP-based scales and the EPQ-R)",NA,NA,"Dislike being the center of attention.",NA,"Very Inaccurate",1
"sapa_personality","sapa_personality_1","q_565","SAPA-Project 696-item temperament item set (IPIP-based scales and the EPQ-R)",NA,NA,"Dislike being the center of attention.",NA,"Moderately Inaccurate",2
"sapa_personality","sapa_personality_1","q_565","SAPA-Project 696-item temperament item set (IPIP-based scales and the EPQ-R)",NA,NA,"Dislike being the center of attention.",NA,"Slightly Inaccurate",3
"sapa_personality","sapa_personality_1","q_565","SAPA-Project 696-item temperament item set (IPIP-based scales and the EPQ-R)",NA,NA,"Dislike being the center of attention.",NA,"Slightly Accurate",4
"sapa_personality","sapa_personality_1","q_565","SAPA-Project 696-item temperament item set (IPIP-based scales and the EPQ-R)",NA,NA,"Dislike being the center of attention.",NA,"Moderately Accurate",5
"sapa_personality","sapa_personality_1","q_565","SAPA-Project 696-item temperament item set (IPIP-based scales and the EPQ-R)",NA,NA,"Dislike being the center of attention.",NA,"Very Accurate",6
"sapa_personality","sapa_personality_1","q_566","SAPA-Project 696-item temperament item set (IPIP-based scales and the EPQ-R)",NA,NA,"Dislike changes.",NA,"Very Inaccurate",1
"sapa_personality","sapa_personality_1","q_566","SAPA-Project 696-item temperament item set (IPIP-based scales and the EPQ-R)",NA,NA,"Dislike changes.",NA,"Moderately Inaccurate",2
"sapa_personality","sapa_personality_1","q_566","SAPA-Project 696-item temperament item set (IPIP-based scales and the EPQ-R)",NA,NA,"Dislike changes.",NA,"Slightly Inaccurate",3
"sapa_personality","sapa_personality_1","q_566","SAPA-Project 696-item temperament item set (IPIP-based scales and the EPQ-R)",NA,NA,"Dislike changes.",NA,"Slightly Accurate",4
"sapa_personality","sapa_personality_1","q_566","SAPA-Project 696-item temperament item set (IPIP-based scales and the EPQ-R)",NA,NA,"Dislike changes.",NA,"Moderately Accurate",5
"sapa_personality","sapa_personality_1","q_566","SAPA-Project 696-item temperament item set (IPIP-based scales and the EPQ-R)",NA,NA,"Dislike changes.",NA,"Very Accurate",6
"sapa_personality","sapa_personality_1","q_571","SAPA-Project 696-item temperament item set (IPIP-based scales and the EPQ-R)",NA,NA,"Dislike imperfect work.",NA,"Very Inaccurate",1
"sapa_personality","sapa_personality_1","q_571","SAPA-Project 696-item temperament item set (IPIP-based scales and the EPQ-R)",NA,NA,"Dislike imperfect work.",NA,"Moderately Inaccurate",2
"sapa_personality","sapa_personality_1","q_571","SAPA-Project 696-item temperament item set (IPIP-based scales and the EPQ-R)",NA,NA,"Dislike imperfect work.",NA,"Slightly Inaccurate",3
"sapa_personality","sapa_personality_1","q_571","SAPA-Project 696-item temperament item set (IPIP-based scales and the EPQ-R)",NA,NA,"Dislike imperfect work.",NA,"Slightly Accurate",4
"sapa_personality","sapa_personality_1","q_571","SAPA-Project 696-item temperament item set (IPIP-based scales and the EPQ-R)",NA,NA,"Dislike imperfect work.",NA,"Moderately Accurate",5
"sapa_personality","sapa_personality_1","q_571","SAPA-Project 696-item temperament item set (IPIP-based scales and the EPQ-R)",NA,NA,"Dislike imperfect work.",NA,"Very Accurate",6
"sapa_personality","sapa_personality_1","q_576","SAPA-Project 696-item temperament item set (IPIP-based scales and the EPQ-R)",NA,NA,"Dislike loud music.",NA,"Very Inaccurate",1
"sapa_personality","sapa_personality_1","q_576","SAPA-Project 696-item temperament item set (IPIP-based scales and the EPQ-R)",NA,NA,"Dislike loud music.",NA,"Moderately Inaccurate",2
"sapa_personality","sapa_personality_1","q_576","SAPA-Project 696-item temperament item set (IPIP-based scales and the EPQ-R)",NA,NA,"Dislike loud music.",NA,"Slightly Inaccurate",3
"sapa_personality","sapa_personality_1","q_576","SAPA-Project 696-item temperament item set (IPIP-based scales and the EPQ-R)",NA,NA,"Dislike loud music.",NA,"Slightly Accurate",4
"sapa_personality","sapa_personality_1","q_576","SAPA-Project 696-item temperament item set (IPIP-based scales and the EPQ-R)",NA,NA,"Dislike loud music.",NA,"Moderately Accurate",5
"sapa_personality","sapa_personality_1","q_576","SAPA-Project 696-item temperament item set (IPIP-based scales and the EPQ-R)",NA,NA,"Dislike loud music.",NA,"Very Accurate",6
"sapa_personality","sapa_personality_1","q_578","SAPA-Project 696-item temperament item set (IPIP-based scales and the EPQ-R)",NA,NA,"Dislike myself.",NA,"Very Inaccurate",1
"sapa_personality","sapa_personality_1","q_578","SAPA-Project 696-item temperament item set (IPIP-based scales and the EPQ-R)",NA,NA,"Dislike myself.",NA,"Moderately Inaccurate",2
"sapa_personality","sapa_personality_1","q_578","SAPA-Project 696-item temperament item set (IPIP-based scales and the EPQ-R)",NA,NA,"Dislike myself.",NA,"Slightly Inaccurate",3
"sapa_personality","sapa_personality_1","q_578","SAPA-Project 696-item temperament item set (IPIP-based scales and the EPQ-R)",NA,NA,"Dislike myself.",NA,"Slightly Accurate",4
"sapa_personality","sapa_personality_1","q_578","SAPA-Project 696-item temperament item set (IPIP-based scales and the EPQ-R)",NA,NA,"Dislike myself.",NA,"Moderately Accurate",5
"sapa_personality","sapa_personality_1","q_578","SAPA-Project 696-item temperament item set (IPIP-based scales and the EPQ-R)",NA,NA,"Dislike myself.",NA,"Very Accurate",6
"sapa_personality","sapa_personality_1","q_581","SAPA-Project 696-item temperament item set (IPIP-based scales and the EPQ-R)",NA,NA,"Dislike new foods.",NA,"Very Inaccurate",1
"sapa_personality","sapa_personality_1","q_581","SAPA-Project 696-item temperament item set (IPIP-based scales and the EPQ-R)",NA,NA,"Dislike new foods.",NA,"Moderately Inaccurate",2
"sapa_personality","sapa_personality_1","q_581","SAPA-Project 696-item temperament item set (IPIP-based scales and the EPQ-R)",NA,NA,"Dislike new foods.",NA,"Slightly Inaccurate",3
"sapa_personality","sapa_personality_1","q_581","SAPA-Project 696-item temperament item set (IPIP-based scales and the EPQ-R)",NA,NA,"Dislike new foods.",NA,"Slightly Accurate",4
"sapa_personality","sapa_personality_1","q_581","SAPA-Project 696-item temperament item set (IPIP-based scales and the EPQ-R)",NA,NA,"Dislike new foods.",NA,"Moderately Accurate",5
"sapa_personality","sapa_personality_1","q_581","SAPA-Project 696-item temperament item set (IPIP-based scales and the EPQ-R)",NA,NA,"Dislike new foods.",NA,"Very Accurate",6
"sapa_personality","sapa_personality_1","q_582","SAPA-Project 696-item temperament item set (IPIP-based scales and the EPQ-R)",NA,NA,"Dislike routine.",NA,"Very Inaccurate",1
"sapa_personality","sapa_personality_1","q_582","SAPA-Project 696-item temperament item set (IPIP-based scales and the EPQ-R)",NA,NA,"Dislike routine.",NA,"Moderately Inaccurate",2
"sapa_personality","sapa_personality_1","q_582","SAPA-Project 696-item temperament item set (IPIP-based scales and the EPQ-R)",NA,NA,"Dislike routine.",NA,"Slightly Inaccurate",3
"sapa_personality","sapa_personality_1","q_582","SAPA-Project 696-item temperament item set (IPIP-based scales and the EPQ-R)",NA,NA,"Dislike routine.",NA,"Slightly Accurate",4
"sapa_personality","sapa_personality_1","q_582","SAPA-Project 696-item temperament item set (IPIP-based scales and the EPQ-R)",NA,NA,"Dislike routine.",NA,"Moderately Accurate",5
"sapa_personality","sapa_personality_1","q_582","SAPA-Project 696-item temperament item set (IPIP-based scales and the EPQ-R)",NA,NA,"Dislike routine.",NA,"Very Accurate",6
"sapa_personality","sapa_personality_1","q_586","SAPA-Project 696-item temperament item set (IPIP-based scales and the EPQ-R)",NA,NA,"Dislike talking about myself.",NA,"Very Inaccurate",1
"sapa_personality","sapa_personality_1","q_586","SAPA-Project 696-item temperament item set (IPIP-based scales and the EPQ-R)",NA,NA,"Dislike talking about myself.",NA,"Moderately Inaccurate",2
"sapa_personality","sapa_personality_1","q_586","SAPA-Project 696-item temperament item set (IPIP-based scales and the EPQ-R)",NA,NA,"Dislike talking about myself.",NA,"Slightly Inaccurate",3
"sapa_personality","sapa_personality_1","q_586","SAPA-Project 696-item temperament item set (IPIP-based scales and the EPQ-R)",NA,NA,"Dislike talking about myself.",NA,"Slightly Accurate",4
"sapa_personality","sapa_personality_1","q_586","SAPA-Project 696-item temperament item set (IPIP-based scales and the EPQ-R)",NA,NA,"Dislike talking about myself.",NA,"Moderately Accurate",5
"sapa_personality","sapa_personality_1","q_586","SAPA-Project 696-item temperament item set (IPIP-based scales and the EPQ-R)",NA,NA,"Dislike talking about myself.",NA,"Very Accurate",6
"sapa_personality","sapa_personality_1","q_594","SAPA-Project 696-item temperament item set (IPIP-based scales and the EPQ-R)",NA,NA,"Distrust people.",NA,"Very Inaccurate",1
"sapa_personality","sapa_personality_1","q_594","SAPA-Project 696-item temperament item set (IPIP-based scales and the EPQ-R)",NA,NA,"Distrust people.",NA,"Moderately Inaccurate",2
"sapa_personality","sapa_personality_1","q_594","SAPA-Project 696-item temperament item set (IPIP-based scales and the EPQ-R)",NA,NA,"Distrust people.",NA,"Slightly Inaccurate",3
"sapa_personality","sapa_personality_1","q_594","SAPA-Project 696-item temperament item set (IPIP-based scales and the EPQ-R)",NA,NA,"Distrust people.",NA,"Slightly Accurate",4
"sapa_personality","sapa_personality_1","q_594","SAPA-Project 696-item temperament item set (IPIP-based scales and the EPQ-R)",NA,NA,"Distrust people.",NA,"Moderately Accurate",5
"sapa_personality","sapa_personality_1","q_594","SAPA-Project 696-item temperament item set (IPIP-based scales and the EPQ-R)",NA,NA,"Distrust people.",NA,"Very Accurate",6
"sapa_personality","sapa_personality_1","q_595","SAPA-Project 696-item temperament item set (IPIP-based scales and the EPQ-R)",NA,NA,"Do a lot in my spare time.",NA,"Very Inaccurate",1
"sapa_personality","sapa_personality_1","q_595","SAPA-Project 696-item temperament item set (IPIP-based scales and the EPQ-R)",NA,NA,"Do a lot in my spare time.",NA,"Moderately Inaccurate",2
"sapa_personality","sapa_personality_1","q_595","SAPA-Project 696-item temperament item set (IPIP-based scales and the EPQ-R)",NA,NA,"Do a lot in my spare time.",NA,"Slightly Inaccurate",3
"sapa_personality","sapa_personality_1","q_595","SAPA-Project 696-item temperament item set (IPIP-based scales and the EPQ-R)",NA,NA,"Do a lot in my spare time.",NA,"Slightly Accurate",4
"sapa_personality","sapa_personality_1","q_595","SAPA-Project 696-item temperament item set (IPIP-based scales and the EPQ-R)",NA,NA,"Do a lot in my spare time.",NA,"Moderately Accurate",5
"sapa_personality","sapa_personality_1","q_595","SAPA-Project 696-item temperament item set (IPIP-based scales and the EPQ-R)",NA,NA,"Do a lot in my spare time.",NA,"Very Accurate",6
"sapa_personality","sapa_personality_1","q_598","SAPA-Project 696-item temperament item set (IPIP-based scales and the EPQ-R)",NA,NA,"Do crazy things.",NA,"Very Inaccurate",1
"sapa_personality","sapa_personality_1","q_598","SAPA-Project 696-item temperament item set (IPIP-based scales and the EPQ-R)",NA,NA,"Do crazy things.",NA,"Moderately Inaccurate",2
"sapa_personality","sapa_personality_1","q_598","SAPA-Project 696-item temperament item set (IPIP-based scales and the EPQ-R)",NA,NA,"Do crazy things.",NA,"Slightly Inaccurate",3
"sapa_personality","sapa_personality_1","q_598","SAPA-Project 696-item temperament item set (IPIP-based scales and the EPQ-R)",NA,NA,"Do crazy things.",NA,"Slightly Accurate",4
"sapa_personality","sapa_personality_1","q_598","SAPA-Project 696-item temperament item set (IPIP-based scales and the EPQ-R)",NA,NA,"Do crazy things.",NA,"Moderately Accurate",5
"sapa_personality","sapa_personality_1","q_598","SAPA-Project 696-item temperament item set (IPIP-based scales and the EPQ-R)",NA,NA,"Do crazy things.",NA,"Very Accurate",6
"sapa_personality","sapa_personality_1","q_599","SAPA-Project 696-item temperament item set (IPIP-based scales and the EPQ-R)",NA,NA,"Do dangerous things.",NA,"Very Inaccurate",1
"sapa_personality","sapa_personality_1","q_599","SAPA-Project 696-item temperament item set (IPIP-based scales and the EPQ-R)",NA,NA,"Do dangerous things.",NA,"Moderately Inaccurate",2
"sapa_personality","sapa_personality_1","q_599","SAPA-Project 696-item temperament item set (IPIP-based scales and the EPQ-R)",NA,NA,"Do dangerous things.",NA,"Slightly Inaccurate",3
"sapa_personality","sapa_personality_1","q_599","SAPA-Project 696-item temperament item set (IPIP-based scales and the EPQ-R)",NA,NA,"Do dangerous things.",NA,"Slightly Accurate",4
"sapa_personality","sapa_personality_1","q_599","SAPA-Project 696-item temperament item set (IPIP-based scales and the EPQ-R)",NA,NA,"Do dangerous things.",NA,"Moderately Accurate",5
"sapa_personality","sapa_personality_1","q_599","SAPA-Project 696-item temperament item set (IPIP-based scales and the EPQ-R)",NA,NA,"Do dangerous things.",NA,"Very Accurate",6
"sapa_personality","sapa_personality_1","q_602","SAPA-Project 696-item temperament item set (IPIP-based scales and the EPQ-R)",NA,NA,"Do just enough work to get by.",NA,"Very Inaccurate",1
"sapa_personality","sapa_personality_1","q_602","SAPA-Project 696-item temperament item set (IPIP-based scales and the EPQ-R)",NA,NA,"Do just enough work to get by.",NA,"Moderately Inaccurate",2
"sapa_personality","sapa_personality_1","q_602","SAPA-Project 696-item temperament item set (IPIP-based scales and the EPQ-R)",NA,NA,"Do just enough work to get by.",NA,"Slightly Inaccurate",3
"sapa_personality","sapa_personality_1","q_602","SAPA-Project 696-item temperament item set (IPIP-based scales and the EPQ-R)",NA,NA,"Do just enough work to get by.",NA,"Slightly Accurate",4
"sapa_personality","sapa_personality_1","q_602","SAPA-Project 696-item temperament item set (IPIP-based scales and the EPQ-R)",NA,NA,"Do just enough work to get by.",NA,"Moderately Accurate",5
"sapa_personality","sapa_personality_1","q_602","SAPA-Project 696-item temperament item set (IPIP-based scales and the EPQ-R)",NA,NA,"Do just enough work to get by.",NA,"Very Accurate",6
"sapa_personality","sapa_personality_1","q_604","SAPA-Project 696-item temperament item set (IPIP-based scales and the EPQ-R)",NA,NA,"Do more than what's expected of me.",NA,"Very Inaccurate",1
"sapa_personality","sapa_personality_1","q_604","SAPA-Project 696-item temperament item set (IPIP-based scales and the EPQ-R)",NA,NA,"Do more than what's expected of me.",NA,"Moderately Inaccurate",2
"sapa_personality","sapa_personality_1","q_604","SAPA-Project 696-item temperament item set (IPIP-based scales and the EPQ-R)",NA,NA,"Do more than what's expected of me.",NA,"Slightly Inaccurate",3
"sapa_personality","sapa_personality_1","q_604","SAPA-Project 696-item temperament item set (IPIP-based scales and the EPQ-R)",NA,NA,"Do more than what's expected of me.",NA,"Slightly Accurate",4
"sapa_personality","sapa_personality_1","q_604","SAPA-Project 696-item temperament item set (IPIP-based scales and the EPQ-R)",NA,NA,"Do more than what's expected of me.",NA,"Moderately Accurate",5
"sapa_personality","sapa_personality_1","q_604","SAPA-Project 696-item temperament item set (IPIP-based scales and the EPQ-R)",NA,NA,"Do more than what's expected of me.",NA,"Very Accurate",6
"sapa_personality","sapa_personality_1","q_607","SAPA-Project 696-item temperament item set (IPIP-based scales and the EPQ-R)",NA,NA,"Do not enjoy going to art museums.",NA,"Very Inaccurate",1
"sapa_personality","sapa_personality_1","q_607","SAPA-Project 696-item temperament item set (IPIP-based scales and the EPQ-R)",NA,NA,"Do not enjoy going to art museums.",NA,"Moderately Inaccurate",2
"sapa_personality","sapa_personality_1","q_607","SAPA-Project 696-item temperament item set (IPIP-based scales and the EPQ-R)",NA,NA,"Do not enjoy going to art museums.",NA,"Slightly Inaccurate",3
"sapa_personality","sapa_personality_1","q_607","SAPA-Project 696-item temperament item set (IPIP-based scales and the EPQ-R)",NA,NA,"Do not enjoy going to art museums.",NA,"Slightly Accurate",4
"sapa_personality","sapa_personality_1","q_607","SAPA-Project 696-item temperament item set (IPIP-based scales and the EPQ-R)",NA,NA,"Do not enjoy going to art museums.",NA,"Moderately Accurate",5
"sapa_personality","sapa_personality_1","q_607","SAPA-Project 696-item temperament item set (IPIP-based scales and the EPQ-R)",NA,NA,"Do not enjoy going to art museums.",NA,"Very Accurate",6
"sapa_personality","sapa_personality_1","q_608","SAPA-Project 696-item temperament item set (IPIP-based scales and the EPQ-R)",NA,NA,"Do not enjoy watching dance performances.",NA,"Very Inaccurate",1
"sapa_personality","sapa_personality_1","q_608","SAPA-Project 696-item temperament item set (IPIP-based scales and the EPQ-R)",NA,NA,"Do not enjoy watching dance performances.",NA,"Moderately Inaccurate",2
"sapa_personality","sapa_personality_1","q_608","SAPA-Project 696-item temperament item set (IPIP-based scales and the EPQ-R)",NA,NA,"Do not enjoy watching dance performances.",NA,"Slightly Inaccurate",3
"sapa_personality","sapa_personality_1","q_608","SAPA-Project 696-item temperament item set (IPIP-based scales and the EPQ-R)",NA,NA,"Do not enjoy watching dance performances.",NA,"Slightly Accurate",4
"sapa_personality","sapa_personality_1","q_608","SAPA-Project 696-item temperament item set (IPIP-based scales and the EPQ-R)",NA,NA,"Do not enjoy watching dance performances.",NA,"Moderately Accurate",5
"sapa_personality","sapa_personality_1","q_608","SAPA-Project 696-item temperament item set (IPIP-based scales and the EPQ-R)",NA,NA,"Do not enjoy watching dance performances.",NA,"Very Accurate",6
"sapa_personality","sapa_personality_1","q_609","SAPA-Project 696-item temperament item set (IPIP-based scales and the EPQ-R)",NA,NA,"Do not have a good imagination.",NA,"Very Inaccurate",1
"sapa_personality","sapa_personality_1","q_609","SAPA-Project 696-item temperament item set (IPIP-based scales and the EPQ-R)",NA,NA,"Do not have a good imagination.",NA,"Moderately Inaccurate",2
"sapa_personality","sapa_personality_1","q_609","SAPA-Project 696-item temperament item set (IPIP-based scales and the EPQ-R)",NA,NA,"Do not have a good imagination.",NA,"Slightly Inaccurate",3
"sapa_personality","sapa_personality_1","q_609","SAPA-Project 696-item temperament item set (IPIP-based scales and the EPQ-R)",NA,NA,"Do not have a good imagination.",NA,"Slightly Accurate",4
"sapa_personality","sapa_personality_1","q_609","SAPA-Project 696-item temperament item set (IPIP-based scales and the EPQ-R)",NA,NA,"Do not have a good imagination.",NA,"Moderately Accurate",5
"sapa_personality","sapa_personality_1","q_609","SAPA-Project 696-item temperament item set (IPIP-based scales and the EPQ-R)",NA,NA,"Do not have a good imagination.",NA,"Very Accurate",6
"sapa_personality","sapa_personality_1","q_610","SAPA-Project 696-item temperament item set (IPIP-based scales and the EPQ-R)",NA,NA,"Do not like art.",NA,"Very Inaccurate",1
"sapa_personality","sapa_personality_1","q_610","SAPA-Project 696-item temperament item set (IPIP-based scales and the EPQ-R)",NA,NA,"Do not like art.",NA,"Moderately Inaccurate",2
"sapa_personality","sapa_personality_1","q_610","SAPA-Project 696-item temperament item set (IPIP-based scales and the EPQ-R)",NA,NA,"Do not like art.",NA,"Slightly Inaccurate",3
"sapa_personality","sapa_personality_1","q_610","SAPA-Project 696-item temperament item set (IPIP-based scales and the EPQ-R)",NA,NA,"Do not like art.",NA,"Slightly Accurate",4
"sapa_personality","sapa_personality_1","q_610","SAPA-Project 696-item temperament item set (IPIP-based scales and the EPQ-R)",NA,NA,"Do not like art.",NA,"Moderately Accurate",5
"sapa_personality","sapa_personality_1","q_610","SAPA-Project 696-item temperament item set (IPIP-based scales and the EPQ-R)",NA,NA,"Do not like art.",NA,"Very Accurate",6
"sapa_personality","sapa_personality_1","q_611","SAPA-Project 696-item temperament item set (IPIP-based scales and the EPQ-R)",NA,NA,"Do not like concerts.",NA,"Very Inaccurate",1
"sapa_personality","sapa_personality_1","q_611","SAPA-Project 696-item temperament item set (IPIP-based scales and the EPQ-R)",NA,NA,"Do not like concerts.",NA,"Moderately Inaccurate",2
"sapa_personality","sapa_personality_1","q_611","SAPA-Project 696-item temperament item set (IPIP-based scales and the EPQ-R)",NA,NA,"Do not like concerts.",NA,"Slightly Inaccurate",3
"sapa_personality","sapa_personality_1","q_611","SAPA-Project 696-item temperament item set (IPIP-based scales and the EPQ-R)",NA,NA,"Do not like concerts.",NA,"Slightly Accurate",4
"sapa_personality","sapa_personality_1","q_611","SAPA-Project 696-item temperament item set (IPIP-based scales and the EPQ-R)",NA,NA,"Do not like concerts.",NA,"Moderately Accurate",5
"sapa_personality","sapa_personality_1","q_611","SAPA-Project 696-item temperament item set (IPIP-based scales and the EPQ-R)",NA,NA,"Do not like concerts.",NA,"Very Accurate",6
"sapa_personality","sapa_personality_1","q_612","SAPA-Project 696-item temperament item set (IPIP-based scales and the EPQ-R)",NA,NA,"Do not like poetry.",NA,"Very Inaccurate",1
"sapa_personality","sapa_personality_1","q_612","SAPA-Project 696-item temperament item set (IPIP-based scales and the EPQ-R)",NA,NA,"Do not like poetry.",NA,"Moderately Inaccurate",2
"sapa_personality","sapa_personality_1","q_612","SAPA-Project 696-item temperament item set (IPIP-based scales and the EPQ-R)",NA,NA,"Do not like poetry.",NA,"Slightly Inaccurate",3
"sapa_personality","sapa_personality_1","q_612","SAPA-Project 696-item temperament item set (IPIP-based scales and the EPQ-R)",NA,NA,"Do not like poetry.",NA,"Slightly Accurate",4
"sapa_personality","sapa_personality_1","q_612","SAPA-Project 696-item temperament item set (IPIP-based scales and the EPQ-R)",NA,NA,"Do not like poetry.",NA,"Moderately Accurate",5
"sapa_personality","sapa_personality_1","q_612","SAPA-Project 696-item temperament item set (IPIP-based scales and the EPQ-R)",NA,NA,"Do not like poetry.",NA,"Very Accurate",6
"sapa_personality","sapa_personality_1","q_618","SAPA-Project 696-item temperament item set (IPIP-based scales and the EPQ-R)",NA,NA,"Do the opposite of what is asked.",NA,"Very Inaccurate",1
"sapa_personality","sapa_personality_1","q_618","SAPA-Project 696-item temperament item set (IPIP-based scales and the EPQ-R)",NA,NA,"Do the opposite of what is asked.",NA,"Moderately Inaccurate",2
"sapa_personality","sapa_personality_1","q_618","SAPA-Project 696-item temperament item set (IPIP-based scales and the EPQ-R)",NA,NA,"Do the opposite of what is asked.",NA,"Slightly Inaccurate",3
"sapa_personality","sapa_personality_1","q_618","SAPA-Project 696-item temperament item set (IPIP-based scales and the EPQ-R)",NA,NA,"Do the opposite of what is asked.",NA,"Slightly Accurate",4
"sapa_personality","sapa_personality_1","q_618","SAPA-Project 696-item temperament item set (IPIP-based scales and the EPQ-R)",NA,NA,"Do the opposite of what is asked.",NA,"Moderately Accurate",5
"sapa_personality","sapa_personality_1","q_618","SAPA-Project 696-item temperament item set (IPIP-based scales and the EPQ-R)",NA,NA,"Do the opposite of what is asked.",NA,"Very Accurate",6
"sapa_personality","sapa_personality_1","q_619","SAPA-Project 696-item temperament item set (IPIP-based scales and the EPQ-R)",NA,NA,"Do things according to a plan.",NA,"Very Inaccurate",1
"sapa_personality","sapa_personality_1","q_619","SAPA-Project 696-item temperament item set (IPIP-based scales and the EPQ-R)",NA,NA,"Do things according to a plan.",NA,"Moderately Inaccurate",2
"sapa_personality","sapa_personality_1","q_619","SAPA-Project 696-item temperament item set (IPIP-based scales and the EPQ-R)",NA,NA,"Do things according to a plan.",NA,"Slightly Inaccurate",3
"sapa_personality","sapa_personality_1","q_619","SAPA-Project 696-item temperament item set (IPIP-based scales and the EPQ-R)",NA,NA,"Do things according to a plan.",NA,"Slightly Accurate",4
"sapa_personality","sapa_personality_1","q_619","SAPA-Project 696-item temperament item set (IPIP-based scales and the EPQ-R)",NA,NA,"Do things according to a plan.",NA,"Moderately Accurate",5
"sapa_personality","sapa_personality_1","q_619","SAPA-Project 696-item temperament item set (IPIP-based scales and the EPQ-R)",NA,NA,"Do things according to a plan.",NA,"Very Accurate",6
"sapa_personality","sapa_personality_1","q_623","SAPA-Project 696-item temperament item set (IPIP-based scales and the EPQ-R)",NA,NA,"Do things by the book.",NA,"Very Inaccurate",1
"sapa_personality","sapa_personality_1","q_623","SAPA-Project 696-item temperament item set (IPIP-based scales and the EPQ-R)",NA,NA,"Do things by the book.",NA,"Moderately Inaccurate",2
"sapa_personality","sapa_personality_1","q_623","SAPA-Project 696-item temperament item set (IPIP-based scales and the EPQ-R)",NA,NA,"Do things by the book.",NA,"Slightly Inaccurate",3
"sapa_personality","sapa_personality_1","q_623","SAPA-Project 696-item temperament item set (IPIP-based scales and the EPQ-R)",NA,NA,"Do things by the book.",NA,"Slightly Accurate",4
"sapa_personality","sapa_personality_1","q_623","SAPA-Project 696-item temperament item set (IPIP-based scales and the EPQ-R)",NA,NA,"Do things by the book.",NA,"Moderately Accurate",5
"sapa_personality","sapa_personality_1","q_623","SAPA-Project 696-item temperament item set (IPIP-based scales and the EPQ-R)",NA,NA,"Do things by the book.",NA,"Very Accurate",6
"sapa_personality","sapa_personality_1","q_626","SAPA-Project 696-item temperament item set (IPIP-based scales and the EPQ-R)",NA,NA,"Do things in a half-way manner.",NA,"Very Inaccurate",1
"sapa_personality","sapa_personality_1","q_626","SAPA-Project 696-item temperament item set (IPIP-based scales and the EPQ-R)",NA,NA,"Do things in a half-way manner.",NA,"Moderately Inaccurate",2
"sapa_personality","sapa_personality_1","q_626","SAPA-Project 696-item temperament item set (IPIP-based scales and the EPQ-R)",NA,NA,"Do things in a half-way manner.",NA,"Slightly Inaccurate",3
"sapa_personality","sapa_personality_1","q_626","SAPA-Project 696-item temperament item set (IPIP-based scales and the EPQ-R)",NA,NA,"Do things in a half-way manner.",NA,"Slightly Accurate",4
"sapa_personality","sapa_personality_1","q_626","SAPA-Project 696-item temperament item set (IPIP-based scales and the EPQ-R)",NA,NA,"Do things in a half-way manner.",NA,"Moderately Accurate",5
"sapa_personality","sapa_personality_1","q_626","SAPA-Project 696-item temperament item set (IPIP-based scales and the EPQ-R)",NA,NA,"Do things in a half-way manner.",NA,"Very Accurate",6
"sapa_personality","sapa_personality_1","q_630","SAPA-Project 696-item temperament item set (IPIP-based scales and the EPQ-R)",NA,NA,"Do things out of revenge.",NA,"Very Inaccurate",1
"sapa_personality","sapa_personality_1","q_630","SAPA-Project 696-item temperament item set (IPIP-based scales and the EPQ-R)",NA,NA,"Do things out of revenge.",NA,"Moderately Inaccurate",2
"sapa_personality","sapa_personality_1","q_630","SAPA-Project 696-item temperament item set (IPIP-based scales and the EPQ-R)",NA,NA,"Do things out of revenge.",NA,"Slightly Inaccurate",3
"sapa_personality","sapa_personality_1","q_630","SAPA-Project 696-item temperament item set (IPIP-based scales and the EPQ-R)",NA,NA,"Do things out of revenge.",NA,"Slightly Accurate",4
"sapa_personality","sapa_personality_1","q_630","SAPA-Project 696-item temperament item set (IPIP-based scales and the EPQ-R)",NA,NA,"Do things out of revenge.",NA,"Moderately Accurate",5
"sapa_personality","sapa_personality_1","q_630","SAPA-Project 696-item temperament item set (IPIP-based scales and the EPQ-R)",NA,NA,"Do things out of revenge.",NA,"Very Accurate",6
"sapa_personality","sapa_personality_1","q_632","SAPA-Project 696-item temperament item set (IPIP-based scales and the EPQ-R)",NA,NA,"Do things I later regret.",NA,"Very Inaccurate",1
"sapa_personality","sapa_personality_1","q_632","SAPA-Project 696-item temperament item set (IPIP-based scales and the EPQ-R)",NA,NA,"Do things I later regret.",NA,"Moderately Inaccurate",2
"sapa_personality","sapa_personality_1","q_632","SAPA-Project 696-item temperament item set (IPIP-based scales and the EPQ-R)",NA,NA,"Do things I later regret.",NA,"Slightly Inaccurate",3
"sapa_personality","sapa_personality_1","q_632","SAPA-Project 696-item temperament item set (IPIP-based scales and the EPQ-R)",NA,NA,"Do things I later regret.",NA,"Slightly Accurate",4
"sapa_personality","sapa_personality_1","q_632","SAPA-Project 696-item temperament item set (IPIP-based scales and the EPQ-R)",NA,NA,"Do things I later regret.",NA,"Moderately Accurate",5
"sapa_personality","sapa_personality_1","q_632","SAPA-Project 696-item temperament item set (IPIP-based scales and the EPQ-R)",NA,NA,"Do things I later regret.",NA,"Very Accurate",6
"sapa_personality","sapa_personality_1","q_634","SAPA-Project 696-item temperament item set (IPIP-based scales and the EPQ-R)",NA,NA,"Do things that others find strange.",NA,"Very Inaccurate",1
"sapa_personality","sapa_personality_1","q_634","SAPA-Project 696-item temperament item set (IPIP-based scales and the EPQ-R)",NA,NA,"Do things that others find strange.",NA,"Moderately Inaccurate",2
"sapa_personality","sapa_personality_1","q_634","SAPA-Project 696-item temperament item set (IPIP-based scales and the EPQ-R)",NA,NA,"Do things that others find strange.",NA,"Slightly Inaccurate",3
"sapa_personality","sapa_personality_1","q_634","SAPA-Project 696-item temperament item set (IPIP-based scales and the EPQ-R)",NA,NA,"Do things that others find strange.",NA,"Slightly Accurate",4
"sapa_personality","sapa_personality_1","q_634","SAPA-Project 696-item temperament item set (IPIP-based scales and the EPQ-R)",NA,NA,"Do things that others find strange.",NA,"Moderately Accurate",5
"sapa_personality","sapa_personality_1","q_634","SAPA-Project 696-item temperament item set (IPIP-based scales and the EPQ-R)",NA,NA,"Do things that others find strange.",NA,"Very Accurate",6
"sapa_personality","sapa_personality_1","q_636","SAPA-Project 696-item temperament item set (IPIP-based scales and the EPQ-R)",NA,NA,"Do things without thinking of the consequences.",NA,"Very Inaccurate",1
"sapa_personality","sapa_personality_1","q_636","SAPA-Project 696-item temperament item set (IPIP-based scales and the EPQ-R)",NA,NA,"Do things without thinking of the consequences.",NA,"Moderately Inaccurate",2
"sapa_personality","sapa_personality_1","q_636","SAPA-Project 696-item temperament item set (IPIP-based scales and the EPQ-R)",NA,NA,"Do things without thinking of the consequences.",NA,"Slightly Inaccurate",3
"sapa_personality","sapa_personality_1","q_636","SAPA-Project 696-item temperament item set (IPIP-based scales and the EPQ-R)",NA,NA,"Do things without thinking of the consequences.",NA,"Slightly Accurate",4
"sapa_personality","sapa_personality_1","q_636","SAPA-Project 696-item temperament item set (IPIP-based scales and the EPQ-R)",NA,NA,"Do things without thinking of the consequences.",NA,"Moderately Accurate",5
"sapa_personality","sapa_personality_1","q_636","SAPA-Project 696-item temperament item set (IPIP-based scales and the EPQ-R)",NA,NA,"Do things without thinking of the consequences.",NA,"Very Accurate",6
"sapa_personality","sapa_personality_1","q_637","SAPA-Project 696-item temperament item set (IPIP-based scales and the EPQ-R)",NA,NA,"Do too little work.",NA,"Very Inaccurate",1
"sapa_personality","sapa_personality_1","q_637","SAPA-Project 696-item temperament item set (IPIP-based scales and the EPQ-R)",NA,NA,"Do too little work.",NA,"Moderately Inaccurate",2
"sapa_personality","sapa_personality_1","q_637","SAPA-Project 696-item temperament item set (IPIP-based scales and the EPQ-R)",NA,NA,"Do too little work.",NA,"Slightly Inaccurate",3
"sapa_personality","sapa_personality_1","q_637","SAPA-Project 696-item temperament item set (IPIP-based scales and the EPQ-R)",NA,NA,"Do too little work.",NA,"Slightly Accurate",4
"sapa_personality","sapa_personality_1","q_637","SAPA-Project 696-item temperament item set (IPIP-based scales and the EPQ-R)",NA,NA,"Do too little work.",NA,"Moderately Accurate",5
"sapa_personality","sapa_personality_1","q_637","SAPA-Project 696-item temperament item set (IPIP-based scales and the EPQ-R)",NA,NA,"Do too little work.",NA,"Very Accurate",6
"sapa_personality","sapa_personality_1","q_646","SAPA-Project 696-item temperament item set (IPIP-based scales and the EPQ-R)",NA,NA,"Don't always practice what I preach.",NA,"Very Inaccurate",1
"sapa_personality","sapa_personality_1","q_646","SAPA-Project 696-item temperament item set (IPIP-based scales and the EPQ-R)",NA,NA,"Don't always practice what I preach.",NA,"Moderately Inaccurate",2
"sapa_personality","sapa_personality_1","q_646","SAPA-Project 696-item temperament item set (IPIP-based scales and the EPQ-R)",NA,NA,"Don't always practice what I preach.",NA,"Slightly Inaccurate",3
"sapa_personality","sapa_personality_1","q_646","SAPA-Project 696-item temperament item set (IPIP-based scales and the EPQ-R)",NA,NA,"Don't always practice what I preach.",NA,"Slightly Accurate",4
"sapa_personality","sapa_personality_1","q_646","SAPA-Project 696-item temperament item set (IPIP-based scales and the EPQ-R)",NA,NA,"Don't always practice what I preach.",NA,"Moderately Accurate",5
"sapa_personality","sapa_personality_1","q_646","SAPA-Project 696-item temperament item set (IPIP-based scales and the EPQ-R)",NA,NA,"Don't always practice what I preach.",NA,"Very Accurate",6
"sapa_personality","sapa_personality_1","q_651","SAPA-Project 696-item temperament item set (IPIP-based scales and the EPQ-R)",NA,NA,"Don't [worry about] political and social problems.",NA,"Very Inaccurate",1
"sapa_personality","sapa_personality_1","q_651","SAPA-Project 696-item temperament item set (IPIP-based scales and the EPQ-R)",NA,NA,"Don't [worry about] political and social problems.",NA,"Moderately Inaccurate",2
"sapa_personality","sapa_personality_1","q_651","SAPA-Project 696-item temperament item set (IPIP-based scales and the EPQ-R)",NA,NA,"Don't [worry about] political and social problems.",NA,"Slightly Inaccurate",3
"sapa_personality","sapa_personality_1","q_651","SAPA-Project 696-item temperament item set (IPIP-based scales and the EPQ-R)",NA,NA,"Don't [worry about] political and social problems.",NA,"Slightly Accurate",4
"sapa_personality","sapa_personality_1","q_651","SAPA-Project 696-item temperament item set (IPIP-based scales and the EPQ-R)",NA,NA,"Don't [worry about] political and social problems.",NA,"Moderately Accurate",5
"sapa_personality","sapa_personality_1","q_651","SAPA-Project 696-item temperament item set (IPIP-based scales and the EPQ-R)",NA,NA,"Don't [worry about] political and social problems.",NA,"Very Accurate",6
"sapa_personality","sapa_personality_1","q_660","SAPA-Project 696-item temperament item set (IPIP-based scales and the EPQ-R)",NA,NA,"Don't consider myself religious.",NA,"Very Inaccurate",1
"sapa_personality","sapa_personality_1","q_660","SAPA-Project 696-item temperament item set (IPIP-based scales and the EPQ-R)",NA,NA,"Don't consider myself religious.",NA,"Moderately Inaccurate",2
"sapa_personality","sapa_personality_1","q_660","SAPA-Project 696-item temperament item set (IPIP-based scales and the EPQ-R)",NA,NA,"Don't consider myself religious.",NA,"Slightly Inaccurate",3
"sapa_personality","sapa_personality_1","q_660","SAPA-Project 696-item temperament item set (IPIP-based scales and the EPQ-R)",NA,NA,"Don't consider myself religious.",NA,"Slightly Accurate",4
"sapa_personality","sapa_personality_1","q_660","SAPA-Project 696-item temperament item set (IPIP-based scales and the EPQ-R)",NA,NA,"Don't consider myself religious.",NA,"Moderately Accurate",5
"sapa_personality","sapa_personality_1","q_660","SAPA-Project 696-item temperament item set (IPIP-based scales and the EPQ-R)",NA,NA,"Don't consider myself religious.",NA,"Very Accurate",6
"sapa_personality","sapa_personality_1","q_665","SAPA-Project 696-item temperament item set (IPIP-based scales and the EPQ-R)",NA,NA,"Don't finish the things that I start.",NA,"Very Inaccurate",1
"sapa_personality","sapa_personality_1","q_665","SAPA-Project 696-item temperament item set (IPIP-based scales and the EPQ-R)",NA,NA,"Don't finish the things that I start.",NA,"Moderately Inaccurate",2
"sapa_personality","sapa_personality_1","q_665","SAPA-Project 696-item temperament item set (IPIP-based scales and the EPQ-R)",NA,NA,"Don't finish the things that I start.",NA,"Slightly Inaccurate",3
"sapa_personality","sapa_personality_1","q_665","SAPA-Project 696-item temperament item set (IPIP-based scales and the EPQ-R)",NA,NA,"Don't finish the things that I start.",NA,"Slightly Accurate",4
"sapa_personality","sapa_personality_1","q_665","SAPA-Project 696-item temperament item set (IPIP-based scales and the EPQ-R)",NA,NA,"Don't finish the things that I start.",NA,"Moderately Accurate",5
"sapa_personality","sapa_personality_1","q_665","SAPA-Project 696-item temperament item set (IPIP-based scales and the EPQ-R)",NA,NA,"Don't finish the things that I start.",NA,"Very Accurate",6
"sapa_personality","sapa_personality_1","q_668","SAPA-Project 696-item temperament item set (IPIP-based scales and the EPQ-R)",NA,NA,"Don't have a soft side.",NA,"Very Inaccurate",1
"sapa_personality","sapa_personality_1","q_668","SAPA-Project 696-item temperament item set (IPIP-based scales and the EPQ-R)",NA,NA,"Don't have a soft side.",NA,"Moderately Inaccurate",2
"sapa_personality","sapa_personality_1","q_668","SAPA-Project 696-item temperament item set (IPIP-based scales and the EPQ-R)",NA,NA,"Don't have a soft side.",NA,"Slightly Inaccurate",3
"sapa_personality","sapa_personality_1","q_668","SAPA-Project 696-item temperament item set (IPIP-based scales and the EPQ-R)",NA,NA,"Don't have a soft side.",NA,"Slightly Accurate",4
"sapa_personality","sapa_personality_1","q_668","SAPA-Project 696-item temperament item set (IPIP-based scales and the EPQ-R)",NA,NA,"Don't have a soft side.",NA,"Moderately Accurate",5
"sapa_personality","sapa_personality_1","q_668","SAPA-Project 696-item temperament item set (IPIP-based scales and the EPQ-R)",NA,NA,"Don't have a soft side.",NA,"Very Accurate",6
"sapa_personality","sapa_personality_1","q_670","SAPA-Project 696-item temperament item set (IPIP-based scales and the EPQ-R)",NA,NA,"Don't know much about history.",NA,"Very Inaccurate",1
"sapa_personality","sapa_personality_1","q_670","SAPA-Project 696-item temperament item set (IPIP-based scales and the EPQ-R)",NA,NA,"Don't know much about history.",NA,"Moderately Inaccurate",2
"sapa_personality","sapa_personality_1","q_670","SAPA-Project 696-item temperament item set (IPIP-based scales and the EPQ-R)",NA,NA,"Don't know much about history.",NA,"Slightly Inaccurate",3
"sapa_personality","sapa_personality_1","q_670","SAPA-Project 696-item temperament item set (IPIP-based scales and the EPQ-R)",NA,NA,"Don't know much about history.",NA,"Slightly Accurate",4
"sapa_personality","sapa_personality_1","q_670","SAPA-Project 696-item temperament item set (IPIP-based scales and the EPQ-R)",NA,NA,"Don't know much about history.",NA,"Moderately Accurate",5
"sapa_personality","sapa_personality_1","q_670","SAPA-Project 696-item temperament item set (IPIP-based scales and the EPQ-R)",NA,NA,"Don't know much about history.",NA,"Very Accurate",6
"sapa_personality","sapa_personality_1","q_673","SAPA-Project 696-item temperament item set (IPIP-based scales and the EPQ-R)",NA,NA,"Don't know why I do some of the things I do.",NA,"Very Inaccurate",1
"sapa_personality","sapa_personality_1","q_673","SAPA-Project 696-item temperament item set (IPIP-based scales and the EPQ-R)",NA,NA,"Don't know why I do some of the things I do.",NA,"Moderately Inaccurate",2
"sapa_personality","sapa_personality_1","q_673","SAPA-Project 696-item temperament item set (IPIP-based scales and the EPQ-R)",NA,NA,"Don't know why I do some of the things I do.",NA,"Slightly Inaccurate",3
"sapa_personality","sapa_personality_1","q_673","SAPA-Project 696-item temperament item set (IPIP-based scales and the EPQ-R)",NA,NA,"Don't know why I do some of the things I do.",NA,"Slightly Accurate",4
"sapa_personality","sapa_personality_1","q_673","SAPA-Project 696-item temperament item set (IPIP-based scales and the EPQ-R)",NA,NA,"Don't know why I do some of the things I do.",NA,"Moderately Accurate",5
"sapa_personality","sapa_personality_1","q_673","SAPA-Project 696-item temperament item set (IPIP-based scales and the EPQ-R)",NA,NA,"Don't know why I do some of the things I do.",NA,"Very Accurate",6
"sapa_personality","sapa_personality_1","q_684","SAPA-Project 696-item temperament item set (IPIP-based scales and the EPQ-R)",NA,NA,"Don't like crowded events.",NA,"Very Inaccurate",1
"sapa_personality","sapa_personality_1","q_684","SAPA-Project 696-item temperament item set (IPIP-based scales and the EPQ-R)",NA,NA,"Don't like crowded events.",NA,"Moderately Inaccurate",2
"sapa_personality","sapa_personality_1","q_684","SAPA-Project 696-item temperament item set (IPIP-based scales and the EPQ-R)",NA,NA,"Don't like crowded events.",NA,"Slightly Inaccurate",3
"sapa_personality","sapa_personality_1","q_684","SAPA-Project 696-item temperament item set (IPIP-based scales and the EPQ-R)",NA,NA,"Don't like crowded events.",NA,"Slightly Accurate",4
"sapa_personality","sapa_personality_1","q_684","SAPA-Project 696-item temperament item set (IPIP-based scales and the EPQ-R)",NA,NA,"Don't like crowded events.",NA,"Moderately Accurate",5
"sapa_personality","sapa_personality_1","q_684","SAPA-Project 696-item temperament item set (IPIP-based scales and the EPQ-R)",NA,NA,"Don't like crowded events.",NA,"Very Accurate",6
"sapa_personality","sapa_personality_1","q_689","SAPA-Project 696-item temperament item set (IPIP-based scales and the EPQ-R)",NA,NA,"Don't like the idea of change.",NA,"Very Inaccurate",1
"sapa_personality","sapa_personality_1","q_689","SAPA-Project 696-item temperament item set (IPIP-based scales and the EPQ-R)",NA,NA,"Don't like the idea of change.",NA,"Moderately Inaccurate",2
"sapa_personality","sapa_personality_1","q_689","SAPA-Project 696-item temperament item set (IPIP-based scales and the EPQ-R)",NA,NA,"Don't like the idea of change.",NA,"Slightly Inaccurate",3
"sapa_personality","sapa_personality_1","q_689","SAPA-Project 696-item temperament item set (IPIP-based scales and the EPQ-R)",NA,NA,"Don't like the idea of change.",NA,"Slightly Accurate",4
"sapa_personality","sapa_personality_1","q_689","SAPA-Project 696-item temperament item set (IPIP-based scales and the EPQ-R)",NA,NA,"Don't like the idea of change.",NA,"Moderately Accurate",5
"sapa_personality","sapa_personality_1","q_689","SAPA-Project 696-item temperament item set (IPIP-based scales and the EPQ-R)",NA,NA,"Don't like the idea of change.",NA,"Very Accurate",6
"sapa_personality","sapa_personality_1","q_690","SAPA-Project 696-item temperament item set (IPIP-based scales and the EPQ-R)",NA,NA,"Don't like to draw attention to myself.",NA,"Very Inaccurate",1
"sapa_personality","sapa_personality_1","q_690","SAPA-Project 696-item temperament item set (IPIP-based scales and the EPQ-R)",NA,NA,"Don't like to draw attention to myself.",NA,"Moderately Inaccurate",2
"sapa_personality","sapa_personality_1","q_690","SAPA-Project 696-item temperament item set (IPIP-based scales and the EPQ-R)",NA,NA,"Don't like to draw attention to myself.",NA,"Slightly Inaccurate",3
"sapa_personality","sapa_personality_1","q_690","SAPA-Project 696-item temperament item set (IPIP-based scales and the EPQ-R)",NA,NA,"Don't like to draw attention to myself.",NA,"Slightly Accurate",4
"sapa_personality","sapa_personality_1","q_690","SAPA-Project 696-item temperament item set (IPIP-based scales and the EPQ-R)",NA,NA,"Don't like to draw attention to myself.",NA,"Moderately Accurate",5
"sapa_personality","sapa_personality_1","q_690","SAPA-Project 696-item temperament item set (IPIP-based scales and the EPQ-R)",NA,NA,"Don't like to draw attention to myself.",NA,"Very Accurate",6
"sapa_personality","sapa_personality_1","q_698","SAPA-Project 696-item temperament item set (IPIP-based scales and the EPQ-R)",NA,NA,"Don't mind being the center of attention.",NA,"Very Inaccurate",1
"sapa_personality","sapa_personality_1","q_698","SAPA-Project 696-item temperament item set (IPIP-based scales and the EPQ-R)",NA,NA,"Don't mind being the center of attention.",NA,"Moderately Inaccurate",2
"sapa_personality","sapa_personality_1","q_698","SAPA-Project 696-item temperament item set (IPIP-based scales and the EPQ-R)",NA,NA,"Don't mind being the center of attention.",NA,"Slightly Inaccurate",3
"sapa_personality","sapa_personality_1","q_698","SAPA-Project 696-item temperament item set (IPIP-based scales and the EPQ-R)",NA,NA,"Don't mind being the center of attention.",NA,"Slightly Accurate",4
"sapa_personality","sapa_personality_1","q_698","SAPA-Project 696-item temperament item set (IPIP-based scales and the EPQ-R)",NA,NA,"Don't mind being the center of attention.",NA,"Moderately Accurate",5
"sapa_personality","sapa_personality_1","q_698","SAPA-Project 696-item temperament item set (IPIP-based scales and the EPQ-R)",NA,NA,"Don't mind being the center of attention.",NA,"Very Accurate",6
"sapa_personality","sapa_personality_1","q_704","SAPA-Project 696-item temperament item set (IPIP-based scales and the EPQ-R)",NA,NA,"Don't pretend to be more than I am.",NA,"Very Inaccurate",1
"sapa_personality","sapa_personality_1","q_704","SAPA-Project 696-item temperament item set (IPIP-based scales and the EPQ-R)",NA,NA,"Don't pretend to be more than I am.",NA,"Moderately Inaccurate",2
"sapa_personality","sapa_personality_1","q_704","SAPA-Project 696-item temperament item set (IPIP-based scales and the EPQ-R)",NA,NA,"Don't pretend to be more than I am.",NA,"Slightly Inaccurate",3
"sapa_personality","sapa_personality_1","q_704","SAPA-Project 696-item temperament item set (IPIP-based scales and the EPQ-R)",NA,NA,"Don't pretend to be more than I am.",NA,"Slightly Accurate",4
"sapa_personality","sapa_personality_1","q_704","SAPA-Project 696-item temperament item set (IPIP-based scales and the EPQ-R)",NA,NA,"Don't pretend to be more than I am.",NA,"Moderately Accurate",5
"sapa_personality","sapa_personality_1","q_704","SAPA-Project 696-item temperament item set (IPIP-based scales and the EPQ-R)",NA,NA,"Don't pretend to be more than I am.",NA,"Very Accurate",6
"sapa_personality","sapa_personality_1","q_706","SAPA-Project 696-item temperament item set (IPIP-based scales and the EPQ-R)",NA,NA,"Don't put my mind on the task at hand.",NA,"Very Inaccurate",1
"sapa_personality","sapa_personality_1","q_706","SAPA-Project 696-item temperament item set (IPIP-based scales and the EPQ-R)",NA,NA,"Don't put my mind on the task at hand.",NA,"Moderately Inaccurate",2
"sapa_personality","sapa_personality_1","q_706","SAPA-Project 696-item temperament item set (IPIP-based scales and the EPQ-R)",NA,NA,"Don't put my mind on the task at hand.",NA,"Slightly Inaccurate",3
"sapa_personality","sapa_personality_1","q_706","SAPA-Project 696-item temperament item set (IPIP-based scales and the EPQ-R)",NA,NA,"Don't put my mind on the task at hand.",NA,"Slightly Accurate",4
"sapa_personality","sapa_personality_1","q_706","SAPA-Project 696-item temperament item set (IPIP-based scales and the EPQ-R)",NA,NA,"Don't put my mind on the task at hand.",NA,"Moderately Accurate",5
"sapa_personality","sapa_personality_1","q_706","SAPA-Project 696-item temperament item set (IPIP-based scales and the EPQ-R)",NA,NA,"Don't put my mind on the task at hand.",NA,"Very Accurate",6
"sapa_personality","sapa_personality_1","q_708","SAPA-Project 696-item temperament item set (IPIP-based scales and the EPQ-R)",NA,NA,"Don't see the consequences of things.",NA,"Very Inaccurate",1
"sapa_personality","sapa_personality_1","q_708","SAPA-Project 696-item temperament item set (IPIP-based scales and the EPQ-R)",NA,NA,"Don't see the consequences of things.",NA,"Moderately Inaccurate",2
"sapa_personality","sapa_personality_1","q_708","SAPA-Project 696-item temperament item set (IPIP-based scales and the EPQ-R)",NA,NA,"Don't see the consequences of things.",NA,"Slightly Inaccurate",3
"sapa_personality","sapa_personality_1","q_708","SAPA-Project 696-item temperament item set (IPIP-based scales and the EPQ-R)",NA,NA,"Don't see the consequences of things.",NA,"Slightly Accurate",4
"sapa_personality","sapa_personality_1","q_708","SAPA-Project 696-item temperament item set (IPIP-based scales and the EPQ-R)",NA,NA,"Don't see the consequences of things.",NA,"Moderately Accurate",5
"sapa_personality","sapa_personality_1","q_708","SAPA-Project 696-item temperament item set (IPIP-based scales and the EPQ-R)",NA,NA,"Don't see the consequences of things.",NA,"Very Accurate",6
"sapa_personality","sapa_personality_1","q_711","SAPA-Project 696-item temperament item set (IPIP-based scales and the EPQ-R)",NA,NA,"Don't strive for elegance in my appearance.",NA,"Very Inaccurate",1
"sapa_personality","sapa_personality_1","q_711","SAPA-Project 696-item temperament item set (IPIP-based scales and the EPQ-R)",NA,NA,"Don't strive for elegance in my appearance.",NA,"Moderately Inaccurate",2
"sapa_personality","sapa_personality_1","q_711","SAPA-Project 696-item temperament item set (IPIP-based scales and the EPQ-R)",NA,NA,"Don't strive for elegance in my appearance.",NA,"Slightly Inaccurate",3
"sapa_personality","sapa_personality_1","q_711","SAPA-Project 696-item temperament item set (IPIP-based scales and the EPQ-R)",NA,NA,"Don't strive for elegance in my appearance.",NA,"Slightly Accurate",4
"sapa_personality","sapa_personality_1","q_711","SAPA-Project 696-item temperament item set (IPIP-based scales and the EPQ-R)",NA,NA,"Don't strive for elegance in my appearance.",NA,"Moderately Accurate",5
"sapa_personality","sapa_personality_1","q_711","SAPA-Project 696-item temperament item set (IPIP-based scales and the EPQ-R)",NA,NA,"Don't strive for elegance in my appearance.",NA,"Very Accurate",6
"sapa_personality","sapa_personality_1","q_712","SAPA-Project 696-item temperament item set (IPIP-based scales and the EPQ-R)",NA,NA,"Don't talk a lot.",NA,"Very Inaccurate",1
"sapa_personality","sapa_personality_1","q_712","SAPA-Project 696-item temperament item set (IPIP-based scales and the EPQ-R)",NA,NA,"Don't talk a lot.",NA,"Moderately Inaccurate",2
"sapa_personality","sapa_personality_1","q_712","SAPA-Project 696-item temperament item set (IPIP-based scales and the EPQ-R)",NA,NA,"Don't talk a lot.",NA,"Slightly Inaccurate",3
"sapa_personality","sapa_personality_1","q_712","SAPA-Project 696-item temperament item set (IPIP-based scales and the EPQ-R)",NA,NA,"Don't talk a lot.",NA,"Slightly Accurate",4
"sapa_personality","sapa_personality_1","q_712","SAPA-Project 696-item temperament item set (IPIP-based scales and the EPQ-R)",NA,NA,"Don't talk a lot.",NA,"Moderately Accurate",5
"sapa_personality","sapa_personality_1","q_712","SAPA-Project 696-item temperament item set (IPIP-based scales and the EPQ-R)",NA,NA,"Don't talk a lot.",NA,"Very Accurate",6
"sapa_personality","sapa_personality_1","q_716","SAPA-Project 696-item temperament item set (IPIP-based scales and the EPQ-R)",NA,NA,"Don't think that I'm better than other people.",NA,"Very Inaccurate",1
"sapa_personality","sapa_personality_1","q_716","SAPA-Project 696-item temperament item set (IPIP-based scales and the EPQ-R)",NA,NA,"Don't think that I'm better than other people.",NA,"Moderately Inaccurate",2
"sapa_personality","sapa_personality_1","q_716","SAPA-Project 696-item temperament item set (IPIP-based scales and the EPQ-R)",NA,NA,"Don't think that I'm better than other people.",NA,"Slightly Inaccurate",3
"sapa_personality","sapa_personality_1","q_716","SAPA-Project 696-item temperament item set (IPIP-based scales and the EPQ-R)",NA,NA,"Don't think that I'm better than other people.",NA,"Slightly Accurate",4
"sapa_personality","sapa_personality_1","q_716","SAPA-Project 696-item temperament item set (IPIP-based scales and the EPQ-R)",NA,NA,"Don't think that I'm better than other people.",NA,"Moderately Accurate",5
"sapa_personality","sapa_personality_1","q_716","SAPA-Project 696-item temperament item set (IPIP-based scales and the EPQ-R)",NA,NA,"Don't think that I'm better than other people.",NA,"Very Accurate",6
"sapa_personality","sapa_personality_1","q_721","SAPA-Project 696-item temperament item set (IPIP-based scales and the EPQ-R)",NA,NA,"Don't understand people who get emotional.",NA,"Very Inaccurate",1
"sapa_personality","sapa_personality_1","q_721","SAPA-Project 696-item temperament item set (IPIP-based scales and the EPQ-R)",NA,NA,"Don't understand people who get emotional.",NA,"Moderately Inaccurate",2
"sapa_personality","sapa_personality_1","q_721","SAPA-Project 696-item temperament item set (IPIP-based scales and the EPQ-R)",NA,NA,"Don't understand people who get emotional.",NA,"Slightly Inaccurate",3
"sapa_personality","sapa_personality_1","q_721","SAPA-Project 696-item temperament item set (IPIP-based scales and the EPQ-R)",NA,NA,"Don't understand people who get emotional.",NA,"Slightly Accurate",4
"sapa_personality","sapa_personality_1","q_721","SAPA-Project 696-item temperament item set (IPIP-based scales and the EPQ-R)",NA,NA,"Don't understand people who get emotional.",NA,"Moderately Accurate",5
"sapa_personality","sapa_personality_1","q_721","SAPA-Project 696-item temperament item set (IPIP-based scales and the EPQ-R)",NA,NA,"Don't understand people who get emotional.",NA,"Very Accurate",6
"sapa_personality","sapa_personality_1","q_722","SAPA-Project 696-item temperament item set (IPIP-based scales and the EPQ-R)",NA,NA,"Don't understand things.",NA,"Very Inaccurate",1
"sapa_personality","sapa_personality_1","q_722","SAPA-Project 696-item temperament item set (IPIP-based scales and the EPQ-R)",NA,NA,"Don't understand things.",NA,"Moderately Inaccurate",2
"sapa_personality","sapa_personality_1","q_722","SAPA-Project 696-item temperament item set (IPIP-based scales and the EPQ-R)",NA,NA,"Don't understand things.",NA,"Slightly Inaccurate",3
"sapa_personality","sapa_personality_1","q_722","SAPA-Project 696-item temperament item set (IPIP-based scales and the EPQ-R)",NA,NA,"Don't understand things.",NA,"Slightly Accurate",4
"sapa_personality","sapa_personality_1","q_722","SAPA-Project 696-item temperament item set (IPIP-based scales and the EPQ-R)",NA,NA,"Don't understand things.",NA,"Moderately Accurate",5
"sapa_personality","sapa_personality_1","q_722","SAPA-Project 696-item temperament item set (IPIP-based scales and the EPQ-R)",NA,NA,"Don't understand things.",NA,"Very Accurate",6
"sapa_personality","sapa_personality_1","q_727","SAPA-Project 696-item temperament item set (IPIP-based scales and the EPQ-R)",NA,NA,"Don't worry about things that have already happened.",NA,"Very Inaccurate",1
"sapa_personality","sapa_personality_1","q_727","SAPA-Project 696-item temperament item set (IPIP-based scales and the EPQ-R)",NA,NA,"Don't worry about things that have already happened.",NA,"Moderately Inaccurate",2
"sapa_personality","sapa_personality_1","q_727","SAPA-Project 696-item temperament item set (IPIP-based scales and the EPQ-R)",NA,NA,"Don't worry about things that have already happened.",NA,"Slightly Inaccurate",3
"sapa_personality","sapa_personality_1","q_727","SAPA-Project 696-item temperament item set (IPIP-based scales and the EPQ-R)",NA,NA,"Don't worry about things that have already happened.",NA,"Slightly Accurate",4
"sapa_personality","sapa_personality_1","q_727","SAPA-Project 696-item temperament item set (IPIP-based scales and the EPQ-R)",NA,NA,"Don't worry about things that have already happened.",NA,"Moderately Accurate",5
"sapa_personality","sapa_personality_1","q_727","SAPA-Project 696-item temperament item set (IPIP-based scales and the EPQ-R)",NA,NA,"Don't worry about things that have already happened.",NA,"Very Accurate",6
"sapa_personality","sapa_personality_1","q_736","SAPA-Project 696-item temperament item set (IPIP-based scales and the EPQ-R)",NA,NA,"Easily resist temptations.",NA,"Very Inaccurate",1
"sapa_personality","sapa_personality_1","q_736","SAPA-Project 696-item temperament item set (IPIP-based scales and the EPQ-R)",NA,NA,"Easily resist temptations.",NA,"Moderately Inaccurate",2
"sapa_personality","sapa_personality_1","q_736","SAPA-Project 696-item temperament item set (IPIP-based scales and the EPQ-R)",NA,NA,"Easily resist temptations.",NA,"Slightly Inaccurate",3
"sapa_personality","sapa_personality_1","q_736","SAPA-Project 696-item temperament item set (IPIP-based scales and the EPQ-R)",NA,NA,"Easily resist temptations.",NA,"Slightly Accurate",4
"sapa_personality","sapa_personality_1","q_736","SAPA-Project 696-item temperament item set (IPIP-based scales and the EPQ-R)",NA,NA,"Easily resist temptations.",NA,"Moderately Accurate",5
"sapa_personality","sapa_personality_1","q_736","SAPA-Project 696-item temperament item set (IPIP-based scales and the EPQ-R)",NA,NA,"Easily resist temptations.",NA,"Very Accurate",6
"sapa_personality","sapa_personality_1","q_740","SAPA-Project 696-item temperament item set (IPIP-based scales and the EPQ-R)",NA,NA,"Engage in discussions.",NA,"Very Inaccurate",1
"sapa_personality","sapa_personality_1","q_740","SAPA-Project 696-item temperament item set (IPIP-based scales and the EPQ-R)",NA,NA,"Engage in discussions.",NA,"Moderately Inaccurate",2
"sapa_personality","sapa_personality_1","q_740","SAPA-Project 696-item temperament item set (IPIP-based scales and the EPQ-R)",NA,NA,"Engage in discussions.",NA,"Slightly Inaccurate",3
"sapa_personality","sapa_personality_1","q_740","SAPA-Project 696-item temperament item set (IPIP-based scales and the EPQ-R)",NA,NA,"Engage in discussions.",NA,"Slightly Accurate",4
"sapa_personality","sapa_personality_1","q_740","SAPA-Project 696-item temperament item set (IPIP-based scales and the EPQ-R)",NA,NA,"Engage in discussions.",NA,"Moderately Accurate",5
"sapa_personality","sapa_personality_1","q_740","SAPA-Project 696-item temperament item set (IPIP-based scales and the EPQ-R)",NA,NA,"Engage in discussions.",NA,"Very Accurate",6
"sapa_personality","sapa_personality_1","q_744","SAPA-Project 696-item temperament item set (IPIP-based scales and the EPQ-R)",NA,NA,"Enjoy being part of a group.",NA,"Very Inaccurate",1
"sapa_personality","sapa_personality_1","q_744","SAPA-Project 696-item temperament item set (IPIP-based scales and the EPQ-R)",NA,NA,"Enjoy being part of a group.",NA,"Moderately Inaccurate",2
"sapa_personality","sapa_personality_1","q_744","SAPA-Project 696-item temperament item set (IPIP-based scales and the EPQ-R)",NA,NA,"Enjoy being part of a group.",NA,"Slightly Inaccurate",3
"sapa_personality","sapa_personality_1","q_744","SAPA-Project 696-item temperament item set (IPIP-based scales and the EPQ-R)",NA,NA,"Enjoy being part of a group.",NA,"Slightly Accurate",4
"sapa_personality","sapa_personality_1","q_744","SAPA-Project 696-item temperament item set (IPIP-based scales and the EPQ-R)",NA,NA,"Enjoy being part of a group.",NA,"Moderately Accurate",5
"sapa_personality","sapa_personality_1","q_744","SAPA-Project 696-item temperament item set (IPIP-based scales and the EPQ-R)",NA,NA,"Enjoy being part of a group.",NA,"Very Accurate",6
"sapa_personality","sapa_personality_1","q_745","SAPA-Project 696-item temperament item set (IPIP-based scales and the EPQ-R)",NA,NA,"Enjoy being part of a loud crowd.",NA,"Very Inaccurate",1
"sapa_personality","sapa_personality_1","q_745","SAPA-Project 696-item temperament item set (IPIP-based scales and the EPQ-R)",NA,NA,"Enjoy being part of a loud crowd.",NA,"Moderately Inaccurate",2
"sapa_personality","sapa_personality_1","q_745","SAPA-Project 696-item temperament item set (IPIP-based scales and the EPQ-R)",NA,NA,"Enjoy being part of a loud crowd.",NA,"Slightly Inaccurate",3
"sapa_personality","sapa_personality_1","q_745","SAPA-Project 696-item temperament item set (IPIP-based scales and the EPQ-R)",NA,NA,"Enjoy being part of a loud crowd.",NA,"Slightly Accurate",4
"sapa_personality","sapa_personality_1","q_745","SAPA-Project 696-item temperament item set (IPIP-based scales and the EPQ-R)",NA,NA,"Enjoy being part of a loud crowd.",NA,"Moderately Accurate",5
"sapa_personality","sapa_personality_1","q_745","SAPA-Project 696-item temperament item set (IPIP-based scales and the EPQ-R)",NA,NA,"Enjoy being part of a loud crowd.",NA,"Very Accurate",6
"sapa_personality","sapa_personality_1","q_746","SAPA-Project 696-item temperament item set (IPIP-based scales and the EPQ-R)",NA,NA,"Enjoy being reckless.",NA,"Very Inaccurate",1
"sapa_personality","sapa_personality_1","q_746","SAPA-Project 696-item temperament item set (IPIP-based scales and the EPQ-R)",NA,NA,"Enjoy being reckless.",NA,"Moderately Inaccurate",2
"sapa_personality","sapa_personality_1","q_746","SAPA-Project 696-item temperament item set (IPIP-based scales and the EPQ-R)",NA,NA,"Enjoy being reckless.",NA,"Slightly Inaccurate",3
"sapa_personality","sapa_personality_1","q_746","SAPA-Project 696-item temperament item set (IPIP-based scales and the EPQ-R)",NA,NA,"Enjoy being reckless.",NA,"Slightly Accurate",4
"sapa_personality","sapa_personality_1","q_746","SAPA-Project 696-item temperament item set (IPIP-based scales and the EPQ-R)",NA,NA,"Enjoy being reckless.",NA,"Moderately Accurate",5
"sapa_personality","sapa_personality_1","q_746","SAPA-Project 696-item temperament item set (IPIP-based scales and the EPQ-R)",NA,NA,"Enjoy being reckless.",NA,"Very Accurate",6
"sapa_personality","sapa_personality_1","q_747","SAPA-Project 696-item temperament item set (IPIP-based scales and the EPQ-R)",NA,NA,"Enjoy being thought of as a normal ""mainstream"" person.",NA,"Very Inaccurate",1
"sapa_personality","sapa_personality_1","q_747","SAPA-Project 696-item temperament item set (IPIP-based scales and the EPQ-R)",NA,NA,"Enjoy being thought of as a normal ""mainstream"" person.",NA,"Moderately Inaccurate",2
"sapa_personality","sapa_personality_1","q_747","SAPA-Project 696-item temperament item set (IPIP-based scales and the EPQ-R)",NA,NA,"Enjoy being thought of as a normal ""mainstream"" person.",NA,"Slightly Inaccurate",3
"sapa_personality","sapa_personality_1","q_747","SAPA-Project 696-item temperament item set (IPIP-based scales and the EPQ-R)",NA,NA,"Enjoy being thought of as a normal ""mainstream"" person.",NA,"Slightly Accurate",4
"sapa_personality","sapa_personality_1","q_747","SAPA-Project 696-item temperament item set (IPIP-based scales and the EPQ-R)",NA,NA,"Enjoy being thought of as a normal ""mainstream"" person.",NA,"Moderately Accurate",5
"sapa_personality","sapa_personality_1","q_747","SAPA-Project 696-item temperament item set (IPIP-based scales and the EPQ-R)",NA,NA,"Enjoy being thought of as a normal ""mainstream"" person.",NA,"Very Accurate",6
"sapa_personality","sapa_personality_1","q_755","SAPA-Project 696-item temperament item set (IPIP-based scales and the EPQ-R)",NA,NA,"Enjoy examining myself and my life.",NA,"Very Inaccurate",1
"sapa_personality","sapa_personality_1","q_755","SAPA-Project 696-item temperament item set (IPIP-based scales and the EPQ-R)",NA,NA,"Enjoy examining myself and my life.",NA,"Moderately Inaccurate",2
"sapa_personality","sapa_personality_1","q_755","SAPA-Project 696-item temperament item set (IPIP-based scales and the EPQ-R)",NA,NA,"Enjoy examining myself and my life.",NA,"Slightly Inaccurate",3
"sapa_personality","sapa_personality_1","q_755","SAPA-Project 696-item temperament item set (IPIP-based scales and the EPQ-R)",NA,NA,"Enjoy examining myself and my life.",NA,"Slightly Accurate",4
"sapa_personality","sapa_personality_1","q_755","SAPA-Project 696-item temperament item set (IPIP-based scales and the EPQ-R)",NA,NA,"Enjoy examining myself and my life.",NA,"Moderately Accurate",5
"sapa_personality","sapa_personality_1","q_755","SAPA-Project 696-item temperament item set (IPIP-based scales and the EPQ-R)",NA,NA,"Enjoy examining myself and my life.",NA,"Very Accurate",6
"sapa_personality","sapa_personality_1","q_757","SAPA-Project 696-item temperament item set (IPIP-based scales and the EPQ-R)",NA,NA,"Enjoy feeling ""close to the earth.""",NA,"Very Inaccurate",1
"sapa_personality","sapa_personality_1","q_757","SAPA-Project 696-item temperament item set (IPIP-based scales and the EPQ-R)",NA,NA,"Enjoy feeling ""close to the earth.""",NA,"Moderately Inaccurate",2
"sapa_personality","sapa_personality_1","q_757","SAPA-Project 696-item temperament item set (IPIP-based scales and the EPQ-R)",NA,NA,"Enjoy feeling ""close to the earth.""",NA,"Slightly Inaccurate",3
"sapa_personality","sapa_personality_1","q_757","SAPA-Project 696-item temperament item set (IPIP-based scales and the EPQ-R)",NA,NA,"Enjoy feeling ""close to the earth.""",NA,"Slightly Accurate",4
"sapa_personality","sapa_personality_1","q_757","SAPA-Project 696-item temperament item set (IPIP-based scales and the EPQ-R)",NA,NA,"Enjoy feeling ""close to the earth.""",NA,"Moderately Accurate",5
"sapa_personality","sapa_personality_1","q_757","SAPA-Project 696-item temperament item set (IPIP-based scales and the EPQ-R)",NA,NA,"Enjoy feeling ""close to the earth.""",NA,"Very Accurate",6
"sapa_personality","sapa_personality_1","q_761","SAPA-Project 696-item temperament item set (IPIP-based scales and the EPQ-R)",NA,NA,"Enjoy intellectual games.",NA,"Very Inaccurate",1
"sapa_personality","sapa_personality_1","q_761","SAPA-Project 696-item temperament item set (IPIP-based scales and the EPQ-R)",NA,NA,"Enjoy intellectual games.",NA,"Moderately Inaccurate",2
"sapa_personality","sapa_personality_1","q_761","SAPA-Project 696-item temperament item set (IPIP-based scales and the EPQ-R)",NA,NA,"Enjoy intellectual games.",NA,"Slightly Inaccurate",3
"sapa_personality","sapa_personality_1","q_761","SAPA-Project 696-item temperament item set (IPIP-based scales and the EPQ-R)",NA,NA,"Enjoy intellectual games.",NA,"Slightly Accurate",4
"sapa_personality","sapa_personality_1","q_761","SAPA-Project 696-item temperament item set (IPIP-based scales and the EPQ-R)",NA,NA,"Enjoy intellectual games.",NA,"Moderately Accurate",5
"sapa_personality","sapa_personality_1","q_761","SAPA-Project 696-item temperament item set (IPIP-based scales and the EPQ-R)",NA,NA,"Enjoy intellectual games.",NA,"Very Accurate",6
"sapa_personality","sapa_personality_1","q_776","SAPA-Project 696-item temperament item set (IPIP-based scales and the EPQ-R)",NA,NA,"Enjoy the beauty of nature.",NA,"Very Inaccurate",1
"sapa_personality","sapa_personality_1","q_776","SAPA-Project 696-item temperament item set (IPIP-based scales and the EPQ-R)",NA,NA,"Enjoy the beauty of nature.",NA,"Moderately Inaccurate",2
"sapa_personality","sapa_personality_1","q_776","SAPA-Project 696-item temperament item set (IPIP-based scales and the EPQ-R)",NA,NA,"Enjoy the beauty of nature.",NA,"Slightly Inaccurate",3
"sapa_personality","sapa_personality_1","q_776","SAPA-Project 696-item temperament item set (IPIP-based scales and the EPQ-R)",NA,NA,"Enjoy the beauty of nature.",NA,"Slightly Accurate",4
"sapa_personality","sapa_personality_1","q_776","SAPA-Project 696-item temperament item set (IPIP-based scales and the EPQ-R)",NA,NA,"Enjoy the beauty of nature.",NA,"Moderately Accurate",5
"sapa_personality","sapa_personality_1","q_776","SAPA-Project 696-item temperament item set (IPIP-based scales and the EPQ-R)",NA,NA,"Enjoy the beauty of nature.",NA,"Very Accurate",6
"sapa_personality","sapa_personality_1","q_778","SAPA-Project 696-item temperament item set (IPIP-based scales and the EPQ-R)",NA,NA,"Enjoy thinking about things.",NA,"Very Inaccurate",1
"sapa_personality","sapa_personality_1","q_778","SAPA-Project 696-item temperament item set (IPIP-based scales and the EPQ-R)",NA,NA,"Enjoy thinking about things.",NA,"Moderately Inaccurate",2
"sapa_personality","sapa_personality_1","q_778","SAPA-Project 696-item temperament item set (IPIP-based scales and the EPQ-R)",NA,NA,"Enjoy thinking about things.",NA,"Slightly Inaccurate",3
"sapa_personality","sapa_personality_1","q_778","SAPA-Project 696-item temperament item set (IPIP-based scales and the EPQ-R)",NA,NA,"Enjoy thinking about things.",NA,"Slightly Accurate",4
"sapa_personality","sapa_personality_1","q_778","SAPA-Project 696-item temperament item set (IPIP-based scales and the EPQ-R)",NA,NA,"Enjoy thinking about things.",NA,"Moderately Accurate",5
"sapa_personality","sapa_personality_1","q_778","SAPA-Project 696-item temperament item set (IPIP-based scales and the EPQ-R)",NA,NA,"Enjoy thinking about things.",NA,"Very Accurate",6
"sapa_personality","sapa_personality_1","q_780","SAPA-Project 696-item temperament item set (IPIP-based scales and the EPQ-R)",NA,NA,"Enjoy wild flights of fantasy.",NA,"Very Inaccurate",1
"sapa_personality","sapa_personality_1","q_780","SAPA-Project 696-item temperament item set (IPIP-based scales and the EPQ-R)",NA,NA,"Enjoy wild flights of fantasy.",NA,"Moderately Inaccurate",2
"sapa_personality","sapa_personality_1","q_780","SAPA-Project 696-item temperament item set (IPIP-based scales and the EPQ-R)",NA,NA,"Enjoy wild flights of fantasy.",NA,"Slightly Inaccurate",3
"sapa_personality","sapa_personality_1","q_780","SAPA-Project 696-item temperament item set (IPIP-based scales and the EPQ-R)",NA,NA,"Enjoy wild flights of fantasy.",NA,"Slightly Accurate",4
"sapa_personality","sapa_personality_1","q_780","SAPA-Project 696-item temperament item set (IPIP-based scales and the EPQ-R)",NA,NA,"Enjoy wild flights of fantasy.",NA,"Moderately Accurate",5
"sapa_personality","sapa_personality_1","q_780","SAPA-Project 696-item temperament item set (IPIP-based scales and the EPQ-R)",NA,NA,"Enjoy wild flights of fantasy.",NA,"Very Accurate",6
"sapa_personality","sapa_personality_1","q_786","SAPA-Project 696-item temperament item set (IPIP-based scales and the EPQ-R)",NA,NA,"Excel in what I do.",NA,"Very Inaccurate",1
"sapa_personality","sapa_personality_1","q_786","SAPA-Project 696-item temperament item set (IPIP-based scales and the EPQ-R)",NA,NA,"Excel in what I do.",NA,"Moderately Inaccurate",2
"sapa_personality","sapa_personality_1","q_786","SAPA-Project 696-item temperament item set (IPIP-based scales and the EPQ-R)",NA,NA,"Excel in what I do.",NA,"Slightly Inaccurate",3
"sapa_personality","sapa_personality_1","q_786","SAPA-Project 696-item temperament item set (IPIP-based scales and the EPQ-R)",NA,NA,"Excel in what I do.",NA,"Slightly Accurate",4
"sapa_personality","sapa_personality_1","q_786","SAPA-Project 696-item temperament item set (IPIP-based scales and the EPQ-R)",NA,NA,"Excel in what I do.",NA,"Moderately Accurate",5
"sapa_personality","sapa_personality_1","q_786","SAPA-Project 696-item temperament item set (IPIP-based scales and the EPQ-R)",NA,NA,"Excel in what I do.",NA,"Very Accurate",6
"sapa_personality","sapa_personality_1","q_793","SAPA-Project 696-item temperament item set (IPIP-based scales and the EPQ-R)",NA,NA,"Experience my emotions intensely.",NA,"Very Inaccurate",1
"sapa_personality","sapa_personality_1","q_793","SAPA-Project 696-item temperament item set (IPIP-based scales and the EPQ-R)",NA,NA,"Experience my emotions intensely.",NA,"Moderately Inaccurate",2
"sapa_personality","sapa_personality_1","q_793","SAPA-Project 696-item temperament item set (IPIP-based scales and the EPQ-R)",NA,NA,"Experience my emotions intensely.",NA,"Slightly Inaccurate",3
"sapa_personality","sapa_personality_1","q_793","SAPA-Project 696-item temperament item set (IPIP-based scales and the EPQ-R)",NA,NA,"Experience my emotions intensely.",NA,"Slightly Accurate",4
"sapa_personality","sapa_personality_1","q_793","SAPA-Project 696-item temperament item set (IPIP-based scales and the EPQ-R)",NA,NA,"Experience my emotions intensely.",NA,"Moderately Accurate",5
"sapa_personality","sapa_personality_1","q_793","SAPA-Project 696-item temperament item set (IPIP-based scales and the EPQ-R)",NA,NA,"Experience my emotions intensely.",NA,"Very Accurate",6
"sapa_personality","sapa_personality_1","q_797","SAPA-Project 696-item temperament item set (IPIP-based scales and the EPQ-R)",NA,NA,"Experience very few emotional highs and lows.",NA,"Very Inaccurate",1
"sapa_personality","sapa_personality_1","q_797","SAPA-Project 696-item temperament item set (IPIP-based scales and the EPQ-R)",NA,NA,"Experience very few emotional highs and lows.",NA,"Moderately Inaccurate",2
"sapa_personality","sapa_personality_1","q_797","SAPA-Project 696-item temperament item set (IPIP-based scales and the EPQ-R)",NA,NA,"Experience very few emotional highs and lows.",NA,"Slightly Inaccurate",3
"sapa_personality","sapa_personality_1","q_797","SAPA-Project 696-item temperament item set (IPIP-based scales and the EPQ-R)",NA,NA,"Experience very few emotional highs and lows.",NA,"Slightly Accurate",4
"sapa_personality","sapa_personality_1","q_797","SAPA-Project 696-item temperament item set (IPIP-based scales and the EPQ-R)",NA,NA,"Experience very few emotional highs and lows.",NA,"Moderately Accurate",5
"sapa_personality","sapa_personality_1","q_797","SAPA-Project 696-item temperament item set (IPIP-based scales and the EPQ-R)",NA,NA,"Experience very few emotional highs and lows.",NA,"Very Accurate",6
"sapa_personality","sapa_personality_1","q_799","SAPA-Project 696-item temperament item set (IPIP-based scales and the EPQ-R)",NA,NA,"Express childlike joy.",NA,"Very Inaccurate",1
"sapa_personality","sapa_personality_1","q_799","SAPA-Project 696-item temperament item set (IPIP-based scales and the EPQ-R)",NA,NA,"Express childlike joy.",NA,"Moderately Inaccurate",2
"sapa_personality","sapa_personality_1","q_799","SAPA-Project 696-item temperament item set (IPIP-based scales and the EPQ-R)",NA,NA,"Express childlike joy.",NA,"Slightly Inaccurate",3
"sapa_personality","sapa_personality_1","q_799","SAPA-Project 696-item temperament item set (IPIP-based scales and the EPQ-R)",NA,NA,"Express childlike joy.",NA,"Slightly Accurate",4
"sapa_personality","sapa_personality_1","q_799","SAPA-Project 696-item temperament item set (IPIP-based scales and the EPQ-R)",NA,NA,"Express childlike joy.",NA,"Moderately Accurate",5
"sapa_personality","sapa_personality_1","q_799","SAPA-Project 696-item temperament item set (IPIP-based scales and the EPQ-R)",NA,NA,"Express childlike joy.",NA,"Very Accurate",6
"sapa_personality","sapa_personality_1","q_803","SAPA-Project 696-item temperament item set (IPIP-based scales and the EPQ-R)",NA,NA,"Express myself easily.",NA,"Very Inaccurate",1
"sapa_personality","sapa_personality_1","q_803","SAPA-Project 696-item temperament item set (IPIP-based scales and the EPQ-R)",NA,NA,"Express myself easily.",NA,"Moderately Inaccurate",2
"sapa_personality","sapa_personality_1","q_803","SAPA-Project 696-item temperament item set (IPIP-based scales and the EPQ-R)",NA,NA,"Express myself easily.",NA,"Slightly Inaccurate",3
"sapa_personality","sapa_personality_1","q_803","SAPA-Project 696-item temperament item set (IPIP-based scales and the EPQ-R)",NA,NA,"Express myself easily.",NA,"Slightly Accurate",4
"sapa_personality","sapa_personality_1","q_803","SAPA-Project 696-item temperament item set (IPIP-based scales and the EPQ-R)",NA,NA,"Express myself easily.",NA,"Moderately Accurate",5
"sapa_personality","sapa_personality_1","q_803","SAPA-Project 696-item temperament item set (IPIP-based scales and the EPQ-R)",NA,NA,"Express myself easily.",NA,"Very Accurate",6
"sapa_personality","sapa_personality_1","q_804","SAPA-Project 696-item temperament item set (IPIP-based scales and the EPQ-R)",NA,NA,"Face danger confidently.",NA,"Very Inaccurate",1
"sapa_personality","sapa_personality_1","q_804","SAPA-Project 696-item temperament item set (IPIP-based scales and the EPQ-R)",NA,NA,"Face danger confidently.",NA,"Moderately Inaccurate",2
"sapa_personality","sapa_personality_1","q_804","SAPA-Project 696-item temperament item set (IPIP-based scales and the EPQ-R)",NA,NA,"Face danger confidently.",NA,"Slightly Inaccurate",3
"sapa_personality","sapa_personality_1","q_804","SAPA-Project 696-item temperament item set (IPIP-based scales and the EPQ-R)",NA,NA,"Face danger confidently.",NA,"Slightly Accurate",4
"sapa_personality","sapa_personality_1","q_804","SAPA-Project 696-item temperament item set (IPIP-based scales and the EPQ-R)",NA,NA,"Face danger confidently.",NA,"Moderately Accurate",5
"sapa_personality","sapa_personality_1","q_804","SAPA-Project 696-item temperament item set (IPIP-based scales and the EPQ-R)",NA,NA,"Face danger confidently.",NA,"Very Accurate",6
"sapa_personality","sapa_personality_1","q_808","SAPA-Project 696-item temperament item set (IPIP-based scales and the EPQ-R)",NA,NA,"Fear for the worst.",NA,"Very Inaccurate",1
"sapa_personality","sapa_personality_1","q_808","SAPA-Project 696-item temperament item set (IPIP-based scales and the EPQ-R)",NA,NA,"Fear for the worst.",NA,"Moderately Inaccurate",2
"sapa_personality","sapa_personality_1","q_808","SAPA-Project 696-item temperament item set (IPIP-based scales and the EPQ-R)",NA,NA,"Fear for the worst.",NA,"Slightly Inaccurate",3
"sapa_personality","sapa_personality_1","q_808","SAPA-Project 696-item temperament item set (IPIP-based scales and the EPQ-R)",NA,NA,"Fear for the worst.",NA,"Slightly Accurate",4
"sapa_personality","sapa_personality_1","q_808","SAPA-Project 696-item temperament item set (IPIP-based scales and the EPQ-R)",NA,NA,"Fear for the worst.",NA,"Moderately Accurate",5
"sapa_personality","sapa_personality_1","q_808","SAPA-Project 696-item temperament item set (IPIP-based scales and the EPQ-R)",NA,NA,"Fear for the worst.",NA,"Very Accurate",6
"sapa_personality","sapa_personality_1","q_811","SAPA-Project 696-item temperament item set (IPIP-based scales and the EPQ-R)",NA,NA,"Feel a sense of worthlessness or hopelessness.",NA,"Very Inaccurate",1
"sapa_personality","sapa_personality_1","q_811","SAPA-Project 696-item temperament item set (IPIP-based scales and the EPQ-R)",NA,NA,"Feel a sense of worthlessness or hopelessness.",NA,"Moderately Inaccurate",2
"sapa_personality","sapa_personality_1","q_811","SAPA-Project 696-item temperament item set (IPIP-based scales and the EPQ-R)",NA,NA,"Feel a sense of worthlessness or hopelessness.",NA,"Slightly Inaccurate",3
"sapa_personality","sapa_personality_1","q_811","SAPA-Project 696-item temperament item set (IPIP-based scales and the EPQ-R)",NA,NA,"Feel a sense of worthlessness or hopelessness.",NA,"Slightly Accurate",4
"sapa_personality","sapa_personality_1","q_811","SAPA-Project 696-item temperament item set (IPIP-based scales and the EPQ-R)",NA,NA,"Feel a sense of worthlessness or hopelessness.",NA,"Moderately Accurate",5
"sapa_personality","sapa_personality_1","q_811","SAPA-Project 696-item temperament item set (IPIP-based scales and the EPQ-R)",NA,NA,"Feel a sense of worthlessness or hopelessness.",NA,"Very Accurate",6
"sapa_personality","sapa_personality_1","q_815","SAPA-Project 696-item temperament item set (IPIP-based scales and the EPQ-R)",NA,NA,"Feel at ease with people.",NA,"Very Inaccurate",1
"sapa_personality","sapa_personality_1","q_815","SAPA-Project 696-item temperament item set (IPIP-based scales and the EPQ-R)",NA,NA,"Feel at ease with people.",NA,"Moderately Inaccurate",2
"sapa_personality","sapa_personality_1","q_815","SAPA-Project 696-item temperament item set (IPIP-based scales and the EPQ-R)",NA,NA,"Feel at ease with people.",NA,"Slightly Inaccurate",3
"sapa_personality","sapa_personality_1","q_815","SAPA-Project 696-item temperament item set (IPIP-based scales and the EPQ-R)",NA,NA,"Feel at ease with people.",NA,"Slightly Accurate",4
"sapa_personality","sapa_personality_1","q_815","SAPA-Project 696-item temperament item set (IPIP-based scales and the EPQ-R)",NA,NA,"Feel at ease with people.",NA,"Moderately Accurate",5
"sapa_personality","sapa_personality_1","q_815","SAPA-Project 696-item temperament item set (IPIP-based scales and the EPQ-R)",NA,NA,"Feel at ease with people.",NA,"Very Accurate",6
"sapa_personality","sapa_personality_1","q_816","SAPA-Project 696-item temperament item set (IPIP-based scales and the EPQ-R)",NA,NA,"Feel attacked by others.",NA,"Very Inaccurate",1
"sapa_personality","sapa_personality_1","q_816","SAPA-Project 696-item temperament item set (IPIP-based scales and the EPQ-R)",NA,NA,"Feel attacked by others.",NA,"Moderately Inaccurate",2
"sapa_personality","sapa_personality_1","q_816","SAPA-Project 696-item temperament item set (IPIP-based scales and the EPQ-R)",NA,NA,"Feel attacked by others.",NA,"Slightly Inaccurate",3
"sapa_personality","sapa_personality_1","q_816","SAPA-Project 696-item temperament item set (IPIP-based scales and the EPQ-R)",NA,NA,"Feel attacked by others.",NA,"Slightly Accurate",4
"sapa_personality","sapa_personality_1","q_816","SAPA-Project 696-item temperament item set (IPIP-based scales and the EPQ-R)",NA,NA,"Feel attacked by others.",NA,"Moderately Accurate",5
"sapa_personality","sapa_personality_1","q_816","SAPA-Project 696-item temperament item set (IPIP-based scales and the EPQ-R)",NA,NA,"Feel attacked by others.",NA,"Very Accurate",6
"sapa_personality","sapa_personality_1","q_819","SAPA-Project 696-item temperament item set (IPIP-based scales and the EPQ-R)",NA,NA,"Feel comfortable around people.",NA,"Very Inaccurate",1
"sapa_personality","sapa_personality_1","q_819","SAPA-Project 696-item temperament item set (IPIP-based scales and the EPQ-R)",NA,NA,"Feel comfortable around people.",NA,"Moderately Inaccurate",2
"sapa_personality","sapa_personality_1","q_819","SAPA-Project 696-item temperament item set (IPIP-based scales and the EPQ-R)",NA,NA,"Feel comfortable around people.",NA,"Slightly Inaccurate",3
"sapa_personality","sapa_personality_1","q_819","SAPA-Project 696-item temperament item set (IPIP-based scales and the EPQ-R)",NA,NA,"Feel comfortable around people.",NA,"Slightly Accurate",4
"sapa_personality","sapa_personality_1","q_819","SAPA-Project 696-item temperament item set (IPIP-based scales and the EPQ-R)",NA,NA,"Feel comfortable around people.",NA,"Moderately Accurate",5
"sapa_personality","sapa_personality_1","q_819","SAPA-Project 696-item temperament item set (IPIP-based scales and the EPQ-R)",NA,NA,"Feel comfortable around people.",NA,"Very Accurate",6
"sapa_personality","sapa_personality_1","q_820","SAPA-Project 696-item temperament item set (IPIP-based scales and the EPQ-R)",NA,NA,"Feel comfortable with myself.",NA,"Very Inaccurate",1
"sapa_personality","sapa_personality_1","q_820","SAPA-Project 696-item temperament item set (IPIP-based scales and the EPQ-R)",NA,NA,"Feel comfortable with myself.",NA,"Moderately Inaccurate",2
"sapa_personality","sapa_personality_1","q_820","SAPA-Project 696-item temperament item set (IPIP-based scales and the EPQ-R)",NA,NA,"Feel comfortable with myself.",NA,"Slightly Inaccurate",3
"sapa_personality","sapa_personality_1","q_820","SAPA-Project 696-item temperament item set (IPIP-based scales and the EPQ-R)",NA,NA,"Feel comfortable with myself.",NA,"Slightly Accurate",4
"sapa_personality","sapa_personality_1","q_820","SAPA-Project 696-item temperament item set (IPIP-based scales and the EPQ-R)",NA,NA,"Feel comfortable with myself.",NA,"Moderately Accurate",5
"sapa_personality","sapa_personality_1","q_820","SAPA-Project 696-item temperament item set (IPIP-based scales and the EPQ-R)",NA,NA,"Feel comfortable with myself.",NA,"Very Accurate",6
"sapa_personality","sapa_personality_1","q_824","SAPA-Project 696-item temperament item set (IPIP-based scales and the EPQ-R)",NA,NA,"Feel desperate.",NA,"Very Inaccurate",1
"sapa_personality","sapa_personality_1","q_824","SAPA-Project 696-item temperament item set (IPIP-based scales and the EPQ-R)",NA,NA,"Feel desperate.",NA,"Moderately Inaccurate",2
"sapa_personality","sapa_personality_1","q_824","SAPA-Project 696-item temperament item set (IPIP-based scales and the EPQ-R)",NA,NA,"Feel desperate.",NA,"Slightly Inaccurate",3
"sapa_personality","sapa_personality_1","q_824","SAPA-Project 696-item temperament item set (IPIP-based scales and the EPQ-R)",NA,NA,"Feel desperate.",NA,"Slightly Accurate",4
"sapa_personality","sapa_personality_1","q_824","SAPA-Project 696-item temperament item set (IPIP-based scales and the EPQ-R)",NA,NA,"Feel desperate.",NA,"Moderately Accurate",5
"sapa_personality","sapa_personality_1","q_824","SAPA-Project 696-item temperament item set (IPIP-based scales and the EPQ-R)",NA,NA,"Feel desperate.",NA,"Very Accurate",6
"sapa_personality","sapa_personality_1","q_832","SAPA-Project 696-item temperament item set (IPIP-based scales and the EPQ-R)",NA,NA,"Feel healthy and vibrant most of the time.",NA,"Very Inaccurate",1
"sapa_personality","sapa_personality_1","q_832","SAPA-Project 696-item temperament item set (IPIP-based scales and the EPQ-R)",NA,NA,"Feel healthy and vibrant most of the time.",NA,"Moderately Inaccurate",2
"sapa_personality","sapa_personality_1","q_832","SAPA-Project 696-item temperament item set (IPIP-based scales and the EPQ-R)",NA,NA,"Feel healthy and vibrant most of the time.",NA,"Slightly Inaccurate",3
"sapa_personality","sapa_personality_1","q_832","SAPA-Project 696-item temperament item set (IPIP-based scales and the EPQ-R)",NA,NA,"Feel healthy and vibrant most of the time.",NA,"Slightly Accurate",4
"sapa_personality","sapa_personality_1","q_832","SAPA-Project 696-item temperament item set (IPIP-based scales and the EPQ-R)",NA,NA,"Feel healthy and vibrant most of the time.",NA,"Moderately Accurate",5
"sapa_personality","sapa_personality_1","q_832","SAPA-Project 696-item temperament item set (IPIP-based scales and the EPQ-R)",NA,NA,"Feel healthy and vibrant most of the time.",NA,"Very Accurate",6
"sapa_personality","sapa_personality_1","q_838","SAPA-Project 696-item temperament item set (IPIP-based scales and the EPQ-R)",NA,NA,"Feel little concern for others.",NA,"Very Inaccurate",1
"sapa_personality","sapa_personality_1","q_838","SAPA-Project 696-item temperament item set (IPIP-based scales and the EPQ-R)",NA,NA,"Feel little concern for others.",NA,"Moderately Inaccurate",2
"sapa_personality","sapa_personality_1","q_838","SAPA-Project 696-item temperament item set (IPIP-based scales and the EPQ-R)",NA,NA,"Feel little concern for others.",NA,"Slightly Inaccurate",3
"sapa_personality","sapa_personality_1","q_838","SAPA-Project 696-item temperament item set (IPIP-based scales and the EPQ-R)",NA,NA,"Feel little concern for others.",NA,"Slightly Accurate",4
"sapa_personality","sapa_personality_1","q_838","SAPA-Project 696-item temperament item set (IPIP-based scales and the EPQ-R)",NA,NA,"Feel little concern for others.",NA,"Moderately Accurate",5
"sapa_personality","sapa_personality_1","q_838","SAPA-Project 696-item temperament item set (IPIP-based scales and the EPQ-R)",NA,NA,"Feel little concern for others.",NA,"Very Accurate",6
"sapa_personality","sapa_personality_1","q_839","SAPA-Project 696-item temperament item set (IPIP-based scales and the EPQ-R)",NA,NA,"Feel lucky most of the time.",NA,"Very Inaccurate",1
"sapa_personality","sapa_personality_1","q_839","SAPA-Project 696-item temperament item set (IPIP-based scales and the EPQ-R)",NA,NA,"Feel lucky most of the time.",NA,"Moderately Inaccurate",2
"sapa_personality","sapa_personality_1","q_839","SAPA-Project 696-item temperament item set (IPIP-based scales and the EPQ-R)",NA,NA,"Feel lucky most of the time.",NA,"Slightly Inaccurate",3
"sapa_personality","sapa_personality_1","q_839","SAPA-Project 696-item temperament item set (IPIP-based scales and the EPQ-R)",NA,NA,"Feel lucky most of the time.",NA,"Slightly Accurate",4
"sapa_personality","sapa_personality_1","q_839","SAPA-Project 696-item temperament item set (IPIP-based scales and the EPQ-R)",NA,NA,"Feel lucky most of the time.",NA,"Moderately Accurate",5
"sapa_personality","sapa_personality_1","q_839","SAPA-Project 696-item temperament item set (IPIP-based scales and the EPQ-R)",NA,NA,"Feel lucky most of the time.",NA,"Very Accurate",6
"sapa_personality","sapa_personality_1","q_844","SAPA-Project 696-item temperament item set (IPIP-based scales and the EPQ-R)",NA,NA,"Feel others' emotions.",NA,"Very Inaccurate",1
"sapa_personality","sapa_personality_1","q_844","SAPA-Project 696-item temperament item set (IPIP-based scales and the EPQ-R)",NA,NA,"Feel others' emotions.",NA,"Moderately Inaccurate",2
"sapa_personality","sapa_personality_1","q_844","SAPA-Project 696-item temperament item set (IPIP-based scales and the EPQ-R)",NA,NA,"Feel others' emotions.",NA,"Slightly Inaccurate",3
"sapa_personality","sapa_personality_1","q_844","SAPA-Project 696-item temperament item set (IPIP-based scales and the EPQ-R)",NA,NA,"Feel others' emotions.",NA,"Slightly Accurate",4
"sapa_personality","sapa_personality_1","q_844","SAPA-Project 696-item temperament item set (IPIP-based scales and the EPQ-R)",NA,NA,"Feel others' emotions.",NA,"Moderately Accurate",5
"sapa_personality","sapa_personality_1","q_844","SAPA-Project 696-item temperament item set (IPIP-based scales and the EPQ-R)",NA,NA,"Feel others' emotions.",NA,"Very Accurate",6
"sapa_personality","sapa_personality_1","q_848","SAPA-Project 696-item temperament item set (IPIP-based scales and the EPQ-R)",NA,NA,"Feel short-changed in life.",NA,"Very Inaccurate",1
"sapa_personality","sapa_personality_1","q_848","SAPA-Project 696-item temperament item set (IPIP-based scales and the EPQ-R)",NA,NA,"Feel short-changed in life.",NA,"Moderately Inaccurate",2
"sapa_personality","sapa_personality_1","q_848","SAPA-Project 696-item temperament item set (IPIP-based scales and the EPQ-R)",NA,NA,"Feel short-changed in life.",NA,"Slightly Inaccurate",3
"sapa_personality","sapa_personality_1","q_848","SAPA-Project 696-item temperament item set (IPIP-based scales and the EPQ-R)",NA,NA,"Feel short-changed in life.",NA,"Slightly Accurate",4
"sapa_personality","sapa_personality_1","q_848","SAPA-Project 696-item temperament item set (IPIP-based scales and the EPQ-R)",NA,NA,"Feel short-changed in life.",NA,"Moderately Accurate",5
"sapa_personality","sapa_personality_1","q_848","SAPA-Project 696-item temperament item set (IPIP-based scales and the EPQ-R)",NA,NA,"Feel short-changed in life.",NA,"Very Accurate",6
"sapa_personality","sapa_personality_1","q_851","SAPA-Project 696-item temperament item set (IPIP-based scales and the EPQ-R)",NA,NA,"Feel sympathy for those who are worse off than myself.",NA,"Very Inaccurate",1
"sapa_personality","sapa_personality_1","q_851","SAPA-Project 696-item temperament item set (IPIP-based scales and the EPQ-R)",NA,NA,"Feel sympathy for those who are worse off than myself.",NA,"Moderately Inaccurate",2
"sapa_personality","sapa_personality_1","q_851","SAPA-Project 696-item temperament item set (IPIP-based scales and the EPQ-R)",NA,NA,"Feel sympathy for those who are worse off than myself.",NA,"Slightly Inaccurate",3
"sapa_personality","sapa_personality_1","q_851","SAPA-Project 696-item temperament item set (IPIP-based scales and the EPQ-R)",NA,NA,"Feel sympathy for those who are worse off than myself.",NA,"Slightly Accurate",4
"sapa_personality","sapa_personality_1","q_851","SAPA-Project 696-item temperament item set (IPIP-based scales and the EPQ-R)",NA,NA,"Feel sympathy for those who are worse off than myself.",NA,"Moderately Accurate",5
"sapa_personality","sapa_personality_1","q_851","SAPA-Project 696-item temperament item set (IPIP-based scales and the EPQ-R)",NA,NA,"Feel sympathy for those who are worse off than myself.",NA,"Very Accurate",6
"sapa_personality","sapa_personality_1","q_861","SAPA-Project 696-item temperament item set (IPIP-based scales and the EPQ-R)",NA,NA,"Feel that I have a lot of inner strength.",NA,"Very Inaccurate",1
"sapa_personality","sapa_personality_1","q_861","SAPA-Project 696-item temperament item set (IPIP-based scales and the EPQ-R)",NA,NA,"Feel that I have a lot of inner strength.",NA,"Moderately Inaccurate",2
"sapa_personality","sapa_personality_1","q_861","SAPA-Project 696-item temperament item set (IPIP-based scales and the EPQ-R)",NA,NA,"Feel that I have a lot of inner strength.",NA,"Slightly Inaccurate",3
"sapa_personality","sapa_personality_1","q_861","SAPA-Project 696-item temperament item set (IPIP-based scales and the EPQ-R)",NA,NA,"Feel that I have a lot of inner strength.",NA,"Slightly Accurate",4
"sapa_personality","sapa_personality_1","q_861","SAPA-Project 696-item temperament item set (IPIP-based scales and the EPQ-R)",NA,NA,"Feel that I have a lot of inner strength.",NA,"Moderately Accurate",5
"sapa_personality","sapa_personality_1","q_861","SAPA-Project 696-item temperament item set (IPIP-based scales and the EPQ-R)",NA,NA,"Feel that I have a lot of inner strength.",NA,"Very Accurate",6
"sapa_personality","sapa_personality_1","q_867","SAPA-Project 696-item temperament item set (IPIP-based scales and the EPQ-R)",NA,NA,"Feel that I'm unable to deal with things.",NA,"Very Inaccurate",1
"sapa_personality","sapa_personality_1","q_867","SAPA-Project 696-item temperament item set (IPIP-based scales and the EPQ-R)",NA,NA,"Feel that I'm unable to deal with things.",NA,"Moderately Inaccurate",2
"sapa_personality","sapa_personality_1","q_867","SAPA-Project 696-item temperament item set (IPIP-based scales and the EPQ-R)",NA,NA,"Feel that I'm unable to deal with things.",NA,"Slightly Inaccurate",3
"sapa_personality","sapa_personality_1","q_867","SAPA-Project 696-item temperament item set (IPIP-based scales and the EPQ-R)",NA,NA,"Feel that I'm unable to deal with things.",NA,"Slightly Accurate",4
"sapa_personality","sapa_personality_1","q_867","SAPA-Project 696-item temperament item set (IPIP-based scales and the EPQ-R)",NA,NA,"Feel that I'm unable to deal with things.",NA,"Moderately Accurate",5
"sapa_personality","sapa_personality_1","q_867","SAPA-Project 696-item temperament item set (IPIP-based scales and the EPQ-R)",NA,NA,"Feel that I'm unable to deal with things.",NA,"Very Accurate",6
"sapa_personality","sapa_personality_1","q_871","SAPA-Project 696-item temperament item set (IPIP-based scales and the EPQ-R)",NA,NA,"Feel that most people can't be trusted.",NA,"Very Inaccurate",1
"sapa_personality","sapa_personality_1","q_871","SAPA-Project 696-item temperament item set (IPIP-based scales and the EPQ-R)",NA,NA,"Feel that most people can't be trusted.",NA,"Moderately Inaccurate",2
"sapa_personality","sapa_personality_1","q_871","SAPA-Project 696-item temperament item set (IPIP-based scales and the EPQ-R)",NA,NA,"Feel that most people can't be trusted.",NA,"Slightly Inaccurate",3
"sapa_personality","sapa_personality_1","q_871","SAPA-Project 696-item temperament item set (IPIP-based scales and the EPQ-R)",NA,NA,"Feel that most people can't be trusted.",NA,"Slightly Accurate",4
"sapa_personality","sapa_personality_1","q_871","SAPA-Project 696-item temperament item set (IPIP-based scales and the EPQ-R)",NA,NA,"Feel that most people can't be trusted.",NA,"Moderately Accurate",5
"sapa_personality","sapa_personality_1","q_871","SAPA-Project 696-item temperament item set (IPIP-based scales and the EPQ-R)",NA,NA,"Feel that most people can't be trusted.",NA,"Very Accurate",6
"sapa_personality","sapa_personality_1","q_875","SAPA-Project 696-item temperament item set (IPIP-based scales and the EPQ-R)",NA,NA,"Feel that my life lacks direction.",NA,"Very Inaccurate",1
"sapa_personality","sapa_personality_1","q_875","SAPA-Project 696-item temperament item set (IPIP-based scales and the EPQ-R)",NA,NA,"Feel that my life lacks direction.",NA,"Moderately Inaccurate",2
"sapa_personality","sapa_personality_1","q_875","SAPA-Project 696-item temperament item set (IPIP-based scales and the EPQ-R)",NA,NA,"Feel that my life lacks direction.",NA,"Slightly Inaccurate",3
"sapa_personality","sapa_personality_1","q_875","SAPA-Project 696-item temperament item set (IPIP-based scales and the EPQ-R)",NA,NA,"Feel that my life lacks direction.",NA,"Slightly Accurate",4
"sapa_personality","sapa_personality_1","q_875","SAPA-Project 696-item temperament item set (IPIP-based scales and the EPQ-R)",NA,NA,"Feel that my life lacks direction.",NA,"Moderately Accurate",5
"sapa_personality","sapa_personality_1","q_875","SAPA-Project 696-item temperament item set (IPIP-based scales and the EPQ-R)",NA,NA,"Feel that my life lacks direction.",NA,"Very Accurate",6
"sapa_personality","sapa_personality_1","q_878","SAPA-Project 696-item temperament item set (IPIP-based scales and the EPQ-R)",NA,NA,"Feel that others misunderstand me.",NA,"Very Inaccurate",1
"sapa_personality","sapa_personality_1","q_878","SAPA-Project 696-item temperament item set (IPIP-based scales and the EPQ-R)",NA,NA,"Feel that others misunderstand me.",NA,"Moderately Inaccurate",2
"sapa_personality","sapa_personality_1","q_878","SAPA-Project 696-item temperament item set (IPIP-based scales and the EPQ-R)",NA,NA,"Feel that others misunderstand me.",NA,"Slightly Inaccurate",3
"sapa_personality","sapa_personality_1","q_878","SAPA-Project 696-item temperament item set (IPIP-based scales and the EPQ-R)",NA,NA,"Feel that others misunderstand me.",NA,"Slightly Accurate",4
"sapa_personality","sapa_personality_1","q_878","SAPA-Project 696-item temperament item set (IPIP-based scales and the EPQ-R)",NA,NA,"Feel that others misunderstand me.",NA,"Moderately Accurate",5
"sapa_personality","sapa_personality_1","q_878","SAPA-Project 696-item temperament item set (IPIP-based scales and the EPQ-R)",NA,NA,"Feel that others misunderstand me.",NA,"Very Accurate",6
"sapa_personality","sapa_personality_1","q_880","SAPA-Project 696-item temperament item set (IPIP-based scales and the EPQ-R)",NA,NA,"Feel that people are against me.",NA,"Very Inaccurate",1
"sapa_personality","sapa_personality_1","q_880","SAPA-Project 696-item temperament item set (IPIP-based scales and the EPQ-R)",NA,NA,"Feel that people are against me.",NA,"Moderately Inaccurate",2
"sapa_personality","sapa_personality_1","q_880","SAPA-Project 696-item temperament item set (IPIP-based scales and the EPQ-R)",NA,NA,"Feel that people are against me.",NA,"Slightly Inaccurate",3
"sapa_personality","sapa_personality_1","q_880","SAPA-Project 696-item temperament item set (IPIP-based scales and the EPQ-R)",NA,NA,"Feel that people are against me.",NA,"Slightly Accurate",4
"sapa_personality","sapa_personality_1","q_880","SAPA-Project 696-item temperament item set (IPIP-based scales and the EPQ-R)",NA,NA,"Feel that people are against me.",NA,"Moderately Accurate",5
"sapa_personality","sapa_personality_1","q_880","SAPA-Project 696-item temperament item set (IPIP-based scales and the EPQ-R)",NA,NA,"Feel that people are against me.",NA,"Very Accurate",6
"sapa_personality","sapa_personality_1","q_882","SAPA-Project 696-item temperament item set (IPIP-based scales and the EPQ-R)",NA,NA,"Feel that people have a hard time understanding me.",NA,"Very Inaccurate",1
"sapa_personality","sapa_personality_1","q_882","SAPA-Project 696-item temperament item set (IPIP-based scales and the EPQ-R)",NA,NA,"Feel that people have a hard time understanding me.",NA,"Moderately Inaccurate",2
"sapa_personality","sapa_personality_1","q_882","SAPA-Project 696-item temperament item set (IPIP-based scales and the EPQ-R)",NA,NA,"Feel that people have a hard time understanding me.",NA,"Slightly Inaccurate",3
"sapa_personality","sapa_personality_1","q_882","SAPA-Project 696-item temperament item set (IPIP-based scales and the EPQ-R)",NA,NA,"Feel that people have a hard time understanding me.",NA,"Slightly Accurate",4
"sapa_personality","sapa_personality_1","q_882","SAPA-Project 696-item temperament item set (IPIP-based scales and the EPQ-R)",NA,NA,"Feel that people have a hard time understanding me.",NA,"Moderately Accurate",5
"sapa_personality","sapa_personality_1","q_882","SAPA-Project 696-item temperament item set (IPIP-based scales and the EPQ-R)",NA,NA,"Feel that people have a hard time understanding me.",NA,"Very Accurate",6
"sapa_personality","sapa_personality_1","q_890","SAPA-Project 696-item temperament item set (IPIP-based scales and the EPQ-R)",NA,NA,"Feel threatened easily.",NA,"Very Inaccurate",1
"sapa_personality","sapa_personality_1","q_890","SAPA-Project 696-item temperament item set (IPIP-based scales and the EPQ-R)",NA,NA,"Feel threatened easily.",NA,"Moderately Inaccurate",2
"sapa_personality","sapa_personality_1","q_890","SAPA-Project 696-item temperament item set (IPIP-based scales and the EPQ-R)",NA,NA,"Feel threatened easily.",NA,"Slightly Inaccurate",3
"sapa_personality","sapa_personality_1","q_890","SAPA-Project 696-item temperament item set (IPIP-based scales and the EPQ-R)",NA,NA,"Feel threatened easily.",NA,"Slightly Accurate",4
"sapa_personality","sapa_personality_1","q_890","SAPA-Project 696-item temperament item set (IPIP-based scales and the EPQ-R)",NA,NA,"Feel threatened easily.",NA,"Moderately Accurate",5
"sapa_personality","sapa_personality_1","q_890","SAPA-Project 696-item temperament item set (IPIP-based scales and the EPQ-R)",NA,NA,"Feel threatened easily.",NA,"Very Accurate",6
"sapa_personality","sapa_personality_1","q_898","SAPA-Project 696-item temperament item set (IPIP-based scales and the EPQ-R)",NA,NA,"Find fault with everything.",NA,"Very Inaccurate",1
"sapa_personality","sapa_personality_1","q_898","SAPA-Project 696-item temperament item set (IPIP-based scales and the EPQ-R)",NA,NA,"Find fault with everything.",NA,"Moderately Inaccurate",2
"sapa_personality","sapa_personality_1","q_898","SAPA-Project 696-item temperament item set (IPIP-based scales and the EPQ-R)",NA,NA,"Find fault with everything.",NA,"Slightly Inaccurate",3
"sapa_personality","sapa_personality_1","q_898","SAPA-Project 696-item temperament item set (IPIP-based scales and the EPQ-R)",NA,NA,"Find fault with everything.",NA,"Slightly Accurate",4
"sapa_personality","sapa_personality_1","q_898","SAPA-Project 696-item temperament item set (IPIP-based scales and the EPQ-R)",NA,NA,"Find fault with everything.",NA,"Moderately Accurate",5
"sapa_personality","sapa_personality_1","q_898","SAPA-Project 696-item temperament item set (IPIP-based scales and the EPQ-R)",NA,NA,"Find fault with everything.",NA,"Very Accurate",6
"sapa_personality","sapa_personality_1","q_901","SAPA-Project 696-item temperament item set (IPIP-based scales and the EPQ-R)",NA,NA,"Find it difficult to approach others.",NA,"Very Inaccurate",1
"sapa_personality","sapa_personality_1","q_901","SAPA-Project 696-item temperament item set (IPIP-based scales and the EPQ-R)",NA,NA,"Find it difficult to approach others.",NA,"Moderately Inaccurate",2
"sapa_personality","sapa_personality_1","q_901","SAPA-Project 696-item temperament item set (IPIP-based scales and the EPQ-R)",NA,NA,"Find it difficult to approach others.",NA,"Slightly Inaccurate",3
"sapa_personality","sapa_personality_1","q_901","SAPA-Project 696-item temperament item set (IPIP-based scales and the EPQ-R)",NA,NA,"Find it difficult to approach others.",NA,"Slightly Accurate",4
"sapa_personality","sapa_personality_1","q_901","SAPA-Project 696-item temperament item set (IPIP-based scales and the EPQ-R)",NA,NA,"Find it difficult to approach others.",NA,"Moderately Accurate",5
"sapa_personality","sapa_personality_1","q_901","SAPA-Project 696-item temperament item set (IPIP-based scales and the EPQ-R)",NA,NA,"Find it difficult to approach others.",NA,"Very Accurate",6
"sapa_personality","sapa_personality_1","q_904","SAPA-Project 696-item temperament item set (IPIP-based scales and the EPQ-R)",NA,NA,"Find it difficult to get down to work.",NA,"Very Inaccurate",1
"sapa_personality","sapa_personality_1","q_904","SAPA-Project 696-item temperament item set (IPIP-based scales and the EPQ-R)",NA,NA,"Find it difficult to get down to work.",NA,"Moderately Inaccurate",2
"sapa_personality","sapa_personality_1","q_904","SAPA-Project 696-item temperament item set (IPIP-based scales and the EPQ-R)",NA,NA,"Find it difficult to get down to work.",NA,"Slightly Inaccurate",3
"sapa_personality","sapa_personality_1","q_904","SAPA-Project 696-item temperament item set (IPIP-based scales and the EPQ-R)",NA,NA,"Find it difficult to get down to work.",NA,"Slightly Accurate",4
"sapa_personality","sapa_personality_1","q_904","SAPA-Project 696-item temperament item set (IPIP-based scales and the EPQ-R)",NA,NA,"Find it difficult to get down to work.",NA,"Moderately Accurate",5
"sapa_personality","sapa_personality_1","q_904","SAPA-Project 696-item temperament item set (IPIP-based scales and the EPQ-R)",NA,NA,"Find it difficult to get down to work.",NA,"Very Accurate",6
"sapa_personality","sapa_personality_1","q_905","SAPA-Project 696-item temperament item set (IPIP-based scales and the EPQ-R)",NA,NA,"Find it difficult to manipulate others.",NA,"Very Inaccurate",1
"sapa_personality","sapa_personality_1","q_905","SAPA-Project 696-item temperament item set (IPIP-based scales and the EPQ-R)",NA,NA,"Find it difficult to manipulate others.",NA,"Moderately Inaccurate",2
"sapa_personality","sapa_personality_1","q_905","SAPA-Project 696-item temperament item set (IPIP-based scales and the EPQ-R)",NA,NA,"Find it difficult to manipulate others.",NA,"Slightly Inaccurate",3
"sapa_personality","sapa_personality_1","q_905","SAPA-Project 696-item temperament item set (IPIP-based scales and the EPQ-R)",NA,NA,"Find it difficult to manipulate others.",NA,"Slightly Accurate",4
"sapa_personality","sapa_personality_1","q_905","SAPA-Project 696-item temperament item set (IPIP-based scales and the EPQ-R)",NA,NA,"Find it difficult to manipulate others.",NA,"Moderately Accurate",5
"sapa_personality","sapa_personality_1","q_905","SAPA-Project 696-item temperament item set (IPIP-based scales and the EPQ-R)",NA,NA,"Find it difficult to manipulate others.",NA,"Very Accurate",6
"sapa_personality","sapa_personality_1","q_915","SAPA-Project 696-item temperament item set (IPIP-based scales and the EPQ-R)",NA,NA,"Find it hard to forgive others.",NA,"Very Inaccurate",1
"sapa_personality","sapa_personality_1","q_915","SAPA-Project 696-item temperament item set (IPIP-based scales and the EPQ-R)",NA,NA,"Find it hard to forgive others.",NA,"Moderately Inaccurate",2
"sapa_personality","sapa_personality_1","q_915","SAPA-Project 696-item temperament item set (IPIP-based scales and the EPQ-R)",NA,NA,"Find it hard to forgive others.",NA,"Slightly Inaccurate",3
"sapa_personality","sapa_personality_1","q_915","SAPA-Project 696-item temperament item set (IPIP-based scales and the EPQ-R)",NA,NA,"Find it hard to forgive others.",NA,"Slightly Accurate",4
"sapa_personality","sapa_personality_1","q_915","SAPA-Project 696-item temperament item set (IPIP-based scales and the EPQ-R)",NA,NA,"Find it hard to forgive others.",NA,"Moderately Accurate",5
"sapa_personality","sapa_personality_1","q_915","SAPA-Project 696-item temperament item set (IPIP-based scales and the EPQ-R)",NA,NA,"Find it hard to forgive others.",NA,"Very Accurate",6
"sapa_personality","sapa_personality_1","q_917","SAPA-Project 696-item temperament item set (IPIP-based scales and the EPQ-R)",NA,NA,"Find it necessary to please the people who have power.",NA,"Very Inaccurate",1
"sapa_personality","sapa_personality_1","q_917","SAPA-Project 696-item temperament item set (IPIP-based scales and the EPQ-R)",NA,NA,"Find it necessary to please the people who have power.",NA,"Moderately Inaccurate",2
"sapa_personality","sapa_personality_1","q_917","SAPA-Project 696-item temperament item set (IPIP-based scales and the EPQ-R)",NA,NA,"Find it necessary to please the people who have power.",NA,"Slightly Inaccurate",3
"sapa_personality","sapa_personality_1","q_917","SAPA-Project 696-item temperament item set (IPIP-based scales and the EPQ-R)",NA,NA,"Find it necessary to please the people who have power.",NA,"Slightly Accurate",4
"sapa_personality","sapa_personality_1","q_917","SAPA-Project 696-item temperament item set (IPIP-based scales and the EPQ-R)",NA,NA,"Find it necessary to please the people who have power.",NA,"Moderately Accurate",5
"sapa_personality","sapa_personality_1","q_917","SAPA-Project 696-item temperament item set (IPIP-based scales and the EPQ-R)",NA,NA,"Find it necessary to please the people who have power.",NA,"Very Accurate",6
"sapa_personality","sapa_personality_1","q_919","SAPA-Project 696-item temperament item set (IPIP-based scales and the EPQ-R)",NA,NA,"Find life difficult.",NA,"Very Inaccurate",1
"sapa_personality","sapa_personality_1","q_919","SAPA-Project 696-item temperament item set (IPIP-based scales and the EPQ-R)",NA,NA,"Find life difficult.",NA,"Moderately Inaccurate",2
"sapa_personality","sapa_personality_1","q_919","SAPA-Project 696-item temperament item set (IPIP-based scales and the EPQ-R)",NA,NA,"Find life difficult.",NA,"Slightly Inaccurate",3
"sapa_personality","sapa_personality_1","q_919","SAPA-Project 696-item temperament item set (IPIP-based scales and the EPQ-R)",NA,NA,"Find life difficult.",NA,"Slightly Accurate",4
"sapa_personality","sapa_personality_1","q_919","SAPA-Project 696-item temperament item set (IPIP-based scales and the EPQ-R)",NA,NA,"Find life difficult.",NA,"Moderately Accurate",5
"sapa_personality","sapa_personality_1","q_919","SAPA-Project 696-item temperament item set (IPIP-based scales and the EPQ-R)",NA,NA,"Find life difficult.",NA,"Very Accurate",6
"sapa_personality","sapa_personality_1","q_920","SAPA-Project 696-item temperament item set (IPIP-based scales and the EPQ-R)",NA,NA,"Find myself in the same kinds of trouble, time after time.",NA,"Very Inaccurate",1
"sapa_personality","sapa_personality_1","q_920","SAPA-Project 696-item temperament item set (IPIP-based scales and the EPQ-R)",NA,NA,"Find myself in the same kinds of trouble, time after time.",NA,"Moderately Inaccurate",2
"sapa_personality","sapa_personality_1","q_920","SAPA-Project 696-item temperament item set (IPIP-based scales and the EPQ-R)",NA,NA,"Find myself in the same kinds of trouble, time after time.",NA,"Slightly Inaccurate",3
"sapa_personality","sapa_personality_1","q_920","SAPA-Project 696-item temperament item set (IPIP-based scales and the EPQ-R)",NA,NA,"Find myself in the same kinds of trouble, time after time.",NA,"Slightly Accurate",4
"sapa_personality","sapa_personality_1","q_920","SAPA-Project 696-item temperament item set (IPIP-based scales and the EPQ-R)",NA,NA,"Find myself in the same kinds of trouble, time after time.",NA,"Moderately Accurate",5
"sapa_personality","sapa_personality_1","q_920","SAPA-Project 696-item temperament item set (IPIP-based scales and the EPQ-R)",NA,NA,"Find myself in the same kinds of trouble, time after time.",NA,"Very Accurate",6
"sapa_personality","sapa_personality_1","q_923","SAPA-Project 696-item temperament item set (IPIP-based scales and the EPQ-R)",NA,NA,"Find political discussions interesting.",NA,"Very Inaccurate",1
"sapa_personality","sapa_personality_1","q_923","SAPA-Project 696-item temperament item set (IPIP-based scales and the EPQ-R)",NA,NA,"Find political discussions interesting.",NA,"Moderately Inaccurate",2
"sapa_personality","sapa_personality_1","q_923","SAPA-Project 696-item temperament item set (IPIP-based scales and the EPQ-R)",NA,NA,"Find political discussions interesting.",NA,"Slightly Inaccurate",3
"sapa_personality","sapa_personality_1","q_923","SAPA-Project 696-item temperament item set (IPIP-based scales and the EPQ-R)",NA,NA,"Find political discussions interesting.",NA,"Slightly Accurate",4
"sapa_personality","sapa_personality_1","q_923","SAPA-Project 696-item temperament item set (IPIP-based scales and the EPQ-R)",NA,NA,"Find political discussions interesting.",NA,"Moderately Accurate",5
"sapa_personality","sapa_personality_1","q_923","SAPA-Project 696-item temperament item set (IPIP-based scales and the EPQ-R)",NA,NA,"Find political discussions interesting.",NA,"Very Accurate",6
"sapa_personality","sapa_personality_1","q_926","SAPA-Project 696-item temperament item set (IPIP-based scales and the EPQ-R)",NA,NA,"...[T]akes a lot to make me feel angry at someone.",NA,"Very Inaccurate",1
"sapa_personality","sapa_personality_1","q_926","SAPA-Project 696-item temperament item set (IPIP-based scales and the EPQ-R)",NA,NA,"...[T]akes a lot to make me feel angry at someone.",NA,"Moderately Inaccurate",2
"sapa_personality","sapa_personality_1","q_926","SAPA-Project 696-item temperament item set (IPIP-based scales and the EPQ-R)",NA,NA,"...[T]akes a lot to make me feel angry at someone.",NA,"Slightly Inaccurate",3
"sapa_personality","sapa_personality_1","q_926","SAPA-Project 696-item temperament item set (IPIP-based scales and the EPQ-R)",NA,NA,"...[T]akes a lot to make me feel angry at someone.",NA,"Slightly Accurate",4
"sapa_personality","sapa_personality_1","q_926","SAPA-Project 696-item temperament item set (IPIP-based scales and the EPQ-R)",NA,NA,"...[T]akes a lot to make me feel angry at someone.",NA,"Moderately Accurate",5
"sapa_personality","sapa_personality_1","q_926","SAPA-Project 696-item temperament item set (IPIP-based scales and the EPQ-R)",NA,NA,"...[T]akes a lot to make me feel angry at someone.",NA,"Very Accurate",6
"sapa_personality","sapa_personality_1","q_930","SAPA-Project 696-item temperament item set (IPIP-based scales and the EPQ-R)",NA,NA,"Finish what I start.",NA,"Very Inaccurate",1
"sapa_personality","sapa_personality_1","q_930","SAPA-Project 696-item temperament item set (IPIP-based scales and the EPQ-R)",NA,NA,"Finish what I start.",NA,"Moderately Inaccurate",2
"sapa_personality","sapa_personality_1","q_930","SAPA-Project 696-item temperament item set (IPIP-based scales and the EPQ-R)",NA,NA,"Finish what I start.",NA,"Slightly Inaccurate",3
"sapa_personality","sapa_personality_1","q_930","SAPA-Project 696-item temperament item set (IPIP-based scales and the EPQ-R)",NA,NA,"Finish what I start.",NA,"Slightly Accurate",4
"sapa_personality","sapa_personality_1","q_930","SAPA-Project 696-item temperament item set (IPIP-based scales and the EPQ-R)",NA,NA,"Finish what I start.",NA,"Moderately Accurate",5
"sapa_personality","sapa_personality_1","q_930","SAPA-Project 696-item temperament item set (IPIP-based scales and the EPQ-R)",NA,NA,"Finish what I start.",NA,"Very Accurate",6
"sapa_personality","sapa_personality_1","q_931","SAPA-Project 696-item temperament item set (IPIP-based scales and the EPQ-R)",NA,NA,"Follow a schedule.",NA,"Very Inaccurate",1
"sapa_personality","sapa_personality_1","q_931","SAPA-Project 696-item temperament item set (IPIP-based scales and the EPQ-R)",NA,NA,"Follow a schedule.",NA,"Moderately Inaccurate",2
"sapa_personality","sapa_personality_1","q_931","SAPA-Project 696-item temperament item set (IPIP-based scales and the EPQ-R)",NA,NA,"Follow a schedule.",NA,"Slightly Inaccurate",3
"sapa_personality","sapa_personality_1","q_931","SAPA-Project 696-item temperament item set (IPIP-based scales and the EPQ-R)",NA,NA,"Follow a schedule.",NA,"Slightly Accurate",4
"sapa_personality","sapa_personality_1","q_931","SAPA-Project 696-item temperament item set (IPIP-based scales and the EPQ-R)",NA,NA,"Follow a schedule.",NA,"Moderately Accurate",5
"sapa_personality","sapa_personality_1","q_931","SAPA-Project 696-item temperament item set (IPIP-based scales and the EPQ-R)",NA,NA,"Follow a schedule.",NA,"Very Accurate",6
"sapa_personality","sapa_personality_1","q_946","SAPA-Project 696-item temperament item set (IPIP-based scales and the EPQ-R)",NA,NA,"Formulate ideas clearly.",NA,"Very Inaccurate",1
"sapa_personality","sapa_personality_1","q_946","SAPA-Project 696-item temperament item set (IPIP-based scales and the EPQ-R)",NA,NA,"Formulate ideas clearly.",NA,"Moderately Inaccurate",2
"sapa_personality","sapa_personality_1","q_946","SAPA-Project 696-item temperament item set (IPIP-based scales and the EPQ-R)",NA,NA,"Formulate ideas clearly.",NA,"Slightly Inaccurate",3
"sapa_personality","sapa_personality_1","q_946","SAPA-Project 696-item temperament item set (IPIP-based scales and the EPQ-R)",NA,NA,"Formulate ideas clearly.",NA,"Slightly Accurate",4
"sapa_personality","sapa_personality_1","q_946","SAPA-Project 696-item temperament item set (IPIP-based scales and the EPQ-R)",NA,NA,"Formulate ideas clearly.",NA,"Moderately Accurate",5
"sapa_personality","sapa_personality_1","q_946","SAPA-Project 696-item temperament item set (IPIP-based scales and the EPQ-R)",NA,NA,"Formulate ideas clearly.",NA,"Very Accurate",6
"sapa_personality","sapa_personality_1","q_952","SAPA-Project 696-item temperament item set (IPIP-based scales and the EPQ-R)",NA,NA,"Get angry easily.",NA,"Very Inaccurate",1
"sapa_personality","sapa_personality_1","q_952","SAPA-Project 696-item temperament item set (IPIP-based scales and the EPQ-R)",NA,NA,"Get angry easily.",NA,"Moderately Inaccurate",2
"sapa_personality","sapa_personality_1","q_952","SAPA-Project 696-item temperament item set (IPIP-based scales and the EPQ-R)",NA,NA,"Get angry easily.",NA,"Slightly Inaccurate",3
"sapa_personality","sapa_personality_1","q_952","SAPA-Project 696-item temperament item set (IPIP-based scales and the EPQ-R)",NA,NA,"Get angry easily.",NA,"Slightly Accurate",4
"sapa_personality","sapa_personality_1","q_952","SAPA-Project 696-item temperament item set (IPIP-based scales and the EPQ-R)",NA,NA,"Get angry easily.",NA,"Moderately Accurate",5
"sapa_personality","sapa_personality_1","q_952","SAPA-Project 696-item temperament item set (IPIP-based scales and the EPQ-R)",NA,NA,"Get angry easily.",NA,"Very Accurate",6
"sapa_personality","sapa_personality_1","q_957","SAPA-Project 696-item temperament item set (IPIP-based scales and the EPQ-R)",NA,NA,"Get back at others.",NA,"Very Inaccurate",1
"sapa_personality","sapa_personality_1","q_957","SAPA-Project 696-item temperament item set (IPIP-based scales and the EPQ-R)",NA,NA,"Get back at others.",NA,"Moderately Inaccurate",2
"sapa_personality","sapa_personality_1","q_957","SAPA-Project 696-item temperament item set (IPIP-based scales and the EPQ-R)",NA,NA,"Get back at others.",NA,"Slightly Inaccurate",3
"sapa_personality","sapa_personality_1","q_957","SAPA-Project 696-item temperament item set (IPIP-based scales and the EPQ-R)",NA,NA,"Get back at others.",NA,"Slightly Accurate",4
"sapa_personality","sapa_personality_1","q_957","SAPA-Project 696-item temperament item set (IPIP-based scales and the EPQ-R)",NA,NA,"Get back at others.",NA,"Moderately Accurate",5
"sapa_personality","sapa_personality_1","q_957","SAPA-Project 696-item temperament item set (IPIP-based scales and the EPQ-R)",NA,NA,"Get back at others.",NA,"Very Accurate",6
"sapa_personality","sapa_personality_1","q_958","SAPA-Project 696-item temperament item set (IPIP-based scales and the EPQ-R)",NA,NA,"Get back at people who insult me.",NA,"Very Inaccurate",1
"sapa_personality","sapa_personality_1","q_958","SAPA-Project 696-item temperament item set (IPIP-based scales and the EPQ-R)",NA,NA,"Get back at people who insult me.",NA,"Moderately Inaccurate",2
"sapa_personality","sapa_personality_1","q_958","SAPA-Project 696-item temperament item set (IPIP-based scales and the EPQ-R)",NA,NA,"Get back at people who insult me.",NA,"Slightly Inaccurate",3
"sapa_personality","sapa_personality_1","q_958","SAPA-Project 696-item temperament item set (IPIP-based scales and the EPQ-R)",NA,NA,"Get back at people who insult me.",NA,"Slightly Accurate",4
"sapa_personality","sapa_personality_1","q_958","SAPA-Project 696-item temperament item set (IPIP-based scales and the EPQ-R)",NA,NA,"Get back at people who insult me.",NA,"Moderately Accurate",5
"sapa_personality","sapa_personality_1","q_958","SAPA-Project 696-item temperament item set (IPIP-based scales and the EPQ-R)",NA,NA,"Get back at people who insult me.",NA,"Very Accurate",6
"sapa_personality","sapa_personality_1","q_960","SAPA-Project 696-item temperament item set (IPIP-based scales and the EPQ-R)",NA,NA,"Get caught up in my problems.",NA,"Very Inaccurate",1
"sapa_personality","sapa_personality_1","q_960","SAPA-Project 696-item temperament item set (IPIP-based scales and the EPQ-R)",NA,NA,"Get caught up in my problems.",NA,"Moderately Inaccurate",2
"sapa_personality","sapa_personality_1","q_960","SAPA-Project 696-item temperament item set (IPIP-based scales and the EPQ-R)",NA,NA,"Get caught up in my problems.",NA,"Slightly Inaccurate",3
"sapa_personality","sapa_personality_1","q_960","SAPA-Project 696-item temperament item set (IPIP-based scales and the EPQ-R)",NA,NA,"Get caught up in my problems.",NA,"Slightly Accurate",4
"sapa_personality","sapa_personality_1","q_960","SAPA-Project 696-item temperament item set (IPIP-based scales and the EPQ-R)",NA,NA,"Get caught up in my problems.",NA,"Moderately Accurate",5
"sapa_personality","sapa_personality_1","q_960","SAPA-Project 696-item temperament item set (IPIP-based scales and the EPQ-R)",NA,NA,"Get caught up in my problems.",NA,"Very Accurate",6
"sapa_personality","sapa_personality_1","q_962","SAPA-Project 696-item temperament item set (IPIP-based scales and the EPQ-R)",NA,NA,"Get chores done right away.",NA,"Very Inaccurate",1
"sapa_personality","sapa_personality_1","q_962","SAPA-Project 696-item temperament item set (IPIP-based scales and the EPQ-R)",NA,NA,"Get chores done right away.",NA,"Moderately Inaccurate",2
"sapa_personality","sapa_personality_1","q_962","SAPA-Project 696-item temperament item set (IPIP-based scales and the EPQ-R)",NA,NA,"Get chores done right away.",NA,"Slightly Inaccurate",3
"sapa_personality","sapa_personality_1","q_962","SAPA-Project 696-item temperament item set (IPIP-based scales and the EPQ-R)",NA,NA,"Get chores done right away.",NA,"Slightly Accurate",4
"sapa_personality","sapa_personality_1","q_962","SAPA-Project 696-item temperament item set (IPIP-based scales and the EPQ-R)",NA,NA,"Get chores done right away.",NA,"Moderately Accurate",5
"sapa_personality","sapa_personality_1","q_962","SAPA-Project 696-item temperament item set (IPIP-based scales and the EPQ-R)",NA,NA,"Get chores done right away.",NA,"Very Accurate",6
"sapa_personality","sapa_personality_1","q_964","SAPA-Project 696-item temperament item set (IPIP-based scales and the EPQ-R)",NA,NA,"Get deeply immersed in music.",NA,"Very Inaccurate",1
"sapa_personality","sapa_personality_1","q_964","SAPA-Project 696-item temperament item set (IPIP-based scales and the EPQ-R)",NA,NA,"Get deeply immersed in music.",NA,"Moderately Inaccurate",2
"sapa_personality","sapa_personality_1","q_964","SAPA-Project 696-item temperament item set (IPIP-based scales and the EPQ-R)",NA,NA,"Get deeply immersed in music.",NA,"Slightly Inaccurate",3
"sapa_personality","sapa_personality_1","q_964","SAPA-Project 696-item temperament item set (IPIP-based scales and the EPQ-R)",NA,NA,"Get deeply immersed in music.",NA,"Slightly Accurate",4
"sapa_personality","sapa_personality_1","q_964","SAPA-Project 696-item temperament item set (IPIP-based scales and the EPQ-R)",NA,NA,"Get deeply immersed in music.",NA,"Moderately Accurate",5
"sapa_personality","sapa_personality_1","q_964","SAPA-Project 696-item temperament item set (IPIP-based scales and the EPQ-R)",NA,NA,"Get deeply immersed in music.",NA,"Very Accurate",6
"sapa_personality","sapa_personality_1","q_965","SAPA-Project 696-item temperament item set (IPIP-based scales and the EPQ-R)",NA,NA,"Get easily agitated.",NA,"Very Inaccurate",1
"sapa_personality","sapa_personality_1","q_965","SAPA-Project 696-item temperament item set (IPIP-based scales and the EPQ-R)",NA,NA,"Get easily agitated.",NA,"Moderately Inaccurate",2
"sapa_personality","sapa_personality_1","q_965","SAPA-Project 696-item temperament item set (IPIP-based scales and the EPQ-R)",NA,NA,"Get easily agitated.",NA,"Slightly Inaccurate",3
"sapa_personality","sapa_personality_1","q_965","SAPA-Project 696-item temperament item set (IPIP-based scales and the EPQ-R)",NA,NA,"Get easily agitated.",NA,"Slightly Accurate",4
"sapa_personality","sapa_personality_1","q_965","SAPA-Project 696-item temperament item set (IPIP-based scales and the EPQ-R)",NA,NA,"Get easily agitated.",NA,"Moderately Accurate",5
"sapa_personality","sapa_personality_1","q_965","SAPA-Project 696-item temperament item set (IPIP-based scales and the EPQ-R)",NA,NA,"Get easily agitated.",NA,"Very Accurate",6
"sapa_personality","sapa_personality_1","q_966","SAPA-Project 696-item temperament item set (IPIP-based scales and the EPQ-R)",NA,NA,"Get even with others.",NA,"Very Inaccurate",1
"sapa_personality","sapa_personality_1","q_966","SAPA-Project 696-item temperament item set (IPIP-based scales and the EPQ-R)",NA,NA,"Get even with others.",NA,"Moderately Inaccurate",2
"sapa_personality","sapa_personality_1","q_966","SAPA-Project 696-item temperament item set (IPIP-based scales and the EPQ-R)",NA,NA,"Get even with others.",NA,"Slightly Inaccurate",3
"sapa_personality","sapa_personality_1","q_966","SAPA-Project 696-item temperament item set (IPIP-based scales and the EPQ-R)",NA,NA,"Get even with others.",NA,"Slightly Accurate",4
"sapa_personality","sapa_personality_1","q_966","SAPA-Project 696-item temperament item set (IPIP-based scales and the EPQ-R)",NA,NA,"Get even with others.",NA,"Moderately Accurate",5
"sapa_personality","sapa_personality_1","q_966","SAPA-Project 696-item temperament item set (IPIP-based scales and the EPQ-R)",NA,NA,"Get even with others.",NA,"Very Accurate",6
"sapa_personality","sapa_personality_1","q_974","SAPA-Project 696-item temperament item set (IPIP-based scales and the EPQ-R)",NA,NA,"Get irritated easily.",NA,"Very Inaccurate",1
"sapa_personality","sapa_personality_1","q_974","SAPA-Project 696-item temperament item set (IPIP-based scales and the EPQ-R)",NA,NA,"Get irritated easily.",NA,"Moderately Inaccurate",2
"sapa_personality","sapa_personality_1","q_974","SAPA-Project 696-item temperament item set (IPIP-based scales and the EPQ-R)",NA,NA,"Get irritated easily.",NA,"Slightly Inaccurate",3
"sapa_personality","sapa_personality_1","q_974","SAPA-Project 696-item temperament item set (IPIP-based scales and the EPQ-R)",NA,NA,"Get irritated easily.",NA,"Slightly Accurate",4
"sapa_personality","sapa_personality_1","q_974","SAPA-Project 696-item temperament item set (IPIP-based scales and the EPQ-R)",NA,NA,"Get irritated easily.",NA,"Moderately Accurate",5
"sapa_personality","sapa_personality_1","q_974","SAPA-Project 696-item temperament item set (IPIP-based scales and the EPQ-R)",NA,NA,"Get irritated easily.",NA,"Very Accurate",6
"sapa_personality","sapa_personality_1","q_977","SAPA-Project 696-item temperament item set (IPIP-based scales and the EPQ-R)",NA,NA,"Get others to do my duties.",NA,"Very Inaccurate",1
"sapa_personality","sapa_personality_1","q_977","SAPA-Project 696-item temperament item set (IPIP-based scales and the EPQ-R)",NA,NA,"Get others to do my duties.",NA,"Moderately Inaccurate",2
"sapa_personality","sapa_personality_1","q_977","SAPA-Project 696-item temperament item set (IPIP-based scales and the EPQ-R)",NA,NA,"Get others to do my duties.",NA,"Slightly Inaccurate",3
"sapa_personality","sapa_personality_1","q_977","SAPA-Project 696-item temperament item set (IPIP-based scales and the EPQ-R)",NA,NA,"Get others to do my duties.",NA,"Slightly Accurate",4
"sapa_personality","sapa_personality_1","q_977","SAPA-Project 696-item temperament item set (IPIP-based scales and the EPQ-R)",NA,NA,"Get others to do my duties.",NA,"Moderately Accurate",5
"sapa_personality","sapa_personality_1","q_977","SAPA-Project 696-item temperament item set (IPIP-based scales and the EPQ-R)",NA,NA,"Get others to do my duties.",NA,"Very Accurate",6
"sapa_personality","sapa_personality_1","q_978","SAPA-Project 696-item temperament item set (IPIP-based scales and the EPQ-R)",NA,NA,"Get out of control.",NA,"Very Inaccurate",1
"sapa_personality","sapa_personality_1","q_978","SAPA-Project 696-item temperament item set (IPIP-based scales and the EPQ-R)",NA,NA,"Get out of control.",NA,"Moderately Inaccurate",2
"sapa_personality","sapa_personality_1","q_978","SAPA-Project 696-item temperament item set (IPIP-based scales and the EPQ-R)",NA,NA,"Get out of control.",NA,"Slightly Inaccurate",3
"sapa_personality","sapa_personality_1","q_978","SAPA-Project 696-item temperament item set (IPIP-based scales and the EPQ-R)",NA,NA,"Get out of control.",NA,"Slightly Accurate",4
"sapa_personality","sapa_personality_1","q_978","SAPA-Project 696-item temperament item set (IPIP-based scales and the EPQ-R)",NA,NA,"Get out of control.",NA,"Moderately Accurate",5
"sapa_personality","sapa_personality_1","q_978","SAPA-Project 696-item temperament item set (IPIP-based scales and the EPQ-R)",NA,NA,"Get out of control.",NA,"Very Accurate",6
"sapa_personality","sapa_personality_1","q_979","SAPA-Project 696-item temperament item set (IPIP-based scales and the EPQ-R)",NA,NA,"Get overwhelmed by emotions.",NA,"Very Inaccurate",1
"sapa_personality","sapa_personality_1","q_979","SAPA-Project 696-item temperament item set (IPIP-based scales and the EPQ-R)",NA,NA,"Get overwhelmed by emotions.",NA,"Moderately Inaccurate",2
"sapa_personality","sapa_personality_1","q_979","SAPA-Project 696-item temperament item set (IPIP-based scales and the EPQ-R)",NA,NA,"Get overwhelmed by emotions.",NA,"Slightly Inaccurate",3
"sapa_personality","sapa_personality_1","q_979","SAPA-Project 696-item temperament item set (IPIP-based scales and the EPQ-R)",NA,NA,"Get overwhelmed by emotions.",NA,"Slightly Accurate",4
"sapa_personality","sapa_personality_1","q_979","SAPA-Project 696-item temperament item set (IPIP-based scales and the EPQ-R)",NA,NA,"Get overwhelmed by emotions.",NA,"Moderately Accurate",5
"sapa_personality","sapa_personality_1","q_979","SAPA-Project 696-item temperament item set (IPIP-based scales and the EPQ-R)",NA,NA,"Get overwhelmed by emotions.",NA,"Very Accurate",6
"sapa_personality","sapa_personality_1","q_985","SAPA-Project 696-item temperament item set (IPIP-based scales and the EPQ-R)",NA,NA,"Get started quickly on doing a job.",NA,"Very Inaccurate",1
"sapa_personality","sapa_personality_1","q_985","SAPA-Project 696-item temperament item set (IPIP-based scales and the EPQ-R)",NA,NA,"Get started quickly on doing a job.",NA,"Moderately Inaccurate",2
"sapa_personality","sapa_personality_1","q_985","SAPA-Project 696-item temperament item set (IPIP-based scales and the EPQ-R)",NA,NA,"Get started quickly on doing a job.",NA,"Slightly Inaccurate",3
"sapa_personality","sapa_personality_1","q_985","SAPA-Project 696-item temperament item set (IPIP-based scales and the EPQ-R)",NA,NA,"Get started quickly on doing a job.",NA,"Slightly Accurate",4
"sapa_personality","sapa_personality_1","q_985","SAPA-Project 696-item temperament item set (IPIP-based scales and the EPQ-R)",NA,NA,"Get started quickly on doing a job.",NA,"Moderately Accurate",5
"sapa_personality","sapa_personality_1","q_985","SAPA-Project 696-item temperament item set (IPIP-based scales and the EPQ-R)",NA,NA,"Get started quickly on doing a job.",NA,"Very Accurate",6
"sapa_personality","sapa_personality_1","q_986","SAPA-Project 696-item temperament item set (IPIP-based scales and the EPQ-R)",NA,NA,"Get stressed out easily.",NA,"Very Inaccurate",1
"sapa_personality","sapa_personality_1","q_986","SAPA-Project 696-item temperament item set (IPIP-based scales and the EPQ-R)",NA,NA,"Get stressed out easily.",NA,"Moderately Inaccurate",2
"sapa_personality","sapa_personality_1","q_986","SAPA-Project 696-item temperament item set (IPIP-based scales and the EPQ-R)",NA,NA,"Get stressed out easily.",NA,"Slightly Inaccurate",3
"sapa_personality","sapa_personality_1","q_986","SAPA-Project 696-item temperament item set (IPIP-based scales and the EPQ-R)",NA,NA,"Get stressed out easily.",NA,"Slightly Accurate",4
"sapa_personality","sapa_personality_1","q_986","SAPA-Project 696-item temperament item set (IPIP-based scales and the EPQ-R)",NA,NA,"Get stressed out easily.",NA,"Moderately Accurate",5
"sapa_personality","sapa_personality_1","q_986","SAPA-Project 696-item temperament item set (IPIP-based scales and the EPQ-R)",NA,NA,"Get stressed out easily.",NA,"Very Accurate",6
"sapa_personality","sapa_personality_1","q_988","SAPA-Project 696-item temperament item set (IPIP-based scales and the EPQ-R)",NA,NA,"Get things done quickly.",NA,"Very Inaccurate",1
"sapa_personality","sapa_personality_1","q_988","SAPA-Project 696-item temperament item set (IPIP-based scales and the EPQ-R)",NA,NA,"Get things done quickly.",NA,"Moderately Inaccurate",2
"sapa_personality","sapa_personality_1","q_988","SAPA-Project 696-item temperament item set (IPIP-based scales and the EPQ-R)",NA,NA,"Get things done quickly.",NA,"Slightly Inaccurate",3
"sapa_personality","sapa_personality_1","q_988","SAPA-Project 696-item temperament item set (IPIP-based scales and the EPQ-R)",NA,NA,"Get things done quickly.",NA,"Slightly Accurate",4
"sapa_personality","sapa_personality_1","q_988","SAPA-Project 696-item temperament item set (IPIP-based scales and the EPQ-R)",NA,NA,"Get things done quickly.",NA,"Moderately Accurate",5
"sapa_personality","sapa_personality_1","q_988","SAPA-Project 696-item temperament item set (IPIP-based scales and the EPQ-R)",NA,NA,"Get things done quickly.",NA,"Very Accurate",6
"sapa_personality","sapa_personality_1","q_992","SAPA-Project 696-item temperament item set (IPIP-based scales and the EPQ-R)",NA,NA,"Get to work at once.",NA,"Very Inaccurate",1
"sapa_personality","sapa_personality_1","q_992","SAPA-Project 696-item temperament item set (IPIP-based scales and the EPQ-R)",NA,NA,"Get to work at once.",NA,"Moderately Inaccurate",2
"sapa_personality","sapa_personality_1","q_992","SAPA-Project 696-item temperament item set (IPIP-based scales and the EPQ-R)",NA,NA,"Get to work at once.",NA,"Slightly Inaccurate",3
"sapa_personality","sapa_personality_1","q_992","SAPA-Project 696-item temperament item set (IPIP-based scales and the EPQ-R)",NA,NA,"Get to work at once.",NA,"Slightly Accurate",4
"sapa_personality","sapa_personality_1","q_992","SAPA-Project 696-item temperament item set (IPIP-based scales and the EPQ-R)",NA,NA,"Get to work at once.",NA,"Moderately Accurate",5
"sapa_personality","sapa_personality_1","q_992","SAPA-Project 696-item temperament item set (IPIP-based scales and the EPQ-R)",NA,NA,"Get to work at once.",NA,"Very Accurate",6
"sapa_personality","sapa_personality_1","q_994","SAPA-Project 696-item temperament item set (IPIP-based scales and the EPQ-R)",NA,NA,"Get upset by unpleasant thoughts that come into my mind.",NA,"Very Inaccurate",1
"sapa_personality","sapa_personality_1","q_994","SAPA-Project 696-item temperament item set (IPIP-based scales and the EPQ-R)",NA,NA,"Get upset by unpleasant thoughts that come into my mind.",NA,"Moderately Inaccurate",2
"sapa_personality","sapa_personality_1","q_994","SAPA-Project 696-item temperament item set (IPIP-based scales and the EPQ-R)",NA,NA,"Get upset by unpleasant thoughts that come into my mind.",NA,"Slightly Inaccurate",3
"sapa_personality","sapa_personality_1","q_994","SAPA-Project 696-item temperament item set (IPIP-based scales and the EPQ-R)",NA,NA,"Get upset by unpleasant thoughts that come into my mind.",NA,"Slightly Accurate",4
"sapa_personality","sapa_personality_1","q_994","SAPA-Project 696-item temperament item set (IPIP-based scales and the EPQ-R)",NA,NA,"Get upset by unpleasant thoughts that come into my mind.",NA,"Moderately Accurate",5
"sapa_personality","sapa_personality_1","q_994","SAPA-Project 696-item temperament item set (IPIP-based scales and the EPQ-R)",NA,NA,"Get upset by unpleasant thoughts that come into my mind.",NA,"Very Accurate",6
"sapa_personality","sapa_personality_1","q_995","SAPA-Project 696-item temperament item set (IPIP-based scales and the EPQ-R)",NA,NA,"Get upset easily.",NA,"Very Inaccurate",1
"sapa_personality","sapa_personality_1","q_995","SAPA-Project 696-item temperament item set (IPIP-based scales and the EPQ-R)",NA,NA,"Get upset easily.",NA,"Moderately Inaccurate",2
"sapa_personality","sapa_personality_1","q_995","SAPA-Project 696-item temperament item set (IPIP-based scales and the EPQ-R)",NA,NA,"Get upset easily.",NA,"Slightly Inaccurate",3
"sapa_personality","sapa_personality_1","q_995","SAPA-Project 696-item temperament item set (IPIP-based scales and the EPQ-R)",NA,NA,"Get upset easily.",NA,"Slightly Accurate",4
"sapa_personality","sapa_personality_1","q_995","SAPA-Project 696-item temperament item set (IPIP-based scales and the EPQ-R)",NA,NA,"Get upset easily.",NA,"Moderately Accurate",5
"sapa_personality","sapa_personality_1","q_995","SAPA-Project 696-item temperament item set (IPIP-based scales and the EPQ-R)",NA,NA,"Get upset easily.",NA,"Very Accurate",6
"sapa_personality","sapa_personality_1","q_997","SAPA-Project 696-item temperament item set (IPIP-based scales and the EPQ-R)",NA,NA,"[Get upset if others change way I arranged things].",NA,"Very Inaccurate",1
"sapa_personality","sapa_personality_1","q_997","SAPA-Project 696-item temperament item set (IPIP-based scales and the EPQ-R)",NA,NA,"[Get upset if others change way I arranged things].",NA,"Moderately Inaccurate",2
"sapa_personality","sapa_personality_1","q_997","SAPA-Project 696-item temperament item set (IPIP-based scales and the EPQ-R)",NA,NA,"[Get upset if others change way I arranged things].",NA,"Slightly Inaccurate",3
"sapa_personality","sapa_personality_1","q_997","SAPA-Project 696-item temperament item set (IPIP-based scales and the EPQ-R)",NA,NA,"[Get upset if others change way I arranged things].",NA,"Slightly Accurate",4
"sapa_personality","sapa_personality_1","q_997","SAPA-Project 696-item temperament item set (IPIP-based scales and the EPQ-R)",NA,NA,"[Get upset if others change way I arranged things].",NA,"Moderately Accurate",5
"sapa_personality","sapa_personality_1","q_997","SAPA-Project 696-item temperament item set (IPIP-based scales and the EPQ-R)",NA,NA,"[Get upset if others change way I arranged things].",NA,"Very Accurate",6
"sapa_personality","sapa_personality_1","q_1009","SAPA-Project 696-item temperament item set (IPIP-based scales and the EPQ-R)",NA,NA,"Go on binges.",NA,"Very Inaccurate",1
"sapa_personality","sapa_personality_1","q_1009","SAPA-Project 696-item temperament item set (IPIP-based scales and the EPQ-R)",NA,NA,"Go on binges.",NA,"Moderately Inaccurate",2
"sapa_personality","sapa_personality_1","q_1009","SAPA-Project 696-item temperament item set (IPIP-based scales and the EPQ-R)",NA,NA,"Go on binges.",NA,"Slightly Inaccurate",3
"sapa_personality","sapa_personality_1","q_1009","SAPA-Project 696-item temperament item set (IPIP-based scales and the EPQ-R)",NA,NA,"Go on binges.",NA,"Slightly Accurate",4
"sapa_personality","sapa_personality_1","q_1009","SAPA-Project 696-item temperament item set (IPIP-based scales and the EPQ-R)",NA,NA,"Go on binges.",NA,"Moderately Accurate",5
"sapa_personality","sapa_personality_1","q_1009","SAPA-Project 696-item temperament item set (IPIP-based scales and the EPQ-R)",NA,NA,"Go on binges.",NA,"Very Accurate",6
"sapa_personality","sapa_personality_1","q_1012","SAPA-Project 696-item temperament item set (IPIP-based scales and the EPQ-R)",NA,NA,"Go straight for the goal.",NA,"Very Inaccurate",1
"sapa_personality","sapa_personality_1","q_1012","SAPA-Project 696-item temperament item set (IPIP-based scales and the EPQ-R)",NA,NA,"Go straight for the goal.",NA,"Moderately Inaccurate",2
"sapa_personality","sapa_personality_1","q_1012","SAPA-Project 696-item temperament item set (IPIP-based scales and the EPQ-R)",NA,NA,"Go straight for the goal.",NA,"Slightly Inaccurate",3
"sapa_personality","sapa_personality_1","q_1012","SAPA-Project 696-item temperament item set (IPIP-based scales and the EPQ-R)",NA,NA,"Go straight for the goal.",NA,"Slightly Accurate",4
"sapa_personality","sapa_personality_1","q_1012","SAPA-Project 696-item temperament item set (IPIP-based scales and the EPQ-R)",NA,NA,"Go straight for the goal.",NA,"Moderately Accurate",5
"sapa_personality","sapa_personality_1","q_1012","SAPA-Project 696-item temperament item set (IPIP-based scales and the EPQ-R)",NA,NA,"Go straight for the goal.",NA,"Very Accurate",6
"sapa_personality","sapa_personality_1","q_1020","SAPA-Project 696-item temperament item set (IPIP-based scales and the EPQ-R)",NA,NA,"Grumble about things.",NA,"Very Inaccurate",1
"sapa_personality","sapa_personality_1","q_1020","SAPA-Project 696-item temperament item set (IPIP-based scales and the EPQ-R)",NA,NA,"Grumble about things.",NA,"Moderately Inaccurate",2
"sapa_personality","sapa_personality_1","q_1020","SAPA-Project 696-item temperament item set (IPIP-based scales and the EPQ-R)",NA,NA,"Grumble about things.",NA,"Slightly Inaccurate",3
"sapa_personality","sapa_personality_1","q_1020","SAPA-Project 696-item temperament item set (IPIP-based scales and the EPQ-R)",NA,NA,"Grumble about things.",NA,"Slightly Accurate",4
"sapa_personality","sapa_personality_1","q_1020","SAPA-Project 696-item temperament item set (IPIP-based scales and the EPQ-R)",NA,NA,"Grumble about things.",NA,"Moderately Accurate",5
"sapa_personality","sapa_personality_1","q_1020","SAPA-Project 696-item temperament item set (IPIP-based scales and the EPQ-R)",NA,NA,"Grumble about things.",NA,"Very Accurate",6
"sapa_personality","sapa_personality_1","q_1022","SAPA-Project 696-item temperament item set (IPIP-based scales and the EPQ-R)",NA,NA,"Habitually blow my chances.",NA,"Very Inaccurate",1
"sapa_personality","sapa_personality_1","q_1022","SAPA-Project 696-item temperament item set (IPIP-based scales and the EPQ-R)",NA,NA,"Habitually blow my chances.",NA,"Moderately Inaccurate",2
"sapa_personality","sapa_personality_1","q_1022","SAPA-Project 696-item temperament item set (IPIP-based scales and the EPQ-R)",NA,NA,"Habitually blow my chances.",NA,"Slightly Inaccurate",3
"sapa_personality","sapa_personality_1","q_1022","SAPA-Project 696-item temperament item set (IPIP-based scales and the EPQ-R)",NA,NA,"Habitually blow my chances.",NA,"Slightly Accurate",4
"sapa_personality","sapa_personality_1","q_1022","SAPA-Project 696-item temperament item set (IPIP-based scales and the EPQ-R)",NA,NA,"Habitually blow my chances.",NA,"Moderately Accurate",5
"sapa_personality","sapa_personality_1","q_1022","SAPA-Project 696-item temperament item set (IPIP-based scales and the EPQ-R)",NA,NA,"Habitually blow my chances.",NA,"Very Accurate",6
"sapa_personality","sapa_personality_1","q_1023","SAPA-Project 696-item temperament item set (IPIP-based scales and the EPQ-R)",NA,NA,"Handle tasks smoothly.",NA,"Very Inaccurate",1
"sapa_personality","sapa_personality_1","q_1023","SAPA-Project 696-item temperament item set (IPIP-based scales and the EPQ-R)",NA,NA,"Handle tasks smoothly.",NA,"Moderately Inaccurate",2
"sapa_personality","sapa_personality_1","q_1023","SAPA-Project 696-item temperament item set (IPIP-based scales and the EPQ-R)",NA,NA,"Handle tasks smoothly.",NA,"Slightly Inaccurate",3
"sapa_personality","sapa_personality_1","q_1023","SAPA-Project 696-item temperament item set (IPIP-based scales and the EPQ-R)",NA,NA,"Handle tasks smoothly.",NA,"Slightly Accurate",4
"sapa_personality","sapa_personality_1","q_1023","SAPA-Project 696-item temperament item set (IPIP-based scales and the EPQ-R)",NA,NA,"Handle tasks smoothly.",NA,"Moderately Accurate",5
"sapa_personality","sapa_personality_1","q_1023","SAPA-Project 696-item temperament item set (IPIP-based scales and the EPQ-R)",NA,NA,"Handle tasks smoothly.",NA,"Very Accurate",6
"sapa_personality","sapa_personality_1","q_1024","SAPA-Project 696-item temperament item set (IPIP-based scales and the EPQ-R)",NA,NA,"Hang around doing nothing.",NA,"Very Inaccurate",1
"sapa_personality","sapa_personality_1","q_1024","SAPA-Project 696-item temperament item set (IPIP-based scales and the EPQ-R)",NA,NA,"Hang around doing nothing.",NA,"Moderately Inaccurate",2
"sapa_personality","sapa_personality_1","q_1024","SAPA-Project 696-item temperament item set (IPIP-based scales and the EPQ-R)",NA,NA,"Hang around doing nothing.",NA,"Slightly Inaccurate",3
"sapa_personality","sapa_personality_1","q_1024","SAPA-Project 696-item temperament item set (IPIP-based scales and the EPQ-R)",NA,NA,"Hang around doing nothing.",NA,"Slightly Accurate",4
"sapa_personality","sapa_personality_1","q_1024","SAPA-Project 696-item temperament item set (IPIP-based scales and the EPQ-R)",NA,NA,"Hang around doing nothing.",NA,"Moderately Accurate",5
"sapa_personality","sapa_personality_1","q_1024","SAPA-Project 696-item temperament item set (IPIP-based scales and the EPQ-R)",NA,NA,"Hang around doing nothing.",NA,"Very Accurate",6
"sapa_personality","sapa_personality_1","q_1027","SAPA-Project 696-item temperament item set (IPIP-based scales and the EPQ-R)",NA,NA,"Hate being the center of attention.",NA,"Very Inaccurate",1
"sapa_personality","sapa_personality_1","q_1027","SAPA-Project 696-item temperament item set (IPIP-based scales and the EPQ-R)",NA,NA,"Hate being the center of attention.",NA,"Moderately Inaccurate",2
"sapa_personality","sapa_personality_1","q_1027","SAPA-Project 696-item temperament item set (IPIP-based scales and the EPQ-R)",NA,NA,"Hate being the center of attention.",NA,"Slightly Inaccurate",3
"sapa_personality","sapa_personality_1","q_1027","SAPA-Project 696-item temperament item set (IPIP-based scales and the EPQ-R)",NA,NA,"Hate being the center of attention.",NA,"Slightly Accurate",4
"sapa_personality","sapa_personality_1","q_1027","SAPA-Project 696-item temperament item set (IPIP-based scales and the EPQ-R)",NA,NA,"Hate being the center of attention.",NA,"Moderately Accurate",5
"sapa_personality","sapa_personality_1","q_1027","SAPA-Project 696-item temperament item set (IPIP-based scales and the EPQ-R)",NA,NA,"Hate being the center of attention.",NA,"Very Accurate",6
"sapa_personality","sapa_personality_1","q_1031","SAPA-Project 696-item temperament item set (IPIP-based scales and the EPQ-R)",NA,NA,"Hate to seem pushy.",NA,"Very Inaccurate",1
"sapa_personality","sapa_personality_1","q_1031","SAPA-Project 696-item temperament item set (IPIP-based scales and the EPQ-R)",NA,NA,"Hate to seem pushy.",NA,"Moderately Inaccurate",2
"sapa_personality","sapa_personality_1","q_1031","SAPA-Project 696-item temperament item set (IPIP-based scales and the EPQ-R)",NA,NA,"Hate to seem pushy.",NA,"Slightly Inaccurate",3
"sapa_personality","sapa_personality_1","q_1031","SAPA-Project 696-item temperament item set (IPIP-based scales and the EPQ-R)",NA,NA,"Hate to seem pushy.",NA,"Slightly Accurate",4
"sapa_personality","sapa_personality_1","q_1031","SAPA-Project 696-item temperament item set (IPIP-based scales and the EPQ-R)",NA,NA,"Hate to seem pushy.",NA,"Moderately Accurate",5
"sapa_personality","sapa_personality_1","q_1031","SAPA-Project 696-item temperament item set (IPIP-based scales and the EPQ-R)",NA,NA,"Hate to seem pushy.",NA,"Very Accurate",6
"sapa_personality","sapa_personality_1","q_1033","SAPA-Project 696-item temperament item set (IPIP-based scales and the EPQ-R)",NA,NA,"Hate waiting for anything.",NA,"Very Inaccurate",1
"sapa_personality","sapa_personality_1","q_1033","SAPA-Project 696-item temperament item set (IPIP-based scales and the EPQ-R)",NA,NA,"Hate waiting for anything.",NA,"Moderately Inaccurate",2
"sapa_personality","sapa_personality_1","q_1033","SAPA-Project 696-item temperament item set (IPIP-based scales and the EPQ-R)",NA,NA,"Hate waiting for anything.",NA,"Slightly Inaccurate",3
"sapa_personality","sapa_personality_1","q_1033","SAPA-Project 696-item temperament item set (IPIP-based scales and the EPQ-R)",NA,NA,"Hate waiting for anything.",NA,"Slightly Accurate",4
"sapa_personality","sapa_personality_1","q_1033","SAPA-Project 696-item temperament item set (IPIP-based scales and the EPQ-R)",NA,NA,"Hate waiting for anything.",NA,"Moderately Accurate",5
"sapa_personality","sapa_personality_1","q_1033","SAPA-Project 696-item temperament item set (IPIP-based scales and the EPQ-R)",NA,NA,"Hate waiting for anything.",NA,"Very Accurate",6
"sapa_personality","sapa_personality_1","q_1038","SAPA-Project 696-item temperament item set (IPIP-based scales and the EPQ-R)",NA,NA,"Have a dark outlook on the future.",NA,"Very Inaccurate",1
"sapa_personality","sapa_personality_1","q_1038","SAPA-Project 696-item temperament item set (IPIP-based scales and the EPQ-R)",NA,NA,"Have a dark outlook on the future.",NA,"Moderately Inaccurate",2
"sapa_personality","sapa_personality_1","q_1038","SAPA-Project 696-item temperament item set (IPIP-based scales and the EPQ-R)",NA,NA,"Have a dark outlook on the future.",NA,"Slightly Inaccurate",3
"sapa_personality","sapa_personality_1","q_1038","SAPA-Project 696-item temperament item set (IPIP-based scales and the EPQ-R)",NA,NA,"Have a dark outlook on the future.",NA,"Slightly Accurate",4
"sapa_personality","sapa_personality_1","q_1038","SAPA-Project 696-item temperament item set (IPIP-based scales and the EPQ-R)",NA,NA,"Have a dark outlook on the future.",NA,"Moderately Accurate",5
"sapa_personality","sapa_personality_1","q_1038","SAPA-Project 696-item temperament item set (IPIP-based scales and the EPQ-R)",NA,NA,"Have a dark outlook on the future.",NA,"Very Accurate",6
"sapa_personality","sapa_personality_1","q_1041","SAPA-Project 696-item temperament item set (IPIP-based scales and the EPQ-R)",NA,NA,"Have a good word for everyone.",NA,"Very Inaccurate",1
"sapa_personality","sapa_personality_1","q_1041","SAPA-Project 696-item temperament item set (IPIP-based scales and the EPQ-R)",NA,NA,"Have a good word for everyone.",NA,"Moderately Inaccurate",2
"sapa_personality","sapa_personality_1","q_1041","SAPA-Project 696-item temperament item set (IPIP-based scales and the EPQ-R)",NA,NA,"Have a good word for everyone.",NA,"Slightly Inaccurate",3
"sapa_personality","sapa_personality_1","q_1041","SAPA-Project 696-item temperament item set (IPIP-based scales and the EPQ-R)",NA,NA,"Have a good word for everyone.",NA,"Slightly Accurate",4
"sapa_personality","sapa_personality_1","q_1041","SAPA-Project 696-item temperament item set (IPIP-based scales and the EPQ-R)",NA,NA,"Have a good word for everyone.",NA,"Moderately Accurate",5
"sapa_personality","sapa_personality_1","q_1041","SAPA-Project 696-item temperament item set (IPIP-based scales and the EPQ-R)",NA,NA,"Have a good word for everyone.",NA,"Very Accurate",6
"sapa_personality","sapa_personality_1","q_1042","SAPA-Project 696-item temperament item set (IPIP-based scales and the EPQ-R)",NA,NA,"Have a high opinion of myself.",NA,"Very Inaccurate",1
"sapa_personality","sapa_personality_1","q_1042","SAPA-Project 696-item temperament item set (IPIP-based scales and the EPQ-R)",NA,NA,"Have a high opinion of myself.",NA,"Moderately Inaccurate",2
"sapa_personality","sapa_personality_1","q_1042","SAPA-Project 696-item temperament item set (IPIP-based scales and the EPQ-R)",NA,NA,"Have a high opinion of myself.",NA,"Slightly Inaccurate",3
"sapa_personality","sapa_personality_1","q_1042","SAPA-Project 696-item temperament item set (IPIP-based scales and the EPQ-R)",NA,NA,"Have a high opinion of myself.",NA,"Slightly Accurate",4
"sapa_personality","sapa_personality_1","q_1042","SAPA-Project 696-item temperament item set (IPIP-based scales and the EPQ-R)",NA,NA,"Have a high opinion of myself.",NA,"Moderately Accurate",5
"sapa_personality","sapa_personality_1","q_1042","SAPA-Project 696-item temperament item set (IPIP-based scales and the EPQ-R)",NA,NA,"Have a high opinion of myself.",NA,"Very Accurate",6
"sapa_personality","sapa_personality_1","q_1043","SAPA-Project 696-item temperament item set (IPIP-based scales and the EPQ-R)",NA,NA,"Have a lot of fun.",NA,"Very Inaccurate",1
"sapa_personality","sapa_personality_1","q_1043","SAPA-Project 696-item temperament item set (IPIP-based scales and the EPQ-R)",NA,NA,"Have a lot of fun.",NA,"Moderately Inaccurate",2
"sapa_personality","sapa_personality_1","q_1043","SAPA-Project 696-item temperament item set (IPIP-based scales and the EPQ-R)",NA,NA,"Have a lot of fun.",NA,"Slightly Inaccurate",3
"sapa_personality","sapa_personality_1","q_1043","SAPA-Project 696-item temperament item set (IPIP-based scales and the EPQ-R)",NA,NA,"Have a lot of fun.",NA,"Slightly Accurate",4
"sapa_personality","sapa_personality_1","q_1043","SAPA-Project 696-item temperament item set (IPIP-based scales and the EPQ-R)",NA,NA,"Have a lot of fun.",NA,"Moderately Accurate",5
"sapa_personality","sapa_personality_1","q_1043","SAPA-Project 696-item temperament item set (IPIP-based scales and the EPQ-R)",NA,NA,"Have a lot of fun.",NA,"Very Accurate",6
"sapa_personality","sapa_personality_1","q_1044","SAPA-Project 696-item temperament item set (IPIP-based scales and the EPQ-R)",NA,NA,"Have a low opinion of myself.",NA,"Very Inaccurate",1
"sapa_personality","sapa_personality_1","q_1044","SAPA-Project 696-item temperament item set (IPIP-based scales and the EPQ-R)",NA,NA,"Have a low opinion of myself.",NA,"Moderately Inaccurate",2
"sapa_personality","sapa_personality_1","q_1044","SAPA-Project 696-item temperament item set (IPIP-based scales and the EPQ-R)",NA,NA,"Have a low opinion of myself.",NA,"Slightly Inaccurate",3
"sapa_personality","sapa_personality_1","q_1044","SAPA-Project 696-item temperament item set (IPIP-based scales and the EPQ-R)",NA,NA,"Have a low opinion of myself.",NA,"Slightly Accurate",4
"sapa_personality","sapa_personality_1","q_1044","SAPA-Project 696-item temperament item set (IPIP-based scales and the EPQ-R)",NA,NA,"Have a low opinion of myself.",NA,"Moderately Accurate",5
"sapa_personality","sapa_personality_1","q_1044","SAPA-Project 696-item temperament item set (IPIP-based scales and the EPQ-R)",NA,NA,"Have a low opinion of myself.",NA,"Very Accurate",6
"sapa_personality","sapa_personality_1","q_1045","SAPA-Project 696-item temperament item set (IPIP-based scales and the EPQ-R)",NA,NA,"Have a natural talent for influencing people.",NA,"Very Inaccurate",1
"sapa_personality","sapa_personality_1","q_1045","SAPA-Project 696-item temperament item set (IPIP-based scales and the EPQ-R)",NA,NA,"Have a natural talent for influencing people.",NA,"Moderately Inaccurate",2
"sapa_personality","sapa_personality_1","q_1045","SAPA-Project 696-item temperament item set (IPIP-based scales and the EPQ-R)",NA,NA,"Have a natural talent for influencing people.",NA,"Slightly Inaccurate",3
"sapa_personality","sapa_personality_1","q_1045","SAPA-Project 696-item temperament item set (IPIP-based scales and the EPQ-R)",NA,NA,"Have a natural talent for influencing people.",NA,"Slightly Accurate",4
"sapa_personality","sapa_personality_1","q_1045","SAPA-Project 696-item temperament item set (IPIP-based scales and the EPQ-R)",NA,NA,"Have a natural talent for influencing people.",NA,"Moderately Accurate",5
"sapa_personality","sapa_personality_1","q_1045","SAPA-Project 696-item temperament item set (IPIP-based scales and the EPQ-R)",NA,NA,"Have a natural talent for influencing people.",NA,"Very Accurate",6
"sapa_personality","sapa_personality_1","q_1050","SAPA-Project 696-item temperament item set (IPIP-based scales and the EPQ-R)",NA,NA,"Have a rich vocabulary.",NA,"Very Inaccurate",1
"sapa_personality","sapa_personality_1","q_1050","SAPA-Project 696-item temperament item set (IPIP-based scales and the EPQ-R)",NA,NA,"Have a rich vocabulary.",NA,"Moderately Inaccurate",2
"sapa_personality","sapa_personality_1","q_1050","SAPA-Project 696-item temperament item set (IPIP-based scales and the EPQ-R)",NA,NA,"Have a rich vocabulary.",NA,"Slightly Inaccurate",3
"sapa_personality","sapa_personality_1","q_1050","SAPA-Project 696-item temperament item set (IPIP-based scales and the EPQ-R)",NA,NA,"Have a rich vocabulary.",NA,"Slightly Accurate",4
"sapa_personality","sapa_personality_1","q_1050","SAPA-Project 696-item temperament item set (IPIP-based scales and the EPQ-R)",NA,NA,"Have a rich vocabulary.",NA,"Moderately Accurate",5
"sapa_personality","sapa_personality_1","q_1050","SAPA-Project 696-item temperament item set (IPIP-based scales and the EPQ-R)",NA,NA,"Have a rich vocabulary.",NA,"Very Accurate",6
"sapa_personality","sapa_personality_1","q_1051","SAPA-Project 696-item temperament item set (IPIP-based scales and the EPQ-R)",NA,NA,"Have a sharp tongue.",NA,"Very Inaccurate",1
"sapa_personality","sapa_personality_1","q_1051","SAPA-Project 696-item temperament item set (IPIP-based scales and the EPQ-R)",NA,NA,"Have a sharp tongue.",NA,"Moderately Inaccurate",2
"sapa_personality","sapa_personality_1","q_1051","SAPA-Project 696-item temperament item set (IPIP-based scales and the EPQ-R)",NA,NA,"Have a sharp tongue.",NA,"Slightly Inaccurate",3
"sapa_personality","sapa_personality_1","q_1051","SAPA-Project 696-item temperament item set (IPIP-based scales and the EPQ-R)",NA,NA,"Have a sharp tongue.",NA,"Slightly Accurate",4
"sapa_personality","sapa_personality_1","q_1051","SAPA-Project 696-item temperament item set (IPIP-based scales and the EPQ-R)",NA,NA,"Have a sharp tongue.",NA,"Moderately Accurate",5
"sapa_personality","sapa_personality_1","q_1051","SAPA-Project 696-item temperament item set (IPIP-based scales and the EPQ-R)",NA,NA,"Have a sharp tongue.",NA,"Very Accurate",6
"sapa_personality","sapa_personality_1","q_1052","SAPA-Project 696-item temperament item set (IPIP-based scales and the EPQ-R)",NA,NA,"Have a slow pace to my life.",NA,"Very Inaccurate",1
"sapa_personality","sapa_personality_1","q_1052","SAPA-Project 696-item temperament item set (IPIP-based scales and the EPQ-R)",NA,NA,"Have a slow pace to my life.",NA,"Moderately Inaccurate",2
"sapa_personality","sapa_personality_1","q_1052","SAPA-Project 696-item temperament item set (IPIP-based scales and the EPQ-R)",NA,NA,"Have a slow pace to my life.",NA,"Slightly Inaccurate",3
"sapa_personality","sapa_personality_1","q_1052","SAPA-Project 696-item temperament item set (IPIP-based scales and the EPQ-R)",NA,NA,"Have a slow pace to my life.",NA,"Slightly Accurate",4
"sapa_personality","sapa_personality_1","q_1052","SAPA-Project 696-item temperament item set (IPIP-based scales and the EPQ-R)",NA,NA,"Have a slow pace to my life.",NA,"Moderately Accurate",5
"sapa_personality","sapa_personality_1","q_1052","SAPA-Project 696-item temperament item set (IPIP-based scales and the EPQ-R)",NA,NA,"Have a slow pace to my life.",NA,"Very Accurate",6
"sapa_personality","sapa_personality_1","q_1053","SAPA-Project 696-item temperament item set (IPIP-based scales and the EPQ-R)",NA,NA,"Have a soft heart.",NA,"Very Inaccurate",1
"sapa_personality","sapa_personality_1","q_1053","SAPA-Project 696-item temperament item set (IPIP-based scales and the EPQ-R)",NA,NA,"Have a soft heart.",NA,"Moderately Inaccurate",2
"sapa_personality","sapa_personality_1","q_1053","SAPA-Project 696-item temperament item set (IPIP-based scales and the EPQ-R)",NA,NA,"Have a soft heart.",NA,"Slightly Inaccurate",3
"sapa_personality","sapa_personality_1","q_1053","SAPA-Project 696-item temperament item set (IPIP-based scales and the EPQ-R)",NA,NA,"Have a soft heart.",NA,"Slightly Accurate",4
"sapa_personality","sapa_personality_1","q_1053","SAPA-Project 696-item temperament item set (IPIP-based scales and the EPQ-R)",NA,NA,"Have a soft heart.",NA,"Moderately Accurate",5
"sapa_personality","sapa_personality_1","q_1053","SAPA-Project 696-item temperament item set (IPIP-based scales and the EPQ-R)",NA,NA,"Have a soft heart.",NA,"Very Accurate",6
"sapa_personality","sapa_personality_1","q_1054","SAPA-Project 696-item temperament item set (IPIP-based scales and the EPQ-R)",NA,NA,"Have a strong need for power.",NA,"Very Inaccurate",1
"sapa_personality","sapa_personality_1","q_1054","SAPA-Project 696-item temperament item set (IPIP-based scales and the EPQ-R)",NA,NA,"Have a strong need for power.",NA,"Moderately Inaccurate",2
"sapa_personality","sapa_personality_1","q_1054","SAPA-Project 696-item temperament item set (IPIP-based scales and the EPQ-R)",NA,NA,"Have a strong need for power.",NA,"Slightly Inaccurate",3
"sapa_personality","sapa_personality_1","q_1054","SAPA-Project 696-item temperament item set (IPIP-based scales and the EPQ-R)",NA,NA,"Have a strong need for power.",NA,"Slightly Accurate",4
"sapa_personality","sapa_personality_1","q_1054","SAPA-Project 696-item temperament item set (IPIP-based scales and the EPQ-R)",NA,NA,"Have a strong need for power.",NA,"Moderately Accurate",5
"sapa_personality","sapa_personality_1","q_1054","SAPA-Project 696-item temperament item set (IPIP-based scales and the EPQ-R)",NA,NA,"Have a strong need for power.",NA,"Very Accurate",6
"sapa_personality","sapa_personality_1","q_1055","SAPA-Project 696-item temperament item set (IPIP-based scales and the EPQ-R)",NA,NA,"Have a strong personality.",NA,"Very Inaccurate",1
"sapa_personality","sapa_personality_1","q_1055","SAPA-Project 696-item temperament item set (IPIP-based scales and the EPQ-R)",NA,NA,"Have a strong personality.",NA,"Moderately Inaccurate",2
"sapa_personality","sapa_personality_1","q_1055","SAPA-Project 696-item temperament item set (IPIP-based scales and the EPQ-R)",NA,NA,"Have a strong personality.",NA,"Slightly Inaccurate",3
"sapa_personality","sapa_personality_1","q_1055","SAPA-Project 696-item temperament item set (IPIP-based scales and the EPQ-R)",NA,NA,"Have a strong personality.",NA,"Slightly Accurate",4
"sapa_personality","sapa_personality_1","q_1055","SAPA-Project 696-item temperament item set (IPIP-based scales and the EPQ-R)",NA,NA,"Have a strong personality.",NA,"Moderately Accurate",5
"sapa_personality","sapa_personality_1","q_1055","SAPA-Project 696-item temperament item set (IPIP-based scales and the EPQ-R)",NA,NA,"Have a strong personality.",NA,"Very Accurate",6
"sapa_personality","sapa_personality_1","q_1058","SAPA-Project 696-item temperament item set (IPIP-based scales and the EPQ-R)",NA,NA,"Have a vivid imagination.",NA,"Very Inaccurate",1
"sapa_personality","sapa_personality_1","q_1058","SAPA-Project 696-item temperament item set (IPIP-based scales and the EPQ-R)",NA,NA,"Have a vivid imagination.",NA,"Moderately Inaccurate",2
"sapa_personality","sapa_personality_1","q_1058","SAPA-Project 696-item temperament item set (IPIP-based scales and the EPQ-R)",NA,NA,"Have a vivid imagination.",NA,"Slightly Inaccurate",3
"sapa_personality","sapa_personality_1","q_1058","SAPA-Project 696-item temperament item set (IPIP-based scales and the EPQ-R)",NA,NA,"Have a vivid imagination.",NA,"Slightly Accurate",4
"sapa_personality","sapa_personality_1","q_1058","SAPA-Project 696-item temperament item set (IPIP-based scales and the EPQ-R)",NA,NA,"Have a vivid imagination.",NA,"Moderately Accurate",5
"sapa_personality","sapa_personality_1","q_1058","SAPA-Project 696-item temperament item set (IPIP-based scales and the EPQ-R)",NA,NA,"Have a vivid imagination.",NA,"Very Accurate",6
"sapa_personality","sapa_personality_1","q_1063","SAPA-Project 696-item temperament item set (IPIP-based scales and the EPQ-R)",NA,NA,"Have an eye for detail.",NA,"Very Inaccurate",1
"sapa_personality","sapa_personality_1","q_1063","SAPA-Project 696-item temperament item set (IPIP-based scales and the EPQ-R)",NA,NA,"Have an eye for detail.",NA,"Moderately Inaccurate",2
"sapa_personality","sapa_personality_1","q_1063","SAPA-Project 696-item temperament item set (IPIP-based scales and the EPQ-R)",NA,NA,"Have an eye for detail.",NA,"Slightly Inaccurate",3
"sapa_personality","sapa_personality_1","q_1063","SAPA-Project 696-item temperament item set (IPIP-based scales and the EPQ-R)",NA,NA,"Have an eye for detail.",NA,"Slightly Accurate",4
"sapa_personality","sapa_personality_1","q_1063","SAPA-Project 696-item temperament item set (IPIP-based scales and the EPQ-R)",NA,NA,"Have an eye for detail.",NA,"Moderately Accurate",5
"sapa_personality","sapa_personality_1","q_1063","SAPA-Project 696-item temperament item set (IPIP-based scales and the EPQ-R)",NA,NA,"Have an eye for detail.",NA,"Very Accurate",6
"sapa_personality","sapa_personality_1","q_1064","SAPA-Project 696-item temperament item set (IPIP-based scales and the EPQ-R)",NA,NA,"Have an intense, boisterous laugh.",NA,"Very Inaccurate",1
"sapa_personality","sapa_personality_1","q_1064","SAPA-Project 696-item temperament item set (IPIP-based scales and the EPQ-R)",NA,NA,"Have an intense, boisterous laugh.",NA,"Moderately Inaccurate",2
"sapa_personality","sapa_personality_1","q_1064","SAPA-Project 696-item temperament item set (IPIP-based scales and the EPQ-R)",NA,NA,"Have an intense, boisterous laugh.",NA,"Slightly Inaccurate",3
"sapa_personality","sapa_personality_1","q_1064","SAPA-Project 696-item temperament item set (IPIP-based scales and the EPQ-R)",NA,NA,"Have an intense, boisterous laugh.",NA,"Slightly Accurate",4
"sapa_personality","sapa_personality_1","q_1064","SAPA-Project 696-item temperament item set (IPIP-based scales and the EPQ-R)",NA,NA,"Have an intense, boisterous laugh.",NA,"Moderately Accurate",5
"sapa_personality","sapa_personality_1","q_1064","SAPA-Project 696-item temperament item set (IPIP-based scales and the EPQ-R)",NA,NA,"Have an intense, boisterous laugh.",NA,"Very Accurate",6
"sapa_personality","sapa_personality_1","q_1081","SAPA-Project 696-item temperament item set (IPIP-based scales and the EPQ-R)",NA,NA,"Have difficulty expressing my feelings.",NA,"Very Inaccurate",1
"sapa_personality","sapa_personality_1","q_1081","SAPA-Project 696-item temperament item set (IPIP-based scales and the EPQ-R)",NA,NA,"Have difficulty expressing my feelings.",NA,"Moderately Inaccurate",2
"sapa_personality","sapa_personality_1","q_1081","SAPA-Project 696-item temperament item set (IPIP-based scales and the EPQ-R)",NA,NA,"Have difficulty expressing my feelings.",NA,"Slightly Inaccurate",3
"sapa_personality","sapa_personality_1","q_1081","SAPA-Project 696-item temperament item set (IPIP-based scales and the EPQ-R)",NA,NA,"Have difficulty expressing my feelings.",NA,"Slightly Accurate",4
"sapa_personality","sapa_personality_1","q_1081","SAPA-Project 696-item temperament item set (IPIP-based scales and the EPQ-R)",NA,NA,"Have difficulty expressing my feelings.",NA,"Moderately Accurate",5
"sapa_personality","sapa_personality_1","q_1081","SAPA-Project 696-item temperament item set (IPIP-based scales and the EPQ-R)",NA,NA,"Have difficulty expressing my feelings.",NA,"Very Accurate",6
"sapa_personality","sapa_personality_1","q_1083","SAPA-Project 696-item temperament item set (IPIP-based scales and the EPQ-R)",NA,NA,"Have difficulty imagining things.",NA,"Very Inaccurate",1
"sapa_personality","sapa_personality_1","q_1083","SAPA-Project 696-item temperament item set (IPIP-based scales and the EPQ-R)",NA,NA,"Have difficulty imagining things.",NA,"Moderately Inaccurate",2
"sapa_personality","sapa_personality_1","q_1083","SAPA-Project 696-item temperament item set (IPIP-based scales and the EPQ-R)",NA,NA,"Have difficulty imagining things.",NA,"Slightly Inaccurate",3
"sapa_personality","sapa_personality_1","q_1083","SAPA-Project 696-item temperament item set (IPIP-based scales and the EPQ-R)",NA,NA,"Have difficulty imagining things.",NA,"Slightly Accurate",4
"sapa_personality","sapa_personality_1","q_1083","SAPA-Project 696-item temperament item set (IPIP-based scales and the EPQ-R)",NA,NA,"Have difficulty imagining things.",NA,"Moderately Accurate",5
"sapa_personality","sapa_personality_1","q_1083","SAPA-Project 696-item temperament item set (IPIP-based scales and the EPQ-R)",NA,NA,"Have difficulty imagining things.",NA,"Very Accurate",6
"sapa_personality","sapa_personality_1","q_1087","SAPA-Project 696-item temperament item set (IPIP-based scales and the EPQ-R)",NA,NA,"Have difficulty starting tasks.",NA,"Very Inaccurate",1
"sapa_personality","sapa_personality_1","q_1087","SAPA-Project 696-item temperament item set (IPIP-based scales and the EPQ-R)",NA,NA,"Have difficulty starting tasks.",NA,"Moderately Inaccurate",2
"sapa_personality","sapa_personality_1","q_1087","SAPA-Project 696-item temperament item set (IPIP-based scales and the EPQ-R)",NA,NA,"Have difficulty starting tasks.",NA,"Slightly Inaccurate",3
"sapa_personality","sapa_personality_1","q_1087","SAPA-Project 696-item temperament item set (IPIP-based scales and the EPQ-R)",NA,NA,"Have difficulty starting tasks.",NA,"Slightly Accurate",4
"sapa_personality","sapa_personality_1","q_1087","SAPA-Project 696-item temperament item set (IPIP-based scales and the EPQ-R)",NA,NA,"Have difficulty starting tasks.",NA,"Moderately Accurate",5
"sapa_personality","sapa_personality_1","q_1087","SAPA-Project 696-item temperament item set (IPIP-based scales and the EPQ-R)",NA,NA,"Have difficulty starting tasks.",NA,"Very Accurate",6
"sapa_personality","sapa_personality_1","q_1088","SAPA-Project 696-item temperament item set (IPIP-based scales and the EPQ-R)",NA,NA,"Have difficulty understanding abstract ideas.",NA,"Very Inaccurate",1
"sapa_personality","sapa_personality_1","q_1088","SAPA-Project 696-item temperament item set (IPIP-based scales and the EPQ-R)",NA,NA,"Have difficulty understanding abstract ideas.",NA,"Moderately Inaccurate",2
"sapa_personality","sapa_personality_1","q_1088","SAPA-Project 696-item temperament item set (IPIP-based scales and the EPQ-R)",NA,NA,"Have difficulty understanding abstract ideas.",NA,"Slightly Inaccurate",3
"sapa_personality","sapa_personality_1","q_1088","SAPA-Project 696-item temperament item set (IPIP-based scales and the EPQ-R)",NA,NA,"Have difficulty understanding abstract ideas.",NA,"Slightly Accurate",4
"sapa_personality","sapa_personality_1","q_1088","SAPA-Project 696-item temperament item set (IPIP-based scales and the EPQ-R)",NA,NA,"Have difficulty understanding abstract ideas.",NA,"Moderately Accurate",5
"sapa_personality","sapa_personality_1","q_1088","SAPA-Project 696-item temperament item set (IPIP-based scales and the EPQ-R)",NA,NA,"Have difficulty understanding abstract ideas.",NA,"Very Accurate",6
"sapa_personality","sapa_personality_1","q_1090","SAPA-Project 696-item temperament item set (IPIP-based scales and the EPQ-R)",NA,NA,"Have excellent ideas.",NA,"Very Inaccurate",1
"sapa_personality","sapa_personality_1","q_1090","SAPA-Project 696-item temperament item set (IPIP-based scales and the EPQ-R)",NA,NA,"Have excellent ideas.",NA,"Moderately Inaccurate",2
"sapa_personality","sapa_personality_1","q_1090","SAPA-Project 696-item temperament item set (IPIP-based scales and the EPQ-R)",NA,NA,"Have excellent ideas.",NA,"Slightly Inaccurate",3
"sapa_personality","sapa_personality_1","q_1090","SAPA-Project 696-item temperament item set (IPIP-based scales and the EPQ-R)",NA,NA,"Have excellent ideas.",NA,"Slightly Accurate",4
"sapa_personality","sapa_personality_1","q_1090","SAPA-Project 696-item temperament item set (IPIP-based scales and the EPQ-R)",NA,NA,"Have excellent ideas.",NA,"Moderately Accurate",5
"sapa_personality","sapa_personality_1","q_1090","SAPA-Project 696-item temperament item set (IPIP-based scales and the EPQ-R)",NA,NA,"Have excellent ideas.",NA,"Very Accurate",6
"sapa_personality","sapa_personality_1","q_1099","SAPA-Project 696-item temperament item set (IPIP-based scales and the EPQ-R)",NA,NA,"Have frequent mood swings.",NA,"Very Inaccurate",1
"sapa_personality","sapa_personality_1","q_1099","SAPA-Project 696-item temperament item set (IPIP-based scales and the EPQ-R)",NA,NA,"Have frequent mood swings.",NA,"Moderately Inaccurate",2
"sapa_personality","sapa_personality_1","q_1099","SAPA-Project 696-item temperament item set (IPIP-based scales and the EPQ-R)",NA,NA,"Have frequent mood swings.",NA,"Slightly Inaccurate",3
"sapa_personality","sapa_personality_1","q_1099","SAPA-Project 696-item temperament item set (IPIP-based scales and the EPQ-R)",NA,NA,"Have frequent mood swings.",NA,"Slightly Accurate",4
"sapa_personality","sapa_personality_1","q_1099","SAPA-Project 696-item temperament item set (IPIP-based scales and the EPQ-R)",NA,NA,"Have frequent mood swings.",NA,"Moderately Accurate",5
"sapa_personality","sapa_personality_1","q_1099","SAPA-Project 696-item temperament item set (IPIP-based scales and the EPQ-R)",NA,NA,"Have frequent mood swings.",NA,"Very Accurate",6
"sapa_personality","sapa_personality_1","q_1104","SAPA-Project 696-item temperament item set (IPIP-based scales and the EPQ-R)",NA,NA,"Have great stamina.",NA,"Very Inaccurate",1
"sapa_personality","sapa_personality_1","q_1104","SAPA-Project 696-item temperament item set (IPIP-based scales and the EPQ-R)",NA,NA,"Have great stamina.",NA,"Moderately Inaccurate",2
"sapa_personality","sapa_personality_1","q_1104","SAPA-Project 696-item temperament item set (IPIP-based scales and the EPQ-R)",NA,NA,"Have great stamina.",NA,"Slightly Inaccurate",3
"sapa_personality","sapa_personality_1","q_1104","SAPA-Project 696-item temperament item set (IPIP-based scales and the EPQ-R)",NA,NA,"Have great stamina.",NA,"Slightly Accurate",4
"sapa_personality","sapa_personality_1","q_1104","SAPA-Project 696-item temperament item set (IPIP-based scales and the EPQ-R)",NA,NA,"Have great stamina.",NA,"Moderately Accurate",5
"sapa_personality","sapa_personality_1","q_1104","SAPA-Project 696-item temperament item set (IPIP-based scales and the EPQ-R)",NA,NA,"Have great stamina.",NA,"Very Accurate",6
"sapa_personality","sapa_personality_1","q_1110","SAPA-Project 696-item temperament item set (IPIP-based scales and the EPQ-R)",NA,NA,"Have leadership abilities.",NA,"Very Inaccurate",1
"sapa_personality","sapa_personality_1","q_1110","SAPA-Project 696-item temperament item set (IPIP-based scales and the EPQ-R)",NA,NA,"Have leadership abilities.",NA,"Moderately Inaccurate",2
"sapa_personality","sapa_personality_1","q_1110","SAPA-Project 696-item temperament item set (IPIP-based scales and the EPQ-R)",NA,NA,"Have leadership abilities.",NA,"Slightly Inaccurate",3
"sapa_personality","sapa_personality_1","q_1110","SAPA-Project 696-item temperament item set (IPIP-based scales and the EPQ-R)",NA,NA,"Have leadership abilities.",NA,"Slightly Accurate",4
"sapa_personality","sapa_personality_1","q_1110","SAPA-Project 696-item temperament item set (IPIP-based scales and the EPQ-R)",NA,NA,"Have leadership abilities.",NA,"Moderately Accurate",5
"sapa_personality","sapa_personality_1","q_1110","SAPA-Project 696-item temperament item set (IPIP-based scales and the EPQ-R)",NA,NA,"Have leadership abilities.",NA,"Very Accurate",6
"sapa_personality","sapa_personality_1","q_1113","SAPA-Project 696-item temperament item set (IPIP-based scales and the EPQ-R)",NA,NA,"Have little to contribute.",NA,"Very Inaccurate",1
"sapa_personality","sapa_personality_1","q_1113","SAPA-Project 696-item temperament item set (IPIP-based scales and the EPQ-R)",NA,NA,"Have little to contribute.",NA,"Moderately Inaccurate",2
"sapa_personality","sapa_personality_1","q_1113","SAPA-Project 696-item temperament item set (IPIP-based scales and the EPQ-R)",NA,NA,"Have little to contribute.",NA,"Slightly Inaccurate",3
"sapa_personality","sapa_personality_1","q_1113","SAPA-Project 696-item temperament item set (IPIP-based scales and the EPQ-R)",NA,NA,"Have little to contribute.",NA,"Slightly Accurate",4
"sapa_personality","sapa_personality_1","q_1113","SAPA-Project 696-item temperament item set (IPIP-based scales and the EPQ-R)",NA,NA,"Have little to contribute.",NA,"Moderately Accurate",5
"sapa_personality","sapa_personality_1","q_1113","SAPA-Project 696-item temperament item set (IPIP-based scales and the EPQ-R)",NA,NA,"Have little to contribute.",NA,"Very Accurate",6
"sapa_personality","sapa_personality_1","q_1114","SAPA-Project 696-item temperament item set (IPIP-based scales and the EPQ-R)",NA,NA,"Have little to say.",NA,"Very Inaccurate",1
"sapa_personality","sapa_personality_1","q_1114","SAPA-Project 696-item temperament item set (IPIP-based scales and the EPQ-R)",NA,NA,"Have little to say.",NA,"Moderately Inaccurate",2
"sapa_personality","sapa_personality_1","q_1114","SAPA-Project 696-item temperament item set (IPIP-based scales and the EPQ-R)",NA,NA,"Have little to say.",NA,"Slightly Inaccurate",3
"sapa_personality","sapa_personality_1","q_1114","SAPA-Project 696-item temperament item set (IPIP-based scales and the EPQ-R)",NA,NA,"Have little to say.",NA,"Slightly Accurate",4
"sapa_personality","sapa_personality_1","q_1114","SAPA-Project 696-item temperament item set (IPIP-based scales and the EPQ-R)",NA,NA,"Have little to say.",NA,"Moderately Accurate",5
"sapa_personality","sapa_personality_1","q_1114","SAPA-Project 696-item temperament item set (IPIP-based scales and the EPQ-R)",NA,NA,"Have little to say.",NA,"Very Accurate",6
"sapa_personality","sapa_personality_1","q_1120","SAPA-Project 696-item temperament item set (IPIP-based scales and the EPQ-R)",NA,NA,"Have never engaged in gossip.",NA,"Very Inaccurate",1
"sapa_personality","sapa_personality_1","q_1120","SAPA-Project 696-item temperament item set (IPIP-based scales and the EPQ-R)",NA,NA,"Have never engaged in gossip.",NA,"Moderately Inaccurate",2
"sapa_personality","sapa_personality_1","q_1120","SAPA-Project 696-item temperament item set (IPIP-based scales and the EPQ-R)",NA,NA,"Have never engaged in gossip.",NA,"Slightly Inaccurate",3
"sapa_personality","sapa_personality_1","q_1120","SAPA-Project 696-item temperament item set (IPIP-based scales and the EPQ-R)",NA,NA,"Have never engaged in gossip.",NA,"Slightly Accurate",4
"sapa_personality","sapa_personality_1","q_1120","SAPA-Project 696-item temperament item set (IPIP-based scales and the EPQ-R)",NA,NA,"Have never engaged in gossip.",NA,"Moderately Accurate",5
"sapa_personality","sapa_personality_1","q_1120","SAPA-Project 696-item temperament item set (IPIP-based scales and the EPQ-R)",NA,NA,"Have never engaged in gossip.",NA,"Very Accurate",6
"sapa_personality","sapa_personality_1","q_1132","SAPA-Project 696-item temperament item set (IPIP-based scales and the EPQ-R)",NA,NA,"Have read the great literary classics.",NA,"Very Inaccurate",1
"sapa_personality","sapa_personality_1","q_1132","SAPA-Project 696-item temperament item set (IPIP-based scales and the EPQ-R)",NA,NA,"Have read the great literary classics.",NA,"Moderately Inaccurate",2
"sapa_personality","sapa_personality_1","q_1132","SAPA-Project 696-item temperament item set (IPIP-based scales and the EPQ-R)",NA,NA,"Have read the great literary classics.",NA,"Slightly Inaccurate",3
"sapa_personality","sapa_personality_1","q_1132","SAPA-Project 696-item temperament item set (IPIP-based scales and the EPQ-R)",NA,NA,"Have read the great literary classics.",NA,"Slightly Accurate",4
"sapa_personality","sapa_personality_1","q_1132","SAPA-Project 696-item temperament item set (IPIP-based scales and the EPQ-R)",NA,NA,"Have read the great literary classics.",NA,"Moderately Accurate",5
"sapa_personality","sapa_personality_1","q_1132","SAPA-Project 696-item temperament item set (IPIP-based scales and the EPQ-R)",NA,NA,"Have read the great literary classics.",NA,"Very Accurate",6
"sapa_personality","sapa_personality_1","q_1136","SAPA-Project 696-item temperament item set (IPIP-based scales and the EPQ-R)",NA,NA,"Have some bad habits.",NA,"Very Inaccurate",1
"sapa_personality","sapa_personality_1","q_1136","SAPA-Project 696-item temperament item set (IPIP-based scales and the EPQ-R)",NA,NA,"Have some bad habits.",NA,"Moderately Inaccurate",2
"sapa_personality","sapa_personality_1","q_1136","SAPA-Project 696-item temperament item set (IPIP-based scales and the EPQ-R)",NA,NA,"Have some bad habits.",NA,"Slightly Inaccurate",3
"sapa_personality","sapa_personality_1","q_1136","SAPA-Project 696-item temperament item set (IPIP-based scales and the EPQ-R)",NA,NA,"Have some bad habits.",NA,"Slightly Accurate",4
"sapa_personality","sapa_personality_1","q_1136","SAPA-Project 696-item temperament item set (IPIP-based scales and the EPQ-R)",NA,NA,"Have some bad habits.",NA,"Moderately Accurate",5
"sapa_personality","sapa_personality_1","q_1136","SAPA-Project 696-item temperament item set (IPIP-based scales and the EPQ-R)",NA,NA,"Have some bad habits.",NA,"Very Accurate",6
"sapa_personality","sapa_personality_1","q_1138","SAPA-Project 696-item temperament item set (IPIP-based scales and the EPQ-R)",NA,NA,"Have sometimes had to tell a lie.",NA,"Very Inaccurate",1
"sapa_personality","sapa_personality_1","q_1138","SAPA-Project 696-item temperament item set (IPIP-based scales and the EPQ-R)",NA,NA,"Have sometimes had to tell a lie.",NA,"Moderately Inaccurate",2
"sapa_personality","sapa_personality_1","q_1138","SAPA-Project 696-item temperament item set (IPIP-based scales and the EPQ-R)",NA,NA,"Have sometimes had to tell a lie.",NA,"Slightly Inaccurate",3
"sapa_personality","sapa_personality_1","q_1138","SAPA-Project 696-item temperament item set (IPIP-based scales and the EPQ-R)",NA,NA,"Have sometimes had to tell a lie.",NA,"Slightly Accurate",4
"sapa_personality","sapa_personality_1","q_1138","SAPA-Project 696-item temperament item set (IPIP-based scales and the EPQ-R)",NA,NA,"Have sometimes had to tell a lie.",NA,"Moderately Accurate",5
"sapa_personality","sapa_personality_1","q_1138","SAPA-Project 696-item temperament item set (IPIP-based scales and the EPQ-R)",NA,NA,"Have sometimes had to tell a lie.",NA,"Very Accurate",6
"sapa_personality","sapa_personality_1","q_1146","SAPA-Project 696-item temperament item set (IPIP-based scales and the EPQ-R)",NA,NA,"Have trouble guessing how others will react.",NA,"Very Inaccurate",1
"sapa_personality","sapa_personality_1","q_1146","SAPA-Project 696-item temperament item set (IPIP-based scales and the EPQ-R)",NA,NA,"Have trouble guessing how others will react.",NA,"Moderately Inaccurate",2
"sapa_personality","sapa_personality_1","q_1146","SAPA-Project 696-item temperament item set (IPIP-based scales and the EPQ-R)",NA,NA,"Have trouble guessing how others will react.",NA,"Slightly Inaccurate",3
"sapa_personality","sapa_personality_1","q_1146","SAPA-Project 696-item temperament item set (IPIP-based scales and the EPQ-R)",NA,NA,"Have trouble guessing how others will react.",NA,"Slightly Accurate",4
"sapa_personality","sapa_personality_1","q_1146","SAPA-Project 696-item temperament item set (IPIP-based scales and the EPQ-R)",NA,NA,"Have trouble guessing how others will react.",NA,"Moderately Accurate",5
"sapa_personality","sapa_personality_1","q_1146","SAPA-Project 696-item temperament item set (IPIP-based scales and the EPQ-R)",NA,NA,"Have trouble guessing how others will react.",NA,"Very Accurate",6
"sapa_personality","sapa_personality_1","q_1150","SAPA-Project 696-item temperament item set (IPIP-based scales and the EPQ-R)",NA,NA,"Hold a grudge.",NA,"Very Inaccurate",1
"sapa_personality","sapa_personality_1","q_1150","SAPA-Project 696-item temperament item set (IPIP-based scales and the EPQ-R)",NA,NA,"Hold a grudge.",NA,"Moderately Inaccurate",2
"sapa_personality","sapa_personality_1","q_1150","SAPA-Project 696-item temperament item set (IPIP-based scales and the EPQ-R)",NA,NA,"Hold a grudge.",NA,"Slightly Inaccurate",3
"sapa_personality","sapa_personality_1","q_1150","SAPA-Project 696-item temperament item set (IPIP-based scales and the EPQ-R)",NA,NA,"Hold a grudge.",NA,"Slightly Accurate",4
"sapa_personality","sapa_personality_1","q_1150","SAPA-Project 696-item temperament item set (IPIP-based scales and the EPQ-R)",NA,NA,"Hold a grudge.",NA,"Moderately Accurate",5
"sapa_personality","sapa_personality_1","q_1150","SAPA-Project 696-item temperament item set (IPIP-based scales and the EPQ-R)",NA,NA,"Hold a grudge.",NA,"Very Accurate",6
"sapa_personality","sapa_personality_1","q_1151","SAPA-Project 696-item temperament item set (IPIP-based scales and the EPQ-R)",NA,NA,"Hold back my opinions.",NA,"Very Inaccurate",1
"sapa_personality","sapa_personality_1","q_1151","SAPA-Project 696-item temperament item set (IPIP-based scales and the EPQ-R)",NA,NA,"Hold back my opinions.",NA,"Moderately Inaccurate",2
"sapa_personality","sapa_personality_1","q_1151","SAPA-Project 696-item temperament item set (IPIP-based scales and the EPQ-R)",NA,NA,"Hold back my opinions.",NA,"Slightly Inaccurate",3
"sapa_personality","sapa_personality_1","q_1151","SAPA-Project 696-item temperament item set (IPIP-based scales and the EPQ-R)",NA,NA,"Hold back my opinions.",NA,"Slightly Accurate",4
"sapa_personality","sapa_personality_1","q_1151","SAPA-Project 696-item temperament item set (IPIP-based scales and the EPQ-R)",NA,NA,"Hold back my opinions.",NA,"Moderately Accurate",5
"sapa_personality","sapa_personality_1","q_1151","SAPA-Project 696-item temperament item set (IPIP-based scales and the EPQ-R)",NA,NA,"Hold back my opinions.",NA,"Very Accurate",6
"sapa_personality","sapa_personality_1","q_1159","SAPA-Project 696-item temperament item set (IPIP-based scales and the EPQ-R)",NA,NA,"Immediately feel sad when hearing of an unhappy event.",NA,"Very Inaccurate",1
"sapa_personality","sapa_personality_1","q_1159","SAPA-Project 696-item temperament item set (IPIP-based scales and the EPQ-R)",NA,NA,"Immediately feel sad when hearing of an unhappy event.",NA,"Moderately Inaccurate",2
"sapa_personality","sapa_personality_1","q_1159","SAPA-Project 696-item temperament item set (IPIP-based scales and the EPQ-R)",NA,NA,"Immediately feel sad when hearing of an unhappy event.",NA,"Slightly Inaccurate",3
"sapa_personality","sapa_personality_1","q_1159","SAPA-Project 696-item temperament item set (IPIP-based scales and the EPQ-R)",NA,NA,"Immediately feel sad when hearing of an unhappy event.",NA,"Slightly Accurate",4
"sapa_personality","sapa_personality_1","q_1159","SAPA-Project 696-item temperament item set (IPIP-based scales and the EPQ-R)",NA,NA,"Immediately feel sad when hearing of an unhappy event.",NA,"Moderately Accurate",5
"sapa_personality","sapa_personality_1","q_1159","SAPA-Project 696-item temperament item set (IPIP-based scales and the EPQ-R)",NA,NA,"Immediately feel sad when hearing of an unhappy event.",NA,"Very Accurate",6
"sapa_personality","sapa_personality_1","q_1161","SAPA-Project 696-item temperament item set (IPIP-based scales and the EPQ-R)",NA,NA,"Indulge in my fantasies.",NA,"Very Inaccurate",1
"sapa_personality","sapa_personality_1","q_1161","SAPA-Project 696-item temperament item set (IPIP-based scales and the EPQ-R)",NA,NA,"Indulge in my fantasies.",NA,"Moderately Inaccurate",2
"sapa_personality","sapa_personality_1","q_1161","SAPA-Project 696-item temperament item set (IPIP-based scales and the EPQ-R)",NA,NA,"Indulge in my fantasies.",NA,"Slightly Inaccurate",3
"sapa_personality","sapa_personality_1","q_1161","SAPA-Project 696-item temperament item set (IPIP-based scales and the EPQ-R)",NA,NA,"Indulge in my fantasies.",NA,"Slightly Accurate",4
"sapa_personality","sapa_personality_1","q_1161","SAPA-Project 696-item temperament item set (IPIP-based scales and the EPQ-R)",NA,NA,"Indulge in my fantasies.",NA,"Moderately Accurate",5
"sapa_personality","sapa_personality_1","q_1161","SAPA-Project 696-item temperament item set (IPIP-based scales and the EPQ-R)",NA,NA,"Indulge in my fantasies.",NA,"Very Accurate",6
"sapa_personality","sapa_personality_1","q_1162","SAPA-Project 696-item temperament item set (IPIP-based scales and the EPQ-R)",NA,NA,"Inquire about others' well-being.",NA,"Very Inaccurate",1
"sapa_personality","sapa_personality_1","q_1162","SAPA-Project 696-item temperament item set (IPIP-based scales and the EPQ-R)",NA,NA,"Inquire about others' well-being.",NA,"Moderately Inaccurate",2
"sapa_personality","sapa_personality_1","q_1162","SAPA-Project 696-item temperament item set (IPIP-based scales and the EPQ-R)",NA,NA,"Inquire about others' well-being.",NA,"Slightly Inaccurate",3
"sapa_personality","sapa_personality_1","q_1162","SAPA-Project 696-item temperament item set (IPIP-based scales and the EPQ-R)",NA,NA,"Inquire about others' well-being.",NA,"Slightly Accurate",4
"sapa_personality","sapa_personality_1","q_1162","SAPA-Project 696-item temperament item set (IPIP-based scales and the EPQ-R)",NA,NA,"Inquire about others' well-being.",NA,"Moderately Accurate",5
"sapa_personality","sapa_personality_1","q_1162","SAPA-Project 696-item temperament item set (IPIP-based scales and the EPQ-R)",NA,NA,"Inquire about others' well-being.",NA,"Very Accurate",6
"sapa_personality","sapa_personality_1","q_1163","SAPA-Project 696-item temperament item set (IPIP-based scales and the EPQ-R)",NA,NA,"Insult people.",NA,"Very Inaccurate",1
"sapa_personality","sapa_personality_1","q_1163","SAPA-Project 696-item temperament item set (IPIP-based scales and the EPQ-R)",NA,NA,"Insult people.",NA,"Moderately Inaccurate",2
"sapa_personality","sapa_personality_1","q_1163","SAPA-Project 696-item temperament item set (IPIP-based scales and the EPQ-R)",NA,NA,"Insult people.",NA,"Slightly Inaccurate",3
"sapa_personality","sapa_personality_1","q_1163","SAPA-Project 696-item temperament item set (IPIP-based scales and the EPQ-R)",NA,NA,"Insult people.",NA,"Slightly Accurate",4
"sapa_personality","sapa_personality_1","q_1163","SAPA-Project 696-item temperament item set (IPIP-based scales and the EPQ-R)",NA,NA,"Insult people.",NA,"Moderately Accurate",5
"sapa_personality","sapa_personality_1","q_1163","SAPA-Project 696-item temperament item set (IPIP-based scales and the EPQ-R)",NA,NA,"Insult people.",NA,"Very Accurate",6
"sapa_personality","sapa_personality_1","q_1169","SAPA-Project 696-item temperament item set (IPIP-based scales and the EPQ-R)",NA,NA,"Involve others in what I am doing.",NA,"Very Inaccurate",1
"sapa_personality","sapa_personality_1","q_1169","SAPA-Project 696-item temperament item set (IPIP-based scales and the EPQ-R)",NA,NA,"Involve others in what I am doing.",NA,"Moderately Inaccurate",2
"sapa_personality","sapa_personality_1","q_1169","SAPA-Project 696-item temperament item set (IPIP-based scales and the EPQ-R)",NA,NA,"Involve others in what I am doing.",NA,"Slightly Inaccurate",3
"sapa_personality","sapa_personality_1","q_1169","SAPA-Project 696-item temperament item set (IPIP-based scales and the EPQ-R)",NA,NA,"Involve others in what I am doing.",NA,"Slightly Accurate",4
"sapa_personality","sapa_personality_1","q_1169","SAPA-Project 696-item temperament item set (IPIP-based scales and the EPQ-R)",NA,NA,"Involve others in what I am doing.",NA,"Moderately Accurate",5
"sapa_personality","sapa_personality_1","q_1169","SAPA-Project 696-item temperament item set (IPIP-based scales and the EPQ-R)",NA,NA,"Involve others in what I am doing.",NA,"Very Accurate",6
"sapa_personality","sapa_personality_1","q_1173","SAPA-Project 696-item temperament item set (IPIP-based scales and the EPQ-R)",NA,NA,"Jump into things without thinking.",NA,"Very Inaccurate",1
"sapa_personality","sapa_personality_1","q_1173","SAPA-Project 696-item temperament item set (IPIP-based scales and the EPQ-R)",NA,NA,"Jump into things without thinking.",NA,"Moderately Inaccurate",2
"sapa_personality","sapa_personality_1","q_1173","SAPA-Project 696-item temperament item set (IPIP-based scales and the EPQ-R)",NA,NA,"Jump into things without thinking.",NA,"Slightly Inaccurate",3
"sapa_personality","sapa_personality_1","q_1173","SAPA-Project 696-item temperament item set (IPIP-based scales and the EPQ-R)",NA,NA,"Jump into things without thinking.",NA,"Slightly Accurate",4
"sapa_personality","sapa_personality_1","q_1173","SAPA-Project 696-item temperament item set (IPIP-based scales and the EPQ-R)",NA,NA,"Jump into things without thinking.",NA,"Moderately Accurate",5
"sapa_personality","sapa_personality_1","q_1173","SAPA-Project 696-item temperament item set (IPIP-based scales and the EPQ-R)",NA,NA,"Jump into things without thinking.",NA,"Very Accurate",6
"sapa_personality","sapa_personality_1","q_1175","SAPA-Project 696-item temperament item set (IPIP-based scales and the EPQ-R)",NA,NA,"Just know that I will be a success.",NA,"Very Inaccurate",1
"sapa_personality","sapa_personality_1","q_1175","SAPA-Project 696-item temperament item set (IPIP-based scales and the EPQ-R)",NA,NA,"Just know that I will be a success.",NA,"Moderately Inaccurate",2
"sapa_personality","sapa_personality_1","q_1175","SAPA-Project 696-item temperament item set (IPIP-based scales and the EPQ-R)",NA,NA,"Just know that I will be a success.",NA,"Slightly Inaccurate",3
"sapa_personality","sapa_personality_1","q_1175","SAPA-Project 696-item temperament item set (IPIP-based scales and the EPQ-R)",NA,NA,"Just know that I will be a success.",NA,"Slightly Accurate",4
"sapa_personality","sapa_personality_1","q_1175","SAPA-Project 696-item temperament item set (IPIP-based scales and the EPQ-R)",NA,NA,"Just know that I will be a success.",NA,"Moderately Accurate",5
"sapa_personality","sapa_personality_1","q_1175","SAPA-Project 696-item temperament item set (IPIP-based scales and the EPQ-R)",NA,NA,"Just know that I will be a success.",NA,"Very Accurate",6
"sapa_personality","sapa_personality_1","q_1180","SAPA-Project 696-item temperament item set (IPIP-based scales and the EPQ-R)",NA,NA,"Keep in the background.",NA,"Very Inaccurate",1
"sapa_personality","sapa_personality_1","q_1180","SAPA-Project 696-item temperament item set (IPIP-based scales and the EPQ-R)",NA,NA,"Keep in the background.",NA,"Moderately Inaccurate",2
"sapa_personality","sapa_personality_1","q_1180","SAPA-Project 696-item temperament item set (IPIP-based scales and the EPQ-R)",NA,NA,"Keep in the background.",NA,"Slightly Inaccurate",3
"sapa_personality","sapa_personality_1","q_1180","SAPA-Project 696-item temperament item set (IPIP-based scales and the EPQ-R)",NA,NA,"Keep in the background.",NA,"Slightly Accurate",4
"sapa_personality","sapa_personality_1","q_1180","SAPA-Project 696-item temperament item set (IPIP-based scales and the EPQ-R)",NA,NA,"Keep in the background.",NA,"Moderately Accurate",5
"sapa_personality","sapa_personality_1","q_1180","SAPA-Project 696-item temperament item set (IPIP-based scales and the EPQ-R)",NA,NA,"Keep in the background.",NA,"Very Accurate",6
"sapa_personality","sapa_personality_1","q_1184","SAPA-Project 696-item temperament item set (IPIP-based scales and the EPQ-R)",NA,NA,"Keep my cool.",NA,"Very Inaccurate",1
"sapa_personality","sapa_personality_1","q_1184","SAPA-Project 696-item temperament item set (IPIP-based scales and the EPQ-R)",NA,NA,"Keep my cool.",NA,"Moderately Inaccurate",2
"sapa_personality","sapa_personality_1","q_1184","SAPA-Project 696-item temperament item set (IPIP-based scales and the EPQ-R)",NA,NA,"Keep my cool.",NA,"Slightly Inaccurate",3
"sapa_personality","sapa_personality_1","q_1184","SAPA-Project 696-item temperament item set (IPIP-based scales and the EPQ-R)",NA,NA,"Keep my cool.",NA,"Slightly Accurate",4
"sapa_personality","sapa_personality_1","q_1184","SAPA-Project 696-item temperament item set (IPIP-based scales and the EPQ-R)",NA,NA,"Keep my cool.",NA,"Moderately Accurate",5
"sapa_personality","sapa_personality_1","q_1184","SAPA-Project 696-item temperament item set (IPIP-based scales and the EPQ-R)",NA,NA,"Keep my cool.",NA,"Very Accurate",6
"sapa_personality","sapa_personality_1","q_1185","SAPA-Project 696-item temperament item set (IPIP-based scales and the EPQ-R)",NA,NA,"Keep my emotions under control.",NA,"Very Inaccurate",1
"sapa_personality","sapa_personality_1","q_1185","SAPA-Project 696-item temperament item set (IPIP-based scales and the EPQ-R)",NA,NA,"Keep my emotions under control.",NA,"Moderately Inaccurate",2
"sapa_personality","sapa_personality_1","q_1185","SAPA-Project 696-item temperament item set (IPIP-based scales and the EPQ-R)",NA,NA,"Keep my emotions under control.",NA,"Slightly Inaccurate",3
"sapa_personality","sapa_personality_1","q_1185","SAPA-Project 696-item temperament item set (IPIP-based scales and the EPQ-R)",NA,NA,"Keep my emotions under control.",NA,"Slightly Accurate",4
"sapa_personality","sapa_personality_1","q_1185","SAPA-Project 696-item temperament item set (IPIP-based scales and the EPQ-R)",NA,NA,"Keep my emotions under control.",NA,"Moderately Accurate",5
"sapa_personality","sapa_personality_1","q_1185","SAPA-Project 696-item temperament item set (IPIP-based scales and the EPQ-R)",NA,NA,"Keep my emotions under control.",NA,"Very Accurate",6
"sapa_personality","sapa_personality_1","q_1190","SAPA-Project 696-item temperament item set (IPIP-based scales and the EPQ-R)",NA,NA,"Keep my promises.",NA,"Very Inaccurate",1
"sapa_personality","sapa_personality_1","q_1190","SAPA-Project 696-item temperament item set (IPIP-based scales and the EPQ-R)",NA,NA,"Keep my promises.",NA,"Moderately Inaccurate",2
"sapa_personality","sapa_personality_1","q_1190","SAPA-Project 696-item temperament item set (IPIP-based scales and the EPQ-R)",NA,NA,"Keep my promises.",NA,"Slightly Inaccurate",3
"sapa_personality","sapa_personality_1","q_1190","SAPA-Project 696-item temperament item set (IPIP-based scales and the EPQ-R)",NA,NA,"Keep my promises.",NA,"Slightly Accurate",4
"sapa_personality","sapa_personality_1","q_1190","SAPA-Project 696-item temperament item set (IPIP-based scales and the EPQ-R)",NA,NA,"Keep my promises.",NA,"Moderately Accurate",5
"sapa_personality","sapa_personality_1","q_1190","SAPA-Project 696-item temperament item set (IPIP-based scales and the EPQ-R)",NA,NA,"Keep my promises.",NA,"Very Accurate",6
"sapa_personality","sapa_personality_1","q_1196","SAPA-Project 696-item temperament item set (IPIP-based scales and the EPQ-R)",NA,NA,"Keep others at a distance.",NA,"Very Inaccurate",1
"sapa_personality","sapa_personality_1","q_1196","SAPA-Project 696-item temperament item set (IPIP-based scales and the EPQ-R)",NA,NA,"Keep others at a distance.",NA,"Moderately Inaccurate",2
"sapa_personality","sapa_personality_1","q_1196","SAPA-Project 696-item temperament item set (IPIP-based scales and the EPQ-R)",NA,NA,"Keep others at a distance.",NA,"Slightly Inaccurate",3
"sapa_personality","sapa_personality_1","q_1196","SAPA-Project 696-item temperament item set (IPIP-based scales and the EPQ-R)",NA,NA,"Keep others at a distance.",NA,"Slightly Accurate",4
"sapa_personality","sapa_personality_1","q_1196","SAPA-Project 696-item temperament item set (IPIP-based scales and the EPQ-R)",NA,NA,"Keep others at a distance.",NA,"Moderately Accurate",5
"sapa_personality","sapa_personality_1","q_1196","SAPA-Project 696-item temperament item set (IPIP-based scales and the EPQ-R)",NA,NA,"Keep others at a distance.",NA,"Very Accurate",6
"sapa_personality","sapa_personality_1","q_1201","SAPA-Project 696-item temperament item set (IPIP-based scales and the EPQ-R)",NA,NA,"Keep things tidy.",NA,"Very Inaccurate",1
"sapa_personality","sapa_personality_1","q_1201","SAPA-Project 696-item temperament item set (IPIP-based scales and the EPQ-R)",NA,NA,"Keep things tidy.",NA,"Moderately Inaccurate",2
"sapa_personality","sapa_personality_1","q_1201","SAPA-Project 696-item temperament item set (IPIP-based scales and the EPQ-R)",NA,NA,"Keep things tidy.",NA,"Slightly Inaccurate",3
"sapa_personality","sapa_personality_1","q_1201","SAPA-Project 696-item temperament item set (IPIP-based scales and the EPQ-R)",NA,NA,"Keep things tidy.",NA,"Slightly Accurate",4
"sapa_personality","sapa_personality_1","q_1201","SAPA-Project 696-item temperament item set (IPIP-based scales and the EPQ-R)",NA,NA,"Keep things tidy.",NA,"Moderately Accurate",5
"sapa_personality","sapa_personality_1","q_1201","SAPA-Project 696-item temperament item set (IPIP-based scales and the EPQ-R)",NA,NA,"Keep things tidy.",NA,"Very Accurate",6
"sapa_personality","sapa_personality_1","q_1205","SAPA-Project 696-item temperament item set (IPIP-based scales and the EPQ-R)",NA,NA,"Know how to captivate people.",NA,"Very Inaccurate",1
"sapa_personality","sapa_personality_1","q_1205","SAPA-Project 696-item temperament item set (IPIP-based scales and the EPQ-R)",NA,NA,"Know how to captivate people.",NA,"Moderately Inaccurate",2
"sapa_personality","sapa_personality_1","q_1205","SAPA-Project 696-item temperament item set (IPIP-based scales and the EPQ-R)",NA,NA,"Know how to captivate people.",NA,"Slightly Inaccurate",3
"sapa_personality","sapa_personality_1","q_1205","SAPA-Project 696-item temperament item set (IPIP-based scales and the EPQ-R)",NA,NA,"Know how to captivate people.",NA,"Slightly Accurate",4
"sapa_personality","sapa_personality_1","q_1205","SAPA-Project 696-item temperament item set (IPIP-based scales and the EPQ-R)",NA,NA,"Know how to captivate people.",NA,"Moderately Accurate",5
"sapa_personality","sapa_personality_1","q_1205","SAPA-Project 696-item temperament item set (IPIP-based scales and the EPQ-R)",NA,NA,"Know how to captivate people.",NA,"Very Accurate",6
"sapa_personality","sapa_personality_1","q_1206","SAPA-Project 696-item temperament item set (IPIP-based scales and the EPQ-R)",NA,NA,"Know how to comfort others.",NA,"Very Inaccurate",1
"sapa_personality","sapa_personality_1","q_1206","SAPA-Project 696-item temperament item set (IPIP-based scales and the EPQ-R)",NA,NA,"Know how to comfort others.",NA,"Moderately Inaccurate",2
"sapa_personality","sapa_personality_1","q_1206","SAPA-Project 696-item temperament item set (IPIP-based scales and the EPQ-R)",NA,NA,"Know how to comfort others.",NA,"Slightly Inaccurate",3
"sapa_personality","sapa_personality_1","q_1206","SAPA-Project 696-item temperament item set (IPIP-based scales and the EPQ-R)",NA,NA,"Know how to comfort others.",NA,"Slightly Accurate",4
"sapa_personality","sapa_personality_1","q_1206","SAPA-Project 696-item temperament item set (IPIP-based scales and the EPQ-R)",NA,NA,"Know how to comfort others.",NA,"Moderately Accurate",5
"sapa_personality","sapa_personality_1","q_1206","SAPA-Project 696-item temperament item set (IPIP-based scales and the EPQ-R)",NA,NA,"Know how to comfort others.",NA,"Very Accurate",6
"sapa_personality","sapa_personality_1","q_1209","SAPA-Project 696-item temperament item set (IPIP-based scales and the EPQ-R)",NA,NA,"Know how to cope.",NA,"Very Inaccurate",1
"sapa_personality","sapa_personality_1","q_1209","SAPA-Project 696-item temperament item set (IPIP-based scales and the EPQ-R)",NA,NA,"Know how to cope.",NA,"Moderately Inaccurate",2
"sapa_personality","sapa_personality_1","q_1209","SAPA-Project 696-item temperament item set (IPIP-based scales and the EPQ-R)",NA,NA,"Know how to cope.",NA,"Slightly Inaccurate",3
"sapa_personality","sapa_personality_1","q_1209","SAPA-Project 696-item temperament item set (IPIP-based scales and the EPQ-R)",NA,NA,"Know how to cope.",NA,"Slightly Accurate",4
"sapa_personality","sapa_personality_1","q_1209","SAPA-Project 696-item temperament item set (IPIP-based scales and the EPQ-R)",NA,NA,"Know how to cope.",NA,"Moderately Accurate",5
"sapa_personality","sapa_personality_1","q_1209","SAPA-Project 696-item temperament item set (IPIP-based scales and the EPQ-R)",NA,NA,"Know how to cope.",NA,"Very Accurate",6
"sapa_personality","sapa_personality_1","q_1214","SAPA-Project 696-item temperament item set (IPIP-based scales and the EPQ-R)",NA,NA,"Know how to get around the rules.",NA,"Very Inaccurate",1
"sapa_personality","sapa_personality_1","q_1214","SAPA-Project 696-item temperament item set (IPIP-based scales and the EPQ-R)",NA,NA,"Know how to get around the rules.",NA,"Moderately Inaccurate",2
"sapa_personality","sapa_personality_1","q_1214","SAPA-Project 696-item temperament item set (IPIP-based scales and the EPQ-R)",NA,NA,"Know how to get around the rules.",NA,"Slightly Inaccurate",3
"sapa_personality","sapa_personality_1","q_1214","SAPA-Project 696-item temperament item set (IPIP-based scales and the EPQ-R)",NA,NA,"Know how to get around the rules.",NA,"Slightly Accurate",4
"sapa_personality","sapa_personality_1","q_1214","SAPA-Project 696-item temperament item set (IPIP-based scales and the EPQ-R)",NA,NA,"Know how to get around the rules.",NA,"Moderately Accurate",5
"sapa_personality","sapa_personality_1","q_1214","SAPA-Project 696-item temperament item set (IPIP-based scales and the EPQ-R)",NA,NA,"Know how to get around the rules.",NA,"Very Accurate",6
"sapa_personality","sapa_personality_1","q_1215","SAPA-Project 696-item temperament item set (IPIP-based scales and the EPQ-R)",NA,NA,"Know how to get things done.",NA,"Very Inaccurate",1
"sapa_personality","sapa_personality_1","q_1215","SAPA-Project 696-item temperament item set (IPIP-based scales and the EPQ-R)",NA,NA,"Know how to get things done.",NA,"Moderately Inaccurate",2
"sapa_personality","sapa_personality_1","q_1215","SAPA-Project 696-item temperament item set (IPIP-based scales and the EPQ-R)",NA,NA,"Know how to get things done.",NA,"Slightly Inaccurate",3
"sapa_personality","sapa_personality_1","q_1215","SAPA-Project 696-item temperament item set (IPIP-based scales and the EPQ-R)",NA,NA,"Know how to get things done.",NA,"Slightly Accurate",4
"sapa_personality","sapa_personality_1","q_1215","SAPA-Project 696-item temperament item set (IPIP-based scales and the EPQ-R)",NA,NA,"Know how to get things done.",NA,"Moderately Accurate",5
"sapa_personality","sapa_personality_1","q_1215","SAPA-Project 696-item temperament item set (IPIP-based scales and the EPQ-R)",NA,NA,"Know how to get things done.",NA,"Very Accurate",6
"sapa_personality","sapa_personality_1","q_1218","SAPA-Project 696-item temperament item set (IPIP-based scales and the EPQ-R)",NA,NA,"Know immediately what to do.",NA,"Very Inaccurate",1
"sapa_personality","sapa_personality_1","q_1218","SAPA-Project 696-item temperament item set (IPIP-based scales and the EPQ-R)",NA,NA,"Know immediately what to do.",NA,"Moderately Inaccurate",2
"sapa_personality","sapa_personality_1","q_1218","SAPA-Project 696-item temperament item set (IPIP-based scales and the EPQ-R)",NA,NA,"Know immediately what to do.",NA,"Slightly Inaccurate",3
"sapa_personality","sapa_personality_1","q_1218","SAPA-Project 696-item temperament item set (IPIP-based scales and the EPQ-R)",NA,NA,"Know immediately what to do.",NA,"Slightly Accurate",4
"sapa_personality","sapa_personality_1","q_1218","SAPA-Project 696-item temperament item set (IPIP-based scales and the EPQ-R)",NA,NA,"Know immediately what to do.",NA,"Moderately Accurate",5
"sapa_personality","sapa_personality_1","q_1218","SAPA-Project 696-item temperament item set (IPIP-based scales and the EPQ-R)",NA,NA,"Know immediately what to do.",NA,"Very Accurate",6
"sapa_personality","sapa_personality_1","q_1223","SAPA-Project 696-item temperament item set (IPIP-based scales and the EPQ-R)",NA,NA,"Know that anyone who tries can get a job.",NA,"Very Inaccurate",1
"sapa_personality","sapa_personality_1","q_1223","SAPA-Project 696-item temperament item set (IPIP-based scales and the EPQ-R)",NA,NA,"Know that anyone who tries can get a job.",NA,"Moderately Inaccurate",2
"sapa_personality","sapa_personality_1","q_1223","SAPA-Project 696-item temperament item set (IPIP-based scales and the EPQ-R)",NA,NA,"Know that anyone who tries can get a job.",NA,"Slightly Inaccurate",3
"sapa_personality","sapa_personality_1","q_1223","SAPA-Project 696-item temperament item set (IPIP-based scales and the EPQ-R)",NA,NA,"Know that anyone who tries can get a job.",NA,"Slightly Accurate",4
"sapa_personality","sapa_personality_1","q_1223","SAPA-Project 696-item temperament item set (IPIP-based scales and the EPQ-R)",NA,NA,"Know that anyone who tries can get a job.",NA,"Moderately Accurate",5
"sapa_personality","sapa_personality_1","q_1223","SAPA-Project 696-item temperament item set (IPIP-based scales and the EPQ-R)",NA,NA,"Know that anyone who tries can get a job.",NA,"Very Accurate",6
"sapa_personality","sapa_personality_1","q_1232","SAPA-Project 696-item temperament item set (IPIP-based scales and the EPQ-R)",NA,NA,"Know that my ideas sometimes surprise people.",NA,"Very Inaccurate",1
"sapa_personality","sapa_personality_1","q_1232","SAPA-Project 696-item temperament item set (IPIP-based scales and the EPQ-R)",NA,NA,"Know that my ideas sometimes surprise people.",NA,"Moderately Inaccurate",2
"sapa_personality","sapa_personality_1","q_1232","SAPA-Project 696-item temperament item set (IPIP-based scales and the EPQ-R)",NA,NA,"Know that my ideas sometimes surprise people.",NA,"Slightly Inaccurate",3
"sapa_personality","sapa_personality_1","q_1232","SAPA-Project 696-item temperament item set (IPIP-based scales and the EPQ-R)",NA,NA,"Know that my ideas sometimes surprise people.",NA,"Slightly Accurate",4
"sapa_personality","sapa_personality_1","q_1232","SAPA-Project 696-item temperament item set (IPIP-based scales and the EPQ-R)",NA,NA,"Know that my ideas sometimes surprise people.",NA,"Moderately Accurate",5
"sapa_personality","sapa_personality_1","q_1232","SAPA-Project 696-item temperament item set (IPIP-based scales and the EPQ-R)",NA,NA,"Know that my ideas sometimes surprise people.",NA,"Very Accurate",6
"sapa_personality","sapa_personality_1","q_1235","SAPA-Project 696-item temperament item set (IPIP-based scales and the EPQ-R)",NA,NA,"Know the answers to many questions.",NA,"Very Inaccurate",1
"sapa_personality","sapa_personality_1","q_1235","SAPA-Project 696-item temperament item set (IPIP-based scales and the EPQ-R)",NA,NA,"Know the answers to many questions.",NA,"Moderately Inaccurate",2
"sapa_personality","sapa_personality_1","q_1235","SAPA-Project 696-item temperament item set (IPIP-based scales and the EPQ-R)",NA,NA,"Know the answers to many questions.",NA,"Slightly Inaccurate",3
"sapa_personality","sapa_personality_1","q_1235","SAPA-Project 696-item temperament item set (IPIP-based scales and the EPQ-R)",NA,NA,"Know the answers to many questions.",NA,"Slightly Accurate",4
"sapa_personality","sapa_personality_1","q_1235","SAPA-Project 696-item temperament item set (IPIP-based scales and the EPQ-R)",NA,NA,"Know the answers to many questions.",NA,"Moderately Accurate",5
"sapa_personality","sapa_personality_1","q_1235","SAPA-Project 696-item temperament item set (IPIP-based scales and the EPQ-R)",NA,NA,"Know the answers to many questions.",NA,"Very Accurate",6
"sapa_personality","sapa_personality_1","q_1242","SAPA-Project 696-item temperament item set (IPIP-based scales and the EPQ-R)",NA,NA,"Lack the talent for influencing people.",NA,"Very Inaccurate",1
"sapa_personality","sapa_personality_1","q_1242","SAPA-Project 696-item temperament item set (IPIP-based scales and the EPQ-R)",NA,NA,"Lack the talent for influencing people.",NA,"Moderately Inaccurate",2
"sapa_personality","sapa_personality_1","q_1242","SAPA-Project 696-item temperament item set (IPIP-based scales and the EPQ-R)",NA,NA,"Lack the talent for influencing people.",NA,"Slightly Inaccurate",3
"sapa_personality","sapa_personality_1","q_1242","SAPA-Project 696-item temperament item set (IPIP-based scales and the EPQ-R)",NA,NA,"Lack the talent for influencing people.",NA,"Slightly Accurate",4
"sapa_personality","sapa_personality_1","q_1242","SAPA-Project 696-item temperament item set (IPIP-based scales and the EPQ-R)",NA,NA,"Lack the talent for influencing people.",NA,"Moderately Accurate",5
"sapa_personality","sapa_personality_1","q_1242","SAPA-Project 696-item temperament item set (IPIP-based scales and the EPQ-R)",NA,NA,"Lack the talent for influencing people.",NA,"Very Accurate",6
"sapa_personality","sapa_personality_1","q_1243","SAPA-Project 696-item temperament item set (IPIP-based scales and the EPQ-R)",NA,NA,"Laugh a lot.",NA,"Very Inaccurate",1
"sapa_personality","sapa_personality_1","q_1243","SAPA-Project 696-item temperament item set (IPIP-based scales and the EPQ-R)",NA,NA,"Laugh a lot.",NA,"Moderately Inaccurate",2
"sapa_personality","sapa_personality_1","q_1243","SAPA-Project 696-item temperament item set (IPIP-based scales and the EPQ-R)",NA,NA,"Laugh a lot.",NA,"Slightly Inaccurate",3
"sapa_personality","sapa_personality_1","q_1243","SAPA-Project 696-item temperament item set (IPIP-based scales and the EPQ-R)",NA,NA,"Laugh a lot.",NA,"Slightly Accurate",4
"sapa_personality","sapa_personality_1","q_1243","SAPA-Project 696-item temperament item set (IPIP-based scales and the EPQ-R)",NA,NA,"Laugh a lot.",NA,"Moderately Accurate",5
"sapa_personality","sapa_personality_1","q_1243","SAPA-Project 696-item temperament item set (IPIP-based scales and the EPQ-R)",NA,NA,"Laugh a lot.",NA,"Very Accurate",6
"sapa_personality","sapa_personality_1","q_1244","SAPA-Project 696-item temperament item set (IPIP-based scales and the EPQ-R)",NA,NA,"Laugh aloud.",NA,"Very Inaccurate",1
"sapa_personality","sapa_personality_1","q_1244","SAPA-Project 696-item temperament item set (IPIP-based scales and the EPQ-R)",NA,NA,"Laugh aloud.",NA,"Moderately Inaccurate",2
"sapa_personality","sapa_personality_1","q_1244","SAPA-Project 696-item temperament item set (IPIP-based scales and the EPQ-R)",NA,NA,"Laugh aloud.",NA,"Slightly Inaccurate",3
"sapa_personality","sapa_personality_1","q_1244","SAPA-Project 696-item temperament item set (IPIP-based scales and the EPQ-R)",NA,NA,"Laugh aloud.",NA,"Slightly Accurate",4
"sapa_personality","sapa_personality_1","q_1244","SAPA-Project 696-item temperament item set (IPIP-based scales and the EPQ-R)",NA,NA,"Laugh aloud.",NA,"Moderately Accurate",5
"sapa_personality","sapa_personality_1","q_1244","SAPA-Project 696-item temperament item set (IPIP-based scales and the EPQ-R)",NA,NA,"Laugh aloud.",NA,"Very Accurate",6
"sapa_personality","sapa_personality_1","q_1248","SAPA-Project 696-item temperament item set (IPIP-based scales and the EPQ-R)",NA,NA,"Laugh my way through life.",NA,"Very Inaccurate",1
"sapa_personality","sapa_personality_1","q_1248","SAPA-Project 696-item temperament item set (IPIP-based scales and the EPQ-R)",NA,NA,"Laugh my way through life.",NA,"Moderately Inaccurate",2
"sapa_personality","sapa_personality_1","q_1248","SAPA-Project 696-item temperament item set (IPIP-based scales and the EPQ-R)",NA,NA,"Laugh my way through life.",NA,"Slightly Inaccurate",3
"sapa_personality","sapa_personality_1","q_1248","SAPA-Project 696-item temperament item set (IPIP-based scales and the EPQ-R)",NA,NA,"Laugh my way through life.",NA,"Slightly Accurate",4
"sapa_personality","sapa_personality_1","q_1248","SAPA-Project 696-item temperament item set (IPIP-based scales and the EPQ-R)",NA,NA,"Laugh my way through life.",NA,"Moderately Accurate",5
"sapa_personality","sapa_personality_1","q_1248","SAPA-Project 696-item temperament item set (IPIP-based scales and the EPQ-R)",NA,NA,"Laugh my way through life.",NA,"Very Accurate",6
"sapa_personality","sapa_personality_1","q_1253","SAPA-Project 696-item temperament item set (IPIP-based scales and the EPQ-R)",NA,NA,"Learn things slowly.",NA,"Very Inaccurate",1
"sapa_personality","sapa_personality_1","q_1253","SAPA-Project 696-item temperament item set (IPIP-based scales and the EPQ-R)",NA,NA,"Learn things slowly.",NA,"Moderately Inaccurate",2
"sapa_personality","sapa_personality_1","q_1253","SAPA-Project 696-item temperament item set (IPIP-based scales and the EPQ-R)",NA,NA,"Learn things slowly.",NA,"Slightly Inaccurate",3
"sapa_personality","sapa_personality_1","q_1253","SAPA-Project 696-item temperament item set (IPIP-based scales and the EPQ-R)",NA,NA,"Learn things slowly.",NA,"Slightly Accurate",4
"sapa_personality","sapa_personality_1","q_1253","SAPA-Project 696-item temperament item set (IPIP-based scales and the EPQ-R)",NA,NA,"Learn things slowly.",NA,"Moderately Accurate",5
"sapa_personality","sapa_personality_1","q_1253","SAPA-Project 696-item temperament item set (IPIP-based scales and the EPQ-R)",NA,NA,"Learn things slowly.",NA,"Very Accurate",6
"sapa_personality","sapa_personality_1","q_1254","SAPA-Project 696-item temperament item set (IPIP-based scales and the EPQ-R)",NA,NA,"Leave a mess in my room.",NA,"Very Inaccurate",1
"sapa_personality","sapa_personality_1","q_1254","SAPA-Project 696-item temperament item set (IPIP-based scales and the EPQ-R)",NA,NA,"Leave a mess in my room.",NA,"Moderately Inaccurate",2
"sapa_personality","sapa_personality_1","q_1254","SAPA-Project 696-item temperament item set (IPIP-based scales and the EPQ-R)",NA,NA,"Leave a mess in my room.",NA,"Slightly Inaccurate",3
"sapa_personality","sapa_personality_1","q_1254","SAPA-Project 696-item temperament item set (IPIP-based scales and the EPQ-R)",NA,NA,"Leave a mess in my room.",NA,"Slightly Accurate",4
"sapa_personality","sapa_personality_1","q_1254","SAPA-Project 696-item temperament item set (IPIP-based scales and the EPQ-R)",NA,NA,"Leave a mess in my room.",NA,"Moderately Accurate",5
"sapa_personality","sapa_personality_1","q_1254","SAPA-Project 696-item temperament item set (IPIP-based scales and the EPQ-R)",NA,NA,"Leave a mess in my room.",NA,"Very Accurate",6
"sapa_personality","sapa_personality_1","q_1255","SAPA-Project 696-item temperament item set (IPIP-based scales and the EPQ-R)",NA,NA,"Leave my belongings around.",NA,"Very Inaccurate",1
"sapa_personality","sapa_personality_1","q_1255","SAPA-Project 696-item temperament item set (IPIP-based scales and the EPQ-R)",NA,NA,"Leave my belongings around.",NA,"Moderately Inaccurate",2
"sapa_personality","sapa_personality_1","q_1255","SAPA-Project 696-item temperament item set (IPIP-based scales and the EPQ-R)",NA,NA,"Leave my belongings around.",NA,"Slightly Inaccurate",3
"sapa_personality","sapa_personality_1","q_1255","SAPA-Project 696-item temperament item set (IPIP-based scales and the EPQ-R)",NA,NA,"Leave my belongings around.",NA,"Slightly Accurate",4
"sapa_personality","sapa_personality_1","q_1255","SAPA-Project 696-item temperament item set (IPIP-based scales and the EPQ-R)",NA,NA,"Leave my belongings around.",NA,"Moderately Accurate",5
"sapa_personality","sapa_personality_1","q_1255","SAPA-Project 696-item temperament item set (IPIP-based scales and the EPQ-R)",NA,NA,"Leave my belongings around.",NA,"Very Accurate",6
"sapa_personality","sapa_personality_1","q_1260","SAPA-Project 696-item temperament item set (IPIP-based scales and the EPQ-R)",NA,NA,"Let myself be influenced by others.",NA,"Very Inaccurate",1
"sapa_personality","sapa_personality_1","q_1260","SAPA-Project 696-item temperament item set (IPIP-based scales and the EPQ-R)",NA,NA,"Let myself be influenced by others.",NA,"Moderately Inaccurate",2
"sapa_personality","sapa_personality_1","q_1260","SAPA-Project 696-item temperament item set (IPIP-based scales and the EPQ-R)",NA,NA,"Let myself be influenced by others.",NA,"Slightly Inaccurate",3
"sapa_personality","sapa_personality_1","q_1260","SAPA-Project 696-item temperament item set (IPIP-based scales and the EPQ-R)",NA,NA,"Let myself be influenced by others.",NA,"Slightly Accurate",4
"sapa_personality","sapa_personality_1","q_1260","SAPA-Project 696-item temperament item set (IPIP-based scales and the EPQ-R)",NA,NA,"Let myself be influenced by others.",NA,"Moderately Accurate",5
"sapa_personality","sapa_personality_1","q_1260","SAPA-Project 696-item temperament item set (IPIP-based scales and the EPQ-R)",NA,NA,"Let myself be influenced by others.",NA,"Very Accurate",6
"sapa_personality","sapa_personality_1","q_1276","SAPA-Project 696-item temperament item set (IPIP-based scales and the EPQ-R)",NA,NA,"Let people push me around to help them feel important.",NA,"Very Inaccurate",1
"sapa_personality","sapa_personality_1","q_1276","SAPA-Project 696-item temperament item set (IPIP-based scales and the EPQ-R)",NA,NA,"Let people push me around to help them feel important.",NA,"Moderately Inaccurate",2
"sapa_personality","sapa_personality_1","q_1276","SAPA-Project 696-item temperament item set (IPIP-based scales and the EPQ-R)",NA,NA,"Let people push me around to help them feel important.",NA,"Slightly Inaccurate",3
"sapa_personality","sapa_personality_1","q_1276","SAPA-Project 696-item temperament item set (IPIP-based scales and the EPQ-R)",NA,NA,"Let people push me around to help them feel important.",NA,"Slightly Accurate",4
"sapa_personality","sapa_personality_1","q_1276","SAPA-Project 696-item temperament item set (IPIP-based scales and the EPQ-R)",NA,NA,"Let people push me around to help them feel important.",NA,"Moderately Accurate",5
"sapa_personality","sapa_personality_1","q_1276","SAPA-Project 696-item temperament item set (IPIP-based scales and the EPQ-R)",NA,NA,"Let people push me around to help them feel important.",NA,"Very Accurate",6
"sapa_personality","sapa_personality_1","q_1280","SAPA-Project 696-item temperament item set (IPIP-based scales and the EPQ-R)",NA,NA,"Let things proceed at their own pace.",NA,"Very Inaccurate",1
"sapa_personality","sapa_personality_1","q_1280","SAPA-Project 696-item temperament item set (IPIP-based scales and the EPQ-R)",NA,NA,"Let things proceed at their own pace.",NA,"Moderately Inaccurate",2
"sapa_personality","sapa_personality_1","q_1280","SAPA-Project 696-item temperament item set (IPIP-based scales and the EPQ-R)",NA,NA,"Let things proceed at their own pace.",NA,"Slightly Inaccurate",3
"sapa_personality","sapa_personality_1","q_1280","SAPA-Project 696-item temperament item set (IPIP-based scales and the EPQ-R)",NA,NA,"Let things proceed at their own pace.",NA,"Slightly Accurate",4
"sapa_personality","sapa_personality_1","q_1280","SAPA-Project 696-item temperament item set (IPIP-based scales and the EPQ-R)",NA,NA,"Let things proceed at their own pace.",NA,"Moderately Accurate",5
"sapa_personality","sapa_personality_1","q_1280","SAPA-Project 696-item temperament item set (IPIP-based scales and the EPQ-R)",NA,NA,"Let things proceed at their own pace.",NA,"Very Accurate",6
"sapa_personality","sapa_personality_1","q_1281","SAPA-Project 696-item temperament item set (IPIP-based scales and the EPQ-R)",NA,NA,"Like a leisurely lifestyle.",NA,"Very Inaccurate",1
"sapa_personality","sapa_personality_1","q_1281","SAPA-Project 696-item temperament item set (IPIP-based scales and the EPQ-R)",NA,NA,"Like a leisurely lifestyle.",NA,"Moderately Inaccurate",2
"sapa_personality","sapa_personality_1","q_1281","SAPA-Project 696-item temperament item set (IPIP-based scales and the EPQ-R)",NA,NA,"Like a leisurely lifestyle.",NA,"Slightly Inaccurate",3
"sapa_personality","sapa_personality_1","q_1281","SAPA-Project 696-item temperament item set (IPIP-based scales and the EPQ-R)",NA,NA,"Like a leisurely lifestyle.",NA,"Slightly Accurate",4
"sapa_personality","sapa_personality_1","q_1281","SAPA-Project 696-item temperament item set (IPIP-based scales and the EPQ-R)",NA,NA,"Like a leisurely lifestyle.",NA,"Moderately Accurate",5
"sapa_personality","sapa_personality_1","q_1281","SAPA-Project 696-item temperament item set (IPIP-based scales and the EPQ-R)",NA,NA,"Like a leisurely lifestyle.",NA,"Very Accurate",6
"sapa_personality","sapa_personality_1","q_1289","SAPA-Project 696-item temperament item set (IPIP-based scales and the EPQ-R)",NA,NA,"Like music.",NA,"Very Inaccurate",1
"sapa_personality","sapa_personality_1","q_1289","SAPA-Project 696-item temperament item set (IPIP-based scales and the EPQ-R)",NA,NA,"Like music.",NA,"Moderately Inaccurate",2
"sapa_personality","sapa_personality_1","q_1289","SAPA-Project 696-item temperament item set (IPIP-based scales and the EPQ-R)",NA,NA,"Like music.",NA,"Slightly Inaccurate",3
"sapa_personality","sapa_personality_1","q_1289","SAPA-Project 696-item temperament item set (IPIP-based scales and the EPQ-R)",NA,NA,"Like music.",NA,"Slightly Accurate",4
"sapa_personality","sapa_personality_1","q_1289","SAPA-Project 696-item temperament item set (IPIP-based scales and the EPQ-R)",NA,NA,"Like music.",NA,"Moderately Accurate",5
"sapa_personality","sapa_personality_1","q_1289","SAPA-Project 696-item temperament item set (IPIP-based scales and the EPQ-R)",NA,NA,"Like music.",NA,"Very Accurate",6
"sapa_personality","sapa_personality_1","q_1290","SAPA-Project 696-item temperament item set (IPIP-based scales and the EPQ-R)",NA,NA,"Like order.",NA,"Very Inaccurate",1
"sapa_personality","sapa_personality_1","q_1290","SAPA-Project 696-item temperament item set (IPIP-based scales and the EPQ-R)",NA,NA,"Like order.",NA,"Moderately Inaccurate",2
"sapa_personality","sapa_personality_1","q_1290","SAPA-Project 696-item temperament item set (IPIP-based scales and the EPQ-R)",NA,NA,"Like order.",NA,"Slightly Inaccurate",3
"sapa_personality","sapa_personality_1","q_1290","SAPA-Project 696-item temperament item set (IPIP-based scales and the EPQ-R)",NA,NA,"Like order.",NA,"Slightly Accurate",4
"sapa_personality","sapa_personality_1","q_1290","SAPA-Project 696-item temperament item set (IPIP-based scales and the EPQ-R)",NA,NA,"Like order.",NA,"Moderately Accurate",5
"sapa_personality","sapa_personality_1","q_1290","SAPA-Project 696-item temperament item set (IPIP-based scales and the EPQ-R)",NA,NA,"Like order.",NA,"Very Accurate",6
"sapa_personality","sapa_personality_1","q_1292","SAPA-Project 696-item temperament item set (IPIP-based scales and the EPQ-R)",NA,NA,"Like to act on a whim.",NA,"Very Inaccurate",1
"sapa_personality","sapa_personality_1","q_1292","SAPA-Project 696-item temperament item set (IPIP-based scales and the EPQ-R)",NA,NA,"Like to act on a whim.",NA,"Moderately Inaccurate",2
"sapa_personality","sapa_personality_1","q_1292","SAPA-Project 696-item temperament item set (IPIP-based scales and the EPQ-R)",NA,NA,"Like to act on a whim.",NA,"Slightly Inaccurate",3
"sapa_personality","sapa_personality_1","q_1292","SAPA-Project 696-item temperament item set (IPIP-based scales and the EPQ-R)",NA,NA,"Like to act on a whim.",NA,"Slightly Accurate",4
"sapa_personality","sapa_personality_1","q_1292","SAPA-Project 696-item temperament item set (IPIP-based scales and the EPQ-R)",NA,NA,"Like to act on a whim.",NA,"Moderately Accurate",5
"sapa_personality","sapa_personality_1","q_1292","SAPA-Project 696-item temperament item set (IPIP-based scales and the EPQ-R)",NA,NA,"Like to act on a whim.",NA,"Very Accurate",6
"sapa_personality","sapa_personality_1","q_1296","SAPA-Project 696-item temperament item set (IPIP-based scales and the EPQ-R)",NA,NA,"Like to attract attention.",NA,"Very Inaccurate",1
"sapa_personality","sapa_personality_1","q_1296","SAPA-Project 696-item temperament item set (IPIP-based scales and the EPQ-R)",NA,NA,"Like to attract attention.",NA,"Moderately Inaccurate",2
"sapa_personality","sapa_personality_1","q_1296","SAPA-Project 696-item temperament item set (IPIP-based scales and the EPQ-R)",NA,NA,"Like to attract attention.",NA,"Slightly Inaccurate",3
"sapa_personality","sapa_personality_1","q_1296","SAPA-Project 696-item temperament item set (IPIP-based scales and the EPQ-R)",NA,NA,"Like to attract attention.",NA,"Slightly Accurate",4
"sapa_personality","sapa_personality_1","q_1296","SAPA-Project 696-item temperament item set (IPIP-based scales and the EPQ-R)",NA,NA,"Like to attract attention.",NA,"Moderately Accurate",5
"sapa_personality","sapa_personality_1","q_1296","SAPA-Project 696-item temperament item set (IPIP-based scales and the EPQ-R)",NA,NA,"Like to attract attention.",NA,"Very Accurate",6
"sapa_personality","sapa_personality_1","q_1300","SAPA-Project 696-item temperament item set (IPIP-based scales and the EPQ-R)",NA,NA,"Like to be thought of as a normal kind of person.",NA,"Very Inaccurate",1
"sapa_personality","sapa_personality_1","q_1300","SAPA-Project 696-item temperament item set (IPIP-based scales and the EPQ-R)",NA,NA,"Like to be thought of as a normal kind of person.",NA,"Moderately Inaccurate",2
"sapa_personality","sapa_personality_1","q_1300","SAPA-Project 696-item temperament item set (IPIP-based scales and the EPQ-R)",NA,NA,"Like to be thought of as a normal kind of person.",NA,"Slightly Inaccurate",3
"sapa_personality","sapa_personality_1","q_1300","SAPA-Project 696-item temperament item set (IPIP-based scales and the EPQ-R)",NA,NA,"Like to be thought of as a normal kind of person.",NA,"Slightly Accurate",4
"sapa_personality","sapa_personality_1","q_1300","SAPA-Project 696-item temperament item set (IPIP-based scales and the EPQ-R)",NA,NA,"Like to be thought of as a normal kind of person.",NA,"Moderately Accurate",5
"sapa_personality","sapa_personality_1","q_1300","SAPA-Project 696-item temperament item set (IPIP-based scales and the EPQ-R)",NA,NA,"Like to be thought of as a normal kind of person.",NA,"Very Accurate",6
"sapa_personality","sapa_personality_1","q_1301","SAPA-Project 696-item temperament item set (IPIP-based scales and the EPQ-R)",NA,NA,"Like to be viewed as proper and conventional.",NA,"Very Inaccurate",1
"sapa_personality","sapa_personality_1","q_1301","SAPA-Project 696-item temperament item set (IPIP-based scales and the EPQ-R)",NA,NA,"Like to be viewed as proper and conventional.",NA,"Moderately Inaccurate",2
"sapa_personality","sapa_personality_1","q_1301","SAPA-Project 696-item temperament item set (IPIP-based scales and the EPQ-R)",NA,NA,"Like to be viewed as proper and conventional.",NA,"Slightly Inaccurate",3
"sapa_personality","sapa_personality_1","q_1301","SAPA-Project 696-item temperament item set (IPIP-based scales and the EPQ-R)",NA,NA,"Like to be viewed as proper and conventional.",NA,"Slightly Accurate",4
"sapa_personality","sapa_personality_1","q_1301","SAPA-Project 696-item temperament item set (IPIP-based scales and the EPQ-R)",NA,NA,"Like to be viewed as proper and conventional.",NA,"Moderately Accurate",5
"sapa_personality","sapa_personality_1","q_1301","SAPA-Project 696-item temperament item set (IPIP-based scales and the EPQ-R)",NA,NA,"Like to be viewed as proper and conventional.",NA,"Very Accurate",6
"sapa_personality","sapa_personality_1","q_1303","SAPA-Project 696-item temperament item set (IPIP-based scales and the EPQ-R)",NA,NA,"Like to begin new things.",NA,"Very Inaccurate",1
"sapa_personality","sapa_personality_1","q_1303","SAPA-Project 696-item temperament item set (IPIP-based scales and the EPQ-R)",NA,NA,"Like to begin new things.",NA,"Moderately Inaccurate",2
"sapa_personality","sapa_personality_1","q_1303","SAPA-Project 696-item temperament item set (IPIP-based scales and the EPQ-R)",NA,NA,"Like to begin new things.",NA,"Slightly Inaccurate",3
"sapa_personality","sapa_personality_1","q_1303","SAPA-Project 696-item temperament item set (IPIP-based scales and the EPQ-R)",NA,NA,"Like to begin new things.",NA,"Slightly Accurate",4
"sapa_personality","sapa_personality_1","q_1303","SAPA-Project 696-item temperament item set (IPIP-based scales and the EPQ-R)",NA,NA,"Like to begin new things.",NA,"Moderately Accurate",5
"sapa_personality","sapa_personality_1","q_1303","SAPA-Project 696-item temperament item set (IPIP-based scales and the EPQ-R)",NA,NA,"Like to begin new things.",NA,"Very Accurate",6
"sapa_personality","sapa_personality_1","q_1306","SAPA-Project 696-item temperament item set (IPIP-based scales and the EPQ-R)",NA,NA,"Like to do frightening things.",NA,"Very Inaccurate",1
"sapa_personality","sapa_personality_1","q_1306","SAPA-Project 696-item temperament item set (IPIP-based scales and the EPQ-R)",NA,NA,"Like to do frightening things.",NA,"Moderately Inaccurate",2
"sapa_personality","sapa_personality_1","q_1306","SAPA-Project 696-item temperament item set (IPIP-based scales and the EPQ-R)",NA,NA,"Like to do frightening things.",NA,"Slightly Inaccurate",3
"sapa_personality","sapa_personality_1","q_1306","SAPA-Project 696-item temperament item set (IPIP-based scales and the EPQ-R)",NA,NA,"Like to do frightening things.",NA,"Slightly Accurate",4
"sapa_personality","sapa_personality_1","q_1306","SAPA-Project 696-item temperament item set (IPIP-based scales and the EPQ-R)",NA,NA,"Like to do frightening things.",NA,"Moderately Accurate",5
"sapa_personality","sapa_personality_1","q_1306","SAPA-Project 696-item temperament item set (IPIP-based scales and the EPQ-R)",NA,NA,"Like to do frightening things.",NA,"Very Accurate",6
"sapa_personality","sapa_personality_1","q_1307","SAPA-Project 696-item temperament item set (IPIP-based scales and the EPQ-R)",NA,NA,"Like to do things for others.",NA,"Very Inaccurate",1
"sapa_personality","sapa_personality_1","q_1307","SAPA-Project 696-item temperament item set (IPIP-based scales and the EPQ-R)",NA,NA,"Like to do things for others.",NA,"Moderately Inaccurate",2
"sapa_personality","sapa_personality_1","q_1307","SAPA-Project 696-item temperament item set (IPIP-based scales and the EPQ-R)",NA,NA,"Like to do things for others.",NA,"Slightly Inaccurate",3
"sapa_personality","sapa_personality_1","q_1307","SAPA-Project 696-item temperament item set (IPIP-based scales and the EPQ-R)",NA,NA,"Like to do things for others.",NA,"Slightly Accurate",4
"sapa_personality","sapa_personality_1","q_1307","SAPA-Project 696-item temperament item set (IPIP-based scales and the EPQ-R)",NA,NA,"Like to do things for others.",NA,"Moderately Accurate",5
"sapa_personality","sapa_personality_1","q_1307","SAPA-Project 696-item temperament item set (IPIP-based scales and the EPQ-R)",NA,NA,"Like to do things for others.",NA,"Very Accurate",6
"sapa_personality","sapa_personality_1","q_1310","SAPA-Project 696-item temperament item set (IPIP-based scales and the EPQ-R)",NA,NA,"Like to get lost in thought.",NA,"Very Inaccurate",1
"sapa_personality","sapa_personality_1","q_1310","SAPA-Project 696-item temperament item set (IPIP-based scales and the EPQ-R)",NA,NA,"Like to get lost in thought.",NA,"Moderately Inaccurate",2
"sapa_personality","sapa_personality_1","q_1310","SAPA-Project 696-item temperament item set (IPIP-based scales and the EPQ-R)",NA,NA,"Like to get lost in thought.",NA,"Slightly Inaccurate",3
"sapa_personality","sapa_personality_1","q_1310","SAPA-Project 696-item temperament item set (IPIP-based scales and the EPQ-R)",NA,NA,"Like to get lost in thought.",NA,"Slightly Accurate",4
"sapa_personality","sapa_personality_1","q_1310","SAPA-Project 696-item temperament item set (IPIP-based scales and the EPQ-R)",NA,NA,"Like to get lost in thought.",NA,"Moderately Accurate",5
"sapa_personality","sapa_personality_1","q_1310","SAPA-Project 696-item temperament item set (IPIP-based scales and the EPQ-R)",NA,NA,"Like to get lost in thought.",NA,"Very Accurate",6
"sapa_personality","sapa_personality_1","q_1321","SAPA-Project 696-item temperament item set (IPIP-based scales and the EPQ-R)",NA,NA,"Like to plan ahead.",NA,"Very Inaccurate",1
"sapa_personality","sapa_personality_1","q_1321","SAPA-Project 696-item temperament item set (IPIP-based scales and the EPQ-R)",NA,NA,"Like to plan ahead.",NA,"Moderately Inaccurate",2
"sapa_personality","sapa_personality_1","q_1321","SAPA-Project 696-item temperament item set (IPIP-based scales and the EPQ-R)",NA,NA,"Like to plan ahead.",NA,"Slightly Inaccurate",3
"sapa_personality","sapa_personality_1","q_1321","SAPA-Project 696-item temperament item set (IPIP-based scales and the EPQ-R)",NA,NA,"Like to plan ahead.",NA,"Slightly Accurate",4
"sapa_personality","sapa_personality_1","q_1321","SAPA-Project 696-item temperament item set (IPIP-based scales and the EPQ-R)",NA,NA,"Like to plan ahead.",NA,"Moderately Accurate",5
"sapa_personality","sapa_personality_1","q_1321","SAPA-Project 696-item temperament item set (IPIP-based scales and the EPQ-R)",NA,NA,"Like to plan ahead.",NA,"Very Accurate",6
"sapa_personality","sapa_personality_1","q_1327","SAPA-Project 696-item temperament item set (IPIP-based scales and the EPQ-R)",NA,NA,"Like to solve complex problems.",NA,"Very Inaccurate",1
"sapa_personality","sapa_personality_1","q_1327","SAPA-Project 696-item temperament item set (IPIP-based scales and the EPQ-R)",NA,NA,"Like to solve complex problems.",NA,"Moderately Inaccurate",2
"sapa_personality","sapa_personality_1","q_1327","SAPA-Project 696-item temperament item set (IPIP-based scales and the EPQ-R)",NA,NA,"Like to solve complex problems.",NA,"Slightly Inaccurate",3
"sapa_personality","sapa_personality_1","q_1327","SAPA-Project 696-item temperament item set (IPIP-based scales and the EPQ-R)",NA,NA,"Like to solve complex problems.",NA,"Slightly Accurate",4
"sapa_personality","sapa_personality_1","q_1327","SAPA-Project 696-item temperament item set (IPIP-based scales and the EPQ-R)",NA,NA,"Like to solve complex problems.",NA,"Moderately Accurate",5
"sapa_personality","sapa_personality_1","q_1327","SAPA-Project 696-item temperament item set (IPIP-based scales and the EPQ-R)",NA,NA,"Like to solve complex problems.",NA,"Very Accurate",6
"sapa_personality","sapa_personality_1","q_1328","SAPA-Project 696-item temperament item set (IPIP-based scales and the EPQ-R)",NA,NA,"Like to stand during the national anthem.",NA,"Very Inaccurate",1
"sapa_personality","sapa_personality_1","q_1328","SAPA-Project 696-item temperament item set (IPIP-based scales and the EPQ-R)",NA,NA,"Like to stand during the national anthem.",NA,"Moderately Inaccurate",2
"sapa_personality","sapa_personality_1","q_1328","SAPA-Project 696-item temperament item set (IPIP-based scales and the EPQ-R)",NA,NA,"Like to stand during the national anthem.",NA,"Slightly Inaccurate",3
"sapa_personality","sapa_personality_1","q_1328","SAPA-Project 696-item temperament item set (IPIP-based scales and the EPQ-R)",NA,NA,"Like to stand during the national anthem.",NA,"Slightly Accurate",4
"sapa_personality","sapa_personality_1","q_1328","SAPA-Project 696-item temperament item set (IPIP-based scales and the EPQ-R)",NA,NA,"Like to stand during the national anthem.",NA,"Moderately Accurate",5
"sapa_personality","sapa_personality_1","q_1328","SAPA-Project 696-item temperament item set (IPIP-based scales and the EPQ-R)",NA,NA,"Like to stand during the national anthem.",NA,"Very Accurate",6
"sapa_personality","sapa_personality_1","q_1329","SAPA-Project 696-item temperament item set (IPIP-based scales and the EPQ-R)",NA,NA,"Like to take it easy.",NA,"Very Inaccurate",1
"sapa_personality","sapa_personality_1","q_1329","SAPA-Project 696-item temperament item set (IPIP-based scales and the EPQ-R)",NA,NA,"Like to take it easy.",NA,"Moderately Inaccurate",2
"sapa_personality","sapa_personality_1","q_1329","SAPA-Project 696-item temperament item set (IPIP-based scales and the EPQ-R)",NA,NA,"Like to take it easy.",NA,"Slightly Inaccurate",3
"sapa_personality","sapa_personality_1","q_1329","SAPA-Project 696-item temperament item set (IPIP-based scales and the EPQ-R)",NA,NA,"Like to take it easy.",NA,"Slightly Accurate",4
"sapa_personality","sapa_personality_1","q_1329","SAPA-Project 696-item temperament item set (IPIP-based scales and the EPQ-R)",NA,NA,"Like to take it easy.",NA,"Moderately Accurate",5
"sapa_personality","sapa_personality_1","q_1329","SAPA-Project 696-item temperament item set (IPIP-based scales and the EPQ-R)",NA,NA,"Like to take it easy.",NA,"Very Accurate",6
"sapa_personality","sapa_personality_1","q_1330","SAPA-Project 696-item temperament item set (IPIP-based scales and the EPQ-R)",NA,NA,"Like to take my time.",NA,"Very Inaccurate",1
"sapa_personality","sapa_personality_1","q_1330","SAPA-Project 696-item temperament item set (IPIP-based scales and the EPQ-R)",NA,NA,"Like to take my time.",NA,"Moderately Inaccurate",2
"sapa_personality","sapa_personality_1","q_1330","SAPA-Project 696-item temperament item set (IPIP-based scales and the EPQ-R)",NA,NA,"Like to take my time.",NA,"Slightly Inaccurate",3
"sapa_personality","sapa_personality_1","q_1330","SAPA-Project 696-item temperament item set (IPIP-based scales and the EPQ-R)",NA,NA,"Like to take my time.",NA,"Slightly Accurate",4
"sapa_personality","sapa_personality_1","q_1330","SAPA-Project 696-item temperament item set (IPIP-based scales and the EPQ-R)",NA,NA,"Like to take my time.",NA,"Moderately Accurate",5
"sapa_personality","sapa_personality_1","q_1330","SAPA-Project 696-item temperament item set (IPIP-based scales and the EPQ-R)",NA,NA,"Like to take my time.",NA,"Very Accurate",6
"sapa_personality","sapa_personality_1","q_1333","SAPA-Project 696-item temperament item set (IPIP-based scales and the EPQ-R)",NA,NA,"Like to tidy up.",NA,"Very Inaccurate",1
"sapa_personality","sapa_personality_1","q_1333","SAPA-Project 696-item temperament item set (IPIP-based scales and the EPQ-R)",NA,NA,"Like to tidy up.",NA,"Moderately Inaccurate",2
"sapa_personality","sapa_personality_1","q_1333","SAPA-Project 696-item temperament item set (IPIP-based scales and the EPQ-R)",NA,NA,"Like to tidy up.",NA,"Slightly Inaccurate",3
"sapa_personality","sapa_personality_1","q_1333","SAPA-Project 696-item temperament item set (IPIP-based scales and the EPQ-R)",NA,NA,"Like to tidy up.",NA,"Slightly Accurate",4
"sapa_personality","sapa_personality_1","q_1333","SAPA-Project 696-item temperament item set (IPIP-based scales and the EPQ-R)",NA,NA,"Like to tidy up.",NA,"Moderately Accurate",5
"sapa_personality","sapa_personality_1","q_1333","SAPA-Project 696-item temperament item set (IPIP-based scales and the EPQ-R)",NA,NA,"Like to tidy up.",NA,"Very Accurate",6
"sapa_personality","sapa_personality_1","q_1334","SAPA-Project 696-item temperament item set (IPIP-based scales and the EPQ-R)",NA,NA,"Like to visit new places.",NA,"Very Inaccurate",1
"sapa_personality","sapa_personality_1","q_1334","SAPA-Project 696-item temperament item set (IPIP-based scales and the EPQ-R)",NA,NA,"Like to visit new places.",NA,"Moderately Inaccurate",2
"sapa_personality","sapa_personality_1","q_1334","SAPA-Project 696-item temperament item set (IPIP-based scales and the EPQ-R)",NA,NA,"Like to visit new places.",NA,"Slightly Inaccurate",3
"sapa_personality","sapa_personality_1","q_1334","SAPA-Project 696-item temperament item set (IPIP-based scales and the EPQ-R)",NA,NA,"Like to visit new places.",NA,"Slightly Accurate",4
"sapa_personality","sapa_personality_1","q_1334","SAPA-Project 696-item temperament item set (IPIP-based scales and the EPQ-R)",NA,NA,"Like to visit new places.",NA,"Moderately Accurate",5
"sapa_personality","sapa_personality_1","q_1334","SAPA-Project 696-item temperament item set (IPIP-based scales and the EPQ-R)",NA,NA,"Like to visit new places.",NA,"Very Accurate",6
"sapa_personality","sapa_personality_1","q_1341","SAPA-Project 696-item temperament item set (IPIP-based scales and the EPQ-R)",NA,NA,"Listen to my conscience.",NA,"Very Inaccurate",1
"sapa_personality","sapa_personality_1","q_1341","SAPA-Project 696-item temperament item set (IPIP-based scales and the EPQ-R)",NA,NA,"Listen to my conscience.",NA,"Moderately Inaccurate",2
"sapa_personality","sapa_personality_1","q_1341","SAPA-Project 696-item temperament item set (IPIP-based scales and the EPQ-R)",NA,NA,"Listen to my conscience.",NA,"Slightly Inaccurate",3
"sapa_personality","sapa_personality_1","q_1341","SAPA-Project 696-item temperament item set (IPIP-based scales and the EPQ-R)",NA,NA,"Listen to my conscience.",NA,"Slightly Accurate",4
"sapa_personality","sapa_personality_1","q_1341","SAPA-Project 696-item temperament item set (IPIP-based scales and the EPQ-R)",NA,NA,"Listen to my conscience.",NA,"Moderately Accurate",5
"sapa_personality","sapa_personality_1","q_1341","SAPA-Project 696-item temperament item set (IPIP-based scales and the EPQ-R)",NA,NA,"Listen to my conscience.",NA,"Very Accurate",6
"sapa_personality","sapa_personality_1","q_1350","SAPA-Project 696-item temperament item set (IPIP-based scales and the EPQ-R)",NA,NA,"Look at the bright side of life.",NA,"Very Inaccurate",1
"sapa_personality","sapa_personality_1","q_1350","SAPA-Project 696-item temperament item set (IPIP-based scales and the EPQ-R)",NA,NA,"Look at the bright side of life.",NA,"Moderately Inaccurate",2
"sapa_personality","sapa_personality_1","q_1350","SAPA-Project 696-item temperament item set (IPIP-based scales and the EPQ-R)",NA,NA,"Look at the bright side of life.",NA,"Slightly Inaccurate",3
"sapa_personality","sapa_personality_1","q_1350","SAPA-Project 696-item temperament item set (IPIP-based scales and the EPQ-R)",NA,NA,"Look at the bright side of life.",NA,"Slightly Accurate",4
"sapa_personality","sapa_personality_1","q_1350","SAPA-Project 696-item temperament item set (IPIP-based scales and the EPQ-R)",NA,NA,"Look at the bright side of life.",NA,"Moderately Accurate",5
"sapa_personality","sapa_personality_1","q_1350","SAPA-Project 696-item temperament item set (IPIP-based scales and the EPQ-R)",NA,NA,"Look at the bright side of life.",NA,"Very Accurate",6
"sapa_personality","sapa_personality_1","q_1354","SAPA-Project 696-item temperament item set (IPIP-based scales and the EPQ-R)",NA,NA,"Look down on others.",NA,"Very Inaccurate",1
"sapa_personality","sapa_personality_1","q_1354","SAPA-Project 696-item temperament item set (IPIP-based scales and the EPQ-R)",NA,NA,"Look down on others.",NA,"Moderately Inaccurate",2
"sapa_personality","sapa_personality_1","q_1354","SAPA-Project 696-item temperament item set (IPIP-based scales and the EPQ-R)",NA,NA,"Look down on others.",NA,"Slightly Inaccurate",3
"sapa_personality","sapa_personality_1","q_1354","SAPA-Project 696-item temperament item set (IPIP-based scales and the EPQ-R)",NA,NA,"Look down on others.",NA,"Slightly Accurate",4
"sapa_personality","sapa_personality_1","q_1354","SAPA-Project 696-item temperament item set (IPIP-based scales and the EPQ-R)",NA,NA,"Look down on others.",NA,"Moderately Accurate",5
"sapa_personality","sapa_personality_1","q_1354","SAPA-Project 696-item temperament item set (IPIP-based scales and the EPQ-R)",NA,NA,"Look down on others.",NA,"Very Accurate",6
"sapa_personality","sapa_personality_1","q_1357","SAPA-Project 696-item temperament item set (IPIP-based scales and the EPQ-R)",NA,NA,"Lose my temper.",NA,"Very Inaccurate",1
"sapa_personality","sapa_personality_1","q_1357","SAPA-Project 696-item temperament item set (IPIP-based scales and the EPQ-R)",NA,NA,"Lose my temper.",NA,"Moderately Inaccurate",2
"sapa_personality","sapa_personality_1","q_1357","SAPA-Project 696-item temperament item set (IPIP-based scales and the EPQ-R)",NA,NA,"Lose my temper.",NA,"Slightly Inaccurate",3
"sapa_personality","sapa_personality_1","q_1357","SAPA-Project 696-item temperament item set (IPIP-based scales and the EPQ-R)",NA,NA,"Lose my temper.",NA,"Slightly Accurate",4
"sapa_personality","sapa_personality_1","q_1357","SAPA-Project 696-item temperament item set (IPIP-based scales and the EPQ-R)",NA,NA,"Lose my temper.",NA,"Moderately Accurate",5
"sapa_personality","sapa_personality_1","q_1357","SAPA-Project 696-item temperament item set (IPIP-based scales and the EPQ-R)",NA,NA,"Lose my temper.",NA,"Very Accurate",6
"sapa_personality","sapa_personality_1","q_1359","SAPA-Project 696-item temperament item set (IPIP-based scales and the EPQ-R)",NA,NA,"Love a good fight.",NA,"Very Inaccurate",1
"sapa_personality","sapa_personality_1","q_1359","SAPA-Project 696-item temperament item set (IPIP-based scales and the EPQ-R)",NA,NA,"Love a good fight.",NA,"Moderately Inaccurate",2
"sapa_personality","sapa_personality_1","q_1359","SAPA-Project 696-item temperament item set (IPIP-based scales and the EPQ-R)",NA,NA,"Love a good fight.",NA,"Slightly Inaccurate",3
"sapa_personality","sapa_personality_1","q_1359","SAPA-Project 696-item temperament item set (IPIP-based scales and the EPQ-R)",NA,NA,"Love a good fight.",NA,"Slightly Accurate",4
"sapa_personality","sapa_personality_1","q_1359","SAPA-Project 696-item temperament item set (IPIP-based scales and the EPQ-R)",NA,NA,"Love a good fight.",NA,"Moderately Accurate",5
"sapa_personality","sapa_personality_1","q_1359","SAPA-Project 696-item temperament item set (IPIP-based scales and the EPQ-R)",NA,NA,"Love a good fight.",NA,"Very Accurate",6
"sapa_personality","sapa_personality_1","q_1360","SAPA-Project 696-item temperament item set (IPIP-based scales and the EPQ-R)",NA,NA,"Love action.",NA,"Very Inaccurate",1
"sapa_personality","sapa_personality_1","q_1360","SAPA-Project 696-item temperament item set (IPIP-based scales and the EPQ-R)",NA,NA,"Love action.",NA,"Moderately Inaccurate",2
"sapa_personality","sapa_personality_1","q_1360","SAPA-Project 696-item temperament item set (IPIP-based scales and the EPQ-R)",NA,NA,"Love action.",NA,"Slightly Inaccurate",3
"sapa_personality","sapa_personality_1","q_1360","SAPA-Project 696-item temperament item set (IPIP-based scales and the EPQ-R)",NA,NA,"Love action.",NA,"Slightly Accurate",4
"sapa_personality","sapa_personality_1","q_1360","SAPA-Project 696-item temperament item set (IPIP-based scales and the EPQ-R)",NA,NA,"Love action.",NA,"Moderately Accurate",5
"sapa_personality","sapa_personality_1","q_1360","SAPA-Project 696-item temperament item set (IPIP-based scales and the EPQ-R)",NA,NA,"Love action.",NA,"Very Accurate",6
"sapa_personality","sapa_personality_1","q_1364","SAPA-Project 696-item temperament item set (IPIP-based scales and the EPQ-R)",NA,NA,"Love children.",NA,"Very Inaccurate",1
"sapa_personality","sapa_personality_1","q_1364","SAPA-Project 696-item temperament item set (IPIP-based scales and the EPQ-R)",NA,NA,"Love children.",NA,"Moderately Inaccurate",2
"sapa_personality","sapa_personality_1","q_1364","SAPA-Project 696-item temperament item set (IPIP-based scales and the EPQ-R)",NA,NA,"Love children.",NA,"Slightly Inaccurate",3
"sapa_personality","sapa_personality_1","q_1364","SAPA-Project 696-item temperament item set (IPIP-based scales and the EPQ-R)",NA,NA,"Love children.",NA,"Slightly Accurate",4
"sapa_personality","sapa_personality_1","q_1364","SAPA-Project 696-item temperament item set (IPIP-based scales and the EPQ-R)",NA,NA,"Love children.",NA,"Moderately Accurate",5
"sapa_personality","sapa_personality_1","q_1364","SAPA-Project 696-item temperament item set (IPIP-based scales and the EPQ-R)",NA,NA,"Love children.",NA,"Very Accurate",6
"sapa_personality","sapa_personality_1","q_1367","SAPA-Project 696-item temperament item set (IPIP-based scales and the EPQ-R)",NA,NA,"Love dangerous situations.",NA,"Very Inaccurate",1
"sapa_personality","sapa_personality_1","q_1367","SAPA-Project 696-item temperament item set (IPIP-based scales and the EPQ-R)",NA,NA,"Love dangerous situations.",NA,"Moderately Inaccurate",2
"sapa_personality","sapa_personality_1","q_1367","SAPA-Project 696-item temperament item set (IPIP-based scales and the EPQ-R)",NA,NA,"Love dangerous situations.",NA,"Slightly Inaccurate",3
"sapa_personality","sapa_personality_1","q_1367","SAPA-Project 696-item temperament item set (IPIP-based scales and the EPQ-R)",NA,NA,"Love dangerous situations.",NA,"Slightly Accurate",4
"sapa_personality","sapa_personality_1","q_1367","SAPA-Project 696-item temperament item set (IPIP-based scales and the EPQ-R)",NA,NA,"Love dangerous situations.",NA,"Moderately Accurate",5
"sapa_personality","sapa_personality_1","q_1367","SAPA-Project 696-item temperament item set (IPIP-based scales and the EPQ-R)",NA,NA,"Love dangerous situations.",NA,"Very Accurate",6
"sapa_personality","sapa_personality_1","q_1368","SAPA-Project 696-item temperament item set (IPIP-based scales and the EPQ-R)",NA,NA,"Love excitement.",NA,"Very Inaccurate",1
"sapa_personality","sapa_personality_1","q_1368","SAPA-Project 696-item temperament item set (IPIP-based scales and the EPQ-R)",NA,NA,"Love excitement.",NA,"Moderately Inaccurate",2
"sapa_personality","sapa_personality_1","q_1368","SAPA-Project 696-item temperament item set (IPIP-based scales and the EPQ-R)",NA,NA,"Love excitement.",NA,"Slightly Inaccurate",3
"sapa_personality","sapa_personality_1","q_1368","SAPA-Project 696-item temperament item set (IPIP-based scales and the EPQ-R)",NA,NA,"Love excitement.",NA,"Slightly Accurate",4
"sapa_personality","sapa_personality_1","q_1368","SAPA-Project 696-item temperament item set (IPIP-based scales and the EPQ-R)",NA,NA,"Love excitement.",NA,"Moderately Accurate",5
"sapa_personality","sapa_personality_1","q_1368","SAPA-Project 696-item temperament item set (IPIP-based scales and the EPQ-R)",NA,NA,"Love excitement.",NA,"Very Accurate",6
"sapa_personality","sapa_personality_1","q_1369","SAPA-Project 696-item temperament item set (IPIP-based scales and the EPQ-R)",NA,NA,"Love flowers.",NA,"Very Inaccurate",1
"sapa_personality","sapa_personality_1","q_1369","SAPA-Project 696-item temperament item set (IPIP-based scales and the EPQ-R)",NA,NA,"Love flowers.",NA,"Moderately Inaccurate",2
"sapa_personality","sapa_personality_1","q_1369","SAPA-Project 696-item temperament item set (IPIP-based scales and the EPQ-R)",NA,NA,"Love flowers.",NA,"Slightly Inaccurate",3
"sapa_personality","sapa_personality_1","q_1369","SAPA-Project 696-item temperament item set (IPIP-based scales and the EPQ-R)",NA,NA,"Love flowers.",NA,"Slightly Accurate",4
"sapa_personality","sapa_personality_1","q_1369","SAPA-Project 696-item temperament item set (IPIP-based scales and the EPQ-R)",NA,NA,"Love flowers.",NA,"Moderately Accurate",5
"sapa_personality","sapa_personality_1","q_1369","SAPA-Project 696-item temperament item set (IPIP-based scales and the EPQ-R)",NA,NA,"Love flowers.",NA,"Very Accurate",6
"sapa_personality","sapa_personality_1","q_1370","SAPA-Project 696-item temperament item set (IPIP-based scales and the EPQ-R)",NA,NA,"Love large parties.",NA,"Very Inaccurate",1
"sapa_personality","sapa_personality_1","q_1370","SAPA-Project 696-item temperament item set (IPIP-based scales and the EPQ-R)",NA,NA,"Love large parties.",NA,"Moderately Inaccurate",2
"sapa_personality","sapa_personality_1","q_1370","SAPA-Project 696-item temperament item set (IPIP-based scales and the EPQ-R)",NA,NA,"Love large parties.",NA,"Slightly Inaccurate",3
"sapa_personality","sapa_personality_1","q_1370","SAPA-Project 696-item temperament item set (IPIP-based scales and the EPQ-R)",NA,NA,"Love large parties.",NA,"Slightly Accurate",4
"sapa_personality","sapa_personality_1","q_1370","SAPA-Project 696-item temperament item set (IPIP-based scales and the EPQ-R)",NA,NA,"Love large parties.",NA,"Moderately Accurate",5
"sapa_personality","sapa_personality_1","q_1370","SAPA-Project 696-item temperament item set (IPIP-based scales and the EPQ-R)",NA,NA,"Love large parties.",NA,"Very Accurate",6
"sapa_personality","sapa_personality_1","q_1371","SAPA-Project 696-item temperament item set (IPIP-based scales and the EPQ-R)",NA,NA,"Love life.",NA,"Very Inaccurate",1
"sapa_personality","sapa_personality_1","q_1371","SAPA-Project 696-item temperament item set (IPIP-based scales and the EPQ-R)",NA,NA,"Love life.",NA,"Moderately Inaccurate",2
"sapa_personality","sapa_personality_1","q_1371","SAPA-Project 696-item temperament item set (IPIP-based scales and the EPQ-R)",NA,NA,"Love life.",NA,"Slightly Inaccurate",3
"sapa_personality","sapa_personality_1","q_1371","SAPA-Project 696-item temperament item set (IPIP-based scales and the EPQ-R)",NA,NA,"Love life.",NA,"Slightly Accurate",4
"sapa_personality","sapa_personality_1","q_1371","SAPA-Project 696-item temperament item set (IPIP-based scales and the EPQ-R)",NA,NA,"Love life.",NA,"Moderately Accurate",5
"sapa_personality","sapa_personality_1","q_1371","SAPA-Project 696-item temperament item set (IPIP-based scales and the EPQ-R)",NA,NA,"Love life.",NA,"Very Accurate",6
"sapa_personality","sapa_personality_1","q_1372","SAPA-Project 696-item temperament item set (IPIP-based scales and the EPQ-R)",NA,NA,"Love luxury.",NA,"Very Inaccurate",1
"sapa_personality","sapa_personality_1","q_1372","SAPA-Project 696-item temperament item set (IPIP-based scales and the EPQ-R)",NA,NA,"Love luxury.",NA,"Moderately Inaccurate",2
"sapa_personality","sapa_personality_1","q_1372","SAPA-Project 696-item temperament item set (IPIP-based scales and the EPQ-R)",NA,NA,"Love luxury.",NA,"Slightly Inaccurate",3
"sapa_personality","sapa_personality_1","q_1372","SAPA-Project 696-item temperament item set (IPIP-based scales and the EPQ-R)",NA,NA,"Love luxury.",NA,"Slightly Accurate",4
"sapa_personality","sapa_personality_1","q_1372","SAPA-Project 696-item temperament item set (IPIP-based scales and the EPQ-R)",NA,NA,"Love luxury.",NA,"Moderately Accurate",5
"sapa_personality","sapa_personality_1","q_1372","SAPA-Project 696-item temperament item set (IPIP-based scales and the EPQ-R)",NA,NA,"Love luxury.",NA,"Very Accurate",6
"sapa_personality","sapa_personality_1","q_1373","SAPA-Project 696-item temperament item set (IPIP-based scales and the EPQ-R)",NA,NA,"Love my enemies.",NA,"Very Inaccurate",1
"sapa_personality","sapa_personality_1","q_1373","SAPA-Project 696-item temperament item set (IPIP-based scales and the EPQ-R)",NA,NA,"Love my enemies.",NA,"Moderately Inaccurate",2
"sapa_personality","sapa_personality_1","q_1373","SAPA-Project 696-item temperament item set (IPIP-based scales and the EPQ-R)",NA,NA,"Love my enemies.",NA,"Slightly Inaccurate",3
"sapa_personality","sapa_personality_1","q_1373","SAPA-Project 696-item temperament item set (IPIP-based scales and the EPQ-R)",NA,NA,"Love my enemies.",NA,"Slightly Accurate",4
"sapa_personality","sapa_personality_1","q_1373","SAPA-Project 696-item temperament item set (IPIP-based scales and the EPQ-R)",NA,NA,"Love my enemies.",NA,"Moderately Accurate",5
"sapa_personality","sapa_personality_1","q_1373","SAPA-Project 696-item temperament item set (IPIP-based scales and the EPQ-R)",NA,NA,"Love my enemies.",NA,"Very Accurate",6
"sapa_personality","sapa_personality_1","q_1374","SAPA-Project 696-item temperament item set (IPIP-based scales and the EPQ-R)",NA,NA,"Love order and regularity.",NA,"Very Inaccurate",1
"sapa_personality","sapa_personality_1","q_1374","SAPA-Project 696-item temperament item set (IPIP-based scales and the EPQ-R)",NA,NA,"Love order and regularity.",NA,"Moderately Inaccurate",2
"sapa_personality","sapa_personality_1","q_1374","SAPA-Project 696-item temperament item set (IPIP-based scales and the EPQ-R)",NA,NA,"Love order and regularity.",NA,"Slightly Inaccurate",3
"sapa_personality","sapa_personality_1","q_1374","SAPA-Project 696-item temperament item set (IPIP-based scales and the EPQ-R)",NA,NA,"Love order and regularity.",NA,"Slightly Accurate",4
"sapa_personality","sapa_personality_1","q_1374","SAPA-Project 696-item temperament item set (IPIP-based scales and the EPQ-R)",NA,NA,"Love order and regularity.",NA,"Moderately Accurate",5
"sapa_personality","sapa_personality_1","q_1374","SAPA-Project 696-item temperament item set (IPIP-based scales and the EPQ-R)",NA,NA,"Love order and regularity.",NA,"Very Accurate",6
"sapa_personality","sapa_personality_1","q_1376","SAPA-Project 696-item temperament item set (IPIP-based scales and the EPQ-R)",NA,NA,"Love surprise parties.",NA,"Very Inaccurate",1
"sapa_personality","sapa_personality_1","q_1376","SAPA-Project 696-item temperament item set (IPIP-based scales and the EPQ-R)",NA,NA,"Love surprise parties.",NA,"Moderately Inaccurate",2
"sapa_personality","sapa_personality_1","q_1376","SAPA-Project 696-item temperament item set (IPIP-based scales and the EPQ-R)",NA,NA,"Love surprise parties.",NA,"Slightly Inaccurate",3
"sapa_personality","sapa_personality_1","q_1376","SAPA-Project 696-item temperament item set (IPIP-based scales and the EPQ-R)",NA,NA,"Love surprise parties.",NA,"Slightly Accurate",4
"sapa_personality","sapa_personality_1","q_1376","SAPA-Project 696-item temperament item set (IPIP-based scales and the EPQ-R)",NA,NA,"Love surprise parties.",NA,"Moderately Accurate",5
"sapa_personality","sapa_personality_1","q_1376","SAPA-Project 696-item temperament item set (IPIP-based scales and the EPQ-R)",NA,NA,"Love surprise parties.",NA,"Very Accurate",6
"sapa_personality","sapa_personality_1","q_1379","SAPA-Project 696-item temperament item set (IPIP-based scales and the EPQ-R)",NA,NA,"Love to chat.",NA,"Very Inaccurate",1
"sapa_personality","sapa_personality_1","q_1379","SAPA-Project 696-item temperament item set (IPIP-based scales and the EPQ-R)",NA,NA,"Love to chat.",NA,"Moderately Inaccurate",2
"sapa_personality","sapa_personality_1","q_1379","SAPA-Project 696-item temperament item set (IPIP-based scales and the EPQ-R)",NA,NA,"Love to chat.",NA,"Slightly Inaccurate",3
"sapa_personality","sapa_personality_1","q_1379","SAPA-Project 696-item temperament item set (IPIP-based scales and the EPQ-R)",NA,NA,"Love to chat.",NA,"Slightly Accurate",4
"sapa_personality","sapa_personality_1","q_1379","SAPA-Project 696-item temperament item set (IPIP-based scales and the EPQ-R)",NA,NA,"Love to chat.",NA,"Moderately Accurate",5
"sapa_personality","sapa_personality_1","q_1379","SAPA-Project 696-item temperament item set (IPIP-based scales and the EPQ-R)",NA,NA,"Love to chat.",NA,"Very Accurate",6
"sapa_personality","sapa_personality_1","q_1381","SAPA-Project 696-item temperament item set (IPIP-based scales and the EPQ-R)",NA,NA,"Love to daydream.",NA,"Very Inaccurate",1
"sapa_personality","sapa_personality_1","q_1381","SAPA-Project 696-item temperament item set (IPIP-based scales and the EPQ-R)",NA,NA,"Love to daydream.",NA,"Moderately Inaccurate",2
"sapa_personality","sapa_personality_1","q_1381","SAPA-Project 696-item temperament item set (IPIP-based scales and the EPQ-R)",NA,NA,"Love to daydream.",NA,"Slightly Inaccurate",3
"sapa_personality","sapa_personality_1","q_1381","SAPA-Project 696-item temperament item set (IPIP-based scales and the EPQ-R)",NA,NA,"Love to daydream.",NA,"Slightly Accurate",4
"sapa_personality","sapa_personality_1","q_1381","SAPA-Project 696-item temperament item set (IPIP-based scales and the EPQ-R)",NA,NA,"Love to daydream.",NA,"Moderately Accurate",5
"sapa_personality","sapa_personality_1","q_1381","SAPA-Project 696-item temperament item set (IPIP-based scales and the EPQ-R)",NA,NA,"Love to daydream.",NA,"Very Accurate",6
"sapa_personality","sapa_personality_1","q_1384","SAPA-Project 696-item temperament item set (IPIP-based scales and the EPQ-R)",NA,NA,"Love to eat.",NA,"Very Inaccurate",1
"sapa_personality","sapa_personality_1","q_1384","SAPA-Project 696-item temperament item set (IPIP-based scales and the EPQ-R)",NA,NA,"Love to eat.",NA,"Moderately Inaccurate",2
"sapa_personality","sapa_personality_1","q_1384","SAPA-Project 696-item temperament item set (IPIP-based scales and the EPQ-R)",NA,NA,"Love to eat.",NA,"Slightly Inaccurate",3
"sapa_personality","sapa_personality_1","q_1384","SAPA-Project 696-item temperament item set (IPIP-based scales and the EPQ-R)",NA,NA,"Love to eat.",NA,"Slightly Accurate",4
"sapa_personality","sapa_personality_1","q_1384","SAPA-Project 696-item temperament item set (IPIP-based scales and the EPQ-R)",NA,NA,"Love to eat.",NA,"Moderately Accurate",5
"sapa_personality","sapa_personality_1","q_1384","SAPA-Project 696-item temperament item set (IPIP-based scales and the EPQ-R)",NA,NA,"Love to eat.",NA,"Very Accurate",6
"sapa_personality","sapa_personality_1","q_1385","SAPA-Project 696-item temperament item set (IPIP-based scales and the EPQ-R)",NA,NA,"Love to help others.",NA,"Very Inaccurate",1
"sapa_personality","sapa_personality_1","q_1385","SAPA-Project 696-item temperament item set (IPIP-based scales and the EPQ-R)",NA,NA,"Love to help others.",NA,"Moderately Inaccurate",2
"sapa_personality","sapa_personality_1","q_1385","SAPA-Project 696-item temperament item set (IPIP-based scales and the EPQ-R)",NA,NA,"Love to help others.",NA,"Slightly Inaccurate",3
"sapa_personality","sapa_personality_1","q_1385","SAPA-Project 696-item temperament item set (IPIP-based scales and the EPQ-R)",NA,NA,"Love to help others.",NA,"Slightly Accurate",4
"sapa_personality","sapa_personality_1","q_1385","SAPA-Project 696-item temperament item set (IPIP-based scales and the EPQ-R)",NA,NA,"Love to help others.",NA,"Moderately Accurate",5
"sapa_personality","sapa_personality_1","q_1385","SAPA-Project 696-item temperament item set (IPIP-based scales and the EPQ-R)",NA,NA,"Love to help others.",NA,"Very Accurate",6
"sapa_personality","sapa_personality_1","q_1388","SAPA-Project 696-item temperament item set (IPIP-based scales and the EPQ-R)",NA,NA,"Love to read challenging material.",NA,"Very Inaccurate",1
"sapa_personality","sapa_personality_1","q_1388","SAPA-Project 696-item temperament item set (IPIP-based scales and the EPQ-R)",NA,NA,"Love to read challenging material.",NA,"Moderately Inaccurate",2
"sapa_personality","sapa_personality_1","q_1388","SAPA-Project 696-item temperament item set (IPIP-based scales and the EPQ-R)",NA,NA,"Love to read challenging material.",NA,"Slightly Inaccurate",3
"sapa_personality","sapa_personality_1","q_1388","SAPA-Project 696-item temperament item set (IPIP-based scales and the EPQ-R)",NA,NA,"Love to read challenging material.",NA,"Slightly Accurate",4
"sapa_personality","sapa_personality_1","q_1388","SAPA-Project 696-item temperament item set (IPIP-based scales and the EPQ-R)",NA,NA,"Love to read challenging material.",NA,"Moderately Accurate",5
"sapa_personality","sapa_personality_1","q_1388","SAPA-Project 696-item temperament item set (IPIP-based scales and the EPQ-R)",NA,NA,"Love to read challenging material.",NA,"Very Accurate",6
"sapa_personality","sapa_personality_1","q_1389","SAPA-Project 696-item temperament item set (IPIP-based scales and the EPQ-R)",NA,NA,"Love to reflect on things.",NA,"Very Inaccurate",1
"sapa_personality","sapa_personality_1","q_1389","SAPA-Project 696-item temperament item set (IPIP-based scales and the EPQ-R)",NA,NA,"Love to reflect on things.",NA,"Moderately Inaccurate",2
"sapa_personality","sapa_personality_1","q_1389","SAPA-Project 696-item temperament item set (IPIP-based scales and the EPQ-R)",NA,NA,"Love to reflect on things.",NA,"Slightly Inaccurate",3
"sapa_personality","sapa_personality_1","q_1389","SAPA-Project 696-item temperament item set (IPIP-based scales and the EPQ-R)",NA,NA,"Love to reflect on things.",NA,"Slightly Accurate",4
"sapa_personality","sapa_personality_1","q_1389","SAPA-Project 696-item temperament item set (IPIP-based scales and the EPQ-R)",NA,NA,"Love to reflect on things.",NA,"Moderately Accurate",5
"sapa_personality","sapa_personality_1","q_1389","SAPA-Project 696-item temperament item set (IPIP-based scales and the EPQ-R)",NA,NA,"Love to reflect on things.",NA,"Very Accurate",6
"sapa_personality","sapa_personality_1","q_1392","SAPA-Project 696-item temperament item set (IPIP-based scales and the EPQ-R)",NA,NA,"Love to think up new ways of doing things.",NA,"Very Inaccurate",1
"sapa_personality","sapa_personality_1","q_1392","SAPA-Project 696-item temperament item set (IPIP-based scales and the EPQ-R)",NA,NA,"Love to think up new ways of doing things.",NA,"Moderately Inaccurate",2
"sapa_personality","sapa_personality_1","q_1392","SAPA-Project 696-item temperament item set (IPIP-based scales and the EPQ-R)",NA,NA,"Love to think up new ways of doing things.",NA,"Slightly Inaccurate",3
"sapa_personality","sapa_personality_1","q_1392","SAPA-Project 696-item temperament item set (IPIP-based scales and the EPQ-R)",NA,NA,"Love to think up new ways of doing things.",NA,"Slightly Accurate",4
"sapa_personality","sapa_personality_1","q_1392","SAPA-Project 696-item temperament item set (IPIP-based scales and the EPQ-R)",NA,NA,"Love to think up new ways of doing things.",NA,"Moderately Accurate",5
"sapa_personality","sapa_personality_1","q_1392","SAPA-Project 696-item temperament item set (IPIP-based scales and the EPQ-R)",NA,NA,"Love to think up new ways of doing things.",NA,"Very Accurate",6
"sapa_personality","sapa_personality_1","q_1393","SAPA-Project 696-item temperament item set (IPIP-based scales and the EPQ-R)",NA,NA,"Maintain high energy throughout the day.",NA,"Very Inaccurate",1
"sapa_personality","sapa_personality_1","q_1393","SAPA-Project 696-item temperament item set (IPIP-based scales and the EPQ-R)",NA,NA,"Maintain high energy throughout the day.",NA,"Moderately Inaccurate",2
"sapa_personality","sapa_personality_1","q_1393","SAPA-Project 696-item temperament item set (IPIP-based scales and the EPQ-R)",NA,NA,"Maintain high energy throughout the day.",NA,"Slightly Inaccurate",3
"sapa_personality","sapa_personality_1","q_1393","SAPA-Project 696-item temperament item set (IPIP-based scales and the EPQ-R)",NA,NA,"Maintain high energy throughout the day.",NA,"Slightly Accurate",4
"sapa_personality","sapa_personality_1","q_1393","SAPA-Project 696-item temperament item set (IPIP-based scales and the EPQ-R)",NA,NA,"Maintain high energy throughout the day.",NA,"Moderately Accurate",5
"sapa_personality","sapa_personality_1","q_1393","SAPA-Project 696-item temperament item set (IPIP-based scales and the EPQ-R)",NA,NA,"Maintain high energy throughout the day.",NA,"Very Accurate",6
"sapa_personality","sapa_personality_1","q_1395","SAPA-Project 696-item temperament item set (IPIP-based scales and the EPQ-R)",NA,NA,"Make a fool of myself.",NA,"Very Inaccurate",1
"sapa_personality","sapa_personality_1","q_1395","SAPA-Project 696-item temperament item set (IPIP-based scales and the EPQ-R)",NA,NA,"Make a fool of myself.",NA,"Moderately Inaccurate",2
"sapa_personality","sapa_personality_1","q_1395","SAPA-Project 696-item temperament item set (IPIP-based scales and the EPQ-R)",NA,NA,"Make a fool of myself.",NA,"Slightly Inaccurate",3
"sapa_personality","sapa_personality_1","q_1395","SAPA-Project 696-item temperament item set (IPIP-based scales and the EPQ-R)",NA,NA,"Make a fool of myself.",NA,"Slightly Accurate",4
"sapa_personality","sapa_personality_1","q_1395","SAPA-Project 696-item temperament item set (IPIP-based scales and the EPQ-R)",NA,NA,"Make a fool of myself.",NA,"Moderately Accurate",5
"sapa_personality","sapa_personality_1","q_1395","SAPA-Project 696-item temperament item set (IPIP-based scales and the EPQ-R)",NA,NA,"Make a fool of myself.",NA,"Very Accurate",6
"sapa_personality","sapa_personality_1","q_1397","SAPA-Project 696-item temperament item set (IPIP-based scales and the EPQ-R)",NA,NA,"Make a mess of things.",NA,"Very Inaccurate",1
"sapa_personality","sapa_personality_1","q_1397","SAPA-Project 696-item temperament item set (IPIP-based scales and the EPQ-R)",NA,NA,"Make a mess of things.",NA,"Moderately Inaccurate",2
"sapa_personality","sapa_personality_1","q_1397","SAPA-Project 696-item temperament item set (IPIP-based scales and the EPQ-R)",NA,NA,"Make a mess of things.",NA,"Slightly Inaccurate",3
"sapa_personality","sapa_personality_1","q_1397","SAPA-Project 696-item temperament item set (IPIP-based scales and the EPQ-R)",NA,NA,"Make a mess of things.",NA,"Slightly Accurate",4
"sapa_personality","sapa_personality_1","q_1397","SAPA-Project 696-item temperament item set (IPIP-based scales and the EPQ-R)",NA,NA,"Make a mess of things.",NA,"Moderately Accurate",5
"sapa_personality","sapa_personality_1","q_1397","SAPA-Project 696-item temperament item set (IPIP-based scales and the EPQ-R)",NA,NA,"Make a mess of things.",NA,"Very Accurate",6
"sapa_personality","sapa_personality_1","q_1401","SAPA-Project 696-item temperament item set (IPIP-based scales and the EPQ-R)",NA,NA,"Make careless mistakes.",NA,"Very Inaccurate",1
"sapa_personality","sapa_personality_1","q_1401","SAPA-Project 696-item temperament item set (IPIP-based scales and the EPQ-R)",NA,NA,"Make careless mistakes.",NA,"Moderately Inaccurate",2
"sapa_personality","sapa_personality_1","q_1401","SAPA-Project 696-item temperament item set (IPIP-based scales and the EPQ-R)",NA,NA,"Make careless mistakes.",NA,"Slightly Inaccurate",3
"sapa_personality","sapa_personality_1","q_1401","SAPA-Project 696-item temperament item set (IPIP-based scales and the EPQ-R)",NA,NA,"Make careless mistakes.",NA,"Slightly Accurate",4
"sapa_personality","sapa_personality_1","q_1401","SAPA-Project 696-item temperament item set (IPIP-based scales and the EPQ-R)",NA,NA,"Make careless mistakes.",NA,"Moderately Accurate",5
"sapa_personality","sapa_personality_1","q_1401","SAPA-Project 696-item temperament item set (IPIP-based scales and the EPQ-R)",NA,NA,"Make careless mistakes.",NA,"Very Accurate",6
"sapa_personality","sapa_personality_1","q_1410","SAPA-Project 696-item temperament item set (IPIP-based scales and the EPQ-R)",NA,NA,"Make friends easily.",NA,"Very Inaccurate",1
"sapa_personality","sapa_personality_1","q_1410","SAPA-Project 696-item temperament item set (IPIP-based scales and the EPQ-R)",NA,NA,"Make friends easily.",NA,"Moderately Inaccurate",2
"sapa_personality","sapa_personality_1","q_1410","SAPA-Project 696-item temperament item set (IPIP-based scales and the EPQ-R)",NA,NA,"Make friends easily.",NA,"Slightly Inaccurate",3
"sapa_personality","sapa_personality_1","q_1410","SAPA-Project 696-item temperament item set (IPIP-based scales and the EPQ-R)",NA,NA,"Make friends easily.",NA,"Slightly Accurate",4
"sapa_personality","sapa_personality_1","q_1410","SAPA-Project 696-item temperament item set (IPIP-based scales and the EPQ-R)",NA,NA,"Make friends easily.",NA,"Moderately Accurate",5
"sapa_personality","sapa_personality_1","q_1410","SAPA-Project 696-item temperament item set (IPIP-based scales and the EPQ-R)",NA,NA,"Make friends easily.",NA,"Very Accurate",6
"sapa_personality","sapa_personality_1","q_1416","SAPA-Project 696-item temperament item set (IPIP-based scales and the EPQ-R)",NA,NA,"Make myself the center of attention.",NA,"Very Inaccurate",1
"sapa_personality","sapa_personality_1","q_1416","SAPA-Project 696-item temperament item set (IPIP-based scales and the EPQ-R)",NA,NA,"Make myself the center of attention.",NA,"Moderately Inaccurate",2
"sapa_personality","sapa_personality_1","q_1416","SAPA-Project 696-item temperament item set (IPIP-based scales and the EPQ-R)",NA,NA,"Make myself the center of attention.",NA,"Slightly Inaccurate",3
"sapa_personality","sapa_personality_1","q_1416","SAPA-Project 696-item temperament item set (IPIP-based scales and the EPQ-R)",NA,NA,"Make myself the center of attention.",NA,"Slightly Accurate",4
"sapa_personality","sapa_personality_1","q_1416","SAPA-Project 696-item temperament item set (IPIP-based scales and the EPQ-R)",NA,NA,"Make myself the center of attention.",NA,"Moderately Accurate",5
"sapa_personality","sapa_personality_1","q_1416","SAPA-Project 696-item temperament item set (IPIP-based scales and the EPQ-R)",NA,NA,"Make myself the center of attention.",NA,"Very Accurate",6
"sapa_personality","sapa_personality_1","q_1419","SAPA-Project 696-item temperament item set (IPIP-based scales and the EPQ-R)",NA,NA,"Make people feel at ease.",NA,"Very Inaccurate",1
"sapa_personality","sapa_personality_1","q_1419","SAPA-Project 696-item temperament item set (IPIP-based scales and the EPQ-R)",NA,NA,"Make people feel at ease.",NA,"Moderately Inaccurate",2
"sapa_personality","sapa_personality_1","q_1419","SAPA-Project 696-item temperament item set (IPIP-based scales and the EPQ-R)",NA,NA,"Make people feel at ease.",NA,"Slightly Inaccurate",3
"sapa_personality","sapa_personality_1","q_1419","SAPA-Project 696-item temperament item set (IPIP-based scales and the EPQ-R)",NA,NA,"Make people feel at ease.",NA,"Slightly Accurate",4
"sapa_personality","sapa_personality_1","q_1419","SAPA-Project 696-item temperament item set (IPIP-based scales and the EPQ-R)",NA,NA,"Make people feel at ease.",NA,"Moderately Accurate",5
"sapa_personality","sapa_personality_1","q_1419","SAPA-Project 696-item temperament item set (IPIP-based scales and the EPQ-R)",NA,NA,"Make people feel at ease.",NA,"Very Accurate",6
"sapa_personality","sapa_personality_1","q_1420","SAPA-Project 696-item temperament item set (IPIP-based scales and the EPQ-R)",NA,NA,"Make people feel uncomfortable.",NA,"Very Inaccurate",1
"sapa_personality","sapa_personality_1","q_1420","SAPA-Project 696-item temperament item set (IPIP-based scales and the EPQ-R)",NA,NA,"Make people feel uncomfortable.",NA,"Moderately Inaccurate",2
"sapa_personality","sapa_personality_1","q_1420","SAPA-Project 696-item temperament item set (IPIP-based scales and the EPQ-R)",NA,NA,"Make people feel uncomfortable.",NA,"Slightly Inaccurate",3
"sapa_personality","sapa_personality_1","q_1420","SAPA-Project 696-item temperament item set (IPIP-based scales and the EPQ-R)",NA,NA,"Make people feel uncomfortable.",NA,"Slightly Accurate",4
"sapa_personality","sapa_personality_1","q_1420","SAPA-Project 696-item temperament item set (IPIP-based scales and the EPQ-R)",NA,NA,"Make people feel uncomfortable.",NA,"Moderately Accurate",5
"sapa_personality","sapa_personality_1","q_1420","SAPA-Project 696-item temperament item set (IPIP-based scales and the EPQ-R)",NA,NA,"Make people feel uncomfortable.",NA,"Very Accurate",6
"sapa_personality","sapa_personality_1","q_1421","SAPA-Project 696-item temperament item set (IPIP-based scales and the EPQ-R)",NA,NA,"Make people feel welcome.",NA,"Very Inaccurate",1
"sapa_personality","sapa_personality_1","q_1421","SAPA-Project 696-item temperament item set (IPIP-based scales and the EPQ-R)",NA,NA,"Make people feel welcome.",NA,"Moderately Inaccurate",2
"sapa_personality","sapa_personality_1","q_1421","SAPA-Project 696-item temperament item set (IPIP-based scales and the EPQ-R)",NA,NA,"Make people feel welcome.",NA,"Slightly Inaccurate",3
"sapa_personality","sapa_personality_1","q_1421","SAPA-Project 696-item temperament item set (IPIP-based scales and the EPQ-R)",NA,NA,"Make people feel welcome.",NA,"Slightly Accurate",4
"sapa_personality","sapa_personality_1","q_1421","SAPA-Project 696-item temperament item set (IPIP-based scales and the EPQ-R)",NA,NA,"Make people feel welcome.",NA,"Moderately Accurate",5
"sapa_personality","sapa_personality_1","q_1421","SAPA-Project 696-item temperament item set (IPIP-based scales and the EPQ-R)",NA,NA,"Make people feel welcome.",NA,"Very Accurate",6
"sapa_personality","sapa_personality_1","q_1422","SAPA-Project 696-item temperament item set (IPIP-based scales and the EPQ-R)",NA,NA,"Make plans and stick to them.",NA,"Very Inaccurate",1
"sapa_personality","sapa_personality_1","q_1422","SAPA-Project 696-item temperament item set (IPIP-based scales and the EPQ-R)",NA,NA,"Make plans and stick to them.",NA,"Moderately Inaccurate",2
"sapa_personality","sapa_personality_1","q_1422","SAPA-Project 696-item temperament item set (IPIP-based scales and the EPQ-R)",NA,NA,"Make plans and stick to them.",NA,"Slightly Inaccurate",3
"sapa_personality","sapa_personality_1","q_1422","SAPA-Project 696-item temperament item set (IPIP-based scales and the EPQ-R)",NA,NA,"Make plans and stick to them.",NA,"Slightly Accurate",4
"sapa_personality","sapa_personality_1","q_1422","SAPA-Project 696-item temperament item set (IPIP-based scales and the EPQ-R)",NA,NA,"Make plans and stick to them.",NA,"Moderately Accurate",5
"sapa_personality","sapa_personality_1","q_1422","SAPA-Project 696-item temperament item set (IPIP-based scales and the EPQ-R)",NA,NA,"Make plans and stick to them.",NA,"Very Accurate",6
"sapa_personality","sapa_personality_1","q_1424","SAPA-Project 696-item temperament item set (IPIP-based scales and the EPQ-R)",NA,NA,"Make rash decisions.",NA,"Very Inaccurate",1
"sapa_personality","sapa_personality_1","q_1424","SAPA-Project 696-item temperament item set (IPIP-based scales and the EPQ-R)",NA,NA,"Make rash decisions.",NA,"Moderately Inaccurate",2
"sapa_personality","sapa_personality_1","q_1424","SAPA-Project 696-item temperament item set (IPIP-based scales and the EPQ-R)",NA,NA,"Make rash decisions.",NA,"Slightly Inaccurate",3
"sapa_personality","sapa_personality_1","q_1424","SAPA-Project 696-item temperament item set (IPIP-based scales and the EPQ-R)",NA,NA,"Make rash decisions.",NA,"Slightly Accurate",4
"sapa_personality","sapa_personality_1","q_1424","SAPA-Project 696-item temperament item set (IPIP-based scales and the EPQ-R)",NA,NA,"Make rash decisions.",NA,"Moderately Accurate",5
"sapa_personality","sapa_personality_1","q_1424","SAPA-Project 696-item temperament item set (IPIP-based scales and the EPQ-R)",NA,NA,"Make rash decisions.",NA,"Very Accurate",6
"sapa_personality","sapa_personality_1","q_1429","SAPA-Project 696-item temperament item set (IPIP-based scales and the EPQ-R)",NA,NA,"Mess things up.",NA,"Very Inaccurate",1
"sapa_personality","sapa_personality_1","q_1429","SAPA-Project 696-item temperament item set (IPIP-based scales and the EPQ-R)",NA,NA,"Mess things up.",NA,"Moderately Inaccurate",2
"sapa_personality","sapa_personality_1","q_1429","SAPA-Project 696-item temperament item set (IPIP-based scales and the EPQ-R)",NA,NA,"Mess things up.",NA,"Slightly Inaccurate",3
"sapa_personality","sapa_personality_1","q_1429","SAPA-Project 696-item temperament item set (IPIP-based scales and the EPQ-R)",NA,NA,"Mess things up.",NA,"Slightly Accurate",4
"sapa_personality","sapa_personality_1","q_1429","SAPA-Project 696-item temperament item set (IPIP-based scales and the EPQ-R)",NA,NA,"Mess things up.",NA,"Moderately Accurate",5
"sapa_personality","sapa_personality_1","q_1429","SAPA-Project 696-item temperament item set (IPIP-based scales and the EPQ-R)",NA,NA,"Mess things up.",NA,"Very Accurate",6
"sapa_personality","sapa_personality_1","q_1435","SAPA-Project 696-item temperament item set (IPIP-based scales and the EPQ-R)",NA,NA,"Misjudge situations.",NA,"Very Inaccurate",1
"sapa_personality","sapa_personality_1","q_1435","SAPA-Project 696-item temperament item set (IPIP-based scales and the EPQ-R)",NA,NA,"Misjudge situations.",NA,"Moderately Inaccurate",2
"sapa_personality","sapa_personality_1","q_1435","SAPA-Project 696-item temperament item set (IPIP-based scales and the EPQ-R)",NA,NA,"Misjudge situations.",NA,"Slightly Inaccurate",3
"sapa_personality","sapa_personality_1","q_1435","SAPA-Project 696-item temperament item set (IPIP-based scales and the EPQ-R)",NA,NA,"Misjudge situations.",NA,"Slightly Accurate",4
"sapa_personality","sapa_personality_1","q_1435","SAPA-Project 696-item temperament item set (IPIP-based scales and the EPQ-R)",NA,NA,"Misjudge situations.",NA,"Moderately Accurate",5
"sapa_personality","sapa_personality_1","q_1435","SAPA-Project 696-item temperament item set (IPIP-based scales and the EPQ-R)",NA,NA,"Misjudge situations.",NA,"Very Accurate",6
"sapa_personality","sapa_personality_1","q_1436","SAPA-Project 696-item temperament item set (IPIP-based scales and the EPQ-R)",NA,NA,"Misrepresent the facts.",NA,"Very Inaccurate",1
"sapa_personality","sapa_personality_1","q_1436","SAPA-Project 696-item temperament item set (IPIP-based scales and the EPQ-R)",NA,NA,"Misrepresent the facts.",NA,"Moderately Inaccurate",2
"sapa_personality","sapa_personality_1","q_1436","SAPA-Project 696-item temperament item set (IPIP-based scales and the EPQ-R)",NA,NA,"Misrepresent the facts.",NA,"Slightly Inaccurate",3
"sapa_personality","sapa_personality_1","q_1436","SAPA-Project 696-item temperament item set (IPIP-based scales and the EPQ-R)",NA,NA,"Misrepresent the facts.",NA,"Slightly Accurate",4
"sapa_personality","sapa_personality_1","q_1436","SAPA-Project 696-item temperament item set (IPIP-based scales and the EPQ-R)",NA,NA,"Misrepresent the facts.",NA,"Moderately Accurate",5
"sapa_personality","sapa_personality_1","q_1436","SAPA-Project 696-item temperament item set (IPIP-based scales and the EPQ-R)",NA,NA,"Misrepresent the facts.",NA,"Very Accurate",6
"sapa_personality","sapa_personality_1","q_1441","SAPA-Project 696-item temperament item set (IPIP-based scales and the EPQ-R)",NA,NA,"Need a creative outlet.",NA,"Very Inaccurate",1
"sapa_personality","sapa_personality_1","q_1441","SAPA-Project 696-item temperament item set (IPIP-based scales and the EPQ-R)",NA,NA,"Need a creative outlet.",NA,"Moderately Inaccurate",2
"sapa_personality","sapa_personality_1","q_1441","SAPA-Project 696-item temperament item set (IPIP-based scales and the EPQ-R)",NA,NA,"Need a creative outlet.",NA,"Slightly Inaccurate",3
"sapa_personality","sapa_personality_1","q_1441","SAPA-Project 696-item temperament item set (IPIP-based scales and the EPQ-R)",NA,NA,"Need a creative outlet.",NA,"Slightly Accurate",4
"sapa_personality","sapa_personality_1","q_1441","SAPA-Project 696-item temperament item set (IPIP-based scales and the EPQ-R)",NA,NA,"Need a creative outlet.",NA,"Moderately Accurate",5
"sapa_personality","sapa_personality_1","q_1441","SAPA-Project 696-item temperament item set (IPIP-based scales and the EPQ-R)",NA,NA,"Need a creative outlet.",NA,"Very Accurate",6
"sapa_personality","sapa_personality_1","q_1444","SAPA-Project 696-item temperament item set (IPIP-based scales and the EPQ-R)",NA,NA,"Need a push to get started.",NA,"Very Inaccurate",1
"sapa_personality","sapa_personality_1","q_1444","SAPA-Project 696-item temperament item set (IPIP-based scales and the EPQ-R)",NA,NA,"Need a push to get started.",NA,"Moderately Inaccurate",2
"sapa_personality","sapa_personality_1","q_1444","SAPA-Project 696-item temperament item set (IPIP-based scales and the EPQ-R)",NA,NA,"Need a push to get started.",NA,"Slightly Inaccurate",3
"sapa_personality","sapa_personality_1","q_1444","SAPA-Project 696-item temperament item set (IPIP-based scales and the EPQ-R)",NA,NA,"Need a push to get started.",NA,"Slightly Accurate",4
"sapa_personality","sapa_personality_1","q_1444","SAPA-Project 696-item temperament item set (IPIP-based scales and the EPQ-R)",NA,NA,"Need a push to get started.",NA,"Moderately Accurate",5
"sapa_personality","sapa_personality_1","q_1444","SAPA-Project 696-item temperament item set (IPIP-based scales and the EPQ-R)",NA,NA,"Need a push to get started.",NA,"Very Accurate",6
"sapa_personality","sapa_personality_1","q_1446","SAPA-Project 696-item temperament item set (IPIP-based scales and the EPQ-R)",NA,NA,"Need protection.",NA,"Very Inaccurate",1
"sapa_personality","sapa_personality_1","q_1446","SAPA-Project 696-item temperament item set (IPIP-based scales and the EPQ-R)",NA,NA,"Need protection.",NA,"Moderately Inaccurate",2
"sapa_personality","sapa_personality_1","q_1446","SAPA-Project 696-item temperament item set (IPIP-based scales and the EPQ-R)",NA,NA,"Need protection.",NA,"Slightly Inaccurate",3
"sapa_personality","sapa_personality_1","q_1446","SAPA-Project 696-item temperament item set (IPIP-based scales and the EPQ-R)",NA,NA,"Need protection.",NA,"Slightly Accurate",4
"sapa_personality","sapa_personality_1","q_1446","SAPA-Project 696-item temperament item set (IPIP-based scales and the EPQ-R)",NA,NA,"Need protection.",NA,"Moderately Accurate",5
"sapa_personality","sapa_personality_1","q_1446","SAPA-Project 696-item temperament item set (IPIP-based scales and the EPQ-R)",NA,NA,"Need protection.",NA,"Very Accurate",6
"sapa_personality","sapa_personality_1","q_1447","SAPA-Project 696-item temperament item set (IPIP-based scales and the EPQ-R)",NA,NA,"Need reassurance.",NA,"Very Inaccurate",1
"sapa_personality","sapa_personality_1","q_1447","SAPA-Project 696-item temperament item set (IPIP-based scales and the EPQ-R)",NA,NA,"Need reassurance.",NA,"Moderately Inaccurate",2
"sapa_personality","sapa_personality_1","q_1447","SAPA-Project 696-item temperament item set (IPIP-based scales and the EPQ-R)",NA,NA,"Need reassurance.",NA,"Slightly Inaccurate",3
"sapa_personality","sapa_personality_1","q_1447","SAPA-Project 696-item temperament item set (IPIP-based scales and the EPQ-R)",NA,NA,"Need reassurance.",NA,"Slightly Accurate",4
"sapa_personality","sapa_personality_1","q_1447","SAPA-Project 696-item temperament item set (IPIP-based scales and the EPQ-R)",NA,NA,"Need reassurance.",NA,"Moderately Accurate",5
"sapa_personality","sapa_personality_1","q_1447","SAPA-Project 696-item temperament item set (IPIP-based scales and the EPQ-R)",NA,NA,"Need reassurance.",NA,"Very Accurate",6
"sapa_personality","sapa_personality_1","q_1448","SAPA-Project 696-item temperament item set (IPIP-based scales and the EPQ-R)",NA,NA,"Need the approval of others.",NA,"Very Inaccurate",1
"sapa_personality","sapa_personality_1","q_1448","SAPA-Project 696-item temperament item set (IPIP-based scales and the EPQ-R)",NA,NA,"Need the approval of others.",NA,"Moderately Inaccurate",2
"sapa_personality","sapa_personality_1","q_1448","SAPA-Project 696-item temperament item set (IPIP-based scales and the EPQ-R)",NA,NA,"Need the approval of others.",NA,"Slightly Inaccurate",3
"sapa_personality","sapa_personality_1","q_1448","SAPA-Project 696-item temperament item set (IPIP-based scales and the EPQ-R)",NA,NA,"Need the approval of others.",NA,"Slightly Accurate",4
"sapa_personality","sapa_personality_1","q_1448","SAPA-Project 696-item temperament item set (IPIP-based scales and the EPQ-R)",NA,NA,"Need the approval of others.",NA,"Moderately Accurate",5
"sapa_personality","sapa_personality_1","q_1448","SAPA-Project 696-item temperament item set (IPIP-based scales and the EPQ-R)",NA,NA,"Need the approval of others.",NA,"Very Accurate",6
"sapa_personality","sapa_personality_1","q_1452","SAPA-Project 696-item temperament item set (IPIP-based scales and the EPQ-R)",NA,NA,"Neglect my duties.",NA,"Very Inaccurate",1
"sapa_personality","sapa_personality_1","q_1452","SAPA-Project 696-item temperament item set (IPIP-based scales and the EPQ-R)",NA,NA,"Neglect my duties.",NA,"Moderately Inaccurate",2
"sapa_personality","sapa_personality_1","q_1452","SAPA-Project 696-item temperament item set (IPIP-based scales and the EPQ-R)",NA,NA,"Neglect my duties.",NA,"Slightly Inaccurate",3
"sapa_personality","sapa_personality_1","q_1452","SAPA-Project 696-item temperament item set (IPIP-based scales and the EPQ-R)",NA,NA,"Neglect my duties.",NA,"Slightly Accurate",4
"sapa_personality","sapa_personality_1","q_1452","SAPA-Project 696-item temperament item set (IPIP-based scales and the EPQ-R)",NA,NA,"Neglect my duties.",NA,"Moderately Accurate",5
"sapa_personality","sapa_personality_1","q_1452","SAPA-Project 696-item temperament item set (IPIP-based scales and the EPQ-R)",NA,NA,"Neglect my duties.",NA,"Very Accurate",6
"sapa_personality","sapa_personality_1","q_1457","SAPA-Project 696-item temperament item set (IPIP-based scales and the EPQ-R)",NA,NA,"Never give up hope.",NA,"Very Inaccurate",1
"sapa_personality","sapa_personality_1","q_1457","SAPA-Project 696-item temperament item set (IPIP-based scales and the EPQ-R)",NA,NA,"Never give up hope.",NA,"Moderately Inaccurate",2
"sapa_personality","sapa_personality_1","q_1457","SAPA-Project 696-item temperament item set (IPIP-based scales and the EPQ-R)",NA,NA,"Never give up hope.",NA,"Slightly Inaccurate",3
"sapa_personality","sapa_personality_1","q_1457","SAPA-Project 696-item temperament item set (IPIP-based scales and the EPQ-R)",NA,NA,"Never give up hope.",NA,"Slightly Accurate",4
"sapa_personality","sapa_personality_1","q_1457","SAPA-Project 696-item temperament item set (IPIP-based scales and the EPQ-R)",NA,NA,"Never give up hope.",NA,"Moderately Accurate",5
"sapa_personality","sapa_personality_1","q_1457","SAPA-Project 696-item temperament item set (IPIP-based scales and the EPQ-R)",NA,NA,"Never give up hope.",NA,"Very Accurate",6
"sapa_personality","sapa_personality_1","q_1458","SAPA-Project 696-item temperament item set (IPIP-based scales and the EPQ-R)",NA,NA,"Never give up.",NA,"Very Inaccurate",1
"sapa_personality","sapa_personality_1","q_1458","SAPA-Project 696-item temperament item set (IPIP-based scales and the EPQ-R)",NA,NA,"Never give up.",NA,"Moderately Inaccurate",2
"sapa_personality","sapa_personality_1","q_1458","SAPA-Project 696-item temperament item set (IPIP-based scales and the EPQ-R)",NA,NA,"Never give up.",NA,"Slightly Inaccurate",3
"sapa_personality","sapa_personality_1","q_1458","SAPA-Project 696-item temperament item set (IPIP-based scales and the EPQ-R)",NA,NA,"Never give up.",NA,"Slightly Accurate",4
"sapa_personality","sapa_personality_1","q_1458","SAPA-Project 696-item temperament item set (IPIP-based scales and the EPQ-R)",NA,NA,"Never give up.",NA,"Moderately Accurate",5
"sapa_personality","sapa_personality_1","q_1458","SAPA-Project 696-item temperament item set (IPIP-based scales and the EPQ-R)",NA,NA,"Never give up.",NA,"Very Accurate",6
"sapa_personality","sapa_personality_1","q_1461","SAPA-Project 696-item temperament item set (IPIP-based scales and the EPQ-R)",NA,NA,"Never spend more than I can afford.",NA,"Very Inaccurate",1
"sapa_personality","sapa_personality_1","q_1461","SAPA-Project 696-item temperament item set (IPIP-based scales and the EPQ-R)",NA,NA,"Never spend more than I can afford.",NA,"Moderately Inaccurate",2
"sapa_personality","sapa_personality_1","q_1461","SAPA-Project 696-item temperament item set (IPIP-based scales and the EPQ-R)",NA,NA,"Never spend more than I can afford.",NA,"Slightly Inaccurate",3
"sapa_personality","sapa_personality_1","q_1461","SAPA-Project 696-item temperament item set (IPIP-based scales and the EPQ-R)",NA,NA,"Never spend more than I can afford.",NA,"Slightly Accurate",4
"sapa_personality","sapa_personality_1","q_1461","SAPA-Project 696-item temperament item set (IPIP-based scales and the EPQ-R)",NA,NA,"Never spend more than I can afford.",NA,"Moderately Accurate",5
"sapa_personality","sapa_personality_1","q_1461","SAPA-Project 696-item temperament item set (IPIP-based scales and the EPQ-R)",NA,NA,"Never spend more than I can afford.",NA,"Very Accurate",6
"sapa_personality","sapa_personality_1","q_1462","SAPA-Project 696-item temperament item set (IPIP-based scales and the EPQ-R)",NA,NA,"Never splurge.",NA,"Very Inaccurate",1
"sapa_personality","sapa_personality_1","q_1462","SAPA-Project 696-item temperament item set (IPIP-based scales and the EPQ-R)",NA,NA,"Never splurge.",NA,"Moderately Inaccurate",2
"sapa_personality","sapa_personality_1","q_1462","SAPA-Project 696-item temperament item set (IPIP-based scales and the EPQ-R)",NA,NA,"Never splurge.",NA,"Slightly Inaccurate",3
"sapa_personality","sapa_personality_1","q_1462","SAPA-Project 696-item temperament item set (IPIP-based scales and the EPQ-R)",NA,NA,"Never splurge.",NA,"Slightly Accurate",4
"sapa_personality","sapa_personality_1","q_1462","SAPA-Project 696-item temperament item set (IPIP-based scales and the EPQ-R)",NA,NA,"Never splurge.",NA,"Moderately Accurate",5
"sapa_personality","sapa_personality_1","q_1462","SAPA-Project 696-item temperament item set (IPIP-based scales and the EPQ-R)",NA,NA,"Never splurge.",NA,"Very Accurate",6
"sapa_personality","sapa_personality_1","q_1467","SAPA-Project 696-item temperament item set (IPIP-based scales and the EPQ-R)",NA,NA,"Obstruct others' plans.",NA,"Very Inaccurate",1
"sapa_personality","sapa_personality_1","q_1467","SAPA-Project 696-item temperament item set (IPIP-based scales and the EPQ-R)",NA,NA,"Obstruct others' plans.",NA,"Moderately Inaccurate",2
"sapa_personality","sapa_personality_1","q_1467","SAPA-Project 696-item temperament item set (IPIP-based scales and the EPQ-R)",NA,NA,"Obstruct others' plans.",NA,"Slightly Inaccurate",3
"sapa_personality","sapa_personality_1","q_1467","SAPA-Project 696-item temperament item set (IPIP-based scales and the EPQ-R)",NA,NA,"Obstruct others' plans.",NA,"Slightly Accurate",4
"sapa_personality","sapa_personality_1","q_1467","SAPA-Project 696-item temperament item set (IPIP-based scales and the EPQ-R)",NA,NA,"Obstruct others' plans.",NA,"Moderately Accurate",5
"sapa_personality","sapa_personality_1","q_1467","SAPA-Project 696-item temperament item set (IPIP-based scales and the EPQ-R)",NA,NA,"Obstruct others' plans.",NA,"Very Accurate",6
"sapa_personality","sapa_personality_1","q_1474","SAPA-Project 696-item temperament item set (IPIP-based scales and the EPQ-R)",NA,NA,"Often eat too much.",NA,"Very Inaccurate",1
"sapa_personality","sapa_personality_1","q_1474","SAPA-Project 696-item temperament item set (IPIP-based scales and the EPQ-R)",NA,NA,"Often eat too much.",NA,"Moderately Inaccurate",2
"sapa_personality","sapa_personality_1","q_1474","SAPA-Project 696-item temperament item set (IPIP-based scales and the EPQ-R)",NA,NA,"Often eat too much.",NA,"Slightly Inaccurate",3
"sapa_personality","sapa_personality_1","q_1474","SAPA-Project 696-item temperament item set (IPIP-based scales and the EPQ-R)",NA,NA,"Often eat too much.",NA,"Slightly Accurate",4
"sapa_personality","sapa_personality_1","q_1474","SAPA-Project 696-item temperament item set (IPIP-based scales and the EPQ-R)",NA,NA,"Often eat too much.",NA,"Moderately Accurate",5
"sapa_personality","sapa_personality_1","q_1474","SAPA-Project 696-item temperament item set (IPIP-based scales and the EPQ-R)",NA,NA,"Often eat too much.",NA,"Very Accurate",6
"sapa_personality","sapa_personality_1","q_1477","SAPA-Project 696-item temperament item set (IPIP-based scales and the EPQ-R)",NA,NA,"Often express doubts.",NA,"Very Inaccurate",1
"sapa_personality","sapa_personality_1","q_1477","SAPA-Project 696-item temperament item set (IPIP-based scales and the EPQ-R)",NA,NA,"Often express doubts.",NA,"Moderately Inaccurate",2
"sapa_personality","sapa_personality_1","q_1477","SAPA-Project 696-item temperament item set (IPIP-based scales and the EPQ-R)",NA,NA,"Often express doubts.",NA,"Slightly Inaccurate",3
"sapa_personality","sapa_personality_1","q_1477","SAPA-Project 696-item temperament item set (IPIP-based scales and the EPQ-R)",NA,NA,"Often express doubts.",NA,"Slightly Accurate",4
"sapa_personality","sapa_personality_1","q_1477","SAPA-Project 696-item temperament item set (IPIP-based scales and the EPQ-R)",NA,NA,"Often express doubts.",NA,"Moderately Accurate",5
"sapa_personality","sapa_personality_1","q_1477","SAPA-Project 696-item temperament item set (IPIP-based scales and the EPQ-R)",NA,NA,"Often express doubts.",NA,"Very Accurate",6
"sapa_personality","sapa_personality_1","q_1479","SAPA-Project 696-item temperament item set (IPIP-based scales and the EPQ-R)",NA,NA,"Often feel blue.",NA,"Very Inaccurate",1
"sapa_personality","sapa_personality_1","q_1479","SAPA-Project 696-item temperament item set (IPIP-based scales and the EPQ-R)",NA,NA,"Often feel blue.",NA,"Moderately Inaccurate",2
"sapa_personality","sapa_personality_1","q_1479","SAPA-Project 696-item temperament item set (IPIP-based scales and the EPQ-R)",NA,NA,"Often feel blue.",NA,"Slightly Inaccurate",3
"sapa_personality","sapa_personality_1","q_1479","SAPA-Project 696-item temperament item set (IPIP-based scales and the EPQ-R)",NA,NA,"Often feel blue.",NA,"Slightly Accurate",4
"sapa_personality","sapa_personality_1","q_1479","SAPA-Project 696-item temperament item set (IPIP-based scales and the EPQ-R)",NA,NA,"Often feel blue.",NA,"Moderately Accurate",5
"sapa_personality","sapa_personality_1","q_1479","SAPA-Project 696-item temperament item set (IPIP-based scales and the EPQ-R)",NA,NA,"Often feel blue.",NA,"Very Accurate",6
"sapa_personality","sapa_personality_1","q_1480","SAPA-Project 696-item temperament item set (IPIP-based scales and the EPQ-R)",NA,NA,"Often feel uncomfortable around others.",NA,"Very Inaccurate",1
"sapa_personality","sapa_personality_1","q_1480","SAPA-Project 696-item temperament item set (IPIP-based scales and the EPQ-R)",NA,NA,"Often feel uncomfortable around others.",NA,"Moderately Inaccurate",2
"sapa_personality","sapa_personality_1","q_1480","SAPA-Project 696-item temperament item set (IPIP-based scales and the EPQ-R)",NA,NA,"Often feel uncomfortable around others.",NA,"Slightly Inaccurate",3
"sapa_personality","sapa_personality_1","q_1480","SAPA-Project 696-item temperament item set (IPIP-based scales and the EPQ-R)",NA,NA,"Often feel uncomfortable around others.",NA,"Slightly Accurate",4
"sapa_personality","sapa_personality_1","q_1480","SAPA-Project 696-item temperament item set (IPIP-based scales and the EPQ-R)",NA,NA,"Often feel uncomfortable around others.",NA,"Moderately Accurate",5
"sapa_personality","sapa_personality_1","q_1480","SAPA-Project 696-item temperament item set (IPIP-based scales and the EPQ-R)",NA,NA,"Often feel uncomfortable around others.",NA,"Very Accurate",6
"sapa_personality","sapa_personality_1","q_1483","SAPA-Project 696-item temperament item set (IPIP-based scales and the EPQ-R)",NA,NA,"[Forget to put things back].",NA,"Very Inaccurate",1
"sapa_personality","sapa_personality_1","q_1483","SAPA-Project 696-item temperament item set (IPIP-based scales and the EPQ-R)",NA,NA,"[Forget to put things back].",NA,"Moderately Inaccurate",2
"sapa_personality","sapa_personality_1","q_1483","SAPA-Project 696-item temperament item set (IPIP-based scales and the EPQ-R)",NA,NA,"[Forget to put things back].",NA,"Slightly Inaccurate",3
"sapa_personality","sapa_personality_1","q_1483","SAPA-Project 696-item temperament item set (IPIP-based scales and the EPQ-R)",NA,NA,"[Forget to put things back].",NA,"Slightly Accurate",4
"sapa_personality","sapa_personality_1","q_1483","SAPA-Project 696-item temperament item set (IPIP-based scales and the EPQ-R)",NA,NA,"[Forget to put things back].",NA,"Moderately Accurate",5
"sapa_personality","sapa_personality_1","q_1483","SAPA-Project 696-item temperament item set (IPIP-based scales and the EPQ-R)",NA,NA,"[Forget to put things back].",NA,"Very Accurate",6
"sapa_personality","sapa_personality_1","q_1488","SAPA-Project 696-item temperament item set (IPIP-based scales and the EPQ-R)",NA,NA,"Often make last-minute plans.",NA,"Very Inaccurate",1
"sapa_personality","sapa_personality_1","q_1488","SAPA-Project 696-item temperament item set (IPIP-based scales and the EPQ-R)",NA,NA,"Often make last-minute plans.",NA,"Moderately Inaccurate",2
"sapa_personality","sapa_personality_1","q_1488","SAPA-Project 696-item temperament item set (IPIP-based scales and the EPQ-R)",NA,NA,"Often make last-minute plans.",NA,"Slightly Inaccurate",3
"sapa_personality","sapa_personality_1","q_1488","SAPA-Project 696-item temperament item set (IPIP-based scales and the EPQ-R)",NA,NA,"Often make last-minute plans.",NA,"Slightly Accurate",4
"sapa_personality","sapa_personality_1","q_1488","SAPA-Project 696-item temperament item set (IPIP-based scales and the EPQ-R)",NA,NA,"Often make last-minute plans.",NA,"Moderately Accurate",5
"sapa_personality","sapa_personality_1","q_1488","SAPA-Project 696-item temperament item set (IPIP-based scales and the EPQ-R)",NA,NA,"Often make last-minute plans.",NA,"Very Accurate",6
"sapa_personality","sapa_personality_1","q_1490","SAPA-Project 696-item temperament item set (IPIP-based scales and the EPQ-R)",NA,NA,"Often need help.",NA,"Very Inaccurate",1
"sapa_personality","sapa_personality_1","q_1490","SAPA-Project 696-item temperament item set (IPIP-based scales and the EPQ-R)",NA,NA,"Often need help.",NA,"Moderately Inaccurate",2
"sapa_personality","sapa_personality_1","q_1490","SAPA-Project 696-item temperament item set (IPIP-based scales and the EPQ-R)",NA,NA,"Often need help.",NA,"Slightly Inaccurate",3
"sapa_personality","sapa_personality_1","q_1490","SAPA-Project 696-item temperament item set (IPIP-based scales and the EPQ-R)",NA,NA,"Often need help.",NA,"Slightly Accurate",4
"sapa_personality","sapa_personality_1","q_1490","SAPA-Project 696-item temperament item set (IPIP-based scales and the EPQ-R)",NA,NA,"Often need help.",NA,"Moderately Accurate",5
"sapa_personality","sapa_personality_1","q_1490","SAPA-Project 696-item temperament item set (IPIP-based scales and the EPQ-R)",NA,NA,"Often need help.",NA,"Very Accurate",6
"sapa_personality","sapa_personality_1","q_1495","SAPA-Project 696-item temperament item set (IPIP-based scales and the EPQ-R)",NA,NA,"[Often worry things unimportant].",NA,"Very Inaccurate",1
"sapa_personality","sapa_personality_1","q_1495","SAPA-Project 696-item temperament item set (IPIP-based scales and the EPQ-R)",NA,NA,"[Often worry things unimportant].",NA,"Moderately Inaccurate",2
"sapa_personality","sapa_personality_1","q_1495","SAPA-Project 696-item temperament item set (IPIP-based scales and the EPQ-R)",NA,NA,"[Often worry things unimportant].",NA,"Slightly Inaccurate",3
"sapa_personality","sapa_personality_1","q_1495","SAPA-Project 696-item temperament item set (IPIP-based scales and the EPQ-R)",NA,NA,"[Often worry things unimportant].",NA,"Slightly Accurate",4
"sapa_personality","sapa_personality_1","q_1495","SAPA-Project 696-item temperament item set (IPIP-based scales and the EPQ-R)",NA,NA,"[Often worry things unimportant].",NA,"Moderately Accurate",5
"sapa_personality","sapa_personality_1","q_1495","SAPA-Project 696-item temperament item set (IPIP-based scales and the EPQ-R)",NA,NA,"[Often worry things unimportant].",NA,"Very Accurate",6
"sapa_personality","sapa_personality_1","q_1496","SAPA-Project 696-item temperament item set (IPIP-based scales and the EPQ-R)",NA,NA,"Only feel comfortable with friends.",NA,"Very Inaccurate",1
"sapa_personality","sapa_personality_1","q_1496","SAPA-Project 696-item temperament item set (IPIP-based scales and the EPQ-R)",NA,NA,"Only feel comfortable with friends.",NA,"Moderately Inaccurate",2
"sapa_personality","sapa_personality_1","q_1496","SAPA-Project 696-item temperament item set (IPIP-based scales and the EPQ-R)",NA,NA,"Only feel comfortable with friends.",NA,"Slightly Inaccurate",3
"sapa_personality","sapa_personality_1","q_1496","SAPA-Project 696-item temperament item set (IPIP-based scales and the EPQ-R)",NA,NA,"Only feel comfortable with friends.",NA,"Slightly Accurate",4
"sapa_personality","sapa_personality_1","q_1496","SAPA-Project 696-item temperament item set (IPIP-based scales and the EPQ-R)",NA,NA,"Only feel comfortable with friends.",NA,"Moderately Accurate",5
"sapa_personality","sapa_personality_1","q_1496","SAPA-Project 696-item temperament item set (IPIP-based scales and the EPQ-R)",NA,NA,"Only feel comfortable with friends.",NA,"Very Accurate",6
"sapa_personality","sapa_personality_1","q_1505","SAPA-Project 696-item temperament item set (IPIP-based scales and the EPQ-R)",NA,NA,"Panic easily.",NA,"Very Inaccurate",1
"sapa_personality","sapa_personality_1","q_1505","SAPA-Project 696-item temperament item set (IPIP-based scales and the EPQ-R)",NA,NA,"Panic easily.",NA,"Moderately Inaccurate",2
"sapa_personality","sapa_personality_1","q_1505","SAPA-Project 696-item temperament item set (IPIP-based scales and the EPQ-R)",NA,NA,"Panic easily.",NA,"Slightly Inaccurate",3
"sapa_personality","sapa_personality_1","q_1505","SAPA-Project 696-item temperament item set (IPIP-based scales and the EPQ-R)",NA,NA,"Panic easily.",NA,"Slightly Accurate",4
"sapa_personality","sapa_personality_1","q_1505","SAPA-Project 696-item temperament item set (IPIP-based scales and the EPQ-R)",NA,NA,"Panic easily.",NA,"Moderately Accurate",5
"sapa_personality","sapa_personality_1","q_1505","SAPA-Project 696-item temperament item set (IPIP-based scales and the EPQ-R)",NA,NA,"Panic easily.",NA,"Very Accurate",6
"sapa_personality","sapa_personality_1","q_1507","SAPA-Project 696-item temperament item set (IPIP-based scales and the EPQ-R)",NA,NA,"Pay attention to details.",NA,"Very Inaccurate",1
"sapa_personality","sapa_personality_1","q_1507","SAPA-Project 696-item temperament item set (IPIP-based scales and the EPQ-R)",NA,NA,"Pay attention to details.",NA,"Moderately Inaccurate",2
"sapa_personality","sapa_personality_1","q_1507","SAPA-Project 696-item temperament item set (IPIP-based scales and the EPQ-R)",NA,NA,"Pay attention to details.",NA,"Slightly Inaccurate",3
"sapa_personality","sapa_personality_1","q_1507","SAPA-Project 696-item temperament item set (IPIP-based scales and the EPQ-R)",NA,NA,"Pay attention to details.",NA,"Slightly Accurate",4
"sapa_personality","sapa_personality_1","q_1507","SAPA-Project 696-item temperament item set (IPIP-based scales and the EPQ-R)",NA,NA,"Pay attention to details.",NA,"Moderately Accurate",5
"sapa_personality","sapa_personality_1","q_1507","SAPA-Project 696-item temperament item set (IPIP-based scales and the EPQ-R)",NA,NA,"Pay attention to details.",NA,"Very Accurate",6
"sapa_personality","sapa_personality_1","q_1508","SAPA-Project 696-item temperament item set (IPIP-based scales and the EPQ-R)",NA,NA,"Pay my bills on time.",NA,"Very Inaccurate",1
"sapa_personality","sapa_personality_1","q_1508","SAPA-Project 696-item temperament item set (IPIP-based scales and the EPQ-R)",NA,NA,"Pay my bills on time.",NA,"Moderately Inaccurate",2
"sapa_personality","sapa_personality_1","q_1508","SAPA-Project 696-item temperament item set (IPIP-based scales and the EPQ-R)",NA,NA,"Pay my bills on time.",NA,"Slightly Inaccurate",3
"sapa_personality","sapa_personality_1","q_1508","SAPA-Project 696-item temperament item set (IPIP-based scales and the EPQ-R)",NA,NA,"Pay my bills on time.",NA,"Slightly Accurate",4
"sapa_personality","sapa_personality_1","q_1508","SAPA-Project 696-item temperament item set (IPIP-based scales and the EPQ-R)",NA,NA,"Pay my bills on time.",NA,"Moderately Accurate",5
"sapa_personality","sapa_personality_1","q_1508","SAPA-Project 696-item temperament item set (IPIP-based scales and the EPQ-R)",NA,NA,"Pay my bills on time.",NA,"Very Accurate",6
"sapa_personality","sapa_personality_1","q_1511","SAPA-Project 696-item temperament item set (IPIP-based scales and the EPQ-R)",NA,NA,"Pay too little attention to details.",NA,"Very Inaccurate",1
"sapa_personality","sapa_personality_1","q_1511","SAPA-Project 696-item temperament item set (IPIP-based scales and the EPQ-R)",NA,NA,"Pay too little attention to details.",NA,"Moderately Inaccurate",2
"sapa_personality","sapa_personality_1","q_1511","SAPA-Project 696-item temperament item set (IPIP-based scales and the EPQ-R)",NA,NA,"Pay too little attention to details.",NA,"Slightly Inaccurate",3
"sapa_personality","sapa_personality_1","q_1511","SAPA-Project 696-item temperament item set (IPIP-based scales and the EPQ-R)",NA,NA,"Pay too little attention to details.",NA,"Slightly Accurate",4
"sapa_personality","sapa_personality_1","q_1511","SAPA-Project 696-item temperament item set (IPIP-based scales and the EPQ-R)",NA,NA,"Pay too little attention to details.",NA,"Moderately Accurate",5
"sapa_personality","sapa_personality_1","q_1511","SAPA-Project 696-item temperament item set (IPIP-based scales and the EPQ-R)",NA,NA,"Pay too little attention to details.",NA,"Very Accurate",6
"sapa_personality","sapa_personality_1","q_1517","SAPA-Project 696-item temperament item set (IPIP-based scales and the EPQ-R)",NA,NA,"Play a role in order to impress people.",NA,"Very Inaccurate",1
"sapa_personality","sapa_personality_1","q_1517","SAPA-Project 696-item temperament item set (IPIP-based scales and the EPQ-R)",NA,NA,"Play a role in order to impress people.",NA,"Moderately Inaccurate",2
"sapa_personality","sapa_personality_1","q_1517","SAPA-Project 696-item temperament item set (IPIP-based scales and the EPQ-R)",NA,NA,"Play a role in order to impress people.",NA,"Slightly Inaccurate",3
"sapa_personality","sapa_personality_1","q_1517","SAPA-Project 696-item temperament item set (IPIP-based scales and the EPQ-R)",NA,NA,"Play a role in order to impress people.",NA,"Slightly Accurate",4
"sapa_personality","sapa_personality_1","q_1517","SAPA-Project 696-item temperament item set (IPIP-based scales and the EPQ-R)",NA,NA,"Play a role in order to impress people.",NA,"Moderately Accurate",5
"sapa_personality","sapa_personality_1","q_1517","SAPA-Project 696-item temperament item set (IPIP-based scales and the EPQ-R)",NA,NA,"Play a role in order to impress people.",NA,"Very Accurate",6
"sapa_personality","sapa_personality_1","q_1519","SAPA-Project 696-item temperament item set (IPIP-based scales and the EPQ-R)",NA,NA,"Plunge into tasks with all my heart.",NA,"Very Inaccurate",1
"sapa_personality","sapa_personality_1","q_1519","SAPA-Project 696-item temperament item set (IPIP-based scales and the EPQ-R)",NA,NA,"Plunge into tasks with all my heart.",NA,"Moderately Inaccurate",2
"sapa_personality","sapa_personality_1","q_1519","SAPA-Project 696-item temperament item set (IPIP-based scales and the EPQ-R)",NA,NA,"Plunge into tasks with all my heart.",NA,"Slightly Inaccurate",3
"sapa_personality","sapa_personality_1","q_1519","SAPA-Project 696-item temperament item set (IPIP-based scales and the EPQ-R)",NA,NA,"Plunge into tasks with all my heart.",NA,"Slightly Accurate",4
"sapa_personality","sapa_personality_1","q_1519","SAPA-Project 696-item temperament item set (IPIP-based scales and the EPQ-R)",NA,NA,"Plunge into tasks with all my heart.",NA,"Moderately Accurate",5
"sapa_personality","sapa_personality_1","q_1519","SAPA-Project 696-item temperament item set (IPIP-based scales and the EPQ-R)",NA,NA,"Plunge into tasks with all my heart.",NA,"Very Accurate",6
"sapa_personality","sapa_personality_1","q_1521","SAPA-Project 696-item temperament item set (IPIP-based scales and the EPQ-R)",NA,NA,"Postpone decisions.",NA,"Very Inaccurate",1
"sapa_personality","sapa_personality_1","q_1521","SAPA-Project 696-item temperament item set (IPIP-based scales and the EPQ-R)",NA,NA,"Postpone decisions.",NA,"Moderately Inaccurate",2
"sapa_personality","sapa_personality_1","q_1521","SAPA-Project 696-item temperament item set (IPIP-based scales and the EPQ-R)",NA,NA,"Postpone decisions.",NA,"Slightly Inaccurate",3
"sapa_personality","sapa_personality_1","q_1521","SAPA-Project 696-item temperament item set (IPIP-based scales and the EPQ-R)",NA,NA,"Postpone decisions.",NA,"Slightly Accurate",4
"sapa_personality","sapa_personality_1","q_1521","SAPA-Project 696-item temperament item set (IPIP-based scales and the EPQ-R)",NA,NA,"Postpone decisions.",NA,"Moderately Accurate",5
"sapa_personality","sapa_personality_1","q_1521","SAPA-Project 696-item temperament item set (IPIP-based scales and the EPQ-R)",NA,NA,"Postpone decisions.",NA,"Very Accurate",6
"sapa_personality","sapa_personality_1","q_1531","SAPA-Project 696-item temperament item set (IPIP-based scales and the EPQ-R)",NA,NA,"Prefer to be alone.",NA,"Very Inaccurate",1
"sapa_personality","sapa_personality_1","q_1531","SAPA-Project 696-item temperament item set (IPIP-based scales and the EPQ-R)",NA,NA,"Prefer to be alone.",NA,"Moderately Inaccurate",2
"sapa_personality","sapa_personality_1","q_1531","SAPA-Project 696-item temperament item set (IPIP-based scales and the EPQ-R)",NA,NA,"Prefer to be alone.",NA,"Slightly Inaccurate",3
"sapa_personality","sapa_personality_1","q_1531","SAPA-Project 696-item temperament item set (IPIP-based scales and the EPQ-R)",NA,NA,"Prefer to be alone.",NA,"Slightly Accurate",4
"sapa_personality","sapa_personality_1","q_1531","SAPA-Project 696-item temperament item set (IPIP-based scales and the EPQ-R)",NA,NA,"Prefer to be alone.",NA,"Moderately Accurate",5
"sapa_personality","sapa_personality_1","q_1531","SAPA-Project 696-item temperament item set (IPIP-based scales and the EPQ-R)",NA,NA,"Prefer to be alone.",NA,"Very Accurate",6
"sapa_personality","sapa_personality_1","q_1536","SAPA-Project 696-item temperament item set (IPIP-based scales and the EPQ-R)",NA,NA,"Prefer to eat at expensive restaurants.",NA,"Very Inaccurate",1
"sapa_personality","sapa_personality_1","q_1536","SAPA-Project 696-item temperament item set (IPIP-based scales and the EPQ-R)",NA,NA,"Prefer to eat at expensive restaurants.",NA,"Moderately Inaccurate",2
"sapa_personality","sapa_personality_1","q_1536","SAPA-Project 696-item temperament item set (IPIP-based scales and the EPQ-R)",NA,NA,"Prefer to eat at expensive restaurants.",NA,"Slightly Inaccurate",3
"sapa_personality","sapa_personality_1","q_1536","SAPA-Project 696-item temperament item set (IPIP-based scales and the EPQ-R)",NA,NA,"Prefer to eat at expensive restaurants.",NA,"Slightly Accurate",4
"sapa_personality","sapa_personality_1","q_1536","SAPA-Project 696-item temperament item set (IPIP-based scales and the EPQ-R)",NA,NA,"Prefer to eat at expensive restaurants.",NA,"Moderately Accurate",5
"sapa_personality","sapa_personality_1","q_1536","SAPA-Project 696-item temperament item set (IPIP-based scales and the EPQ-R)",NA,NA,"Prefer to eat at expensive restaurants.",NA,"Very Accurate",6
"sapa_personality","sapa_personality_1","q_1537","SAPA-Project 696-item temperament item set (IPIP-based scales and the EPQ-R)",NA,NA,"Prefer to just let things happen.",NA,"Very Inaccurate",1
"sapa_personality","sapa_personality_1","q_1537","SAPA-Project 696-item temperament item set (IPIP-based scales and the EPQ-R)",NA,NA,"Prefer to just let things happen.",NA,"Moderately Inaccurate",2
"sapa_personality","sapa_personality_1","q_1537","SAPA-Project 696-item temperament item set (IPIP-based scales and the EPQ-R)",NA,NA,"Prefer to just let things happen.",NA,"Slightly Inaccurate",3
"sapa_personality","sapa_personality_1","q_1537","SAPA-Project 696-item temperament item set (IPIP-based scales and the EPQ-R)",NA,NA,"Prefer to just let things happen.",NA,"Slightly Accurate",4
"sapa_personality","sapa_personality_1","q_1537","SAPA-Project 696-item temperament item set (IPIP-based scales and the EPQ-R)",NA,NA,"Prefer to just let things happen.",NA,"Moderately Accurate",5
"sapa_personality","sapa_personality_1","q_1537","SAPA-Project 696-item temperament item set (IPIP-based scales and the EPQ-R)",NA,NA,"Prefer to just let things happen.",NA,"Very Accurate",6
"sapa_personality","sapa_personality_1","q_1540","SAPA-Project 696-item temperament item set (IPIP-based scales and the EPQ-R)",NA,NA,"Prefer to stick with things that I know.",NA,"Very Inaccurate",1
"sapa_personality","sapa_personality_1","q_1540","SAPA-Project 696-item temperament item set (IPIP-based scales and the EPQ-R)",NA,NA,"Prefer to stick with things that I know.",NA,"Moderately Inaccurate",2
"sapa_personality","sapa_personality_1","q_1540","SAPA-Project 696-item temperament item set (IPIP-based scales and the EPQ-R)",NA,NA,"Prefer to stick with things that I know.",NA,"Slightly Inaccurate",3
"sapa_personality","sapa_personality_1","q_1540","SAPA-Project 696-item temperament item set (IPIP-based scales and the EPQ-R)",NA,NA,"Prefer to stick with things that I know.",NA,"Slightly Accurate",4
"sapa_personality","sapa_personality_1","q_1540","SAPA-Project 696-item temperament item set (IPIP-based scales and the EPQ-R)",NA,NA,"Prefer to stick with things that I know.",NA,"Moderately Accurate",5
"sapa_personality","sapa_personality_1","q_1540","SAPA-Project 696-item temperament item set (IPIP-based scales and the EPQ-R)",NA,NA,"Prefer to stick with things that I know.",NA,"Very Accurate",6
"sapa_personality","sapa_personality_1","q_1542","SAPA-Project 696-item temperament item set (IPIP-based scales and the EPQ-R)",NA,NA,"Prefer variety to routine.",NA,"Very Inaccurate",1
"sapa_personality","sapa_personality_1","q_1542","SAPA-Project 696-item temperament item set (IPIP-based scales and the EPQ-R)",NA,NA,"Prefer variety to routine.",NA,"Moderately Inaccurate",2
"sapa_personality","sapa_personality_1","q_1542","SAPA-Project 696-item temperament item set (IPIP-based scales and the EPQ-R)",NA,NA,"Prefer variety to routine.",NA,"Slightly Inaccurate",3
"sapa_personality","sapa_personality_1","q_1542","SAPA-Project 696-item temperament item set (IPIP-based scales and the EPQ-R)",NA,NA,"Prefer variety to routine.",NA,"Slightly Accurate",4
"sapa_personality","sapa_personality_1","q_1542","SAPA-Project 696-item temperament item set (IPIP-based scales and the EPQ-R)",NA,NA,"Prefer variety to routine.",NA,"Moderately Accurate",5
"sapa_personality","sapa_personality_1","q_1542","SAPA-Project 696-item temperament item set (IPIP-based scales and the EPQ-R)",NA,NA,"Prefer variety to routine.",NA,"Very Accurate",6
"sapa_personality","sapa_personality_1","q_1543","SAPA-Project 696-item temperament item set (IPIP-based scales and the EPQ-R)",NA,NA,"Pretend to be concerned for others.",NA,"Very Inaccurate",1
"sapa_personality","sapa_personality_1","q_1543","SAPA-Project 696-item temperament item set (IPIP-based scales and the EPQ-R)",NA,NA,"Pretend to be concerned for others.",NA,"Moderately Inaccurate",2
"sapa_personality","sapa_personality_1","q_1543","SAPA-Project 696-item temperament item set (IPIP-based scales and the EPQ-R)",NA,NA,"Pretend to be concerned for others.",NA,"Slightly Inaccurate",3
"sapa_personality","sapa_personality_1","q_1543","SAPA-Project 696-item temperament item set (IPIP-based scales and the EPQ-R)",NA,NA,"Pretend to be concerned for others.",NA,"Slightly Accurate",4
"sapa_personality","sapa_personality_1","q_1543","SAPA-Project 696-item temperament item set (IPIP-based scales and the EPQ-R)",NA,NA,"Pretend to be concerned for others.",NA,"Moderately Accurate",5
"sapa_personality","sapa_personality_1","q_1543","SAPA-Project 696-item temperament item set (IPIP-based scales and the EPQ-R)",NA,NA,"Pretend to be concerned for others.",NA,"Very Accurate",6
"sapa_personality","sapa_personality_1","q_1550","SAPA-Project 696-item temperament item set (IPIP-based scales and the EPQ-R)",NA,NA,"Push myself very hard to succeed.",NA,"Very Inaccurate",1
"sapa_personality","sapa_personality_1","q_1550","SAPA-Project 696-item temperament item set (IPIP-based scales and the EPQ-R)",NA,NA,"Push myself very hard to succeed.",NA,"Moderately Inaccurate",2
"sapa_personality","sapa_personality_1","q_1550","SAPA-Project 696-item temperament item set (IPIP-based scales and the EPQ-R)",NA,NA,"Push myself very hard to succeed.",NA,"Slightly Inaccurate",3
"sapa_personality","sapa_personality_1","q_1550","SAPA-Project 696-item temperament item set (IPIP-based scales and the EPQ-R)",NA,NA,"Push myself very hard to succeed.",NA,"Slightly Accurate",4
"sapa_personality","sapa_personality_1","q_1550","SAPA-Project 696-item temperament item set (IPIP-based scales and the EPQ-R)",NA,NA,"Push myself very hard to succeed.",NA,"Moderately Accurate",5
"sapa_personality","sapa_personality_1","q_1550","SAPA-Project 696-item temperament item set (IPIP-based scales and the EPQ-R)",NA,NA,"Push myself very hard to succeed.",NA,"Very Accurate",6
"sapa_personality","sapa_personality_1","q_1553","SAPA-Project 696-item temperament item set (IPIP-based scales and the EPQ-R)",NA,NA,"Put little time and effort into my work.",NA,"Very Inaccurate",1
"sapa_personality","sapa_personality_1","q_1553","SAPA-Project 696-item temperament item set (IPIP-based scales and the EPQ-R)",NA,NA,"Put little time and effort into my work.",NA,"Moderately Inaccurate",2
"sapa_personality","sapa_personality_1","q_1553","SAPA-Project 696-item temperament item set (IPIP-based scales and the EPQ-R)",NA,NA,"Put little time and effort into my work.",NA,"Slightly Inaccurate",3
"sapa_personality","sapa_personality_1","q_1553","SAPA-Project 696-item temperament item set (IPIP-based scales and the EPQ-R)",NA,NA,"Put little time and effort into my work.",NA,"Slightly Accurate",4
"sapa_personality","sapa_personality_1","q_1553","SAPA-Project 696-item temperament item set (IPIP-based scales and the EPQ-R)",NA,NA,"Put little time and effort into my work.",NA,"Moderately Accurate",5
"sapa_personality","sapa_personality_1","q_1553","SAPA-Project 696-item temperament item set (IPIP-based scales and the EPQ-R)",NA,NA,"Put little time and effort into my work.",NA,"Very Accurate",6
"sapa_personality","sapa_personality_1","q_1555","SAPA-Project 696-item temperament item set (IPIP-based scales and the EPQ-R)",NA,NA,"Put on a show to impress people.",NA,"Very Inaccurate",1
"sapa_personality","sapa_personality_1","q_1555","SAPA-Project 696-item temperament item set (IPIP-based scales and the EPQ-R)",NA,NA,"Put on a show to impress people.",NA,"Moderately Inaccurate",2
"sapa_personality","sapa_personality_1","q_1555","SAPA-Project 696-item temperament item set (IPIP-based scales and the EPQ-R)",NA,NA,"Put on a show to impress people.",NA,"Slightly Inaccurate",3
"sapa_personality","sapa_personality_1","q_1555","SAPA-Project 696-item temperament item set (IPIP-based scales and the EPQ-R)",NA,NA,"Put on a show to impress people.",NA,"Slightly Accurate",4
"sapa_personality","sapa_personality_1","q_1555","SAPA-Project 696-item temperament item set (IPIP-based scales and the EPQ-R)",NA,NA,"Put on a show to impress people.",NA,"Moderately Accurate",5
"sapa_personality","sapa_personality_1","q_1555","SAPA-Project 696-item temperament item set (IPIP-based scales and the EPQ-R)",NA,NA,"Put on a show to impress people.",NA,"Very Accurate",6
"sapa_personality","sapa_personality_1","q_1556","SAPA-Project 696-item temperament item set (IPIP-based scales and the EPQ-R)",NA,NA,"Rarely put people under pressure.",NA,"Very Inaccurate",1
"sapa_personality","sapa_personality_1","q_1556","SAPA-Project 696-item temperament item set (IPIP-based scales and the EPQ-R)",NA,NA,"Rarely put people under pressure.",NA,"Moderately Inaccurate",2
"sapa_personality","sapa_personality_1","q_1556","SAPA-Project 696-item temperament item set (IPIP-based scales and the EPQ-R)",NA,NA,"Rarely put people under pressure.",NA,"Slightly Inaccurate",3
"sapa_personality","sapa_personality_1","q_1556","SAPA-Project 696-item temperament item set (IPIP-based scales and the EPQ-R)",NA,NA,"Rarely put people under pressure.",NA,"Slightly Accurate",4
"sapa_personality","sapa_personality_1","q_1556","SAPA-Project 696-item temperament item set (IPIP-based scales and the EPQ-R)",NA,NA,"Rarely put people under pressure.",NA,"Moderately Accurate",5
"sapa_personality","sapa_personality_1","q_1556","SAPA-Project 696-item temperament item set (IPIP-based scales and the EPQ-R)",NA,NA,"Rarely put people under pressure.",NA,"Very Accurate",6
"sapa_personality","sapa_personality_1","q_1563","SAPA-Project 696-item temperament item set (IPIP-based scales and the EPQ-R)",NA,NA,"Quickly lose interest in the tasks I start.",NA,"Very Inaccurate",1
"sapa_personality","sapa_personality_1","q_1563","SAPA-Project 696-item temperament item set (IPIP-based scales and the EPQ-R)",NA,NA,"Quickly lose interest in the tasks I start.",NA,"Moderately Inaccurate",2
"sapa_personality","sapa_personality_1","q_1563","SAPA-Project 696-item temperament item set (IPIP-based scales and the EPQ-R)",NA,NA,"Quickly lose interest in the tasks I start.",NA,"Slightly Inaccurate",3
"sapa_personality","sapa_personality_1","q_1563","SAPA-Project 696-item temperament item set (IPIP-based scales and the EPQ-R)",NA,NA,"Quickly lose interest in the tasks I start.",NA,"Slightly Accurate",4
"sapa_personality","sapa_personality_1","q_1563","SAPA-Project 696-item temperament item set (IPIP-based scales and the EPQ-R)",NA,NA,"Quickly lose interest in the tasks I start.",NA,"Moderately Accurate",5
"sapa_personality","sapa_personality_1","q_1563","SAPA-Project 696-item temperament item set (IPIP-based scales and the EPQ-R)",NA,NA,"Quickly lose interest in the tasks I start.",NA,"Very Accurate",6
"sapa_personality","sapa_personality_1","q_1567","SAPA-Project 696-item temperament item set (IPIP-based scales and the EPQ-R)",NA,NA,"Radiate joy.",NA,"Very Inaccurate",1
"sapa_personality","sapa_personality_1","q_1567","SAPA-Project 696-item temperament item set (IPIP-based scales and the EPQ-R)",NA,NA,"Radiate joy.",NA,"Moderately Inaccurate",2
"sapa_personality","sapa_personality_1","q_1567","SAPA-Project 696-item temperament item set (IPIP-based scales and the EPQ-R)",NA,NA,"Radiate joy.",NA,"Slightly Inaccurate",3
"sapa_personality","sapa_personality_1","q_1567","SAPA-Project 696-item temperament item set (IPIP-based scales and the EPQ-R)",NA,NA,"Radiate joy.",NA,"Slightly Accurate",4
"sapa_personality","sapa_personality_1","q_1567","SAPA-Project 696-item temperament item set (IPIP-based scales and the EPQ-R)",NA,NA,"Radiate joy.",NA,"Moderately Accurate",5
"sapa_personality","sapa_personality_1","q_1567","SAPA-Project 696-item temperament item set (IPIP-based scales and the EPQ-R)",NA,NA,"Radiate joy.",NA,"Very Accurate",6
"sapa_personality","sapa_personality_1","q_1571","SAPA-Project 696-item temperament item set (IPIP-based scales and the EPQ-R)",NA,NA,"Rarely complain.",NA,"Very Inaccurate",1
"sapa_personality","sapa_personality_1","q_1571","SAPA-Project 696-item temperament item set (IPIP-based scales and the EPQ-R)",NA,NA,"Rarely complain.",NA,"Moderately Inaccurate",2
"sapa_personality","sapa_personality_1","q_1571","SAPA-Project 696-item temperament item set (IPIP-based scales and the EPQ-R)",NA,NA,"Rarely complain.",NA,"Slightly Inaccurate",3
"sapa_personality","sapa_personality_1","q_1571","SAPA-Project 696-item temperament item set (IPIP-based scales and the EPQ-R)",NA,NA,"Rarely complain.",NA,"Slightly Accurate",4
"sapa_personality","sapa_personality_1","q_1571","SAPA-Project 696-item temperament item set (IPIP-based scales and the EPQ-R)",NA,NA,"Rarely complain.",NA,"Moderately Accurate",5
"sapa_personality","sapa_personality_1","q_1571","SAPA-Project 696-item temperament item set (IPIP-based scales and the EPQ-R)",NA,NA,"Rarely complain.",NA,"Very Accurate",6
"sapa_personality","sapa_personality_1","q_1573","SAPA-Project 696-item temperament item set (IPIP-based scales and the EPQ-R)",NA,NA,"Rarely cry during sad movies.",NA,"Very Inaccurate",1
"sapa_personality","sapa_personality_1","q_1573","SAPA-Project 696-item temperament item set (IPIP-based scales and the EPQ-R)",NA,NA,"Rarely cry during sad movies.",NA,"Moderately Inaccurate",2
"sapa_personality","sapa_personality_1","q_1573","SAPA-Project 696-item temperament item set (IPIP-based scales and the EPQ-R)",NA,NA,"Rarely cry during sad movies.",NA,"Slightly Inaccurate",3
"sapa_personality","sapa_personality_1","q_1573","SAPA-Project 696-item temperament item set (IPIP-based scales and the EPQ-R)",NA,NA,"Rarely cry during sad movies.",NA,"Slightly Accurate",4
"sapa_personality","sapa_personality_1","q_1573","SAPA-Project 696-item temperament item set (IPIP-based scales and the EPQ-R)",NA,NA,"Rarely cry during sad movies.",NA,"Moderately Accurate",5
"sapa_personality","sapa_personality_1","q_1573","SAPA-Project 696-item temperament item set (IPIP-based scales and the EPQ-R)",NA,NA,"Rarely cry during sad movies.",NA,"Very Accurate",6
"sapa_personality","sapa_personality_1","q_1575","SAPA-Project 696-item temperament item set (IPIP-based scales and the EPQ-R)",NA,NA,"Rarely enjoy being with people.",NA,"Very Inaccurate",1
"sapa_personality","sapa_personality_1","q_1575","SAPA-Project 696-item temperament item set (IPIP-based scales and the EPQ-R)",NA,NA,"Rarely enjoy being with people.",NA,"Moderately Inaccurate",2
"sapa_personality","sapa_personality_1","q_1575","SAPA-Project 696-item temperament item set (IPIP-based scales and the EPQ-R)",NA,NA,"Rarely enjoy being with people.",NA,"Slightly Inaccurate",3
"sapa_personality","sapa_personality_1","q_1575","SAPA-Project 696-item temperament item set (IPIP-based scales and the EPQ-R)",NA,NA,"Rarely enjoy being with people.",NA,"Slightly Accurate",4
"sapa_personality","sapa_personality_1","q_1575","SAPA-Project 696-item temperament item set (IPIP-based scales and the EPQ-R)",NA,NA,"Rarely enjoy being with people.",NA,"Moderately Accurate",5
"sapa_personality","sapa_personality_1","q_1575","SAPA-Project 696-item temperament item set (IPIP-based scales and the EPQ-R)",NA,NA,"Rarely enjoy being with people.",NA,"Very Accurate",6
"sapa_personality","sapa_personality_1","q_1577","SAPA-Project 696-item temperament item set (IPIP-based scales and the EPQ-R)",NA,NA,"Rarely feel angry with people.",NA,"Very Inaccurate",1
"sapa_personality","sapa_personality_1","q_1577","SAPA-Project 696-item temperament item set (IPIP-based scales and the EPQ-R)",NA,NA,"Rarely feel angry with people.",NA,"Moderately Inaccurate",2
"sapa_personality","sapa_personality_1","q_1577","SAPA-Project 696-item temperament item set (IPIP-based scales and the EPQ-R)",NA,NA,"Rarely feel angry with people.",NA,"Slightly Inaccurate",3
"sapa_personality","sapa_personality_1","q_1577","SAPA-Project 696-item temperament item set (IPIP-based scales and the EPQ-R)",NA,NA,"Rarely feel angry with people.",NA,"Slightly Accurate",4
"sapa_personality","sapa_personality_1","q_1577","SAPA-Project 696-item temperament item set (IPIP-based scales and the EPQ-R)",NA,NA,"Rarely feel angry with people.",NA,"Moderately Accurate",5
"sapa_personality","sapa_personality_1","q_1577","SAPA-Project 696-item temperament item set (IPIP-based scales and the EPQ-R)",NA,NA,"Rarely feel angry with people.",NA,"Very Accurate",6
"sapa_personality","sapa_personality_1","q_1578","SAPA-Project 696-item temperament item set (IPIP-based scales and the EPQ-R)",NA,NA,"Rarely feel depressed.",NA,"Very Inaccurate",1
"sapa_personality","sapa_personality_1","q_1578","SAPA-Project 696-item temperament item set (IPIP-based scales and the EPQ-R)",NA,NA,"Rarely feel depressed.",NA,"Moderately Inaccurate",2
"sapa_personality","sapa_personality_1","q_1578","SAPA-Project 696-item temperament item set (IPIP-based scales and the EPQ-R)",NA,NA,"Rarely feel depressed.",NA,"Slightly Inaccurate",3
"sapa_personality","sapa_personality_1","q_1578","SAPA-Project 696-item temperament item set (IPIP-based scales and the EPQ-R)",NA,NA,"Rarely feel depressed.",NA,"Slightly Accurate",4
"sapa_personality","sapa_personality_1","q_1578","SAPA-Project 696-item temperament item set (IPIP-based scales and the EPQ-R)",NA,NA,"Rarely feel depressed.",NA,"Moderately Accurate",5
"sapa_personality","sapa_personality_1","q_1578","SAPA-Project 696-item temperament item set (IPIP-based scales and the EPQ-R)",NA,NA,"Rarely feel depressed.",NA,"Very Accurate",6
"sapa_personality","sapa_personality_1","q_1583","SAPA-Project 696-item temperament item set (IPIP-based scales and the EPQ-R)",NA,NA,"Rarely get caught up in the excitement.",NA,"Very Inaccurate",1
"sapa_personality","sapa_personality_1","q_1583","SAPA-Project 696-item temperament item set (IPIP-based scales and the EPQ-R)",NA,NA,"Rarely get caught up in the excitement.",NA,"Moderately Inaccurate",2
"sapa_personality","sapa_personality_1","q_1583","SAPA-Project 696-item temperament item set (IPIP-based scales and the EPQ-R)",NA,NA,"Rarely get caught up in the excitement.",NA,"Slightly Inaccurate",3
"sapa_personality","sapa_personality_1","q_1583","SAPA-Project 696-item temperament item set (IPIP-based scales and the EPQ-R)",NA,NA,"Rarely get caught up in the excitement.",NA,"Slightly Accurate",4
"sapa_personality","sapa_personality_1","q_1583","SAPA-Project 696-item temperament item set (IPIP-based scales and the EPQ-R)",NA,NA,"Rarely get caught up in the excitement.",NA,"Moderately Accurate",5
"sapa_personality","sapa_personality_1","q_1583","SAPA-Project 696-item temperament item set (IPIP-based scales and the EPQ-R)",NA,NA,"Rarely get caught up in the excitement.",NA,"Very Accurate",6
"sapa_personality","sapa_personality_1","q_1585","SAPA-Project 696-item temperament item set (IPIP-based scales and the EPQ-R)",NA,NA,"Rarely get irritated.",NA,"Very Inaccurate",1
"sapa_personality","sapa_personality_1","q_1585","SAPA-Project 696-item temperament item set (IPIP-based scales and the EPQ-R)",NA,NA,"Rarely get irritated.",NA,"Moderately Inaccurate",2
"sapa_personality","sapa_personality_1","q_1585","SAPA-Project 696-item temperament item set (IPIP-based scales and the EPQ-R)",NA,NA,"Rarely get irritated.",NA,"Slightly Inaccurate",3
"sapa_personality","sapa_personality_1","q_1585","SAPA-Project 696-item temperament item set (IPIP-based scales and the EPQ-R)",NA,NA,"Rarely get irritated.",NA,"Slightly Accurate",4
"sapa_personality","sapa_personality_1","q_1585","SAPA-Project 696-item temperament item set (IPIP-based scales and the EPQ-R)",NA,NA,"Rarely get irritated.",NA,"Moderately Accurate",5
"sapa_personality","sapa_personality_1","q_1585","SAPA-Project 696-item temperament item set (IPIP-based scales and the EPQ-R)",NA,NA,"Rarely get irritated.",NA,"Very Accurate",6
"sapa_personality","sapa_personality_1","q_1587","SAPA-Project 696-item temperament item set (IPIP-based scales and the EPQ-R)",NA,NA,"Rarely look for a deeper meaning in things.",NA,"Very Inaccurate",1
"sapa_personality","sapa_personality_1","q_1587","SAPA-Project 696-item temperament item set (IPIP-based scales and the EPQ-R)",NA,NA,"Rarely look for a deeper meaning in things.",NA,"Moderately Inaccurate",2
"sapa_personality","sapa_personality_1","q_1587","SAPA-Project 696-item temperament item set (IPIP-based scales and the EPQ-R)",NA,NA,"Rarely look for a deeper meaning in things.",NA,"Slightly Inaccurate",3
"sapa_personality","sapa_personality_1","q_1587","SAPA-Project 696-item temperament item set (IPIP-based scales and the EPQ-R)",NA,NA,"Rarely look for a deeper meaning in things.",NA,"Slightly Accurate",4
"sapa_personality","sapa_personality_1","q_1587","SAPA-Project 696-item temperament item set (IPIP-based scales and the EPQ-R)",NA,NA,"Rarely look for a deeper meaning in things.",NA,"Moderately Accurate",5
"sapa_personality","sapa_personality_1","q_1587","SAPA-Project 696-item temperament item set (IPIP-based scales and the EPQ-R)",NA,NA,"Rarely look for a deeper meaning in things.",NA,"Very Accurate",6
"sapa_personality","sapa_personality_1","q_1588","SAPA-Project 696-item temperament item set (IPIP-based scales and the EPQ-R)",NA,NA,"Rarely lose my composure.",NA,"Very Inaccurate",1
"sapa_personality","sapa_personality_1","q_1588","SAPA-Project 696-item temperament item set (IPIP-based scales and the EPQ-R)",NA,NA,"Rarely lose my composure.",NA,"Moderately Inaccurate",2
"sapa_personality","sapa_personality_1","q_1588","SAPA-Project 696-item temperament item set (IPIP-based scales and the EPQ-R)",NA,NA,"Rarely lose my composure.",NA,"Slightly Inaccurate",3
"sapa_personality","sapa_personality_1","q_1588","SAPA-Project 696-item temperament item set (IPIP-based scales and the EPQ-R)",NA,NA,"Rarely lose my composure.",NA,"Slightly Accurate",4
"sapa_personality","sapa_personality_1","q_1588","SAPA-Project 696-item temperament item set (IPIP-based scales and the EPQ-R)",NA,NA,"Rarely lose my composure.",NA,"Moderately Accurate",5
"sapa_personality","sapa_personality_1","q_1588","SAPA-Project 696-item temperament item set (IPIP-based scales and the EPQ-R)",NA,NA,"Rarely lose my composure.",NA,"Very Accurate",6
"sapa_personality","sapa_personality_1","q_1589","SAPA-Project 696-item temperament item set (IPIP-based scales and the EPQ-R)",NA,NA,"Rarely notice my emotional reactions.",NA,"Very Inaccurate",1
"sapa_personality","sapa_personality_1","q_1589","SAPA-Project 696-item temperament item set (IPIP-based scales and the EPQ-R)",NA,NA,"Rarely notice my emotional reactions.",NA,"Moderately Inaccurate",2
"sapa_personality","sapa_personality_1","q_1589","SAPA-Project 696-item temperament item set (IPIP-based scales and the EPQ-R)",NA,NA,"Rarely notice my emotional reactions.",NA,"Slightly Inaccurate",3
"sapa_personality","sapa_personality_1","q_1589","SAPA-Project 696-item temperament item set (IPIP-based scales and the EPQ-R)",NA,NA,"Rarely notice my emotional reactions.",NA,"Slightly Accurate",4
"sapa_personality","sapa_personality_1","q_1589","SAPA-Project 696-item temperament item set (IPIP-based scales and the EPQ-R)",NA,NA,"Rarely notice my emotional reactions.",NA,"Moderately Accurate",5
"sapa_personality","sapa_personality_1","q_1589","SAPA-Project 696-item temperament item set (IPIP-based scales and the EPQ-R)",NA,NA,"Rarely notice my emotional reactions.",NA,"Very Accurate",6
"sapa_personality","sapa_personality_1","q_1590","SAPA-Project 696-item temperament item set (IPIP-based scales and the EPQ-R)",NA,NA,"Rarely overindulge.",NA,"Very Inaccurate",1
"sapa_personality","sapa_personality_1","q_1590","SAPA-Project 696-item temperament item set (IPIP-based scales and the EPQ-R)",NA,NA,"Rarely overindulge.",NA,"Moderately Inaccurate",2
"sapa_personality","sapa_personality_1","q_1590","SAPA-Project 696-item temperament item set (IPIP-based scales and the EPQ-R)",NA,NA,"Rarely overindulge.",NA,"Slightly Inaccurate",3
"sapa_personality","sapa_personality_1","q_1590","SAPA-Project 696-item temperament item set (IPIP-based scales and the EPQ-R)",NA,NA,"Rarely overindulge.",NA,"Slightly Accurate",4
"sapa_personality","sapa_personality_1","q_1590","SAPA-Project 696-item temperament item set (IPIP-based scales and the EPQ-R)",NA,NA,"Rarely overindulge.",NA,"Moderately Accurate",5
"sapa_personality","sapa_personality_1","q_1590","SAPA-Project 696-item temperament item set (IPIP-based scales and the EPQ-R)",NA,NA,"Rarely overindulge.",NA,"Very Accurate",6
"sapa_personality","sapa_personality_1","q_1591","SAPA-Project 696-item temperament item set (IPIP-based scales and the EPQ-R)",NA,NA,"Rarely show my anger.",NA,"Very Inaccurate",1
"sapa_personality","sapa_personality_1","q_1591","SAPA-Project 696-item temperament item set (IPIP-based scales and the EPQ-R)",NA,NA,"Rarely show my anger.",NA,"Moderately Inaccurate",2
"sapa_personality","sapa_personality_1","q_1591","SAPA-Project 696-item temperament item set (IPIP-based scales and the EPQ-R)",NA,NA,"Rarely show my anger.",NA,"Slightly Inaccurate",3
"sapa_personality","sapa_personality_1","q_1591","SAPA-Project 696-item temperament item set (IPIP-based scales and the EPQ-R)",NA,NA,"Rarely show my anger.",NA,"Slightly Accurate",4
"sapa_personality","sapa_personality_1","q_1591","SAPA-Project 696-item temperament item set (IPIP-based scales and the EPQ-R)",NA,NA,"Rarely show my anger.",NA,"Moderately Accurate",5
"sapa_personality","sapa_personality_1","q_1591","SAPA-Project 696-item temperament item set (IPIP-based scales and the EPQ-R)",NA,NA,"Rarely show my anger.",NA,"Very Accurate",6
"sapa_personality","sapa_personality_1","q_1596","SAPA-Project 696-item temperament item set (IPIP-based scales and the EPQ-R)",NA,NA,"Rarely worry.",NA,"Very Inaccurate",1
"sapa_personality","sapa_personality_1","q_1596","SAPA-Project 696-item temperament item set (IPIP-based scales and the EPQ-R)",NA,NA,"Rarely worry.",NA,"Moderately Inaccurate",2
"sapa_personality","sapa_personality_1","q_1596","SAPA-Project 696-item temperament item set (IPIP-based scales and the EPQ-R)",NA,NA,"Rarely worry.",NA,"Slightly Inaccurate",3
"sapa_personality","sapa_personality_1","q_1596","SAPA-Project 696-item temperament item set (IPIP-based scales and the EPQ-R)",NA,NA,"Rarely worry.",NA,"Slightly Accurate",4
"sapa_personality","sapa_personality_1","q_1596","SAPA-Project 696-item temperament item set (IPIP-based scales and the EPQ-R)",NA,NA,"Rarely worry.",NA,"Moderately Accurate",5
"sapa_personality","sapa_personality_1","q_1596","SAPA-Project 696-item temperament item set (IPIP-based scales and the EPQ-R)",NA,NA,"Rarely worry.",NA,"Very Accurate",6
"sapa_personality","sapa_personality_1","q_1599","SAPA-Project 696-item temperament item set (IPIP-based scales and the EPQ-R)",NA,NA,"React quickly.",NA,"Very Inaccurate",1
"sapa_personality","sapa_personality_1","q_1599","SAPA-Project 696-item temperament item set (IPIP-based scales and the EPQ-R)",NA,NA,"React quickly.",NA,"Moderately Inaccurate",2
"sapa_personality","sapa_personality_1","q_1599","SAPA-Project 696-item temperament item set (IPIP-based scales and the EPQ-R)",NA,NA,"React quickly.",NA,"Slightly Inaccurate",3
"sapa_personality","sapa_personality_1","q_1599","SAPA-Project 696-item temperament item set (IPIP-based scales and the EPQ-R)",NA,NA,"React quickly.",NA,"Slightly Accurate",4
"sapa_personality","sapa_personality_1","q_1599","SAPA-Project 696-item temperament item set (IPIP-based scales and the EPQ-R)",NA,NA,"React quickly.",NA,"Moderately Accurate",5
"sapa_personality","sapa_personality_1","q_1599","SAPA-Project 696-item temperament item set (IPIP-based scales and the EPQ-R)",NA,NA,"React quickly.",NA,"Very Accurate",6
"sapa_personality","sapa_personality_1","q_1600","SAPA-Project 696-item temperament item set (IPIP-based scales and the EPQ-R)",NA,NA,"React slowly.",NA,"Very Inaccurate",1
"sapa_personality","sapa_personality_1","q_1600","SAPA-Project 696-item temperament item set (IPIP-based scales and the EPQ-R)",NA,NA,"React slowly.",NA,"Moderately Inaccurate",2
"sapa_personality","sapa_personality_1","q_1600","SAPA-Project 696-item temperament item set (IPIP-based scales and the EPQ-R)",NA,NA,"React slowly.",NA,"Slightly Inaccurate",3
"sapa_personality","sapa_personality_1","q_1600","SAPA-Project 696-item temperament item set (IPIP-based scales and the EPQ-R)",NA,NA,"React slowly.",NA,"Slightly Accurate",4
"sapa_personality","sapa_personality_1","q_1600","SAPA-Project 696-item temperament item set (IPIP-based scales and the EPQ-R)",NA,NA,"React slowly.",NA,"Moderately Accurate",5
"sapa_personality","sapa_personality_1","q_1600","SAPA-Project 696-item temperament item set (IPIP-based scales and the EPQ-R)",NA,NA,"React slowly.",NA,"Very Accurate",6
"sapa_personality","sapa_personality_1","q_1601","SAPA-Project 696-item temperament item set (IPIP-based scales and the EPQ-R)",NA,NA,"React strongly to criticism.",NA,"Very Inaccurate",1
"sapa_personality","sapa_personality_1","q_1601","SAPA-Project 696-item temperament item set (IPIP-based scales and the EPQ-R)",NA,NA,"React strongly to criticism.",NA,"Moderately Inaccurate",2
"sapa_personality","sapa_personality_1","q_1601","SAPA-Project 696-item temperament item set (IPIP-based scales and the EPQ-R)",NA,NA,"React strongly to criticism.",NA,"Slightly Inaccurate",3
"sapa_personality","sapa_personality_1","q_1601","SAPA-Project 696-item temperament item set (IPIP-based scales and the EPQ-R)",NA,NA,"React strongly to criticism.",NA,"Slightly Accurate",4
"sapa_personality","sapa_personality_1","q_1601","SAPA-Project 696-item temperament item set (IPIP-based scales and the EPQ-R)",NA,NA,"React strongly to criticism.",NA,"Moderately Accurate",5
"sapa_personality","sapa_personality_1","q_1601","SAPA-Project 696-item temperament item set (IPIP-based scales and the EPQ-R)",NA,NA,"React strongly to criticism.",NA,"Very Accurate",6
"sapa_personality","sapa_personality_1","q_1606","SAPA-Project 696-item temperament item set (IPIP-based scales and the EPQ-R)",NA,NA,"Readily overcome setbacks.",NA,"Very Inaccurate",1
"sapa_personality","sapa_personality_1","q_1606","SAPA-Project 696-item temperament item set (IPIP-based scales and the EPQ-R)",NA,NA,"Readily overcome setbacks.",NA,"Moderately Inaccurate",2
"sapa_personality","sapa_personality_1","q_1606","SAPA-Project 696-item temperament item set (IPIP-based scales and the EPQ-R)",NA,NA,"Readily overcome setbacks.",NA,"Slightly Inaccurate",3
"sapa_personality","sapa_personality_1","q_1606","SAPA-Project 696-item temperament item set (IPIP-based scales and the EPQ-R)",NA,NA,"Readily overcome setbacks.",NA,"Slightly Accurate",4
"sapa_personality","sapa_personality_1","q_1606","SAPA-Project 696-item temperament item set (IPIP-based scales and the EPQ-R)",NA,NA,"Readily overcome setbacks.",NA,"Moderately Accurate",5
"sapa_personality","sapa_personality_1","q_1606","SAPA-Project 696-item temperament item set (IPIP-based scales and the EPQ-R)",NA,NA,"Readily overcome setbacks.",NA,"Very Accurate",6
"sapa_personality","sapa_personality_1","q_1609","SAPA-Project 696-item temperament item set (IPIP-based scales and the EPQ-R)",NA,NA,"Rebel against authority.",NA,"Very Inaccurate",1
"sapa_personality","sapa_personality_1","q_1609","SAPA-Project 696-item temperament item set (IPIP-based scales and the EPQ-R)",NA,NA,"Rebel against authority.",NA,"Moderately Inaccurate",2
"sapa_personality","sapa_personality_1","q_1609","SAPA-Project 696-item temperament item set (IPIP-based scales and the EPQ-R)",NA,NA,"Rebel against authority.",NA,"Slightly Inaccurate",3
"sapa_personality","sapa_personality_1","q_1609","SAPA-Project 696-item temperament item set (IPIP-based scales and the EPQ-R)",NA,NA,"Rebel against authority.",NA,"Slightly Accurate",4
"sapa_personality","sapa_personality_1","q_1609","SAPA-Project 696-item temperament item set (IPIP-based scales and the EPQ-R)",NA,NA,"Rebel against authority.",NA,"Moderately Accurate",5
"sapa_personality","sapa_personality_1","q_1609","SAPA-Project 696-item temperament item set (IPIP-based scales and the EPQ-R)",NA,NA,"Rebel against authority.",NA,"Very Accurate",6
"sapa_personality","sapa_personality_1","q_1610","SAPA-Project 696-item temperament item set (IPIP-based scales and the EPQ-R)",NA,NA,"Recover quickly from stress and illness.",NA,"Very Inaccurate",1
"sapa_personality","sapa_personality_1","q_1610","SAPA-Project 696-item temperament item set (IPIP-based scales and the EPQ-R)",NA,NA,"Recover quickly from stress and illness.",NA,"Moderately Inaccurate",2
"sapa_personality","sapa_personality_1","q_1610","SAPA-Project 696-item temperament item set (IPIP-based scales and the EPQ-R)",NA,NA,"Recover quickly from stress and illness.",NA,"Slightly Inaccurate",3
"sapa_personality","sapa_personality_1","q_1610","SAPA-Project 696-item temperament item set (IPIP-based scales and the EPQ-R)",NA,NA,"Recover quickly from stress and illness.",NA,"Slightly Accurate",4
"sapa_personality","sapa_personality_1","q_1610","SAPA-Project 696-item temperament item set (IPIP-based scales and the EPQ-R)",NA,NA,"Recover quickly from stress and illness.",NA,"Moderately Accurate",5
"sapa_personality","sapa_personality_1","q_1610","SAPA-Project 696-item temperament item set (IPIP-based scales and the EPQ-R)",NA,NA,"Recover quickly from stress and illness.",NA,"Very Accurate",6
"sapa_personality","sapa_personality_1","q_1616","SAPA-Project 696-item temperament item set (IPIP-based scales and the EPQ-R)",NA,NA,"Remain calm under pressure.",NA,"Very Inaccurate",1
"sapa_personality","sapa_personality_1","q_1616","SAPA-Project 696-item temperament item set (IPIP-based scales and the EPQ-R)",NA,NA,"Remain calm under pressure.",NA,"Moderately Inaccurate",2
"sapa_personality","sapa_personality_1","q_1616","SAPA-Project 696-item temperament item set (IPIP-based scales and the EPQ-R)",NA,NA,"Remain calm under pressure.",NA,"Slightly Inaccurate",3
"sapa_personality","sapa_personality_1","q_1616","SAPA-Project 696-item temperament item set (IPIP-based scales and the EPQ-R)",NA,NA,"Remain calm under pressure.",NA,"Slightly Accurate",4
"sapa_personality","sapa_personality_1","q_1616","SAPA-Project 696-item temperament item set (IPIP-based scales and the EPQ-R)",NA,NA,"Remain calm under pressure.",NA,"Moderately Accurate",5
"sapa_personality","sapa_personality_1","q_1616","SAPA-Project 696-item temperament item set (IPIP-based scales and the EPQ-R)",NA,NA,"Remain calm under pressure.",NA,"Very Accurate",6
"sapa_personality","sapa_personality_1","q_1624","SAPA-Project 696-item temperament item set (IPIP-based scales and the EPQ-R)",NA,NA,"Respect authority.",NA,"Very Inaccurate",1
"sapa_personality","sapa_personality_1","q_1624","SAPA-Project 696-item temperament item set (IPIP-based scales and the EPQ-R)",NA,NA,"Respect authority.",NA,"Moderately Inaccurate",2
"sapa_personality","sapa_personality_1","q_1624","SAPA-Project 696-item temperament item set (IPIP-based scales and the EPQ-R)",NA,NA,"Respect authority.",NA,"Slightly Inaccurate",3
"sapa_personality","sapa_personality_1","q_1624","SAPA-Project 696-item temperament item set (IPIP-based scales and the EPQ-R)",NA,NA,"Respect authority.",NA,"Slightly Accurate",4
"sapa_personality","sapa_personality_1","q_1624","SAPA-Project 696-item temperament item set (IPIP-based scales and the EPQ-R)",NA,NA,"Respect authority.",NA,"Moderately Accurate",5
"sapa_personality","sapa_personality_1","q_1624","SAPA-Project 696-item temperament item set (IPIP-based scales and the EPQ-R)",NA,NA,"Respect authority.",NA,"Very Accurate",6
"sapa_personality","sapa_personality_1","q_1633","SAPA-Project 696-item temperament item set (IPIP-based scales and the EPQ-R)",NA,NA,"Return extra change when a cashier makes a mistake.",NA,"Very Inaccurate",1
"sapa_personality","sapa_personality_1","q_1633","SAPA-Project 696-item temperament item set (IPIP-based scales and the EPQ-R)",NA,NA,"Return extra change when a cashier makes a mistake.",NA,"Moderately Inaccurate",2
"sapa_personality","sapa_personality_1","q_1633","SAPA-Project 696-item temperament item set (IPIP-based scales and the EPQ-R)",NA,NA,"Return extra change when a cashier makes a mistake.",NA,"Slightly Inaccurate",3
"sapa_personality","sapa_personality_1","q_1633","SAPA-Project 696-item temperament item set (IPIP-based scales and the EPQ-R)",NA,NA,"Return extra change when a cashier makes a mistake.",NA,"Slightly Accurate",4
"sapa_personality","sapa_personality_1","q_1633","SAPA-Project 696-item temperament item set (IPIP-based scales and the EPQ-R)",NA,NA,"Return extra change when a cashier makes a mistake.",NA,"Moderately Accurate",5
"sapa_personality","sapa_personality_1","q_1633","SAPA-Project 696-item temperament item set (IPIP-based scales and the EPQ-R)",NA,NA,"Return extra change when a cashier makes a mistake.",NA,"Very Accurate",6
"sapa_personality","sapa_personality_1","q_1635","SAPA-Project 696-item temperament item set (IPIP-based scales and the EPQ-R)",NA,NA,"Reveal little about myself.",NA,"Very Inaccurate",1
"sapa_personality","sapa_personality_1","q_1635","SAPA-Project 696-item temperament item set (IPIP-based scales and the EPQ-R)",NA,NA,"Reveal little about myself.",NA,"Moderately Inaccurate",2
"sapa_personality","sapa_personality_1","q_1635","SAPA-Project 696-item temperament item set (IPIP-based scales and the EPQ-R)",NA,NA,"Reveal little about myself.",NA,"Slightly Inaccurate",3
"sapa_personality","sapa_personality_1","q_1635","SAPA-Project 696-item temperament item set (IPIP-based scales and the EPQ-R)",NA,NA,"Reveal little about myself.",NA,"Slightly Accurate",4
"sapa_personality","sapa_personality_1","q_1635","SAPA-Project 696-item temperament item set (IPIP-based scales and the EPQ-R)",NA,NA,"Reveal little about myself.",NA,"Moderately Accurate",5
"sapa_personality","sapa_personality_1","q_1635","SAPA-Project 696-item temperament item set (IPIP-based scales and the EPQ-R)",NA,NA,"Reveal little about myself.",NA,"Very Accurate",6
"sapa_personality","sapa_personality_1","q_1638","SAPA-Project 696-item temperament item set (IPIP-based scales and the EPQ-R)",NA,NA,"Rush into things.",NA,"Very Inaccurate",1
"sapa_personality","sapa_personality_1","q_1638","SAPA-Project 696-item temperament item set (IPIP-based scales and the EPQ-R)",NA,NA,"Rush into things.",NA,"Moderately Inaccurate",2
"sapa_personality","sapa_personality_1","q_1638","SAPA-Project 696-item temperament item set (IPIP-based scales and the EPQ-R)",NA,NA,"Rush into things.",NA,"Slightly Inaccurate",3
"sapa_personality","sapa_personality_1","q_1638","SAPA-Project 696-item temperament item set (IPIP-based scales and the EPQ-R)",NA,NA,"Rush into things.",NA,"Slightly Accurate",4
"sapa_personality","sapa_personality_1","q_1638","SAPA-Project 696-item temperament item set (IPIP-based scales and the EPQ-R)",NA,NA,"Rush into things.",NA,"Moderately Accurate",5
"sapa_personality","sapa_personality_1","q_1638","SAPA-Project 696-item temperament item set (IPIP-based scales and the EPQ-R)",NA,NA,"Rush into things.",NA,"Very Accurate",6
"sapa_personality","sapa_personality_1","q_1643","SAPA-Project 696-item temperament item set (IPIP-based scales and the EPQ-R)",NA,NA,"Say little.",NA,"Very Inaccurate",1
"sapa_personality","sapa_personality_1","q_1643","SAPA-Project 696-item temperament item set (IPIP-based scales and the EPQ-R)",NA,NA,"Say little.",NA,"Moderately Inaccurate",2
"sapa_personality","sapa_personality_1","q_1643","SAPA-Project 696-item temperament item set (IPIP-based scales and the EPQ-R)",NA,NA,"Say little.",NA,"Slightly Inaccurate",3
"sapa_personality","sapa_personality_1","q_1643","SAPA-Project 696-item temperament item set (IPIP-based scales and the EPQ-R)",NA,NA,"Say little.",NA,"Slightly Accurate",4
"sapa_personality","sapa_personality_1","q_1643","SAPA-Project 696-item temperament item set (IPIP-based scales and the EPQ-R)",NA,NA,"Say little.",NA,"Moderately Accurate",5
"sapa_personality","sapa_personality_1","q_1643","SAPA-Project 696-item temperament item set (IPIP-based scales and the EPQ-R)",NA,NA,"Say little.",NA,"Very Accurate",6
"sapa_personality","sapa_personality_1","q_1648","SAPA-Project 696-item temperament item set (IPIP-based scales and the EPQ-R)",NA,NA,"See beauty in things that others might not notice.",NA,"Very Inaccurate",1
"sapa_personality","sapa_personality_1","q_1648","SAPA-Project 696-item temperament item set (IPIP-based scales and the EPQ-R)",NA,NA,"See beauty in things that others might not notice.",NA,"Moderately Inaccurate",2
"sapa_personality","sapa_personality_1","q_1648","SAPA-Project 696-item temperament item set (IPIP-based scales and the EPQ-R)",NA,NA,"See beauty in things that others might not notice.",NA,"Slightly Inaccurate",3
"sapa_personality","sapa_personality_1","q_1648","SAPA-Project 696-item temperament item set (IPIP-based scales and the EPQ-R)",NA,NA,"See beauty in things that others might not notice.",NA,"Slightly Accurate",4
"sapa_personality","sapa_personality_1","q_1648","SAPA-Project 696-item temperament item set (IPIP-based scales and the EPQ-R)",NA,NA,"See beauty in things that others might not notice.",NA,"Moderately Accurate",5
"sapa_personality","sapa_personality_1","q_1648","SAPA-Project 696-item temperament item set (IPIP-based scales and the EPQ-R)",NA,NA,"See beauty in things that others might not notice.",NA,"Very Accurate",6
"sapa_personality","sapa_personality_1","q_1652","SAPA-Project 696-item temperament item set (IPIP-based scales and the EPQ-R)",NA,NA,"See myself as a good leader.",NA,"Very Inaccurate",1
"sapa_personality","sapa_personality_1","q_1652","SAPA-Project 696-item temperament item set (IPIP-based scales and the EPQ-R)",NA,NA,"See myself as a good leader.",NA,"Moderately Inaccurate",2
"sapa_personality","sapa_personality_1","q_1652","SAPA-Project 696-item temperament item set (IPIP-based scales and the EPQ-R)",NA,NA,"See myself as a good leader.",NA,"Slightly Inaccurate",3
"sapa_personality","sapa_personality_1","q_1652","SAPA-Project 696-item temperament item set (IPIP-based scales and the EPQ-R)",NA,NA,"See myself as a good leader.",NA,"Slightly Accurate",4
"sapa_personality","sapa_personality_1","q_1652","SAPA-Project 696-item temperament item set (IPIP-based scales and the EPQ-R)",NA,NA,"See myself as a good leader.",NA,"Moderately Accurate",5
"sapa_personality","sapa_personality_1","q_1652","SAPA-Project 696-item temperament item set (IPIP-based scales and the EPQ-R)",NA,NA,"See myself as a good leader.",NA,"Very Accurate",6
"sapa_personality","sapa_personality_1","q_1653","SAPA-Project 696-item temperament item set (IPIP-based scales and the EPQ-R)",NA,NA,"See myself as an average person.",NA,"Very Inaccurate",1
"sapa_personality","sapa_personality_1","q_1653","SAPA-Project 696-item temperament item set (IPIP-based scales and the EPQ-R)",NA,NA,"See myself as an average person.",NA,"Moderately Inaccurate",2
"sapa_personality","sapa_personality_1","q_1653","SAPA-Project 696-item temperament item set (IPIP-based scales and the EPQ-R)",NA,NA,"See myself as an average person.",NA,"Slightly Inaccurate",3
"sapa_personality","sapa_personality_1","q_1653","SAPA-Project 696-item temperament item set (IPIP-based scales and the EPQ-R)",NA,NA,"See myself as an average person.",NA,"Slightly Accurate",4
"sapa_personality","sapa_personality_1","q_1653","SAPA-Project 696-item temperament item set (IPIP-based scales and the EPQ-R)",NA,NA,"See myself as an average person.",NA,"Moderately Accurate",5
"sapa_personality","sapa_personality_1","q_1653","SAPA-Project 696-item temperament item set (IPIP-based scales and the EPQ-R)",NA,NA,"See myself as an average person.",NA,"Very Accurate",6
"sapa_personality","sapa_personality_1","q_1657","SAPA-Project 696-item temperament item set (IPIP-based scales and the EPQ-R)",NA,NA,"See that rules are observed.",NA,"Very Inaccurate",1
"sapa_personality","sapa_personality_1","q_1657","SAPA-Project 696-item temperament item set (IPIP-based scales and the EPQ-R)",NA,NA,"See that rules are observed.",NA,"Moderately Inaccurate",2
"sapa_personality","sapa_personality_1","q_1657","SAPA-Project 696-item temperament item set (IPIP-based scales and the EPQ-R)",NA,NA,"See that rules are observed.",NA,"Slightly Inaccurate",3
"sapa_personality","sapa_personality_1","q_1657","SAPA-Project 696-item temperament item set (IPIP-based scales and the EPQ-R)",NA,NA,"See that rules are observed.",NA,"Slightly Accurate",4
"sapa_personality","sapa_personality_1","q_1657","SAPA-Project 696-item temperament item set (IPIP-based scales and the EPQ-R)",NA,NA,"See that rules are observed.",NA,"Moderately Accurate",5
"sapa_personality","sapa_personality_1","q_1657","SAPA-Project 696-item temperament item set (IPIP-based scales and the EPQ-R)",NA,NA,"See that rules are observed.",NA,"Very Accurate",6
"sapa_personality","sapa_personality_1","q_1662","SAPA-Project 696-item temperament item set (IPIP-based scales and the EPQ-R)",NA,NA,"Seek adventure.",NA,"Very Inaccurate",1
"sapa_personality","sapa_personality_1","q_1662","SAPA-Project 696-item temperament item set (IPIP-based scales and the EPQ-R)",NA,NA,"Seek adventure.",NA,"Moderately Inaccurate",2
"sapa_personality","sapa_personality_1","q_1662","SAPA-Project 696-item temperament item set (IPIP-based scales and the EPQ-R)",NA,NA,"Seek adventure.",NA,"Slightly Inaccurate",3
"sapa_personality","sapa_personality_1","q_1662","SAPA-Project 696-item temperament item set (IPIP-based scales and the EPQ-R)",NA,NA,"Seek adventure.",NA,"Slightly Accurate",4
"sapa_personality","sapa_personality_1","q_1662","SAPA-Project 696-item temperament item set (IPIP-based scales and the EPQ-R)",NA,NA,"Seek adventure.",NA,"Moderately Accurate",5
"sapa_personality","sapa_personality_1","q_1662","SAPA-Project 696-item temperament item set (IPIP-based scales and the EPQ-R)",NA,NA,"Seek adventure.",NA,"Very Accurate",6
"sapa_personality","sapa_personality_1","q_1663","SAPA-Project 696-item temperament item set (IPIP-based scales and the EPQ-R)",NA,NA,"Seek conflict.",NA,"Very Inaccurate",1
"sapa_personality","sapa_personality_1","q_1663","SAPA-Project 696-item temperament item set (IPIP-based scales and the EPQ-R)",NA,NA,"Seek conflict.",NA,"Moderately Inaccurate",2
"sapa_personality","sapa_personality_1","q_1663","SAPA-Project 696-item temperament item set (IPIP-based scales and the EPQ-R)",NA,NA,"Seek conflict.",NA,"Slightly Inaccurate",3
"sapa_personality","sapa_personality_1","q_1663","SAPA-Project 696-item temperament item set (IPIP-based scales and the EPQ-R)",NA,NA,"Seek conflict.",NA,"Slightly Accurate",4
"sapa_personality","sapa_personality_1","q_1663","SAPA-Project 696-item temperament item set (IPIP-based scales and the EPQ-R)",NA,NA,"Seek conflict.",NA,"Moderately Accurate",5
"sapa_personality","sapa_personality_1","q_1663","SAPA-Project 696-item temperament item set (IPIP-based scales and the EPQ-R)",NA,NA,"Seek conflict.",NA,"Very Accurate",6
"sapa_personality","sapa_personality_1","q_1664","SAPA-Project 696-item temperament item set (IPIP-based scales and the EPQ-R)",NA,NA,"Seek danger.",NA,"Very Inaccurate",1
"sapa_personality","sapa_personality_1","q_1664","SAPA-Project 696-item temperament item set (IPIP-based scales and the EPQ-R)",NA,NA,"Seek danger.",NA,"Moderately Inaccurate",2
"sapa_personality","sapa_personality_1","q_1664","SAPA-Project 696-item temperament item set (IPIP-based scales and the EPQ-R)",NA,NA,"Seek danger.",NA,"Slightly Inaccurate",3
"sapa_personality","sapa_personality_1","q_1664","SAPA-Project 696-item temperament item set (IPIP-based scales and the EPQ-R)",NA,NA,"Seek danger.",NA,"Slightly Accurate",4
"sapa_personality","sapa_personality_1","q_1664","SAPA-Project 696-item temperament item set (IPIP-based scales and the EPQ-R)",NA,NA,"Seek danger.",NA,"Moderately Accurate",5
"sapa_personality","sapa_personality_1","q_1664","SAPA-Project 696-item temperament item set (IPIP-based scales and the EPQ-R)",NA,NA,"Seek danger.",NA,"Very Accurate",6
"sapa_personality","sapa_personality_1","q_1666","SAPA-Project 696-item temperament item set (IPIP-based scales and the EPQ-R)",NA,NA,"Seek quiet.",NA,"Very Inaccurate",1
"sapa_personality","sapa_personality_1","q_1666","SAPA-Project 696-item temperament item set (IPIP-based scales and the EPQ-R)",NA,NA,"Seek quiet.",NA,"Moderately Inaccurate",2
"sapa_personality","sapa_personality_1","q_1666","SAPA-Project 696-item temperament item set (IPIP-based scales and the EPQ-R)",NA,NA,"Seek quiet.",NA,"Slightly Inaccurate",3
"sapa_personality","sapa_personality_1","q_1666","SAPA-Project 696-item temperament item set (IPIP-based scales and the EPQ-R)",NA,NA,"Seek quiet.",NA,"Slightly Accurate",4
"sapa_personality","sapa_personality_1","q_1666","SAPA-Project 696-item temperament item set (IPIP-based scales and the EPQ-R)",NA,NA,"Seek quiet.",NA,"Moderately Accurate",5
"sapa_personality","sapa_personality_1","q_1666","SAPA-Project 696-item temperament item set (IPIP-based scales and the EPQ-R)",NA,NA,"Seek quiet.",NA,"Very Accurate",6
"sapa_personality","sapa_personality_1","q_1667","SAPA-Project 696-item temperament item set (IPIP-based scales and the EPQ-R)",NA,NA,"Seek status.",NA,"Very Inaccurate",1
"sapa_personality","sapa_personality_1","q_1667","SAPA-Project 696-item temperament item set (IPIP-based scales and the EPQ-R)",NA,NA,"Seek status.",NA,"Moderately Inaccurate",2
"sapa_personality","sapa_personality_1","q_1667","SAPA-Project 696-item temperament item set (IPIP-based scales and the EPQ-R)",NA,NA,"Seek status.",NA,"Slightly Inaccurate",3
"sapa_personality","sapa_personality_1","q_1667","SAPA-Project 696-item temperament item set (IPIP-based scales and the EPQ-R)",NA,NA,"Seek status.",NA,"Slightly Accurate",4
"sapa_personality","sapa_personality_1","q_1667","SAPA-Project 696-item temperament item set (IPIP-based scales and the EPQ-R)",NA,NA,"Seek status.",NA,"Moderately Accurate",5
"sapa_personality","sapa_personality_1","q_1667","SAPA-Project 696-item temperament item set (IPIP-based scales and the EPQ-R)",NA,NA,"Seek status.",NA,"Very Accurate",6
"sapa_personality","sapa_personality_1","q_1668","SAPA-Project 696-item temperament item set (IPIP-based scales and the EPQ-R)",NA,NA,"Seek support.",NA,"Very Inaccurate",1
"sapa_personality","sapa_personality_1","q_1668","SAPA-Project 696-item temperament item set (IPIP-based scales and the EPQ-R)",NA,NA,"Seek support.",NA,"Moderately Inaccurate",2
"sapa_personality","sapa_personality_1","q_1668","SAPA-Project 696-item temperament item set (IPIP-based scales and the EPQ-R)",NA,NA,"Seek support.",NA,"Slightly Inaccurate",3
"sapa_personality","sapa_personality_1","q_1668","SAPA-Project 696-item temperament item set (IPIP-based scales and the EPQ-R)",NA,NA,"Seek support.",NA,"Slightly Accurate",4
"sapa_personality","sapa_personality_1","q_1668","SAPA-Project 696-item temperament item set (IPIP-based scales and the EPQ-R)",NA,NA,"Seek support.",NA,"Moderately Accurate",5
"sapa_personality","sapa_personality_1","q_1668","SAPA-Project 696-item temperament item set (IPIP-based scales and the EPQ-R)",NA,NA,"Seek support.",NA,"Very Accurate",6
"sapa_personality","sapa_personality_1","q_1670","SAPA-Project 696-item temperament item set (IPIP-based scales and the EPQ-R)",NA,NA,"Seek to influence others.",NA,"Very Inaccurate",1
"sapa_personality","sapa_personality_1","q_1670","SAPA-Project 696-item temperament item set (IPIP-based scales and the EPQ-R)",NA,NA,"Seek to influence others.",NA,"Moderately Inaccurate",2
"sapa_personality","sapa_personality_1","q_1670","SAPA-Project 696-item temperament item set (IPIP-based scales and the EPQ-R)",NA,NA,"Seek to influence others.",NA,"Slightly Inaccurate",3
"sapa_personality","sapa_personality_1","q_1670","SAPA-Project 696-item temperament item set (IPIP-based scales and the EPQ-R)",NA,NA,"Seek to influence others.",NA,"Slightly Accurate",4
"sapa_personality","sapa_personality_1","q_1670","SAPA-Project 696-item temperament item set (IPIP-based scales and the EPQ-R)",NA,NA,"Seek to influence others.",NA,"Moderately Accurate",5
"sapa_personality","sapa_personality_1","q_1670","SAPA-Project 696-item temperament item set (IPIP-based scales and the EPQ-R)",NA,NA,"Seek to influence others.",NA,"Very Accurate",6
"sapa_personality","sapa_personality_1","q_1671","SAPA-Project 696-item temperament item set (IPIP-based scales and the EPQ-R)",NA,NA,"[Enjoy interactions less than others].",NA,"Very Inaccurate",1
"sapa_personality","sapa_personality_1","q_1671","SAPA-Project 696-item temperament item set (IPIP-based scales and the EPQ-R)",NA,NA,"[Enjoy interactions less than others].",NA,"Moderately Inaccurate",2
"sapa_personality","sapa_personality_1","q_1671","SAPA-Project 696-item temperament item set (IPIP-based scales and the EPQ-R)",NA,NA,"[Enjoy interactions less than others].",NA,"Slightly Inaccurate",3
"sapa_personality","sapa_personality_1","q_1671","SAPA-Project 696-item temperament item set (IPIP-based scales and the EPQ-R)",NA,NA,"[Enjoy interactions less than others].",NA,"Slightly Accurate",4
"sapa_personality","sapa_personality_1","q_1671","SAPA-Project 696-item temperament item set (IPIP-based scales and the EPQ-R)",NA,NA,"[Enjoy interactions less than others].",NA,"Moderately Accurate",5
"sapa_personality","sapa_personality_1","q_1671","SAPA-Project 696-item temperament item set (IPIP-based scales and the EPQ-R)",NA,NA,"[Enjoy interactions less than others].",NA,"Very Accurate",6
"sapa_personality","sapa_personality_1","q_1675","SAPA-Project 696-item temperament item set (IPIP-based scales and the EPQ-R)",NA,NA,"Seldom daydream.",NA,"Very Inaccurate",1
"sapa_personality","sapa_personality_1","q_1675","SAPA-Project 696-item temperament item set (IPIP-based scales and the EPQ-R)",NA,NA,"Seldom daydream.",NA,"Moderately Inaccurate",2
"sapa_personality","sapa_personality_1","q_1675","SAPA-Project 696-item temperament item set (IPIP-based scales and the EPQ-R)",NA,NA,"Seldom daydream.",NA,"Slightly Inaccurate",3
"sapa_personality","sapa_personality_1","q_1675","SAPA-Project 696-item temperament item set (IPIP-based scales and the EPQ-R)",NA,NA,"Seldom daydream.",NA,"Slightly Accurate",4
"sapa_personality","sapa_personality_1","q_1675","SAPA-Project 696-item temperament item set (IPIP-based scales and the EPQ-R)",NA,NA,"Seldom daydream.",NA,"Moderately Accurate",5
"sapa_personality","sapa_personality_1","q_1675","SAPA-Project 696-item temperament item set (IPIP-based scales and the EPQ-R)",NA,NA,"Seldom daydream.",NA,"Very Accurate",6
"sapa_personality","sapa_personality_1","q_1676","SAPA-Project 696-item temperament item set (IPIP-based scales and the EPQ-R)",NA,NA,"Seldom experience sudden intuitive insights.",NA,"Very Inaccurate",1
"sapa_personality","sapa_personality_1","q_1676","SAPA-Project 696-item temperament item set (IPIP-based scales and the EPQ-R)",NA,NA,"Seldom experience sudden intuitive insights.",NA,"Moderately Inaccurate",2
"sapa_personality","sapa_personality_1","q_1676","SAPA-Project 696-item temperament item set (IPIP-based scales and the EPQ-R)",NA,NA,"Seldom experience sudden intuitive insights.",NA,"Slightly Inaccurate",3
"sapa_personality","sapa_personality_1","q_1676","SAPA-Project 696-item temperament item set (IPIP-based scales and the EPQ-R)",NA,NA,"Seldom experience sudden intuitive insights.",NA,"Slightly Accurate",4
"sapa_personality","sapa_personality_1","q_1676","SAPA-Project 696-item temperament item set (IPIP-based scales and the EPQ-R)",NA,NA,"Seldom experience sudden intuitive insights.",NA,"Moderately Accurate",5
"sapa_personality","sapa_personality_1","q_1676","SAPA-Project 696-item temperament item set (IPIP-based scales and the EPQ-R)",NA,NA,"Seldom experience sudden intuitive insights.",NA,"Very Accurate",6
"sapa_personality","sapa_personality_1","q_1677","SAPA-Project 696-item temperament item set (IPIP-based scales and the EPQ-R)",NA,NA,"Seldom feel blue.",NA,"Very Inaccurate",1
"sapa_personality","sapa_personality_1","q_1677","SAPA-Project 696-item temperament item set (IPIP-based scales and the EPQ-R)",NA,NA,"Seldom feel blue.",NA,"Moderately Inaccurate",2
"sapa_personality","sapa_personality_1","q_1677","SAPA-Project 696-item temperament item set (IPIP-based scales and the EPQ-R)",NA,NA,"Seldom feel blue.",NA,"Slightly Inaccurate",3
"sapa_personality","sapa_personality_1","q_1677","SAPA-Project 696-item temperament item set (IPIP-based scales and the EPQ-R)",NA,NA,"Seldom feel blue.",NA,"Slightly Accurate",4
"sapa_personality","sapa_personality_1","q_1677","SAPA-Project 696-item temperament item set (IPIP-based scales and the EPQ-R)",NA,NA,"Seldom feel blue.",NA,"Moderately Accurate",5
"sapa_personality","sapa_personality_1","q_1677","SAPA-Project 696-item temperament item set (IPIP-based scales and the EPQ-R)",NA,NA,"Seldom feel blue.",NA,"Very Accurate",6
"sapa_personality","sapa_personality_1","q_1679","SAPA-Project 696-item temperament item set (IPIP-based scales and the EPQ-R)",NA,NA,"Seldom feel weepy while reading [sad story].",NA,"Very Inaccurate",1
"sapa_personality","sapa_personality_1","q_1679","SAPA-Project 696-item temperament item set (IPIP-based scales and the EPQ-R)",NA,NA,"Seldom feel weepy while reading [sad story].",NA,"Moderately Inaccurate",2
"sapa_personality","sapa_personality_1","q_1679","SAPA-Project 696-item temperament item set (IPIP-based scales and the EPQ-R)",NA,NA,"Seldom feel weepy while reading [sad story].",NA,"Slightly Inaccurate",3
"sapa_personality","sapa_personality_1","q_1679","SAPA-Project 696-item temperament item set (IPIP-based scales and the EPQ-R)",NA,NA,"Seldom feel weepy while reading [sad story].",NA,"Slightly Accurate",4
"sapa_personality","sapa_personality_1","q_1679","SAPA-Project 696-item temperament item set (IPIP-based scales and the EPQ-R)",NA,NA,"Seldom feel weepy while reading [sad story].",NA,"Moderately Accurate",5
"sapa_personality","sapa_personality_1","q_1679","SAPA-Project 696-item temperament item set (IPIP-based scales and the EPQ-R)",NA,NA,"Seldom feel weepy while reading [sad story].",NA,"Very Accurate",6
"sapa_personality","sapa_personality_1","q_1681","SAPA-Project 696-item temperament item set (IPIP-based scales and the EPQ-R)",NA,NA,"Seldom get emotional.",NA,"Very Inaccurate",1
"sapa_personality","sapa_personality_1","q_1681","SAPA-Project 696-item temperament item set (IPIP-based scales and the EPQ-R)",NA,NA,"Seldom get emotional.",NA,"Moderately Inaccurate",2
"sapa_personality","sapa_personality_1","q_1681","SAPA-Project 696-item temperament item set (IPIP-based scales and the EPQ-R)",NA,NA,"Seldom get emotional.",NA,"Slightly Inaccurate",3
"sapa_personality","sapa_personality_1","q_1681","SAPA-Project 696-item temperament item set (IPIP-based scales and the EPQ-R)",NA,NA,"Seldom get emotional.",NA,"Slightly Accurate",4
"sapa_personality","sapa_personality_1","q_1681","SAPA-Project 696-item temperament item set (IPIP-based scales and the EPQ-R)",NA,NA,"Seldom get emotional.",NA,"Moderately Accurate",5
"sapa_personality","sapa_personality_1","q_1681","SAPA-Project 696-item temperament item set (IPIP-based scales and the EPQ-R)",NA,NA,"Seldom get emotional.",NA,"Very Accurate",6
"sapa_personality","sapa_personality_1","q_1682","SAPA-Project 696-item temperament item set (IPIP-based scales and the EPQ-R)",NA,NA,"Seldom get lost in thought.",NA,"Very Inaccurate",1
"sapa_personality","sapa_personality_1","q_1682","SAPA-Project 696-item temperament item set (IPIP-based scales and the EPQ-R)",NA,NA,"Seldom get lost in thought.",NA,"Moderately Inaccurate",2
"sapa_personality","sapa_personality_1","q_1682","SAPA-Project 696-item temperament item set (IPIP-based scales and the EPQ-R)",NA,NA,"Seldom get lost in thought.",NA,"Slightly Inaccurate",3
"sapa_personality","sapa_personality_1","q_1682","SAPA-Project 696-item temperament item set (IPIP-based scales and the EPQ-R)",NA,NA,"Seldom get lost in thought.",NA,"Slightly Accurate",4
"sapa_personality","sapa_personality_1","q_1682","SAPA-Project 696-item temperament item set (IPIP-based scales and the EPQ-R)",NA,NA,"Seldom get lost in thought.",NA,"Moderately Accurate",5
"sapa_personality","sapa_personality_1","q_1682","SAPA-Project 696-item temperament item set (IPIP-based scales and the EPQ-R)",NA,NA,"Seldom get lost in thought.",NA,"Very Accurate",6
"sapa_personality","sapa_personality_1","q_1683","SAPA-Project 696-item temperament item set (IPIP-based scales and the EPQ-R)",NA,NA,"Seldom get mad.",NA,"Very Inaccurate",1
"sapa_personality","sapa_personality_1","q_1683","SAPA-Project 696-item temperament item set (IPIP-based scales and the EPQ-R)",NA,NA,"Seldom get mad.",NA,"Moderately Inaccurate",2
"sapa_personality","sapa_personality_1","q_1683","SAPA-Project 696-item temperament item set (IPIP-based scales and the EPQ-R)",NA,NA,"Seldom get mad.",NA,"Slightly Inaccurate",3
"sapa_personality","sapa_personality_1","q_1683","SAPA-Project 696-item temperament item set (IPIP-based scales and the EPQ-R)",NA,NA,"Seldom get mad.",NA,"Slightly Accurate",4
"sapa_personality","sapa_personality_1","q_1683","SAPA-Project 696-item temperament item set (IPIP-based scales and the EPQ-R)",NA,NA,"Seldom get mad.",NA,"Moderately Accurate",5
"sapa_personality","sapa_personality_1","q_1683","SAPA-Project 696-item temperament item set (IPIP-based scales and the EPQ-R)",NA,NA,"Seldom get mad.",NA,"Very Accurate",6
"sapa_personality","sapa_personality_1","q_1685","SAPA-Project 696-item temperament item set (IPIP-based scales and the EPQ-R)",NA,NA,"Seldom joke around.",NA,"Very Inaccurate",1
"sapa_personality","sapa_personality_1","q_1685","SAPA-Project 696-item temperament item set (IPIP-based scales and the EPQ-R)",NA,NA,"Seldom joke around.",NA,"Moderately Inaccurate",2
"sapa_personality","sapa_personality_1","q_1685","SAPA-Project 696-item temperament item set (IPIP-based scales and the EPQ-R)",NA,NA,"Seldom joke around.",NA,"Slightly Inaccurate",3
"sapa_personality","sapa_personality_1","q_1685","SAPA-Project 696-item temperament item set (IPIP-based scales and the EPQ-R)",NA,NA,"Seldom joke around.",NA,"Slightly Accurate",4
"sapa_personality","sapa_personality_1","q_1685","SAPA-Project 696-item temperament item set (IPIP-based scales and the EPQ-R)",NA,NA,"Seldom joke around.",NA,"Moderately Accurate",5
"sapa_personality","sapa_personality_1","q_1685","SAPA-Project 696-item temperament item set (IPIP-based scales and the EPQ-R)",NA,NA,"Seldom joke around.",NA,"Very Accurate",6
"sapa_personality","sapa_personality_1","q_1687","SAPA-Project 696-item temperament item set (IPIP-based scales and the EPQ-R)",NA,NA,"Seldom notice emotional aspects of [visual art].",NA,"Very Inaccurate",1
"sapa_personality","sapa_personality_1","q_1687","SAPA-Project 696-item temperament item set (IPIP-based scales and the EPQ-R)",NA,NA,"Seldom notice emotional aspects of [visual art].",NA,"Moderately Inaccurate",2
"sapa_personality","sapa_personality_1","q_1687","SAPA-Project 696-item temperament item set (IPIP-based scales and the EPQ-R)",NA,NA,"Seldom notice emotional aspects of [visual art].",NA,"Slightly Inaccurate",3
"sapa_personality","sapa_personality_1","q_1687","SAPA-Project 696-item temperament item set (IPIP-based scales and the EPQ-R)",NA,NA,"Seldom notice emotional aspects of [visual art].",NA,"Slightly Accurate",4
"sapa_personality","sapa_personality_1","q_1687","SAPA-Project 696-item temperament item set (IPIP-based scales and the EPQ-R)",NA,NA,"Seldom notice emotional aspects of [visual art].",NA,"Moderately Accurate",5
"sapa_personality","sapa_personality_1","q_1687","SAPA-Project 696-item temperament item set (IPIP-based scales and the EPQ-R)",NA,NA,"Seldom notice emotional aspects of [visual art].",NA,"Very Accurate",6
"sapa_personality","sapa_personality_1","q_1691","SAPA-Project 696-item temperament item set (IPIP-based scales and the EPQ-R)",NA,NA,"Seldom toot my own horn.",NA,"Very Inaccurate",1
"sapa_personality","sapa_personality_1","q_1691","SAPA-Project 696-item temperament item set (IPIP-based scales and the EPQ-R)",NA,NA,"Seldom toot my own horn.",NA,"Moderately Inaccurate",2
"sapa_personality","sapa_personality_1","q_1691","SAPA-Project 696-item temperament item set (IPIP-based scales and the EPQ-R)",NA,NA,"Seldom toot my own horn.",NA,"Slightly Inaccurate",3
"sapa_personality","sapa_personality_1","q_1691","SAPA-Project 696-item temperament item set (IPIP-based scales and the EPQ-R)",NA,NA,"Seldom toot my own horn.",NA,"Slightly Accurate",4
"sapa_personality","sapa_personality_1","q_1691","SAPA-Project 696-item temperament item set (IPIP-based scales and the EPQ-R)",NA,NA,"Seldom toot my own horn.",NA,"Moderately Accurate",5
"sapa_personality","sapa_personality_1","q_1691","SAPA-Project 696-item temperament item set (IPIP-based scales and the EPQ-R)",NA,NA,"Seldom toot my own horn.",NA,"Very Accurate",6
"sapa_personality","sapa_personality_1","q_1694","SAPA-Project 696-item temperament item set (IPIP-based scales and the EPQ-R)",NA,NA,"Set high standards for myself and others.",NA,"Very Inaccurate",1
"sapa_personality","sapa_personality_1","q_1694","SAPA-Project 696-item temperament item set (IPIP-based scales and the EPQ-R)",NA,NA,"Set high standards for myself and others.",NA,"Moderately Inaccurate",2
"sapa_personality","sapa_personality_1","q_1694","SAPA-Project 696-item temperament item set (IPIP-based scales and the EPQ-R)",NA,NA,"Set high standards for myself and others.",NA,"Slightly Inaccurate",3
"sapa_personality","sapa_personality_1","q_1694","SAPA-Project 696-item temperament item set (IPIP-based scales and the EPQ-R)",NA,NA,"Set high standards for myself and others.",NA,"Slightly Accurate",4
"sapa_personality","sapa_personality_1","q_1694","SAPA-Project 696-item temperament item set (IPIP-based scales and the EPQ-R)",NA,NA,"Set high standards for myself and others.",NA,"Moderately Accurate",5
"sapa_personality","sapa_personality_1","q_1694","SAPA-Project 696-item temperament item set (IPIP-based scales and the EPQ-R)",NA,NA,"Set high standards for myself and others.",NA,"Very Accurate",6
"sapa_personality","sapa_personality_1","q_1696","SAPA-Project 696-item temperament item set (IPIP-based scales and the EPQ-R)",NA,NA,"Shirk my duties.",NA,"Very Inaccurate",1
"sapa_personality","sapa_personality_1","q_1696","SAPA-Project 696-item temperament item set (IPIP-based scales and the EPQ-R)",NA,NA,"Shirk my duties.",NA,"Moderately Inaccurate",2
"sapa_personality","sapa_personality_1","q_1696","SAPA-Project 696-item temperament item set (IPIP-based scales and the EPQ-R)",NA,NA,"Shirk my duties.",NA,"Slightly Inaccurate",3
"sapa_personality","sapa_personality_1","q_1696","SAPA-Project 696-item temperament item set (IPIP-based scales and the EPQ-R)",NA,NA,"Shirk my duties.",NA,"Slightly Accurate",4
"sapa_personality","sapa_personality_1","q_1696","SAPA-Project 696-item temperament item set (IPIP-based scales and the EPQ-R)",NA,NA,"Shirk my duties.",NA,"Moderately Accurate",5
"sapa_personality","sapa_personality_1","q_1696","SAPA-Project 696-item temperament item set (IPIP-based scales and the EPQ-R)",NA,NA,"Shirk my duties.",NA,"Very Accurate",6
"sapa_personality","sapa_personality_1","q_1697","SAPA-Project 696-item temperament item set (IPIP-based scales and the EPQ-R)",NA,NA,"Shoot my mouth off.",NA,"Very Inaccurate",1
"sapa_personality","sapa_personality_1","q_1697","SAPA-Project 696-item temperament item set (IPIP-based scales and the EPQ-R)",NA,NA,"Shoot my mouth off.",NA,"Moderately Inaccurate",2
"sapa_personality","sapa_personality_1","q_1697","SAPA-Project 696-item temperament item set (IPIP-based scales and the EPQ-R)",NA,NA,"Shoot my mouth off.",NA,"Slightly Inaccurate",3
"sapa_personality","sapa_personality_1","q_1697","SAPA-Project 696-item temperament item set (IPIP-based scales and the EPQ-R)",NA,NA,"Shoot my mouth off.",NA,"Slightly Accurate",4
"sapa_personality","sapa_personality_1","q_1697","SAPA-Project 696-item temperament item set (IPIP-based scales and the EPQ-R)",NA,NA,"Shoot my mouth off.",NA,"Moderately Accurate",5
"sapa_personality","sapa_personality_1","q_1697","SAPA-Project 696-item temperament item set (IPIP-based scales and the EPQ-R)",NA,NA,"Shoot my mouth off.",NA,"Very Accurate",6
"sapa_personality","sapa_personality_1","q_1703","SAPA-Project 696-item temperament item set (IPIP-based scales and the EPQ-R)",NA,NA,"Show my feelings when I'm happy.",NA,"Very Inaccurate",1
"sapa_personality","sapa_personality_1","q_1703","SAPA-Project 696-item temperament item set (IPIP-based scales and the EPQ-R)",NA,NA,"Show my feelings when I'm happy.",NA,"Moderately Inaccurate",2
"sapa_personality","sapa_personality_1","q_1703","SAPA-Project 696-item temperament item set (IPIP-based scales and the EPQ-R)",NA,NA,"Show my feelings when I'm happy.",NA,"Slightly Inaccurate",3
"sapa_personality","sapa_personality_1","q_1703","SAPA-Project 696-item temperament item set (IPIP-based scales and the EPQ-R)",NA,NA,"Show my feelings when I'm happy.",NA,"Slightly Accurate",4
"sapa_personality","sapa_personality_1","q_1703","SAPA-Project 696-item temperament item set (IPIP-based scales and the EPQ-R)",NA,NA,"Show my feelings when I'm happy.",NA,"Moderately Accurate",5
"sapa_personality","sapa_personality_1","q_1703","SAPA-Project 696-item temperament item set (IPIP-based scales and the EPQ-R)",NA,NA,"Show my feelings when I'm happy.",NA,"Very Accurate",6
"sapa_personality","sapa_personality_1","q_1705","SAPA-Project 696-item temperament item set (IPIP-based scales and the EPQ-R)",NA,NA,"Show my gratitude.",NA,"Very Inaccurate",1
"sapa_personality","sapa_personality_1","q_1705","SAPA-Project 696-item temperament item set (IPIP-based scales and the EPQ-R)",NA,NA,"Show my gratitude.",NA,"Moderately Inaccurate",2
"sapa_personality","sapa_personality_1","q_1705","SAPA-Project 696-item temperament item set (IPIP-based scales and the EPQ-R)",NA,NA,"Show my gratitude.",NA,"Slightly Inaccurate",3
"sapa_personality","sapa_personality_1","q_1705","SAPA-Project 696-item temperament item set (IPIP-based scales and the EPQ-R)",NA,NA,"Show my gratitude.",NA,"Slightly Accurate",4
"sapa_personality","sapa_personality_1","q_1705","SAPA-Project 696-item temperament item set (IPIP-based scales and the EPQ-R)",NA,NA,"Show my gratitude.",NA,"Moderately Accurate",5
"sapa_personality","sapa_personality_1","q_1705","SAPA-Project 696-item temperament item set (IPIP-based scales and the EPQ-R)",NA,NA,"Show my gratitude.",NA,"Very Accurate",6
"sapa_personality","sapa_personality_1","q_1706","SAPA-Project 696-item temperament item set (IPIP-based scales and the EPQ-R)",NA,NA,"Show my sadness.",NA,"Very Inaccurate",1
"sapa_personality","sapa_personality_1","q_1706","SAPA-Project 696-item temperament item set (IPIP-based scales and the EPQ-R)",NA,NA,"Show my sadness.",NA,"Moderately Inaccurate",2
"sapa_personality","sapa_personality_1","q_1706","SAPA-Project 696-item temperament item set (IPIP-based scales and the EPQ-R)",NA,NA,"Show my sadness.",NA,"Slightly Inaccurate",3
"sapa_personality","sapa_personality_1","q_1706","SAPA-Project 696-item temperament item set (IPIP-based scales and the EPQ-R)",NA,NA,"Show my sadness.",NA,"Slightly Accurate",4
"sapa_personality","sapa_personality_1","q_1706","SAPA-Project 696-item temperament item set (IPIP-based scales and the EPQ-R)",NA,NA,"Show my sadness.",NA,"Moderately Accurate",5
"sapa_personality","sapa_personality_1","q_1706","SAPA-Project 696-item temperament item set (IPIP-based scales and the EPQ-R)",NA,NA,"Show my sadness.",NA,"Very Accurate",6
"sapa_personality","sapa_personality_1","q_1709","SAPA-Project 696-item temperament item set (IPIP-based scales and the EPQ-R)",NA,NA,"Smile a lot.",NA,"Very Inaccurate",1
"sapa_personality","sapa_personality_1","q_1709","SAPA-Project 696-item temperament item set (IPIP-based scales and the EPQ-R)",NA,NA,"Smile a lot.",NA,"Moderately Inaccurate",2
"sapa_personality","sapa_personality_1","q_1709","SAPA-Project 696-item temperament item set (IPIP-based scales and the EPQ-R)",NA,NA,"Smile a lot.",NA,"Slightly Inaccurate",3
"sapa_personality","sapa_personality_1","q_1709","SAPA-Project 696-item temperament item set (IPIP-based scales and the EPQ-R)",NA,NA,"Smile a lot.",NA,"Slightly Accurate",4
"sapa_personality","sapa_personality_1","q_1709","SAPA-Project 696-item temperament item set (IPIP-based scales and the EPQ-R)",NA,NA,"Smile a lot.",NA,"Moderately Accurate",5
"sapa_personality","sapa_personality_1","q_1709","SAPA-Project 696-item temperament item set (IPIP-based scales and the EPQ-R)",NA,NA,"Smile a lot.",NA,"Very Accurate",6
"sapa_personality","sapa_personality_1","q_1725","SAPA-Project 696-item temperament item set (IPIP-based scales and the EPQ-R)",NA,NA,"Speak ill of others.",NA,"Very Inaccurate",1
"sapa_personality","sapa_personality_1","q_1725","SAPA-Project 696-item temperament item set (IPIP-based scales and the EPQ-R)",NA,NA,"Speak ill of others.",NA,"Moderately Inaccurate",2
"sapa_personality","sapa_personality_1","q_1725","SAPA-Project 696-item temperament item set (IPIP-based scales and the EPQ-R)",NA,NA,"Speak ill of others.",NA,"Slightly Inaccurate",3
"sapa_personality","sapa_personality_1","q_1725","SAPA-Project 696-item temperament item set (IPIP-based scales and the EPQ-R)",NA,NA,"Speak ill of others.",NA,"Slightly Accurate",4
"sapa_personality","sapa_personality_1","q_1725","SAPA-Project 696-item temperament item set (IPIP-based scales and the EPQ-R)",NA,NA,"Speak ill of others.",NA,"Moderately Accurate",5
"sapa_personality","sapa_personality_1","q_1725","SAPA-Project 696-item temperament item set (IPIP-based scales and the EPQ-R)",NA,NA,"Speak ill of others.",NA,"Very Accurate",6
"sapa_personality","sapa_personality_1","q_1730","SAPA-Project 696-item temperament item set (IPIP-based scales and the EPQ-R)",NA,NA,"Speak softly.",NA,"Very Inaccurate",1
"sapa_personality","sapa_personality_1","q_1730","SAPA-Project 696-item temperament item set (IPIP-based scales and the EPQ-R)",NA,NA,"Speak softly.",NA,"Moderately Inaccurate",2
"sapa_personality","sapa_personality_1","q_1730","SAPA-Project 696-item temperament item set (IPIP-based scales and the EPQ-R)",NA,NA,"Speak softly.",NA,"Slightly Inaccurate",3
"sapa_personality","sapa_personality_1","q_1730","SAPA-Project 696-item temperament item set (IPIP-based scales and the EPQ-R)",NA,NA,"Speak softly.",NA,"Slightly Accurate",4
"sapa_personality","sapa_personality_1","q_1730","SAPA-Project 696-item temperament item set (IPIP-based scales and the EPQ-R)",NA,NA,"Speak softly.",NA,"Moderately Accurate",5
"sapa_personality","sapa_personality_1","q_1730","SAPA-Project 696-item temperament item set (IPIP-based scales and the EPQ-R)",NA,NA,"Speak softly.",NA,"Very Accurate",6
"sapa_personality","sapa_personality_1","q_1738","SAPA-Project 696-item temperament item set (IPIP-based scales and the EPQ-R)",NA,NA,"Spend time reflecting on things.",NA,"Very Inaccurate",1
"sapa_personality","sapa_personality_1","q_1738","SAPA-Project 696-item temperament item set (IPIP-based scales and the EPQ-R)",NA,NA,"Spend time reflecting on things.",NA,"Moderately Inaccurate",2
"sapa_personality","sapa_personality_1","q_1738","SAPA-Project 696-item temperament item set (IPIP-based scales and the EPQ-R)",NA,NA,"Spend time reflecting on things.",NA,"Slightly Inaccurate",3
"sapa_personality","sapa_personality_1","q_1738","SAPA-Project 696-item temperament item set (IPIP-based scales and the EPQ-R)",NA,NA,"Spend time reflecting on things.",NA,"Slightly Accurate",4
"sapa_personality","sapa_personality_1","q_1738","SAPA-Project 696-item temperament item set (IPIP-based scales and the EPQ-R)",NA,NA,"Spend time reflecting on things.",NA,"Moderately Accurate",5
"sapa_personality","sapa_personality_1","q_1738","SAPA-Project 696-item temperament item set (IPIP-based scales and the EPQ-R)",NA,NA,"Spend time reflecting on things.",NA,"Very Accurate",6
"sapa_personality","sapa_personality_1","q_1742","SAPA-Project 696-item temperament item set (IPIP-based scales and the EPQ-R)",NA,NA,"Start conversations.",NA,"Very Inaccurate",1
"sapa_personality","sapa_personality_1","q_1742","SAPA-Project 696-item temperament item set (IPIP-based scales and the EPQ-R)",NA,NA,"Start conversations.",NA,"Moderately Inaccurate",2
"sapa_personality","sapa_personality_1","q_1742","SAPA-Project 696-item temperament item set (IPIP-based scales and the EPQ-R)",NA,NA,"Start conversations.",NA,"Slightly Inaccurate",3
"sapa_personality","sapa_personality_1","q_1742","SAPA-Project 696-item temperament item set (IPIP-based scales and the EPQ-R)",NA,NA,"Start conversations.",NA,"Slightly Accurate",4
"sapa_personality","sapa_personality_1","q_1742","SAPA-Project 696-item temperament item set (IPIP-based scales and the EPQ-R)",NA,NA,"Start conversations.",NA,"Moderately Accurate",5
"sapa_personality","sapa_personality_1","q_1742","SAPA-Project 696-item temperament item set (IPIP-based scales and the EPQ-R)",NA,NA,"Start conversations.",NA,"Very Accurate",6
"sapa_personality","sapa_personality_1","q_1744","SAPA-Project 696-item temperament item set (IPIP-based scales and the EPQ-R)",NA,NA,"Start tasks right away.",NA,"Very Inaccurate",1
"sapa_personality","sapa_personality_1","q_1744","SAPA-Project 696-item temperament item set (IPIP-based scales and the EPQ-R)",NA,NA,"Start tasks right away.",NA,"Moderately Inaccurate",2
"sapa_personality","sapa_personality_1","q_1744","SAPA-Project 696-item temperament item set (IPIP-based scales and the EPQ-R)",NA,NA,"Start tasks right away.",NA,"Slightly Inaccurate",3
"sapa_personality","sapa_personality_1","q_1744","SAPA-Project 696-item temperament item set (IPIP-based scales and the EPQ-R)",NA,NA,"Start tasks right away.",NA,"Slightly Accurate",4
"sapa_personality","sapa_personality_1","q_1744","SAPA-Project 696-item temperament item set (IPIP-based scales and the EPQ-R)",NA,NA,"Start tasks right away.",NA,"Moderately Accurate",5
"sapa_personality","sapa_personality_1","q_1744","SAPA-Project 696-item temperament item set (IPIP-based scales and the EPQ-R)",NA,NA,"Start tasks right away.",NA,"Very Accurate",6
"sapa_personality","sapa_personality_1","q_1747","SAPA-Project 696-item temperament item set (IPIP-based scales and the EPQ-R)",NA,NA,"Steal things.",NA,"Very Inaccurate",1
"sapa_personality","sapa_personality_1","q_1747","SAPA-Project 696-item temperament item set (IPIP-based scales and the EPQ-R)",NA,NA,"Steal things.",NA,"Moderately Inaccurate",2
"sapa_personality","sapa_personality_1","q_1747","SAPA-Project 696-item temperament item set (IPIP-based scales and the EPQ-R)",NA,NA,"Steal things.",NA,"Slightly Inaccurate",3
"sapa_personality","sapa_personality_1","q_1747","SAPA-Project 696-item temperament item set (IPIP-based scales and the EPQ-R)",NA,NA,"Steal things.",NA,"Slightly Accurate",4
"sapa_personality","sapa_personality_1","q_1747","SAPA-Project 696-item temperament item set (IPIP-based scales and the EPQ-R)",NA,NA,"Steal things.",NA,"Moderately Accurate",5
"sapa_personality","sapa_personality_1","q_1747","SAPA-Project 696-item temperament item set (IPIP-based scales and the EPQ-R)",NA,NA,"Steal things.",NA,"Very Accurate",6
"sapa_personality","sapa_personality_1","q_1748","SAPA-Project 696-item temperament item set (IPIP-based scales and the EPQ-R)",NA,NA,"Stick to my chosen path.",NA,"Very Inaccurate",1
"sapa_personality","sapa_personality_1","q_1748","SAPA-Project 696-item temperament item set (IPIP-based scales and the EPQ-R)",NA,NA,"Stick to my chosen path.",NA,"Moderately Inaccurate",2
"sapa_personality","sapa_personality_1","q_1748","SAPA-Project 696-item temperament item set (IPIP-based scales and the EPQ-R)",NA,NA,"Stick to my chosen path.",NA,"Slightly Inaccurate",3
"sapa_personality","sapa_personality_1","q_1748","SAPA-Project 696-item temperament item set (IPIP-based scales and the EPQ-R)",NA,NA,"Stick to my chosen path.",NA,"Slightly Accurate",4
"sapa_personality","sapa_personality_1","q_1748","SAPA-Project 696-item temperament item set (IPIP-based scales and the EPQ-R)",NA,NA,"Stick to my chosen path.",NA,"Moderately Accurate",5
"sapa_personality","sapa_personality_1","q_1748","SAPA-Project 696-item temperament item set (IPIP-based scales and the EPQ-R)",NA,NA,"Stick to my chosen path.",NA,"Very Accurate",6
"sapa_personality","sapa_personality_1","q_1752","SAPA-Project 696-item temperament item set (IPIP-based scales and the EPQ-R)",NA,NA,"Stick to the rules.",NA,"Very Inaccurate",1
"sapa_personality","sapa_personality_1","q_1752","SAPA-Project 696-item temperament item set (IPIP-based scales and the EPQ-R)",NA,NA,"Stick to the rules.",NA,"Moderately Inaccurate",2
"sapa_personality","sapa_personality_1","q_1752","SAPA-Project 696-item temperament item set (IPIP-based scales and the EPQ-R)",NA,NA,"Stick to the rules.",NA,"Slightly Inaccurate",3
"sapa_personality","sapa_personality_1","q_1752","SAPA-Project 696-item temperament item set (IPIP-based scales and the EPQ-R)",NA,NA,"Stick to the rules.",NA,"Slightly Accurate",4
"sapa_personality","sapa_personality_1","q_1752","SAPA-Project 696-item temperament item set (IPIP-based scales and the EPQ-R)",NA,NA,"Stick to the rules.",NA,"Moderately Accurate",5
"sapa_personality","sapa_personality_1","q_1752","SAPA-Project 696-item temperament item set (IPIP-based scales and the EPQ-R)",NA,NA,"Stick to the rules.",NA,"Very Accurate",6
"sapa_personality","sapa_personality_1","q_1754","SAPA-Project 696-item temperament item set (IPIP-based scales and the EPQ-R)",NA,NA,"Stop when work becomes too difficult.",NA,"Very Inaccurate",1
"sapa_personality","sapa_personality_1","q_1754","SAPA-Project 696-item temperament item set (IPIP-based scales and the EPQ-R)",NA,NA,"Stop when work becomes too difficult.",NA,"Moderately Inaccurate",2
"sapa_personality","sapa_personality_1","q_1754","SAPA-Project 696-item temperament item set (IPIP-based scales and the EPQ-R)",NA,NA,"Stop when work becomes too difficult.",NA,"Slightly Inaccurate",3
"sapa_personality","sapa_personality_1","q_1754","SAPA-Project 696-item temperament item set (IPIP-based scales and the EPQ-R)",NA,NA,"Stop when work becomes too difficult.",NA,"Slightly Accurate",4
"sapa_personality","sapa_personality_1","q_1754","SAPA-Project 696-item temperament item set (IPIP-based scales and the EPQ-R)",NA,NA,"Stop when work becomes too difficult.",NA,"Moderately Accurate",5
"sapa_personality","sapa_personality_1","q_1754","SAPA-Project 696-item temperament item set (IPIP-based scales and the EPQ-R)",NA,NA,"Stop when work becomes too difficult.",NA,"Very Accurate",6
"sapa_personality","sapa_personality_1","q_1755","SAPA-Project 696-item temperament item set (IPIP-based scales and the EPQ-R)",NA,NA,"Stumble over my words.",NA,"Very Inaccurate",1
"sapa_personality","sapa_personality_1","q_1755","SAPA-Project 696-item temperament item set (IPIP-based scales and the EPQ-R)",NA,NA,"Stumble over my words.",NA,"Moderately Inaccurate",2
"sapa_personality","sapa_personality_1","q_1755","SAPA-Project 696-item temperament item set (IPIP-based scales and the EPQ-R)",NA,NA,"Stumble over my words.",NA,"Slightly Inaccurate",3
"sapa_personality","sapa_personality_1","q_1755","SAPA-Project 696-item temperament item set (IPIP-based scales and the EPQ-R)",NA,NA,"Stumble over my words.",NA,"Slightly Accurate",4
"sapa_personality","sapa_personality_1","q_1755","SAPA-Project 696-item temperament item set (IPIP-based scales and the EPQ-R)",NA,NA,"Stumble over my words.",NA,"Moderately Accurate",5
"sapa_personality","sapa_personality_1","q_1755","SAPA-Project 696-item temperament item set (IPIP-based scales and the EPQ-R)",NA,NA,"Stumble over my words.",NA,"Very Accurate",6
"sapa_personality","sapa_personality_1","q_1757","SAPA-Project 696-item temperament item set (IPIP-based scales and the EPQ-R)",NA,NA,"Suffer from others' sorrows.",NA,"Very Inaccurate",1
"sapa_personality","sapa_personality_1","q_1757","SAPA-Project 696-item temperament item set (IPIP-based scales and the EPQ-R)",NA,NA,"Suffer from others' sorrows.",NA,"Moderately Inaccurate",2
"sapa_personality","sapa_personality_1","q_1757","SAPA-Project 696-item temperament item set (IPIP-based scales and the EPQ-R)",NA,NA,"Suffer from others' sorrows.",NA,"Slightly Inaccurate",3
"sapa_personality","sapa_personality_1","q_1757","SAPA-Project 696-item temperament item set (IPIP-based scales and the EPQ-R)",NA,NA,"Suffer from others' sorrows.",NA,"Slightly Accurate",4
"sapa_personality","sapa_personality_1","q_1757","SAPA-Project 696-item temperament item set (IPIP-based scales and the EPQ-R)",NA,NA,"Suffer from others' sorrows.",NA,"Moderately Accurate",5
"sapa_personality","sapa_personality_1","q_1757","SAPA-Project 696-item temperament item set (IPIP-based scales and the EPQ-R)",NA,NA,"Suffer from others' sorrows.",NA,"Very Accurate",6
"sapa_personality","sapa_personality_1","q_1758","SAPA-Project 696-item temperament item set (IPIP-based scales and the EPQ-R)",NA,NA,"Suspect hidden motives in others.",NA,"Very Inaccurate",1
"sapa_personality","sapa_personality_1","q_1758","SAPA-Project 696-item temperament item set (IPIP-based scales and the EPQ-R)",NA,NA,"Suspect hidden motives in others.",NA,"Moderately Inaccurate",2
"sapa_personality","sapa_personality_1","q_1758","SAPA-Project 696-item temperament item set (IPIP-based scales and the EPQ-R)",NA,NA,"Suspect hidden motives in others.",NA,"Slightly Inaccurate",3
"sapa_personality","sapa_personality_1","q_1758","SAPA-Project 696-item temperament item set (IPIP-based scales and the EPQ-R)",NA,NA,"Suspect hidden motives in others.",NA,"Slightly Accurate",4
"sapa_personality","sapa_personality_1","q_1758","SAPA-Project 696-item temperament item set (IPIP-based scales and the EPQ-R)",NA,NA,"Suspect hidden motives in others.",NA,"Moderately Accurate",5
"sapa_personality","sapa_personality_1","q_1758","SAPA-Project 696-item temperament item set (IPIP-based scales and the EPQ-R)",NA,NA,"Suspect hidden motives in others.",NA,"Very Accurate",6
"sapa_personality","sapa_personality_1","q_1759","SAPA-Project 696-item temperament item set (IPIP-based scales and the EPQ-R)",NA,NA,"[Suspect facial expressions show when sad].",NA,"Very Inaccurate",1
"sapa_personality","sapa_personality_1","q_1759","SAPA-Project 696-item temperament item set (IPIP-based scales and the EPQ-R)",NA,NA,"[Suspect facial expressions show when sad].",NA,"Moderately Inaccurate",2
"sapa_personality","sapa_personality_1","q_1759","SAPA-Project 696-item temperament item set (IPIP-based scales and the EPQ-R)",NA,NA,"[Suspect facial expressions show when sad].",NA,"Slightly Inaccurate",3
"sapa_personality","sapa_personality_1","q_1759","SAPA-Project 696-item temperament item set (IPIP-based scales and the EPQ-R)",NA,NA,"[Suspect facial expressions show when sad].",NA,"Slightly Accurate",4
"sapa_personality","sapa_personality_1","q_1759","SAPA-Project 696-item temperament item set (IPIP-based scales and the EPQ-R)",NA,NA,"[Suspect facial expressions show when sad].",NA,"Moderately Accurate",5
"sapa_personality","sapa_personality_1","q_1759","SAPA-Project 696-item temperament item set (IPIP-based scales and the EPQ-R)",NA,NA,"[Suspect facial expressions show when sad].",NA,"Very Accurate",6
"sapa_personality","sapa_personality_1","q_1761","SAPA-Project 696-item temperament item set (IPIP-based scales and the EPQ-R)",NA,NA,"Swim against the current.",NA,"Very Inaccurate",1
"sapa_personality","sapa_personality_1","q_1761","SAPA-Project 696-item temperament item set (IPIP-based scales and the EPQ-R)",NA,NA,"Swim against the current.",NA,"Moderately Inaccurate",2
"sapa_personality","sapa_personality_1","q_1761","SAPA-Project 696-item temperament item set (IPIP-based scales and the EPQ-R)",NA,NA,"Swim against the current.",NA,"Slightly Inaccurate",3
"sapa_personality","sapa_personality_1","q_1761","SAPA-Project 696-item temperament item set (IPIP-based scales and the EPQ-R)",NA,NA,"Swim against the current.",NA,"Slightly Accurate",4
"sapa_personality","sapa_personality_1","q_1761","SAPA-Project 696-item temperament item set (IPIP-based scales and the EPQ-R)",NA,NA,"Swim against the current.",NA,"Moderately Accurate",5
"sapa_personality","sapa_personality_1","q_1761","SAPA-Project 696-item temperament item set (IPIP-based scales and the EPQ-R)",NA,NA,"Swim against the current.",NA,"Very Accurate",6
"sapa_personality","sapa_personality_1","q_1762","SAPA-Project 696-item temperament item set (IPIP-based scales and the EPQ-R)",NA,NA,"Switch my loyalties when I feel like it.",NA,"Very Inaccurate",1
"sapa_personality","sapa_personality_1","q_1762","SAPA-Project 696-item temperament item set (IPIP-based scales and the EPQ-R)",NA,NA,"Switch my loyalties when I feel like it.",NA,"Moderately Inaccurate",2
"sapa_personality","sapa_personality_1","q_1762","SAPA-Project 696-item temperament item set (IPIP-based scales and the EPQ-R)",NA,NA,"Switch my loyalties when I feel like it.",NA,"Slightly Inaccurate",3
"sapa_personality","sapa_personality_1","q_1762","SAPA-Project 696-item temperament item set (IPIP-based scales and the EPQ-R)",NA,NA,"Switch my loyalties when I feel like it.",NA,"Slightly Accurate",4
"sapa_personality","sapa_personality_1","q_1762","SAPA-Project 696-item temperament item set (IPIP-based scales and the EPQ-R)",NA,NA,"Switch my loyalties when I feel like it.",NA,"Moderately Accurate",5
"sapa_personality","sapa_personality_1","q_1762","SAPA-Project 696-item temperament item set (IPIP-based scales and the EPQ-R)",NA,NA,"Switch my loyalties when I feel like it.",NA,"Very Accurate",6
"sapa_personality","sapa_personality_1","q_1763","SAPA-Project 696-item temperament item set (IPIP-based scales and the EPQ-R)",NA,NA,"Sympathize with others' feelings.",NA,"Very Inaccurate",1
"sapa_personality","sapa_personality_1","q_1763","SAPA-Project 696-item temperament item set (IPIP-based scales and the EPQ-R)",NA,NA,"Sympathize with others' feelings.",NA,"Moderately Inaccurate",2
"sapa_personality","sapa_personality_1","q_1763","SAPA-Project 696-item temperament item set (IPIP-based scales and the EPQ-R)",NA,NA,"Sympathize with others' feelings.",NA,"Slightly Inaccurate",3
"sapa_personality","sapa_personality_1","q_1763","SAPA-Project 696-item temperament item set (IPIP-based scales and the EPQ-R)",NA,NA,"Sympathize with others' feelings.",NA,"Slightly Accurate",4
"sapa_personality","sapa_personality_1","q_1763","SAPA-Project 696-item temperament item set (IPIP-based scales and the EPQ-R)",NA,NA,"Sympathize with others' feelings.",NA,"Moderately Accurate",5
"sapa_personality","sapa_personality_1","q_1763","SAPA-Project 696-item temperament item set (IPIP-based scales and the EPQ-R)",NA,NA,"Sympathize with others' feelings.",NA,"Very Accurate",6
"sapa_personality","sapa_personality_1","q_1764","SAPA-Project 696-item temperament item set (IPIP-based scales and the EPQ-R)",NA,NA,"Sympathize with the homeless.",NA,"Very Inaccurate",1
"sapa_personality","sapa_personality_1","q_1764","SAPA-Project 696-item temperament item set (IPIP-based scales and the EPQ-R)",NA,NA,"Sympathize with the homeless.",NA,"Moderately Inaccurate",2
"sapa_personality","sapa_personality_1","q_1764","SAPA-Project 696-item temperament item set (IPIP-based scales and the EPQ-R)",NA,NA,"Sympathize with the homeless.",NA,"Slightly Inaccurate",3
"sapa_personality","sapa_personality_1","q_1764","SAPA-Project 696-item temperament item set (IPIP-based scales and the EPQ-R)",NA,NA,"Sympathize with the homeless.",NA,"Slightly Accurate",4
"sapa_personality","sapa_personality_1","q_1764","SAPA-Project 696-item temperament item set (IPIP-based scales and the EPQ-R)",NA,NA,"Sympathize with the homeless.",NA,"Moderately Accurate",5
"sapa_personality","sapa_personality_1","q_1764","SAPA-Project 696-item temperament item set (IPIP-based scales and the EPQ-R)",NA,NA,"Sympathize with the homeless.",NA,"Very Accurate",6
"sapa_personality","sapa_personality_1","q_1765","SAPA-Project 696-item temperament item set (IPIP-based scales and the EPQ-R)",NA,NA,"Take advantage of others.",NA,"Very Inaccurate",1
"sapa_personality","sapa_personality_1","q_1765","SAPA-Project 696-item temperament item set (IPIP-based scales and the EPQ-R)",NA,NA,"Take advantage of others.",NA,"Moderately Inaccurate",2
"sapa_personality","sapa_personality_1","q_1765","SAPA-Project 696-item temperament item set (IPIP-based scales and the EPQ-R)",NA,NA,"Take advantage of others.",NA,"Slightly Inaccurate",3
"sapa_personality","sapa_personality_1","q_1765","SAPA-Project 696-item temperament item set (IPIP-based scales and the EPQ-R)",NA,NA,"Take advantage of others.",NA,"Slightly Accurate",4
"sapa_personality","sapa_personality_1","q_1765","SAPA-Project 696-item temperament item set (IPIP-based scales and the EPQ-R)",NA,NA,"Take advantage of others.",NA,"Moderately Accurate",5
"sapa_personality","sapa_personality_1","q_1765","SAPA-Project 696-item temperament item set (IPIP-based scales and the EPQ-R)",NA,NA,"Take advantage of others.",NA,"Very Accurate",6
"sapa_personality","sapa_personality_1","q_1766","SAPA-Project 696-item temperament item set (IPIP-based scales and the EPQ-R)",NA,NA,"Take an interest in other people's lives.",NA,"Very Inaccurate",1
"sapa_personality","sapa_personality_1","q_1766","SAPA-Project 696-item temperament item set (IPIP-based scales and the EPQ-R)",NA,NA,"Take an interest in other people's lives.",NA,"Moderately Inaccurate",2
"sapa_personality","sapa_personality_1","q_1766","SAPA-Project 696-item temperament item set (IPIP-based scales and the EPQ-R)",NA,NA,"Take an interest in other people's lives.",NA,"Slightly Inaccurate",3
"sapa_personality","sapa_personality_1","q_1766","SAPA-Project 696-item temperament item set (IPIP-based scales and the EPQ-R)",NA,NA,"Take an interest in other people's lives.",NA,"Slightly Accurate",4
"sapa_personality","sapa_personality_1","q_1766","SAPA-Project 696-item temperament item set (IPIP-based scales and the EPQ-R)",NA,NA,"Take an interest in other people's lives.",NA,"Moderately Accurate",5
"sapa_personality","sapa_personality_1","q_1766","SAPA-Project 696-item temperament item set (IPIP-based scales and the EPQ-R)",NA,NA,"Take an interest in other people's lives.",NA,"Very Accurate",6
"sapa_personality","sapa_personality_1","q_1768","SAPA-Project 696-item temperament item set (IPIP-based scales and the EPQ-R)",NA,NA,"Take charge.",NA,"Very Inaccurate",1
"sapa_personality","sapa_personality_1","q_1768","SAPA-Project 696-item temperament item set (IPIP-based scales and the EPQ-R)",NA,NA,"Take charge.",NA,"Moderately Inaccurate",2
"sapa_personality","sapa_personality_1","q_1768","SAPA-Project 696-item temperament item set (IPIP-based scales and the EPQ-R)",NA,NA,"Take charge.",NA,"Slightly Inaccurate",3
"sapa_personality","sapa_personality_1","q_1768","SAPA-Project 696-item temperament item set (IPIP-based scales and the EPQ-R)",NA,NA,"Take charge.",NA,"Slightly Accurate",4
"sapa_personality","sapa_personality_1","q_1768","SAPA-Project 696-item temperament item set (IPIP-based scales and the EPQ-R)",NA,NA,"Take charge.",NA,"Moderately Accurate",5
"sapa_personality","sapa_personality_1","q_1768","SAPA-Project 696-item temperament item set (IPIP-based scales and the EPQ-R)",NA,NA,"Take charge.",NA,"Very Accurate",6
"sapa_personality","sapa_personality_1","q_1769","SAPA-Project 696-item temperament item set (IPIP-based scales and the EPQ-R)",NA,NA,"Take control of things.",NA,"Very Inaccurate",1
"sapa_personality","sapa_personality_1","q_1769","SAPA-Project 696-item temperament item set (IPIP-based scales and the EPQ-R)",NA,NA,"Take control of things.",NA,"Moderately Inaccurate",2
"sapa_personality","sapa_personality_1","q_1769","SAPA-Project 696-item temperament item set (IPIP-based scales and the EPQ-R)",NA,NA,"Take control of things.",NA,"Slightly Inaccurate",3
"sapa_personality","sapa_personality_1","q_1769","SAPA-Project 696-item temperament item set (IPIP-based scales and the EPQ-R)",NA,NA,"Take control of things.",NA,"Slightly Accurate",4
"sapa_personality","sapa_personality_1","q_1769","SAPA-Project 696-item temperament item set (IPIP-based scales and the EPQ-R)",NA,NA,"Take control of things.",NA,"Moderately Accurate",5
"sapa_personality","sapa_personality_1","q_1769","SAPA-Project 696-item temperament item set (IPIP-based scales and the EPQ-R)",NA,NA,"Take control of things.",NA,"Very Accurate",6
"sapa_personality","sapa_personality_1","q_1774","SAPA-Project 696-item temperament item set (IPIP-based scales and the EPQ-R)",NA,NA,"Take no time for others.",NA,"Very Inaccurate",1
"sapa_personality","sapa_personality_1","q_1774","SAPA-Project 696-item temperament item set (IPIP-based scales and the EPQ-R)",NA,NA,"Take no time for others.",NA,"Moderately Inaccurate",2
"sapa_personality","sapa_personality_1","q_1774","SAPA-Project 696-item temperament item set (IPIP-based scales and the EPQ-R)",NA,NA,"Take no time for others.",NA,"Slightly Inaccurate",3
"sapa_personality","sapa_personality_1","q_1774","SAPA-Project 696-item temperament item set (IPIP-based scales and the EPQ-R)",NA,NA,"Take no time for others.",NA,"Slightly Accurate",4
"sapa_personality","sapa_personality_1","q_1774","SAPA-Project 696-item temperament item set (IPIP-based scales and the EPQ-R)",NA,NA,"Take no time for others.",NA,"Moderately Accurate",5
"sapa_personality","sapa_personality_1","q_1774","SAPA-Project 696-item temperament item set (IPIP-based scales and the EPQ-R)",NA,NA,"Take no time for others.",NA,"Very Accurate",6
"sapa_personality","sapa_personality_1","q_1775","SAPA-Project 696-item temperament item set (IPIP-based scales and the EPQ-R)",NA,NA,"Take offense easily.",NA,"Very Inaccurate",1
"sapa_personality","sapa_personality_1","q_1775","SAPA-Project 696-item temperament item set (IPIP-based scales and the EPQ-R)",NA,NA,"Take offense easily.",NA,"Moderately Inaccurate",2
"sapa_personality","sapa_personality_1","q_1775","SAPA-Project 696-item temperament item set (IPIP-based scales and the EPQ-R)",NA,NA,"Take offense easily.",NA,"Slightly Inaccurate",3
"sapa_personality","sapa_personality_1","q_1775","SAPA-Project 696-item temperament item set (IPIP-based scales and the EPQ-R)",NA,NA,"Take offense easily.",NA,"Slightly Accurate",4
"sapa_personality","sapa_personality_1","q_1775","SAPA-Project 696-item temperament item set (IPIP-based scales and the EPQ-R)",NA,NA,"Take offense easily.",NA,"Moderately Accurate",5
"sapa_personality","sapa_personality_1","q_1775","SAPA-Project 696-item temperament item set (IPIP-based scales and the EPQ-R)",NA,NA,"Take offense easily.",NA,"Very Accurate",6
"sapa_personality","sapa_personality_1","q_1780","SAPA-Project 696-item temperament item set (IPIP-based scales and the EPQ-R)",NA,NA,"Take risks that could cause trouble for me.",NA,"Very Inaccurate",1
"sapa_personality","sapa_personality_1","q_1780","SAPA-Project 696-item temperament item set (IPIP-based scales and the EPQ-R)",NA,NA,"Take risks that could cause trouble for me.",NA,"Moderately Inaccurate",2
"sapa_personality","sapa_personality_1","q_1780","SAPA-Project 696-item temperament item set (IPIP-based scales and the EPQ-R)",NA,NA,"Take risks that could cause trouble for me.",NA,"Slightly Inaccurate",3
"sapa_personality","sapa_personality_1","q_1780","SAPA-Project 696-item temperament item set (IPIP-based scales and the EPQ-R)",NA,NA,"Take risks that could cause trouble for me.",NA,"Slightly Accurate",4
"sapa_personality","sapa_personality_1","q_1780","SAPA-Project 696-item temperament item set (IPIP-based scales and the EPQ-R)",NA,NA,"Take risks that could cause trouble for me.",NA,"Moderately Accurate",5
"sapa_personality","sapa_personality_1","q_1780","SAPA-Project 696-item temperament item set (IPIP-based scales and the EPQ-R)",NA,NA,"Take risks that could cause trouble for me.",NA,"Very Accurate",6
"sapa_personality","sapa_personality_1","q_1781","SAPA-Project 696-item temperament item set (IPIP-based scales and the EPQ-R)",NA,NA,"Take risks.",NA,"Very Inaccurate",1
"sapa_personality","sapa_personality_1","q_1781","SAPA-Project 696-item temperament item set (IPIP-based scales and the EPQ-R)",NA,NA,"Take risks.",NA,"Moderately Inaccurate",2
"sapa_personality","sapa_personality_1","q_1781","SAPA-Project 696-item temperament item set (IPIP-based scales and the EPQ-R)",NA,NA,"Take risks.",NA,"Slightly Inaccurate",3
"sapa_personality","sapa_personality_1","q_1781","SAPA-Project 696-item temperament item set (IPIP-based scales and the EPQ-R)",NA,NA,"Take risks.",NA,"Slightly Accurate",4
"sapa_personality","sapa_personality_1","q_1781","SAPA-Project 696-item temperament item set (IPIP-based scales and the EPQ-R)",NA,NA,"Take risks.",NA,"Moderately Accurate",5
"sapa_personality","sapa_personality_1","q_1781","SAPA-Project 696-item temperament item set (IPIP-based scales and the EPQ-R)",NA,NA,"Take risks.",NA,"Very Accurate",6
"sapa_personality","sapa_personality_1","q_1787","SAPA-Project 696-item temperament item set (IPIP-based scales and the EPQ-R)",NA,NA,"Take things as they come.",NA,"Very Inaccurate",1
"sapa_personality","sapa_personality_1","q_1787","SAPA-Project 696-item temperament item set (IPIP-based scales and the EPQ-R)",NA,NA,"Take things as they come.",NA,"Moderately Inaccurate",2
"sapa_personality","sapa_personality_1","q_1787","SAPA-Project 696-item temperament item set (IPIP-based scales and the EPQ-R)",NA,NA,"Take things as they come.",NA,"Slightly Inaccurate",3
"sapa_personality","sapa_personality_1","q_1787","SAPA-Project 696-item temperament item set (IPIP-based scales and the EPQ-R)",NA,NA,"Take things as they come.",NA,"Slightly Accurate",4
"sapa_personality","sapa_personality_1","q_1787","SAPA-Project 696-item temperament item set (IPIP-based scales and the EPQ-R)",NA,NA,"Take things as they come.",NA,"Moderately Accurate",5
"sapa_personality","sapa_personality_1","q_1787","SAPA-Project 696-item temperament item set (IPIP-based scales and the EPQ-R)",NA,NA,"Take things as they come.",NA,"Very Accurate",6
"sapa_personality","sapa_personality_1","q_1792","SAPA-Project 696-item temperament item set (IPIP-based scales and the EPQ-R)",NA,NA,"Take time out for others.",NA,"Very Inaccurate",1
"sapa_personality","sapa_personality_1","q_1792","SAPA-Project 696-item temperament item set (IPIP-based scales and the EPQ-R)",NA,NA,"Take time out for others.",NA,"Moderately Inaccurate",2
"sapa_personality","sapa_personality_1","q_1792","SAPA-Project 696-item temperament item set (IPIP-based scales and the EPQ-R)",NA,NA,"Take time out for others.",NA,"Slightly Inaccurate",3
"sapa_personality","sapa_personality_1","q_1792","SAPA-Project 696-item temperament item set (IPIP-based scales and the EPQ-R)",NA,NA,"Take time out for others.",NA,"Slightly Accurate",4
"sapa_personality","sapa_personality_1","q_1792","SAPA-Project 696-item temperament item set (IPIP-based scales and the EPQ-R)",NA,NA,"Take time out for others.",NA,"Moderately Accurate",5
"sapa_personality","sapa_personality_1","q_1792","SAPA-Project 696-item temperament item set (IPIP-based scales and the EPQ-R)",NA,NA,"Take time out for others.",NA,"Very Accurate",6
"sapa_personality","sapa_personality_1","q_1795","SAPA-Project 696-item temperament item set (IPIP-based scales and the EPQ-R)",NA,NA,"Talk a lot.",NA,"Very Inaccurate",1
"sapa_personality","sapa_personality_1","q_1795","SAPA-Project 696-item temperament item set (IPIP-based scales and the EPQ-R)",NA,NA,"Talk a lot.",NA,"Moderately Inaccurate",2
"sapa_personality","sapa_personality_1","q_1795","SAPA-Project 696-item temperament item set (IPIP-based scales and the EPQ-R)",NA,NA,"Talk a lot.",NA,"Slightly Inaccurate",3
"sapa_personality","sapa_personality_1","q_1795","SAPA-Project 696-item temperament item set (IPIP-based scales and the EPQ-R)",NA,NA,"Talk a lot.",NA,"Slightly Accurate",4
"sapa_personality","sapa_personality_1","q_1795","SAPA-Project 696-item temperament item set (IPIP-based scales and the EPQ-R)",NA,NA,"Talk a lot.",NA,"Moderately Accurate",5
"sapa_personality","sapa_personality_1","q_1795","SAPA-Project 696-item temperament item set (IPIP-based scales and the EPQ-R)",NA,NA,"Talk a lot.",NA,"Very Accurate",6
"sapa_personality","sapa_personality_1","q_1798","SAPA-Project 696-item temperament item set (IPIP-based scales and the EPQ-R)",NA,NA,"Talk even when I know I shouldn’t.",NA,"Very Inaccurate",1
"sapa_personality","sapa_personality_1","q_1798","SAPA-Project 696-item temperament item set (IPIP-based scales and the EPQ-R)",NA,NA,"Talk even when I know I shouldn’t.",NA,"Moderately Inaccurate",2
"sapa_personality","sapa_personality_1","q_1798","SAPA-Project 696-item temperament item set (IPIP-based scales and the EPQ-R)",NA,NA,"Talk even when I know I shouldn’t.",NA,"Slightly Inaccurate",3
"sapa_personality","sapa_personality_1","q_1798","SAPA-Project 696-item temperament item set (IPIP-based scales and the EPQ-R)",NA,NA,"Talk even when I know I shouldn’t.",NA,"Slightly Accurate",4
"sapa_personality","sapa_personality_1","q_1798","SAPA-Project 696-item temperament item set (IPIP-based scales and the EPQ-R)",NA,NA,"Talk even when I know I shouldn’t.",NA,"Moderately Accurate",5
"sapa_personality","sapa_personality_1","q_1798","SAPA-Project 696-item temperament item set (IPIP-based scales and the EPQ-R)",NA,NA,"Talk even when I know I shouldn’t.",NA,"Very Accurate",6
"sapa_personality","sapa_personality_1","q_1803","SAPA-Project 696-item temperament item set (IPIP-based scales and the EPQ-R)",NA,NA,"Talk to a lot of different people at parties.",NA,"Very Inaccurate",1
"sapa_personality","sapa_personality_1","q_1803","SAPA-Project 696-item temperament item set (IPIP-based scales and the EPQ-R)",NA,NA,"Talk to a lot of different people at parties.",NA,"Moderately Inaccurate",2
"sapa_personality","sapa_personality_1","q_1803","SAPA-Project 696-item temperament item set (IPIP-based scales and the EPQ-R)",NA,NA,"Talk to a lot of different people at parties.",NA,"Slightly Inaccurate",3
"sapa_personality","sapa_personality_1","q_1803","SAPA-Project 696-item temperament item set (IPIP-based scales and the EPQ-R)",NA,NA,"Talk to a lot of different people at parties.",NA,"Slightly Accurate",4
"sapa_personality","sapa_personality_1","q_1803","SAPA-Project 696-item temperament item set (IPIP-based scales and the EPQ-R)",NA,NA,"Talk to a lot of different people at parties.",NA,"Moderately Accurate",5
"sapa_personality","sapa_personality_1","q_1803","SAPA-Project 696-item temperament item set (IPIP-based scales and the EPQ-R)",NA,NA,"Talk to a lot of different people at parties.",NA,"Very Accurate",6
"sapa_personality","sapa_personality_1","q_1808","SAPA-Project 696-item temperament item set (IPIP-based scales and the EPQ-R)",NA,NA,"[Tell people...want to hear so they do what I want].",NA,"Very Inaccurate",1
"sapa_personality","sapa_personality_1","q_1808","SAPA-Project 696-item temperament item set (IPIP-based scales and the EPQ-R)",NA,NA,"[Tell people...want to hear so they do what I want].",NA,"Moderately Inaccurate",2
"sapa_personality","sapa_personality_1","q_1808","SAPA-Project 696-item temperament item set (IPIP-based scales and the EPQ-R)",NA,NA,"[Tell people...want to hear so they do what I want].",NA,"Slightly Inaccurate",3
"sapa_personality","sapa_personality_1","q_1808","SAPA-Project 696-item temperament item set (IPIP-based scales and the EPQ-R)",NA,NA,"[Tell people...want to hear so they do what I want].",NA,"Slightly Accurate",4
"sapa_personality","sapa_personality_1","q_1808","SAPA-Project 696-item temperament item set (IPIP-based scales and the EPQ-R)",NA,NA,"[Tell people...want to hear so they do what I want].",NA,"Moderately Accurate",5
"sapa_personality","sapa_personality_1","q_1808","SAPA-Project 696-item temperament item set (IPIP-based scales and the EPQ-R)",NA,NA,"[Tell people...want to hear so they do what I want].",NA,"Very Accurate",6
"sapa_personality","sapa_personality_1","q_1810","SAPA-Project 696-item temperament item set (IPIP-based scales and the EPQ-R)",NA,NA,"Tell people about it when I'm irritated.",NA,"Very Inaccurate",1
"sapa_personality","sapa_personality_1","q_1810","SAPA-Project 696-item temperament item set (IPIP-based scales and the EPQ-R)",NA,NA,"Tell people about it when I'm irritated.",NA,"Moderately Inaccurate",2
"sapa_personality","sapa_personality_1","q_1810","SAPA-Project 696-item temperament item set (IPIP-based scales and the EPQ-R)",NA,NA,"Tell people about it when I'm irritated.",NA,"Slightly Inaccurate",3
"sapa_personality","sapa_personality_1","q_1810","SAPA-Project 696-item temperament item set (IPIP-based scales and the EPQ-R)",NA,NA,"Tell people about it when I'm irritated.",NA,"Slightly Accurate",4
"sapa_personality","sapa_personality_1","q_1810","SAPA-Project 696-item temperament item set (IPIP-based scales and the EPQ-R)",NA,NA,"Tell people about it when I'm irritated.",NA,"Moderately Accurate",5
"sapa_personality","sapa_personality_1","q_1810","SAPA-Project 696-item temperament item set (IPIP-based scales and the EPQ-R)",NA,NA,"Tell people about it when I'm irritated.",NA,"Very Accurate",6
"sapa_personality","sapa_personality_1","q_1812","SAPA-Project 696-item temperament item set (IPIP-based scales and the EPQ-R)",NA,NA,"Tell the truth.",NA,"Very Inaccurate",1
"sapa_personality","sapa_personality_1","q_1812","SAPA-Project 696-item temperament item set (IPIP-based scales and the EPQ-R)",NA,NA,"Tell the truth.",NA,"Moderately Inaccurate",2
"sapa_personality","sapa_personality_1","q_1812","SAPA-Project 696-item temperament item set (IPIP-based scales and the EPQ-R)",NA,NA,"Tell the truth.",NA,"Slightly Inaccurate",3
"sapa_personality","sapa_personality_1","q_1812","SAPA-Project 696-item temperament item set (IPIP-based scales and the EPQ-R)",NA,NA,"Tell the truth.",NA,"Slightly Accurate",4
"sapa_personality","sapa_personality_1","q_1812","SAPA-Project 696-item temperament item set (IPIP-based scales and the EPQ-R)",NA,NA,"Tell the truth.",NA,"Moderately Accurate",5
"sapa_personality","sapa_personality_1","q_1812","SAPA-Project 696-item temperament item set (IPIP-based scales and the EPQ-R)",NA,NA,"Tell the truth.",NA,"Very Accurate",6
"sapa_personality","sapa_personality_1","q_1818","SAPA-Project 696-item temperament item set (IPIP-based scales and the EPQ-R)",NA,NA,"Tend to dislike soft-hearted people.",NA,"Very Inaccurate",1
"sapa_personality","sapa_personality_1","q_1818","SAPA-Project 696-item temperament item set (IPIP-based scales and the EPQ-R)",NA,NA,"Tend to dislike soft-hearted people.",NA,"Moderately Inaccurate",2
"sapa_personality","sapa_personality_1","q_1818","SAPA-Project 696-item temperament item set (IPIP-based scales and the EPQ-R)",NA,NA,"Tend to dislike soft-hearted people.",NA,"Slightly Inaccurate",3
"sapa_personality","sapa_personality_1","q_1818","SAPA-Project 696-item temperament item set (IPIP-based scales and the EPQ-R)",NA,NA,"Tend to dislike soft-hearted people.",NA,"Slightly Accurate",4
"sapa_personality","sapa_personality_1","q_1818","SAPA-Project 696-item temperament item set (IPIP-based scales and the EPQ-R)",NA,NA,"Tend to dislike soft-hearted people.",NA,"Moderately Accurate",5
"sapa_personality","sapa_personality_1","q_1818","SAPA-Project 696-item temperament item set (IPIP-based scales and the EPQ-R)",NA,NA,"Tend to dislike soft-hearted people.",NA,"Very Accurate",6
"sapa_personality","sapa_personality_1","q_1824","SAPA-Project 696-item temperament item set (IPIP-based scales and the EPQ-R)",NA,NA,"Tend to vote for conservative political candidates.",NA,"Very Inaccurate",1
"sapa_personality","sapa_personality_1","q_1824","SAPA-Project 696-item temperament item set (IPIP-based scales and the EPQ-R)",NA,NA,"Tend to vote for conservative political candidates.",NA,"Moderately Inaccurate",2
"sapa_personality","sapa_personality_1","q_1824","SAPA-Project 696-item temperament item set (IPIP-based scales and the EPQ-R)",NA,NA,"Tend to vote for conservative political candidates.",NA,"Slightly Inaccurate",3
"sapa_personality","sapa_personality_1","q_1824","SAPA-Project 696-item temperament item set (IPIP-based scales and the EPQ-R)",NA,NA,"Tend to vote for conservative political candidates.",NA,"Slightly Accurate",4
"sapa_personality","sapa_personality_1","q_1824","SAPA-Project 696-item temperament item set (IPIP-based scales and the EPQ-R)",NA,NA,"Tend to vote for conservative political candidates.",NA,"Moderately Accurate",5
"sapa_personality","sapa_personality_1","q_1824","SAPA-Project 696-item temperament item set (IPIP-based scales and the EPQ-R)",NA,NA,"Tend to vote for conservative political candidates.",NA,"Very Accurate",6
"sapa_personality","sapa_personality_1","q_1825","SAPA-Project 696-item temperament item set (IPIP-based scales and the EPQ-R)",NA,NA,"Tend to vote for liberal political candidates.",NA,"Very Inaccurate",1
"sapa_personality","sapa_personality_1","q_1825","SAPA-Project 696-item temperament item set (IPIP-based scales and the EPQ-R)",NA,NA,"Tend to vote for liberal political candidates.",NA,"Moderately Inaccurate",2
"sapa_personality","sapa_personality_1","q_1825","SAPA-Project 696-item temperament item set (IPIP-based scales and the EPQ-R)",NA,NA,"Tend to vote for liberal political candidates.",NA,"Slightly Inaccurate",3
"sapa_personality","sapa_personality_1","q_1825","SAPA-Project 696-item temperament item set (IPIP-based scales and the EPQ-R)",NA,NA,"Tend to vote for liberal political candidates.",NA,"Slightly Accurate",4
"sapa_personality","sapa_personality_1","q_1825","SAPA-Project 696-item temperament item set (IPIP-based scales and the EPQ-R)",NA,NA,"Tend to vote for liberal political candidates.",NA,"Moderately Accurate",5
"sapa_personality","sapa_personality_1","q_1825","SAPA-Project 696-item temperament item set (IPIP-based scales and the EPQ-R)",NA,NA,"Tend to vote for liberal political candidates.",NA,"Very Accurate",6
"sapa_personality","sapa_personality_1","q_1830","SAPA-Project 696-item temperament item set (IPIP-based scales and the EPQ-R)",NA,NA,"Think highly of myself.",NA,"Very Inaccurate",1
"sapa_personality","sapa_personality_1","q_1830","SAPA-Project 696-item temperament item set (IPIP-based scales and the EPQ-R)",NA,NA,"Think highly of myself.",NA,"Moderately Inaccurate",2
"sapa_personality","sapa_personality_1","q_1830","SAPA-Project 696-item temperament item set (IPIP-based scales and the EPQ-R)",NA,NA,"Think highly of myself.",NA,"Slightly Inaccurate",3
"sapa_personality","sapa_personality_1","q_1830","SAPA-Project 696-item temperament item set (IPIP-based scales and the EPQ-R)",NA,NA,"Think highly of myself.",NA,"Slightly Accurate",4
"sapa_personality","sapa_personality_1","q_1830","SAPA-Project 696-item temperament item set (IPIP-based scales and the EPQ-R)",NA,NA,"Think highly of myself.",NA,"Moderately Accurate",5
"sapa_personality","sapa_personality_1","q_1830","SAPA-Project 696-item temperament item set (IPIP-based scales and the EPQ-R)",NA,NA,"Think highly of myself.",NA,"Very Accurate",6
"sapa_personality","sapa_personality_1","q_1832","SAPA-Project 696-item temperament item set (IPIP-based scales and the EPQ-R)",NA,NA,"Think of others first.",NA,"Very Inaccurate",1
"sapa_personality","sapa_personality_1","q_1832","SAPA-Project 696-item temperament item set (IPIP-based scales and the EPQ-R)",NA,NA,"Think of others first.",NA,"Moderately Inaccurate",2
"sapa_personality","sapa_personality_1","q_1832","SAPA-Project 696-item temperament item set (IPIP-based scales and the EPQ-R)",NA,NA,"Think of others first.",NA,"Slightly Inaccurate",3
"sapa_personality","sapa_personality_1","q_1832","SAPA-Project 696-item temperament item set (IPIP-based scales and the EPQ-R)",NA,NA,"Think of others first.",NA,"Slightly Accurate",4
"sapa_personality","sapa_personality_1","q_1832","SAPA-Project 696-item temperament item set (IPIP-based scales and the EPQ-R)",NA,NA,"Think of others first.",NA,"Moderately Accurate",5
"sapa_personality","sapa_personality_1","q_1832","SAPA-Project 696-item temperament item set (IPIP-based scales and the EPQ-R)",NA,NA,"Think of others first.",NA,"Very Accurate",6
"sapa_personality","sapa_personality_1","q_1834","SAPA-Project 696-item temperament item set (IPIP-based scales and the EPQ-R)",NA,NA,"Think quickly.",NA,"Very Inaccurate",1
"sapa_personality","sapa_personality_1","q_1834","SAPA-Project 696-item temperament item set (IPIP-based scales and the EPQ-R)",NA,NA,"Think quickly.",NA,"Moderately Inaccurate",2
"sapa_personality","sapa_personality_1","q_1834","SAPA-Project 696-item temperament item set (IPIP-based scales and the EPQ-R)",NA,NA,"Think quickly.",NA,"Slightly Inaccurate",3
"sapa_personality","sapa_personality_1","q_1834","SAPA-Project 696-item temperament item set (IPIP-based scales and the EPQ-R)",NA,NA,"Think quickly.",NA,"Slightly Accurate",4
"sapa_personality","sapa_personality_1","q_1834","SAPA-Project 696-item temperament item set (IPIP-based scales and the EPQ-R)",NA,NA,"Think quickly.",NA,"Moderately Accurate",5
"sapa_personality","sapa_personality_1","q_1834","SAPA-Project 696-item temperament item set (IPIP-based scales and the EPQ-R)",NA,NA,"Think quickly.",NA,"Very Accurate",6
"sapa_personality","sapa_personality_1","q_1835","SAPA-Project 696-item temperament item set (IPIP-based scales and the EPQ-R)",NA,NA,"Think that all will be well.",NA,"Very Inaccurate",1
"sapa_personality","sapa_personality_1","q_1835","SAPA-Project 696-item temperament item set (IPIP-based scales and the EPQ-R)",NA,NA,"Think that all will be well.",NA,"Moderately Inaccurate",2
"sapa_personality","sapa_personality_1","q_1835","SAPA-Project 696-item temperament item set (IPIP-based scales and the EPQ-R)",NA,NA,"Think that all will be well.",NA,"Slightly Inaccurate",3
"sapa_personality","sapa_personality_1","q_1835","SAPA-Project 696-item temperament item set (IPIP-based scales and the EPQ-R)",NA,NA,"Think that all will be well.",NA,"Slightly Accurate",4
"sapa_personality","sapa_personality_1","q_1835","SAPA-Project 696-item temperament item set (IPIP-based scales and the EPQ-R)",NA,NA,"Think that all will be well.",NA,"Moderately Accurate",5
"sapa_personality","sapa_personality_1","q_1835","SAPA-Project 696-item temperament item set (IPIP-based scales and the EPQ-R)",NA,NA,"Think that all will be well.",NA,"Very Accurate",6
"sapa_personality","sapa_personality_1","q_1840","SAPA-Project 696-item temperament item set (IPIP-based scales and the EPQ-R)",NA,NA,"Think that my moods don’t change more than most people’s do.",NA,"Very Inaccurate",1
"sapa_personality","sapa_personality_1","q_1840","SAPA-Project 696-item temperament item set (IPIP-based scales and the EPQ-R)",NA,NA,"Think that my moods don’t change more than most people’s do.",NA,"Moderately Inaccurate",2
"sapa_personality","sapa_personality_1","q_1840","SAPA-Project 696-item temperament item set (IPIP-based scales and the EPQ-R)",NA,NA,"Think that my moods don’t change more than most people’s do.",NA,"Slightly Inaccurate",3
"sapa_personality","sapa_personality_1","q_1840","SAPA-Project 696-item temperament item set (IPIP-based scales and the EPQ-R)",NA,NA,"Think that my moods don’t change more than most people’s do.",NA,"Slightly Accurate",4
"sapa_personality","sapa_personality_1","q_1840","SAPA-Project 696-item temperament item set (IPIP-based scales and the EPQ-R)",NA,NA,"Think that my moods don’t change more than most people’s do.",NA,"Moderately Accurate",5
"sapa_personality","sapa_personality_1","q_1840","SAPA-Project 696-item temperament item set (IPIP-based scales and the EPQ-R)",NA,NA,"Think that my moods don’t change more than most people’s do.",NA,"Very Accurate",6
"sapa_personality","sapa_personality_1","q_1848","SAPA-Project 696-item temperament item set (IPIP-based scales and the EPQ-R)",NA,NA,"Tire out quickly.",NA,"Very Inaccurate",1
"sapa_personality","sapa_personality_1","q_1848","SAPA-Project 696-item temperament item set (IPIP-based scales and the EPQ-R)",NA,NA,"Tire out quickly.",NA,"Moderately Inaccurate",2
"sapa_personality","sapa_personality_1","q_1848","SAPA-Project 696-item temperament item set (IPIP-based scales and the EPQ-R)",NA,NA,"Tire out quickly.",NA,"Slightly Inaccurate",3
"sapa_personality","sapa_personality_1","q_1848","SAPA-Project 696-item temperament item set (IPIP-based scales and the EPQ-R)",NA,NA,"Tire out quickly.",NA,"Slightly Accurate",4
"sapa_personality","sapa_personality_1","q_1848","SAPA-Project 696-item temperament item set (IPIP-based scales and the EPQ-R)",NA,NA,"Tire out quickly.",NA,"Moderately Accurate",5
"sapa_personality","sapa_personality_1","q_1848","SAPA-Project 696-item temperament item set (IPIP-based scales and the EPQ-R)",NA,NA,"Tire out quickly.",NA,"Very Accurate",6
"sapa_personality","sapa_personality_1","q_1853","SAPA-Project 696-item temperament item set (IPIP-based scales and the EPQ-R)",NA,NA,"Tremble in dangerous situations.",NA,"Very Inaccurate",1
"sapa_personality","sapa_personality_1","q_1853","SAPA-Project 696-item temperament item set (IPIP-based scales and the EPQ-R)",NA,NA,"Tremble in dangerous situations.",NA,"Moderately Inaccurate",2
"sapa_personality","sapa_personality_1","q_1853","SAPA-Project 696-item temperament item set (IPIP-based scales and the EPQ-R)",NA,NA,"Tremble in dangerous situations.",NA,"Slightly Inaccurate",3
"sapa_personality","sapa_personality_1","q_1853","SAPA-Project 696-item temperament item set (IPIP-based scales and the EPQ-R)",NA,NA,"Tremble in dangerous situations.",NA,"Slightly Accurate",4
"sapa_personality","sapa_personality_1","q_1853","SAPA-Project 696-item temperament item set (IPIP-based scales and the EPQ-R)",NA,NA,"Tremble in dangerous situations.",NA,"Moderately Accurate",5
"sapa_personality","sapa_personality_1","q_1853","SAPA-Project 696-item temperament item set (IPIP-based scales and the EPQ-R)",NA,NA,"Tremble in dangerous situations.",NA,"Very Accurate",6
"sapa_personality","sapa_personality_1","q_1854","SAPA-Project 696-item temperament item set (IPIP-based scales and the EPQ-R)",NA,NA,"Trust others.",NA,"Very Inaccurate",1
"sapa_personality","sapa_personality_1","q_1854","SAPA-Project 696-item temperament item set (IPIP-based scales and the EPQ-R)",NA,NA,"Trust others.",NA,"Moderately Inaccurate",2
"sapa_personality","sapa_personality_1","q_1854","SAPA-Project 696-item temperament item set (IPIP-based scales and the EPQ-R)",NA,NA,"Trust others.",NA,"Slightly Inaccurate",3
"sapa_personality","sapa_personality_1","q_1854","SAPA-Project 696-item temperament item set (IPIP-based scales and the EPQ-R)",NA,NA,"Trust others.",NA,"Slightly Accurate",4
"sapa_personality","sapa_personality_1","q_1854","SAPA-Project 696-item temperament item set (IPIP-based scales and the EPQ-R)",NA,NA,"Trust others.",NA,"Moderately Accurate",5
"sapa_personality","sapa_personality_1","q_1854","SAPA-Project 696-item temperament item set (IPIP-based scales and the EPQ-R)",NA,NA,"Trust others.",NA,"Very Accurate",6
"sapa_personality","sapa_personality_1","q_1855","SAPA-Project 696-item temperament item set (IPIP-based scales and the EPQ-R)",NA,NA,"Trust what people say.",NA,"Very Inaccurate",1
"sapa_personality","sapa_personality_1","q_1855","SAPA-Project 696-item temperament item set (IPIP-based scales and the EPQ-R)",NA,NA,"Trust what people say.",NA,"Moderately Inaccurate",2
"sapa_personality","sapa_personality_1","q_1855","SAPA-Project 696-item temperament item set (IPIP-based scales and the EPQ-R)",NA,NA,"Trust what people say.",NA,"Slightly Inaccurate",3
"sapa_personality","sapa_personality_1","q_1855","SAPA-Project 696-item temperament item set (IPIP-based scales and the EPQ-R)",NA,NA,"Trust what people say.",NA,"Slightly Accurate",4
"sapa_personality","sapa_personality_1","q_1855","SAPA-Project 696-item temperament item set (IPIP-based scales and the EPQ-R)",NA,NA,"Trust what people say.",NA,"Moderately Accurate",5
"sapa_personality","sapa_personality_1","q_1855","SAPA-Project 696-item temperament item set (IPIP-based scales and the EPQ-R)",NA,NA,"Trust what people say.",NA,"Very Accurate",6
"sapa_personality","sapa_personality_1","q_1858","SAPA-Project 696-item temperament item set (IPIP-based scales and the EPQ-R)",NA,NA,"Try not to think about the needy.",NA,"Very Inaccurate",1
"sapa_personality","sapa_personality_1","q_1858","SAPA-Project 696-item temperament item set (IPIP-based scales and the EPQ-R)",NA,NA,"Try not to think about the needy.",NA,"Moderately Inaccurate",2
"sapa_personality","sapa_personality_1","q_1858","SAPA-Project 696-item temperament item set (IPIP-based scales and the EPQ-R)",NA,NA,"Try not to think about the needy.",NA,"Slightly Inaccurate",3
"sapa_personality","sapa_personality_1","q_1858","SAPA-Project 696-item temperament item set (IPIP-based scales and the EPQ-R)",NA,NA,"Try not to think about the needy.",NA,"Slightly Accurate",4
"sapa_personality","sapa_personality_1","q_1858","SAPA-Project 696-item temperament item set (IPIP-based scales and the EPQ-R)",NA,NA,"Try not to think about the needy.",NA,"Moderately Accurate",5
"sapa_personality","sapa_personality_1","q_1858","SAPA-Project 696-item temperament item set (IPIP-based scales and the EPQ-R)",NA,NA,"Try not to think about the needy.",NA,"Very Accurate",6
"sapa_personality","sapa_personality_1","q_1861","SAPA-Project 696-item temperament item set (IPIP-based scales and the EPQ-R)",NA,NA,"Try to avoid complex people.",NA,"Very Inaccurate",1
"sapa_personality","sapa_personality_1","q_1861","SAPA-Project 696-item temperament item set (IPIP-based scales and the EPQ-R)",NA,NA,"Try to avoid complex people.",NA,"Moderately Inaccurate",2
"sapa_personality","sapa_personality_1","q_1861","SAPA-Project 696-item temperament item set (IPIP-based scales and the EPQ-R)",NA,NA,"Try to avoid complex people.",NA,"Slightly Inaccurate",3
"sapa_personality","sapa_personality_1","q_1861","SAPA-Project 696-item temperament item set (IPIP-based scales and the EPQ-R)",NA,NA,"Try to avoid complex people.",NA,"Slightly Accurate",4
"sapa_personality","sapa_personality_1","q_1861","SAPA-Project 696-item temperament item set (IPIP-based scales and the EPQ-R)",NA,NA,"Try to avoid complex people.",NA,"Moderately Accurate",5
"sapa_personality","sapa_personality_1","q_1861","SAPA-Project 696-item temperament item set (IPIP-based scales and the EPQ-R)",NA,NA,"Try to avoid complex people.",NA,"Very Accurate",6
"sapa_personality","sapa_personality_1","q_1867","SAPA-Project 696-item temperament item set (IPIP-based scales and the EPQ-R)",NA,NA,"Try to follow the rules.",NA,"Very Inaccurate",1
"sapa_personality","sapa_personality_1","q_1867","SAPA-Project 696-item temperament item set (IPIP-based scales and the EPQ-R)",NA,NA,"Try to follow the rules.",NA,"Moderately Inaccurate",2
"sapa_personality","sapa_personality_1","q_1867","SAPA-Project 696-item temperament item set (IPIP-based scales and the EPQ-R)",NA,NA,"Try to follow the rules.",NA,"Slightly Inaccurate",3
"sapa_personality","sapa_personality_1","q_1867","SAPA-Project 696-item temperament item set (IPIP-based scales and the EPQ-R)",NA,NA,"Try to follow the rules.",NA,"Slightly Accurate",4
"sapa_personality","sapa_personality_1","q_1867","SAPA-Project 696-item temperament item set (IPIP-based scales and the EPQ-R)",NA,NA,"Try to follow the rules.",NA,"Moderately Accurate",5
"sapa_personality","sapa_personality_1","q_1867","SAPA-Project 696-item temperament item set (IPIP-based scales and the EPQ-R)",NA,NA,"Try to follow the rules.",NA,"Very Accurate",6
"sapa_personality","sapa_personality_1","q_1869","SAPA-Project 696-item temperament item set (IPIP-based scales and the EPQ-R)",NA,NA,"Try to forgive and forget.",NA,"Very Inaccurate",1
"sapa_personality","sapa_personality_1","q_1869","SAPA-Project 696-item temperament item set (IPIP-based scales and the EPQ-R)",NA,NA,"Try to forgive and forget.",NA,"Moderately Inaccurate",2
"sapa_personality","sapa_personality_1","q_1869","SAPA-Project 696-item temperament item set (IPIP-based scales and the EPQ-R)",NA,NA,"Try to forgive and forget.",NA,"Slightly Inaccurate",3
"sapa_personality","sapa_personality_1","q_1869","SAPA-Project 696-item temperament item set (IPIP-based scales and the EPQ-R)",NA,NA,"Try to forgive and forget.",NA,"Slightly Accurate",4
"sapa_personality","sapa_personality_1","q_1869","SAPA-Project 696-item temperament item set (IPIP-based scales and the EPQ-R)",NA,NA,"Try to forgive and forget.",NA,"Moderately Accurate",5
"sapa_personality","sapa_personality_1","q_1869","SAPA-Project 696-item temperament item set (IPIP-based scales and the EPQ-R)",NA,NA,"Try to forgive and forget.",NA,"Very Accurate",6
"sapa_personality","sapa_personality_1","q_1871","SAPA-Project 696-item temperament item set (IPIP-based scales and the EPQ-R)",NA,NA,"Try to impress others.",NA,"Very Inaccurate",1
"sapa_personality","sapa_personality_1","q_1871","SAPA-Project 696-item temperament item set (IPIP-based scales and the EPQ-R)",NA,NA,"Try to impress others.",NA,"Moderately Inaccurate",2
"sapa_personality","sapa_personality_1","q_1871","SAPA-Project 696-item temperament item set (IPIP-based scales and the EPQ-R)",NA,NA,"Try to impress others.",NA,"Slightly Inaccurate",3
"sapa_personality","sapa_personality_1","q_1871","SAPA-Project 696-item temperament item set (IPIP-based scales and the EPQ-R)",NA,NA,"Try to impress others.",NA,"Slightly Accurate",4
"sapa_personality","sapa_personality_1","q_1871","SAPA-Project 696-item temperament item set (IPIP-based scales and the EPQ-R)",NA,NA,"Try to impress others.",NA,"Moderately Accurate",5
"sapa_personality","sapa_personality_1","q_1871","SAPA-Project 696-item temperament item set (IPIP-based scales and the EPQ-R)",NA,NA,"Try to impress others.",NA,"Very Accurate",6
"sapa_personality","sapa_personality_1","q_1872","SAPA-Project 696-item temperament item set (IPIP-based scales and the EPQ-R)",NA,NA,"Try to lead others.",NA,"Very Inaccurate",1
"sapa_personality","sapa_personality_1","q_1872","SAPA-Project 696-item temperament item set (IPIP-based scales and the EPQ-R)",NA,NA,"Try to lead others.",NA,"Moderately Inaccurate",2
"sapa_personality","sapa_personality_1","q_1872","SAPA-Project 696-item temperament item set (IPIP-based scales and the EPQ-R)",NA,NA,"Try to lead others.",NA,"Slightly Inaccurate",3
"sapa_personality","sapa_personality_1","q_1872","SAPA-Project 696-item temperament item set (IPIP-based scales and the EPQ-R)",NA,NA,"Try to lead others.",NA,"Slightly Accurate",4
"sapa_personality","sapa_personality_1","q_1872","SAPA-Project 696-item temperament item set (IPIP-based scales and the EPQ-R)",NA,NA,"Try to lead others.",NA,"Moderately Accurate",5
"sapa_personality","sapa_personality_1","q_1872","SAPA-Project 696-item temperament item set (IPIP-based scales and the EPQ-R)",NA,NA,"Try to lead others.",NA,"Very Accurate",6
"sapa_personality","sapa_personality_1","q_1880","SAPA-Project 696-item temperament item set (IPIP-based scales and the EPQ-R)",NA,NA,"Try to understand myself.",NA,"Very Inaccurate",1
"sapa_personality","sapa_personality_1","q_1880","SAPA-Project 696-item temperament item set (IPIP-based scales and the EPQ-R)",NA,NA,"Try to understand myself.",NA,"Moderately Inaccurate",2
"sapa_personality","sapa_personality_1","q_1880","SAPA-Project 696-item temperament item set (IPIP-based scales and the EPQ-R)",NA,NA,"Try to understand myself.",NA,"Slightly Inaccurate",3
"sapa_personality","sapa_personality_1","q_1880","SAPA-Project 696-item temperament item set (IPIP-based scales and the EPQ-R)",NA,NA,"Try to understand myself.",NA,"Slightly Accurate",4
"sapa_personality","sapa_personality_1","q_1880","SAPA-Project 696-item temperament item set (IPIP-based scales and the EPQ-R)",NA,NA,"Try to understand myself.",NA,"Moderately Accurate",5
"sapa_personality","sapa_personality_1","q_1880","SAPA-Project 696-item temperament item set (IPIP-based scales and the EPQ-R)",NA,NA,"Try to understand myself.",NA,"Very Accurate",6
"sapa_personality","sapa_personality_1","q_1881","SAPA-Project 696-item temperament item set (IPIP-based scales and the EPQ-R)",NA,NA,"Turn my back on others.",NA,"Very Inaccurate",1
"sapa_personality","sapa_personality_1","q_1881","SAPA-Project 696-item temperament item set (IPIP-based scales and the EPQ-R)",NA,NA,"Turn my back on others.",NA,"Moderately Inaccurate",2
"sapa_personality","sapa_personality_1","q_1881","SAPA-Project 696-item temperament item set (IPIP-based scales and the EPQ-R)",NA,NA,"Turn my back on others.",NA,"Slightly Inaccurate",3
"sapa_personality","sapa_personality_1","q_1881","SAPA-Project 696-item temperament item set (IPIP-based scales and the EPQ-R)",NA,NA,"Turn my back on others.",NA,"Slightly Accurate",4
"sapa_personality","sapa_personality_1","q_1881","SAPA-Project 696-item temperament item set (IPIP-based scales and the EPQ-R)",NA,NA,"Turn my back on others.",NA,"Moderately Accurate",5
"sapa_personality","sapa_personality_1","q_1881","SAPA-Project 696-item temperament item set (IPIP-based scales and the EPQ-R)",NA,NA,"Turn my back on others.",NA,"Very Accurate",6
"sapa_personality","sapa_personality_1","q_1883","SAPA-Project 696-item temperament item set (IPIP-based scales and the EPQ-R)",NA,NA,"Turn plans into actions.",NA,"Very Inaccurate",1
"sapa_personality","sapa_personality_1","q_1883","SAPA-Project 696-item temperament item set (IPIP-based scales and the EPQ-R)",NA,NA,"Turn plans into actions.",NA,"Moderately Inaccurate",2
"sapa_personality","sapa_personality_1","q_1883","SAPA-Project 696-item temperament item set (IPIP-based scales and the EPQ-R)",NA,NA,"Turn plans into actions.",NA,"Slightly Inaccurate",3
"sapa_personality","sapa_personality_1","q_1883","SAPA-Project 696-item temperament item set (IPIP-based scales and the EPQ-R)",NA,NA,"Turn plans into actions.",NA,"Slightly Accurate",4
"sapa_personality","sapa_personality_1","q_1883","SAPA-Project 696-item temperament item set (IPIP-based scales and the EPQ-R)",NA,NA,"Turn plans into actions.",NA,"Moderately Accurate",5
"sapa_personality","sapa_personality_1","q_1883","SAPA-Project 696-item temperament item set (IPIP-based scales and the EPQ-R)",NA,NA,"Turn plans into actions.",NA,"Very Accurate",6
"sapa_personality","sapa_personality_1","q_1893","SAPA-Project 696-item temperament item set (IPIP-based scales and the EPQ-R)",NA,NA,"Use difficult words.",NA,"Very Inaccurate",1
"sapa_personality","sapa_personality_1","q_1893","SAPA-Project 696-item temperament item set (IPIP-based scales and the EPQ-R)",NA,NA,"Use difficult words.",NA,"Moderately Inaccurate",2
"sapa_personality","sapa_personality_1","q_1893","SAPA-Project 696-item temperament item set (IPIP-based scales and the EPQ-R)",NA,NA,"Use difficult words.",NA,"Slightly Inaccurate",3
"sapa_personality","sapa_personality_1","q_1893","SAPA-Project 696-item temperament item set (IPIP-based scales and the EPQ-R)",NA,NA,"Use difficult words.",NA,"Slightly Accurate",4
"sapa_personality","sapa_personality_1","q_1893","SAPA-Project 696-item temperament item set (IPIP-based scales and the EPQ-R)",NA,NA,"Use difficult words.",NA,"Moderately Accurate",5
"sapa_personality","sapa_personality_1","q_1893","SAPA-Project 696-item temperament item set (IPIP-based scales and the EPQ-R)",NA,NA,"Use difficult words.",NA,"Very Accurate",6
"sapa_personality","sapa_personality_1","q_1894","SAPA-Project 696-item temperament item set (IPIP-based scales and the EPQ-R)",NA,NA,"Use flattery to get ahead.",NA,"Very Inaccurate",1
"sapa_personality","sapa_personality_1","q_1894","SAPA-Project 696-item temperament item set (IPIP-based scales and the EPQ-R)",NA,NA,"Use flattery to get ahead.",NA,"Moderately Inaccurate",2
"sapa_personality","sapa_personality_1","q_1894","SAPA-Project 696-item temperament item set (IPIP-based scales and the EPQ-R)",NA,NA,"Use flattery to get ahead.",NA,"Slightly Inaccurate",3
"sapa_personality","sapa_personality_1","q_1894","SAPA-Project 696-item temperament item set (IPIP-based scales and the EPQ-R)",NA,NA,"Use flattery to get ahead.",NA,"Slightly Accurate",4
"sapa_personality","sapa_personality_1","q_1894","SAPA-Project 696-item temperament item set (IPIP-based scales and the EPQ-R)",NA,NA,"Use flattery to get ahead.",NA,"Moderately Accurate",5
"sapa_personality","sapa_personality_1","q_1894","SAPA-Project 696-item temperament item set (IPIP-based scales and the EPQ-R)",NA,NA,"Use flattery to get ahead.",NA,"Very Accurate",6
"sapa_personality","sapa_personality_1","q_1896","SAPA-Project 696-item temperament item set (IPIP-based scales and the EPQ-R)",NA,NA,"Use others for my own ends.",NA,"Very Inaccurate",1
"sapa_personality","sapa_personality_1","q_1896","SAPA-Project 696-item temperament item set (IPIP-based scales and the EPQ-R)",NA,NA,"Use others for my own ends.",NA,"Moderately Inaccurate",2
"sapa_personality","sapa_personality_1","q_1896","SAPA-Project 696-item temperament item set (IPIP-based scales and the EPQ-R)",NA,NA,"Use others for my own ends.",NA,"Slightly Inaccurate",3
"sapa_personality","sapa_personality_1","q_1896","SAPA-Project 696-item temperament item set (IPIP-based scales and the EPQ-R)",NA,NA,"Use others for my own ends.",NA,"Slightly Accurate",4
"sapa_personality","sapa_personality_1","q_1896","SAPA-Project 696-item temperament item set (IPIP-based scales and the EPQ-R)",NA,NA,"Use others for my own ends.",NA,"Moderately Accurate",5
"sapa_personality","sapa_personality_1","q_1896","SAPA-Project 696-item temperament item set (IPIP-based scales and the EPQ-R)",NA,NA,"Use others for my own ends.",NA,"Very Accurate",6
"sapa_personality","sapa_personality_1","q_1899","SAPA-Project 696-item temperament item set (IPIP-based scales and the EPQ-R)",NA,NA,"Usually enjoy being with people.",NA,"Very Inaccurate",1
"sapa_personality","sapa_personality_1","q_1899","SAPA-Project 696-item temperament item set (IPIP-based scales and the EPQ-R)",NA,NA,"Usually enjoy being with people.",NA,"Moderately Inaccurate",2
"sapa_personality","sapa_personality_1","q_1899","SAPA-Project 696-item temperament item set (IPIP-based scales and the EPQ-R)",NA,NA,"Usually enjoy being with people.",NA,"Slightly Inaccurate",3
"sapa_personality","sapa_personality_1","q_1899","SAPA-Project 696-item temperament item set (IPIP-based scales and the EPQ-R)",NA,NA,"Usually enjoy being with people.",NA,"Slightly Accurate",4
"sapa_personality","sapa_personality_1","q_1899","SAPA-Project 696-item temperament item set (IPIP-based scales and the EPQ-R)",NA,NA,"Usually enjoy being with people.",NA,"Moderately Accurate",5
"sapa_personality","sapa_personality_1","q_1899","SAPA-Project 696-item temperament item set (IPIP-based scales and the EPQ-R)",NA,NA,"Usually enjoy being with people.",NA,"Very Accurate",6
"sapa_personality","sapa_personality_1","q_1904","SAPA-Project 696-item temperament item set (IPIP-based scales and the EPQ-R)",NA,NA,"Usually like to spend my free time with people.",NA,"Very Inaccurate",1
"sapa_personality","sapa_personality_1","q_1904","SAPA-Project 696-item temperament item set (IPIP-based scales and the EPQ-R)",NA,NA,"Usually like to spend my free time with people.",NA,"Moderately Inaccurate",2
"sapa_personality","sapa_personality_1","q_1904","SAPA-Project 696-item temperament item set (IPIP-based scales and the EPQ-R)",NA,NA,"Usually like to spend my free time with people.",NA,"Slightly Inaccurate",3
"sapa_personality","sapa_personality_1","q_1904","SAPA-Project 696-item temperament item set (IPIP-based scales and the EPQ-R)",NA,NA,"Usually like to spend my free time with people.",NA,"Slightly Accurate",4
"sapa_personality","sapa_personality_1","q_1904","SAPA-Project 696-item temperament item set (IPIP-based scales and the EPQ-R)",NA,NA,"Usually like to spend my free time with people.",NA,"Moderately Accurate",5
"sapa_personality","sapa_personality_1","q_1904","SAPA-Project 696-item temperament item set (IPIP-based scales and the EPQ-R)",NA,NA,"Usually like to spend my free time with people.",NA,"Very Accurate",6
"sapa_personality","sapa_personality_1","q_1910","SAPA-Project 696-item temperament item set (IPIP-based scales and the EPQ-R)",NA,NA,"Value cooperation over competition.",NA,"Very Inaccurate",1
"sapa_personality","sapa_personality_1","q_1910","SAPA-Project 696-item temperament item set (IPIP-based scales and the EPQ-R)",NA,NA,"Value cooperation over competition.",NA,"Moderately Inaccurate",2
"sapa_personality","sapa_personality_1","q_1910","SAPA-Project 696-item temperament item set (IPIP-based scales and the EPQ-R)",NA,NA,"Value cooperation over competition.",NA,"Slightly Inaccurate",3
"sapa_personality","sapa_personality_1","q_1910","SAPA-Project 696-item temperament item set (IPIP-based scales and the EPQ-R)",NA,NA,"Value cooperation over competition.",NA,"Slightly Accurate",4
"sapa_personality","sapa_personality_1","q_1910","SAPA-Project 696-item temperament item set (IPIP-based scales and the EPQ-R)",NA,NA,"Value cooperation over competition.",NA,"Moderately Accurate",5
"sapa_personality","sapa_personality_1","q_1910","SAPA-Project 696-item temperament item set (IPIP-based scales and the EPQ-R)",NA,NA,"Value cooperation over competition.",NA,"Very Accurate",6
"sapa_personality","sapa_personality_1","q_1913","SAPA-Project 696-item temperament item set (IPIP-based scales and the EPQ-R)",NA,NA,"Wait for others to lead the way.",NA,"Very Inaccurate",1
"sapa_personality","sapa_personality_1","q_1913","SAPA-Project 696-item temperament item set (IPIP-based scales and the EPQ-R)",NA,NA,"Wait for others to lead the way.",NA,"Moderately Inaccurate",2
"sapa_personality","sapa_personality_1","q_1913","SAPA-Project 696-item temperament item set (IPIP-based scales and the EPQ-R)",NA,NA,"Wait for others to lead the way.",NA,"Slightly Inaccurate",3
"sapa_personality","sapa_personality_1","q_1913","SAPA-Project 696-item temperament item set (IPIP-based scales and the EPQ-R)",NA,NA,"Wait for others to lead the way.",NA,"Slightly Accurate",4
"sapa_personality","sapa_personality_1","q_1913","SAPA-Project 696-item temperament item set (IPIP-based scales and the EPQ-R)",NA,NA,"Wait for others to lead the way.",NA,"Moderately Accurate",5
"sapa_personality","sapa_personality_1","q_1913","SAPA-Project 696-item temperament item set (IPIP-based scales and the EPQ-R)",NA,NA,"Wait for others to lead the way.",NA,"Very Accurate",6
"sapa_personality","sapa_personality_1","q_1915","SAPA-Project 696-item temperament item set (IPIP-based scales and the EPQ-R)",NA,NA,"Want every detail taken care of.",NA,"Very Inaccurate",1
"sapa_personality","sapa_personality_1","q_1915","SAPA-Project 696-item temperament item set (IPIP-based scales and the EPQ-R)",NA,NA,"Want every detail taken care of.",NA,"Moderately Inaccurate",2
"sapa_personality","sapa_personality_1","q_1915","SAPA-Project 696-item temperament item set (IPIP-based scales and the EPQ-R)",NA,NA,"Want every detail taken care of.",NA,"Slightly Inaccurate",3
"sapa_personality","sapa_personality_1","q_1915","SAPA-Project 696-item temperament item set (IPIP-based scales and the EPQ-R)",NA,NA,"Want every detail taken care of.",NA,"Slightly Accurate",4
"sapa_personality","sapa_personality_1","q_1915","SAPA-Project 696-item temperament item set (IPIP-based scales and the EPQ-R)",NA,NA,"Want every detail taken care of.",NA,"Moderately Accurate",5
"sapa_personality","sapa_personality_1","q_1915","SAPA-Project 696-item temperament item set (IPIP-based scales and the EPQ-R)",NA,NA,"Want every detail taken care of.",NA,"Very Accurate",6
"sapa_personality","sapa_personality_1","q_1916","SAPA-Project 696-item temperament item set (IPIP-based scales and the EPQ-R)",NA,NA,"Want everything to add up perfectly.",NA,"Very Inaccurate",1
"sapa_personality","sapa_personality_1","q_1916","SAPA-Project 696-item temperament item set (IPIP-based scales and the EPQ-R)",NA,NA,"Want everything to add up perfectly.",NA,"Moderately Inaccurate",2
"sapa_personality","sapa_personality_1","q_1916","SAPA-Project 696-item temperament item set (IPIP-based scales and the EPQ-R)",NA,NA,"Want everything to add up perfectly.",NA,"Slightly Inaccurate",3
"sapa_personality","sapa_personality_1","q_1916","SAPA-Project 696-item temperament item set (IPIP-based scales and the EPQ-R)",NA,NA,"Want everything to add up perfectly.",NA,"Slightly Accurate",4
"sapa_personality","sapa_personality_1","q_1916","SAPA-Project 696-item temperament item set (IPIP-based scales and the EPQ-R)",NA,NA,"Want everything to add up perfectly.",NA,"Moderately Accurate",5
"sapa_personality","sapa_personality_1","q_1916","SAPA-Project 696-item temperament item set (IPIP-based scales and the EPQ-R)",NA,NA,"Want everything to add up perfectly.",NA,"Very Accurate",6
"sapa_personality","sapa_personality_1","q_1917","SAPA-Project 696-item temperament item set (IPIP-based scales and the EPQ-R)",NA,NA,"Want everything to be ""just right.""",NA,"Very Inaccurate",1
"sapa_personality","sapa_personality_1","q_1917","SAPA-Project 696-item temperament item set (IPIP-based scales and the EPQ-R)",NA,NA,"Want everything to be ""just right.""",NA,"Moderately Inaccurate",2
"sapa_personality","sapa_personality_1","q_1917","SAPA-Project 696-item temperament item set (IPIP-based scales and the EPQ-R)",NA,NA,"Want everything to be ""just right.""",NA,"Slightly Inaccurate",3
"sapa_personality","sapa_personality_1","q_1917","SAPA-Project 696-item temperament item set (IPIP-based scales and the EPQ-R)",NA,NA,"Want everything to be ""just right.""",NA,"Slightly Accurate",4
"sapa_personality","sapa_personality_1","q_1917","SAPA-Project 696-item temperament item set (IPIP-based scales and the EPQ-R)",NA,NA,"Want everything to be ""just right.""",NA,"Moderately Accurate",5
"sapa_personality","sapa_personality_1","q_1917","SAPA-Project 696-item temperament item set (IPIP-based scales and the EPQ-R)",NA,NA,"Want everything to be ""just right.""",NA,"Very Accurate",6
"sapa_personality","sapa_personality_1","q_1923","SAPA-Project 696-item temperament item set (IPIP-based scales and the EPQ-R)",NA,NA,"Want to be left alone.",NA,"Very Inaccurate",1
"sapa_personality","sapa_personality_1","q_1923","SAPA-Project 696-item temperament item set (IPIP-based scales and the EPQ-R)",NA,NA,"Want to be left alone.",NA,"Moderately Inaccurate",2
"sapa_personality","sapa_personality_1","q_1923","SAPA-Project 696-item temperament item set (IPIP-based scales and the EPQ-R)",NA,NA,"Want to be left alone.",NA,"Slightly Inaccurate",3
"sapa_personality","sapa_personality_1","q_1923","SAPA-Project 696-item temperament item set (IPIP-based scales and the EPQ-R)",NA,NA,"Want to be left alone.",NA,"Slightly Accurate",4
"sapa_personality","sapa_personality_1","q_1923","SAPA-Project 696-item temperament item set (IPIP-based scales and the EPQ-R)",NA,NA,"Want to be left alone.",NA,"Moderately Accurate",5
"sapa_personality","sapa_personality_1","q_1923","SAPA-Project 696-item temperament item set (IPIP-based scales and the EPQ-R)",NA,NA,"Want to be left alone.",NA,"Very Accurate",6
"sapa_personality","sapa_personality_1","q_1924","SAPA-Project 696-item temperament item set (IPIP-based scales and the EPQ-R)",NA,NA,"Want to be liked.",NA,"Very Inaccurate",1
"sapa_personality","sapa_personality_1","q_1924","SAPA-Project 696-item temperament item set (IPIP-based scales and the EPQ-R)",NA,NA,"Want to be liked.",NA,"Moderately Inaccurate",2
"sapa_personality","sapa_personality_1","q_1924","SAPA-Project 696-item temperament item set (IPIP-based scales and the EPQ-R)",NA,NA,"Want to be liked.",NA,"Slightly Inaccurate",3
"sapa_personality","sapa_personality_1","q_1924","SAPA-Project 696-item temperament item set (IPIP-based scales and the EPQ-R)",NA,NA,"Want to be liked.",NA,"Slightly Accurate",4
"sapa_personality","sapa_personality_1","q_1924","SAPA-Project 696-item temperament item set (IPIP-based scales and the EPQ-R)",NA,NA,"Want to be liked.",NA,"Moderately Accurate",5
"sapa_personality","sapa_personality_1","q_1924","SAPA-Project 696-item temperament item set (IPIP-based scales and the EPQ-R)",NA,NA,"Want to be liked.",NA,"Very Accurate",6
"sapa_personality","sapa_personality_1","q_1943","SAPA-Project 696-item temperament item set (IPIP-based scales and the EPQ-R)",NA,NA,"Warm up quickly to others.",NA,"Very Inaccurate",1
"sapa_personality","sapa_personality_1","q_1943","SAPA-Project 696-item temperament item set (IPIP-based scales and the EPQ-R)",NA,NA,"Warm up quickly to others.",NA,"Moderately Inaccurate",2
"sapa_personality","sapa_personality_1","q_1943","SAPA-Project 696-item temperament item set (IPIP-based scales and the EPQ-R)",NA,NA,"Warm up quickly to others.",NA,"Slightly Inaccurate",3
"sapa_personality","sapa_personality_1","q_1943","SAPA-Project 696-item temperament item set (IPIP-based scales and the EPQ-R)",NA,NA,"Warm up quickly to others.",NA,"Slightly Accurate",4
"sapa_personality","sapa_personality_1","q_1943","SAPA-Project 696-item temperament item set (IPIP-based scales and the EPQ-R)",NA,NA,"Warm up quickly to others.",NA,"Moderately Accurate",5
"sapa_personality","sapa_personality_1","q_1943","SAPA-Project 696-item temperament item set (IPIP-based scales and the EPQ-R)",NA,NA,"Warm up quickly to others.",NA,"Very Accurate",6
"sapa_personality","sapa_personality_1","q_1949","SAPA-Project 696-item temperament item set (IPIP-based scales and the EPQ-R)",NA,NA,"Waste my time.",NA,"Very Inaccurate",1
"sapa_personality","sapa_personality_1","q_1949","SAPA-Project 696-item temperament item set (IPIP-based scales and the EPQ-R)",NA,NA,"Waste my time.",NA,"Moderately Inaccurate",2
"sapa_personality","sapa_personality_1","q_1949","SAPA-Project 696-item temperament item set (IPIP-based scales and the EPQ-R)",NA,NA,"Waste my time.",NA,"Slightly Inaccurate",3
"sapa_personality","sapa_personality_1","q_1949","SAPA-Project 696-item temperament item set (IPIP-based scales and the EPQ-R)",NA,NA,"Waste my time.",NA,"Slightly Accurate",4
"sapa_personality","sapa_personality_1","q_1949","SAPA-Project 696-item temperament item set (IPIP-based scales and the EPQ-R)",NA,NA,"Waste my time.",NA,"Moderately Accurate",5
"sapa_personality","sapa_personality_1","q_1949","SAPA-Project 696-item temperament item set (IPIP-based scales and the EPQ-R)",NA,NA,"Waste my time.",NA,"Very Accurate",6
"sapa_personality","sapa_personality_1","q_1957","SAPA-Project 696-item temperament item set (IPIP-based scales and the EPQ-R)",NA,NA,"[Often bothered by at least one in group interactions].",NA,"Very Inaccurate",1
"sapa_personality","sapa_personality_1","q_1957","SAPA-Project 696-item temperament item set (IPIP-based scales and the EPQ-R)",NA,NA,"[Often bothered by at least one in group interactions].",NA,"Moderately Inaccurate",2
"sapa_personality","sapa_personality_1","q_1957","SAPA-Project 696-item temperament item set (IPIP-based scales and the EPQ-R)",NA,NA,"[Often bothered by at least one in group interactions].",NA,"Slightly Inaccurate",3
"sapa_personality","sapa_personality_1","q_1957","SAPA-Project 696-item temperament item set (IPIP-based scales and the EPQ-R)",NA,NA,"[Often bothered by at least one in group interactions].",NA,"Slightly Accurate",4
"sapa_personality","sapa_personality_1","q_1957","SAPA-Project 696-item temperament item set (IPIP-based scales and the EPQ-R)",NA,NA,"[Often bothered by at least one in group interactions].",NA,"Moderately Accurate",5
"sapa_personality","sapa_personality_1","q_1957","SAPA-Project 696-item temperament item set (IPIP-based scales and the EPQ-R)",NA,NA,"[Often bothered by at least one in group interactions].",NA,"Very Accurate",6
"sapa_personality","sapa_personality_1","q_1962","SAPA-Project 696-item temperament item set (IPIP-based scales and the EPQ-R)",NA,NA,"Will do anything for others.",NA,"Very Inaccurate",1
"sapa_personality","sapa_personality_1","q_1962","SAPA-Project 696-item temperament item set (IPIP-based scales and the EPQ-R)",NA,NA,"Will do anything for others.",NA,"Moderately Inaccurate",2
"sapa_personality","sapa_personality_1","q_1962","SAPA-Project 696-item temperament item set (IPIP-based scales and the EPQ-R)",NA,NA,"Will do anything for others.",NA,"Slightly Inaccurate",3
"sapa_personality","sapa_personality_1","q_1962","SAPA-Project 696-item temperament item set (IPIP-based scales and the EPQ-R)",NA,NA,"Will do anything for others.",NA,"Slightly Accurate",4
"sapa_personality","sapa_personality_1","q_1962","SAPA-Project 696-item temperament item set (IPIP-based scales and the EPQ-R)",NA,NA,"Will do anything for others.",NA,"Moderately Accurate",5
"sapa_personality","sapa_personality_1","q_1962","SAPA-Project 696-item temperament item set (IPIP-based scales and the EPQ-R)",NA,NA,"Will do anything for others.",NA,"Very Accurate",6
"sapa_personality","sapa_personality_1","q_1964","SAPA-Project 696-item temperament item set (IPIP-based scales and the EPQ-R)",NA,NA,"Will not probe deeply into a subject.",NA,"Very Inaccurate",1
"sapa_personality","sapa_personality_1","q_1964","SAPA-Project 696-item temperament item set (IPIP-based scales and the EPQ-R)",NA,NA,"Will not probe deeply into a subject.",NA,"Moderately Inaccurate",2
"sapa_personality","sapa_personality_1","q_1964","SAPA-Project 696-item temperament item set (IPIP-based scales and the EPQ-R)",NA,NA,"Will not probe deeply into a subject.",NA,"Slightly Inaccurate",3
"sapa_personality","sapa_personality_1","q_1964","SAPA-Project 696-item temperament item set (IPIP-based scales and the EPQ-R)",NA,NA,"Will not probe deeply into a subject.",NA,"Slightly Accurate",4
"sapa_personality","sapa_personality_1","q_1964","SAPA-Project 696-item temperament item set (IPIP-based scales and the EPQ-R)",NA,NA,"Will not probe deeply into a subject.",NA,"Moderately Accurate",5
"sapa_personality","sapa_personality_1","q_1964","SAPA-Project 696-item temperament item set (IPIP-based scales and the EPQ-R)",NA,NA,"Will not probe deeply into a subject.",NA,"Very Accurate",6
"sapa_personality","sapa_personality_1","q_1969","SAPA-Project 696-item temperament item set (IPIP-based scales and the EPQ-R)",NA,NA,"Wish to stay young forever.",NA,"Very Inaccurate",1
"sapa_personality","sapa_personality_1","q_1969","SAPA-Project 696-item temperament item set (IPIP-based scales and the EPQ-R)",NA,NA,"Wish to stay young forever.",NA,"Moderately Inaccurate",2
"sapa_personality","sapa_personality_1","q_1969","SAPA-Project 696-item temperament item set (IPIP-based scales and the EPQ-R)",NA,NA,"Wish to stay young forever.",NA,"Slightly Inaccurate",3
"sapa_personality","sapa_personality_1","q_1969","SAPA-Project 696-item temperament item set (IPIP-based scales and the EPQ-R)",NA,NA,"Wish to stay young forever.",NA,"Slightly Accurate",4
"sapa_personality","sapa_personality_1","q_1969","SAPA-Project 696-item temperament item set (IPIP-based scales and the EPQ-R)",NA,NA,"Wish to stay young forever.",NA,"Moderately Accurate",5
"sapa_personality","sapa_personality_1","q_1969","SAPA-Project 696-item temperament item set (IPIP-based scales and the EPQ-R)",NA,NA,"Wish to stay young forever.",NA,"Very Accurate",6
"sapa_personality","sapa_personality_1","q_1979","SAPA-Project 696-item temperament item set (IPIP-based scales and the EPQ-R)",NA,NA,"Work hard.",NA,"Very Inaccurate",1
"sapa_personality","sapa_personality_1","q_1979","SAPA-Project 696-item temperament item set (IPIP-based scales and the EPQ-R)",NA,NA,"Work hard.",NA,"Moderately Inaccurate",2
"sapa_personality","sapa_personality_1","q_1979","SAPA-Project 696-item temperament item set (IPIP-based scales and the EPQ-R)",NA,NA,"Work hard.",NA,"Slightly Inaccurate",3
"sapa_personality","sapa_personality_1","q_1979","SAPA-Project 696-item temperament item set (IPIP-based scales and the EPQ-R)",NA,NA,"Work hard.",NA,"Slightly Accurate",4
"sapa_personality","sapa_personality_1","q_1979","SAPA-Project 696-item temperament item set (IPIP-based scales and the EPQ-R)",NA,NA,"Work hard.",NA,"Moderately Accurate",5
"sapa_personality","sapa_personality_1","q_1979","SAPA-Project 696-item temperament item set (IPIP-based scales and the EPQ-R)",NA,NA,"Work hard.",NA,"Very Accurate",6
"sapa_personality","sapa_personality_1","q_1984","SAPA-Project 696-item temperament item set (IPIP-based scales and the EPQ-R)",NA,NA,"Work too much.",NA,"Very Inaccurate",1
"sapa_personality","sapa_personality_1","q_1984","SAPA-Project 696-item temperament item set (IPIP-based scales and the EPQ-R)",NA,NA,"Work too much.",NA,"Moderately Inaccurate",2
"sapa_personality","sapa_personality_1","q_1984","SAPA-Project 696-item temperament item set (IPIP-based scales and the EPQ-R)",NA,NA,"Work too much.",NA,"Slightly Inaccurate",3
"sapa_personality","sapa_personality_1","q_1984","SAPA-Project 696-item temperament item set (IPIP-based scales and the EPQ-R)",NA,NA,"Work too much.",NA,"Slightly Accurate",4
"sapa_personality","sapa_personality_1","q_1984","SAPA-Project 696-item temperament item set (IPIP-based scales and the EPQ-R)",NA,NA,"Work too much.",NA,"Moderately Accurate",5
"sapa_personality","sapa_personality_1","q_1984","SAPA-Project 696-item temperament item set (IPIP-based scales and the EPQ-R)",NA,NA,"Work too much.",NA,"Very Accurate",6
"sapa_personality","sapa_personality_1","q_1989","SAPA-Project 696-item temperament item set (IPIP-based scales and the EPQ-R)",NA,NA,"Worry about things.",NA,"Very Inaccurate",1
"sapa_personality","sapa_personality_1","q_1989","SAPA-Project 696-item temperament item set (IPIP-based scales and the EPQ-R)",NA,NA,"Worry about things.",NA,"Moderately Inaccurate",2
"sapa_personality","sapa_personality_1","q_1989","SAPA-Project 696-item temperament item set (IPIP-based scales and the EPQ-R)",NA,NA,"Worry about things.",NA,"Slightly Inaccurate",3
"sapa_personality","sapa_personality_1","q_1989","SAPA-Project 696-item temperament item set (IPIP-based scales and the EPQ-R)",NA,NA,"Worry about things.",NA,"Slightly Accurate",4
"sapa_personality","sapa_personality_1","q_1989","SAPA-Project 696-item temperament item set (IPIP-based scales and the EPQ-R)",NA,NA,"Worry about things.",NA,"Moderately Accurate",5
"sapa_personality","sapa_personality_1","q_1989","SAPA-Project 696-item temperament item set (IPIP-based scales and the EPQ-R)",NA,NA,"Worry about things.",NA,"Very Accurate",6
"sapa_personality","sapa_personality_1","q_1992","SAPA-Project 696-item temperament item set (IPIP-based scales and the EPQ-R)",NA,NA,"Would be afraid to give a speech in public.",NA,"Very Inaccurate",1
"sapa_personality","sapa_personality_1","q_1992","SAPA-Project 696-item temperament item set (IPIP-based scales and the EPQ-R)",NA,NA,"Would be afraid to give a speech in public.",NA,"Moderately Inaccurate",2
"sapa_personality","sapa_personality_1","q_1992","SAPA-Project 696-item temperament item set (IPIP-based scales and the EPQ-R)",NA,NA,"Would be afraid to give a speech in public.",NA,"Slightly Inaccurate",3
"sapa_personality","sapa_personality_1","q_1992","SAPA-Project 696-item temperament item set (IPIP-based scales and the EPQ-R)",NA,NA,"Would be afraid to give a speech in public.",NA,"Slightly Accurate",4
"sapa_personality","sapa_personality_1","q_1992","SAPA-Project 696-item temperament item set (IPIP-based scales and the EPQ-R)",NA,NA,"Would be afraid to give a speech in public.",NA,"Moderately Accurate",5
"sapa_personality","sapa_personality_1","q_1992","SAPA-Project 696-item temperament item set (IPIP-based scales and the EPQ-R)",NA,NA,"Would be afraid to give a speech in public.",NA,"Very Accurate",6
"sapa_personality","sapa_personality_1","q_1993","SAPA-Project 696-item temperament item set (IPIP-based scales and the EPQ-R)",NA,NA,"[Good at rescuing from burning building].",NA,"Very Inaccurate",1
"sapa_personality","sapa_personality_1","q_1993","SAPA-Project 696-item temperament item set (IPIP-based scales and the EPQ-R)",NA,NA,"[Good at rescuing from burning building].",NA,"Moderately Inaccurate",2
"sapa_personality","sapa_personality_1","q_1993","SAPA-Project 696-item temperament item set (IPIP-based scales and the EPQ-R)",NA,NA,"[Good at rescuing from burning building].",NA,"Slightly Inaccurate",3
"sapa_personality","sapa_personality_1","q_1993","SAPA-Project 696-item temperament item set (IPIP-based scales and the EPQ-R)",NA,NA,"[Good at rescuing from burning building].",NA,"Slightly Accurate",4
"sapa_personality","sapa_personality_1","q_1993","SAPA-Project 696-item temperament item set (IPIP-based scales and the EPQ-R)",NA,NA,"[Good at rescuing from burning building].",NA,"Moderately Accurate",5
"sapa_personality","sapa_personality_1","q_1993","SAPA-Project 696-item temperament item set (IPIP-based scales and the EPQ-R)",NA,NA,"[Good at rescuing from burning building].",NA,"Very Accurate",6
"sapa_personality","sapa_personality_1","q_1998","SAPA-Project 696-item temperament item set (IPIP-based scales and the EPQ-R)",NA,NA,"Would describe my experiences as somewhat dull.",NA,"Very Inaccurate",1
"sapa_personality","sapa_personality_1","q_1998","SAPA-Project 696-item temperament item set (IPIP-based scales and the EPQ-R)",NA,NA,"Would describe my experiences as somewhat dull.",NA,"Moderately Inaccurate",2
"sapa_personality","sapa_personality_1","q_1998","SAPA-Project 696-item temperament item set (IPIP-based scales and the EPQ-R)",NA,NA,"Would describe my experiences as somewhat dull.",NA,"Slightly Inaccurate",3
"sapa_personality","sapa_personality_1","q_1998","SAPA-Project 696-item temperament item set (IPIP-based scales and the EPQ-R)",NA,NA,"Would describe my experiences as somewhat dull.",NA,"Slightly Accurate",4
"sapa_personality","sapa_personality_1","q_1998","SAPA-Project 696-item temperament item set (IPIP-based scales and the EPQ-R)",NA,NA,"Would describe my experiences as somewhat dull.",NA,"Moderately Accurate",5
"sapa_personality","sapa_personality_1","q_1998","SAPA-Project 696-item temperament item set (IPIP-based scales and the EPQ-R)",NA,NA,"Would describe my experiences as somewhat dull.",NA,"Very Accurate",6
"sapa_personality","sapa_personality_1","q_2001","SAPA-Project 696-item temperament item set (IPIP-based scales and the EPQ-R)",NA,NA,"Would fear walking in a high-crime part of a city.",NA,"Very Inaccurate",1
"sapa_personality","sapa_personality_1","q_2001","SAPA-Project 696-item temperament item set (IPIP-based scales and the EPQ-R)",NA,NA,"Would fear walking in a high-crime part of a city.",NA,"Moderately Inaccurate",2
"sapa_personality","sapa_personality_1","q_2001","SAPA-Project 696-item temperament item set (IPIP-based scales and the EPQ-R)",NA,NA,"Would fear walking in a high-crime part of a city.",NA,"Slightly Inaccurate",3
"sapa_personality","sapa_personality_1","q_2001","SAPA-Project 696-item temperament item set (IPIP-based scales and the EPQ-R)",NA,NA,"Would fear walking in a high-crime part of a city.",NA,"Slightly Accurate",4
"sapa_personality","sapa_personality_1","q_2001","SAPA-Project 696-item temperament item set (IPIP-based scales and the EPQ-R)",NA,NA,"Would fear walking in a high-crime part of a city.",NA,"Moderately Accurate",5
"sapa_personality","sapa_personality_1","q_2001","SAPA-Project 696-item temperament item set (IPIP-based scales and the EPQ-R)",NA,NA,"Would fear walking in a high-crime part of a city.",NA,"Very Accurate",6
"sapa_personality","sapa_personality_1","q_2003","SAPA-Project 696-item temperament item set (IPIP-based scales and the EPQ-R)",NA,NA,"[Would feel v. badly for a long time if stole].",NA,"Very Inaccurate",1
"sapa_personality","sapa_personality_1","q_2003","SAPA-Project 696-item temperament item set (IPIP-based scales and the EPQ-R)",NA,NA,"[Would feel v. badly for a long time if stole].",NA,"Moderately Inaccurate",2
"sapa_personality","sapa_personality_1","q_2003","SAPA-Project 696-item temperament item set (IPIP-based scales and the EPQ-R)",NA,NA,"[Would feel v. badly for a long time if stole].",NA,"Slightly Inaccurate",3
"sapa_personality","sapa_personality_1","q_2003","SAPA-Project 696-item temperament item set (IPIP-based scales and the EPQ-R)",NA,NA,"[Would feel v. badly for a long time if stole].",NA,"Slightly Accurate",4
"sapa_personality","sapa_personality_1","q_2003","SAPA-Project 696-item temperament item set (IPIP-based scales and the EPQ-R)",NA,NA,"[Would feel v. badly for a long time if stole].",NA,"Moderately Accurate",5
"sapa_personality","sapa_personality_1","q_2003","SAPA-Project 696-item temperament item set (IPIP-based scales and the EPQ-R)",NA,NA,"[Would feel v. badly for a long time if stole].",NA,"Very Accurate",6
"sapa_personality","sapa_personality_1","q_2005","SAPA-Project 696-item temperament item set (IPIP-based scales and the EPQ-R)",NA,NA,"Would hate to be considered odd or strange.",NA,"Very Inaccurate",1
"sapa_personality","sapa_personality_1","q_2005","SAPA-Project 696-item temperament item set (IPIP-based scales and the EPQ-R)",NA,NA,"Would hate to be considered odd or strange.",NA,"Moderately Inaccurate",2
"sapa_personality","sapa_personality_1","q_2005","SAPA-Project 696-item temperament item set (IPIP-based scales and the EPQ-R)",NA,NA,"Would hate to be considered odd or strange.",NA,"Slightly Inaccurate",3
"sapa_personality","sapa_personality_1","q_2005","SAPA-Project 696-item temperament item set (IPIP-based scales and the EPQ-R)",NA,NA,"Would hate to be considered odd or strange.",NA,"Slightly Accurate",4
"sapa_personality","sapa_personality_1","q_2005","SAPA-Project 696-item temperament item set (IPIP-based scales and the EPQ-R)",NA,NA,"Would hate to be considered odd or strange.",NA,"Moderately Accurate",5
"sapa_personality","sapa_personality_1","q_2005","SAPA-Project 696-item temperament item set (IPIP-based scales and the EPQ-R)",NA,NA,"Would hate to be considered odd or strange.",NA,"Very Accurate",6
"sapa_personality","sapa_personality_1","q_2008","SAPA-Project 696-item temperament item set (IPIP-based scales and the EPQ-R)",NA,NA,"Would like to have more power than other people.",NA,"Very Inaccurate",1
"sapa_personality","sapa_personality_1","q_2008","SAPA-Project 696-item temperament item set (IPIP-based scales and the EPQ-R)",NA,NA,"Would like to have more power than other people.",NA,"Moderately Inaccurate",2
"sapa_personality","sapa_personality_1","q_2008","SAPA-Project 696-item temperament item set (IPIP-based scales and the EPQ-R)",NA,NA,"Would like to have more power than other people.",NA,"Slightly Inaccurate",3
"sapa_personality","sapa_personality_1","q_2008","SAPA-Project 696-item temperament item set (IPIP-based scales and the EPQ-R)",NA,NA,"Would like to have more power than other people.",NA,"Slightly Accurate",4
"sapa_personality","sapa_personality_1","q_2008","SAPA-Project 696-item temperament item set (IPIP-based scales and the EPQ-R)",NA,NA,"Would like to have more power than other people.",NA,"Moderately Accurate",5
"sapa_personality","sapa_personality_1","q_2008","SAPA-Project 696-item temperament item set (IPIP-based scales and the EPQ-R)",NA,NA,"Would like to have more power than other people.",NA,"Very Accurate",6
"sapa_personality","sapa_personality_1","q_2011","SAPA-Project 696-item temperament item set (IPIP-based scales and the EPQ-R)",NA,NA,"Would love to explore strange places.",NA,"Very Inaccurate",1
"sapa_personality","sapa_personality_1","q_2011","SAPA-Project 696-item temperament item set (IPIP-based scales and the EPQ-R)",NA,NA,"Would love to explore strange places.",NA,"Moderately Inaccurate",2
"sapa_personality","sapa_personality_1","q_2011","SAPA-Project 696-item temperament item set (IPIP-based scales and the EPQ-R)",NA,NA,"Would love to explore strange places.",NA,"Slightly Inaccurate",3
"sapa_personality","sapa_personality_1","q_2011","SAPA-Project 696-item temperament item set (IPIP-based scales and the EPQ-R)",NA,NA,"Would love to explore strange places.",NA,"Slightly Accurate",4
"sapa_personality","sapa_personality_1","q_2011","SAPA-Project 696-item temperament item set (IPIP-based scales and the EPQ-R)",NA,NA,"Would love to explore strange places.",NA,"Moderately Accurate",5
"sapa_personality","sapa_personality_1","q_2011","SAPA-Project 696-item temperament item set (IPIP-based scales and the EPQ-R)",NA,NA,"Would love to explore strange places.",NA,"Very Accurate",6
"sapa_personality","sapa_personality_1","q_2016","SAPA-Project 696-item temperament item set (IPIP-based scales and the EPQ-R)",NA,NA,"Would never cheat on my taxes.",NA,"Very Inaccurate",1
"sapa_personality","sapa_personality_1","q_2016","SAPA-Project 696-item temperament item set (IPIP-based scales and the EPQ-R)",NA,NA,"Would never cheat on my taxes.",NA,"Moderately Inaccurate",2
"sapa_personality","sapa_personality_1","q_2016","SAPA-Project 696-item temperament item set (IPIP-based scales and the EPQ-R)",NA,NA,"Would never cheat on my taxes.",NA,"Slightly Inaccurate",3
"sapa_personality","sapa_personality_1","q_2016","SAPA-Project 696-item temperament item set (IPIP-based scales and the EPQ-R)",NA,NA,"Would never cheat on my taxes.",NA,"Slightly Accurate",4
"sapa_personality","sapa_personality_1","q_2016","SAPA-Project 696-item temperament item set (IPIP-based scales and the EPQ-R)",NA,NA,"Would never cheat on my taxes.",NA,"Moderately Accurate",5
"sapa_personality","sapa_personality_1","q_2016","SAPA-Project 696-item temperament item set (IPIP-based scales and the EPQ-R)",NA,NA,"Would never cheat on my taxes.",NA,"Very Accurate",6
"sapa_personality","sapa_personality_1","q_2017","SAPA-Project 696-item temperament item set (IPIP-based scales and the EPQ-R)",NA,NA,"Would never go hang gliding or bungee jumping.",NA,"Very Inaccurate",1
"sapa_personality","sapa_personality_1","q_2017","SAPA-Project 696-item temperament item set (IPIP-based scales and the EPQ-R)",NA,NA,"Would never go hang gliding or bungee jumping.",NA,"Moderately Inaccurate",2
"sapa_personality","sapa_personality_1","q_2017","SAPA-Project 696-item temperament item set (IPIP-based scales and the EPQ-R)",NA,NA,"Would never go hang gliding or bungee jumping.",NA,"Slightly Inaccurate",3
"sapa_personality","sapa_personality_1","q_2017","SAPA-Project 696-item temperament item set (IPIP-based scales and the EPQ-R)",NA,NA,"Would never go hang gliding or bungee jumping.",NA,"Slightly Accurate",4
"sapa_personality","sapa_personality_1","q_2017","SAPA-Project 696-item temperament item set (IPIP-based scales and the EPQ-R)",NA,NA,"Would never go hang gliding or bungee jumping.",NA,"Moderately Accurate",5
"sapa_personality","sapa_personality_1","q_2017","SAPA-Project 696-item temperament item set (IPIP-based scales and the EPQ-R)",NA,NA,"Would never go hang gliding or bungee jumping.",NA,"Very Accurate",6
"sapa_personality","sapa_personality_1","q_2018","SAPA-Project 696-item temperament item set (IPIP-based scales and the EPQ-R)",NA,NA,"[Never go down rapids in a canoe].",NA,"Very Inaccurate",1
"sapa_personality","sapa_personality_1","q_2018","SAPA-Project 696-item temperament item set (IPIP-based scales and the EPQ-R)",NA,NA,"[Never go down rapids in a canoe].",NA,"Moderately Inaccurate",2
"sapa_personality","sapa_personality_1","q_2018","SAPA-Project 696-item temperament item set (IPIP-based scales and the EPQ-R)",NA,NA,"[Never go down rapids in a canoe].",NA,"Slightly Inaccurate",3
"sapa_personality","sapa_personality_1","q_2018","SAPA-Project 696-item temperament item set (IPIP-based scales and the EPQ-R)",NA,NA,"[Never go down rapids in a canoe].",NA,"Slightly Accurate",4
"sapa_personality","sapa_personality_1","q_2018","SAPA-Project 696-item temperament item set (IPIP-based scales and the EPQ-R)",NA,NA,"[Never go down rapids in a canoe].",NA,"Moderately Accurate",5
"sapa_personality","sapa_personality_1","q_2018","SAPA-Project 696-item temperament item set (IPIP-based scales and the EPQ-R)",NA,NA,"[Never go down rapids in a canoe].",NA,"Very Accurate",6
"sapa_personality","sapa_personality_1","q_2020","SAPA-Project 696-item temperament item set (IPIP-based scales and the EPQ-R)",NA,NA,"Would never make a high-risk investment.",NA,"Very Inaccurate",1
"sapa_personality","sapa_personality_1","q_2020","SAPA-Project 696-item temperament item set (IPIP-based scales and the EPQ-R)",NA,NA,"Would never make a high-risk investment.",NA,"Moderately Inaccurate",2
"sapa_personality","sapa_personality_1","q_2020","SAPA-Project 696-item temperament item set (IPIP-based scales and the EPQ-R)",NA,NA,"Would never make a high-risk investment.",NA,"Slightly Inaccurate",3
"sapa_personality","sapa_personality_1","q_2020","SAPA-Project 696-item temperament item set (IPIP-based scales and the EPQ-R)",NA,NA,"Would never make a high-risk investment.",NA,"Slightly Accurate",4
"sapa_personality","sapa_personality_1","q_2020","SAPA-Project 696-item temperament item set (IPIP-based scales and the EPQ-R)",NA,NA,"Would never make a high-risk investment.",NA,"Moderately Accurate",5
"sapa_personality","sapa_personality_1","q_2020","SAPA-Project 696-item temperament item set (IPIP-based scales and the EPQ-R)",NA,NA,"Would never make a high-risk investment.",NA,"Very Accurate",6
"sapa_personality","sapa_personality_1","q_2021","SAPA-Project 696-item temperament item set (IPIP-based scales and the EPQ-R)",NA,NA,"Would never take things that aren't mine.",NA,"Very Inaccurate",1
"sapa_personality","sapa_personality_1","q_2021","SAPA-Project 696-item temperament item set (IPIP-based scales and the EPQ-R)",NA,NA,"Would never take things that aren't mine.",NA,"Moderately Inaccurate",2
"sapa_personality","sapa_personality_1","q_2021","SAPA-Project 696-item temperament item set (IPIP-based scales and the EPQ-R)",NA,NA,"Would never take things that aren't mine.",NA,"Slightly Inaccurate",3
"sapa_personality","sapa_personality_1","q_2021","SAPA-Project 696-item temperament item set (IPIP-based scales and the EPQ-R)",NA,NA,"Would never take things that aren't mine.",NA,"Slightly Accurate",4
"sapa_personality","sapa_personality_1","q_2021","SAPA-Project 696-item temperament item set (IPIP-based scales and the EPQ-R)",NA,NA,"Would never take things that aren't mine.",NA,"Moderately Accurate",5
"sapa_personality","sapa_personality_1","q_2021","SAPA-Project 696-item temperament item set (IPIP-based scales and the EPQ-R)",NA,NA,"Would never take things that aren't mine.",NA,"Very Accurate",6
"sapa_personality","sapa_personality_1","q_2024","SAPA-Project 696-item temperament item set (IPIP-based scales and the EPQ-R)",NA,NA,"[Would not enjoy a highly social job].",NA,"Very Inaccurate",1
"sapa_personality","sapa_personality_1","q_2024","SAPA-Project 696-item temperament item set (IPIP-based scales and the EPQ-R)",NA,NA,"[Would not enjoy a highly social job].",NA,"Moderately Inaccurate",2
"sapa_personality","sapa_personality_1","q_2024","SAPA-Project 696-item temperament item set (IPIP-based scales and the EPQ-R)",NA,NA,"[Would not enjoy a highly social job].",NA,"Slightly Inaccurate",3
"sapa_personality","sapa_personality_1","q_2024","SAPA-Project 696-item temperament item set (IPIP-based scales and the EPQ-R)",NA,NA,"[Would not enjoy a highly social job].",NA,"Slightly Accurate",4
"sapa_personality","sapa_personality_1","q_2024","SAPA-Project 696-item temperament item set (IPIP-based scales and the EPQ-R)",NA,NA,"[Would not enjoy a highly social job].",NA,"Moderately Accurate",5
"sapa_personality","sapa_personality_1","q_2024","SAPA-Project 696-item temperament item set (IPIP-based scales and the EPQ-R)",NA,NA,"[Would not enjoy a highly social job].",NA,"Very Accurate",6
"sapa_personality","sapa_personality_1","q_2025","SAPA-Project 696-item temperament item set (IPIP-based scales and the EPQ-R)",NA,NA,"Would not enjoy being a famous celebrity.",NA,"Very Inaccurate",1
"sapa_personality","sapa_personality_1","q_2025","SAPA-Project 696-item temperament item set (IPIP-based scales and the EPQ-R)",NA,NA,"Would not enjoy being a famous celebrity.",NA,"Moderately Inaccurate",2
"sapa_personality","sapa_personality_1","q_2025","SAPA-Project 696-item temperament item set (IPIP-based scales and the EPQ-R)",NA,NA,"Would not enjoy being a famous celebrity.",NA,"Slightly Inaccurate",3
"sapa_personality","sapa_personality_1","q_2025","SAPA-Project 696-item temperament item set (IPIP-based scales and the EPQ-R)",NA,NA,"Would not enjoy being a famous celebrity.",NA,"Slightly Accurate",4
"sapa_personality","sapa_personality_1","q_2025","SAPA-Project 696-item temperament item set (IPIP-based scales and the EPQ-R)",NA,NA,"Would not enjoy being a famous celebrity.",NA,"Moderately Accurate",5
"sapa_personality","sapa_personality_1","q_2025","SAPA-Project 696-item temperament item set (IPIP-based scales and the EPQ-R)",NA,NA,"Would not enjoy being a famous celebrity.",NA,"Very Accurate",6
"sapa_personality","sapa_personality_1","q_2029","SAPA-Project 696-item temperament item set (IPIP-based scales and the EPQ-R)",NA,NA,"[Not regret taking advantage of someone impulsively].",NA,"Very Inaccurate",1
"sapa_personality","sapa_personality_1","q_2029","SAPA-Project 696-item temperament item set (IPIP-based scales and the EPQ-R)",NA,NA,"[Not regret taking advantage of someone impulsively].",NA,"Moderately Inaccurate",2
"sapa_personality","sapa_personality_1","q_2029","SAPA-Project 696-item temperament item set (IPIP-based scales and the EPQ-R)",NA,NA,"[Not regret taking advantage of someone impulsively].",NA,"Slightly Inaccurate",3
"sapa_personality","sapa_personality_1","q_2029","SAPA-Project 696-item temperament item set (IPIP-based scales and the EPQ-R)",NA,NA,"[Not regret taking advantage of someone impulsively].",NA,"Slightly Accurate",4
"sapa_personality","sapa_personality_1","q_2029","SAPA-Project 696-item temperament item set (IPIP-based scales and the EPQ-R)",NA,NA,"[Not regret taking advantage of someone impulsively].",NA,"Moderately Accurate",5
"sapa_personality","sapa_personality_1","q_2029","SAPA-Project 696-item temperament item set (IPIP-based scales and the EPQ-R)",NA,NA,"[Not regret taking advantage of someone impulsively].",NA,"Very Accurate",6
"sapa_personality","sapa_personality_1","q_2036","SAPA-Project 696-item temperament item set (IPIP-based scales and the EPQ-R)",NA,NA,"Yell at people.",NA,"Very Inaccurate",1
"sapa_personality","sapa_personality_1","q_2036","SAPA-Project 696-item temperament item set (IPIP-based scales and the EPQ-R)",NA,NA,"Yell at people.",NA,"Moderately Inaccurate",2
"sapa_personality","sapa_personality_1","q_2036","SAPA-Project 696-item temperament item set (IPIP-based scales and the EPQ-R)",NA,NA,"Yell at people.",NA,"Slightly Inaccurate",3
"sapa_personality","sapa_personality_1","q_2036","SAPA-Project 696-item temperament item set (IPIP-based scales and the EPQ-R)",NA,NA,"Yell at people.",NA,"Slightly Accurate",4
"sapa_personality","sapa_personality_1","q_2036","SAPA-Project 696-item temperament item set (IPIP-based scales and the EPQ-R)",NA,NA,"Yell at people.",NA,"Moderately Accurate",5
"sapa_personality","sapa_personality_1","q_2036","SAPA-Project 696-item temperament item set (IPIP-based scales and the EPQ-R)",NA,NA,"Yell at people.",NA,"Very Accurate",6
"sapa_personality","sapa_personality_1","q_2160","SAPA-Project 696-item temperament item set (IPIP-based scales and the EPQ-R)",NA,NA,"Am not a very enthusiastic person.",NA,"Very Inaccurate",1
"sapa_personality","sapa_personality_1","q_2160","SAPA-Project 696-item temperament item set (IPIP-based scales and the EPQ-R)",NA,NA,"Am not a very enthusiastic person.",NA,"Moderately Inaccurate",2
"sapa_personality","sapa_personality_1","q_2160","SAPA-Project 696-item temperament item set (IPIP-based scales and the EPQ-R)",NA,NA,"Am not a very enthusiastic person.",NA,"Slightly Inaccurate",3
"sapa_personality","sapa_personality_1","q_2160","SAPA-Project 696-item temperament item set (IPIP-based scales and the EPQ-R)",NA,NA,"Am not a very enthusiastic person.",NA,"Slightly Accurate",4
"sapa_personality","sapa_personality_1","q_2160","SAPA-Project 696-item temperament item set (IPIP-based scales and the EPQ-R)",NA,NA,"Am not a very enthusiastic person.",NA,"Moderately Accurate",5
"sapa_personality","sapa_personality_1","q_2160","SAPA-Project 696-item temperament item set (IPIP-based scales and the EPQ-R)",NA,NA,"Am not a very enthusiastic person.",NA,"Very Accurate",6
"sapa_personality","sapa_personality_1","q_2161","SAPA-Project 696-item temperament item set (IPIP-based scales and the EPQ-R)",NA,NA,"Do not have an assertive personality.",NA,"Very Inaccurate",1
"sapa_personality","sapa_personality_1","q_2161","SAPA-Project 696-item temperament item set (IPIP-based scales and the EPQ-R)",NA,NA,"Do not have an assertive personality.",NA,"Moderately Inaccurate",2
"sapa_personality","sapa_personality_1","q_2161","SAPA-Project 696-item temperament item set (IPIP-based scales and the EPQ-R)",NA,NA,"Do not have an assertive personality.",NA,"Slightly Inaccurate",3
"sapa_personality","sapa_personality_1","q_2161","SAPA-Project 696-item temperament item set (IPIP-based scales and the EPQ-R)",NA,NA,"Do not have an assertive personality.",NA,"Slightly Accurate",4
"sapa_personality","sapa_personality_1","q_2161","SAPA-Project 696-item temperament item set (IPIP-based scales and the EPQ-R)",NA,NA,"Do not have an assertive personality.",NA,"Moderately Accurate",5
"sapa_personality","sapa_personality_1","q_2161","SAPA-Project 696-item temperament item set (IPIP-based scales and the EPQ-R)",NA,NA,"Do not have an assertive personality.",NA,"Very Accurate",6
"sapa_personality","sapa_personality_1","q_2737","SAPA-Project 696-item temperament item set (IPIP-based scales and the EPQ-R)",NA,NA,"Am a goal-oriented person.",NA,"Very Inaccurate",1
"sapa_personality","sapa_personality_1","q_2737","SAPA-Project 696-item temperament item set (IPIP-based scales and the EPQ-R)",NA,NA,"Am a goal-oriented person.",NA,"Moderately Inaccurate",2
"sapa_personality","sapa_personality_1","q_2737","SAPA-Project 696-item temperament item set (IPIP-based scales and the EPQ-R)",NA,NA,"Am a goal-oriented person.",NA,"Slightly Inaccurate",3
"sapa_personality","sapa_personality_1","q_2737","SAPA-Project 696-item temperament item set (IPIP-based scales and the EPQ-R)",NA,NA,"Am a goal-oriented person.",NA,"Slightly Accurate",4
"sapa_personality","sapa_personality_1","q_2737","SAPA-Project 696-item temperament item set (IPIP-based scales and the EPQ-R)",NA,NA,"Am a goal-oriented person.",NA,"Moderately Accurate",5
"sapa_personality","sapa_personality_1","q_2737","SAPA-Project 696-item temperament item set (IPIP-based scales and the EPQ-R)",NA,NA,"Am a goal-oriented person.",NA,"Very Accurate",6
"sapa_personality","sapa_personality_1","q_2745","SAPA-Project 696-item temperament item set (IPIP-based scales and the EPQ-R)",NA,NA,"Am able to come up with new and different ideas.",NA,"Very Inaccurate",1
"sapa_personality","sapa_personality_1","q_2745","SAPA-Project 696-item temperament item set (IPIP-based scales and the EPQ-R)",NA,NA,"Am able to come up with new and different ideas.",NA,"Moderately Inaccurate",2
"sapa_personality","sapa_personality_1","q_2745","SAPA-Project 696-item temperament item set (IPIP-based scales and the EPQ-R)",NA,NA,"Am able to come up with new and different ideas.",NA,"Slightly Inaccurate",3
"sapa_personality","sapa_personality_1","q_2745","SAPA-Project 696-item temperament item set (IPIP-based scales and the EPQ-R)",NA,NA,"Am able to come up with new and different ideas.",NA,"Slightly Accurate",4
"sapa_personality","sapa_personality_1","q_2745","SAPA-Project 696-item temperament item set (IPIP-based scales and the EPQ-R)",NA,NA,"Am able to come up with new and different ideas.",NA,"Moderately Accurate",5
"sapa_personality","sapa_personality_1","q_2745","SAPA-Project 696-item temperament item set (IPIP-based scales and the EPQ-R)",NA,NA,"Am able to come up with new and different ideas.",NA,"Very Accurate",6
"sapa_personality","sapa_personality_1","q_2754","SAPA-Project 696-item temperament item set (IPIP-based scales and the EPQ-R)",NA,NA,"Am an original thinker.",NA,"Very Inaccurate",1
"sapa_personality","sapa_personality_1","q_2754","SAPA-Project 696-item temperament item set (IPIP-based scales and the EPQ-R)",NA,NA,"Am an original thinker.",NA,"Moderately Inaccurate",2
"sapa_personality","sapa_personality_1","q_2754","SAPA-Project 696-item temperament item set (IPIP-based scales and the EPQ-R)",NA,NA,"Am an original thinker.",NA,"Slightly Inaccurate",3
"sapa_personality","sapa_personality_1","q_2754","SAPA-Project 696-item temperament item set (IPIP-based scales and the EPQ-R)",NA,NA,"Am an original thinker.",NA,"Slightly Accurate",4
"sapa_personality","sapa_personality_1","q_2754","SAPA-Project 696-item temperament item set (IPIP-based scales and the EPQ-R)",NA,NA,"Am an original thinker.",NA,"Moderately Accurate",5
"sapa_personality","sapa_personality_1","q_2754","SAPA-Project 696-item temperament item set (IPIP-based scales and the EPQ-R)",NA,NA,"Am an original thinker.",NA,"Very Accurate",6
"sapa_personality","sapa_personality_1","q_2756","SAPA-Project 696-item temperament item set (IPIP-based scales and the EPQ-R)",NA,NA,"Am considered to be a wise person.",NA,"Very Inaccurate",1
"sapa_personality","sapa_personality_1","q_2756","SAPA-Project 696-item temperament item set (IPIP-based scales and the EPQ-R)",NA,NA,"Am considered to be a wise person.",NA,"Moderately Inaccurate",2
"sapa_personality","sapa_personality_1","q_2756","SAPA-Project 696-item temperament item set (IPIP-based scales and the EPQ-R)",NA,NA,"Am considered to be a wise person.",NA,"Slightly Inaccurate",3
"sapa_personality","sapa_personality_1","q_2756","SAPA-Project 696-item temperament item set (IPIP-based scales and the EPQ-R)",NA,NA,"Am considered to be a wise person.",NA,"Slightly Accurate",4
"sapa_personality","sapa_personality_1","q_2756","SAPA-Project 696-item temperament item set (IPIP-based scales and the EPQ-R)",NA,NA,"Am considered to be a wise person.",NA,"Moderately Accurate",5
"sapa_personality","sapa_personality_1","q_2756","SAPA-Project 696-item temperament item set (IPIP-based scales and the EPQ-R)",NA,NA,"Am considered to be a wise person.",NA,"Very Accurate",6
"sapa_personality","sapa_personality_1","q_2765","SAPA-Project 696-item temperament item set (IPIP-based scales and the EPQ-R)",NA,NA,"Am happy with my life.",NA,"Very Inaccurate",1
"sapa_personality","sapa_personality_1","q_2765","SAPA-Project 696-item temperament item set (IPIP-based scales and the EPQ-R)",NA,NA,"Am happy with my life.",NA,"Moderately Inaccurate",2
"sapa_personality","sapa_personality_1","q_2765","SAPA-Project 696-item temperament item set (IPIP-based scales and the EPQ-R)",NA,NA,"Am happy with my life.",NA,"Slightly Inaccurate",3
"sapa_personality","sapa_personality_1","q_2765","SAPA-Project 696-item temperament item set (IPIP-based scales and the EPQ-R)",NA,NA,"Am happy with my life.",NA,"Slightly Accurate",4
"sapa_personality","sapa_personality_1","q_2765","SAPA-Project 696-item temperament item set (IPIP-based scales and the EPQ-R)",NA,NA,"Am happy with my life.",NA,"Moderately Accurate",5
"sapa_personality","sapa_personality_1","q_2765","SAPA-Project 696-item temperament item set (IPIP-based scales and the EPQ-R)",NA,NA,"Am happy with my life.",NA,"Very Accurate",6
"sapa_personality","sapa_personality_1","q_2775","SAPA-Project 696-item temperament item set (IPIP-based scales and the EPQ-R)",NA,NA,"Am not all that curious about the world.",NA,"Very Inaccurate",1
"sapa_personality","sapa_personality_1","q_2775","SAPA-Project 696-item temperament item set (IPIP-based scales and the EPQ-R)",NA,NA,"Am not all that curious about the world.",NA,"Moderately Inaccurate",2
"sapa_personality","sapa_personality_1","q_2775","SAPA-Project 696-item temperament item set (IPIP-based scales and the EPQ-R)",NA,NA,"Am not all that curious about the world.",NA,"Slightly Inaccurate",3
"sapa_personality","sapa_personality_1","q_2775","SAPA-Project 696-item temperament item set (IPIP-based scales and the EPQ-R)",NA,NA,"Am not all that curious about the world.",NA,"Slightly Accurate",4
"sapa_personality","sapa_personality_1","q_2775","SAPA-Project 696-item temperament item set (IPIP-based scales and the EPQ-R)",NA,NA,"Am not all that curious about the world.",NA,"Moderately Accurate",5
"sapa_personality","sapa_personality_1","q_2775","SAPA-Project 696-item temperament item set (IPIP-based scales and the EPQ-R)",NA,NA,"Am not all that curious about the world.",NA,"Very Accurate",6
"sapa_personality","sapa_personality_1","q_2786","SAPA-Project 696-item temperament item set (IPIP-based scales and the EPQ-R)",NA,NA,"Am often worried by things that I said or did.",NA,"Very Inaccurate",1
"sapa_personality","sapa_personality_1","q_2786","SAPA-Project 696-item temperament item set (IPIP-based scales and the EPQ-R)",NA,NA,"Am often worried by things that I said or did.",NA,"Moderately Inaccurate",2
"sapa_personality","sapa_personality_1","q_2786","SAPA-Project 696-item temperament item set (IPIP-based scales and the EPQ-R)",NA,NA,"Am often worried by things that I said or did.",NA,"Slightly Inaccurate",3
"sapa_personality","sapa_personality_1","q_2786","SAPA-Project 696-item temperament item set (IPIP-based scales and the EPQ-R)",NA,NA,"Am often worried by things that I said or did.",NA,"Slightly Accurate",4
"sapa_personality","sapa_personality_1","q_2786","SAPA-Project 696-item temperament item set (IPIP-based scales and the EPQ-R)",NA,NA,"Am often worried by things that I said or did.",NA,"Moderately Accurate",5
"sapa_personality","sapa_personality_1","q_2786","SAPA-Project 696-item temperament item set (IPIP-based scales and the EPQ-R)",NA,NA,"Am often worried by things that I said or did.",NA,"Very Accurate",6
"sapa_personality","sapa_personality_1","q_2821","SAPA-Project 696-item temperament item set (IPIP-based scales and the EPQ-R)",NA,NA,"Behave in unusual and strange ways.",NA,"Very Inaccurate",1
"sapa_personality","sapa_personality_1","q_2821","SAPA-Project 696-item temperament item set (IPIP-based scales and the EPQ-R)",NA,NA,"Behave in unusual and strange ways.",NA,"Moderately Inaccurate",2
"sapa_personality","sapa_personality_1","q_2821","SAPA-Project 696-item temperament item set (IPIP-based scales and the EPQ-R)",NA,NA,"Behave in unusual and strange ways.",NA,"Slightly Inaccurate",3
"sapa_personality","sapa_personality_1","q_2821","SAPA-Project 696-item temperament item set (IPIP-based scales and the EPQ-R)",NA,NA,"Behave in unusual and strange ways.",NA,"Slightly Accurate",4
"sapa_personality","sapa_personality_1","q_2821","SAPA-Project 696-item temperament item set (IPIP-based scales and the EPQ-R)",NA,NA,"Behave in unusual and strange ways.",NA,"Moderately Accurate",5
"sapa_personality","sapa_personality_1","q_2821","SAPA-Project 696-item temperament item set (IPIP-based scales and the EPQ-R)",NA,NA,"Behave in unusual and strange ways.",NA,"Very Accurate",6
"sapa_personality","sapa_personality_1","q_2853","SAPA-Project 696-item temperament item set (IPIP-based scales and the EPQ-R)",NA,NA,"Cannot imagine lying or cheating.",NA,"Very Inaccurate",1
"sapa_personality","sapa_personality_1","q_2853","SAPA-Project 696-item temperament item set (IPIP-based scales and the EPQ-R)",NA,NA,"Cannot imagine lying or cheating.",NA,"Moderately Inaccurate",2
"sapa_personality","sapa_personality_1","q_2853","SAPA-Project 696-item temperament item set (IPIP-based scales and the EPQ-R)",NA,NA,"Cannot imagine lying or cheating.",NA,"Slightly Inaccurate",3
"sapa_personality","sapa_personality_1","q_2853","SAPA-Project 696-item temperament item set (IPIP-based scales and the EPQ-R)",NA,NA,"Cannot imagine lying or cheating.",NA,"Slightly Accurate",4
"sapa_personality","sapa_personality_1","q_2853","SAPA-Project 696-item temperament item set (IPIP-based scales and the EPQ-R)",NA,NA,"Cannot imagine lying or cheating.",NA,"Moderately Accurate",5
"sapa_personality","sapa_personality_1","q_2853","SAPA-Project 696-item temperament item set (IPIP-based scales and the EPQ-R)",NA,NA,"Cannot imagine lying or cheating.",NA,"Very Accurate",6
"sapa_personality","sapa_personality_1","q_2891","SAPA-Project 696-item temperament item set (IPIP-based scales and the EPQ-R)",NA,NA,"Don't pride myself on being original.",NA,"Very Inaccurate",1
"sapa_personality","sapa_personality_1","q_2891","SAPA-Project 696-item temperament item set (IPIP-based scales and the EPQ-R)",NA,NA,"Don't pride myself on being original.",NA,"Moderately Inaccurate",2
"sapa_personality","sapa_personality_1","q_2891","SAPA-Project 696-item temperament item set (IPIP-based scales and the EPQ-R)",NA,NA,"Don't pride myself on being original.",NA,"Slightly Inaccurate",3
"sapa_personality","sapa_personality_1","q_2891","SAPA-Project 696-item temperament item set (IPIP-based scales and the EPQ-R)",NA,NA,"Don't pride myself on being original.",NA,"Slightly Accurate",4
"sapa_personality","sapa_personality_1","q_2891","SAPA-Project 696-item temperament item set (IPIP-based scales and the EPQ-R)",NA,NA,"Don't pride myself on being original.",NA,"Moderately Accurate",5
"sapa_personality","sapa_personality_1","q_2891","SAPA-Project 696-item temperament item set (IPIP-based scales and the EPQ-R)",NA,NA,"Don't pride myself on being original.",NA,"Very Accurate",6
"sapa_personality","sapa_personality_1","q_2900","SAPA-Project 696-item temperament item set (IPIP-based scales and the EPQ-R)",NA,NA,"Don't think it's important to socialize with others.",NA,"Very Inaccurate",1
"sapa_personality","sapa_personality_1","q_2900","SAPA-Project 696-item temperament item set (IPIP-based scales and the EPQ-R)",NA,NA,"Don't think it's important to socialize with others.",NA,"Moderately Inaccurate",2
"sapa_personality","sapa_personality_1","q_2900","SAPA-Project 696-item temperament item set (IPIP-based scales and the EPQ-R)",NA,NA,"Don't think it's important to socialize with others.",NA,"Slightly Inaccurate",3
"sapa_personality","sapa_personality_1","q_2900","SAPA-Project 696-item temperament item set (IPIP-based scales and the EPQ-R)",NA,NA,"Don't think it's important to socialize with others.",NA,"Slightly Accurate",4
"sapa_personality","sapa_personality_1","q_2900","SAPA-Project 696-item temperament item set (IPIP-based scales and the EPQ-R)",NA,NA,"Don't think it's important to socialize with others.",NA,"Moderately Accurate",5
"sapa_personality","sapa_personality_1","q_2900","SAPA-Project 696-item temperament item set (IPIP-based scales and the EPQ-R)",NA,NA,"Don't think it's important to socialize with others.",NA,"Very Accurate",6
"sapa_personality","sapa_personality_1","q_2951","SAPA-Project 696-item temperament item set (IPIP-based scales and the EPQ-R)",NA,NA,"Have a colorful and dramatic way of talking about things. ",NA,"Very Inaccurate",1
"sapa_personality","sapa_personality_1","q_2951","SAPA-Project 696-item temperament item set (IPIP-based scales and the EPQ-R)",NA,NA,"Have a colorful and dramatic way of talking about things. ",NA,"Moderately Inaccurate",2
"sapa_personality","sapa_personality_1","q_2951","SAPA-Project 696-item temperament item set (IPIP-based scales and the EPQ-R)",NA,NA,"Have a colorful and dramatic way of talking about things. ",NA,"Slightly Inaccurate",3
"sapa_personality","sapa_personality_1","q_2951","SAPA-Project 696-item temperament item set (IPIP-based scales and the EPQ-R)",NA,NA,"Have a colorful and dramatic way of talking about things. ",NA,"Slightly Accurate",4
"sapa_personality","sapa_personality_1","q_2951","SAPA-Project 696-item temperament item set (IPIP-based scales and the EPQ-R)",NA,NA,"Have a colorful and dramatic way of talking about things. ",NA,"Moderately Accurate",5
"sapa_personality","sapa_personality_1","q_2951","SAPA-Project 696-item temperament item set (IPIP-based scales and the EPQ-R)",NA,NA,"Have a colorful and dramatic way of talking about things. ",NA,"Very Accurate",6
"sapa_personality","sapa_personality_1","q_3023","SAPA-Project 696-item temperament item set (IPIP-based scales and the EPQ-R)",NA,NA,"Look forward to the opportunity to learn and grow. ",NA,"Very Inaccurate",1
"sapa_personality","sapa_personality_1","q_3023","SAPA-Project 696-item temperament item set (IPIP-based scales and the EPQ-R)",NA,NA,"Look forward to the opportunity to learn and grow. ",NA,"Moderately Inaccurate",2
"sapa_personality","sapa_personality_1","q_3023","SAPA-Project 696-item temperament item set (IPIP-based scales and the EPQ-R)",NA,NA,"Look forward to the opportunity to learn and grow. ",NA,"Slightly Inaccurate",3
"sapa_personality","sapa_personality_1","q_3023","SAPA-Project 696-item temperament item set (IPIP-based scales and the EPQ-R)",NA,NA,"Look forward to the opportunity to learn and grow. ",NA,"Slightly Accurate",4
"sapa_personality","sapa_personality_1","q_3023","SAPA-Project 696-item temperament item set (IPIP-based scales and the EPQ-R)",NA,NA,"Look forward to the opportunity to learn and grow. ",NA,"Moderately Accurate",5
"sapa_personality","sapa_personality_1","q_3023","SAPA-Project 696-item temperament item set (IPIP-based scales and the EPQ-R)",NA,NA,"Look forward to the opportunity to learn and grow. ",NA,"Very Accurate",6
"sapa_personality","sapa_personality_1","q_3090","SAPA-Project 696-item temperament item set (IPIP-based scales and the EPQ-R)",NA,NA,"When with a group, have difficulties selecting a good topic to talk about.",NA,"Very Inaccurate",1
"sapa_personality","sapa_personality_1","q_3090","SAPA-Project 696-item temperament item set (IPIP-based scales and the EPQ-R)",NA,NA,"When with a group, have difficulties selecting a good topic to talk about.",NA,"Moderately Inaccurate",2
"sapa_personality","sapa_personality_1","q_3090","SAPA-Project 696-item temperament item set (IPIP-based scales and the EPQ-R)",NA,NA,"When with a group, have difficulties selecting a good topic to talk about.",NA,"Slightly Inaccurate",3
"sapa_personality","sapa_personality_1","q_3090","SAPA-Project 696-item temperament item set (IPIP-based scales and the EPQ-R)",NA,NA,"When with a group, have difficulties selecting a good topic to talk about.",NA,"Slightly Accurate",4
"sapa_personality","sapa_personality_1","q_3090","SAPA-Project 696-item temperament item set (IPIP-based scales and the EPQ-R)",NA,NA,"When with a group, have difficulties selecting a good topic to talk about.",NA,"Moderately Accurate",5
"sapa_personality","sapa_personality_1","q_3090","SAPA-Project 696-item temperament item set (IPIP-based scales and the EPQ-R)",NA,NA,"When with a group, have difficulties selecting a good topic to talk about.",NA,"Very Accurate",6
"sapa_personality","sapa_personality_1","q_3691","SAPA-Project 696-item temperament item set (IPIP-based scales and the EPQ-R)",NA,NA,"Am self–destructive.",NA,"Very Inaccurate",1
"sapa_personality","sapa_personality_1","q_3691","SAPA-Project 696-item temperament item set (IPIP-based scales and the EPQ-R)",NA,NA,"Am self–destructive.",NA,"Moderately Inaccurate",2
"sapa_personality","sapa_personality_1","q_3691","SAPA-Project 696-item temperament item set (IPIP-based scales and the EPQ-R)",NA,NA,"Am self–destructive.",NA,"Slightly Inaccurate",3
"sapa_personality","sapa_personality_1","q_3691","SAPA-Project 696-item temperament item set (IPIP-based scales and the EPQ-R)",NA,NA,"Am self–destructive.",NA,"Slightly Accurate",4
"sapa_personality","sapa_personality_1","q_3691","SAPA-Project 696-item temperament item set (IPIP-based scales and the EPQ-R)",NA,NA,"Am self–destructive.",NA,"Moderately Accurate",5
"sapa_personality","sapa_personality_1","q_3691","SAPA-Project 696-item temperament item set (IPIP-based scales and the EPQ-R)",NA,NA,"Am self–destructive.",NA,"Very Accurate",6
"sapa_personality","sapa_personality_1","q_4222","SAPA-Project 696-item temperament item set (IPIP-based scales and the EPQ-R)",NA,NA,"Have many different hobbies.",NA,"Very Inaccurate",1
"sapa_personality","sapa_personality_1","q_4222","SAPA-Project 696-item temperament item set (IPIP-based scales and the EPQ-R)",NA,NA,"Have many different hobbies.",NA,"Moderately Inaccurate",2
"sapa_personality","sapa_personality_1","q_4222","SAPA-Project 696-item temperament item set (IPIP-based scales and the EPQ-R)",NA,NA,"Have many different hobbies.",NA,"Slightly Inaccurate",3
"sapa_personality","sapa_personality_1","q_4222","SAPA-Project 696-item temperament item set (IPIP-based scales and the EPQ-R)",NA,NA,"Have many different hobbies.",NA,"Slightly Accurate",4
"sapa_personality","sapa_personality_1","q_4222","SAPA-Project 696-item temperament item set (IPIP-based scales and the EPQ-R)",NA,NA,"Have many different hobbies.",NA,"Moderately Accurate",5
"sapa_personality","sapa_personality_1","q_4222","SAPA-Project 696-item temperament item set (IPIP-based scales and the EPQ-R)",NA,NA,"Have many different hobbies.",NA,"Very Accurate",6
"sapa_personality","sapa_personality_1","q_4223","SAPA-Project 696-item temperament item set (IPIP-based scales and the EPQ-R)",NA,NA,"Stop to think things over before doing anything.",NA,"Very Inaccurate",1
"sapa_personality","sapa_personality_1","q_4223","SAPA-Project 696-item temperament item set (IPIP-based scales and the EPQ-R)",NA,NA,"Stop to think things over before doing anything.",NA,"Moderately Inaccurate",2
"sapa_personality","sapa_personality_1","q_4223","SAPA-Project 696-item temperament item set (IPIP-based scales and the EPQ-R)",NA,NA,"Stop to think things over before doing anything.",NA,"Slightly Inaccurate",3
"sapa_personality","sapa_personality_1","q_4223","SAPA-Project 696-item temperament item set (IPIP-based scales and the EPQ-R)",NA,NA,"Stop to think things over before doing anything.",NA,"Slightly Accurate",4
"sapa_personality","sapa_personality_1","q_4223","SAPA-Project 696-item temperament item set (IPIP-based scales and the EPQ-R)",NA,NA,"Stop to think things over before doing anything.",NA,"Moderately Accurate",5
"sapa_personality","sapa_personality_1","q_4223","SAPA-Project 696-item temperament item set (IPIP-based scales and the EPQ-R)",NA,NA,"Stop to think things over before doing anything.",NA,"Very Accurate",6
"sapa_personality","sapa_personality_1","q_4224","SAPA-Project 696-item temperament item set (IPIP-based scales and the EPQ-R)",NA,NA,"My mood often goes up and down.",NA,"Very Inaccurate",1
"sapa_personality","sapa_personality_1","q_4224","SAPA-Project 696-item temperament item set (IPIP-based scales and the EPQ-R)",NA,NA,"My mood often goes up and down.",NA,"Moderately Inaccurate",2
"sapa_personality","sapa_personality_1","q_4224","SAPA-Project 696-item temperament item set (IPIP-based scales and the EPQ-R)",NA,NA,"My mood often goes up and down.",NA,"Slightly Inaccurate",3
"sapa_personality","sapa_personality_1","q_4224","SAPA-Project 696-item temperament item set (IPIP-based scales and the EPQ-R)",NA,NA,"My mood often goes up and down.",NA,"Slightly Accurate",4
"sapa_personality","sapa_personality_1","q_4224","SAPA-Project 696-item temperament item set (IPIP-based scales and the EPQ-R)",NA,NA,"My mood often goes up and down.",NA,"Moderately Accurate",5
"sapa_personality","sapa_personality_1","q_4224","SAPA-Project 696-item temperament item set (IPIP-based scales and the EPQ-R)",NA,NA,"My mood often goes up and down.",NA,"Very Accurate",6
"sapa_personality","sapa_personality_1","q_4225","SAPA-Project 696-item temperament item set (IPIP-based scales and the EPQ-R)",NA,NA,"Often take notice of what people think.",NA,"Very Inaccurate",1
"sapa_personality","sapa_personality_1","q_4225","SAPA-Project 696-item temperament item set (IPIP-based scales and the EPQ-R)",NA,NA,"Often take notice of what people think.",NA,"Moderately Inaccurate",2
"sapa_personality","sapa_personality_1","q_4225","SAPA-Project 696-item temperament item set (IPIP-based scales and the EPQ-R)",NA,NA,"Often take notice of what people think.",NA,"Slightly Inaccurate",3
"sapa_personality","sapa_personality_1","q_4225","SAPA-Project 696-item temperament item set (IPIP-based scales and the EPQ-R)",NA,NA,"Often take notice of what people think.",NA,"Slightly Accurate",4
"sapa_personality","sapa_personality_1","q_4225","SAPA-Project 696-item temperament item set (IPIP-based scales and the EPQ-R)",NA,NA,"Often take notice of what people think.",NA,"Moderately Accurate",5
"sapa_personality","sapa_personality_1","q_4225","SAPA-Project 696-item temperament item set (IPIP-based scales and the EPQ-R)",NA,NA,"Often take notice of what people think.",NA,"Very Accurate",6
"sapa_personality","sapa_personality_1","q_4226","SAPA-Project 696-item temperament item set (IPIP-based scales and the EPQ-R)",NA,NA,"Am a talkative person.",NA,"Very Inaccurate",1
"sapa_personality","sapa_personality_1","q_4226","SAPA-Project 696-item temperament item set (IPIP-based scales and the EPQ-R)",NA,NA,"Am a talkative person.",NA,"Moderately Inaccurate",2
"sapa_personality","sapa_personality_1","q_4226","SAPA-Project 696-item temperament item set (IPIP-based scales and the EPQ-R)",NA,NA,"Am a talkative person.",NA,"Slightly Inaccurate",3
"sapa_personality","sapa_personality_1","q_4226","SAPA-Project 696-item temperament item set (IPIP-based scales and the EPQ-R)",NA,NA,"Am a talkative person.",NA,"Slightly Accurate",4
"sapa_personality","sapa_personality_1","q_4226","SAPA-Project 696-item temperament item set (IPIP-based scales and the EPQ-R)",NA,NA,"Am a talkative person.",NA,"Moderately Accurate",5
"sapa_personality","sapa_personality_1","q_4226","SAPA-Project 696-item temperament item set (IPIP-based scales and the EPQ-R)",NA,NA,"Am a talkative person.",NA,"Very Accurate",6
"sapa_personality","sapa_personality_1","q_4227","SAPA-Project 696-item temperament item set (IPIP-based scales and the EPQ-R)",NA,NA,"Being in debt is worrisome to me.",NA,"Very Inaccurate",1
"sapa_personality","sapa_personality_1","q_4227","SAPA-Project 696-item temperament item set (IPIP-based scales and the EPQ-R)",NA,NA,"Being in debt is worrisome to me.",NA,"Moderately Inaccurate",2
"sapa_personality","sapa_personality_1","q_4227","SAPA-Project 696-item temperament item set (IPIP-based scales and the EPQ-R)",NA,NA,"Being in debt is worrisome to me.",NA,"Slightly Inaccurate",3
"sapa_personality","sapa_personality_1","q_4227","SAPA-Project 696-item temperament item set (IPIP-based scales and the EPQ-R)",NA,NA,"Being in debt is worrisome to me.",NA,"Slightly Accurate",4
"sapa_personality","sapa_personality_1","q_4227","SAPA-Project 696-item temperament item set (IPIP-based scales and the EPQ-R)",NA,NA,"Being in debt is worrisome to me.",NA,"Moderately Accurate",5
"sapa_personality","sapa_personality_1","q_4227","SAPA-Project 696-item temperament item set (IPIP-based scales and the EPQ-R)",NA,NA,"Being in debt is worrisome to me.",NA,"Very Accurate",6
"sapa_personality","sapa_personality_1","q_4228","SAPA-Project 696-item temperament item set (IPIP-based scales and the EPQ-R)",NA,NA,"Sometimes feel ""just miserable"" for no reason.",NA,"Very Inaccurate",1
"sapa_personality","sapa_personality_1","q_4228","SAPA-Project 696-item temperament item set (IPIP-based scales and the EPQ-R)",NA,NA,"Sometimes feel ""just miserable"" for no reason.",NA,"Moderately Inaccurate",2
"sapa_personality","sapa_personality_1","q_4228","SAPA-Project 696-item temperament item set (IPIP-based scales and the EPQ-R)",NA,NA,"Sometimes feel ""just miserable"" for no reason.",NA,"Slightly Inaccurate",3
"sapa_personality","sapa_personality_1","q_4228","SAPA-Project 696-item temperament item set (IPIP-based scales and the EPQ-R)",NA,NA,"Sometimes feel ""just miserable"" for no reason.",NA,"Slightly Accurate",4
"sapa_personality","sapa_personality_1","q_4228","SAPA-Project 696-item temperament item set (IPIP-based scales and the EPQ-R)",NA,NA,"Sometimes feel ""just miserable"" for no reason.",NA,"Moderately Accurate",5
"sapa_personality","sapa_personality_1","q_4228","SAPA-Project 696-item temperament item set (IPIP-based scales and the EPQ-R)",NA,NA,"Sometimes feel ""just miserable"" for no reason.",NA,"Very Accurate",6
"sapa_personality","sapa_personality_1","q_4229","SAPA-Project 696-item temperament item set (IPIP-based scales and the EPQ-R)",NA,NA,"Give money to charities.",NA,"Very Inaccurate",1
"sapa_personality","sapa_personality_1","q_4229","SAPA-Project 696-item temperament item set (IPIP-based scales and the EPQ-R)",NA,NA,"Give money to charities.",NA,"Moderately Inaccurate",2
"sapa_personality","sapa_personality_1","q_4229","SAPA-Project 696-item temperament item set (IPIP-based scales and the EPQ-R)",NA,NA,"Give money to charities.",NA,"Slightly Inaccurate",3
"sapa_personality","sapa_personality_1","q_4229","SAPA-Project 696-item temperament item set (IPIP-based scales and the EPQ-R)",NA,NA,"Give money to charities.",NA,"Slightly Accurate",4
"sapa_personality","sapa_personality_1","q_4229","SAPA-Project 696-item temperament item set (IPIP-based scales and the EPQ-R)",NA,NA,"Give money to charities.",NA,"Moderately Accurate",5
"sapa_personality","sapa_personality_1","q_4229","SAPA-Project 696-item temperament item set (IPIP-based scales and the EPQ-R)",NA,NA,"Give money to charities.",NA,"Very Accurate",6
"sapa_personality","sapa_personality_1","q_4230","SAPA-Project 696-item temperament item set (IPIP-based scales and the EPQ-R)",NA,NA,"Am rather lively.",NA,"Very Inaccurate",1
"sapa_personality","sapa_personality_1","q_4230","SAPA-Project 696-item temperament item set (IPIP-based scales and the EPQ-R)",NA,NA,"Am rather lively.",NA,"Moderately Inaccurate",2
"sapa_personality","sapa_personality_1","q_4230","SAPA-Project 696-item temperament item set (IPIP-based scales and the EPQ-R)",NA,NA,"Am rather lively.",NA,"Slightly Inaccurate",3
"sapa_personality","sapa_personality_1","q_4230","SAPA-Project 696-item temperament item set (IPIP-based scales and the EPQ-R)",NA,NA,"Am rather lively.",NA,"Slightly Accurate",4
"sapa_personality","sapa_personality_1","q_4230","SAPA-Project 696-item temperament item set (IPIP-based scales and the EPQ-R)",NA,NA,"Am rather lively.",NA,"Moderately Accurate",5
"sapa_personality","sapa_personality_1","q_4230","SAPA-Project 696-item temperament item set (IPIP-based scales and the EPQ-R)",NA,NA,"Am rather lively.",NA,"Very Accurate",6
"sapa_personality","sapa_personality_1","q_4231","SAPA-Project 696-item temperament item set (IPIP-based scales and the EPQ-R)",NA,NA,"It would upset me a lot to see a child or animal suffer.",NA,"Very Inaccurate",1
"sapa_personality","sapa_personality_1","q_4231","SAPA-Project 696-item temperament item set (IPIP-based scales and the EPQ-R)",NA,NA,"It would upset me a lot to see a child or animal suffer.",NA,"Moderately Inaccurate",2
"sapa_personality","sapa_personality_1","q_4231","SAPA-Project 696-item temperament item set (IPIP-based scales and the EPQ-R)",NA,NA,"It would upset me a lot to see a child or animal suffer.",NA,"Slightly Inaccurate",3
"sapa_personality","sapa_personality_1","q_4231","SAPA-Project 696-item temperament item set (IPIP-based scales and the EPQ-R)",NA,NA,"It would upset me a lot to see a child or animal suffer.",NA,"Slightly Accurate",4
"sapa_personality","sapa_personality_1","q_4231","SAPA-Project 696-item temperament item set (IPIP-based scales and the EPQ-R)",NA,NA,"It would upset me a lot to see a child or animal suffer.",NA,"Moderately Accurate",5
"sapa_personality","sapa_personality_1","q_4231","SAPA-Project 696-item temperament item set (IPIP-based scales and the EPQ-R)",NA,NA,"It would upset me a lot to see a child or animal suffer.",NA,"Very Accurate",6
"sapa_personality","sapa_personality_1","q_4232","SAPA-Project 696-item temperament item set (IPIP-based scales and the EPQ-R)",NA,NA,"Often worry about things I should not have done or said.",NA,"Very Inaccurate",1
"sapa_personality","sapa_personality_1","q_4232","SAPA-Project 696-item temperament item set (IPIP-based scales and the EPQ-R)",NA,NA,"Often worry about things I should not have done or said.",NA,"Moderately Inaccurate",2
"sapa_personality","sapa_personality_1","q_4232","SAPA-Project 696-item temperament item set (IPIP-based scales and the EPQ-R)",NA,NA,"Often worry about things I should not have done or said.",NA,"Slightly Inaccurate",3
"sapa_personality","sapa_personality_1","q_4232","SAPA-Project 696-item temperament item set (IPIP-based scales and the EPQ-R)",NA,NA,"Often worry about things I should not have done or said.",NA,"Slightly Accurate",4
"sapa_personality","sapa_personality_1","q_4232","SAPA-Project 696-item temperament item set (IPIP-based scales and the EPQ-R)",NA,NA,"Often worry about things I should not have done or said.",NA,"Moderately Accurate",5
"sapa_personality","sapa_personality_1","q_4232","SAPA-Project 696-item temperament item set (IPIP-based scales and the EPQ-R)",NA,NA,"Often worry about things I should not have done or said.",NA,"Very Accurate",6
"sapa_personality","sapa_personality_1","q_4233","SAPA-Project 696-item temperament item set (IPIP-based scales and the EPQ-R)",NA,NA,"Dislike people who don't know how to behave themselves.",NA,"Very Inaccurate",1
"sapa_personality","sapa_personality_1","q_4233","SAPA-Project 696-item temperament item set (IPIP-based scales and the EPQ-R)",NA,NA,"Dislike people who don't know how to behave themselves.",NA,"Moderately Inaccurate",2
"sapa_personality","sapa_personality_1","q_4233","SAPA-Project 696-item temperament item set (IPIP-based scales and the EPQ-R)",NA,NA,"Dislike people who don't know how to behave themselves.",NA,"Slightly Inaccurate",3
"sapa_personality","sapa_personality_1","q_4233","SAPA-Project 696-item temperament item set (IPIP-based scales and the EPQ-R)",NA,NA,"Dislike people who don't know how to behave themselves.",NA,"Slightly Accurate",4
"sapa_personality","sapa_personality_1","q_4233","SAPA-Project 696-item temperament item set (IPIP-based scales and the EPQ-R)",NA,NA,"Dislike people who don't know how to behave themselves.",NA,"Moderately Accurate",5
"sapa_personality","sapa_personality_1","q_4233","SAPA-Project 696-item temperament item set (IPIP-based scales and the EPQ-R)",NA,NA,"Dislike people who don't know how to behave themselves.",NA,"Very Accurate",6
"sapa_personality","sapa_personality_1","q_4234","SAPA-Project 696-item temperament item set (IPIP-based scales and the EPQ-R)",NA,NA,"Can usually let myself go and enjoy a lively party.",NA,"Very Inaccurate",1
"sapa_personality","sapa_personality_1","q_4234","SAPA-Project 696-item temperament item set (IPIP-based scales and the EPQ-R)",NA,NA,"Can usually let myself go and enjoy a lively party.",NA,"Moderately Inaccurate",2
"sapa_personality","sapa_personality_1","q_4234","SAPA-Project 696-item temperament item set (IPIP-based scales and the EPQ-R)",NA,NA,"Can usually let myself go and enjoy a lively party.",NA,"Slightly Inaccurate",3
"sapa_personality","sapa_personality_1","q_4234","SAPA-Project 696-item temperament item set (IPIP-based scales and the EPQ-R)",NA,NA,"Can usually let myself go and enjoy a lively party.",NA,"Slightly Accurate",4
"sapa_personality","sapa_personality_1","q_4234","SAPA-Project 696-item temperament item set (IPIP-based scales and the EPQ-R)",NA,NA,"Can usually let myself go and enjoy a lively party.",NA,"Moderately Accurate",5
"sapa_personality","sapa_personality_1","q_4234","SAPA-Project 696-item temperament item set (IPIP-based scales and the EPQ-R)",NA,NA,"Can usually let myself go and enjoy a lively party.",NA,"Very Accurate",6
"sapa_personality","sapa_personality_1","q_4235","SAPA-Project 696-item temperament item set (IPIP-based scales and the EPQ-R)",NA,NA,"Am an irritable person.",NA,"Very Inaccurate",1
"sapa_personality","sapa_personality_1","q_4235","SAPA-Project 696-item temperament item set (IPIP-based scales and the EPQ-R)",NA,NA,"Am an irritable person.",NA,"Moderately Inaccurate",2
"sapa_personality","sapa_personality_1","q_4235","SAPA-Project 696-item temperament item set (IPIP-based scales and the EPQ-R)",NA,NA,"Am an irritable person.",NA,"Slightly Inaccurate",3
"sapa_personality","sapa_personality_1","q_4235","SAPA-Project 696-item temperament item set (IPIP-based scales and the EPQ-R)",NA,NA,"Am an irritable person.",NA,"Slightly Accurate",4
"sapa_personality","sapa_personality_1","q_4235","SAPA-Project 696-item temperament item set (IPIP-based scales and the EPQ-R)",NA,NA,"Am an irritable person.",NA,"Moderately Accurate",5
"sapa_personality","sapa_personality_1","q_4235","SAPA-Project 696-item temperament item set (IPIP-based scales and the EPQ-R)",NA,NA,"Am an irritable person.",NA,"Very Accurate",6
"sapa_personality","sapa_personality_1","q_4236","SAPA-Project 696-item temperament item set (IPIP-based scales and the EPQ-R)",NA,NA,"People should always respect the law.",NA,"Very Inaccurate",1
"sapa_personality","sapa_personality_1","q_4236","SAPA-Project 696-item temperament item set (IPIP-based scales and the EPQ-R)",NA,NA,"People should always respect the law.",NA,"Moderately Inaccurate",2
"sapa_personality","sapa_personality_1","q_4236","SAPA-Project 696-item temperament item set (IPIP-based scales and the EPQ-R)",NA,NA,"People should always respect the law.",NA,"Slightly Inaccurate",3
"sapa_personality","sapa_personality_1","q_4236","SAPA-Project 696-item temperament item set (IPIP-based scales and the EPQ-R)",NA,NA,"People should always respect the law.",NA,"Slightly Accurate",4
"sapa_personality","sapa_personality_1","q_4236","SAPA-Project 696-item temperament item set (IPIP-based scales and the EPQ-R)",NA,NA,"People should always respect the law.",NA,"Moderately Accurate",5
"sapa_personality","sapa_personality_1","q_4236","SAPA-Project 696-item temperament item set (IPIP-based scales and the EPQ-R)",NA,NA,"People should always respect the law.",NA,"Very Accurate",6
"sapa_personality","sapa_personality_1","q_4237","SAPA-Project 696-item temperament item set (IPIP-based scales and the EPQ-R)",NA,NA,"Enjoy meeting new people.",NA,"Very Inaccurate",1
"sapa_personality","sapa_personality_1","q_4237","SAPA-Project 696-item temperament item set (IPIP-based scales and the EPQ-R)",NA,NA,"Enjoy meeting new people.",NA,"Moderately Inaccurate",2
"sapa_personality","sapa_personality_1","q_4237","SAPA-Project 696-item temperament item set (IPIP-based scales and the EPQ-R)",NA,NA,"Enjoy meeting new people.",NA,"Slightly Inaccurate",3
"sapa_personality","sapa_personality_1","q_4237","SAPA-Project 696-item temperament item set (IPIP-based scales and the EPQ-R)",NA,NA,"Enjoy meeting new people.",NA,"Slightly Accurate",4
"sapa_personality","sapa_personality_1","q_4237","SAPA-Project 696-item temperament item set (IPIP-based scales and the EPQ-R)",NA,NA,"Enjoy meeting new people.",NA,"Moderately Accurate",5
"sapa_personality","sapa_personality_1","q_4237","SAPA-Project 696-item temperament item set (IPIP-based scales and the EPQ-R)",NA,NA,"Enjoy meeting new people.",NA,"Very Accurate",6
"sapa_personality","sapa_personality_1","q_4238","SAPA-Project 696-item temperament item set (IPIP-based scales and the EPQ-R)",NA,NA,"Good manners are very important.",NA,"Very Inaccurate",1
"sapa_personality","sapa_personality_1","q_4238","SAPA-Project 696-item temperament item set (IPIP-based scales and the EPQ-R)",NA,NA,"Good manners are very important.",NA,"Moderately Inaccurate",2
"sapa_personality","sapa_personality_1","q_4238","SAPA-Project 696-item temperament item set (IPIP-based scales and the EPQ-R)",NA,NA,"Good manners are very important.",NA,"Slightly Inaccurate",3
"sapa_personality","sapa_personality_1","q_4238","SAPA-Project 696-item temperament item set (IPIP-based scales and the EPQ-R)",NA,NA,"Good manners are very important.",NA,"Slightly Accurate",4
"sapa_personality","sapa_personality_1","q_4238","SAPA-Project 696-item temperament item set (IPIP-based scales and the EPQ-R)",NA,NA,"Good manners are very important.",NA,"Moderately Accurate",5
"sapa_personality","sapa_personality_1","q_4238","SAPA-Project 696-item temperament item set (IPIP-based scales and the EPQ-R)",NA,NA,"Good manners are very important.",NA,"Very Accurate",6
"sapa_personality","sapa_personality_1","q_4239","SAPA-Project 696-item temperament item set (IPIP-based scales and the EPQ-R)",NA,NA,"My feelings are easily hurt.",NA,"Very Inaccurate",1
"sapa_personality","sapa_personality_1","q_4239","SAPA-Project 696-item temperament item set (IPIP-based scales and the EPQ-R)",NA,NA,"My feelings are easily hurt.",NA,"Moderately Inaccurate",2
"sapa_personality","sapa_personality_1","q_4239","SAPA-Project 696-item temperament item set (IPIP-based scales and the EPQ-R)",NA,NA,"My feelings are easily hurt.",NA,"Slightly Inaccurate",3
"sapa_personality","sapa_personality_1","q_4239","SAPA-Project 696-item temperament item set (IPIP-based scales and the EPQ-R)",NA,NA,"My feelings are easily hurt.",NA,"Slightly Accurate",4
"sapa_personality","sapa_personality_1","q_4239","SAPA-Project 696-item temperament item set (IPIP-based scales and the EPQ-R)",NA,NA,"My feelings are easily hurt.",NA,"Moderately Accurate",5
"sapa_personality","sapa_personality_1","q_4239","SAPA-Project 696-item temperament item set (IPIP-based scales and the EPQ-R)",NA,NA,"My feelings are easily hurt.",NA,"Very Accurate",6
"sapa_personality","sapa_personality_1","q_4240","SAPA-Project 696-item temperament item set (IPIP-based scales and the EPQ-R)",NA,NA,"Tend to keep in the background on social occasions.",NA,"Very Inaccurate",1
"sapa_personality","sapa_personality_1","q_4240","SAPA-Project 696-item temperament item set (IPIP-based scales and the EPQ-R)",NA,NA,"Tend to keep in the background on social occasions.",NA,"Moderately Inaccurate",2
"sapa_personality","sapa_personality_1","q_4240","SAPA-Project 696-item temperament item set (IPIP-based scales and the EPQ-R)",NA,NA,"Tend to keep in the background on social occasions.",NA,"Slightly Inaccurate",3
"sapa_personality","sapa_personality_1","q_4240","SAPA-Project 696-item temperament item set (IPIP-based scales and the EPQ-R)",NA,NA,"Tend to keep in the background on social occasions.",NA,"Slightly Accurate",4
"sapa_personality","sapa_personality_1","q_4240","SAPA-Project 696-item temperament item set (IPIP-based scales and the EPQ-R)",NA,NA,"Tend to keep in the background on social occasions.",NA,"Moderately Accurate",5
"sapa_personality","sapa_personality_1","q_4240","SAPA-Project 696-item temperament item set (IPIP-based scales and the EPQ-R)",NA,NA,"Tend to keep in the background on social occasions.",NA,"Very Accurate",6
"sapa_personality","sapa_personality_1","q_4241","SAPA-Project 696-item temperament item set (IPIP-based scales and the EPQ-R)",NA,NA,"Would take drugs which may have strange or dangerous effects.",NA,"Very Inaccurate",1
"sapa_personality","sapa_personality_1","q_4241","SAPA-Project 696-item temperament item set (IPIP-based scales and the EPQ-R)",NA,NA,"Would take drugs which may have strange or dangerous effects.",NA,"Moderately Inaccurate",2
"sapa_personality","sapa_personality_1","q_4241","SAPA-Project 696-item temperament item set (IPIP-based scales and the EPQ-R)",NA,NA,"Would take drugs which may have strange or dangerous effects.",NA,"Slightly Inaccurate",3
"sapa_personality","sapa_personality_1","q_4241","SAPA-Project 696-item temperament item set (IPIP-based scales and the EPQ-R)",NA,NA,"Would take drugs which may have strange or dangerous effects.",NA,"Slightly Accurate",4
"sapa_personality","sapa_personality_1","q_4241","SAPA-Project 696-item temperament item set (IPIP-based scales and the EPQ-R)",NA,NA,"Would take drugs which may have strange or dangerous effects.",NA,"Moderately Accurate",5
"sapa_personality","sapa_personality_1","q_4241","SAPA-Project 696-item temperament item set (IPIP-based scales and the EPQ-R)",NA,NA,"Would take drugs which may have strange or dangerous effects.",NA,"Very Accurate",6
"sapa_personality","sapa_personality_1","q_4242","SAPA-Project 696-item temperament item set (IPIP-based scales and the EPQ-R)",NA,NA,"Often feel ""fed-up.""",NA,"Very Inaccurate",1
"sapa_personality","sapa_personality_1","q_4242","SAPA-Project 696-item temperament item set (IPIP-based scales and the EPQ-R)",NA,NA,"Often feel ""fed-up.""",NA,"Moderately Inaccurate",2
"sapa_personality","sapa_personality_1","q_4242","SAPA-Project 696-item temperament item set (IPIP-based scales and the EPQ-R)",NA,NA,"Often feel ""fed-up.""",NA,"Slightly Inaccurate",3
"sapa_personality","sapa_personality_1","q_4242","SAPA-Project 696-item temperament item set (IPIP-based scales and the EPQ-R)",NA,NA,"Often feel ""fed-up.""",NA,"Slightly Accurate",4
"sapa_personality","sapa_personality_1","q_4242","SAPA-Project 696-item temperament item set (IPIP-based scales and the EPQ-R)",NA,NA,"Often feel ""fed-up.""",NA,"Moderately Accurate",5
"sapa_personality","sapa_personality_1","q_4242","SAPA-Project 696-item temperament item set (IPIP-based scales and the EPQ-R)",NA,NA,"Often feel ""fed-up.""",NA,"Very Accurate",6
"sapa_personality","sapa_personality_1","q_4243","SAPA-Project 696-item temperament item set (IPIP-based scales and the EPQ-R)",NA,NA,"Like going out a lot.",NA,"Very Inaccurate",1
"sapa_personality","sapa_personality_1","q_4243","SAPA-Project 696-item temperament item set (IPIP-based scales and the EPQ-R)",NA,NA,"Like going out a lot.",NA,"Moderately Inaccurate",2
"sapa_personality","sapa_personality_1","q_4243","SAPA-Project 696-item temperament item set (IPIP-based scales and the EPQ-R)",NA,NA,"Like going out a lot.",NA,"Slightly Inaccurate",3
"sapa_personality","sapa_personality_1","q_4243","SAPA-Project 696-item temperament item set (IPIP-based scales and the EPQ-R)",NA,NA,"Like going out a lot.",NA,"Slightly Accurate",4
"sapa_personality","sapa_personality_1","q_4243","SAPA-Project 696-item temperament item set (IPIP-based scales and the EPQ-R)",NA,NA,"Like going out a lot.",NA,"Moderately Accurate",5
"sapa_personality","sapa_personality_1","q_4243","SAPA-Project 696-item temperament item set (IPIP-based scales and the EPQ-R)",NA,NA,"Like going out a lot.",NA,"Very Accurate",6
"sapa_personality","sapa_personality_1","q_4244","SAPA-Project 696-item temperament item set (IPIP-based scales and the EPQ-R)",NA,NA,"Prefer to go my own way rather than act by the rules.",NA,"Very Inaccurate",1
"sapa_personality","sapa_personality_1","q_4244","SAPA-Project 696-item temperament item set (IPIP-based scales and the EPQ-R)",NA,NA,"Prefer to go my own way rather than act by the rules.",NA,"Moderately Inaccurate",2
"sapa_personality","sapa_personality_1","q_4244","SAPA-Project 696-item temperament item set (IPIP-based scales and the EPQ-R)",NA,NA,"Prefer to go my own way rather than act by the rules.",NA,"Slightly Inaccurate",3
"sapa_personality","sapa_personality_1","q_4244","SAPA-Project 696-item temperament item set (IPIP-based scales and the EPQ-R)",NA,NA,"Prefer to go my own way rather than act by the rules.",NA,"Slightly Accurate",4
"sapa_personality","sapa_personality_1","q_4244","SAPA-Project 696-item temperament item set (IPIP-based scales and the EPQ-R)",NA,NA,"Prefer to go my own way rather than act by the rules.",NA,"Moderately Accurate",5
"sapa_personality","sapa_personality_1","q_4244","SAPA-Project 696-item temperament item set (IPIP-based scales and the EPQ-R)",NA,NA,"Prefer to go my own way rather than act by the rules.",NA,"Very Accurate",6
"sapa_personality","sapa_personality_1","q_4245","SAPA-Project 696-item temperament item set (IPIP-based scales and the EPQ-R)",NA,NA,"Enjoy hurting people I love.",NA,"Very Inaccurate",1
"sapa_personality","sapa_personality_1","q_4245","SAPA-Project 696-item temperament item set (IPIP-based scales and the EPQ-R)",NA,NA,"Enjoy hurting people I love.",NA,"Moderately Inaccurate",2
"sapa_personality","sapa_personality_1","q_4245","SAPA-Project 696-item temperament item set (IPIP-based scales and the EPQ-R)",NA,NA,"Enjoy hurting people I love.",NA,"Slightly Inaccurate",3
"sapa_personality","sapa_personality_1","q_4245","SAPA-Project 696-item temperament item set (IPIP-based scales and the EPQ-R)",NA,NA,"Enjoy hurting people I love.",NA,"Slightly Accurate",4
"sapa_personality","sapa_personality_1","q_4245","SAPA-Project 696-item temperament item set (IPIP-based scales and the EPQ-R)",NA,NA,"Enjoy hurting people I love.",NA,"Moderately Accurate",5
"sapa_personality","sapa_personality_1","q_4245","SAPA-Project 696-item temperament item set (IPIP-based scales and the EPQ-R)",NA,NA,"Enjoy hurting people I love.",NA,"Very Accurate",6
"sapa_personality","sapa_personality_1","q_4246","SAPA-Project 696-item temperament item set (IPIP-based scales and the EPQ-R)",NA,NA,"Am often troubled by feelings of guilt.",NA,"Very Inaccurate",1
"sapa_personality","sapa_personality_1","q_4246","SAPA-Project 696-item temperament item set (IPIP-based scales and the EPQ-R)",NA,NA,"Am often troubled by feelings of guilt.",NA,"Moderately Inaccurate",2
"sapa_personality","sapa_personality_1","q_4246","SAPA-Project 696-item temperament item set (IPIP-based scales and the EPQ-R)",NA,NA,"Am often troubled by feelings of guilt.",NA,"Slightly Inaccurate",3
"sapa_personality","sapa_personality_1","q_4246","SAPA-Project 696-item temperament item set (IPIP-based scales and the EPQ-R)",NA,NA,"Am often troubled by feelings of guilt.",NA,"Slightly Accurate",4
"sapa_personality","sapa_personality_1","q_4246","SAPA-Project 696-item temperament item set (IPIP-based scales and the EPQ-R)",NA,NA,"Am often troubled by feelings of guilt.",NA,"Moderately Accurate",5
"sapa_personality","sapa_personality_1","q_4246","SAPA-Project 696-item temperament item set (IPIP-based scales and the EPQ-R)",NA,NA,"Am often troubled by feelings of guilt.",NA,"Very Accurate",6
"sapa_personality","sapa_personality_1","q_4247","SAPA-Project 696-item temperament item set (IPIP-based scales and the EPQ-R)",NA,NA,"Prefer reading to meeting people.",NA,"Very Inaccurate",1
"sapa_personality","sapa_personality_1","q_4247","SAPA-Project 696-item temperament item set (IPIP-based scales and the EPQ-R)",NA,NA,"Prefer reading to meeting people.",NA,"Moderately Inaccurate",2
"sapa_personality","sapa_personality_1","q_4247","SAPA-Project 696-item temperament item set (IPIP-based scales and the EPQ-R)",NA,NA,"Prefer reading to meeting people.",NA,"Slightly Inaccurate",3
"sapa_personality","sapa_personality_1","q_4247","SAPA-Project 696-item temperament item set (IPIP-based scales and the EPQ-R)",NA,NA,"Prefer reading to meeting people.",NA,"Slightly Accurate",4
"sapa_personality","sapa_personality_1","q_4247","SAPA-Project 696-item temperament item set (IPIP-based scales and the EPQ-R)",NA,NA,"Prefer reading to meeting people.",NA,"Moderately Accurate",5
"sapa_personality","sapa_personality_1","q_4247","SAPA-Project 696-item temperament item set (IPIP-based scales and the EPQ-R)",NA,NA,"Prefer reading to meeting people.",NA,"Very Accurate",6
"sapa_personality","sapa_personality_1","q_4248","SAPA-Project 696-item temperament item set (IPIP-based scales and the EPQ-R)",NA,NA,"Have enemies who want to harm me.",NA,"Very Inaccurate",1
"sapa_personality","sapa_personality_1","q_4248","SAPA-Project 696-item temperament item set (IPIP-based scales and the EPQ-R)",NA,NA,"Have enemies who want to harm me.",NA,"Moderately Inaccurate",2
"sapa_personality","sapa_personality_1","q_4248","SAPA-Project 696-item temperament item set (IPIP-based scales and the EPQ-R)",NA,NA,"Have enemies who want to harm me.",NA,"Slightly Inaccurate",3
"sapa_personality","sapa_personality_1","q_4248","SAPA-Project 696-item temperament item set (IPIP-based scales and the EPQ-R)",NA,NA,"Have enemies who want to harm me.",NA,"Slightly Accurate",4
"sapa_personality","sapa_personality_1","q_4248","SAPA-Project 696-item temperament item set (IPIP-based scales and the EPQ-R)",NA,NA,"Have enemies who want to harm me.",NA,"Moderately Accurate",5
"sapa_personality","sapa_personality_1","q_4248","SAPA-Project 696-item temperament item set (IPIP-based scales and the EPQ-R)",NA,NA,"Have enemies who want to harm me.",NA,"Very Accurate",6
"sapa_personality","sapa_personality_1","q_4249","SAPA-Project 696-item temperament item set (IPIP-based scales and the EPQ-R)",NA,NA,"Would call myself a nervous person.",NA,"Very Inaccurate",1
"sapa_personality","sapa_personality_1","q_4249","SAPA-Project 696-item temperament item set (IPIP-based scales and the EPQ-R)",NA,NA,"Would call myself a nervous person.",NA,"Moderately Inaccurate",2
"sapa_personality","sapa_personality_1","q_4249","SAPA-Project 696-item temperament item set (IPIP-based scales and the EPQ-R)",NA,NA,"Would call myself a nervous person.",NA,"Slightly Inaccurate",3
"sapa_personality","sapa_personality_1","q_4249","SAPA-Project 696-item temperament item set (IPIP-based scales and the EPQ-R)",NA,NA,"Would call myself a nervous person.",NA,"Slightly Accurate",4
"sapa_personality","sapa_personality_1","q_4249","SAPA-Project 696-item temperament item set (IPIP-based scales and the EPQ-R)",NA,NA,"Would call myself a nervous person.",NA,"Moderately Accurate",5
"sapa_personality","sapa_personality_1","q_4249","SAPA-Project 696-item temperament item set (IPIP-based scales and the EPQ-R)",NA,NA,"Would call myself a nervous person.",NA,"Very Accurate",6
"sapa_personality","sapa_personality_1","q_4250","SAPA-Project 696-item temperament item set (IPIP-based scales and the EPQ-R)",NA,NA,"Have many friends.",NA,"Very Inaccurate",1
"sapa_personality","sapa_personality_1","q_4250","SAPA-Project 696-item temperament item set (IPIP-based scales and the EPQ-R)",NA,NA,"Have many friends.",NA,"Moderately Inaccurate",2
"sapa_personality","sapa_personality_1","q_4250","SAPA-Project 696-item temperament item set (IPIP-based scales and the EPQ-R)",NA,NA,"Have many friends.",NA,"Slightly Inaccurate",3
"sapa_personality","sapa_personality_1","q_4250","SAPA-Project 696-item temperament item set (IPIP-based scales and the EPQ-R)",NA,NA,"Have many friends.",NA,"Slightly Accurate",4
"sapa_personality","sapa_personality_1","q_4250","SAPA-Project 696-item temperament item set (IPIP-based scales and the EPQ-R)",NA,NA,"Have many friends.",NA,"Moderately Accurate",5
"sapa_personality","sapa_personality_1","q_4250","SAPA-Project 696-item temperament item set (IPIP-based scales and the EPQ-R)",NA,NA,"Have many friends.",NA,"Very Accurate",6
"sapa_personality","sapa_personality_1","q_4251","SAPA-Project 696-item temperament item set (IPIP-based scales and the EPQ-R)",NA,NA,"Enjoy practical jokes that can sometimes really hurt people.",NA,"Very Inaccurate",1
"sapa_personality","sapa_personality_1","q_4251","SAPA-Project 696-item temperament item set (IPIP-based scales and the EPQ-R)",NA,NA,"Enjoy practical jokes that can sometimes really hurt people.",NA,"Moderately Inaccurate",2
"sapa_personality","sapa_personality_1","q_4251","SAPA-Project 696-item temperament item set (IPIP-based scales and the EPQ-R)",NA,NA,"Enjoy practical jokes that can sometimes really hurt people.",NA,"Slightly Inaccurate",3
"sapa_personality","sapa_personality_1","q_4251","SAPA-Project 696-item temperament item set (IPIP-based scales and the EPQ-R)",NA,NA,"Enjoy practical jokes that can sometimes really hurt people.",NA,"Slightly Accurate",4
"sapa_personality","sapa_personality_1","q_4251","SAPA-Project 696-item temperament item set (IPIP-based scales and the EPQ-R)",NA,NA,"Enjoy practical jokes that can sometimes really hurt people.",NA,"Moderately Accurate",5
"sapa_personality","sapa_personality_1","q_4251","SAPA-Project 696-item temperament item set (IPIP-based scales and the EPQ-R)",NA,NA,"Enjoy practical jokes that can sometimes really hurt people.",NA,"Very Accurate",6
"sapa_personality","sapa_personality_1","q_4252","SAPA-Project 696-item temperament item set (IPIP-based scales and the EPQ-R)",NA,NA,"Am a worrier.",NA,"Very Inaccurate",1
"sapa_personality","sapa_personality_1","q_4252","SAPA-Project 696-item temperament item set (IPIP-based scales and the EPQ-R)",NA,NA,"Am a worrier.",NA,"Moderately Inaccurate",2
"sapa_personality","sapa_personality_1","q_4252","SAPA-Project 696-item temperament item set (IPIP-based scales and the EPQ-R)",NA,NA,"Am a worrier.",NA,"Slightly Inaccurate",3
"sapa_personality","sapa_personality_1","q_4252","SAPA-Project 696-item temperament item set (IPIP-based scales and the EPQ-R)",NA,NA,"Am a worrier.",NA,"Slightly Accurate",4
"sapa_personality","sapa_personality_1","q_4252","SAPA-Project 696-item temperament item set (IPIP-based scales and the EPQ-R)",NA,NA,"Am a worrier.",NA,"Moderately Accurate",5
"sapa_personality","sapa_personality_1","q_4252","SAPA-Project 696-item temperament item set (IPIP-based scales and the EPQ-R)",NA,NA,"Am a worrier.",NA,"Very Accurate",6
"sapa_personality","sapa_personality_1","q_4253","SAPA-Project 696-item temperament item set (IPIP-based scales and the EPQ-R)",NA,NA,"Would call myself happy-go-lucky.",NA,"Very Inaccurate",1
"sapa_personality","sapa_personality_1","q_4253","SAPA-Project 696-item temperament item set (IPIP-based scales and the EPQ-R)",NA,NA,"Would call myself happy-go-lucky.",NA,"Moderately Inaccurate",2
"sapa_personality","sapa_personality_1","q_4253","SAPA-Project 696-item temperament item set (IPIP-based scales and the EPQ-R)",NA,NA,"Would call myself happy-go-lucky.",NA,"Slightly Inaccurate",3
"sapa_personality","sapa_personality_1","q_4253","SAPA-Project 696-item temperament item set (IPIP-based scales and the EPQ-R)",NA,NA,"Would call myself happy-go-lucky.",NA,"Slightly Accurate",4
"sapa_personality","sapa_personality_1","q_4253","SAPA-Project 696-item temperament item set (IPIP-based scales and the EPQ-R)",NA,NA,"Would call myself happy-go-lucky.",NA,"Moderately Accurate",5
"sapa_personality","sapa_personality_1","q_4253","SAPA-Project 696-item temperament item set (IPIP-based scales and the EPQ-R)",NA,NA,"Would call myself happy-go-lucky.",NA,"Very Accurate",6
"sapa_personality","sapa_personality_1","q_4254","SAPA-Project 696-item temperament item set (IPIP-based scales and the EPQ-R)",NA,NA,"Good manners and cleanliness matter to me.",NA,"Very Inaccurate",1
"sapa_personality","sapa_personality_1","q_4254","SAPA-Project 696-item temperament item set (IPIP-based scales and the EPQ-R)",NA,NA,"Good manners and cleanliness matter to me.",NA,"Moderately Inaccurate",2
"sapa_personality","sapa_personality_1","q_4254","SAPA-Project 696-item temperament item set (IPIP-based scales and the EPQ-R)",NA,NA,"Good manners and cleanliness matter to me.",NA,"Slightly Inaccurate",3
"sapa_personality","sapa_personality_1","q_4254","SAPA-Project 696-item temperament item set (IPIP-based scales and the EPQ-R)",NA,NA,"Good manners and cleanliness matter to me.",NA,"Slightly Accurate",4
"sapa_personality","sapa_personality_1","q_4254","SAPA-Project 696-item temperament item set (IPIP-based scales and the EPQ-R)",NA,NA,"Good manners and cleanliness matter to me.",NA,"Moderately Accurate",5
"sapa_personality","sapa_personality_1","q_4254","SAPA-Project 696-item temperament item set (IPIP-based scales and the EPQ-R)",NA,NA,"Good manners and cleanliness matter to me.",NA,"Very Accurate",6
"sapa_personality","sapa_personality_1","q_4255","SAPA-Project 696-item temperament item set (IPIP-based scales and the EPQ-R)",NA,NA,"Have often gone against my parents' wishes.",NA,"Very Inaccurate",1
"sapa_personality","sapa_personality_1","q_4255","SAPA-Project 696-item temperament item set (IPIP-based scales and the EPQ-R)",NA,NA,"Have often gone against my parents' wishes.",NA,"Moderately Inaccurate",2
"sapa_personality","sapa_personality_1","q_4255","SAPA-Project 696-item temperament item set (IPIP-based scales and the EPQ-R)",NA,NA,"Have often gone against my parents' wishes.",NA,"Slightly Inaccurate",3
"sapa_personality","sapa_personality_1","q_4255","SAPA-Project 696-item temperament item set (IPIP-based scales and the EPQ-R)",NA,NA,"Have often gone against my parents' wishes.",NA,"Slightly Accurate",4
"sapa_personality","sapa_personality_1","q_4255","SAPA-Project 696-item temperament item set (IPIP-based scales and the EPQ-R)",NA,NA,"Have often gone against my parents' wishes.",NA,"Moderately Accurate",5
"sapa_personality","sapa_personality_1","q_4255","SAPA-Project 696-item temperament item set (IPIP-based scales and the EPQ-R)",NA,NA,"Have often gone against my parents' wishes.",NA,"Very Accurate",6
"sapa_personality","sapa_personality_1","q_4256","SAPA-Project 696-item temperament item set (IPIP-based scales and the EPQ-R)",NA,NA,"Worry about awful things that might happen.",NA,"Very Inaccurate",1
"sapa_personality","sapa_personality_1","q_4256","SAPA-Project 696-item temperament item set (IPIP-based scales and the EPQ-R)",NA,NA,"Worry about awful things that might happen.",NA,"Moderately Inaccurate",2
"sapa_personality","sapa_personality_1","q_4256","SAPA-Project 696-item temperament item set (IPIP-based scales and the EPQ-R)",NA,NA,"Worry about awful things that might happen.",NA,"Slightly Inaccurate",3
"sapa_personality","sapa_personality_1","q_4256","SAPA-Project 696-item temperament item set (IPIP-based scales and the EPQ-R)",NA,NA,"Worry about awful things that might happen.",NA,"Slightly Accurate",4
"sapa_personality","sapa_personality_1","q_4256","SAPA-Project 696-item temperament item set (IPIP-based scales and the EPQ-R)",NA,NA,"Worry about awful things that might happen.",NA,"Moderately Accurate",5
"sapa_personality","sapa_personality_1","q_4256","SAPA-Project 696-item temperament item set (IPIP-based scales and the EPQ-R)",NA,NA,"Worry about awful things that might happen.",NA,"Very Accurate",6
"sapa_personality","sapa_personality_1","q_4257","SAPA-Project 696-item temperament item set (IPIP-based scales and the EPQ-R)",NA,NA,"Usually take the initiative in making new friends.",NA,"Very Inaccurate",1
"sapa_personality","sapa_personality_1","q_4257","SAPA-Project 696-item temperament item set (IPIP-based scales and the EPQ-R)",NA,NA,"Usually take the initiative in making new friends.",NA,"Moderately Inaccurate",2
"sapa_personality","sapa_personality_1","q_4257","SAPA-Project 696-item temperament item set (IPIP-based scales and the EPQ-R)",NA,NA,"Usually take the initiative in making new friends.",NA,"Slightly Inaccurate",3
"sapa_personality","sapa_personality_1","q_4257","SAPA-Project 696-item temperament item set (IPIP-based scales and the EPQ-R)",NA,NA,"Usually take the initiative in making new friends.",NA,"Slightly Accurate",4
"sapa_personality","sapa_personality_1","q_4257","SAPA-Project 696-item temperament item set (IPIP-based scales and the EPQ-R)",NA,NA,"Usually take the initiative in making new friends.",NA,"Moderately Accurate",5
"sapa_personality","sapa_personality_1","q_4257","SAPA-Project 696-item temperament item set (IPIP-based scales and the EPQ-R)",NA,NA,"Usually take the initiative in making new friends.",NA,"Very Accurate",6
"sapa_personality","sapa_personality_1","q_4258","SAPA-Project 696-item temperament item set (IPIP-based scales and the EPQ-R)",NA,NA,"Would call myself tense or ""highly-strung.""",NA,"Very Inaccurate",1
"sapa_personality","sapa_personality_1","q_4258","SAPA-Project 696-item temperament item set (IPIP-based scales and the EPQ-R)",NA,NA,"Would call myself tense or ""highly-strung.""",NA,"Moderately Inaccurate",2
"sapa_personality","sapa_personality_1","q_4258","SAPA-Project 696-item temperament item set (IPIP-based scales and the EPQ-R)",NA,NA,"Would call myself tense or ""highly-strung.""",NA,"Slightly Inaccurate",3
"sapa_personality","sapa_personality_1","q_4258","SAPA-Project 696-item temperament item set (IPIP-based scales and the EPQ-R)",NA,NA,"Would call myself tense or ""highly-strung.""",NA,"Slightly Accurate",4
"sapa_personality","sapa_personality_1","q_4258","SAPA-Project 696-item temperament item set (IPIP-based scales and the EPQ-R)",NA,NA,"Would call myself tense or ""highly-strung.""",NA,"Moderately Accurate",5
"sapa_personality","sapa_personality_1","q_4258","SAPA-Project 696-item temperament item set (IPIP-based scales and the EPQ-R)",NA,NA,"Would call myself tense or ""highly-strung.""",NA,"Very Accurate",6
"sapa_personality","sapa_personality_1","q_4259","SAPA-Project 696-item temperament item set (IPIP-based scales and the EPQ-R)",NA,NA,"Am mostly quiet when with other people.",NA,"Very Inaccurate",1
"sapa_personality","sapa_personality_1","q_4259","SAPA-Project 696-item temperament item set (IPIP-based scales and the EPQ-R)",NA,NA,"Am mostly quiet when with other people.",NA,"Moderately Inaccurate",2
"sapa_personality","sapa_personality_1","q_4259","SAPA-Project 696-item temperament item set (IPIP-based scales and the EPQ-R)",NA,NA,"Am mostly quiet when with other people.",NA,"Slightly Inaccurate",3
"sapa_personality","sapa_personality_1","q_4259","SAPA-Project 696-item temperament item set (IPIP-based scales and the EPQ-R)",NA,NA,"Am mostly quiet when with other people.",NA,"Slightly Accurate",4
"sapa_personality","sapa_personality_1","q_4259","SAPA-Project 696-item temperament item set (IPIP-based scales and the EPQ-R)",NA,NA,"Am mostly quiet when with other people.",NA,"Moderately Accurate",5
"sapa_personality","sapa_personality_1","q_4259","SAPA-Project 696-item temperament item set (IPIP-based scales and the EPQ-R)",NA,NA,"Am mostly quiet when with other people.",NA,"Very Accurate",6
"sapa_personality","sapa_personality_1","q_4260","SAPA-Project 696-item temperament item set (IPIP-based scales and the EPQ-R)",NA,NA,"Think marriage is old-fashioned and should be done away with.",NA,"Very Inaccurate",1
"sapa_personality","sapa_personality_1","q_4260","SAPA-Project 696-item temperament item set (IPIP-based scales and the EPQ-R)",NA,NA,"Think marriage is old-fashioned and should be done away with.",NA,"Moderately Inaccurate",2
"sapa_personality","sapa_personality_1","q_4260","SAPA-Project 696-item temperament item set (IPIP-based scales and the EPQ-R)",NA,NA,"Think marriage is old-fashioned and should be done away with.",NA,"Slightly Inaccurate",3
"sapa_personality","sapa_personality_1","q_4260","SAPA-Project 696-item temperament item set (IPIP-based scales and the EPQ-R)",NA,NA,"Think marriage is old-fashioned and should be done away with.",NA,"Slightly Accurate",4
"sapa_personality","sapa_personality_1","q_4260","SAPA-Project 696-item temperament item set (IPIP-based scales and the EPQ-R)",NA,NA,"Think marriage is old-fashioned and should be done away with.",NA,"Moderately Accurate",5
"sapa_personality","sapa_personality_1","q_4260","SAPA-Project 696-item temperament item set (IPIP-based scales and the EPQ-R)",NA,NA,"Think marriage is old-fashioned and should be done away with.",NA,"Very Accurate",6
"sapa_personality","sapa_personality_1","q_4261","SAPA-Project 696-item temperament item set (IPIP-based scales and the EPQ-R)",NA,NA,"Am more easy-going about right and wrong than most people.",NA,"Very Inaccurate",1
"sapa_personality","sapa_personality_1","q_4261","SAPA-Project 696-item temperament item set (IPIP-based scales and the EPQ-R)",NA,NA,"Am more easy-going about right and wrong than most people.",NA,"Moderately Inaccurate",2
"sapa_personality","sapa_personality_1","q_4261","SAPA-Project 696-item temperament item set (IPIP-based scales and the EPQ-R)",NA,NA,"Am more easy-going about right and wrong than most people.",NA,"Slightly Inaccurate",3
"sapa_personality","sapa_personality_1","q_4261","SAPA-Project 696-item temperament item set (IPIP-based scales and the EPQ-R)",NA,NA,"Am more easy-going about right and wrong than most people.",NA,"Slightly Accurate",4
"sapa_personality","sapa_personality_1","q_4261","SAPA-Project 696-item temperament item set (IPIP-based scales and the EPQ-R)",NA,NA,"Am more easy-going about right and wrong than most people.",NA,"Moderately Accurate",5
"sapa_personality","sapa_personality_1","q_4261","SAPA-Project 696-item temperament item set (IPIP-based scales and the EPQ-R)",NA,NA,"Am more easy-going about right and wrong than most people.",NA,"Very Accurate",6
"sapa_personality","sapa_personality_1","q_4262","SAPA-Project 696-item temperament item set (IPIP-based scales and the EPQ-R)",NA,NA,"Can easily get some life into a dull party.",NA,"Very Inaccurate",1
"sapa_personality","sapa_personality_1","q_4262","SAPA-Project 696-item temperament item set (IPIP-based scales and the EPQ-R)",NA,NA,"Can easily get some life into a dull party.",NA,"Moderately Inaccurate",2
"sapa_personality","sapa_personality_1","q_4262","SAPA-Project 696-item temperament item set (IPIP-based scales and the EPQ-R)",NA,NA,"Can easily get some life into a dull party.",NA,"Slightly Inaccurate",3
"sapa_personality","sapa_personality_1","q_4262","SAPA-Project 696-item temperament item set (IPIP-based scales and the EPQ-R)",NA,NA,"Can easily get some life into a dull party.",NA,"Slightly Accurate",4
"sapa_personality","sapa_personality_1","q_4262","SAPA-Project 696-item temperament item set (IPIP-based scales and the EPQ-R)",NA,NA,"Can easily get some life into a dull party.",NA,"Moderately Accurate",5
"sapa_personality","sapa_personality_1","q_4262","SAPA-Project 696-item temperament item set (IPIP-based scales and the EPQ-R)",NA,NA,"Can easily get some life into a dull party.",NA,"Very Accurate",6
"sapa_personality","sapa_personality_1","q_4263","SAPA-Project 696-item temperament item set (IPIP-based scales and the EPQ-R)",NA,NA,"Worry about my health.",NA,"Very Inaccurate",1
"sapa_personality","sapa_personality_1","q_4263","SAPA-Project 696-item temperament item set (IPIP-based scales and the EPQ-R)",NA,NA,"Worry about my health.",NA,"Moderately Inaccurate",2
"sapa_personality","sapa_personality_1","q_4263","SAPA-Project 696-item temperament item set (IPIP-based scales and the EPQ-R)",NA,NA,"Worry about my health.",NA,"Slightly Inaccurate",3
"sapa_personality","sapa_personality_1","q_4263","SAPA-Project 696-item temperament item set (IPIP-based scales and the EPQ-R)",NA,NA,"Worry about my health.",NA,"Slightly Accurate",4
"sapa_personality","sapa_personality_1","q_4263","SAPA-Project 696-item temperament item set (IPIP-based scales and the EPQ-R)",NA,NA,"Worry about my health.",NA,"Moderately Accurate",5
"sapa_personality","sapa_personality_1","q_4263","SAPA-Project 696-item temperament item set (IPIP-based scales and the EPQ-R)",NA,NA,"Worry about my health.",NA,"Very Accurate",6
"sapa_personality","sapa_personality_1","q_4264","SAPA-Project 696-item temperament item set (IPIP-based scales and the EPQ-R)",NA,NA,"Enjoy cooperating with others.",NA,"Very Inaccurate",1
"sapa_personality","sapa_personality_1","q_4264","SAPA-Project 696-item temperament item set (IPIP-based scales and the EPQ-R)",NA,NA,"Enjoy cooperating with others.",NA,"Moderately Inaccurate",2
"sapa_personality","sapa_personality_1","q_4264","SAPA-Project 696-item temperament item set (IPIP-based scales and the EPQ-R)",NA,NA,"Enjoy cooperating with others.",NA,"Slightly Inaccurate",3
"sapa_personality","sapa_personality_1","q_4264","SAPA-Project 696-item temperament item set (IPIP-based scales and the EPQ-R)",NA,NA,"Enjoy cooperating with others.",NA,"Slightly Accurate",4
"sapa_personality","sapa_personality_1","q_4264","SAPA-Project 696-item temperament item set (IPIP-based scales and the EPQ-R)",NA,NA,"Enjoy cooperating with others.",NA,"Moderately Accurate",5
"sapa_personality","sapa_personality_1","q_4264","SAPA-Project 696-item temperament item set (IPIP-based scales and the EPQ-R)",NA,NA,"Enjoy cooperating with others.",NA,"Very Accurate",6
"sapa_personality","sapa_personality_1","q_4265","SAPA-Project 696-item temperament item set (IPIP-based scales and the EPQ-R)",NA,NA,"Like telling jokes and funny stories to my friends.",NA,"Very Inaccurate",1
"sapa_personality","sapa_personality_1","q_4265","SAPA-Project 696-item temperament item set (IPIP-based scales and the EPQ-R)",NA,NA,"Like telling jokes and funny stories to my friends.",NA,"Moderately Inaccurate",2
"sapa_personality","sapa_personality_1","q_4265","SAPA-Project 696-item temperament item set (IPIP-based scales and the EPQ-R)",NA,NA,"Like telling jokes and funny stories to my friends.",NA,"Slightly Inaccurate",3
"sapa_personality","sapa_personality_1","q_4265","SAPA-Project 696-item temperament item set (IPIP-based scales and the EPQ-R)",NA,NA,"Like telling jokes and funny stories to my friends.",NA,"Slightly Accurate",4
"sapa_personality","sapa_personality_1","q_4265","SAPA-Project 696-item temperament item set (IPIP-based scales and the EPQ-R)",NA,NA,"Like telling jokes and funny stories to my friends.",NA,"Moderately Accurate",5
"sapa_personality","sapa_personality_1","q_4265","SAPA-Project 696-item temperament item set (IPIP-based scales and the EPQ-R)",NA,NA,"Like telling jokes and funny stories to my friends.",NA,"Very Accurate",6
"sapa_personality","sapa_personality_1","q_4266","SAPA-Project 696-item temperament item set (IPIP-based scales and the EPQ-R)",NA,NA,"Most things taste the same to me.",NA,"Very Inaccurate",1
"sapa_personality","sapa_personality_1","q_4266","SAPA-Project 696-item temperament item set (IPIP-based scales and the EPQ-R)",NA,NA,"Most things taste the same to me.",NA,"Moderately Inaccurate",2
"sapa_personality","sapa_personality_1","q_4266","SAPA-Project 696-item temperament item set (IPIP-based scales and the EPQ-R)",NA,NA,"Most things taste the same to me.",NA,"Slightly Inaccurate",3
"sapa_personality","sapa_personality_1","q_4266","SAPA-Project 696-item temperament item set (IPIP-based scales and the EPQ-R)",NA,NA,"Most things taste the same to me.",NA,"Slightly Accurate",4
"sapa_personality","sapa_personality_1","q_4266","SAPA-Project 696-item temperament item set (IPIP-based scales and the EPQ-R)",NA,NA,"Most things taste the same to me.",NA,"Moderately Accurate",5
"sapa_personality","sapa_personality_1","q_4266","SAPA-Project 696-item temperament item set (IPIP-based scales and the EPQ-R)",NA,NA,"Most things taste the same to me.",NA,"Very Accurate",6
"sapa_personality","sapa_personality_1","q_4267","SAPA-Project 696-item temperament item set (IPIP-based scales and the EPQ-R)",NA,NA,"Like mixing with people.",NA,"Very Inaccurate",1
"sapa_personality","sapa_personality_1","q_4267","SAPA-Project 696-item temperament item set (IPIP-based scales and the EPQ-R)",NA,NA,"Like mixing with people.",NA,"Moderately Inaccurate",2
"sapa_personality","sapa_personality_1","q_4267","SAPA-Project 696-item temperament item set (IPIP-based scales and the EPQ-R)",NA,NA,"Like mixing with people.",NA,"Slightly Inaccurate",3
"sapa_personality","sapa_personality_1","q_4267","SAPA-Project 696-item temperament item set (IPIP-based scales and the EPQ-R)",NA,NA,"Like mixing with people.",NA,"Slightly Accurate",4
"sapa_personality","sapa_personality_1","q_4267","SAPA-Project 696-item temperament item set (IPIP-based scales and the EPQ-R)",NA,NA,"Like mixing with people.",NA,"Moderately Accurate",5
"sapa_personality","sapa_personality_1","q_4267","SAPA-Project 696-item temperament item set (IPIP-based scales and the EPQ-R)",NA,NA,"Like mixing with people.",NA,"Very Accurate",6
"sapa_personality","sapa_personality_1","q_4268","SAPA-Project 696-item temperament item set (IPIP-based scales and the EPQ-R)",NA,NA,"Worry if I know there are mistakes in my work.",NA,"Very Inaccurate",1
"sapa_personality","sapa_personality_1","q_4268","SAPA-Project 696-item temperament item set (IPIP-based scales and the EPQ-R)",NA,NA,"Worry if I know there are mistakes in my work.",NA,"Moderately Inaccurate",2
"sapa_personality","sapa_personality_1","q_4268","SAPA-Project 696-item temperament item set (IPIP-based scales and the EPQ-R)",NA,NA,"Worry if I know there are mistakes in my work.",NA,"Slightly Inaccurate",3
"sapa_personality","sapa_personality_1","q_4268","SAPA-Project 696-item temperament item set (IPIP-based scales and the EPQ-R)",NA,NA,"Worry if I know there are mistakes in my work.",NA,"Slightly Accurate",4
"sapa_personality","sapa_personality_1","q_4268","SAPA-Project 696-item temperament item set (IPIP-based scales and the EPQ-R)",NA,NA,"Worry if I know there are mistakes in my work.",NA,"Moderately Accurate",5
"sapa_personality","sapa_personality_1","q_4268","SAPA-Project 696-item temperament item set (IPIP-based scales and the EPQ-R)",NA,NA,"Worry if I know there are mistakes in my work.",NA,"Very Accurate",6
"sapa_personality","sapa_personality_1","q_4269","SAPA-Project 696-item temperament item set (IPIP-based scales and the EPQ-R)",NA,NA,"Suffer from sleeplessness.",NA,"Very Inaccurate",1
"sapa_personality","sapa_personality_1","q_4269","SAPA-Project 696-item temperament item set (IPIP-based scales and the EPQ-R)",NA,NA,"Suffer from sleeplessness.",NA,"Moderately Inaccurate",2
"sapa_personality","sapa_personality_1","q_4269","SAPA-Project 696-item temperament item set (IPIP-based scales and the EPQ-R)",NA,NA,"Suffer from sleeplessness.",NA,"Slightly Inaccurate",3
"sapa_personality","sapa_personality_1","q_4269","SAPA-Project 696-item temperament item set (IPIP-based scales and the EPQ-R)",NA,NA,"Suffer from sleeplessness.",NA,"Slightly Accurate",4
"sapa_personality","sapa_personality_1","q_4269","SAPA-Project 696-item temperament item set (IPIP-based scales and the EPQ-R)",NA,NA,"Suffer from sleeplessness.",NA,"Moderately Accurate",5
"sapa_personality","sapa_personality_1","q_4269","SAPA-Project 696-item temperament item set (IPIP-based scales and the EPQ-R)",NA,NA,"Suffer from sleeplessness.",NA,"Very Accurate",6
"sapa_personality","sapa_personality_1","q_4270","SAPA-Project 696-item temperament item set (IPIP-based scales and the EPQ-R)",NA,NA,"People have said that I sometimes act rashly.",NA,"Very Inaccurate",1
"sapa_personality","sapa_personality_1","q_4270","SAPA-Project 696-item temperament item set (IPIP-based scales and the EPQ-R)",NA,NA,"People have said that I sometimes act rashly.",NA,"Moderately Inaccurate",2
"sapa_personality","sapa_personality_1","q_4270","SAPA-Project 696-item temperament item set (IPIP-based scales and the EPQ-R)",NA,NA,"People have said that I sometimes act rashly.",NA,"Slightly Inaccurate",3
"sapa_personality","sapa_personality_1","q_4270","SAPA-Project 696-item temperament item set (IPIP-based scales and the EPQ-R)",NA,NA,"People have said that I sometimes act rashly.",NA,"Slightly Accurate",4
"sapa_personality","sapa_personality_1","q_4270","SAPA-Project 696-item temperament item set (IPIP-based scales and the EPQ-R)",NA,NA,"People have said that I sometimes act rashly.",NA,"Moderately Accurate",5
"sapa_personality","sapa_personality_1","q_4270","SAPA-Project 696-item temperament item set (IPIP-based scales and the EPQ-R)",NA,NA,"People have said that I sometimes act rashly.",NA,"Very Accurate",6
"sapa_personality","sapa_personality_1","q_4271","SAPA-Project 696-item temperament item set (IPIP-based scales and the EPQ-R)",NA,NA,"Nearly always have a ""ready answer"" when talking to people.",NA,"Very Inaccurate",1
"sapa_personality","sapa_personality_1","q_4271","SAPA-Project 696-item temperament item set (IPIP-based scales and the EPQ-R)",NA,NA,"Nearly always have a ""ready answer"" when talking to people.",NA,"Moderately Inaccurate",2
"sapa_personality","sapa_personality_1","q_4271","SAPA-Project 696-item temperament item set (IPIP-based scales and the EPQ-R)",NA,NA,"Nearly always have a ""ready answer"" when talking to people.",NA,"Slightly Inaccurate",3
"sapa_personality","sapa_personality_1","q_4271","SAPA-Project 696-item temperament item set (IPIP-based scales and the EPQ-R)",NA,NA,"Nearly always have a ""ready answer"" when talking to people.",NA,"Slightly Accurate",4
"sapa_personality","sapa_personality_1","q_4271","SAPA-Project 696-item temperament item set (IPIP-based scales and the EPQ-R)",NA,NA,"Nearly always have a ""ready answer"" when talking to people.",NA,"Moderately Accurate",5
"sapa_personality","sapa_personality_1","q_4271","SAPA-Project 696-item temperament item set (IPIP-based scales and the EPQ-R)",NA,NA,"Nearly always have a ""ready answer"" when talking to people.",NA,"Very Accurate",6
"sapa_personality","sapa_personality_1","q_4272","SAPA-Project 696-item temperament item set (IPIP-based scales and the EPQ-R)",NA,NA,"Like to arrive at appointments in plenty of time.",NA,"Very Inaccurate",1
"sapa_personality","sapa_personality_1","q_4272","SAPA-Project 696-item temperament item set (IPIP-based scales and the EPQ-R)",NA,NA,"Like to arrive at appointments in plenty of time.",NA,"Moderately Inaccurate",2
"sapa_personality","sapa_personality_1","q_4272","SAPA-Project 696-item temperament item set (IPIP-based scales and the EPQ-R)",NA,NA,"Like to arrive at appointments in plenty of time.",NA,"Slightly Inaccurate",3
"sapa_personality","sapa_personality_1","q_4272","SAPA-Project 696-item temperament item set (IPIP-based scales and the EPQ-R)",NA,NA,"Like to arrive at appointments in plenty of time.",NA,"Slightly Accurate",4
"sapa_personality","sapa_personality_1","q_4272","SAPA-Project 696-item temperament item set (IPIP-based scales and the EPQ-R)",NA,NA,"Like to arrive at appointments in plenty of time.",NA,"Moderately Accurate",5
"sapa_personality","sapa_personality_1","q_4272","SAPA-Project 696-item temperament item set (IPIP-based scales and the EPQ-R)",NA,NA,"Like to arrive at appointments in plenty of time.",NA,"Very Accurate",6
"sapa_personality","sapa_personality_1","q_4273","SAPA-Project 696-item temperament item set (IPIP-based scales and the EPQ-R)",NA,NA,"Often feel listless and tired for no reason.",NA,"Very Inaccurate",1
"sapa_personality","sapa_personality_1","q_4273","SAPA-Project 696-item temperament item set (IPIP-based scales and the EPQ-R)",NA,NA,"Often feel listless and tired for no reason.",NA,"Moderately Inaccurate",2
"sapa_personality","sapa_personality_1","q_4273","SAPA-Project 696-item temperament item set (IPIP-based scales and the EPQ-R)",NA,NA,"Often feel listless and tired for no reason.",NA,"Slightly Inaccurate",3
"sapa_personality","sapa_personality_1","q_4273","SAPA-Project 696-item temperament item set (IPIP-based scales and the EPQ-R)",NA,NA,"Often feel listless and tired for no reason.",NA,"Slightly Accurate",4
"sapa_personality","sapa_personality_1","q_4273","SAPA-Project 696-item temperament item set (IPIP-based scales and the EPQ-R)",NA,NA,"Often feel listless and tired for no reason.",NA,"Moderately Accurate",5
"sapa_personality","sapa_personality_1","q_4273","SAPA-Project 696-item temperament item set (IPIP-based scales and the EPQ-R)",NA,NA,"Often feel listless and tired for no reason.",NA,"Very Accurate",6
"sapa_personality","sapa_personality_1","q_4274","SAPA-Project 696-item temperament item set (IPIP-based scales and the EPQ-R)",NA,NA,"Like doing things in which I have to act quickly.",NA,"Very Inaccurate",1
"sapa_personality","sapa_personality_1","q_4274","SAPA-Project 696-item temperament item set (IPIP-based scales and the EPQ-R)",NA,NA,"Like doing things in which I have to act quickly.",NA,"Moderately Inaccurate",2
"sapa_personality","sapa_personality_1","q_4274","SAPA-Project 696-item temperament item set (IPIP-based scales and the EPQ-R)",NA,NA,"Like doing things in which I have to act quickly.",NA,"Slightly Inaccurate",3
"sapa_personality","sapa_personality_1","q_4274","SAPA-Project 696-item temperament item set (IPIP-based scales and the EPQ-R)",NA,NA,"Like doing things in which I have to act quickly.",NA,"Slightly Accurate",4
"sapa_personality","sapa_personality_1","q_4274","SAPA-Project 696-item temperament item set (IPIP-based scales and the EPQ-R)",NA,NA,"Like doing things in which I have to act quickly.",NA,"Moderately Accurate",5
"sapa_personality","sapa_personality_1","q_4274","SAPA-Project 696-item temperament item set (IPIP-based scales and the EPQ-R)",NA,NA,"Like doing things in which I have to act quickly.",NA,"Very Accurate",6
"sapa_personality","sapa_personality_1","q_4275","SAPA-Project 696-item temperament item set (IPIP-based scales and the EPQ-R)",NA,NA,"My mother is (or was) a good woman.",NA,"Very Inaccurate",1
"sapa_personality","sapa_personality_1","q_4275","SAPA-Project 696-item temperament item set (IPIP-based scales and the EPQ-R)",NA,NA,"My mother is (or was) a good woman.",NA,"Moderately Inaccurate",2
"sapa_personality","sapa_personality_1","q_4275","SAPA-Project 696-item temperament item set (IPIP-based scales and the EPQ-R)",NA,NA,"My mother is (or was) a good woman.",NA,"Slightly Inaccurate",3
"sapa_personality","sapa_personality_1","q_4275","SAPA-Project 696-item temperament item set (IPIP-based scales and the EPQ-R)",NA,NA,"My mother is (or was) a good woman.",NA,"Slightly Accurate",4
"sapa_personality","sapa_personality_1","q_4275","SAPA-Project 696-item temperament item set (IPIP-based scales and the EPQ-R)",NA,NA,"My mother is (or was) a good woman.",NA,"Moderately Accurate",5
"sapa_personality","sapa_personality_1","q_4275","SAPA-Project 696-item temperament item set (IPIP-based scales and the EPQ-R)",NA,NA,"My mother is (or was) a good woman.",NA,"Very Accurate",6
"sapa_personality","sapa_personality_1","q_4276","SAPA-Project 696-item temperament item set (IPIP-based scales and the EPQ-R)",NA,NA,"Often make decisions on the spur of the moment.",NA,"Very Inaccurate",1
"sapa_personality","sapa_personality_1","q_4276","SAPA-Project 696-item temperament item set (IPIP-based scales and the EPQ-R)",NA,NA,"Often make decisions on the spur of the moment.",NA,"Moderately Inaccurate",2
"sapa_personality","sapa_personality_1","q_4276","SAPA-Project 696-item temperament item set (IPIP-based scales and the EPQ-R)",NA,NA,"Often make decisions on the spur of the moment.",NA,"Slightly Inaccurate",3
"sapa_personality","sapa_personality_1","q_4276","SAPA-Project 696-item temperament item set (IPIP-based scales and the EPQ-R)",NA,NA,"Often make decisions on the spur of the moment.",NA,"Slightly Accurate",4
"sapa_personality","sapa_personality_1","q_4276","SAPA-Project 696-item temperament item set (IPIP-based scales and the EPQ-R)",NA,NA,"Often make decisions on the spur of the moment.",NA,"Moderately Accurate",5
"sapa_personality","sapa_personality_1","q_4276","SAPA-Project 696-item temperament item set (IPIP-based scales and the EPQ-R)",NA,NA,"Often make decisions on the spur of the moment.",NA,"Very Accurate",6
"sapa_personality","sapa_personality_1","q_4277","SAPA-Project 696-item temperament item set (IPIP-based scales and the EPQ-R)",NA,NA,"Often feel life is very dull.",NA,"Very Inaccurate",1
"sapa_personality","sapa_personality_1","q_4277","SAPA-Project 696-item temperament item set (IPIP-based scales and the EPQ-R)",NA,NA,"Often feel life is very dull.",NA,"Moderately Inaccurate",2
"sapa_personality","sapa_personality_1","q_4277","SAPA-Project 696-item temperament item set (IPIP-based scales and the EPQ-R)",NA,NA,"Often feel life is very dull.",NA,"Slightly Inaccurate",3
"sapa_personality","sapa_personality_1","q_4277","SAPA-Project 696-item temperament item set (IPIP-based scales and the EPQ-R)",NA,NA,"Often feel life is very dull.",NA,"Slightly Accurate",4
"sapa_personality","sapa_personality_1","q_4277","SAPA-Project 696-item temperament item set (IPIP-based scales and the EPQ-R)",NA,NA,"Often feel life is very dull.",NA,"Moderately Accurate",5
"sapa_personality","sapa_personality_1","q_4277","SAPA-Project 696-item temperament item set (IPIP-based scales and the EPQ-R)",NA,NA,"Often feel life is very dull.",NA,"Very Accurate",6
"sapa_personality","sapa_personality_1","q_4278","SAPA-Project 696-item temperament item set (IPIP-based scales and the EPQ-R)",NA,NA,"Often take on more activities than I have time for.",NA,"Very Inaccurate",1
"sapa_personality","sapa_personality_1","q_4278","SAPA-Project 696-item temperament item set (IPIP-based scales and the EPQ-R)",NA,NA,"Often take on more activities than I have time for.",NA,"Moderately Inaccurate",2
"sapa_personality","sapa_personality_1","q_4278","SAPA-Project 696-item temperament item set (IPIP-based scales and the EPQ-R)",NA,NA,"Often take on more activities than I have time for.",NA,"Slightly Inaccurate",3
"sapa_personality","sapa_personality_1","q_4278","SAPA-Project 696-item temperament item set (IPIP-based scales and the EPQ-R)",NA,NA,"Often take on more activities than I have time for.",NA,"Slightly Accurate",4
"sapa_personality","sapa_personality_1","q_4278","SAPA-Project 696-item temperament item set (IPIP-based scales and the EPQ-R)",NA,NA,"Often take on more activities than I have time for.",NA,"Moderately Accurate",5
"sapa_personality","sapa_personality_1","q_4278","SAPA-Project 696-item temperament item set (IPIP-based scales and the EPQ-R)",NA,NA,"Often take on more activities than I have time for.",NA,"Very Accurate",6
"sapa_personality","sapa_personality_1","q_4279","SAPA-Project 696-item temperament item set (IPIP-based scales and the EPQ-R)",NA,NA,"There are several people who keep trying to avoid me.",NA,"Very Inaccurate",1
"sapa_personality","sapa_personality_1","q_4279","SAPA-Project 696-item temperament item set (IPIP-based scales and the EPQ-R)",NA,NA,"There are several people who keep trying to avoid me.",NA,"Moderately Inaccurate",2
"sapa_personality","sapa_personality_1","q_4279","SAPA-Project 696-item temperament item set (IPIP-based scales and the EPQ-R)",NA,NA,"There are several people who keep trying to avoid me.",NA,"Slightly Inaccurate",3
"sapa_personality","sapa_personality_1","q_4279","SAPA-Project 696-item temperament item set (IPIP-based scales and the EPQ-R)",NA,NA,"There are several people who keep trying to avoid me.",NA,"Slightly Accurate",4
"sapa_personality","sapa_personality_1","q_4279","SAPA-Project 696-item temperament item set (IPIP-based scales and the EPQ-R)",NA,NA,"There are several people who keep trying to avoid me.",NA,"Moderately Accurate",5
"sapa_personality","sapa_personality_1","q_4279","SAPA-Project 696-item temperament item set (IPIP-based scales and the EPQ-R)",NA,NA,"There are several people who keep trying to avoid me.",NA,"Very Accurate",6
"sapa_personality","sapa_personality_1","q_4280","SAPA-Project 696-item temperament item set (IPIP-based scales and the EPQ-R)",NA,NA,"Worry a lot about my looks.",NA,"Very Inaccurate",1
"sapa_personality","sapa_personality_1","q_4280","SAPA-Project 696-item temperament item set (IPIP-based scales and the EPQ-R)",NA,NA,"Worry a lot about my looks.",NA,"Moderately Inaccurate",2
"sapa_personality","sapa_personality_1","q_4280","SAPA-Project 696-item temperament item set (IPIP-based scales and the EPQ-R)",NA,NA,"Worry a lot about my looks.",NA,"Slightly Inaccurate",3
"sapa_personality","sapa_personality_1","q_4280","SAPA-Project 696-item temperament item set (IPIP-based scales and the EPQ-R)",NA,NA,"Worry a lot about my looks.",NA,"Slightly Accurate",4
"sapa_personality","sapa_personality_1","q_4280","SAPA-Project 696-item temperament item set (IPIP-based scales and the EPQ-R)",NA,NA,"Worry a lot about my looks.",NA,"Moderately Accurate",5
"sapa_personality","sapa_personality_1","q_4280","SAPA-Project 696-item temperament item set (IPIP-based scales and the EPQ-R)",NA,NA,"Worry a lot about my looks.",NA,"Very Accurate",6
"sapa_personality","sapa_personality_1","q_4281","SAPA-Project 696-item temperament item set (IPIP-based scales and the EPQ-R)",NA,NA,"People spend too much time safeguarding their future with savings and insurance.",NA,"Very Inaccurate",1
"sapa_personality","sapa_personality_1","q_4281","SAPA-Project 696-item temperament item set (IPIP-based scales and the EPQ-R)",NA,NA,"People spend too much time safeguarding their future with savings and insurance.",NA,"Moderately Inaccurate",2
"sapa_personality","sapa_personality_1","q_4281","SAPA-Project 696-item temperament item set (IPIP-based scales and the EPQ-R)",NA,NA,"People spend too much time safeguarding their future with savings and insurance.",NA,"Slightly Inaccurate",3
"sapa_personality","sapa_personality_1","q_4281","SAPA-Project 696-item temperament item set (IPIP-based scales and the EPQ-R)",NA,NA,"People spend too much time safeguarding their future with savings and insurance.",NA,"Slightly Accurate",4
"sapa_personality","sapa_personality_1","q_4281","SAPA-Project 696-item temperament item set (IPIP-based scales and the EPQ-R)",NA,NA,"People spend too much time safeguarding their future with savings and insurance.",NA,"Moderately Accurate",5
"sapa_personality","sapa_personality_1","q_4281","SAPA-Project 696-item temperament item set (IPIP-based scales and the EPQ-R)",NA,NA,"People spend too much time safeguarding their future with savings and insurance.",NA,"Very Accurate",6
"sapa_personality","sapa_personality_1","q_4282","SAPA-Project 696-item temperament item set (IPIP-based scales and the EPQ-R)",NA,NA,"Have once wished that I were dead.",NA,"Very Inaccurate",1
"sapa_personality","sapa_personality_1","q_4282","SAPA-Project 696-item temperament item set (IPIP-based scales and the EPQ-R)",NA,NA,"Have once wished that I were dead.",NA,"Moderately Inaccurate",2
"sapa_personality","sapa_personality_1","q_4282","SAPA-Project 696-item temperament item set (IPIP-based scales and the EPQ-R)",NA,NA,"Have once wished that I were dead.",NA,"Slightly Inaccurate",3
"sapa_personality","sapa_personality_1","q_4282","SAPA-Project 696-item temperament item set (IPIP-based scales and the EPQ-R)",NA,NA,"Have once wished that I were dead.",NA,"Slightly Accurate",4
"sapa_personality","sapa_personality_1","q_4282","SAPA-Project 696-item temperament item set (IPIP-based scales and the EPQ-R)",NA,NA,"Have once wished that I were dead.",NA,"Moderately Accurate",5
"sapa_personality","sapa_personality_1","q_4282","SAPA-Project 696-item temperament item set (IPIP-based scales and the EPQ-R)",NA,NA,"Have once wished that I were dead.",NA,"Very Accurate",6
"sapa_personality","sapa_personality_1","q_4283","SAPA-Project 696-item temperament item set (IPIP-based scales and the EPQ-R)",NA,NA,"Can get a party going.",NA,"Very Inaccurate",1
"sapa_personality","sapa_personality_1","q_4283","SAPA-Project 696-item temperament item set (IPIP-based scales and the EPQ-R)",NA,NA,"Can get a party going.",NA,"Moderately Inaccurate",2
"sapa_personality","sapa_personality_1","q_4283","SAPA-Project 696-item temperament item set (IPIP-based scales and the EPQ-R)",NA,NA,"Can get a party going.",NA,"Slightly Inaccurate",3
"sapa_personality","sapa_personality_1","q_4283","SAPA-Project 696-item temperament item set (IPIP-based scales and the EPQ-R)",NA,NA,"Can get a party going.",NA,"Slightly Accurate",4
"sapa_personality","sapa_personality_1","q_4283","SAPA-Project 696-item temperament item set (IPIP-based scales and the EPQ-R)",NA,NA,"Can get a party going.",NA,"Moderately Accurate",5
"sapa_personality","sapa_personality_1","q_4283","SAPA-Project 696-item temperament item set (IPIP-based scales and the EPQ-R)",NA,NA,"Can get a party going.",NA,"Very Accurate",6
"sapa_personality","sapa_personality_1","q_4284","SAPA-Project 696-item temperament item set (IPIP-based scales and the EPQ-R)",NA,NA,"Try not to be rude to people.",NA,"Very Inaccurate",1
"sapa_personality","sapa_personality_1","q_4284","SAPA-Project 696-item temperament item set (IPIP-based scales and the EPQ-R)",NA,NA,"Try not to be rude to people.",NA,"Moderately Inaccurate",2
"sapa_personality","sapa_personality_1","q_4284","SAPA-Project 696-item temperament item set (IPIP-based scales and the EPQ-R)",NA,NA,"Try not to be rude to people.",NA,"Slightly Inaccurate",3
"sapa_personality","sapa_personality_1","q_4284","SAPA-Project 696-item temperament item set (IPIP-based scales and the EPQ-R)",NA,NA,"Try not to be rude to people.",NA,"Slightly Accurate",4
"sapa_personality","sapa_personality_1","q_4284","SAPA-Project 696-item temperament item set (IPIP-based scales and the EPQ-R)",NA,NA,"Try not to be rude to people.",NA,"Moderately Accurate",5
"sapa_personality","sapa_personality_1","q_4284","SAPA-Project 696-item temperament item set (IPIP-based scales and the EPQ-R)",NA,NA,"Try not to be rude to people.",NA,"Very Accurate",6
"sapa_personality","sapa_personality_1","q_4285","SAPA-Project 696-item temperament item set (IPIP-based scales and the EPQ-R)",NA,NA,"Worry too long after an embarrassing experience.",NA,"Very Inaccurate",1
"sapa_personality","sapa_personality_1","q_4285","SAPA-Project 696-item temperament item set (IPIP-based scales and the EPQ-R)",NA,NA,"Worry too long after an embarrassing experience.",NA,"Moderately Inaccurate",2
"sapa_personality","sapa_personality_1","q_4285","SAPA-Project 696-item temperament item set (IPIP-based scales and the EPQ-R)",NA,NA,"Worry too long after an embarrassing experience.",NA,"Slightly Inaccurate",3
"sapa_personality","sapa_personality_1","q_4285","SAPA-Project 696-item temperament item set (IPIP-based scales and the EPQ-R)",NA,NA,"Worry too long after an embarrassing experience.",NA,"Slightly Accurate",4
"sapa_personality","sapa_personality_1","q_4285","SAPA-Project 696-item temperament item set (IPIP-based scales and the EPQ-R)",NA,NA,"Worry too long after an embarrassing experience.",NA,"Moderately Accurate",5
"sapa_personality","sapa_personality_1","q_4285","SAPA-Project 696-item temperament item set (IPIP-based scales and the EPQ-R)",NA,NA,"Worry too long after an embarrassing experience.",NA,"Very Accurate",6
"sapa_personality","sapa_personality_1","q_4286","SAPA-Project 696-item temperament item set (IPIP-based scales and the EPQ-R)",NA,NA,"Generally ""look before I leap.""",NA,"Very Inaccurate",1
"sapa_personality","sapa_personality_1","q_4286","SAPA-Project 696-item temperament item set (IPIP-based scales and the EPQ-R)",NA,NA,"Generally ""look before I leap.""",NA,"Moderately Inaccurate",2
"sapa_personality","sapa_personality_1","q_4286","SAPA-Project 696-item temperament item set (IPIP-based scales and the EPQ-R)",NA,NA,"Generally ""look before I leap.""",NA,"Slightly Inaccurate",3
"sapa_personality","sapa_personality_1","q_4286","SAPA-Project 696-item temperament item set (IPIP-based scales and the EPQ-R)",NA,NA,"Generally ""look before I leap.""",NA,"Slightly Accurate",4
"sapa_personality","sapa_personality_1","q_4286","SAPA-Project 696-item temperament item set (IPIP-based scales and the EPQ-R)",NA,NA,"Generally ""look before I leap.""",NA,"Moderately Accurate",5
"sapa_personality","sapa_personality_1","q_4286","SAPA-Project 696-item temperament item set (IPIP-based scales and the EPQ-R)",NA,NA,"Generally ""look before I leap.""",NA,"Very Accurate",6
"sapa_personality","sapa_personality_1","q_4287","SAPA-Project 696-item temperament item set (IPIP-based scales and the EPQ-R)",NA,NA,"Suffer from ""nerves.""",NA,"Very Inaccurate",1
"sapa_personality","sapa_personality_1","q_4287","SAPA-Project 696-item temperament item set (IPIP-based scales and the EPQ-R)",NA,NA,"Suffer from ""nerves.""",NA,"Moderately Inaccurate",2
"sapa_personality","sapa_personality_1","q_4287","SAPA-Project 696-item temperament item set (IPIP-based scales and the EPQ-R)",NA,NA,"Suffer from ""nerves.""",NA,"Slightly Inaccurate",3
"sapa_personality","sapa_personality_1","q_4287","SAPA-Project 696-item temperament item set (IPIP-based scales and the EPQ-R)",NA,NA,"Suffer from ""nerves.""",NA,"Slightly Accurate",4
"sapa_personality","sapa_personality_1","q_4287","SAPA-Project 696-item temperament item set (IPIP-based scales and the EPQ-R)",NA,NA,"Suffer from ""nerves.""",NA,"Moderately Accurate",5
"sapa_personality","sapa_personality_1","q_4287","SAPA-Project 696-item temperament item set (IPIP-based scales and the EPQ-R)",NA,NA,"Suffer from ""nerves.""",NA,"Very Accurate",6
"sapa_personality","sapa_personality_1","q_4288","SAPA-Project 696-item temperament item set (IPIP-based scales and the EPQ-R)",NA,NA,"Often feel lonely.",NA,"Very Inaccurate",1
"sapa_personality","sapa_personality_1","q_4288","SAPA-Project 696-item temperament item set (IPIP-based scales and the EPQ-R)",NA,NA,"Often feel lonely.",NA,"Moderately Inaccurate",2
"sapa_personality","sapa_personality_1","q_4288","SAPA-Project 696-item temperament item set (IPIP-based scales and the EPQ-R)",NA,NA,"Often feel lonely.",NA,"Slightly Inaccurate",3
"sapa_personality","sapa_personality_1","q_4288","SAPA-Project 696-item temperament item set (IPIP-based scales and the EPQ-R)",NA,NA,"Often feel lonely.",NA,"Slightly Accurate",4
"sapa_personality","sapa_personality_1","q_4288","SAPA-Project 696-item temperament item set (IPIP-based scales and the EPQ-R)",NA,NA,"Often feel lonely.",NA,"Moderately Accurate",5
"sapa_personality","sapa_personality_1","q_4288","SAPA-Project 696-item temperament item set (IPIP-based scales and the EPQ-R)",NA,NA,"Often feel lonely.",NA,"Very Accurate",6
"sapa_personality","sapa_personality_1","q_4289","SAPA-Project 696-item temperament item set (IPIP-based scales and the EPQ-R)",NA,NA,"Trust people to mainly tell the truth.",NA,"Very Inaccurate",1
"sapa_personality","sapa_personality_1","q_4289","SAPA-Project 696-item temperament item set (IPIP-based scales and the EPQ-R)",NA,NA,"Trust people to mainly tell the truth.",NA,"Moderately Inaccurate",2
"sapa_personality","sapa_personality_1","q_4289","SAPA-Project 696-item temperament item set (IPIP-based scales and the EPQ-R)",NA,NA,"Trust people to mainly tell the truth.",NA,"Slightly Inaccurate",3
"sapa_personality","sapa_personality_1","q_4289","SAPA-Project 696-item temperament item set (IPIP-based scales and the EPQ-R)",NA,NA,"Trust people to mainly tell the truth.",NA,"Slightly Accurate",4
"sapa_personality","sapa_personality_1","q_4289","SAPA-Project 696-item temperament item set (IPIP-based scales and the EPQ-R)",NA,NA,"Trust people to mainly tell the truth.",NA,"Moderately Accurate",5
"sapa_personality","sapa_personality_1","q_4289","SAPA-Project 696-item temperament item set (IPIP-based scales and the EPQ-R)",NA,NA,"Trust people to mainly tell the truth.",NA,"Very Accurate",6
"sapa_personality","sapa_personality_1","q_4290","SAPA-Project 696-item temperament item set (IPIP-based scales and the EPQ-R)",NA,NA,"Am easily hurt when people find fault with me or the work I do.",NA,"Very Inaccurate",1
"sapa_personality","sapa_personality_1","q_4290","SAPA-Project 696-item temperament item set (IPIP-based scales and the EPQ-R)",NA,NA,"Am easily hurt when people find fault with me or the work I do.",NA,"Moderately Inaccurate",2
"sapa_personality","sapa_personality_1","q_4290","SAPA-Project 696-item temperament item set (IPIP-based scales and the EPQ-R)",NA,NA,"Am easily hurt when people find fault with me or the work I do.",NA,"Slightly Inaccurate",3
"sapa_personality","sapa_personality_1","q_4290","SAPA-Project 696-item temperament item set (IPIP-based scales and the EPQ-R)",NA,NA,"Am easily hurt when people find fault with me or the work I do.",NA,"Slightly Accurate",4
"sapa_personality","sapa_personality_1","q_4290","SAPA-Project 696-item temperament item set (IPIP-based scales and the EPQ-R)",NA,NA,"Am easily hurt when people find fault with me or the work I do.",NA,"Moderately Accurate",5
"sapa_personality","sapa_personality_1","q_4290","SAPA-Project 696-item temperament item set (IPIP-based scales and the EPQ-R)",NA,NA,"Am easily hurt when people find fault with me or the work I do.",NA,"Very Accurate",6
"sapa_personality","sapa_personality_1","q_4291","SAPA-Project 696-item temperament item set (IPIP-based scales and the EPQ-R)",NA,NA,"It is better to follow society's rules than to go my own way.",NA,"Very Inaccurate",1
"sapa_personality","sapa_personality_1","q_4291","SAPA-Project 696-item temperament item set (IPIP-based scales and the EPQ-R)",NA,NA,"It is better to follow society's rules than to go my own way.",NA,"Moderately Inaccurate",2
"sapa_personality","sapa_personality_1","q_4291","SAPA-Project 696-item temperament item set (IPIP-based scales and the EPQ-R)",NA,NA,"It is better to follow society's rules than to go my own way.",NA,"Slightly Inaccurate",3
"sapa_personality","sapa_personality_1","q_4291","SAPA-Project 696-item temperament item set (IPIP-based scales and the EPQ-R)",NA,NA,"It is better to follow society's rules than to go my own way.",NA,"Slightly Accurate",4
"sapa_personality","sapa_personality_1","q_4291","SAPA-Project 696-item temperament item set (IPIP-based scales and the EPQ-R)",NA,NA,"It is better to follow society's rules than to go my own way.",NA,"Moderately Accurate",5
"sapa_personality","sapa_personality_1","q_4291","SAPA-Project 696-item temperament item set (IPIP-based scales and the EPQ-R)",NA,NA,"It is better to follow society's rules than to go my own way.",NA,"Very Accurate",6
"sapa_personality","sapa_personality_1","q_4292","SAPA-Project 696-item temperament item set (IPIP-based scales and the EPQ-R)",NA,NA,"Like having plenty of bustle and excitement around.",NA,"Very Inaccurate",1
"sapa_personality","sapa_personality_1","q_4292","SAPA-Project 696-item temperament item set (IPIP-based scales and the EPQ-R)",NA,NA,"Like having plenty of bustle and excitement around.",NA,"Moderately Inaccurate",2
"sapa_personality","sapa_personality_1","q_4292","SAPA-Project 696-item temperament item set (IPIP-based scales and the EPQ-R)",NA,NA,"Like having plenty of bustle and excitement around.",NA,"Slightly Inaccurate",3
"sapa_personality","sapa_personality_1","q_4292","SAPA-Project 696-item temperament item set (IPIP-based scales and the EPQ-R)",NA,NA,"Like having plenty of bustle and excitement around.",NA,"Slightly Accurate",4
"sapa_personality","sapa_personality_1","q_4292","SAPA-Project 696-item temperament item set (IPIP-based scales and the EPQ-R)",NA,NA,"Like having plenty of bustle and excitement around.",NA,"Moderately Accurate",5
"sapa_personality","sapa_personality_1","q_4292","SAPA-Project 696-item temperament item set (IPIP-based scales and the EPQ-R)",NA,NA,"Like having plenty of bustle and excitement around.",NA,"Very Accurate",6
"sapa_personality","sapa_personality_1","q_4293","SAPA-Project 696-item temperament item set (IPIP-based scales and the EPQ-R)",NA,NA,"Would like for other people to be afraid of me.",NA,"Very Inaccurate",1
"sapa_personality","sapa_personality_1","q_4293","SAPA-Project 696-item temperament item set (IPIP-based scales and the EPQ-R)",NA,NA,"Would like for other people to be afraid of me.",NA,"Moderately Inaccurate",2
"sapa_personality","sapa_personality_1","q_4293","SAPA-Project 696-item temperament item set (IPIP-based scales and the EPQ-R)",NA,NA,"Would like for other people to be afraid of me.",NA,"Slightly Inaccurate",3
"sapa_personality","sapa_personality_1","q_4293","SAPA-Project 696-item temperament item set (IPIP-based scales and the EPQ-R)",NA,NA,"Would like for other people to be afraid of me.",NA,"Slightly Accurate",4
"sapa_personality","sapa_personality_1","q_4293","SAPA-Project 696-item temperament item set (IPIP-based scales and the EPQ-R)",NA,NA,"Would like for other people to be afraid of me.",NA,"Moderately Accurate",5
"sapa_personality","sapa_personality_1","q_4293","SAPA-Project 696-item temperament item set (IPIP-based scales and the EPQ-R)",NA,NA,"Would like for other people to be afraid of me.",NA,"Very Accurate",6
"sapa_personality","sapa_personality_1","q_4294","SAPA-Project 696-item temperament item set (IPIP-based scales and the EPQ-R)",NA,NA,"Am sometimes bubbling over with energy and sometimes very sluggish.",NA,"Very Inaccurate",1
"sapa_personality","sapa_personality_1","q_4294","SAPA-Project 696-item temperament item set (IPIP-based scales and the EPQ-R)",NA,NA,"Am sometimes bubbling over with energy and sometimes very sluggish.",NA,"Moderately Inaccurate",2
"sapa_personality","sapa_personality_1","q_4294","SAPA-Project 696-item temperament item set (IPIP-based scales and the EPQ-R)",NA,NA,"Am sometimes bubbling over with energy and sometimes very sluggish.",NA,"Slightly Inaccurate",3
"sapa_personality","sapa_personality_1","q_4294","SAPA-Project 696-item temperament item set (IPIP-based scales and the EPQ-R)",NA,NA,"Am sometimes bubbling over with energy and sometimes very sluggish.",NA,"Slightly Accurate",4
"sapa_personality","sapa_personality_1","q_4294","SAPA-Project 696-item temperament item set (IPIP-based scales and the EPQ-R)",NA,NA,"Am sometimes bubbling over with energy and sometimes very sluggish.",NA,"Moderately Accurate",5
"sapa_personality","sapa_personality_1","q_4294","SAPA-Project 696-item temperament item set (IPIP-based scales and the EPQ-R)",NA,NA,"Am sometimes bubbling over with energy and sometimes very sluggish.",NA,"Very Accurate",6
"sapa_personality","sapa_personality_1","q_4295","SAPA-Project 696-item temperament item set (IPIP-based scales and the EPQ-R)",NA,NA,"Other people think of me as being very lively.",NA,"Very Inaccurate",1
"sapa_personality","sapa_personality_1","q_4295","SAPA-Project 696-item temperament item set (IPIP-based scales and the EPQ-R)",NA,NA,"Other people think of me as being very lively.",NA,"Moderately Inaccurate",2
"sapa_personality","sapa_personality_1","q_4295","SAPA-Project 696-item temperament item set (IPIP-based scales and the EPQ-R)",NA,NA,"Other people think of me as being very lively.",NA,"Slightly Inaccurate",3
"sapa_personality","sapa_personality_1","q_4295","SAPA-Project 696-item temperament item set (IPIP-based scales and the EPQ-R)",NA,NA,"Other people think of me as being very lively.",NA,"Slightly Accurate",4
"sapa_personality","sapa_personality_1","q_4295","SAPA-Project 696-item temperament item set (IPIP-based scales and the EPQ-R)",NA,NA,"Other people think of me as being very lively.",NA,"Moderately Accurate",5
"sapa_personality","sapa_personality_1","q_4295","SAPA-Project 696-item temperament item set (IPIP-based scales and the EPQ-R)",NA,NA,"Other people think of me as being very lively.",NA,"Very Accurate",6
"sapa_personality","sapa_personality_1","q_4296","SAPA-Project 696-item temperament item set (IPIP-based scales and the EPQ-R)",NA,NA,"Tell a lot of lies.",NA,"Very Inaccurate",1
"sapa_personality","sapa_personality_1","q_4296","SAPA-Project 696-item temperament item set (IPIP-based scales and the EPQ-R)",NA,NA,"Tell a lot of lies.",NA,"Moderately Inaccurate",2
"sapa_personality","sapa_personality_1","q_4296","SAPA-Project 696-item temperament item set (IPIP-based scales and the EPQ-R)",NA,NA,"Tell a lot of lies.",NA,"Slightly Inaccurate",3
"sapa_personality","sapa_personality_1","q_4296","SAPA-Project 696-item temperament item set (IPIP-based scales and the EPQ-R)",NA,NA,"Tell a lot of lies.",NA,"Slightly Accurate",4
"sapa_personality","sapa_personality_1","q_4296","SAPA-Project 696-item temperament item set (IPIP-based scales and the EPQ-R)",NA,NA,"Tell a lot of lies.",NA,"Moderately Accurate",5
"sapa_personality","sapa_personality_1","q_4296","SAPA-Project 696-item temperament item set (IPIP-based scales and the EPQ-R)",NA,NA,"Tell a lot of lies.",NA,"Very Accurate",6
"sapa_personality","sapa_personality_1","q_4297","SAPA-Project 696-item temperament item set (IPIP-based scales and the EPQ-R)",NA,NA,"Believe one has special duties to one's family.",NA,"Very Inaccurate",1
"sapa_personality","sapa_personality_1","q_4297","SAPA-Project 696-item temperament item set (IPIP-based scales and the EPQ-R)",NA,NA,"Believe one has special duties to one's family.",NA,"Moderately Inaccurate",2
"sapa_personality","sapa_personality_1","q_4297","SAPA-Project 696-item temperament item set (IPIP-based scales and the EPQ-R)",NA,NA,"Believe one has special duties to one's family.",NA,"Slightly Inaccurate",3
"sapa_personality","sapa_personality_1","q_4297","SAPA-Project 696-item temperament item set (IPIP-based scales and the EPQ-R)",NA,NA,"Believe one has special duties to one's family.",NA,"Slightly Accurate",4
"sapa_personality","sapa_personality_1","q_4297","SAPA-Project 696-item temperament item set (IPIP-based scales and the EPQ-R)",NA,NA,"Believe one has special duties to one's family.",NA,"Moderately Accurate",5
"sapa_personality","sapa_personality_1","q_4297","SAPA-Project 696-item temperament item set (IPIP-based scales and the EPQ-R)",NA,NA,"Believe one has special duties to one's family.",NA,"Very Accurate",6
"sapa_personality","sapa_personality_1","q_4298","SAPA-Project 696-item temperament item set (IPIP-based scales and the EPQ-R)",NA,NA,"Am touchy about some things.",NA,"Very Inaccurate",1
"sapa_personality","sapa_personality_1","q_4298","SAPA-Project 696-item temperament item set (IPIP-based scales and the EPQ-R)",NA,NA,"Am touchy about some things.",NA,"Moderately Inaccurate",2
"sapa_personality","sapa_personality_1","q_4298","SAPA-Project 696-item temperament item set (IPIP-based scales and the EPQ-R)",NA,NA,"Am touchy about some things.",NA,"Slightly Inaccurate",3
"sapa_personality","sapa_personality_1","q_4298","SAPA-Project 696-item temperament item set (IPIP-based scales and the EPQ-R)",NA,NA,"Am touchy about some things.",NA,"Slightly Accurate",4
"sapa_personality","sapa_personality_1","q_4298","SAPA-Project 696-item temperament item set (IPIP-based scales and the EPQ-R)",NA,NA,"Am touchy about some things.",NA,"Moderately Accurate",5
"sapa_personality","sapa_personality_1","q_4298","SAPA-Project 696-item temperament item set (IPIP-based scales and the EPQ-R)",NA,NA,"Am touchy about some things.",NA,"Very Accurate",6
"sapa_personality","sapa_personality_1","q_4299","SAPA-Project 696-item temperament item set (IPIP-based scales and the EPQ-R)",NA,NA,"Would feel very sorry for an animal caught in a trap.",NA,"Very Inaccurate",1
"sapa_personality","sapa_personality_1","q_4299","SAPA-Project 696-item temperament item set (IPIP-based scales and the EPQ-R)",NA,NA,"Would feel very sorry for an animal caught in a trap.",NA,"Moderately Inaccurate",2
"sapa_personality","sapa_personality_1","q_4299","SAPA-Project 696-item temperament item set (IPIP-based scales and the EPQ-R)",NA,NA,"Would feel very sorry for an animal caught in a trap.",NA,"Slightly Inaccurate",3
"sapa_personality","sapa_personality_1","q_4299","SAPA-Project 696-item temperament item set (IPIP-based scales and the EPQ-R)",NA,NA,"Would feel very sorry for an animal caught in a trap.",NA,"Slightly Accurate",4
"sapa_personality","sapa_personality_1","q_4299","SAPA-Project 696-item temperament item set (IPIP-based scales and the EPQ-R)",NA,NA,"Would feel very sorry for an animal caught in a trap.",NA,"Moderately Accurate",5
"sapa_personality","sapa_personality_1","q_4299","SAPA-Project 696-item temperament item set (IPIP-based scales and the EPQ-R)",NA,NA,"Would feel very sorry for an animal caught in a trap.",NA,"Very Accurate",6
"sapa_personality","sapa_personality_1","q_4300","SAPA-Project 696-item temperament item set (IPIP-based scales and the EPQ-R)",NA,NA,"When my temper rises, I find it difficult to control.",NA,"Very Inaccurate",1
"sapa_personality","sapa_personality_1","q_4300","SAPA-Project 696-item temperament item set (IPIP-based scales and the EPQ-R)",NA,NA,"When my temper rises, I find it difficult to control.",NA,"Moderately Inaccurate",2
"sapa_personality","sapa_personality_1","q_4300","SAPA-Project 696-item temperament item set (IPIP-based scales and the EPQ-R)",NA,NA,"When my temper rises, I find it difficult to control.",NA,"Slightly Inaccurate",3
"sapa_personality","sapa_personality_1","q_4300","SAPA-Project 696-item temperament item set (IPIP-based scales and the EPQ-R)",NA,NA,"When my temper rises, I find it difficult to control.",NA,"Slightly Accurate",4
"sapa_personality","sapa_personality_1","q_4300","SAPA-Project 696-item temperament item set (IPIP-based scales and the EPQ-R)",NA,NA,"When my temper rises, I find it difficult to control.",NA,"Moderately Accurate",5
"sapa_personality","sapa_personality_1","q_4300","SAPA-Project 696-item temperament item set (IPIP-based scales and the EPQ-R)",NA,NA,"When my temper rises, I find it difficult to control.",NA,"Very Accurate",6
