table,url,file_name,doc_type,series,wave,evidence,reviewed_at
argentina_2012_aging_ageism,https://www.indec.gob.ar/ftp/cuadros/menusuperior/encaviam/doc_utilizacion_ENCaViAM%202012.pdf,doc_utilizacion_ENCaViAM 2012.pdf,codebook,ENCaViAM,2012,INDEC ENCaViAM 2012 'Documento para la utilización de la base de datos usuario' (cover names the Encuesta Nacional sobre Calidad de Vida de Adultos Mayores 2012): the build script reads ENCaViAM2012_Base_usuario.txt; the variable listing gives labels and response codes for the table's items re01-re05,2026-10-04
argentina_2012_aging_ageism,https://www.indec.gob.ar/ftp/cuadros/menusuperior/encaviam/cuestionario_encaviam.pdf,cuestionario_encaviam.pdf,questionnaire,ENCaViAM,2012,"ENCaViAM's own questionnaire from INDEC's Bases de datos page; the (scanned) cover reads 'Encuesta Nacional sobre Calidad de Vida de Adultos Mayores, Año de Referencia 2012' and its blocks AU, DEP, RE and SV hold the table's items re01-re05",2026-10-04
argentina_2012_aging_change,https://www.indec.gob.ar/ftp/cuadros/menusuperior/encaviam/doc_utilizacion_ENCaViAM%202012.pdf,doc_utilizacion_ENCaViAM 2012.pdf,codebook,ENCaViAM,2012,INDEC ENCaViAM 2012 'Documento para la utilización de la base de datos usuario' (cover names the Encuesta Nacional sobre Calidad de Vida de Adultos Mayores 2012): the build script reads ENCaViAM2012_Base_usuario.txt; the variable listing gives labels and response codes for the table's items au02 au04,2026-10-04
argentina_2012_aging_change,https://www.indec.gob.ar/ftp/cuadros/menusuperior/encaviam/cuestionario_encaviam.pdf,cuestionario_encaviam.pdf,questionnaire,ENCaViAM,2012,"ENCaViAM's own questionnaire from INDEC's Bases de datos page; the (scanned) cover reads 'Encuesta Nacional sobre Calidad de Vida de Adultos Mayores, Año de Referencia 2012' and its blocks AU, DEP, RE and SV hold the table's items au02 au04",2026-10-04
argentina_2012_aging_dependence,https://www.indec.gob.ar/ftp/cuadros/menusuperior/encaviam/doc_utilizacion_ENCaViAM%202012.pdf,doc_utilizacion_ENCaViAM 2012.pdf,codebook,ENCaViAM,2012,INDEC ENCaViAM 2012 'Documento para la utilización de la base de datos usuario' (cover names the Encuesta Nacional sobre Calidad de Vida de Adultos Mayores 2012): the build script reads ENCaViAM2012_Base_usuario.txt; the variable listing gives labels and response codes for the table's items dep01_01-dep01_08,2026-10-04
argentina_2012_aging_dependence,https://www.indec.gob.ar/ftp/cuadros/menusuperior/encaviam/cuestionario_encaviam.pdf,cuestionario_encaviam.pdf,questionnaire,ENCaViAM,2012,"ENCaViAM's own questionnaire from INDEC's Bases de datos page; the (scanned) cover reads 'Encuesta Nacional sobre Calidad de Vida de Adultos Mayores, Año de Referencia 2012' and its blocks AU, DEP, RE and SV hold the table's items dep01_01-dep01_08",2026-10-04
argentina_2012_aging_health,https://www.indec.gob.ar/ftp/cuadros/menusuperior/encaviam/doc_utilizacion_ENCaViAM%202012.pdf,doc_utilizacion_ENCaViAM 2012.pdf,codebook,ENCaViAM,2012,INDEC ENCaViAM 2012 'Documento para la utilización de la base de datos usuario' (cover names the Encuesta Nacional sobre Calidad de Vida de Adultos Mayores 2012): the build script reads ENCaViAM2012_Base_usuario.txt; the variable listing gives labels and response codes for the table's items au01 au03,2026-10-04
argentina_2012_aging_health,https://www.indec.gob.ar/ftp/cuadros/menusuperior/encaviam/cuestionario_encaviam.pdf,cuestionario_encaviam.pdf,questionnaire,ENCaViAM,2012,"ENCaViAM's own questionnaire from INDEC's Bases de datos page; the (scanned) cover reads 'Encuesta Nacional sobre Calidad de Vida de Adultos Mayores, Año de Referencia 2012' and its blocks AU, DEP, RE and SV hold the table's items au01 au03",2026-10-04
argentina_2012_aging_instrumental,https://www.indec.gob.ar/ftp/cuadros/menusuperior/encaviam/doc_utilizacion_ENCaViAM%202012.pdf,doc_utilizacion_ENCaViAM 2012.pdf,codebook,ENCaViAM,2012,INDEC ENCaViAM 2012 'Documento para la utilización de la base de datos usuario' (cover names the Encuesta Nacional sobre Calidad de Vida de Adultos Mayores 2012): the build script reads ENCaViAM2012_Base_usuario.txt; the variable listing gives labels and response codes for the table's items dep03_01-dep03_07,2026-10-04
argentina_2012_aging_instrumental,https://www.indec.gob.ar/ftp/cuadros/menusuperior/encaviam/cuestionario_encaviam.pdf,cuestionario_encaviam.pdf,questionnaire,ENCaViAM,2012,"ENCaViAM's own questionnaire from INDEC's Bases de datos page; the (scanned) cover reads 'Encuesta Nacional sobre Calidad de Vida de Adultos Mayores, Año de Referencia 2012' and its blocks AU, DEP, RE and SV hold the table's items dep03_01-dep03_07",2026-10-04
argentina_2012_aging_satisfaction,https://www.indec.gob.ar/ftp/cuadros/menusuperior/encaviam/doc_utilizacion_ENCaViAM%202012.pdf,doc_utilizacion_ENCaViAM 2012.pdf,codebook,ENCaViAM,2012,INDEC ENCaViAM 2012 'Documento para la utilización de la base de datos usuario' (cover names the Encuesta Nacional sobre Calidad de Vida de Adultos Mayores 2012): the build script reads ENCaViAM2012_Base_usuario.txt; the variable listing gives labels and response codes for the table's items sv01-sv05,2026-10-04
argentina_2012_aging_satisfaction,https://www.indec.gob.ar/ftp/cuadros/menusuperior/encaviam/cuestionario_encaviam.pdf,cuestionario_encaviam.pdf,questionnaire,ENCaViAM,2012,"ENCaViAM's own questionnaire from INDEC's Bases de datos page; the (scanned) cover reads 'Encuesta Nacional sobre Calidad de Vida de Adultos Mayores, Año de Referencia 2012' and its blocks AU, DEP, RE and SV hold the table's items sv01-sv05",2026-10-04
argentina_2012_tobacco_harm,https://www.indec.gob.ar/ftp/cuadros/menusuperior/emta/EMTA2012_Argentina_Disenoderegistro.pdf,EMTA2012_Argentina_Disenoderegistro.pdf,codebook,EMTA,2012,"INDEC 'Encuesta Mundial de Tabaquismo en Adultos, Base de datos usuario, Diseño de registro, Argentina 2012': the build script reads EMTA2012_Argentina_BaseUsuario.txt; the record design lists the table's items h01 h02a-h02g h03 with their codes",2026-10-04
argentina_2012_tobacco_policy,https://www.indec.gob.ar/ftp/cuadros/menusuperior/emta/EMTA2012_Argentina_Disenoderegistro.pdf,EMTA2012_Argentina_Disenoderegistro.pdf,codebook,EMTA,2012,"INDEC 'Encuesta Mundial de Tabaquismo en Adultos, Base de datos usuario, Diseño de registro, Argentina 2012': the build script reads EMTA2012_Argentina_BaseUsuario.txt; the record design lists the table's items har04a har04b h05 h06 with their codes",2026-10-04
argentina_2013_reproductive_awareness,https://www.indec.gob.ar/ftp/cuadros/menusuperior/enssyr/ENSSyR_doc_utilizacion_bases_usuario.pdf,ENSSyR_doc_utilizacion_bases_usuario.pdf,codebook,ENSSyR,2013,"INDEC 'ENSSyR Encuesta Nacional sobre Salud Sexual y Reproductiva 2013, Documento para la utilización de las bases de datos usuario', with separate record designs for Mujeres and Varones: the build script reads ENSSyR_Mujeres_BaseUsuario.txt and ENSSyR_Varones_BaseUsuario.txt; covers the table's items mits01_01-mits01_10 / vits01_01-vits01_10",2026-10-04
argentina_2013_reproductive_transmission,https://www.indec.gob.ar/ftp/cuadros/menusuperior/enssyr/ENSSyR_doc_utilizacion_bases_usuario.pdf,ENSSyR_doc_utilizacion_bases_usuario.pdf,codebook,ENSSyR,2013,"INDEC 'ENSSyR Encuesta Nacional sobre Salud Sexual y Reproductiva 2013, Documento para la utilización de las bases de datos usuario', with separate record designs for Mujeres and Varones: the build script reads ENSSyR_Mujeres_BaseUsuario.txt and ENSSyR_Varones_BaseUsuario.txt; covers the table's items mits03-mits06 / vits03-vits06",2026-10-04
argentina_2017_victimization_confidence,https://www.indec.gob.ar/ftp/cuadros/menusuperior/env/env2017_diccionario_registros.pdf,env2017_diccionario_registros.pdf,codebook,ENV,2017,"INDEC 'Encuesta Nacional de Victimización 2017, Documento para la utilización de la base de datos usuario' (diccionario de registros): the build script reads ENV2017_Baseusuario.sav; covers the table's items ids02a-ids02f",2026-10-04
argentina_2017_victimization_confidence,https://www.indec.gob.ar/ftp/cuadros/sociedad/env_cuestionario_06_17.pdf,env_cuestionario_06_17.pdf,questionnaire,ENV,2017,"Questionnaire headed 'ENV Encuesta Nacional de Victimización 2017, Cuestionario' (watermarked 'Muestra'), linked from the ENV 2017 page; its PS (percepción de seguridad ciudadana), MS (medidas de seguridad) and institutions chapters hold the table's items ids02a-ids02f",2026-10-04
argentina_2017_victimization_disorder,https://www.indec.gob.ar/ftp/cuadros/menusuperior/env/env2017_diccionario_registros.pdf,env2017_diccionario_registros.pdf,codebook,ENV,2017,"INDEC 'Encuesta Nacional de Victimización 2017, Documento para la utilización de la base de datos usuario' (diccionario de registros): the build script reads ENV2017_Baseusuario.sav; covers the table's items ips03a-ips03i",2026-10-04
argentina_2017_victimization_disorder,https://www.indec.gob.ar/ftp/cuadros/sociedad/env_cuestionario_06_17.pdf,env_cuestionario_06_17.pdf,questionnaire,ENV,2017,"Questionnaire headed 'ENV Encuesta Nacional de Victimización 2017, Cuestionario' (watermarked 'Muestra'), linked from the ENV 2017 page; its PS (percepción de seguridad ciudadana), MS (medidas de seguridad) and institutions chapters hold the table's items ips03a-ips03i",2026-10-04
argentina_2017_victimization_fairness,https://www.indec.gob.ar/ftp/cuadros/menusuperior/env/env2017_diccionario_registros.pdf,env2017_diccionario_registros.pdf,codebook,ENV,2017,"INDEC 'Encuesta Nacional de Victimización 2017, Documento para la utilización de la base de datos usuario' (diccionario de registros): the build script reads ENV2017_Baseusuario.sav; covers the table's items ids13a-ids13d",2026-10-04
argentina_2017_victimization_fairness,https://www.indec.gob.ar/ftp/cuadros/sociedad/env_cuestionario_06_17.pdf,env_cuestionario_06_17.pdf,questionnaire,ENV,2017,"Questionnaire headed 'ENV Encuesta Nacional de Victimización 2017, Cuestionario' (watermarked 'Muestra'), linked from the ENV 2017 page; its PS (percepción de seguridad ciudadana), MS (medidas de seguridad) and institutions chapters hold the table's items ids13a-ids13d",2026-10-04
argentina_2017_victimization_fear,https://www.indec.gob.ar/ftp/cuadros/menusuperior/env/env2017_diccionario_registros.pdf,env2017_diccionario_registros.pdf,codebook,ENV,2017,"INDEC 'Encuesta Nacional de Victimización 2017, Documento para la utilización de la base de datos usuario' (diccionario de registros): the build script reads ENV2017_Baseusuario.sav; covers the table's items ips02a-ips02j",2026-10-04
argentina_2017_victimization_fear,https://www.indec.gob.ar/ftp/cuadros/sociedad/env_cuestionario_06_17.pdf,env_cuestionario_06_17.pdf,questionnaire,ENV,2017,"Questionnaire headed 'ENV Encuesta Nacional de Victimización 2017, Cuestionario' (watermarked 'Muestra'), linked from the ENV 2017 page; its PS (percepción de seguridad ciudadana), MS (medidas de seguridad) and institutions chapters hold the table's items ips02a-ips02j",2026-10-04
argentina_2017_victimization_performance,https://www.indec.gob.ar/ftp/cuadros/menusuperior/env/env2017_diccionario_registros.pdf,env2017_diccionario_registros.pdf,codebook,ENV,2017,"INDEC 'Encuesta Nacional de Victimización 2017, Documento para la utilización de la base de datos usuario' (diccionario de registros): the build script reads ENV2017_Baseusuario.sav; covers the table's items ids04 ids12",2026-10-04
argentina_2017_victimization_performance,https://www.indec.gob.ar/ftp/cuadros/sociedad/env_cuestionario_06_17.pdf,env_cuestionario_06_17.pdf,questionnaire,ENV,2017,"Questionnaire headed 'ENV Encuesta Nacional de Victimización 2017, Cuestionario' (watermarked 'Muestra'), linked from the ENV 2017 page; its PS (percepción de seguridad ciudadana), MS (medidas de seguridad) and institutions chapters hold the table's items ids04 ids12",2026-10-04
argentina_2017_victimization_precaution,https://www.indec.gob.ar/ftp/cuadros/menusuperior/env/env2017_diccionario_registros.pdf,env2017_diccionario_registros.pdf,codebook,ENV,2017,"INDEC 'Encuesta Nacional de Victimización 2017, Documento para la utilización de la base de datos usuario' (diccionario de registros): the build script reads ENV2017_Baseusuario.sav; covers the table's items ims10a-ims10m",2026-10-04
argentina_2017_victimization_precaution,https://www.indec.gob.ar/ftp/cuadros/sociedad/env_cuestionario_06_17.pdf,env_cuestionario_06_17.pdf,questionnaire,ENV,2017,"Questionnaire headed 'ENV Encuesta Nacional de Victimización 2017, Cuestionario' (watermarked 'Muestra'), linked from the ENV 2017 page; its PS (percepción de seguridad ciudadana), MS (medidas de seguridad) and institutions chapters hold the table's items ims10a-ims10m",2026-10-04
argentina_2017_victimization_trend,https://www.indec.gob.ar/ftp/cuadros/menusuperior/env/env2017_diccionario_registros.pdf,env2017_diccionario_registros.pdf,codebook,ENV,2017,"INDEC 'Encuesta Nacional de Victimización 2017, Documento para la utilización de la base de datos usuario' (diccionario de registros): the build script reads ENV2017_Baseusuario.sav; covers the table's items ips04a-ips04d",2026-10-04
argentina_2017_victimization_trend,https://www.indec.gob.ar/ftp/cuadros/sociedad/env_cuestionario_06_17.pdf,env_cuestionario_06_17.pdf,questionnaire,ENV,2017,"Questionnaire headed 'ENV Encuesta Nacional de Victimización 2017, Cuestionario' (watermarked 'Muestra'), linked from the ENV 2017 page; its PS (percepción de seguridad ciudadana), MS (medidas de seguridad) and institutions chapters hold the table's items ips04a-ips04d",2026-10-04
argentina_2018_risk_problems,https://www.indec.gob.ar/ftp/cuadros/menusuperior/enfr/diccionario_registros_enfr2018.xls,diccionario_registros_enfr2018.xls (sheet 1.Diccionario ENFR),codebook,ENFR,2018,"INDEC diccionario de registros headed 'Base usuario ENFR-2018': the build script reads 'ENFR 2018 - Base usuario.txt'; rows bisg02-bisg06 (EQ-5D mobility, self-care, activities, pain, anxiety) are the table's items for 2018",2026-10-04
argentina_2018_risk_problems,https://www.indec.gob.ar/ftp/cuadros/menusuperior/enfr/doc_base_usuario_enfr2005.pdf,doc_base_usuario_enfr2005.pdf,codebook,ENFR,2005,"INDEC ENFR 2005 'Documento para la utilización de la base de datos usuario': the build script reads 'ENFR-2005 Base Usuario.txt'; lists cisg02-cisg06, the table's items for 2005",2026-10-04
argentina_2018_risk_problems,https://www.indec.gob.ar/ftp/cuadros/menusuperior/enfr/doc_base_usuario_enfr2009.pdf,doc_base_usuario_enfr2009.pdf,codebook,ENFR,2009,"INDEC base-usuario document for the Encuesta Nacional de Factores de Riesgo 2009 (ENFR-2009 named in its presentation): the build script reads 'ENFR-2009 Base Usuario.txt'; lists bisg02-bisg06, the table's items for 2009",2026-10-04
argentina_2018_risk_problems,https://www.indec.gob.ar/ftp/cuadros/menusuperior/enfr/doc_base_usuario_enfr2013.pdf,doc_base_usuario_enfr2013.pdf,codebook,ENFR,2013,"INDEC 'Encuesta Nacional de Factores de Riesgo 2013, Documento para la utilización de la base de datos usuario': the build script reads ENFR2013_baseusuario.txt; lists bisg02-bisg06, the table's items for 2013",2026-10-04
argentina_2018_risk_problems,https://www.indec.gob.ar/ftp/cuadros/menusuperior/enfr/cuestionario_enfr2009.pdf,cuestionario_enfr2009.pdf,questionnaire,ENFR,2009,Scanned questionnaire headed 'Encuesta Nacional de Factores de Riesgo 2009'; Bloque individual section 5 Salud General (SG) questions 2-6 are the table's items for 2009,2026-10-04
argentina_2018_risk_problems,https://www.indec.gob.ar/ftp/cuadros/menusuperior/enfr/enfr2005_cuestionarioindividual_web.pdf,enfr2005_cuestionarioindividual_web.pdf,questionnaire,ENFR,2005,"Scanned 'Encuesta Nacional de Factores de Riesgo 2005, Cuestionario individual (18 años y más)'; section 3 Salud General (SG) questions 2-6 are the table's items for 2005",2026-10-04
argentina_2018_risk_problems,https://www.indec.gob.ar/ftp/cuadros/sociedad/cuestionario_enfr_2018.pdf,cuestionario_enfr_2018.pdf,questionnaire,ENFR,2018,"Questionnaire headed 'Encuesta Nacional de Factores de Riesgo 2018'; its general-health block asks questions 2-6 (movilidad ... ansiedad/depresión), the table's items for 2018",2026-10-04
chile_2023_children-adolescents-survey_aa,https://observatorio.ministeriodesarrollosocial.gob.cl/storage/docs/eanna/2023/Libro_de_codigos_EANNA_2023.xlsx,Libro_de_codigos_EANNA_2023.xlsx,codebook,EANNA,2023,"MDSF 'LIBRO DE CÓDIGOS BASE DE DATOS EANNA 2023' (same codebook listed on the bidat.gob.cl dataset page) for 'Base de datos EANNA 2023.dta', which the build script reads; sheet '4. NNA' lists the table's items a3 a5_1 a5_2 ... a11_99 a12 (all 38)",2026-10-04
chile_2023_children-adolescents-survey_aa,https://observatorio.ministeriodesarrollosocial.gob.cl/storage/docs/eanna/2023/Cuestionario_Ninos_Ninas_y_Adolescentes_9_a_17_anos_EANNA_2023.pdf,Cuestionario_Ninos_Ninas_y_Adolescentes_9_a_17_anos_EANNA_2023.pdf,questionnaire,EANNA,2023,"EANNA 2023's own 'Niños, Niñas y Adolescentes 9 a 17 años' questionnaire (cover: CUESTIONARIO Niños, Niñas y Adolescentes 9 a 17 años; text names EANNA 2023), linked from the codebook's Cuestionarios sheet; covers the table's questions (a8_*/a9_*/a11_* are option codes of multi-select questions a8, a9, a11)",2026-10-04
chile_2023_children-adolescents-survey_cp_a,https://observatorio.ministeriodesarrollosocial.gob.cl/storage/docs/eanna/2023/Libro_de_codigos_EANNA_2023.xlsx,Libro_de_codigos_EANNA_2023.xlsx,codebook,EANNA,2023,"MDSF 'LIBRO DE CÓDIGOS BASE DE DATOS EANNA 2023' (same codebook listed on the bidat.gob.cl dataset page) for 'Base de datos EANNA 2023.dta', which the build script reads; sheet '2. Cuidador(a) Principal' lists the table's items ac1_1 ac1_2 ac1_3 ... ac6_4 ac6_77 (all 30)",2026-10-04
chile_2023_children-adolescents-survey_cp_a,https://observatorio.ministeriodesarrollosocial.gob.cl/storage/docs/eanna/2023/Cuestionario_Cuidador_Principal_EANNA_2023.pdf,Cuestionario_Cuidador_Principal_EANNA_2023.pdf,questionnaire,EANNA,2023,"EANNA 2023's own 'Cuidador(a) Principal' questionnaire (cover: CUESTIONARIO Cuidador(a) Principal; text names EANNA 2023), linked from the codebook's Cuestionarios sheet; covers the table's questions",2026-10-04
chile_2023_children-adolescents-survey_cp_c,https://observatorio.ministeriodesarrollosocial.gob.cl/storage/docs/eanna/2023/Libro_de_codigos_EANNA_2023.xlsx,Libro_de_codigos_EANNA_2023.xlsx,codebook,EANNA,2023,"MDSF 'LIBRO DE CÓDIGOS BASE DE DATOS EANNA 2023' (same codebook listed on the bidat.gob.cl dataset page) for 'Base de datos EANNA 2023.dta', which the build script reads; sheet '2. Cuidador(a) Principal' lists the table's items cp2_1 cp2_10 cp2_2 ... cp8_5 cp8_6 (all 34)",2026-10-04
chile_2023_children-adolescents-survey_cp_c,https://observatorio.ministeriodesarrollosocial.gob.cl/storage/docs/eanna/2023/Cuestionario_Cuidador_Principal_EANNA_2023.pdf,Cuestionario_Cuidador_Principal_EANNA_2023.pdf,questionnaire,EANNA,2023,"EANNA 2023's own 'Cuidador(a) Principal' questionnaire (cover: CUESTIONARIO Cuidador(a) Principal; text names EANNA 2023), linked from the codebook's Cuestionarios sheet; covers the table's questions (cp2_* are option codes of multi-select question cp2)",2026-10-04
chile_2023_children-adolescents-survey_g,https://observatorio.ministeriodesarrollosocial.gob.cl/storage/docs/eanna/2023/Libro_de_codigos_EANNA_2023.xlsx,Libro_de_codigos_EANNA_2023.xlsx,codebook,EANNA,2023,"MDSF 'LIBRO DE CÓDIGOS BASE DE DATOS EANNA 2023' (same codebook listed on the bidat.gob.cl dataset page) for 'Base de datos EANNA 2023.dta', which the build script reads; sheet '5. Autoaplicado' lists the table's items g1_1 g1_2 g1_3 g1_4 g1_5 g1_6 g1_7 g1_8",2026-10-04
chile_2023_children-adolescents-survey_g,https://observatorio.ministeriodesarrollosocial.gob.cl/storage/docs/eanna/2023/Cuestionario_Autoaplicado_NNA_9_a_17_anos_EANNA_2023.pdf,Cuestionario_Autoaplicado_NNA_9_a_17_anos_EANNA_2023.pdf,questionnaire,EANNA,2023,"EANNA 2023's own 'Autoaplicado Niños, Niñas y Adolescentes 9 a 17 años' questionnaire (cover: CUESTIONARIO Autoaplicado Niños, Niñas y Adolescentes 9 a 17 años; text names EANNA 2023), linked from the codebook's Cuestionarios sheet; covers the table's questions",2026-10-04
chile_2023_children-adolescents-survey_k,https://observatorio.ministeriodesarrollosocial.gob.cl/storage/docs/eanna/2023/Libro_de_codigos_EANNA_2023.xlsx,Libro_de_codigos_EANNA_2023.xlsx,codebook,EANNA,2023,"MDSF 'LIBRO DE CÓDIGOS BASE DE DATOS EANNA 2023' (same codebook listed on the bidat.gob.cl dataset page) for 'Base de datos EANNA 2023.dta', which the build script reads; sheet '5. Autoaplicado' lists the table's items k1 k2 k3 ... k27 k28 (all 28)",2026-10-04
chile_2023_children-adolescents-survey_k,https://observatorio.ministeriodesarrollosocial.gob.cl/storage/docs/eanna/2023/Cuestionario_Autoaplicado_NNA_9_a_17_anos_EANNA_2023.pdf,Cuestionario_Autoaplicado_NNA_9_a_17_anos_EANNA_2023.pdf,questionnaire,EANNA,2023,"EANNA 2023's own 'Autoaplicado Niños, Niñas y Adolescentes 9 a 17 años' questionnaire (cover: CUESTIONARIO Autoaplicado Niños, Niñas y Adolescentes 9 a 17 años; text names EANNA 2023), linked from the codebook's Cuestionarios sheet; covers the table's questions",2026-10-04
chile_2023_children-adolescents-survey_n,https://observatorio.ministeriodesarrollosocial.gob.cl/storage/docs/eanna/2023/Libro_de_codigos_EANNA_2023.xlsx,Libro_de_codigos_EANNA_2023.xlsx,codebook,EANNA,2023,"MDSF 'LIBRO DE CÓDIGOS BASE DE DATOS EANNA 2023' (same codebook listed on the bidat.gob.cl dataset page) for 'Base de datos EANNA 2023.dta', which the build script reads; sheet '3. NN' lists the table's items n5 n6 n7_1 ... n15 n16 (all 41)",2026-10-04
chile_2023_children-adolescents-survey_n,https://observatorio.ministeriodesarrollosocial.gob.cl/storage/docs/eanna/2023/Cuestionario_Ninos_y_Ninas_5_a_8_anos_EANNA_2023.pdf,Cuestionario_Ninos_y_Ninas_5_a_8_anos_EANNA_2023.pdf,questionnaire,EANNA,2023,"EANNA 2023's own 'Niños y Niñas 5 a 8 años' questionnaire (cover: CUESTIONARIO Niños y Niñas 5 a 8 años; text names EANNA 2023), linked from the codebook's Cuestionarios sheet; covers the table's questions (n7_*/n8_* are option codes of multi-select questions n7 and n8)",2026-10-04
chile_2023_social-welfare-survey_a,https://observatorio.ministeriodesarrollosocial.gob.cl/storage/docs/bienestar-social/2023/Libro_de_codigos_EBS_2023.xlsx,Libro_de_codigos_EBS_2023.xlsx,codebook,EBS,2023,"MDSF 'LIBRO DE CÓDIGOS BASE DE DATOS ENCUESTA DE BIENESTAR SOCIAL 2023' (same codebook listed on the bidat.gob.cl dataset page) for 'Base de datos EBS 2023.dta', which the build script reads; module sheets list the table's items a1 a2_a a2_b ... a11 a12 (all 15)",2026-10-04
chile_2023_social-welfare-survey_a,https://observatorio.ministeriodesarrollosocial.gob.cl/storage/docs/bienestar-social/2023/Cuestionario_EBS_2023_241001.pdf,Cuestionario_EBS_2023_241001.pdf,questionnaire,EBS,2023,Cover reads 'CUESTIONARIO Encuesta de Bienestar Social 2023'; question codes match the table's items,2026-10-04
chile_2023_social-welfare-survey_ee,https://observatorio.ministeriodesarrollosocial.gob.cl/storage/docs/bienestar-social/2023/Libro_de_codigos_EBS_2023.xlsx,Libro_de_codigos_EBS_2023.xlsx,codebook,EBS,2023,"MDSF 'LIBRO DE CÓDIGOS BASE DE DATOS ENCUESTA DE BIENESTAR SOCIAL 2023' (same codebook listed on the bidat.gob.cl dataset page) for 'Base de datos EBS 2023.dta', which the build script reads; module sheets list the table's items ee1_a ee1_b ee1_c ee2 ee3 ee4 ee5",2026-10-04
chile_2023_social-welfare-survey_ee,https://observatorio.ministeriodesarrollosocial.gob.cl/storage/docs/bienestar-social/2023/Cuestionario_EBS_2023_241001.pdf,Cuestionario_EBS_2023_241001.pdf,questionnaire,EBS,2023,Cover reads 'CUESTIONARIO Encuesta de Bienestar Social 2023'; question codes match the table's items,2026-10-04
chile_2023_social-welfare-survey_f,https://observatorio.ministeriodesarrollosocial.gob.cl/storage/docs/bienestar-social/2023/Libro_de_codigos_EBS_2023.xlsx,Libro_de_codigos_EBS_2023.xlsx,codebook,EBS,2023,"MDSF 'LIBRO DE CÓDIGOS BASE DE DATOS ENCUESTA DE BIENESTAR SOCIAL 2023' (same codebook listed on the bidat.gob.cl dataset page) for 'Base de datos EBS 2023.dta', which the build script reads; module sheets list the table's items f1 f2_a f2_b ... f5_c f6 (all 24)",2026-10-04
chile_2023_social-welfare-survey_f,https://observatorio.ministeriodesarrollosocial.gob.cl/storage/docs/bienestar-social/2023/Cuestionario_EBS_2023_241001.pdf,Cuestionario_EBS_2023_241001.pdf,questionnaire,EBS,2023,Cover reads 'CUESTIONARIO Encuesta de Bienestar Social 2023'; question codes match the table's items (f4_* are option codes of multi-select question f4),2026-10-04
chile_2023_social-welfare-survey_g,https://observatorio.ministeriodesarrollosocial.gob.cl/storage/docs/bienestar-social/2023/Libro_de_codigos_EBS_2023.xlsx,Libro_de_codigos_EBS_2023.xlsx,codebook,EBS,2023,"MDSF 'LIBRO DE CÓDIGOS BASE DE DATOS ENCUESTA DE BIENESTAR SOCIAL 2023' (same codebook listed on the bidat.gob.cl dataset page) for 'Base de datos EBS 2023.dta', which the build script reads; module sheets list the table's items g1 g2 g3_a ... g4_d g4_e (all 13)",2026-10-04
chile_2023_social-welfare-survey_g,https://observatorio.ministeriodesarrollosocial.gob.cl/storage/docs/bienestar-social/2023/Cuestionario_EBS_2023_241001.pdf,Cuestionario_EBS_2023_241001.pdf,questionnaire,EBS,2023,Cover reads 'CUESTIONARIO Encuesta de Bienestar Social 2023'; question codes match the table's items,2026-10-04
chile_2023_social-welfare-survey_h,https://observatorio.ministeriodesarrollosocial.gob.cl/storage/docs/bienestar-social/2023/Libro_de_codigos_EBS_2023.xlsx,Libro_de_codigos_EBS_2023.xlsx,codebook,EBS,2023,"MDSF 'LIBRO DE CÓDIGOS BASE DE DATOS ENCUESTA DE BIENESTAR SOCIAL 2023' (same codebook listed on the bidat.gob.cl dataset page) for 'Base de datos EBS 2023.dta', which the build script reads; module sheets list the table's items h1 h2_a h2_b ... h4_b h4_c (all 13)",2026-10-04
chile_2023_social-welfare-survey_h,https://observatorio.ministeriodesarrollosocial.gob.cl/storage/docs/bienestar-social/2023/Cuestionario_EBS_2023_241001.pdf,Cuestionario_EBS_2023_241001.pdf,questionnaire,EBS,2023,Cover reads 'CUESTIONARIO Encuesta de Bienestar Social 2023'; question codes match the table's items,2026-10-04
chile_2023_social-welfare-survey_oo,https://observatorio.ministeriodesarrollosocial.gob.cl/storage/docs/bienestar-social/2023/Libro_de_codigos_EBS_2023.xlsx,Libro_de_codigos_EBS_2023.xlsx,codebook,EBS,2023,"MDSF 'LIBRO DE CÓDIGOS BASE DE DATOS ENCUESTA DE BIENESTAR SOCIAL 2023' (same codebook listed on the bidat.gob.cl dataset page) for 'Base de datos EBS 2023.dta', which the build script reads; module sheets list the table's items oo1 oo2 oo3_a ... oo8_b oo8_c (all 17)",2026-10-04
chile_2023_social-welfare-survey_oo,https://observatorio.ministeriodesarrollosocial.gob.cl/storage/docs/bienestar-social/2023/Cuestionario_EBS_2023_241001.pdf,Cuestionario_EBS_2023_241001.pdf,questionnaire,EBS,2023,Cover reads 'CUESTIONARIO Encuesta de Bienestar Social 2023'; question codes match the table's items,2026-10-04
chile_2023_social-welfare-survey_rr,https://observatorio.ministeriodesarrollosocial.gob.cl/storage/docs/bienestar-social/2023/Libro_de_codigos_EBS_2023.xlsx,Libro_de_codigos_EBS_2023.xlsx,codebook,EBS,2023,"MDSF 'LIBRO DE CÓDIGOS BASE DE DATOS ENCUESTA DE BIENESTAR SOCIAL 2023' (same codebook listed on the bidat.gob.cl dataset page) for 'Base de datos EBS 2023.dta', which the build script reads; module sheets list the table's items rr1 rr2_a rr2_b ... rr6_m rr6_n (all 33)",2026-10-04
chile_2023_social-welfare-survey_rr,https://observatorio.ministeriodesarrollosocial.gob.cl/storage/docs/bienestar-social/2023/Cuestionario_EBS_2023_241001.pdf,Cuestionario_EBS_2023_241001.pdf,questionnaire,EBS,2023,Cover reads 'CUESTIONARIO Encuesta de Bienestar Social 2023'; question codes match the table's items,2026-10-04
chile_2023_social-welfare-survey_ss,https://observatorio.ministeriodesarrollosocial.gob.cl/storage/docs/bienestar-social/2023/Libro_de_codigos_EBS_2023.xlsx,Libro_de_codigos_EBS_2023.xlsx,codebook,EBS,2023,"MDSF 'LIBRO DE CÓDIGOS BASE DE DATOS ENCUESTA DE BIENESTAR SOCIAL 2023' (same codebook listed on the bidat.gob.cl dataset page) for 'Base de datos EBS 2023.dta', which the build script reads; module sheets list the table's items ss1 ss2_a ss2_b ... ss7_d ss8 (all 13)",2026-10-04
chile_2023_social-welfare-survey_ss,https://observatorio.ministeriodesarrollosocial.gob.cl/storage/docs/bienestar-social/2023/Cuestionario_EBS_2023_241001.pdf,Cuestionario_EBS_2023_241001.pdf,questionnaire,EBS,2023,Cover reads 'CUESTIONARIO Encuesta de Bienestar Social 2023'; question codes match the table's items,2026-10-04
chile_2023_social-welfare-survey_u,https://observatorio.ministeriodesarrollosocial.gob.cl/storage/docs/bienestar-social/2023/Libro_de_codigos_EBS_2023.xlsx,Libro_de_codigos_EBS_2023.xlsx,codebook,EBS,2023,"MDSF 'LIBRO DE CÓDIGOS BASE DE DATOS ENCUESTA DE BIENESTAR SOCIAL 2023' (same codebook listed on the bidat.gob.cl dataset page) for 'Base de datos EBS 2023.dta', which the build script reads; module sheets list the table's items u1 u2 u3 ... u21 u22 (all 24)",2026-10-04
chile_2023_social-welfare-survey_u,https://observatorio.ministeriodesarrollosocial.gob.cl/storage/docs/bienestar-social/2023/Cuestionario_EBS_2023_241001.pdf,Cuestionario_EBS_2023_241001.pdf,questionnaire,EBS,2023,Cover reads 'CUESTIONARIO Encuesta de Bienestar Social 2023'; question codes match the table's items,2026-10-04
chile_2023_social-welfare-survey_vv,https://observatorio.ministeriodesarrollosocial.gob.cl/storage/docs/bienestar-social/2023/Libro_de_codigos_EBS_2023.xlsx,Libro_de_codigos_EBS_2023.xlsx,codebook,EBS,2023,"MDSF 'LIBRO DE CÓDIGOS BASE DE DATOS ENCUESTA DE BIENESTAR SOCIAL 2023' (same codebook listed on the bidat.gob.cl dataset page) for 'Base de datos EBS 2023.dta', which the build script reads; module sheets list the table's items vv1_a vv1_b vv1_c vv2 vv3",2026-10-04
chile_2023_social-welfare-survey_vv,https://observatorio.ministeriodesarrollosocial.gob.cl/storage/docs/bienestar-social/2023/Cuestionario_EBS_2023_241001.pdf,Cuestionario_EBS_2023_241001.pdf,questionnaire,EBS,2023,Cover reads 'CUESTIONARIO Encuesta de Bienestar Social 2023'; question codes match the table's items,2026-10-04
chile_2023_social-welfare-survey_yy,https://observatorio.ministeriodesarrollosocial.gob.cl/storage/docs/bienestar-social/2023/Libro_de_codigos_EBS_2023.xlsx,Libro_de_codigos_EBS_2023.xlsx,codebook,EBS,2023,"MDSF 'LIBRO DE CÓDIGOS BASE DE DATOS ENCUESTA DE BIENESTAR SOCIAL 2023' (same codebook listed on the bidat.gob.cl dataset page) for 'Base de datos EBS 2023.dta', which the build script reads; module sheets list the table's items yy1 yy2 yy4 yy5 yy5_a",2026-10-04
chile_2023_social-welfare-survey_yy,https://observatorio.ministeriodesarrollosocial.gob.cl/storage/docs/bienestar-social/2023/Cuestionario_EBS_2023_241001.pdf,Cuestionario_EBS_2023_241001.pdf,questionnaire,EBS,2023,Cover reads 'CUESTIONARIO Encuesta de Bienestar Social 2023'; question codes match the table's items,2026-10-04
chile_2024_safety_aggression,https://www.ine.gob.cl/docs/default-source/seguridad-ciudadana/manuales/2024/diccionario-de-variables---enusc-2024.xlsx?sfvrsn=9580ff23_2,diccionario-de-variables---enusc-2024.xlsx,codebook,ENUSC,2024,"INE's 'Diccionario de variables - ENUSC 2024' (Manuales/2024 folder of the ENUSC download area) for the file the build script reads, base-de-datos---enusc-2024-csv.csv; the sheet lists every one of the table's items by name with value labels: screen_rob_agr agr_denuncias agr_personal",2026-10-04
chile_2024_safety_aggression,https://www.ine.gob.cl/docs/default-source/seguridad-ciudadana/formularios/2024/cuestionario-capi---enusc-2024.pdf?sfvrsn=4321226d_2,cuestionario-capi---enusc-2024.pdf,questionnaire,ENUSC,2024,"INE's 'Cuestionario CAPI - ENUSC 2024' (Formularios/2024 folder), titled 'CUESTIONARIO ENUSC 2024'; the table's items appear by their variable codes",2026-10-04
chile_2024_safety_assault,https://www.ine.gob.cl/docs/default-source/seguridad-ciudadana/manuales/2024/diccionario-de-variables---enusc-2024.xlsx?sfvrsn=9580ff23_2,diccionario-de-variables---enusc-2024.xlsx,codebook,ENUSC,2024,"INE's 'Diccionario de variables - ENUSC 2024' (Manuales/2024 folder of the ENUSC download area) for the file the build script reads, base-de-datos---enusc-2024-csv.csv; the sheet lists every one of the table's items by name with value labels: agr_acomp agr_conoce_resp agr_uso_arma ... agr_pav agr_pav_contac (all 11)",2026-10-04
chile_2024_safety_assault,https://www.ine.gob.cl/docs/default-source/seguridad-ciudadana/formularios/2024/cuestionario-capi---enusc-2024.pdf?sfvrsn=4321226d_2,cuestionario-capi---enusc-2024.pdf,questionnaire,ENUSC,2024,"INE's 'Cuestionario CAPI - ENUSC 2024' (Formularios/2024 folder), titled 'CUESTIONARIO ENUSC 2024'; variable codes match the table's items except all agr_* items (questionnaire uses AGRESION_* names), which appear under the questionnaire's own CAPI variable names",2026-10-04
chile_2024_safety_bankfraud,https://www.ine.gob.cl/docs/default-source/seguridad-ciudadana/manuales/2024/diccionario-de-variables---enusc-2024.xlsx?sfvrsn=9580ff23_2,diccionario-de-variables---enusc-2024.xlsx,codebook,ENUSC,2024,"INE's 'Diccionario de variables - ENUSC 2024' (Manuales/2024 folder of the ENUSC download area) for the file the build script reads, base-de-datos---enusc-2024-csv.csv; the sheet lists every one of the table's items by name with value labels: frb_denuncia frb_satisf_den frb_accion_policial frb_contacto_mp frb_denuncia_firma",2026-10-04
chile_2024_safety_bankfraud,https://www.ine.gob.cl/docs/default-source/seguridad-ciudadana/formularios/2024/cuestionario-capi---enusc-2024.pdf?sfvrsn=4321226d_2,cuestionario-capi---enusc-2024.pdf,questionnaire,ENUSC,2024,"INE's 'Cuestionario CAPI - ENUSC 2024' (Formularios/2024 folder), titled 'CUESTIONARIO ENUSC 2024'; the table's items appear by their variable codes",2026-10-04
chile_2024_safety_banking,https://www.ine.gob.cl/docs/default-source/seguridad-ciudadana/manuales/2024/diccionario-de-variables---enusc-2024.xlsx?sfvrsn=9580ff23_2,diccionario-de-variables---enusc-2024.xlsx,codebook,ENUSC,2024,"INE's 'Diccionario de variables - ENUSC 2024' (Manuales/2024 folder of the ENUSC download area) for the file the build script reads, base-de-datos---enusc-2024-csv.csv; the sheet lists every one of the table's items by name with value labels: screen_rob_frb frb_denuncias frb_personal",2026-10-04
chile_2024_safety_banking,https://www.ine.gob.cl/docs/default-source/seguridad-ciudadana/formularios/2024/cuestionario-capi---enusc-2024.pdf?sfvrsn=4321226d_2,cuestionario-capi---enusc-2024.pdf,questionnaire,ENUSC,2024,"INE's 'Cuestionario CAPI - ENUSC 2024' (Formularios/2024 folder), titled 'CUESTIONARIO ENUSC 2024'; the table's items appear by their variable codes",2026-10-04
chile_2024_safety_bribes,https://www.ine.gob.cl/docs/default-source/seguridad-ciudadana/manuales/2024/diccionario-de-variables---enusc-2024.xlsx?sfvrsn=9580ff23_2,diccionario-de-variables---enusc-2024.xlsx,codebook,ENUSC,2024,"INE's 'Diccionario de variables - ENUSC 2024' (Manuales/2024 folder of the ENUSC download area) for the file the build script reads, base-de-datos---enusc-2024-csv.csv; the sheet lists every one of the table's items by name with value labels: filtro_soborno screen_rob_sob sob_denuncias sob_personal",2026-10-04
chile_2024_safety_bribes,https://www.ine.gob.cl/docs/default-source/seguridad-ciudadana/formularios/2024/cuestionario-capi---enusc-2024.pdf?sfvrsn=4321226d_2,cuestionario-capi---enusc-2024.pdf,questionnaire,ENUSC,2024,"INE's 'Cuestionario CAPI - ENUSC 2024' (Formularios/2024 folder), titled 'CUESTIONARIO ENUSC 2024'; the table's items appear by their variable codes",2026-10-04
chile_2024_safety_carabineros,https://www.ine.gob.cl/docs/default-source/seguridad-ciudadana/manuales/2024/diccionario-de-variables---enusc-2024.xlsx?sfvrsn=9580ff23_2,diccionario-de-variables---enusc-2024.xlsx,codebook,ENUSC,2024,"INE's 'Diccionario de variables - ENUSC 2024' (Manuales/2024 folder of the ENUSC download area) for the file the build script reads, base-de-datos---enusc-2024-csv.csv; the sheet lists every one of the table's items by name with value labels: eval_carab_comuna_1 eval_carab_comuna_2 eval_carab_comuna_3 eval_carab_comuna_4 eval_carab_comuna_5 eval_carab_comuna_6 presencia_carabineros",2026-10-04
chile_2024_safety_carabineros,https://www.ine.gob.cl/docs/default-source/seguridad-ciudadana/formularios/2024/cuestionario-capi---enusc-2024.pdf?sfvrsn=4321226d_2,cuestionario-capi---enusc-2024.pdf,questionnaire,ENUSC,2024,"INE's 'Cuestionario CAPI - ENUSC 2024' (Formularios/2024 folder), titled 'CUESTIONARIO ENUSC 2024'; the table's items appear by their variable codes",2026-10-04
chile_2024_safety_context,https://www.ine.gob.cl/docs/default-source/seguridad-ciudadana/manuales/2024/diccionario-de-variables---enusc-2024.xlsx?sfvrsn=9580ff23_2,diccionario-de-variables---enusc-2024.xlsx,codebook,ENUSC,2024,"INE's 'Diccionario de variables - ENUSC 2024' (Manuales/2024 folder of the ENUSC download area) for the file the build script reads, base-de-datos---enusc-2024-csv.csv; the sheet lists every one of the table's items by name with value labels: p_acciones_vecinos_1 p_acciones_vecinos_2 p_acciones_vecinos_3 p_acciones_vecinos_4 p_acciones_vecinos_5",2026-10-04
chile_2024_safety_context,https://www.ine.gob.cl/docs/default-source/seguridad-ciudadana/formularios/2024/cuestionario-capi---enusc-2024.pdf?sfvrsn=4321226d_2,cuestionario-capi---enusc-2024.pdf,questionnaire,ENUSC,2024,"INE's 'Cuestionario CAPI - ENUSC 2024' (Formularios/2024 folder), titled 'CUESTIONARIO ENUSC 2024'; the table's items appear by their variable codes",2026-10-04
chile_2024_safety_cyberbullying,https://www.ine.gob.cl/docs/default-source/seguridad-ciudadana/manuales/2024/diccionario-de-variables---enusc-2024.xlsx?sfvrsn=9580ff23_2,diccionario-de-variables---enusc-2024.xlsx,codebook,ENUSC,2024,"INE's 'Diccionario de variables - ENUSC 2024' (Manuales/2024 folder of the ENUSC download area) for the file the build script reads, base-de-datos---enusc-2024-csv.csv; the sheet lists every one of the table's items by name with value labels: screen_rob_bully bully_denuncias bully_personal",2026-10-04
chile_2024_safety_cyberbullying,https://www.ine.gob.cl/docs/default-source/seguridad-ciudadana/formularios/2024/cuestionario-capi---enusc-2024.pdf?sfvrsn=4321226d_2,cuestionario-capi---enusc-2024.pdf,questionnaire,ENUSC,2024,"INE's 'Cuestionario CAPI - ENUSC 2024' (Formularios/2024 folder), titled 'CUESTIONARIO ENUSC 2024'; variable codes match the table's items except screen_rob_bully, which appear under the questionnaire's own CAPI variable names",2026-10-04
chile_2024_safety_cyberbullyingcharacterization,https://www.ine.gob.cl/docs/default-source/seguridad-ciudadana/manuales/2024/diccionario-de-variables---enusc-2024.xlsx?sfvrsn=9580ff23_2,diccionario-de-variables---enusc-2024.xlsx,codebook,ENUSC,2024,"INE's 'Diccionario de variables - ENUSC 2024' (Manuales/2024 folder of the ENUSC download area) for the file the build script reads, base-de-datos---enusc-2024-csv.csv; the sheet lists every one of the table's items by name with value labels: bully_identidad bully_odio bully_denuncia bully_satisf_den bully_accion_policial bully_contacto_mp bully_denuncia_firma",2026-10-04
chile_2024_safety_cyberbullyingcharacterization,https://www.ine.gob.cl/docs/default-source/seguridad-ciudadana/formularios/2024/cuestionario-capi---enusc-2024.pdf?sfvrsn=4321226d_2,cuestionario-capi---enusc-2024.pdf,questionnaire,ENUSC,2024,"INE's 'Cuestionario CAPI - ENUSC 2024' (Formularios/2024 folder), titled 'CUESTIONARIO ENUSC 2024'; the table's items appear by their variable codes",2026-10-04
chile_2024_safety_disturbances,https://www.ine.gob.cl/docs/default-source/seguridad-ciudadana/manuales/2024/diccionario-de-variables---enusc-2024.xlsx?sfvrsn=9580ff23_2,diccionario-de-variables---enusc-2024.xlsx,codebook,ENUSC,2024,"INE's 'Diccionario de variables - ENUSC 2024' (Manuales/2024 folder of the ENUSC download area) for the file the build script reads, base-de-datos---enusc-2024-csv.csv; the sheet lists every one of the table's items by name with value labels: p_desordenes_1 p_desordenes_2 p_desordenes_3 ... p_incivilidades_6 p_incivilidades_7 (all 15)",2026-10-04
chile_2024_safety_disturbances,https://www.ine.gob.cl/docs/default-source/seguridad-ciudadana/formularios/2024/cuestionario-capi---enusc-2024.pdf?sfvrsn=4321226d_2,cuestionario-capi---enusc-2024.pdf,questionnaire,ENUSC,2024,"INE's 'Cuestionario CAPI - ENUSC 2024' (Formularios/2024 folder), titled 'CUESTIONARIO ENUSC 2024'; the table's items appear by their variable codes",2026-10-04
chile_2024_safety_dwelling,https://www.ine.gob.cl/docs/default-source/seguridad-ciudadana/manuales/2024/diccionario-de-variables---enusc-2024.xlsx?sfvrsn=9580ff23_2,diccionario-de-variables---enusc-2024.xlsx,codebook,ENUSC,2024,"INE's 'Diccionario de variables - ENUSC 2024' (Manuales/2024 folder of the ENUSC download area) for the file the build script reads, base-de-datos---enusc-2024-csv.csv; the sheet lists every one of the table's items by name with value labels: screen_int_rfv screen_rob_rfv rfv_denuncias screen_rob_vandviv vandviv_denuncias",2026-10-04
chile_2024_safety_dwelling,https://www.ine.gob.cl/docs/default-source/seguridad-ciudadana/formularios/2024/cuestionario-capi---enusc-2024.pdf?sfvrsn=4321226d_2,cuestionario-capi---enusc-2024.pdf,questionnaire,ENUSC,2024,"INE's 'Cuestionario CAPI - ENUSC 2024' (Formularios/2024 folder), titled 'CUESTIONARIO ENUSC 2024'; the table's items appear by their variable codes",2026-10-04
chile_2024_safety_dwellingburglary,https://www.ine.gob.cl/docs/default-source/seguridad-ciudadana/manuales/2024/diccionario-de-variables---enusc-2024.xlsx?sfvrsn=9580ff23_2,diccionario-de-variables---enusc-2024.xlsx,codebook,ENUSC,2024,"INE's 'Diccionario de variables - ENUSC 2024' (Manuales/2024 folder of the ENUSC download area) for the file the build script reads, base-de-datos---enusc-2024-csv.csv; the sheet lists every one of the table's items by name with value labels: rfv_presente rfv_conoce_resp rfv_violencia ... rfv_pav_contac rfv_ingr_conf (all 13)",2026-10-04
chile_2024_safety_dwellingburglary,https://www.ine.gob.cl/docs/default-source/seguridad-ciudadana/formularios/2024/cuestionario-capi---enusc-2024.pdf?sfvrsn=4321226d_2,cuestionario-capi---enusc-2024.pdf,questionnaire,ENUSC,2024,"INE's 'Cuestionario CAPI - ENUSC 2024' (Formularios/2024 folder), titled 'CUESTIONARIO ENUSC 2024'; the table's items appear by their variable codes",2026-10-04
chile_2024_safety_dwellingvandalism,https://www.ine.gob.cl/docs/default-source/seguridad-ciudadana/manuales/2024/diccionario-de-variables---enusc-2024.xlsx?sfvrsn=9580ff23_2,diccionario-de-variables---enusc-2024.xlsx,codebook,ENUSC,2024,"INE's 'Diccionario de variables - ENUSC 2024' (Manuales/2024 folder of the ENUSC download area) for the file the build script reads, base-de-datos---enusc-2024-csv.csv; the sheet lists every one of the table's items by name with value labels: vandviv_conoce_resp vandviv_odio vandviv_denuncia vandviv_satisf_den vandviv_accion_policial vandviv_contacto_mp vandviv_denuncia_firma",2026-10-04
chile_2024_safety_dwellingvandalism,https://www.ine.gob.cl/docs/default-source/seguridad-ciudadana/formularios/2024/cuestionario-capi---enusc-2024.pdf?sfvrsn=4321226d_2,cuestionario-capi---enusc-2024.pdf,questionnaire,ENUSC,2024,"INE's 'Cuestionario CAPI - ENUSC 2024' (Formularios/2024 folder), titled 'CUESTIONARIO ENUSC 2024'; the table's items appear by their variable codes",2026-10-04
chile_2024_safety_extortion,https://www.ine.gob.cl/docs/default-source/seguridad-ciudadana/manuales/2024/diccionario-de-variables---enusc-2024.xlsx?sfvrsn=9580ff23_2,diccionario-de-variables---enusc-2024.xlsx,codebook,ENUSC,2024,"INE's 'Diccionario de variables - ENUSC 2024' (Manuales/2024 folder of the ENUSC download area) for the file the build script reads, base-de-datos---enusc-2024-csv.csv; the sheet lists every one of the table's items by name with value labels: screen_rob_ext ext_denuncias ext_personal",2026-10-04
chile_2024_safety_extortion,https://www.ine.gob.cl/docs/default-source/seguridad-ciudadana/formularios/2024/cuestionario-capi---enusc-2024.pdf?sfvrsn=4321226d_2,cuestionario-capi---enusc-2024.pdf,questionnaire,ENUSC,2024,"INE's 'Cuestionario CAPI - ENUSC 2024' (Formularios/2024 folder), titled 'CUESTIONARIO ENUSC 2024'; the table's items appear by their variable codes",2026-10-04
chile_2024_safety_extortioncharacterization,https://www.ine.gob.cl/docs/default-source/seguridad-ciudadana/manuales/2024/diccionario-de-variables---enusc-2024.xlsx?sfvrsn=9580ff23_2,diccionario-de-variables---enusc-2024.xlsx,codebook,ENUSC,2024,"INE's 'Diccionario de variables - ENUSC 2024' (Manuales/2024 folder of the ENUSC download area) for the file the build script reads, base-de-datos---enusc-2024-csv.csv; the sheet lists every one of the table's items by name with value labels: ext_conoce_resp ext_violencia ext_uso_arma ... ext_pav ext_pav_contac (all 12)",2026-10-04
chile_2024_safety_extortioncharacterization,https://www.ine.gob.cl/docs/default-source/seguridad-ciudadana/formularios/2024/cuestionario-capi---enusc-2024.pdf?sfvrsn=4321226d_2,cuestionario-capi---enusc-2024.pdf,questionnaire,ENUSC,2024,"INE's 'Cuestionario CAPI - ENUSC 2024' (Formularios/2024 folder), titled 'CUESTIONARIO ENUSC 2024'; the table's items appear by their variable codes",2026-10-04
chile_2024_safety_fear,https://www.ine.gob.cl/docs/default-source/seguridad-ciudadana/manuales/2024/diccionario-de-variables---enusc-2024.xlsx?sfvrsn=9580ff23_2,diccionario-de-variables---enusc-2024.xlsx,codebook,ENUSC,2024,"INE's 'Diccionario de variables - ENUSC 2024' (Manuales/2024 folder of the ENUSC download area) for the file the build script reads, base-de-datos---enusc-2024-csv.csv; the sheet lists every one of the table's items by name with value labels: p_expos_delito p_mod_actividades_1 p_mod_actividades_2 ... p_mod_actividades_13 p_mod_actividades_14 (all 15)",2026-10-04
chile_2024_safety_fear,https://www.ine.gob.cl/docs/default-source/seguridad-ciudadana/formularios/2024/cuestionario-capi---enusc-2024.pdf?sfvrsn=4321226d_2,cuestionario-capi---enusc-2024.pdf,questionnaire,ENUSC,2024,"INE's 'Cuestionario CAPI - ENUSC 2024' (Formularios/2024 folder), titled 'CUESTIONARIO ENUSC 2024'; the table's items appear by their variable codes",2026-10-04
chile_2024_safety_hacking,https://www.ine.gob.cl/docs/default-source/seguridad-ciudadana/manuales/2024/diccionario-de-variables---enusc-2024.xlsx?sfvrsn=9580ff23_2,diccionario-de-variables---enusc-2024.xlsx,codebook,ENUSC,2024,"INE's 'Diccionario de variables - ENUSC 2024' (Manuales/2024 folder of the ENUSC download area) for the file the build script reads, base-de-datos---enusc-2024-csv.csv; the sheet lists every one of the table's items by name with value labels: screen_rob_hack hack_denuncias hack_personal",2026-10-04
chile_2024_safety_hacking,https://www.ine.gob.cl/docs/default-source/seguridad-ciudadana/formularios/2024/cuestionario-capi---enusc-2024.pdf?sfvrsn=4321226d_2,cuestionario-capi---enusc-2024.pdf,questionnaire,ENUSC,2024,"INE's 'Cuestionario CAPI - ENUSC 2024' (Formularios/2024 folder), titled 'CUESTIONARIO ENUSC 2024'; variable codes match the table's items except screen_rob_hack hack_denuncias hack_personal, which appear under the questionnaire's own CAPI variable names",2026-10-04
chile_2024_safety_hackingcharacterization,https://www.ine.gob.cl/docs/default-source/seguridad-ciudadana/manuales/2024/diccionario-de-variables---enusc-2024.xlsx?sfvrsn=9580ff23_2,diccionario-de-variables---enusc-2024.xlsx,codebook,ENUSC,2024,"INE's 'Diccionario de variables - ENUSC 2024' (Manuales/2024 folder of the ENUSC download area) for the file the build script reads, base-de-datos---enusc-2024-csv.csv; the sheet lists every one of the table's items by name with value labels: hack_dinero hack_denuncia hack_satisf_den hack_accion_policial hack_contacto_mp hack_denuncia_firma",2026-10-04
chile_2024_safety_hackingcharacterization,https://www.ine.gob.cl/docs/default-source/seguridad-ciudadana/formularios/2024/cuestionario-capi---enusc-2024.pdf?sfvrsn=4321226d_2,cuestionario-capi---enusc-2024.pdf,questionnaire,ENUSC,2024,"INE's 'Cuestionario CAPI - ENUSC 2024' (Formularios/2024 folder), titled 'CUESTIONARIO ENUSC 2024'; the table's items appear by their variable codes",2026-10-04
chile_2024_safety_harassmentcharacterization,https://www.ine.gob.cl/docs/default-source/seguridad-ciudadana/manuales/2024/diccionario-de-variables---enusc-2024.xlsx?sfvrsn=9580ff23_2,diccionario-de-variables---enusc-2024.xlsx,codebook,ENUSC,2024,"INE's 'Diccionario de variables - ENUSC 2024' (Manuales/2024 folder of the ENUSC download area) for the file the build script reads, base-de-datos---enusc-2024-csv.csv; the sheet lists every one of the table's items by name with value labels: acoso_conoce_resp acoso_denuncia acoso_satisf_den acoso_denuncia_firma",2026-10-04
chile_2024_safety_harassmentcharacterization,https://www.ine.gob.cl/docs/default-source/seguridad-ciudadana/formularios/2024/cuestionario-capi---enusc-2024.pdf?sfvrsn=4321226d_2,cuestionario-capi---enusc-2024.pdf,questionnaire,ENUSC,2024,"INE's 'Cuestionario CAPI - ENUSC 2024' (Formularios/2024 folder), titled 'CUESTIONARIO ENUSC 2024'; the table's items appear by their variable codes",2026-10-04
chile_2024_safety_identity,https://www.ine.gob.cl/docs/default-source/seguridad-ciudadana/manuales/2024/diccionario-de-variables---enusc-2024.xlsx?sfvrsn=9580ff23_2,diccionario-de-variables---enusc-2024.xlsx,codebook,ENUSC,2024,"INE's 'Diccionario de variables - ENUSC 2024' (Manuales/2024 folder of the ENUSC download area) for the file the build script reads, base-de-datos---enusc-2024-csv.csv; the sheet lists every one of the table's items by name with value labels: screen_rob_suplant suplant_denuncias suplant_personal",2026-10-04
chile_2024_safety_identity,https://www.ine.gob.cl/docs/default-source/seguridad-ciudadana/formularios/2024/cuestionario-capi---enusc-2024.pdf?sfvrsn=4321226d_2,cuestionario-capi---enusc-2024.pdf,questionnaire,ENUSC,2024,"INE's 'Cuestionario CAPI - ENUSC 2024' (Formularios/2024 folder), titled 'CUESTIONARIO ENUSC 2024'; variable codes match the table's items except screen_rob_suplant, which appear under the questionnaire's own CAPI variable names",2026-10-04
chile_2024_safety_identitytheftcharacterization,https://www.ine.gob.cl/docs/default-source/seguridad-ciudadana/manuales/2024/diccionario-de-variables---enusc-2024.xlsx?sfvrsn=9580ff23_2,diccionario-de-variables---enusc-2024.xlsx,codebook,ENUSC,2024,"INE's 'Diccionario de variables - ENUSC 2024' (Manuales/2024 folder of the ENUSC download area) for the file the build script reads, base-de-datos---enusc-2024-csv.csv; the sheet lists every one of the table's items by name with value labels: suplant_dinero suplant_denuncia suplant_satisf_den suplant_accion_policial suplant_contacto_mp suplant_denuncia_firma",2026-10-04
chile_2024_safety_identitytheftcharacterization,https://www.ine.gob.cl/docs/default-source/seguridad-ciudadana/formularios/2024/cuestionario-capi---enusc-2024.pdf?sfvrsn=4321226d_2,cuestionario-capi---enusc-2024.pdf,questionnaire,ENUSC,2024,"INE's 'Cuestionario CAPI - ENUSC 2024' (Formularios/2024 folder), titled 'CUESTIONARIO ENUSC 2024'; the table's items appear by their variable codes",2026-10-04
chile_2024_safety_knowledge,https://www.ine.gob.cl/docs/default-source/seguridad-ciudadana/manuales/2024/diccionario-de-variables---enusc-2024.xlsx?sfvrsn=9580ff23_2,diccionario-de-variables---enusc-2024.xlsx,codebook,ENUSC,2024,"INE's 'Diccionario de variables - ENUSC 2024' (Manuales/2024 folder of the ENUSC download area) for the file the build script reads, base-de-datos---enusc-2024-csv.csv; the sheet lists every one of the table's items by name with value labels: ev_conoce_cch ev_conoce_pdi ev_conoce_fmp",2026-10-04
chile_2024_safety_knowledge,https://www.ine.gob.cl/docs/default-source/seguridad-ciudadana/formularios/2024/cuestionario-capi---enusc-2024.pdf?sfvrsn=4321226d_2,cuestionario-capi---enusc-2024.pdf,questionnaire,ENUSC,2024,"INE's 'Cuestionario CAPI - ENUSC 2024' (Formularios/2024 folder), titled 'CUESTIONARIO ENUSC 2024'; the table's items appear by their variable codes",2026-10-04
chile_2024_safety_malicious,https://www.ine.gob.cl/docs/default-source/seguridad-ciudadana/manuales/2024/diccionario-de-variables---enusc-2024.xlsx?sfvrsn=9580ff23_2,diccionario-de-variables---enusc-2024.xlsx,codebook,ENUSC,2024,"INE's 'Diccionario de variables - ENUSC 2024' (Manuales/2024 folder of the ENUSC download area) for the file the build script reads, base-de-datos---enusc-2024-csv.csv; the sheet lists every one of the table's items by name with value labels: screen_rob_virus virus_denuncias virus_personal",2026-10-04
chile_2024_safety_malicious,https://www.ine.gob.cl/docs/default-source/seguridad-ciudadana/formularios/2024/cuestionario-capi---enusc-2024.pdf?sfvrsn=4321226d_2,cuestionario-capi---enusc-2024.pdf,questionnaire,ENUSC,2024,"INE's 'Cuestionario CAPI - ENUSC 2024' (Formularios/2024 folder), titled 'CUESTIONARIO ENUSC 2024'; variable codes match the table's items except screen_rob_virus, which appear under the questionnaire's own CAPI variable names",2026-10-04
chile_2024_safety_municipal,https://www.ine.gob.cl/docs/default-source/seguridad-ciudadana/manuales/2024/diccionario-de-variables---enusc-2024.xlsx?sfvrsn=9580ff23_2,diccionario-de-variables---enusc-2024.xlsx,codebook,ENUSC,2024,"INE's 'Diccionario de variables - ENUSC 2024' (Manuales/2024 folder of the ENUSC download area) for the file the build script reads, base-de-datos---enusc-2024-csv.csv; the sheet lists every one of the table's items by name with value labels: eval_acude eval_patrullaje eval_barrios eval_acciones eval_mediacion",2026-10-04
chile_2024_safety_municipal,https://www.ine.gob.cl/docs/default-source/seguridad-ciudadana/formularios/2024/cuestionario-capi---enusc-2024.pdf?sfvrsn=4321226d_2,cuestionario-capi---enusc-2024.pdf,questionnaire,ENUSC,2024,"INE's 'Cuestionario CAPI - ENUSC 2024' (Formularios/2024 folder), titled 'CUESTIONARIO ENUSC 2024'; the table's items appear by their variable codes",2026-10-04
chile_2024_safety_programs,https://www.ine.gob.cl/docs/default-source/seguridad-ciudadana/manuales/2024/diccionario-de-variables---enusc-2024.xlsx?sfvrsn=9580ff23_2,diccionario-de-variables---enusc-2024.xlsx,codebook,ENUSC,2024,"INE's 'Diccionario de variables - ENUSC 2024' (Manuales/2024 folder of the ENUSC download area) for the file the build script reads, base-de-datos---enusc-2024-csv.csv; the sheet lists every one of the table's items by name with value labels: conoce_ds utilizo_ds conoce_pav_1 usaria_pav_1",2026-10-04
chile_2024_safety_programs,https://www.ine.gob.cl/docs/default-source/seguridad-ciudadana/formularios/2024/cuestionario-capi---enusc-2024.pdf?sfvrsn=4321226d_2,cuestionario-capi---enusc-2024.pdf,questionnaire,ENUSC,2024,"INE's 'Cuestionario CAPI - ENUSC 2024' (Formularios/2024 folder), titled 'CUESTIONARIO ENUSC 2024'; the table's items appear by their variable codes",2026-10-04
chile_2024_safety_safety,https://www.ine.gob.cl/docs/default-source/seguridad-ciudadana/manuales/2024/diccionario-de-variables---enusc-2024.xlsx?sfvrsn=9580ff23_2,diccionario-de-variables---enusc-2024.xlsx,codebook,ENUSC,2024,"INE's 'Diccionario de variables - ENUSC 2024' (Manuales/2024 folder of the ENUSC download area) for the file the build script reads, base-de-datos---enusc-2024-csv.csv; the sheet lists every one of the table's items by name with value labels: p_inseg_lugares_1 p_inseg_lugares_2 p_inseg_lugares_3 ... p_inseg_oscuro_2 p_inseg_dia_2 (all 20)",2026-10-04
chile_2024_safety_safety,https://www.ine.gob.cl/docs/default-source/seguridad-ciudadana/formularios/2024/cuestionario-capi---enusc-2024.pdf?sfvrsn=4321226d_2,cuestionario-capi---enusc-2024.pdf,questionnaire,ENUSC,2024,"INE's 'Cuestionario CAPI - ENUSC 2024' (Formularios/2024 folder), titled 'CUESTIONARIO ENUSC 2024'; the table's items appear by their variable codes",2026-10-04
chile_2024_safety_scam,https://www.ine.gob.cl/docs/default-source/seguridad-ciudadana/manuales/2024/diccionario-de-variables---enusc-2024.xlsx?sfvrsn=9580ff23_2,diccionario-de-variables---enusc-2024.xlsx,codebook,ENUSC,2024,"INE's 'Diccionario de variables - ENUSC 2024' (Manuales/2024 folder of the ENUSC download area) for the file the build script reads, base-de-datos---enusc-2024-csv.csv; the sheet lists every one of the table's items by name with value labels: screen_rob_est est_denuncias est_personal",2026-10-04
chile_2024_safety_scam,https://www.ine.gob.cl/docs/default-source/seguridad-ciudadana/formularios/2024/cuestionario-capi---enusc-2024.pdf?sfvrsn=4321226d_2,cuestionario-capi---enusc-2024.pdf,questionnaire,ENUSC,2024,"INE's 'Cuestionario CAPI - ENUSC 2024' (Formularios/2024 folder), titled 'CUESTIONARIO ENUSC 2024'; the table's items appear by their variable codes",2026-10-04
chile_2024_safety_scamcharacterization,https://www.ine.gob.cl/docs/default-source/seguridad-ciudadana/manuales/2024/diccionario-de-variables---enusc-2024.xlsx?sfvrsn=9580ff23_2,diccionario-de-variables---enusc-2024.xlsx,codebook,ENUSC,2024,"INE's 'Diccionario de variables - ENUSC 2024' (Manuales/2024 folder of the ENUSC download area) for the file the build script reads, base-de-datos---enusc-2024-csv.csv; the sheet lists every one of the table's items by name with value labels: est_denuncia est_satisf_den est_accion_policial est_contacto_mp est_denuncia_firma",2026-10-04
chile_2024_safety_scamcharacterization,https://www.ine.gob.cl/docs/default-source/seguridad-ciudadana/formularios/2024/cuestionario-capi---enusc-2024.pdf?sfvrsn=4321226d_2,cuestionario-capi---enusc-2024.pdf,questionnaire,ENUSC,2024,"INE's 'Cuestionario CAPI - ENUSC 2024' (Formularios/2024 folder), titled 'CUESTIONARIO ENUSC 2024'; the table's items appear by their variable codes",2026-10-04
chile_2024_safety_surprise,https://www.ine.gob.cl/docs/default-source/seguridad-ciudadana/manuales/2024/diccionario-de-variables---enusc-2024.xlsx?sfvrsn=9580ff23_2,diccionario-de-variables---enusc-2024.xlsx,codebook,ENUSC,2024,"INE's 'Diccionario de variables - ENUSC 2024' (Manuales/2024 folder of the ENUSC download area) for the file the build script reads, base-de-datos---enusc-2024-csv.csv; the sheet lists every one of the table's items by name with value labels: screen_int_rps screen_rob_rps rps_denuncias rps_personal",2026-10-04
chile_2024_safety_surprise,https://www.ine.gob.cl/docs/default-source/seguridad-ciudadana/formularios/2024/cuestionario-capi---enusc-2024.pdf?sfvrsn=4321226d_2,cuestionario-capi---enusc-2024.pdf,questionnaire,ENUSC,2024,"INE's 'Cuestionario CAPI - ENUSC 2024' (Formularios/2024 folder), titled 'CUESTIONARIO ENUSC 2024'; the table's items appear by their variable codes",2026-10-04
chile_2024_safety_surpriserobbery,https://www.ine.gob.cl/docs/default-source/seguridad-ciudadana/manuales/2024/diccionario-de-variables---enusc-2024.xlsx?sfvrsn=9580ff23_2,diccionario-de-variables---enusc-2024.xlsx,codebook,ENUSC,2024,"INE's 'Diccionario de variables - ENUSC 2024' (Manuales/2024 folder of the ENUSC download area) for the file the build script reads, base-de-datos---enusc-2024-csv.csv; the sheet lists every one of the table's items by name with value labels: rps_conoce_resp rps_violencia_cons rps_lesiones ... rps_pav rps_pav_contac (all 10)",2026-10-04
chile_2024_safety_surpriserobbery,https://www.ine.gob.cl/docs/default-source/seguridad-ciudadana/formularios/2024/cuestionario-capi---enusc-2024.pdf?sfvrsn=4321226d_2,cuestionario-capi---enusc-2024.pdf,questionnaire,ENUSC,2024,"INE's 'Cuestionario CAPI - ENUSC 2024' (Formularios/2024 folder), titled 'CUESTIONARIO ENUSC 2024'; the table's items appear by their variable codes",2026-10-04
chile_2024_safety_theft,https://www.ine.gob.cl/docs/default-source/seguridad-ciudadana/manuales/2024/diccionario-de-variables---enusc-2024.xlsx?sfvrsn=9580ff23_2,diccionario-de-variables---enusc-2024.xlsx,codebook,ENUSC,2024,"INE's 'Diccionario de variables - ENUSC 2024' (Manuales/2024 folder of the ENUSC download area) for the file the build script reads, base-de-datos---enusc-2024-csv.csv; the sheet lists every one of the table's items by name with value labels: screen_rob_hur hur_denuncias hur_personal",2026-10-04
chile_2024_safety_theft,https://www.ine.gob.cl/docs/default-source/seguridad-ciudadana/formularios/2024/cuestionario-capi---enusc-2024.pdf?sfvrsn=4321226d_2,cuestionario-capi---enusc-2024.pdf,questionnaire,ENUSC,2024,"INE's 'Cuestionario CAPI - ENUSC 2024' (Formularios/2024 folder), titled 'CUESTIONARIO ENUSC 2024'; variable codes match the table's items except hur_denuncias hur_personal, which appear under the questionnaire's own CAPI variable names",2026-10-04
chile_2024_safety_theftcharacterization,https://www.ine.gob.cl/docs/default-source/seguridad-ciudadana/manuales/2024/diccionario-de-variables---enusc-2024.xlsx?sfvrsn=9580ff23_2,diccionario-de-variables---enusc-2024.xlsx,codebook,ENUSC,2024,"INE's 'Diccionario de variables - ENUSC 2024' (Manuales/2024 folder of the ENUSC download area) for the file the build script reads, base-de-datos---enusc-2024-csv.csv; the sheet lists every one of the table's items by name with value labels: hur_denuncia hur_satisf_den hur_accion_policial hur_contacto_mp hur_denuncia_firma",2026-10-04
chile_2024_safety_theftcharacterization,https://www.ine.gob.cl/docs/default-source/seguridad-ciudadana/formularios/2024/cuestionario-capi---enusc-2024.pdf?sfvrsn=4321226d_2,cuestionario-capi---enusc-2024.pdf,questionnaire,ENUSC,2024,"INE's 'Cuestionario CAPI - ENUSC 2024' (Formularios/2024 folder), titled 'CUESTIONARIO ENUSC 2024'; the table's items appear by their variable codes",2026-10-04
chile_2024_safety_threats,https://www.ine.gob.cl/docs/default-source/seguridad-ciudadana/manuales/2024/diccionario-de-variables---enusc-2024.xlsx?sfvrsn=9580ff23_2,diccionario-de-variables---enusc-2024.xlsx,codebook,ENUSC,2024,"INE's 'Diccionario de variables - ENUSC 2024' (Manuales/2024 folder of the ENUSC download area) for the file the build script reads, base-de-datos---enusc-2024-csv.csv; the sheet lists every one of the table's items by name with value labels: screen_rob_amen amen_denuncias amen_personal",2026-10-04
chile_2024_safety_threats,https://www.ine.gob.cl/docs/default-source/seguridad-ciudadana/formularios/2024/cuestionario-capi---enusc-2024.pdf?sfvrsn=4321226d_2,cuestionario-capi---enusc-2024.pdf,questionnaire,ENUSC,2024,"INE's 'Cuestionario CAPI - ENUSC 2024' (Formularios/2024 folder), titled 'CUESTIONARIO ENUSC 2024'; the table's items appear by their variable codes",2026-10-04
chile_2024_safety_threatscharacterization,https://www.ine.gob.cl/docs/default-source/seguridad-ciudadana/manuales/2024/diccionario-de-variables---enusc-2024.xlsx?sfvrsn=9580ff23_2,diccionario-de-variables---enusc-2024.xlsx,codebook,ENUSC,2024,"INE's 'Diccionario de variables - ENUSC 2024' (Manuales/2024 folder of the ENUSC download area) for the file the build script reads, base-de-datos---enusc-2024-csv.csv; the sheet lists every one of the table's items by name with value labels: amen_acomp amen_conoce_resp amen_uso_arma ... amen_pav amen_pav_contac (all 11)",2026-10-04
chile_2024_safety_threatscharacterization,https://www.ine.gob.cl/docs/default-source/seguridad-ciudadana/formularios/2024/cuestionario-capi---enusc-2024.pdf?sfvrsn=4321226d_2,cuestionario-capi---enusc-2024.pdf,questionnaire,ENUSC,2024,"INE's 'Cuestionario CAPI - ENUSC 2024' (Formularios/2024 folder), titled 'CUESTIONARIO ENUSC 2024'; the table's items appear by their variable codes",2026-10-04
chile_2024_safety_trust,https://www.ine.gob.cl/docs/default-source/seguridad-ciudadana/manuales/2024/diccionario-de-variables---enusc-2024.xlsx?sfvrsn=9580ff23_2,diccionario-de-variables---enusc-2024.xlsx,codebook,ENUSC,2024,"INE's 'Diccionario de variables - ENUSC 2024' (Manuales/2024 folder of the ENUSC download area) for the file the build script reads, base-de-datos---enusc-2024-csv.csv; the sheet lists every one of the table's items by name with value labels: ev_confia_cch ev_confia_pdi ev_confia_fmp",2026-10-04
chile_2024_safety_trust,https://www.ine.gob.cl/docs/default-source/seguridad-ciudadana/formularios/2024/cuestionario-capi---enusc-2024.pdf?sfvrsn=4321226d_2,cuestionario-capi---enusc-2024.pdf,questionnaire,ENUSC,2024,"INE's 'Cuestionario CAPI - ENUSC 2024' (Formularios/2024 folder), titled 'CUESTIONARIO ENUSC 2024'; the table's items appear by their variable codes",2026-10-04
chile_2024_safety_vehicle,https://www.ine.gob.cl/docs/default-source/seguridad-ciudadana/manuales/2024/diccionario-de-variables---enusc-2024.xlsx?sfvrsn=9580ff23_2,diccionario-de-variables---enusc-2024.xlsx,codebook,ENUSC,2024,"INE's 'Diccionario de variables - ENUSC 2024' (Manuales/2024 folder of the ENUSC download area) for the file the build script reads, base-de-datos---enusc-2024-csv.csv; the sheet lists every one of the table's items by name with value labels: screen_prop_vehiculo screen_int_rdv screen_rob_rdv rdv_denuncias screen_rob_rddv rddv_denuncias screen_rob_vandvhc vandvhc_denuncias",2026-10-04
chile_2024_safety_vehicle,https://www.ine.gob.cl/docs/default-source/seguridad-ciudadana/formularios/2024/cuestionario-capi---enusc-2024.pdf?sfvrsn=4321226d_2,cuestionario-capi---enusc-2024.pdf,questionnaire,ENUSC,2024,"INE's 'Cuestionario CAPI - ENUSC 2024' (Formularios/2024 folder), titled 'CUESTIONARIO ENUSC 2024'; the table's items appear by their variable codes",2026-10-04
chile_2024_safety_vehiclecharacterization,https://www.ine.gob.cl/docs/default-source/seguridad-ciudadana/manuales/2024/diccionario-de-variables---enusc-2024.xlsx?sfvrsn=9580ff23_2,diccionario-de-variables---enusc-2024.xlsx,codebook,ENUSC,2024,"INE's 'Diccionario de variables - ENUSC 2024' (Manuales/2024 folder of the ENUSC download area) for the file the build script reads, base-de-datos---enusc-2024-csv.csv; the sheet lists every one of the table's items by name with value labels: rdv_presente rdv_conoce_resp rdv_violencia ... rdv_pav rdv_pav_contac (all 13)",2026-10-04
chile_2024_safety_vehiclecharacterization,https://www.ine.gob.cl/docs/default-source/seguridad-ciudadana/formularios/2024/cuestionario-capi---enusc-2024.pdf?sfvrsn=4321226d_2,cuestionario-capi---enusc-2024.pdf,questionnaire,ENUSC,2024,"INE's 'Cuestionario CAPI - ENUSC 2024' (Formularios/2024 folder), titled 'CUESTIONARIO ENUSC 2024'; the table's items appear by their variable codes",2026-10-04
chile_2024_safety_vehicletheft,https://www.ine.gob.cl/docs/default-source/seguridad-ciudadana/manuales/2024/diccionario-de-variables---enusc-2024.xlsx?sfvrsn=9580ff23_2,diccionario-de-variables---enusc-2024.xlsx,codebook,ENUSC,2024,"INE's 'Diccionario de variables - ENUSC 2024' (Manuales/2024 folder of the ENUSC download area) for the file the build script reads, base-de-datos---enusc-2024-csv.csv; the sheet lists every one of the table's items by name with value labels: rddv_denuncia rddv_satisf_den rddv_accion_policial rddv_contacto_mp rddv_denuncia_firma",2026-10-04
chile_2024_safety_vehicletheft,https://www.ine.gob.cl/docs/default-source/seguridad-ciudadana/formularios/2024/cuestionario-capi---enusc-2024.pdf?sfvrsn=4321226d_2,cuestionario-capi---enusc-2024.pdf,questionnaire,ENUSC,2024,"INE's 'Cuestionario CAPI - ENUSC 2024' (Formularios/2024 folder), titled 'CUESTIONARIO ENUSC 2024'; the table's items appear by their variable codes",2026-10-04
chile_2024_safety_vehiclevandalism,https://www.ine.gob.cl/docs/default-source/seguridad-ciudadana/manuales/2024/diccionario-de-variables---enusc-2024.xlsx?sfvrsn=9580ff23_2,diccionario-de-variables---enusc-2024.xlsx,codebook,ENUSC,2024,"INE's 'Diccionario de variables - ENUSC 2024' (Manuales/2024 folder of the ENUSC download area) for the file the build script reads, base-de-datos---enusc-2024-csv.csv; the sheet lists every one of the table's items by name with value labels: vandvhc_conoce_resp vandvhc_odio vandvhc_denuncia vandvhc_satisf_den vandvhc_accion_policial vandvhc_contacto_mp vandvhc_denuncia_firma",2026-10-04
chile_2024_safety_vehiclevandalism,https://www.ine.gob.cl/docs/default-source/seguridad-ciudadana/formularios/2024/cuestionario-capi---enusc-2024.pdf?sfvrsn=4321226d_2,cuestionario-capi---enusc-2024.pdf,questionnaire,ENUSC,2024,"INE's 'Cuestionario CAPI - ENUSC 2024' (Formularios/2024 folder), titled 'CUESTIONARIO ENUSC 2024'; the table's items appear by their variable codes",2026-10-04
chile_2024_safety_victimization_malwarecharacterization,https://www.ine.gob.cl/docs/default-source/seguridad-ciudadana/manuales/2024/diccionario-de-variables---enusc-2024.xlsx?sfvrsn=9580ff23_2,diccionario-de-variables---enusc-2024.xlsx,codebook,ENUSC,2024,"INE's 'Diccionario de variables - ENUSC 2024' (Manuales/2024 folder of the ENUSC download area) for the file the build script reads, base-de-datos---enusc-2024-csv.csv; the sheet lists every one of the table's items by name with value labels: virus_dano virus_pago virus_dinero virus_denuncia virus_satisf_den virus_accion_policial virus_contacto_mp virus_denuncia_firma",2026-10-04
chile_2024_safety_victimization_malwarecharacterization,https://www.ine.gob.cl/docs/default-source/seguridad-ciudadana/formularios/2024/cuestionario-capi---enusc-2024.pdf?sfvrsn=4321226d_2,cuestionario-capi---enusc-2024.pdf,questionnaire,ENUSC,2024,"INE's 'Cuestionario CAPI - ENUSC 2024' (Formularios/2024 folder), titled 'CUESTIONARIO ENUSC 2024'; the table's items appear by their variable codes",2026-10-04
chile_2024_safety_violence,https://www.ine.gob.cl/docs/default-source/seguridad-ciudadana/manuales/2024/diccionario-de-variables---enusc-2024.xlsx?sfvrsn=9580ff23_2,diccionario-de-variables---enusc-2024.xlsx,codebook,ENUSC,2024,"INE's 'Diccionario de variables - ENUSC 2024' (Manuales/2024 folder of the ENUSC download area) for the file the build script reads, base-de-datos---enusc-2024-csv.csv; the sheet lists every one of the table's items by name with value labels: screen_int_rvi screen_rob_rvi rvi_denuncias rvi_personal",2026-10-04
chile_2024_safety_violence,https://www.ine.gob.cl/docs/default-source/seguridad-ciudadana/formularios/2024/cuestionario-capi---enusc-2024.pdf?sfvrsn=4321226d_2,cuestionario-capi---enusc-2024.pdf,questionnaire,ENUSC,2024,"INE's 'Cuestionario CAPI - ENUSC 2024' (Formularios/2024 folder), titled 'CUESTIONARIO ENUSC 2024'; the table's items appear by their variable codes",2026-10-04
chile_2024_safety_violentrobbery,https://www.ine.gob.cl/docs/default-source/seguridad-ciudadana/manuales/2024/diccionario-de-variables---enusc-2024.xlsx?sfvrsn=9580ff23_2,diccionario-de-variables---enusc-2024.xlsx,codebook,ENUSC,2024,"INE's 'Diccionario de variables - ENUSC 2024' (Manuales/2024 folder of the ENUSC download area) for the file the build script reads, base-de-datos---enusc-2024-csv.csv; the sheet lists every one of the table's items by name with value labels: rvi_acomp rvi_conoce_resp rvi_uso_arma ... rvi_pav rvi_pav_contac (all 11)",2026-10-04
chile_2024_safety_violentrobbery,https://www.ine.gob.cl/docs/default-source/seguridad-ciudadana/formularios/2024/cuestionario-capi---enusc-2024.pdf?sfvrsn=4321226d_2,cuestionario-capi---enusc-2024.pdf,questionnaire,ENUSC,2024,"INE's 'Cuestionario CAPI - ENUSC 2024' (Formularios/2024 folder), titled 'CUESTIONARIO ENUSC 2024'; the table's items appear by their variable codes",2026-10-04
colombia_2023_politics_anticorruption,https://microdatos.dane.gov.co/index.php/catalog/822/download/23348,DICCIONARIO BASE ANONIMIZADA ECP 2023.xlsx (inside DICCIONARIO BASE ANONIMIZADA ECP 2023.zip),codebook,ECP,2023,"DANE NADA study 822's own data dictionary, headed 'Base de datos Anonimizada Encuesta de Cultura Política - ECP 2023'; the build script reads Democracia.csv (dictionary table DBF_ECP_252_5) and the dictionary names all 3 of the table's items (p2021 p1754 p3330) with their response codes",2026-10-04
colombia_2023_politics_anticorruption,https://microdatos.dane.gov.co/index.php/catalog/822/download/23346,Formulario_ECP_2023 _Final.pdf,questionnaire,ECP,2023,"DANE study 822's own questionnaire, listed under its related materials; the cover reads 'ENCUESTA DE CULTURA POLÍTICA - ECP 2023' and the table's items sit in chapter G (Democracia) (question text only, no variable names printed)",2026-10-04
colombia_2023_politics_attitudes,https://microdatos.dane.gov.co/index.php/catalog/822/download/23348,DICCIONARIO BASE ANONIMIZADA ECP 2023.xlsx (inside DICCIONARIO BASE ANONIMIZADA ECP 2023.zip),codebook,ECP,2023,"DANE NADA study 822's own data dictionary, headed 'Base de datos Anonimizada Encuesta de Cultura Política - ECP 2023'; the build script reads Democracia.csv (dictionary table DBF_ECP_252_5) and the dictionary names all 8 of the table's items (p5261s1 ... p5261s8) with their response codes",2026-10-04
colombia_2023_politics_attitudes,https://microdatos.dane.gov.co/index.php/catalog/822/download/23346,Formulario_ECP_2023 _Final.pdf,questionnaire,ECP,2023,"DANE study 822's own questionnaire, listed under its related materials; the cover reads 'ENCUESTA DE CULTURA POLÍTICA - ECP 2023' and the table's items sit in chapter G (Democracia) (question text only, no variable names printed)",2026-10-04
colombia_2023_politics_belonging,https://microdatos.dane.gov.co/index.php/catalog/822/download/23348,DICCIONARIO BASE ANONIMIZADA ECP 2023.xlsx (inside DICCIONARIO BASE ANONIMIZADA ECP 2023.zip),codebook,ECP,2023,"DANE NADA study 822's own data dictionary, headed 'Base de datos Anonimizada Encuesta de Cultura Política - ECP 2023'; the build script reads Participación.csv (dictionary table DBF_ECP_252_3) and the dictionary names all 17 of the table's items (p2001s1 ... p2001s16) with their response codes",2026-10-04
colombia_2023_politics_belonging,https://microdatos.dane.gov.co/index.php/catalog/822/download/23346,Formulario_ECP_2023 _Final.pdf,questionnaire,ECP,2023,"DANE study 822's own questionnaire, listed under its related materials; the cover reads 'ENCUESTA DE CULTURA POLÍTICA - ECP 2023' and the table's items sit in chapter E (Participación) (question text only, no variable names printed)",2026-10-04
colombia_2023_politics_bribery,https://microdatos.dane.gov.co/index.php/catalog/822/download/23348,DICCIONARIO BASE ANONIMIZADA ECP 2023.xlsx (inside DICCIONARIO BASE ANONIMIZADA ECP 2023.zip),codebook,ECP,2023,"DANE NADA study 822's own data dictionary, headed 'Base de datos Anonimizada Encuesta de Cultura Política - ECP 2023'; the build script reads Democracia.csv (dictionary table DBF_ECP_252_5) and the dictionary names all 4 of the table's items (p3331 p3332 p5375 p5376) with their response codes",2026-10-04
colombia_2023_politics_bribery,https://microdatos.dane.gov.co/index.php/catalog/822/download/23346,Formulario_ECP_2023 _Final.pdf,questionnaire,ECP,2023,"DANE study 822's own questionnaire, listed under its related materials; the cover reads 'ENCUESTA DE CULTURA POLÍTICA - ECP 2023' and the table's items sit in chapter G (Democracia) (question text only, no variable names printed)",2026-10-04
colombia_2023_politics_candidates,https://microdatos.dane.gov.co/index.php/catalog/822/download/23348,DICCIONARIO BASE ANONIMIZADA ECP 2023.xlsx (inside DICCIONARIO BASE ANONIMIZADA ECP 2023.zip),codebook,ECP,2023,"DANE NADA study 822's own data dictionary, headed 'Base de datos Anonimizada Encuesta de Cultura Política - ECP 2023'; the build script reads Elecciones y partidos.csv (dictionary table DBF_ECP_252_4) and the dictionary names all 14 of the table's items (p2009s1 ... p5313s10) with their response codes",2026-10-04
colombia_2023_politics_candidates,https://microdatos.dane.gov.co/index.php/catalog/822/download/23346,Formulario_ECP_2023 _Final.pdf,questionnaire,ECP,2023,"DANE study 822's own questionnaire, listed under its related materials; the cover reads 'ENCUESTA DE CULTURA POLÍTICA - ECP 2023' and the table's items sit in chapter F (Elecciones y partidos políticos) (question text only, no variable names printed)",2026-10-04
colombia_2023_politics_channels,https://microdatos.dane.gov.co/index.php/catalog/822/download/23348,DICCIONARIO BASE ANONIMIZADA ECP 2023.xlsx (inside DICCIONARIO BASE ANONIMIZADA ECP 2023.zip),codebook,ECP,2023,"DANE NADA study 822's own data dictionary, headed 'Base de datos Anonimizada Encuesta de Cultura Política - ECP 2023'; the build script reads Democracia.csv (dictionary table DBF_ECP_252_5) and the dictionary names all 15 of the table's items (p5266s1 ... p5268) with their response codes",2026-10-04
colombia_2023_politics_channels,https://microdatos.dane.gov.co/index.php/catalog/822/download/23346,Formulario_ECP_2023 _Final.pdf,questionnaire,ECP,2023,"DANE study 822's own questionnaire, listed under its related materials; the cover reads 'ENCUESTA DE CULTURA POLÍTICA - ECP 2023' and the table's items sit in chapter G (Democracia) (question text only, no variable names printed)",2026-10-04
colombia_2023_politics_confidence,https://microdatos.dane.gov.co/index.php/catalog/822/download/23348,DICCIONARIO BASE ANONIMIZADA ECP 2023.xlsx (inside DICCIONARIO BASE ANONIMIZADA ECP 2023.zip),codebook,ECP,2023,"DANE NADA study 822's own data dictionary, headed 'Base de datos Anonimizada Encuesta de Cultura Política - ECP 2023'; the build script reads Componente capital social.csv (dictionary table DBF_ECP_252_6) and the dictionary names all 6 of the table's items (p2025s1 ... p2025s7) with their response codes",2026-10-04
colombia_2023_politics_confidence,https://microdatos.dane.gov.co/index.php/catalog/822/download/23346,Formulario_ECP_2023 _Final.pdf,questionnaire,ECP,2023,"DANE study 822's own questionnaire, listed under its related materials; the cover reads 'ENCUESTA DE CULTURA POLÍTICA - ECP 2023' and the table's items sit in chapter Componente de capital social (question text only, no variable names printed)",2026-10-04
colombia_2023_politics_corruption,https://microdatos.dane.gov.co/index.php/catalog/822/download/23348,DICCIONARIO BASE ANONIMIZADA ECP 2023.xlsx (inside DICCIONARIO BASE ANONIMIZADA ECP 2023.zip),codebook,ECP,2023,"DANE NADA study 822's own data dictionary, headed 'Base de datos Anonimizada Encuesta de Cultura Política - ECP 2023'; the build script reads Democracia.csv (dictionary table DBF_ECP_252_5) and the dictionary names all 16 of the table's items (p2016s1 ... p2017s7) with their response codes",2026-10-04
colombia_2023_politics_corruption,https://microdatos.dane.gov.co/index.php/catalog/822/download/23346,Formulario_ECP_2023 _Final.pdf,questionnaire,ECP,2023,"DANE study 822's own questionnaire, listed under its related materials; the cover reads 'ENCUESTA DE CULTURA POLÍTICA - ECP 2023' and the table's items sit in chapter G (Democracia) (question text only, no variable names printed)",2026-10-04
colombia_2023_politics_difficulties,https://microdatos.dane.gov.co/index.php/catalog/822/download/23348,DICCIONARIO BASE ANONIMIZADA ECP 2023.xlsx (inside DICCIONARIO BASE ANONIMIZADA ECP 2023.zip),codebook,ECP,2023,"DANE NADA study 822's own data dictionary, headed 'Base de datos Anonimizada Encuesta de Cultura Política - ECP 2023'; the build script reads Elecciones y partidos.csv (dictionary table DBF_ECP_252_4) and the dictionary names all 12 of the table's items (p5338s1 ... p5372) with their response codes",2026-10-04
colombia_2023_politics_difficulties,https://microdatos.dane.gov.co/index.php/catalog/822/download/23346,Formulario_ECP_2023 _Final.pdf,questionnaire,ECP,2023,"DANE study 822's own questionnaire, listed under its related materials; the cover reads 'ENCUESTA DE CULTURA POLÍTICA - ECP 2023' and the table's items sit in chapter F (Elecciones y partidos políticos) (question text only, no variable names printed)",2026-10-04
colombia_2023_politics_discrimination,https://microdatos.dane.gov.co/index.php/catalog/822/download/23348,DICCIONARIO BASE ANONIMIZADA ECP 2023.xlsx (inside DICCIONARIO BASE ANONIMIZADA ECP 2023.zip),codebook,ECP,2023,"DANE NADA study 822's own data dictionary, headed 'Base de datos Anonimizada Encuesta de Cultura Política - ECP 2023'; the build script reads Democracia.csv (dictionary table DBF_ECP_252_5) and the dictionary names all 14 of the table's items (p3328s1 ... p3328s15) with their response codes",2026-10-04
colombia_2023_politics_discrimination,https://microdatos.dane.gov.co/index.php/catalog/822/download/23346,Formulario_ECP_2023 _Final.pdf,questionnaire,ECP,2023,"DANE study 822's own questionnaire, listed under its related materials; the cover reads 'ENCUESTA DE CULTURA POLÍTICA - ECP 2023' and the table's items sit in chapter G (Democracia) (question text only, no variable names printed)",2026-10-04
colombia_2023_politics_guarantees,https://microdatos.dane.gov.co/index.php/catalog/822/download/23348,DICCIONARIO BASE ANONIMIZADA ECP 2023.xlsx (inside DICCIONARIO BASE ANONIMIZADA ECP 2023.zip),codebook,ECP,2023,"DANE NADA study 822's own data dictionary, headed 'Base de datos Anonimizada Encuesta de Cultura Política - ECP 2023'; the build script reads Democracia.csv (dictionary table DBF_ECP_252_5) and the dictionary names all 7 of the table's items (p5306s1 ... p5306s7) with their response codes",2026-10-04
colombia_2023_politics_guarantees,https://microdatos.dane.gov.co/index.php/catalog/822/download/23346,Formulario_ECP_2023 _Final.pdf,questionnaire,ECP,2023,"DANE study 822's own questionnaire, listed under its related materials; the cover reads 'ENCUESTA DE CULTURA POLÍTICA - ECP 2023' and the table's items sit in chapter G (Democracia) (question text only, no variable names printed)",2026-10-04
colombia_2023_politics_hurdles,https://microdatos.dane.gov.co/index.php/catalog/822/download/23348,DICCIONARIO BASE ANONIMIZADA ECP 2023.xlsx (inside DICCIONARIO BASE ANONIMIZADA ECP 2023.zip),codebook,ECP,2023,"DANE NADA study 822's own data dictionary, headed 'Base de datos Anonimizada Encuesta de Cultura Política - ECP 2023'; the build script reads Democracia.csv (dictionary table DBF_ECP_252_5) and the dictionary names all 11 of the table's items (p2014 ... p2015s10) with their response codes",2026-10-04
colombia_2023_politics_hurdles,https://microdatos.dane.gov.co/index.php/catalog/822/download/23346,Formulario_ECP_2023 _Final.pdf,questionnaire,ECP,2023,"DANE study 822's own questionnaire, listed under its related materials; the cover reads 'ENCUESTA DE CULTURA POLÍTICA - ECP 2023' and the table's items sit in chapter G (Democracia) (question text only, no variable names printed)",2026-10-04
colombia_2023_politics_importance,https://microdatos.dane.gov.co/index.php/catalog/822/download/23348,DICCIONARIO BASE ANONIMIZADA ECP 2023.xlsx (inside DICCIONARIO BASE ANONIMIZADA ECP 2023.zip),codebook,ECP,2023,"DANE NADA study 822's own data dictionary, headed 'Base de datos Anonimizada Encuesta de Cultura Política - ECP 2023'; the build script reads Componente capital social.csv (dictionary table DBF_ECP_252_6) and the dictionary names all 6 of the table's items (p2023s1 ... p2023s6) with their response codes",2026-10-04
colombia_2023_politics_importance,https://microdatos.dane.gov.co/index.php/catalog/822/download/23346,Formulario_ECP_2023 _Final.pdf,questionnaire,ECP,2023,"DANE study 822's own questionnaire, listed under its related materials; the cover reads 'ENCUESTA DE CULTURA POLÍTICA - ECP 2023' and the table's items sit in chapter Componente de capital social (question text only, no variable names printed)",2026-10-04
colombia_2023_politics_meaning,https://microdatos.dane.gov.co/index.php/catalog/822/download/23348,DICCIONARIO BASE ANONIMIZADA ECP 2023.xlsx (inside DICCIONARIO BASE ANONIMIZADA ECP 2023.zip),codebook,ECP,2023,"DANE NADA study 822's own data dictionary, headed 'Base de datos Anonimizada Encuesta de Cultura Política - ECP 2023'; the build script reads Democracia.csv (dictionary table DBF_ECP_252_5) and the dictionary names all 6 of the table's items (p5314s2 ... p5314s7) with their response codes",2026-10-04
colombia_2023_politics_meaning,https://microdatos.dane.gov.co/index.php/catalog/822/download/23346,Formulario_ECP_2023 _Final.pdf,questionnaire,ECP,2023,"DANE study 822's own questionnaire, listed under its related materials; the cover reads 'ENCUESTA DE CULTURA POLÍTICA - ECP 2023' and the table's items sit in chapter G (Democracia) (question text only, no variable names printed)",2026-10-04
colombia_2023_politics_mechanisms,https://microdatos.dane.gov.co/index.php/catalog/822/download/23348,DICCIONARIO BASE ANONIMIZADA ECP 2023.xlsx (inside DICCIONARIO BASE ANONIMIZADA ECP 2023.zip),codebook,ECP,2023,"DANE NADA study 822's own data dictionary, headed 'Base de datos Anonimizada Encuesta de Cultura Política - ECP 2023'; the build script reads Participación.csv (dictionary table DBF_ECP_252_3) and the dictionary names all 8 of the table's items (p5376s1 ... p5366) with their response codes",2026-10-04
colombia_2023_politics_mechanisms,https://microdatos.dane.gov.co/index.php/catalog/822/download/23346,Formulario_ECP_2023 _Final.pdf,questionnaire,ECP,2023,"DANE study 822's own questionnaire, listed under its related materials; the cover reads 'ENCUESTA DE CULTURA POLÍTICA - ECP 2023' and the table's items sit in chapter E (Participación) (question text only, no variable names printed)",2026-10-04
colombia_2023_politics_media,https://microdatos.dane.gov.co/index.php/catalog/822/download/23348,DICCIONARIO BASE ANONIMIZADA ECP 2023.xlsx (inside DICCIONARIO BASE ANONIMIZADA ECP 2023.zip),codebook,ECP,2023,"DANE NADA study 822's own data dictionary, headed 'Base de datos Anonimizada Encuesta de Cultura Política - ECP 2023'; the build script reads Democracia.csv (dictionary table DBF_ECP_252_5) and the dictionary names all 9 of the table's items (p517 ... p5264s8) with their response codes",2026-10-04
colombia_2023_politics_media,https://microdatos.dane.gov.co/index.php/catalog/822/download/23346,Formulario_ECP_2023 _Final.pdf,questionnaire,ECP,2023,"DANE study 822's own questionnaire, listed under its related materials; the cover reads 'ENCUESTA DE CULTURA POLÍTICA - ECP 2023' and the table's items sit in chapter G (Democracia) (question text only, no variable names printed)",2026-10-04
colombia_2023_politics_neighbors,https://microdatos.dane.gov.co/index.php/catalog/822/download/23348,DICCIONARIO BASE ANONIMIZADA ECP 2023.xlsx (inside DICCIONARIO BASE ANONIMIZADA ECP 2023.zip),codebook,ECP,2023,"DANE NADA study 822's own data dictionary, headed 'Base de datos Anonimizada Encuesta de Cultura Política - ECP 2023'; the build script reads Componente capital social.csv (dictionary table DBF_ECP_252_6) and the dictionary names all 13 of the table's items (p2041s1 ... p2041s13) with their response codes",2026-10-04
colombia_2023_politics_neighbors,https://microdatos.dane.gov.co/index.php/catalog/822/download/23346,Formulario_ECP_2023 _Final.pdf,questionnaire,ECP,2023,"DANE study 822's own questionnaire, listed under its related materials; the cover reads 'ENCUESTA DE CULTURA POLÍTICA - ECP 2023' and the table's items sit in chapter Componente de capital social (question text only, no variable names printed)",2026-10-04
colombia_2023_politics_organizations,https://microdatos.dane.gov.co/index.php/catalog/822/download/23348,DICCIONARIO BASE ANONIMIZADA ECP 2023.xlsx (inside DICCIONARIO BASE ANONIMIZADA ECP 2023.zip),codebook,ECP,2023,"DANE NADA study 822's own data dictionary, headed 'Base de datos Anonimizada Encuesta de Cultura Política - ECP 2023'; the build script reads Participación.csv (dictionary table DBF_ECP_252_3) and the dictionary names all 17 of the table's items (p2003s1 ... p2003s16) with their response codes",2026-10-04
colombia_2023_politics_organizations,https://microdatos.dane.gov.co/index.php/catalog/822/download/23346,Formulario_ECP_2023 _Final.pdf,questionnaire,ECP,2023,"DANE study 822's own questionnaire, listed under its related materials; the cover reads 'ENCUESTA DE CULTURA POLÍTICA - ECP 2023' and the table's items sit in chapter E (Participación) (question text only, no variable names printed)",2026-10-04
colombia_2023_politics_party,https://microdatos.dane.gov.co/index.php/catalog/822/download/23348,DICCIONARIO BASE ANONIMIZADA ECP 2023.xlsx (inside DICCIONARIO BASE ANONIMIZADA ECP 2023.zip),codebook,ECP,2023,"DANE NADA study 822's own data dictionary, headed 'Base de datos Anonimizada Encuesta de Cultura Política - ECP 2023'; the build script reads Elecciones y partidos.csv (dictionary table DBF_ECP_252_4) and the dictionary names all 17 of the table's items (p5323 ... p5326) with their response codes",2026-10-04
colombia_2023_politics_party,https://microdatos.dane.gov.co/index.php/catalog/822/download/23346,Formulario_ECP_2023 _Final.pdf,questionnaire,ECP,2023,"DANE study 822's own questionnaire, listed under its related materials; the cover reads 'ENCUESTA DE CULTURA POLÍTICA - ECP 2023' and the table's items sit in chapter F (Elecciones y partidos políticos) (question text only, no variable names printed)",2026-10-04
colombia_2023_politics_prevention,https://microdatos.dane.gov.co/index.php/catalog/822/download/23348,DICCIONARIO BASE ANONIMIZADA ECP 2023.xlsx (inside DICCIONARIO BASE ANONIMIZADA ECP 2023.zip),codebook,ECP,2023,"DANE NADA study 822's own data dictionary, headed 'Base de datos Anonimizada Encuesta de Cultura Política - ECP 2023'; the build script reads Democracia.csv (dictionary table DBF_ECP_252_5) and the dictionary names all 7 of the table's items (p6934s1 ... p6934s7) with their response codes",2026-10-04
colombia_2023_politics_prevention,https://microdatos.dane.gov.co/index.php/catalog/822/download/23346,Formulario_ECP_2023 _Final.pdf,questionnaire,ECP,2023,"DANE study 822's own questionnaire, listed under its related materials; the cover reads 'ENCUESTA DE CULTURA POLÍTICA - ECP 2023' and the table's items sit in chapter G (Democracia) (question text only, no variable names printed)",2026-10-04
colombia_2023_politics_problems,https://microdatos.dane.gov.co/index.php/catalog/822/download/23348,DICCIONARIO BASE ANONIMIZADA ECP 2023.xlsx (inside DICCIONARIO BASE ANONIMIZADA ECP 2023.zip),codebook,ECP,2023,"DANE NADA study 822's own data dictionary, headed 'Base de datos Anonimizada Encuesta de Cultura Política - ECP 2023'; the build script reads Participación.csv (dictionary table DBF_ECP_252_3) and the dictionary names all 13 of the table's items (p5373s1 ... p5374) with their response codes",2026-10-04
colombia_2023_politics_problems,https://microdatos.dane.gov.co/index.php/catalog/822/download/23346,Formulario_ECP_2023 _Final.pdf,questionnaire,ECP,2023,"DANE study 822's own questionnaire, listed under its related materials; the cover reads 'ENCUESTA DE CULTURA POLÍTICA - ECP 2023' and the table's items sit in chapter E (Participación) (question text only, no variable names printed)",2026-10-04
colombia_2023_politics_procedures,https://microdatos.dane.gov.co/index.php/catalog/822/download/23348,DICCIONARIO BASE ANONIMIZADA ECP 2023.xlsx (inside DICCIONARIO BASE ANONIMIZADA ECP 2023.zip),codebook,ECP,2023,"DANE NADA study 822's own data dictionary, headed 'Base de datos Anonimizada Encuesta de Cultura Política - ECP 2023'; the build script reads Democracia.csv (dictionary table DBF_ECP_252_5) and the dictionary names all 9 of the table's items (p5265 ... p2013s7) with their response codes",2026-10-04
colombia_2023_politics_procedures,https://microdatos.dane.gov.co/index.php/catalog/822/download/23346,Formulario_ECP_2023 _Final.pdf,questionnaire,ECP,2023,"DANE study 822's own questionnaire, listed under its related materials; the cover reads 'ENCUESTA DE CULTURA POLÍTICA - ECP 2023' and the table's items sit in chapter G (Democracia) (question text only, no variable names printed)",2026-10-04
colombia_2023_politics_protection,https://microdatos.dane.gov.co/index.php/catalog/822/download/23348,DICCIONARIO BASE ANONIMIZADA ECP 2023.xlsx (inside DICCIONARIO BASE ANONIMIZADA ECP 2023.zip),codebook,ECP,2023,"DANE NADA study 822's own data dictionary, headed 'Base de datos Anonimizada Encuesta de Cultura Política - ECP 2023'; the build script reads Democracia.csv (dictionary table DBF_ECP_252_5) and the dictionary names all 7 of the table's items (p5307s1 ... p5309) with their response codes",2026-10-04
colombia_2023_politics_protection,https://microdatos.dane.gov.co/index.php/catalog/822/download/23346,Formulario_ECP_2023 _Final.pdf,questionnaire,ECP,2023,"DANE study 822's own questionnaire, listed under its related materials; the cover reads 'ENCUESTA DE CULTURA POLÍTICA - ECP 2023' and the table's items sit in chapter G (Democracia) (question text only, no variable names printed)",2026-10-04
colombia_2023_politics_reasons,https://microdatos.dane.gov.co/index.php/catalog/822/download/23348,DICCIONARIO BASE ANONIMIZADA ECP 2023.xlsx (inside DICCIONARIO BASE ANONIMIZADA ECP 2023.zip),codebook,ECP,2023,"DANE NADA study 822's own data dictionary, headed 'Base de datos Anonimizada Encuesta de Cultura Política - ECP 2023'; the build script reads Participación.csv (dictionary table DBF_ECP_252_3) and the dictionary names all 15 of the table's items (p5396s1 ... p5400s8) with their response codes",2026-10-04
colombia_2023_politics_reasons,https://microdatos.dane.gov.co/index.php/catalog/822/download/23346,Formulario_ECP_2023 _Final.pdf,questionnaire,ECP,2023,"DANE study 822's own questionnaire, listed under its related materials; the cover reads 'ENCUESTA DE CULTURA POLÍTICA - ECP 2023' and the table's items sit in chapter E (Participación) (question text only, no variable names printed)",2026-10-04
colombia_2023_politics_registration,https://microdatos.dane.gov.co/index.php/catalog/822/download/23348,DICCIONARIO BASE ANONIMIZADA ECP 2023.xlsx (inside DICCIONARIO BASE ANONIMIZADA ECP 2023.zip),codebook,ECP,2023,"DANE NADA study 822's own data dictionary, headed 'Base de datos Anonimizada Encuesta de Cultura Política - ECP 2023'; the build script reads Elecciones y partidos.csv (dictionary table DBF_ECP_252_4) and the dictionary names all 11 of the table's items (p5369 ... p5370s10) with their response codes",2026-10-04
colombia_2023_politics_registration,https://microdatos.dane.gov.co/index.php/catalog/822/download/23346,Formulario_ECP_2023 _Final.pdf,questionnaire,ECP,2023,"DANE study 822's own questionnaire, listed under its related materials; the cover reads 'ENCUESTA DE CULTURA POLÍTICA - ECP 2023' and the table's items sit in chapter F (Elecciones y partidos políticos) (question text only, no variable names printed)",2026-10-04
colombia_2023_politics_requisites,https://microdatos.dane.gov.co/index.php/catalog/822/download/23348,DICCIONARIO BASE ANONIMIZADA ECP 2023.xlsx (inside DICCIONARIO BASE ANONIMIZADA ECP 2023.zip),codebook,ECP,2023,"DANE NADA study 822's own data dictionary, headed 'Base de datos Anonimizada Encuesta de Cultura Política - ECP 2023'; the build script reads Democracia.csv (dictionary table DBF_ECP_252_5) and the dictionary names all 15 of the table's items (p5317s1 ... p5302) with their response codes",2026-10-04
colombia_2023_politics_requisites,https://microdatos.dane.gov.co/index.php/catalog/822/download/23346,Formulario_ECP_2023 _Final.pdf,questionnaire,ECP,2023,"DANE study 822's own questionnaire, listed under its related materials; the cover reads 'ENCUESTA DE CULTURA POLÍTICA - ECP 2023' and the table's items sit in chapter G (Democracia) (question text only, no variable names printed)",2026-10-04
colombia_2023_politics_rights,https://microdatos.dane.gov.co/index.php/catalog/822/download/23348,DICCIONARIO BASE ANONIMIZADA ECP 2023.xlsx (inside DICCIONARIO BASE ANONIMIZADA ECP 2023.zip),codebook,ECP,2023,"DANE NADA study 822's own data dictionary, headed 'Base de datos Anonimizada Encuesta de Cultura Política - ECP 2023'; the build script reads Democracia.csv (dictionary table DBF_ECP_252_5) and the dictionary names all 10 of the table's items (p5304s1 ... p3574) with their response codes",2026-10-04
colombia_2023_politics_rights,https://microdatos.dane.gov.co/index.php/catalog/822/download/23346,Formulario_ECP_2023 _Final.pdf,questionnaire,ECP,2023,"DANE study 822's own questionnaire, listed under its related materials; the cover reads 'ENCUESTA DE CULTURA POLÍTICA - ECP 2023' and the table's items sit in chapter G (Democracia) (question text only, no variable names printed)",2026-10-04
colombia_2023_politics_risks,https://microdatos.dane.gov.co/index.php/catalog/822/download/23348,DICCIONARIO BASE ANONIMIZADA ECP 2023.xlsx (inside DICCIONARIO BASE ANONIMIZADA ECP 2023.zip),codebook,ECP,2023,"DANE NADA study 822's own data dictionary, headed 'Base de datos Anonimizada Encuesta de Cultura Política - ECP 2023'; the build script reads Democracia.csv (dictionary table DBF_ECP_252_5) and the dictionary names all 9 of the table's items (p6936s1 ... p6936s7) with their response codes",2026-10-04
colombia_2023_politics_risks,https://microdatos.dane.gov.co/index.php/catalog/822/download/23346,Formulario_ECP_2023 _Final.pdf,questionnaire,ECP,2023,"DANE study 822's own questionnaire, listed under its related materials; the cover reads 'ENCUESTA DE CULTURA POLÍTICA - ECP 2023' and the table's items sit in chapter G (Democracia) (question text only, no variable names printed)",2026-10-04
colombia_2023_politics_spaces,https://microdatos.dane.gov.co/index.php/catalog/822/download/23348,DICCIONARIO BASE ANONIMIZADA ECP 2023.xlsx (inside DICCIONARIO BASE ANONIMIZADA ECP 2023.zip),codebook,ECP,2023,"DANE NADA study 822's own data dictionary, headed 'Base de datos Anonimizada Encuesta de Cultura Política - ECP 2023'; the build script reads Participación.csv (dictionary table DBF_ECP_252_3) and the dictionary names all 9 of the table's items (p5367s1 ... p5368) with their response codes",2026-10-04
colombia_2023_politics_spaces,https://microdatos.dane.gov.co/index.php/catalog/822/download/23346,Formulario_ECP_2023 _Final.pdf,questionnaire,ECP,2023,"DANE study 822's own questionnaire, listed under its related materials; the cover reads 'ENCUESTA DE CULTURA POLÍTICA - ECP 2023' and the table's items sit in chapter E (Participación) (question text only, no variable names printed)",2026-10-04
colombia_2023_politics_transparency,https://microdatos.dane.gov.co/index.php/catalog/822/download/23348,DICCIONARIO BASE ANONIMIZADA ECP 2023.xlsx (inside DICCIONARIO BASE ANONIMIZADA ECP 2023.zip),codebook,ECP,2023,"DANE NADA study 822's own data dictionary, headed 'Base de datos Anonimizada Encuesta de Cultura Política - ECP 2023'; the build script reads Elecciones y partidos.csv (dictionary table DBF_ECP_252_4) and the dictionary names all 3 of the table's items (p5339s1 p5339s3 p5339s2) with their response codes",2026-10-04
colombia_2023_politics_transparency,https://microdatos.dane.gov.co/index.php/catalog/822/download/23346,Formulario_ECP_2023 _Final.pdf,questionnaire,ECP,2023,"DANE study 822's own questionnaire, listed under its related materials; the cover reads 'ENCUESTA DE CULTURA POLÍTICA - ECP 2023' and the table's items sit in chapter F (Elecciones y partidos políticos) (question text only, no variable names printed)",2026-10-04
colombia_2023_politics_trust,https://microdatos.dane.gov.co/index.php/catalog/822/download/23348,DICCIONARIO BASE ANONIMIZADA ECP 2023.xlsx (inside DICCIONARIO BASE ANONIMIZADA ECP 2023.zip),codebook,ECP,2023,"DANE NADA study 822's own data dictionary, headed 'Base de datos Anonimizada Encuesta de Cultura Política - ECP 2023'; the build script reads Democracia.csv (dictionary table DBF_ECP_252_5) and the dictionary names all 15 of the table's items (p5263s1 ... p5263s15) with their response codes",2026-10-04
colombia_2023_politics_trust,https://microdatos.dane.gov.co/index.php/catalog/822/download/23346,Formulario_ECP_2023 _Final.pdf,questionnaire,ECP,2023,"DANE study 822's own questionnaire, listed under its related materials; the cover reads 'ENCUESTA DE CULTURA POLÍTICA - ECP 2023' and the table's items sit in chapter G (Democracia) (question text only, no variable names printed)",2026-10-04
colombia_2023_politics_voting,https://microdatos.dane.gov.co/index.php/catalog/822/download/23348,DICCIONARIO BASE ANONIMIZADA ECP 2023.xlsx (inside DICCIONARIO BASE ANONIMIZADA ECP 2023.zip),codebook,ECP,2023,"DANE NADA study 822's own data dictionary, headed 'Base de datos Anonimizada Encuesta de Cultura Política - ECP 2023'; the build script reads Elecciones y partidos.csv (dictionary table DBF_ECP_252_4) and the dictionary names all 24 of the table's items (p6933 ... p5337s7) with their response codes",2026-10-04
colombia_2023_politics_voting,https://microdatos.dane.gov.co/index.php/catalog/822/download/23346,Formulario_ECP_2023 _Final.pdf,questionnaire,ECP,2023,"DANE study 822's own questionnaire, listed under its related materials; the cover reads 'ENCUESTA DE CULTURA POLÍTICA - ECP 2023' and the table's items sit in chapter F (Elecciones y partidos políticos) (question text only, no variable names printed)",2026-10-04
colombia_2023_politics_wellbeing,https://microdatos.dane.gov.co/index.php/catalog/822/download/23348,DICCIONARIO BASE ANONIMIZADA ECP 2023.xlsx (inside DICCIONARIO BASE ANONIMIZADA ECP 2023.zip),codebook,ECP,2023,"DANE NADA study 822's own data dictionary, headed 'Base de datos Anonimizada Encuesta de Cultura Política - ECP 2023'; the build script reads Componente capital social.csv (dictionary table DBF_ECP_252_6) and the dictionary names all 9 of the table's items (p2027s1 ... p2039) with their response codes",2026-10-04
colombia_2023_politics_wellbeing,https://microdatos.dane.gov.co/index.php/catalog/822/download/23346,Formulario_ECP_2023 _Final.pdf,questionnaire,ECP,2023,"DANE study 822's own questionnaire, listed under its related materials; the cover reads 'ENCUESTA DE CULTURA POLÍTICA - ECP 2023' and the table's items sit in chapter Componente de capital social (question text only, no variable names printed)",2026-10-04
ecuador_2011_safety_avoidance,https://www.ecuadorencifras.gob.ec//documentos/web-inec/Victimizacion/Formulario_ENVIPI_2011.pdf,Formulario_ENVIPI_2011.pdf,questionnaire,ENVIPI,2011,"INEC's own form for the Encuesta de Victimización y Percepción de Inseguridad 2011 (title on the cover), linked from the 2011 survey page; the build script reads victimizacion_informantes.sav and the table's items I50901-I50914 are questions 5.9 of the informant section (form prints question numbers, not variable names)",2026-10-04
ecuador_2011_safety_confidence,https://www.ecuadorencifras.gob.ec//documentos/web-inec/Victimizacion/Formulario_ENVIPI_2011.pdf,Formulario_ENVIPI_2011.pdf,questionnaire,ENVIPI,2011,"INEC's own form for the Encuesta de Victimización y Percepción de Inseguridad 2011 (title on the cover), linked from the 2011 survey page; the build script reads victimizacion_informantes.sav and the table's items I51501-I51514 (incl. I51533) are questions 5.15 of the informant section (form prints question numbers, not variable names)",2026-10-04
ecuador_2011_safety_crime,https://www.ecuadorencifras.gob.ec//documentos/web-inec/Victimizacion/Formulario_ENVIPI_2011.pdf,Formulario_ENVIPI_2011.pdf,questionnaire,ENVIPI,2011,"INEC's own form for the Encuesta de Victimización y Percepción de Inseguridad 2011 (title on the cover), linked from the 2011 survey page; the build script reads victimizacion_informantes.sav and the table's items I75 I7601-I7604 I77 I78 I79 I710 are questions 7.5-7.10 of the informant section (form prints question numbers, not variable names)",2026-10-04
ecuador_2011_safety_homesec,https://www.ecuadorencifras.gob.ec//documentos/web-inec/Victimizacion/Formulario_ENVIPI_2011.pdf,Formulario_ENVIPI_2011.pdf,questionnaire,ENVIPI,2011,"INEC's own form for the Encuesta de Victimización y Percepción de Inseguridad 2011 (title on the cover), linked from the 2011 survey page; the build script reads victimizacion_informantes.sav and the table's items I51001-I51011 are questions 5.10 of the informant section (form prints question numbers, not variable names)",2026-10-04
ecuador_2011_safety_impact,https://www.ecuadorencifras.gob.ec//documentos/web-inec/Victimizacion/Formulario_ENVIPI_2011.pdf,Formulario_ENVIPI_2011.pdf,questionnaire,ENVIPI,2011,"INEC's own form for the Encuesta de Victimización y Percepción de Inseguridad 2011 (title on the cover), linked from the 2011 survey page; the build script reads victimizacion_informantes.sav and the table's items I512 I514 are questions 5.12 and 5.14 of the informant section (form prints question numbers, not variable names)",2026-10-04
ecuador_2011_safety_operatives,https://www.ecuadorencifras.gob.ec//documentos/web-inec/Victimizacion/Formulario_ENVIPI_2011.pdf,Formulario_ENVIPI_2011.pdf,questionnaire,ENVIPI,2011,"INEC's own form for the Encuesta de Victimización y Percepción de Inseguridad 2011 (title on the cover), linked from the 2011 survey page; the build script reads victimizacion_informantes.sav and the table's items I517 I518 are questions 5.17-5.18 of the informant section (form prints question numbers, not variable names)",2026-10-04
ecuador_2011_safety_places,https://www.ecuadorencifras.gob.ec//documentos/web-inec/Victimizacion/Formulario_ENVIPI_2011.pdf,Formulario_ENVIPI_2011.pdf,questionnaire,ENVIPI,2011,"INEC's own form for the Encuesta de Victimización y Percepción de Inseguridad 2011 (title on the cover), linked from the 2011 survey page; the build script reads victimizacion_informantes.sav and the table's items I5301-I5312 are questions 5.3 of the informant section (form prints question numbers, not variable names)",2026-10-04
ecuador_2011_safety_safety,https://www.ecuadorencifras.gob.ec//documentos/web-inec/Victimizacion/Formulario_ENVIPI_2011.pdf,Formulario_ENVIPI_2011.pdf,questionnaire,ENVIPI,2011,"INEC's own form for the Encuesta de Victimización y Percepción de Inseguridad 2011 (title on the cover), linked from the 2011 survey page; the build script reads victimizacion_informantes.sav and the table's items I51 I52 are questions 5.1-5.2 of the informant section (form prints question numbers, not variable names)",2026-10-04
ecuador_2011_safety_surroundings,https://www.ecuadorencifras.gob.ec//documentos/web-inec/Victimizacion/Formulario_ENVIPI_2011.pdf,Formulario_ENVIPI_2011.pdf,questionnaire,ENVIPI,2011,"INEC's own form for the Encuesta de Victimización y Percepción de Inseguridad 2011 (title on the cover), linked from the 2011 survey page; the build script reads victimizacion_informantes.sav and the table's items I51901-I51906 are questions 5.19 of the informant section (form prints question numbers, not variable names)",2026-10-04
ecuador_2011_safety_trend,https://www.ecuadorencifras.gob.ec//documentos/web-inec/Victimizacion/Formulario_ENVIPI_2011.pdf,Formulario_ENVIPI_2011.pdf,questionnaire,ENVIPI,2011,"INEC's own form for the Encuesta de Victimización y Percepción de Inseguridad 2011 (title on the cover), linked from the 2011 survey page; the build script reads victimizacion_informantes.sav and the table's items I55 I56 are questions 5.5-5.6 of the informant section (form prints question numbers, not variable names)",2026-10-04
ecuador_2011_safety_victim,https://www.ecuadorencifras.gob.ec//documentos/web-inec/Victimizacion/Formulario_ENVIPI_2011.pdf,Formulario_ENVIPI_2011.pdf,questionnaire,ENVIPI,2011,"INEC's own form for the Encuesta de Victimización y Percepción de Inseguridad 2011 (title on the cover), linked from the 2011 survey page; the build script reads victimizacion_informantes.sav and the table's items I71A I72A are questions 7.1-7.2 of the informant section (form prints question numbers, not variable names)",2026-10-04
ecuador_2011_safety_victimtype,https://www.ecuadorencifras.gob.ec//documentos/web-inec/Victimizacion/Formulario_ENVIPI_2011.pdf,Formulario_ENVIPI_2011.pdf,questionnaire,ENVIPI,2011,"INEC's own form for the Encuesta de Victimización y Percepción de Inseguridad 2011 (title on the cover), linked from the 2011 survey page; the build script reads victimizacion_informantes.sav and the table's items I7401-I7406 are questions 7.4 of the informant section (form prints question numbers, not variable names)",2026-10-04
enem_2013_1mil_ch,https://download.inep.gov.br/microdados/microdados_enem_2013.zip,"DICIONÁRIO/Dicionário_Microdados_Enem_2013.xlsx (inside microdados_enem_2013.zip, 893 MB)",codebook,ENEM,2013,"INEP ENEM 2013 microdata dictionary (sheets MICRODADOS_ENEM_2013, ITENS_PROVA_2013; headed 'DICIONÁRIO DAS VARIÁVEIS', ENEM 2013): the build script reads DADOS/MICRODADOS_ENEM_2013.csv and DADOS/ITENS_PROVA_2013.csv from this zip; it defines the table's item variables TX_RESPOSTAS_CH, CO_PROVA_CH, TP_PRESENCA_CH and the item file's CO_ITEM, CO_POSICAO, SG_AREA, TX_GABARITO; zip is 893 MB, dictionary read by HTTP range request",2026-10-04
enem_2013_1mil_ch_nom,https://download.inep.gov.br/microdados/microdados_enem_2013.zip,"DICIONÁRIO/Dicionário_Microdados_Enem_2013.xlsx (inside microdados_enem_2013.zip, 893 MB)",codebook,ENEM,2013,"INEP ENEM 2013 microdata dictionary (sheets MICRODADOS_ENEM_2013, ITENS_PROVA_2013; headed 'DICIONÁRIO DAS VARIÁVEIS', ENEM 2013): the build script reads DADOS/MICRODADOS_ENEM_2013.csv and DADOS/ITENS_PROVA_2013.csv from this zip; it defines the table's item variables TX_RESPOSTAS_CH, CO_PROVA_CH, TP_PRESENCA_CH and the item file's CO_ITEM, CO_POSICAO, SG_AREA, TX_GABARITO; zip is 893 MB, dictionary read by HTTP range request",2026-10-04
enem_2013_1mil_cn,https://download.inep.gov.br/microdados/microdados_enem_2013.zip,"DICIONÁRIO/Dicionário_Microdados_Enem_2013.xlsx (inside microdados_enem_2013.zip, 893 MB)",codebook,ENEM,2013,"INEP ENEM 2013 microdata dictionary (sheets MICRODADOS_ENEM_2013, ITENS_PROVA_2013; headed 'DICIONÁRIO DAS VARIÁVEIS', ENEM 2013): the build script reads DADOS/MICRODADOS_ENEM_2013.csv and DADOS/ITENS_PROVA_2013.csv from this zip; it defines the table's item variables TX_RESPOSTAS_CN, CO_PROVA_CN, TP_PRESENCA_CN and the item file's CO_ITEM, CO_POSICAO, SG_AREA, TX_GABARITO; zip is 893 MB, dictionary read by HTTP range request",2026-10-04
enem_2013_1mil_cn_nom,https://download.inep.gov.br/microdados/microdados_enem_2013.zip,"DICIONÁRIO/Dicionário_Microdados_Enem_2013.xlsx (inside microdados_enem_2013.zip, 893 MB)",codebook,ENEM,2013,"INEP ENEM 2013 microdata dictionary (sheets MICRODADOS_ENEM_2013, ITENS_PROVA_2013; headed 'DICIONÁRIO DAS VARIÁVEIS', ENEM 2013): the build script reads DADOS/MICRODADOS_ENEM_2013.csv and DADOS/ITENS_PROVA_2013.csv from this zip; it defines the table's item variables TX_RESPOSTAS_CN, CO_PROVA_CN, TP_PRESENCA_CN and the item file's CO_ITEM, CO_POSICAO, SG_AREA, TX_GABARITO; zip is 893 MB, dictionary read by HTTP range request",2026-10-04
enem_2013_1mil_lc,https://download.inep.gov.br/microdados/microdados_enem_2013.zip,"DICIONÁRIO/Dicionário_Microdados_Enem_2013.xlsx (inside microdados_enem_2013.zip, 893 MB)",codebook,ENEM,2013,"INEP ENEM 2013 microdata dictionary (sheets MICRODADOS_ENEM_2013, ITENS_PROVA_2013; headed 'DICIONÁRIO DAS VARIÁVEIS', ENEM 2013): the build script reads DADOS/MICRODADOS_ENEM_2013.csv and DADOS/ITENS_PROVA_2013.csv from this zip; it defines the table's item variables TX_RESPOSTAS_LC, CO_PROVA_LC, TP_PRESENCA_LC and TP_LINGUA (foreign-language choice) and the item file's CO_ITEM, CO_POSICAO, SG_AREA, TX_GABARITO; zip is 893 MB, dictionary read by HTTP range request",2026-10-04
enem_2013_1mil_lc_nom,https://download.inep.gov.br/microdados/microdados_enem_2013.zip,"DICIONÁRIO/Dicionário_Microdados_Enem_2013.xlsx (inside microdados_enem_2013.zip, 893 MB)",codebook,ENEM,2013,"INEP ENEM 2013 microdata dictionary (sheets MICRODADOS_ENEM_2013, ITENS_PROVA_2013; headed 'DICIONÁRIO DAS VARIÁVEIS', ENEM 2013): the build script reads DADOS/MICRODADOS_ENEM_2013.csv and DADOS/ITENS_PROVA_2013.csv from this zip; it defines the table's item variables TX_RESPOSTAS_LC, CO_PROVA_LC, TP_PRESENCA_LC and TP_LINGUA (foreign-language choice) and the item file's CO_ITEM, CO_POSICAO, SG_AREA, TX_GABARITO; zip is 893 MB, dictionary read by HTTP range request",2026-10-04
enem_2013_1mil_mt,https://download.inep.gov.br/microdados/microdados_enem_2013.zip,"DICIONÁRIO/Dicionário_Microdados_Enem_2013.xlsx (inside microdados_enem_2013.zip, 893 MB)",codebook,ENEM,2013,"INEP ENEM 2013 microdata dictionary (sheets MICRODADOS_ENEM_2013, ITENS_PROVA_2013; headed 'DICIONÁRIO DAS VARIÁVEIS', ENEM 2013): the build script reads DADOS/MICRODADOS_ENEM_2013.csv and DADOS/ITENS_PROVA_2013.csv from this zip; it defines the table's item variables TX_RESPOSTAS_MT, CO_PROVA_MT, TP_PRESENCA_MT and the item file's CO_ITEM, CO_POSICAO, SG_AREA, TX_GABARITO; zip is 893 MB, dictionary read by HTTP range request",2026-10-04
enem_2013_1mil_mt_nom,https://download.inep.gov.br/microdados/microdados_enem_2013.zip,"DICIONÁRIO/Dicionário_Microdados_Enem_2013.xlsx (inside microdados_enem_2013.zip, 893 MB)",codebook,ENEM,2013,"INEP ENEM 2013 microdata dictionary (sheets MICRODADOS_ENEM_2013, ITENS_PROVA_2013; headed 'DICIONÁRIO DAS VARIÁVEIS', ENEM 2013): the build script reads DADOS/MICRODADOS_ENEM_2013.csv and DADOS/ITENS_PROVA_2013.csv from this zip; it defines the table's item variables TX_RESPOSTAS_MT, CO_PROVA_MT, TP_PRESENCA_MT and the item file's CO_ITEM, CO_POSICAO, SG_AREA, TX_GABARITO; zip is 893 MB, dictionary read by HTTP range request",2026-10-04
enem_2014_1mil_ch,https://download.inep.gov.br/microdados/microdados_enem_2014.zip,"DICIONÁRIO/Dicionário_Microdados_Enem_2014.xlsx (inside microdados_enem_2014.zip, 1 GB)",codebook,ENEM,2014,"INEP ENEM 2014 microdata dictionary (sheets MICRODADOS_ENEM_2014, ITENS_PROVA_2014; headed 'DICIONÁRIO DE VARIÁVEIS', ENEM 2014): the build script reads DADOS/MICRODADOS_ENEM_2014.csv and DADOS/ITENS_PROVA_2014.csv from this zip; it defines the table's item variables TX_RESPOSTAS_CH, CO_PROVA_CH, TP_PRESENCA_CH and the item file's CO_ITEM, CO_POSICAO, SG_AREA, TX_GABARITO; zip is 1049 MB, dictionary read by HTTP range request",2026-10-04
enem_2014_1mil_ch_nom,https://download.inep.gov.br/microdados/microdados_enem_2014.zip,"DICIONÁRIO/Dicionário_Microdados_Enem_2014.xlsx (inside microdados_enem_2014.zip, 1 GB)",codebook,ENEM,2014,"INEP ENEM 2014 microdata dictionary (sheets MICRODADOS_ENEM_2014, ITENS_PROVA_2014; headed 'DICIONÁRIO DE VARIÁVEIS', ENEM 2014): the build script reads DADOS/MICRODADOS_ENEM_2014.csv and DADOS/ITENS_PROVA_2014.csv from this zip; it defines the table's item variables TX_RESPOSTAS_CH, CO_PROVA_CH, TP_PRESENCA_CH and the item file's CO_ITEM, CO_POSICAO, SG_AREA, TX_GABARITO; zip is 1049 MB, dictionary read by HTTP range request",2026-10-04
enem_2014_1mil_cn,https://download.inep.gov.br/microdados/microdados_enem_2014.zip,"DICIONÁRIO/Dicionário_Microdados_Enem_2014.xlsx (inside microdados_enem_2014.zip, 1 GB)",codebook,ENEM,2014,"INEP ENEM 2014 microdata dictionary (sheets MICRODADOS_ENEM_2014, ITENS_PROVA_2014; headed 'DICIONÁRIO DE VARIÁVEIS', ENEM 2014): the build script reads DADOS/MICRODADOS_ENEM_2014.csv and DADOS/ITENS_PROVA_2014.csv from this zip; it defines the table's item variables TX_RESPOSTAS_CN, CO_PROVA_CN, TP_PRESENCA_CN and the item file's CO_ITEM, CO_POSICAO, SG_AREA, TX_GABARITO; zip is 1049 MB, dictionary read by HTTP range request",2026-10-04
enem_2014_1mil_cn_nom,https://download.inep.gov.br/microdados/microdados_enem_2014.zip,"DICIONÁRIO/Dicionário_Microdados_Enem_2014.xlsx (inside microdados_enem_2014.zip, 1 GB)",codebook,ENEM,2014,"INEP ENEM 2014 microdata dictionary (sheets MICRODADOS_ENEM_2014, ITENS_PROVA_2014; headed 'DICIONÁRIO DE VARIÁVEIS', ENEM 2014): the build script reads DADOS/MICRODADOS_ENEM_2014.csv and DADOS/ITENS_PROVA_2014.csv from this zip; it defines the table's item variables TX_RESPOSTAS_CN, CO_PROVA_CN, TP_PRESENCA_CN and the item file's CO_ITEM, CO_POSICAO, SG_AREA, TX_GABARITO; zip is 1049 MB, dictionary read by HTTP range request",2026-10-04
enem_2014_1mil_lc,https://download.inep.gov.br/microdados/microdados_enem_2014.zip,"DICIONÁRIO/Dicionário_Microdados_Enem_2014.xlsx (inside microdados_enem_2014.zip, 1 GB)",codebook,ENEM,2014,"INEP ENEM 2014 microdata dictionary (sheets MICRODADOS_ENEM_2014, ITENS_PROVA_2014; headed 'DICIONÁRIO DE VARIÁVEIS', ENEM 2014): the build script reads DADOS/MICRODADOS_ENEM_2014.csv and DADOS/ITENS_PROVA_2014.csv from this zip; it defines the table's item variables TX_RESPOSTAS_LC, CO_PROVA_LC, TP_PRESENCA_LC and TP_LINGUA (foreign-language choice) and the item file's CO_ITEM, CO_POSICAO, SG_AREA, TX_GABARITO; zip is 1049 MB, dictionary read by HTTP range request",2026-10-04
enem_2014_1mil_lc_nom,https://download.inep.gov.br/microdados/microdados_enem_2014.zip,"DICIONÁRIO/Dicionário_Microdados_Enem_2014.xlsx (inside microdados_enem_2014.zip, 1 GB)",codebook,ENEM,2014,"INEP ENEM 2014 microdata dictionary (sheets MICRODADOS_ENEM_2014, ITENS_PROVA_2014; headed 'DICIONÁRIO DE VARIÁVEIS', ENEM 2014): the build script reads DADOS/MICRODADOS_ENEM_2014.csv and DADOS/ITENS_PROVA_2014.csv from this zip; it defines the table's item variables TX_RESPOSTAS_LC, CO_PROVA_LC, TP_PRESENCA_LC and TP_LINGUA (foreign-language choice) and the item file's CO_ITEM, CO_POSICAO, SG_AREA, TX_GABARITO; zip is 1049 MB, dictionary read by HTTP range request",2026-10-04
enem_2014_1mil_mt,https://download.inep.gov.br/microdados/microdados_enem_2014.zip,"DICIONÁRIO/Dicionário_Microdados_Enem_2014.xlsx (inside microdados_enem_2014.zip, 1 GB)",codebook,ENEM,2014,"INEP ENEM 2014 microdata dictionary (sheets MICRODADOS_ENEM_2014, ITENS_PROVA_2014; headed 'DICIONÁRIO DE VARIÁVEIS', ENEM 2014): the build script reads DADOS/MICRODADOS_ENEM_2014.csv and DADOS/ITENS_PROVA_2014.csv from this zip; it defines the table's item variables TX_RESPOSTAS_MT, CO_PROVA_MT, TP_PRESENCA_MT and the item file's CO_ITEM, CO_POSICAO, SG_AREA, TX_GABARITO; zip is 1049 MB, dictionary read by HTTP range request",2026-10-04
enem_2014_1mil_mt_nom,https://download.inep.gov.br/microdados/microdados_enem_2014.zip,"DICIONÁRIO/Dicionário_Microdados_Enem_2014.xlsx (inside microdados_enem_2014.zip, 1 GB)",codebook,ENEM,2014,"INEP ENEM 2014 microdata dictionary (sheets MICRODADOS_ENEM_2014, ITENS_PROVA_2014; headed 'DICIONÁRIO DE VARIÁVEIS', ENEM 2014): the build script reads DADOS/MICRODADOS_ENEM_2014.csv and DADOS/ITENS_PROVA_2014.csv from this zip; it defines the table's item variables TX_RESPOSTAS_MT, CO_PROVA_MT, TP_PRESENCA_MT and the item file's CO_ITEM, CO_POSICAO, SG_AREA, TX_GABARITO; zip is 1049 MB, dictionary read by HTTP range request",2026-10-04
enem_2015_1mil_ch,https://download.inep.gov.br/microdados/microdados_enem_2015.zip,"DICIONÁRIO/Dicionário_Microdados_Enem_2015.xlsx (inside microdados_enem_2015.zip, 986 MB)",codebook,ENEM,2015,"INEP ENEM 2015 microdata dictionary (sheets MICRODADOS_ENEM_2015, ITENS_PROVA_2015; headed 'DICIONÁRIO DE VARIÁVEIS', ENEM 2015): the build script reads DADOS/MICRODADOS_ENEM_2015.csv and DADOS/ITENS_PROVA_2015.csv from this zip; it defines the table's item variables TX_RESPOSTAS_CH, CO_PROVA_CH, TP_PRESENCA_CH and the item file's CO_ITEM, CO_POSICAO, SG_AREA, TX_GABARITO; zip is 986 MB, dictionary read by HTTP range request",2026-10-04
enem_2015_1mil_ch_nom,https://download.inep.gov.br/microdados/microdados_enem_2015.zip,"DICIONÁRIO/Dicionário_Microdados_Enem_2015.xlsx (inside microdados_enem_2015.zip, 986 MB)",codebook,ENEM,2015,"INEP ENEM 2015 microdata dictionary (sheets MICRODADOS_ENEM_2015, ITENS_PROVA_2015; headed 'DICIONÁRIO DE VARIÁVEIS', ENEM 2015): the build script reads DADOS/MICRODADOS_ENEM_2015.csv and DADOS/ITENS_PROVA_2015.csv from this zip; it defines the table's item variables TX_RESPOSTAS_CH, CO_PROVA_CH, TP_PRESENCA_CH and the item file's CO_ITEM, CO_POSICAO, SG_AREA, TX_GABARITO; zip is 986 MB, dictionary read by HTTP range request",2026-10-04
enem_2015_1mil_cn,https://download.inep.gov.br/microdados/microdados_enem_2015.zip,"DICIONÁRIO/Dicionário_Microdados_Enem_2015.xlsx (inside microdados_enem_2015.zip, 986 MB)",codebook,ENEM,2015,"INEP ENEM 2015 microdata dictionary (sheets MICRODADOS_ENEM_2015, ITENS_PROVA_2015; headed 'DICIONÁRIO DE VARIÁVEIS', ENEM 2015): the build script reads DADOS/MICRODADOS_ENEM_2015.csv and DADOS/ITENS_PROVA_2015.csv from this zip; it defines the table's item variables TX_RESPOSTAS_CN, CO_PROVA_CN, TP_PRESENCA_CN and the item file's CO_ITEM, CO_POSICAO, SG_AREA, TX_GABARITO; zip is 986 MB, dictionary read by HTTP range request",2026-10-04
enem_2015_1mil_cn_nom,https://download.inep.gov.br/microdados/microdados_enem_2015.zip,"DICIONÁRIO/Dicionário_Microdados_Enem_2015.xlsx (inside microdados_enem_2015.zip, 986 MB)",codebook,ENEM,2015,"INEP ENEM 2015 microdata dictionary (sheets MICRODADOS_ENEM_2015, ITENS_PROVA_2015; headed 'DICIONÁRIO DE VARIÁVEIS', ENEM 2015): the build script reads DADOS/MICRODADOS_ENEM_2015.csv and DADOS/ITENS_PROVA_2015.csv from this zip; it defines the table's item variables TX_RESPOSTAS_CN, CO_PROVA_CN, TP_PRESENCA_CN and the item file's CO_ITEM, CO_POSICAO, SG_AREA, TX_GABARITO; zip is 986 MB, dictionary read by HTTP range request",2026-10-04
enem_2015_1mil_lc,https://download.inep.gov.br/microdados/microdados_enem_2015.zip,"DICIONÁRIO/Dicionário_Microdados_Enem_2015.xlsx (inside microdados_enem_2015.zip, 986 MB)",codebook,ENEM,2015,"INEP ENEM 2015 microdata dictionary (sheets MICRODADOS_ENEM_2015, ITENS_PROVA_2015; headed 'DICIONÁRIO DE VARIÁVEIS', ENEM 2015): the build script reads DADOS/MICRODADOS_ENEM_2015.csv and DADOS/ITENS_PROVA_2015.csv from this zip; it defines the table's item variables TX_RESPOSTAS_LC, CO_PROVA_LC, TP_PRESENCA_LC and TP_LINGUA (foreign-language choice) and the item file's CO_ITEM, CO_POSICAO, SG_AREA, TX_GABARITO; zip is 986 MB, dictionary read by HTTP range request",2026-10-04
enem_2015_1mil_lc_nom,https://download.inep.gov.br/microdados/microdados_enem_2015.zip,"DICIONÁRIO/Dicionário_Microdados_Enem_2015.xlsx (inside microdados_enem_2015.zip, 986 MB)",codebook,ENEM,2015,"INEP ENEM 2015 microdata dictionary (sheets MICRODADOS_ENEM_2015, ITENS_PROVA_2015; headed 'DICIONÁRIO DE VARIÁVEIS', ENEM 2015): the build script reads DADOS/MICRODADOS_ENEM_2015.csv and DADOS/ITENS_PROVA_2015.csv from this zip; it defines the table's item variables TX_RESPOSTAS_LC, CO_PROVA_LC, TP_PRESENCA_LC and TP_LINGUA (foreign-language choice) and the item file's CO_ITEM, CO_POSICAO, SG_AREA, TX_GABARITO; zip is 986 MB, dictionary read by HTTP range request",2026-10-04
enem_2015_1mil_mt,https://download.inep.gov.br/microdados/microdados_enem_2015.zip,"DICIONÁRIO/Dicionário_Microdados_Enem_2015.xlsx (inside microdados_enem_2015.zip, 986 MB)",codebook,ENEM,2015,"INEP ENEM 2015 microdata dictionary (sheets MICRODADOS_ENEM_2015, ITENS_PROVA_2015; headed 'DICIONÁRIO DE VARIÁVEIS', ENEM 2015): the build script reads DADOS/MICRODADOS_ENEM_2015.csv and DADOS/ITENS_PROVA_2015.csv from this zip; it defines the table's item variables TX_RESPOSTAS_MT, CO_PROVA_MT, TP_PRESENCA_MT and the item file's CO_ITEM, CO_POSICAO, SG_AREA, TX_GABARITO; zip is 986 MB, dictionary read by HTTP range request",2026-10-04
enem_2015_1mil_mt_nom,https://download.inep.gov.br/microdados/microdados_enem_2015.zip,"DICIONÁRIO/Dicionário_Microdados_Enem_2015.xlsx (inside microdados_enem_2015.zip, 986 MB)",codebook,ENEM,2015,"INEP ENEM 2015 microdata dictionary (sheets MICRODADOS_ENEM_2015, ITENS_PROVA_2015; headed 'DICIONÁRIO DE VARIÁVEIS', ENEM 2015): the build script reads DADOS/MICRODADOS_ENEM_2015.csv and DADOS/ITENS_PROVA_2015.csv from this zip; it defines the table's item variables TX_RESPOSTAS_MT, CO_PROVA_MT, TP_PRESENCA_MT and the item file's CO_ITEM, CO_POSICAO, SG_AREA, TX_GABARITO; zip is 986 MB, dictionary read by HTTP range request",2026-10-04
enem_2016_1mil_ch,https://download.inep.gov.br/microdados/microdados_enem_2016.zip,"DICIONÁRIO/Dicionário_Microdados_Enem_2016.xlsx (inside microdados_enem_2016.zip, 1 GB)",codebook,ENEM,2016,"INEP ENEM 2016 microdata dictionary (sheets MICRODADOS_ENEM_2016, ITENS_PROVA_2016; headed 'DICIONÁRIO DE VARIÁVEIS', ENEM 2016): the build script reads DADOS/microdados_enem_2016.csv and DADOS/itens_prova_2016.csv from this zip; it defines the table's item variables TX_RESPOSTAS_CH, CO_PROVA_CH, TP_PRESENCA_CH and the item file's CO_ITEM, CO_POSICAO, SG_AREA, TX_GABARITO; zip is 1048 MB, dictionary read by HTTP range request",2026-10-04
enem_2016_1mil_ch_nom,https://download.inep.gov.br/microdados/microdados_enem_2016.zip,"DICIONÁRIO/Dicionário_Microdados_Enem_2016.xlsx (inside microdados_enem_2016.zip, 1 GB)",codebook,ENEM,2016,"INEP ENEM 2016 microdata dictionary (sheets MICRODADOS_ENEM_2016, ITENS_PROVA_2016; headed 'DICIONÁRIO DE VARIÁVEIS', ENEM 2016): the build script reads DADOS/microdados_enem_2016.csv and DADOS/itens_prova_2016.csv from this zip; it defines the table's item variables TX_RESPOSTAS_CH, CO_PROVA_CH, TP_PRESENCA_CH and the item file's CO_ITEM, CO_POSICAO, SG_AREA, TX_GABARITO; zip is 1048 MB, dictionary read by HTTP range request",2026-10-04
enem_2016_1mil_cn,https://download.inep.gov.br/microdados/microdados_enem_2016.zip,"DICIONÁRIO/Dicionário_Microdados_Enem_2016.xlsx (inside microdados_enem_2016.zip, 1 GB)",codebook,ENEM,2016,"INEP ENEM 2016 microdata dictionary (sheets MICRODADOS_ENEM_2016, ITENS_PROVA_2016; headed 'DICIONÁRIO DE VARIÁVEIS', ENEM 2016): the build script reads DADOS/microdados_enem_2016.csv and DADOS/itens_prova_2016.csv from this zip; it defines the table's item variables TX_RESPOSTAS_CN, CO_PROVA_CN, TP_PRESENCA_CN and the item file's CO_ITEM, CO_POSICAO, SG_AREA, TX_GABARITO; zip is 1048 MB, dictionary read by HTTP range request",2026-10-04
enem_2016_1mil_cn_nom,https://download.inep.gov.br/microdados/microdados_enem_2016.zip,"DICIONÁRIO/Dicionário_Microdados_Enem_2016.xlsx (inside microdados_enem_2016.zip, 1 GB)",codebook,ENEM,2016,"INEP ENEM 2016 microdata dictionary (sheets MICRODADOS_ENEM_2016, ITENS_PROVA_2016; headed 'DICIONÁRIO DE VARIÁVEIS', ENEM 2016): the build script reads DADOS/microdados_enem_2016.csv and DADOS/itens_prova_2016.csv from this zip; it defines the table's item variables TX_RESPOSTAS_CN, CO_PROVA_CN, TP_PRESENCA_CN and the item file's CO_ITEM, CO_POSICAO, SG_AREA, TX_GABARITO; zip is 1048 MB, dictionary read by HTTP range request",2026-10-04
enem_2016_1mil_lc,https://download.inep.gov.br/microdados/microdados_enem_2016.zip,"DICIONÁRIO/Dicionário_Microdados_Enem_2016.xlsx (inside microdados_enem_2016.zip, 1 GB)",codebook,ENEM,2016,"INEP ENEM 2016 microdata dictionary (sheets MICRODADOS_ENEM_2016, ITENS_PROVA_2016; headed 'DICIONÁRIO DE VARIÁVEIS', ENEM 2016): the build script reads DADOS/microdados_enem_2016.csv and DADOS/itens_prova_2016.csv from this zip; it defines the table's item variables TX_RESPOSTAS_LC, CO_PROVA_LC, TP_PRESENCA_LC and TP_LINGUA (foreign-language choice) and the item file's CO_ITEM, CO_POSICAO, SG_AREA, TX_GABARITO; zip is 1048 MB, dictionary read by HTTP range request",2026-10-04
enem_2016_1mil_lc_nom,https://download.inep.gov.br/microdados/microdados_enem_2016.zip,"DICIONÁRIO/Dicionário_Microdados_Enem_2016.xlsx (inside microdados_enem_2016.zip, 1 GB)",codebook,ENEM,2016,"INEP ENEM 2016 microdata dictionary (sheets MICRODADOS_ENEM_2016, ITENS_PROVA_2016; headed 'DICIONÁRIO DE VARIÁVEIS', ENEM 2016): the build script reads DADOS/microdados_enem_2016.csv and DADOS/itens_prova_2016.csv from this zip; it defines the table's item variables TX_RESPOSTAS_LC, CO_PROVA_LC, TP_PRESENCA_LC and TP_LINGUA (foreign-language choice) and the item file's CO_ITEM, CO_POSICAO, SG_AREA, TX_GABARITO; zip is 1048 MB, dictionary read by HTTP range request",2026-10-04
enem_2016_1mil_mt,https://download.inep.gov.br/microdados/microdados_enem_2016.zip,"DICIONÁRIO/Dicionário_Microdados_Enem_2016.xlsx (inside microdados_enem_2016.zip, 1 GB)",codebook,ENEM,2016,"INEP ENEM 2016 microdata dictionary (sheets MICRODADOS_ENEM_2016, ITENS_PROVA_2016; headed 'DICIONÁRIO DE VARIÁVEIS', ENEM 2016): the build script reads DADOS/microdados_enem_2016.csv and DADOS/itens_prova_2016.csv from this zip; it defines the table's item variables TX_RESPOSTAS_MT, CO_PROVA_MT, TP_PRESENCA_MT and the item file's CO_ITEM, CO_POSICAO, SG_AREA, TX_GABARITO; zip is 1048 MB, dictionary read by HTTP range request",2026-10-04
enem_2016_1mil_mt_nom,https://download.inep.gov.br/microdados/microdados_enem_2016.zip,"DICIONÁRIO/Dicionário_Microdados_Enem_2016.xlsx (inside microdados_enem_2016.zip, 1 GB)",codebook,ENEM,2016,"INEP ENEM 2016 microdata dictionary (sheets MICRODADOS_ENEM_2016, ITENS_PROVA_2016; headed 'DICIONÁRIO DE VARIÁVEIS', ENEM 2016): the build script reads DADOS/microdados_enem_2016.csv and DADOS/itens_prova_2016.csv from this zip; it defines the table's item variables TX_RESPOSTAS_MT, CO_PROVA_MT, TP_PRESENCA_MT and the item file's CO_ITEM, CO_POSICAO, SG_AREA, TX_GABARITO; zip is 1048 MB, dictionary read by HTTP range request",2026-10-04
enem_2017_1mil_ch,https://download.inep.gov.br/microdados/microdados_enem_2017.zip,"DICIONÁRIO/Dicionário_Microdados_Enem_2017.xlsx (inside microdados_enem_2017.zip, 826 MB)",codebook,ENEM,2017,"INEP ENEM 2017 microdata dictionary (sheets MICRODADOS_ENEM_2017, ITENS_PROVA_2017; headed 'DICIONÁRIO DE VARIÁVEIS', ENEM 2017): the build script reads DADOS/MICRODADOS_ENEM_2017.csv and DADOS/ITENS_PROVA_2017.csv from this zip; it defines the table's item variables TX_RESPOSTAS_CH, CO_PROVA_CH, TP_PRESENCA_CH and the item file's CO_ITEM, CO_POSICAO, SG_AREA, TX_GABARITO; zip is 826 MB, dictionary read by HTTP range request",2026-10-04
enem_2017_1mil_ch_nom,https://download.inep.gov.br/microdados/microdados_enem_2017.zip,"DICIONÁRIO/Dicionário_Microdados_Enem_2017.xlsx (inside microdados_enem_2017.zip, 826 MB)",codebook,ENEM,2017,"INEP ENEM 2017 microdata dictionary (sheets MICRODADOS_ENEM_2017, ITENS_PROVA_2017; headed 'DICIONÁRIO DE VARIÁVEIS', ENEM 2017): the build script reads DADOS/MICRODADOS_ENEM_2017.csv and DADOS/ITENS_PROVA_2017.csv from this zip; it defines the table's item variables TX_RESPOSTAS_CH, CO_PROVA_CH, TP_PRESENCA_CH and the item file's CO_ITEM, CO_POSICAO, SG_AREA, TX_GABARITO; zip is 826 MB, dictionary read by HTTP range request",2026-10-04
enem_2017_1mil_cn,https://download.inep.gov.br/microdados/microdados_enem_2017.zip,"DICIONÁRIO/Dicionário_Microdados_Enem_2017.xlsx (inside microdados_enem_2017.zip, 826 MB)",codebook,ENEM,2017,"INEP ENEM 2017 microdata dictionary (sheets MICRODADOS_ENEM_2017, ITENS_PROVA_2017; headed 'DICIONÁRIO DE VARIÁVEIS', ENEM 2017): the build script reads DADOS/MICRODADOS_ENEM_2017.csv and DADOS/ITENS_PROVA_2017.csv from this zip; it defines the table's item variables TX_RESPOSTAS_CN, CO_PROVA_CN, TP_PRESENCA_CN and the item file's CO_ITEM, CO_POSICAO, SG_AREA, TX_GABARITO; zip is 826 MB, dictionary read by HTTP range request",2026-10-04
enem_2017_1mil_cn_nom,https://download.inep.gov.br/microdados/microdados_enem_2017.zip,"DICIONÁRIO/Dicionário_Microdados_Enem_2017.xlsx (inside microdados_enem_2017.zip, 826 MB)",codebook,ENEM,2017,"INEP ENEM 2017 microdata dictionary (sheets MICRODADOS_ENEM_2017, ITENS_PROVA_2017; headed 'DICIONÁRIO DE VARIÁVEIS', ENEM 2017): the build script reads DADOS/MICRODADOS_ENEM_2017.csv and DADOS/ITENS_PROVA_2017.csv from this zip; it defines the table's item variables TX_RESPOSTAS_CN, CO_PROVA_CN, TP_PRESENCA_CN and the item file's CO_ITEM, CO_POSICAO, SG_AREA, TX_GABARITO; zip is 826 MB, dictionary read by HTTP range request",2026-10-04
enem_2017_1mil_lc,https://download.inep.gov.br/microdados/microdados_enem_2017.zip,"DICIONÁRIO/Dicionário_Microdados_Enem_2017.xlsx (inside microdados_enem_2017.zip, 826 MB)",codebook,ENEM,2017,"INEP ENEM 2017 microdata dictionary (sheets MICRODADOS_ENEM_2017, ITENS_PROVA_2017; headed 'DICIONÁRIO DE VARIÁVEIS', ENEM 2017): the build script reads DADOS/MICRODADOS_ENEM_2017.csv and DADOS/ITENS_PROVA_2017.csv from this zip; it defines the table's item variables TX_RESPOSTAS_LC, CO_PROVA_LC, TP_PRESENCA_LC and TP_LINGUA (foreign-language choice) and the item file's CO_ITEM, CO_POSICAO, SG_AREA, TX_GABARITO; zip is 826 MB, dictionary read by HTTP range request",2026-10-04
enem_2017_1mil_lc_nom,https://download.inep.gov.br/microdados/microdados_enem_2017.zip,"DICIONÁRIO/Dicionário_Microdados_Enem_2017.xlsx (inside microdados_enem_2017.zip, 826 MB)",codebook,ENEM,2017,"INEP ENEM 2017 microdata dictionary (sheets MICRODADOS_ENEM_2017, ITENS_PROVA_2017; headed 'DICIONÁRIO DE VARIÁVEIS', ENEM 2017): the build script reads DADOS/MICRODADOS_ENEM_2017.csv and DADOS/ITENS_PROVA_2017.csv from this zip; it defines the table's item variables TX_RESPOSTAS_LC, CO_PROVA_LC, TP_PRESENCA_LC and TP_LINGUA (foreign-language choice) and the item file's CO_ITEM, CO_POSICAO, SG_AREA, TX_GABARITO; zip is 826 MB, dictionary read by HTTP range request",2026-10-04
enem_2017_1mil_mt,https://download.inep.gov.br/microdados/microdados_enem_2017.zip,"DICIONÁRIO/Dicionário_Microdados_Enem_2017.xlsx (inside microdados_enem_2017.zip, 826 MB)",codebook,ENEM,2017,"INEP ENEM 2017 microdata dictionary (sheets MICRODADOS_ENEM_2017, ITENS_PROVA_2017; headed 'DICIONÁRIO DE VARIÁVEIS', ENEM 2017): the build script reads DADOS/MICRODADOS_ENEM_2017.csv and DADOS/ITENS_PROVA_2017.csv from this zip; it defines the table's item variables TX_RESPOSTAS_MT, CO_PROVA_MT, TP_PRESENCA_MT and the item file's CO_ITEM, CO_POSICAO, SG_AREA, TX_GABARITO; zip is 826 MB, dictionary read by HTTP range request",2026-10-04
enem_2017_1mil_mt_nom,https://download.inep.gov.br/microdados/microdados_enem_2017.zip,"DICIONÁRIO/Dicionário_Microdados_Enem_2017.xlsx (inside microdados_enem_2017.zip, 826 MB)",codebook,ENEM,2017,"INEP ENEM 2017 microdata dictionary (sheets MICRODADOS_ENEM_2017, ITENS_PROVA_2017; headed 'DICIONÁRIO DE VARIÁVEIS', ENEM 2017): the build script reads DADOS/MICRODADOS_ENEM_2017.csv and DADOS/ITENS_PROVA_2017.csv from this zip; it defines the table's item variables TX_RESPOSTAS_MT, CO_PROVA_MT, TP_PRESENCA_MT and the item file's CO_ITEM, CO_POSICAO, SG_AREA, TX_GABARITO; zip is 826 MB, dictionary read by HTTP range request",2026-10-04
enem_2018_1mil_ch,https://download.inep.gov.br/microdados/microdados_enem_2018.zip,"DICIONÁRIO/Dicionário_Microdados_Enem_2018.xlsx (inside microdados_enem_2018.zip, 658 MB)",codebook,ENEM,2018,"INEP ENEM 2018 microdata dictionary (sheets MICRODADOS_ENEM_2018, ITENS_PROVA_2018; headed 'DICIONÁRIO DE VARIÁVEIS', ENEM 2018): the build script reads DADOS/MICRODADOS_ENEM_2018.csv and DADOS/ITENS_PROVA_2018.csv from this zip; it defines the table's item variables TX_RESPOSTAS_CH, CO_PROVA_CH, TP_PRESENCA_CH and the item file's CO_ITEM, CO_POSICAO, SG_AREA, TX_GABARITO; zip is 658 MB, dictionary read by HTTP range request",2026-10-04
enem_2018_1mil_ch_nom,https://download.inep.gov.br/microdados/microdados_enem_2018.zip,"DICIONÁRIO/Dicionário_Microdados_Enem_2018.xlsx (inside microdados_enem_2018.zip, 658 MB)",codebook,ENEM,2018,"INEP ENEM 2018 microdata dictionary (sheets MICRODADOS_ENEM_2018, ITENS_PROVA_2018; headed 'DICIONÁRIO DE VARIÁVEIS', ENEM 2018): the build script reads DADOS/MICRODADOS_ENEM_2018.csv and DADOS/ITENS_PROVA_2018.csv from this zip; it defines the table's item variables TX_RESPOSTAS_CH, CO_PROVA_CH, TP_PRESENCA_CH and the item file's CO_ITEM, CO_POSICAO, SG_AREA, TX_GABARITO; zip is 658 MB, dictionary read by HTTP range request",2026-10-04
enem_2018_1mil_cn,https://download.inep.gov.br/microdados/microdados_enem_2018.zip,"DICIONÁRIO/Dicionário_Microdados_Enem_2018.xlsx (inside microdados_enem_2018.zip, 658 MB)",codebook,ENEM,2018,"INEP ENEM 2018 microdata dictionary (sheets MICRODADOS_ENEM_2018, ITENS_PROVA_2018; headed 'DICIONÁRIO DE VARIÁVEIS', ENEM 2018): the build script reads DADOS/MICRODADOS_ENEM_2018.csv and DADOS/ITENS_PROVA_2018.csv from this zip; it defines the table's item variables TX_RESPOSTAS_CN, CO_PROVA_CN, TP_PRESENCA_CN and the item file's CO_ITEM, CO_POSICAO, SG_AREA, TX_GABARITO; zip is 658 MB, dictionary read by HTTP range request",2026-10-04
enem_2018_1mil_cn_nom,https://download.inep.gov.br/microdados/microdados_enem_2018.zip,"DICIONÁRIO/Dicionário_Microdados_Enem_2018.xlsx (inside microdados_enem_2018.zip, 658 MB)",codebook,ENEM,2018,"INEP ENEM 2018 microdata dictionary (sheets MICRODADOS_ENEM_2018, ITENS_PROVA_2018; headed 'DICIONÁRIO DE VARIÁVEIS', ENEM 2018): the build script reads DADOS/MICRODADOS_ENEM_2018.csv and DADOS/ITENS_PROVA_2018.csv from this zip; it defines the table's item variables TX_RESPOSTAS_CN, CO_PROVA_CN, TP_PRESENCA_CN and the item file's CO_ITEM, CO_POSICAO, SG_AREA, TX_GABARITO; zip is 658 MB, dictionary read by HTTP range request",2026-10-04
enem_2018_1mil_lc,https://download.inep.gov.br/microdados/microdados_enem_2018.zip,"DICIONÁRIO/Dicionário_Microdados_Enem_2018.xlsx (inside microdados_enem_2018.zip, 658 MB)",codebook,ENEM,2018,"INEP ENEM 2018 microdata dictionary (sheets MICRODADOS_ENEM_2018, ITENS_PROVA_2018; headed 'DICIONÁRIO DE VARIÁVEIS', ENEM 2018): the build script reads DADOS/MICRODADOS_ENEM_2018.csv and DADOS/ITENS_PROVA_2018.csv from this zip; it defines the table's item variables TX_RESPOSTAS_LC, CO_PROVA_LC, TP_PRESENCA_LC and TP_LINGUA (foreign-language choice) and the item file's CO_ITEM, CO_POSICAO, SG_AREA, TX_GABARITO; zip is 658 MB, dictionary read by HTTP range request",2026-10-04
enem_2018_1mil_lc_nom,https://download.inep.gov.br/microdados/microdados_enem_2018.zip,"DICIONÁRIO/Dicionário_Microdados_Enem_2018.xlsx (inside microdados_enem_2018.zip, 658 MB)",codebook,ENEM,2018,"INEP ENEM 2018 microdata dictionary (sheets MICRODADOS_ENEM_2018, ITENS_PROVA_2018; headed 'DICIONÁRIO DE VARIÁVEIS', ENEM 2018): the build script reads DADOS/MICRODADOS_ENEM_2018.csv and DADOS/ITENS_PROVA_2018.csv from this zip; it defines the table's item variables TX_RESPOSTAS_LC, CO_PROVA_LC, TP_PRESENCA_LC and TP_LINGUA (foreign-language choice) and the item file's CO_ITEM, CO_POSICAO, SG_AREA, TX_GABARITO; zip is 658 MB, dictionary read by HTTP range request",2026-10-04
enem_2018_1mil_mt,https://download.inep.gov.br/microdados/microdados_enem_2018.zip,"DICIONÁRIO/Dicionário_Microdados_Enem_2018.xlsx (inside microdados_enem_2018.zip, 658 MB)",codebook,ENEM,2018,"INEP ENEM 2018 microdata dictionary (sheets MICRODADOS_ENEM_2018, ITENS_PROVA_2018; headed 'DICIONÁRIO DE VARIÁVEIS', ENEM 2018): the build script reads DADOS/MICRODADOS_ENEM_2018.csv and DADOS/ITENS_PROVA_2018.csv from this zip; it defines the table's item variables TX_RESPOSTAS_MT, CO_PROVA_MT, TP_PRESENCA_MT and the item file's CO_ITEM, CO_POSICAO, SG_AREA, TX_GABARITO; zip is 658 MB, dictionary read by HTTP range request",2026-10-04
enem_2018_1mil_mt_nom,https://download.inep.gov.br/microdados/microdados_enem_2018.zip,"DICIONÁRIO/Dicionário_Microdados_Enem_2018.xlsx (inside microdados_enem_2018.zip, 658 MB)",codebook,ENEM,2018,"INEP ENEM 2018 microdata dictionary (sheets MICRODADOS_ENEM_2018, ITENS_PROVA_2018; headed 'DICIONÁRIO DE VARIÁVEIS', ENEM 2018): the build script reads DADOS/MICRODADOS_ENEM_2018.csv and DADOS/ITENS_PROVA_2018.csv from this zip; it defines the table's item variables TX_RESPOSTAS_MT, CO_PROVA_MT, TP_PRESENCA_MT and the item file's CO_ITEM, CO_POSICAO, SG_AREA, TX_GABARITO; zip is 658 MB, dictionary read by HTTP range request",2026-10-04
enem_2019_1mil_ch,https://download.inep.gov.br/microdados/microdados_enem_2019.zip,"DICIONÁRIO/Dicionário_Microdados_Enem_2019.xlsx (inside microdados_enem_2019.zip, 660 MB)",codebook,ENEM,2019,"INEP ENEM 2019 microdata dictionary (sheets MICRODADOS_ENEM_2019, ITENS_PROVA_2019; headed 'DICIONÁRIO DE VARIÁVEIS', ENEM 2019): the build script reads DADOS/MICRODADOS_ENEM_2019.csv and DADOS/ITENS_PROVA_2019.csv from this zip; it defines the table's item variables TX_RESPOSTAS_CH, CO_PROVA_CH, TP_PRESENCA_CH and the item file's CO_ITEM, CO_POSICAO, SG_AREA, TX_GABARITO; zip is 660 MB, dictionary read by HTTP range request",2026-10-04
enem_2019_1mil_ch_nom,https://download.inep.gov.br/microdados/microdados_enem_2019.zip,"DICIONÁRIO/Dicionário_Microdados_Enem_2019.xlsx (inside microdados_enem_2019.zip, 660 MB)",codebook,ENEM,2019,"INEP ENEM 2019 microdata dictionary (sheets MICRODADOS_ENEM_2019, ITENS_PROVA_2019; headed 'DICIONÁRIO DE VARIÁVEIS', ENEM 2019): the build script reads DADOS/MICRODADOS_ENEM_2019.csv and DADOS/ITENS_PROVA_2019.csv from this zip; it defines the table's item variables TX_RESPOSTAS_CH, CO_PROVA_CH, TP_PRESENCA_CH and the item file's CO_ITEM, CO_POSICAO, SG_AREA, TX_GABARITO; zip is 660 MB, dictionary read by HTTP range request",2026-10-04
enem_2019_1mil_cn,https://download.inep.gov.br/microdados/microdados_enem_2019.zip,"DICIONÁRIO/Dicionário_Microdados_Enem_2019.xlsx (inside microdados_enem_2019.zip, 660 MB)",codebook,ENEM,2019,"INEP ENEM 2019 microdata dictionary (sheets MICRODADOS_ENEM_2019, ITENS_PROVA_2019; headed 'DICIONÁRIO DE VARIÁVEIS', ENEM 2019): the build script reads DADOS/MICRODADOS_ENEM_2019.csv and DADOS/ITENS_PROVA_2019.csv from this zip; it defines the table's item variables TX_RESPOSTAS_CN, CO_PROVA_CN, TP_PRESENCA_CN and the item file's CO_ITEM, CO_POSICAO, SG_AREA, TX_GABARITO; zip is 660 MB, dictionary read by HTTP range request",2026-10-04
enem_2019_1mil_cn_nom,https://download.inep.gov.br/microdados/microdados_enem_2019.zip,"DICIONÁRIO/Dicionário_Microdados_Enem_2019.xlsx (inside microdados_enem_2019.zip, 660 MB)",codebook,ENEM,2019,"INEP ENEM 2019 microdata dictionary (sheets MICRODADOS_ENEM_2019, ITENS_PROVA_2019; headed 'DICIONÁRIO DE VARIÁVEIS', ENEM 2019): the build script reads DADOS/MICRODADOS_ENEM_2019.csv and DADOS/ITENS_PROVA_2019.csv from this zip; it defines the table's item variables TX_RESPOSTAS_CN, CO_PROVA_CN, TP_PRESENCA_CN and the item file's CO_ITEM, CO_POSICAO, SG_AREA, TX_GABARITO; zip is 660 MB, dictionary read by HTTP range request",2026-10-04
enem_2019_1mil_lc,https://download.inep.gov.br/microdados/microdados_enem_2019.zip,"DICIONÁRIO/Dicionário_Microdados_Enem_2019.xlsx (inside microdados_enem_2019.zip, 660 MB)",codebook,ENEM,2019,"INEP ENEM 2019 microdata dictionary (sheets MICRODADOS_ENEM_2019, ITENS_PROVA_2019; headed 'DICIONÁRIO DE VARIÁVEIS', ENEM 2019): the build script reads DADOS/MICRODADOS_ENEM_2019.csv and DADOS/ITENS_PROVA_2019.csv from this zip; it defines the table's item variables TX_RESPOSTAS_LC, CO_PROVA_LC, TP_PRESENCA_LC and TP_LINGUA (foreign-language choice) and the item file's CO_ITEM, CO_POSICAO, SG_AREA, TX_GABARITO; zip is 660 MB, dictionary read by HTTP range request",2026-10-04
enem_2019_1mil_lc_nom,https://download.inep.gov.br/microdados/microdados_enem_2019.zip,"DICIONÁRIO/Dicionário_Microdados_Enem_2019.xlsx (inside microdados_enem_2019.zip, 660 MB)",codebook,ENEM,2019,"INEP ENEM 2019 microdata dictionary (sheets MICRODADOS_ENEM_2019, ITENS_PROVA_2019; headed 'DICIONÁRIO DE VARIÁVEIS', ENEM 2019): the build script reads DADOS/MICRODADOS_ENEM_2019.csv and DADOS/ITENS_PROVA_2019.csv from this zip; it defines the table's item variables TX_RESPOSTAS_LC, CO_PROVA_LC, TP_PRESENCA_LC and TP_LINGUA (foreign-language choice) and the item file's CO_ITEM, CO_POSICAO, SG_AREA, TX_GABARITO; zip is 660 MB, dictionary read by HTTP range request",2026-10-04
enem_2019_1mil_mt,https://download.inep.gov.br/microdados/microdados_enem_2019.zip,"DICIONÁRIO/Dicionário_Microdados_Enem_2019.xlsx (inside microdados_enem_2019.zip, 660 MB)",codebook,ENEM,2019,"INEP ENEM 2019 microdata dictionary (sheets MICRODADOS_ENEM_2019, ITENS_PROVA_2019; headed 'DICIONÁRIO DE VARIÁVEIS', ENEM 2019): the build script reads DADOS/MICRODADOS_ENEM_2019.csv and DADOS/ITENS_PROVA_2019.csv from this zip; it defines the table's item variables TX_RESPOSTAS_MT, CO_PROVA_MT, TP_PRESENCA_MT and the item file's CO_ITEM, CO_POSICAO, SG_AREA, TX_GABARITO; zip is 660 MB, dictionary read by HTTP range request",2026-10-04
enem_2019_1mil_mt_nom,https://download.inep.gov.br/microdados/microdados_enem_2019.zip,"DICIONÁRIO/Dicionário_Microdados_Enem_2019.xlsx (inside microdados_enem_2019.zip, 660 MB)",codebook,ENEM,2019,"INEP ENEM 2019 microdata dictionary (sheets MICRODADOS_ENEM_2019, ITENS_PROVA_2019; headed 'DICIONÁRIO DE VARIÁVEIS', ENEM 2019): the build script reads DADOS/MICRODADOS_ENEM_2019.csv and DADOS/ITENS_PROVA_2019.csv from this zip; it defines the table's item variables TX_RESPOSTAS_MT, CO_PROVA_MT, TP_PRESENCA_MT and the item file's CO_ITEM, CO_POSICAO, SG_AREA, TX_GABARITO; zip is 660 MB, dictionary read by HTTP range request",2026-10-04
enem_2020_1mil_ch,https://download.inep.gov.br/microdados/microdados_enem_2020.zip,"DICIONÁRIO/Dicionário_Microdados_Enem_2020.xlsx (inside microdados_enem_2020.zip, 621 MB)",codebook,ENEM,2020,"INEP ENEM 2020 microdata dictionary (sheets MICRODADOS_ENEM_2020, ITENS_PROVA_2020; headed 'DICIONÁRIO DE VARIÁVEIS', ENEM 2020): the build script reads DADOS/MICRODADOS_ENEM_2020.csv and DADOS/ITENS_PROVA_2020.csv from this zip; it defines the table's item variables TX_RESPOSTAS_CH, CO_PROVA_CH, TP_PRESENCA_CH and the item file's CO_ITEM, CO_POSICAO, SG_AREA, TX_GABARITO; zip is 621 MB, dictionary read by HTTP range request",2026-10-04
enem_2020_1mil_ch_nom,https://download.inep.gov.br/microdados/microdados_enem_2020.zip,"DICIONÁRIO/Dicionário_Microdados_Enem_2020.xlsx (inside microdados_enem_2020.zip, 621 MB)",codebook,ENEM,2020,"INEP ENEM 2020 microdata dictionary (sheets MICRODADOS_ENEM_2020, ITENS_PROVA_2020; headed 'DICIONÁRIO DE VARIÁVEIS', ENEM 2020): the build script reads DADOS/MICRODADOS_ENEM_2020.csv and DADOS/ITENS_PROVA_2020.csv from this zip; it defines the table's item variables TX_RESPOSTAS_CH, CO_PROVA_CH, TP_PRESENCA_CH and the item file's CO_ITEM, CO_POSICAO, SG_AREA, TX_GABARITO; zip is 621 MB, dictionary read by HTTP range request",2026-10-04
enem_2020_1mil_cn,https://download.inep.gov.br/microdados/microdados_enem_2020.zip,"DICIONÁRIO/Dicionário_Microdados_Enem_2020.xlsx (inside microdados_enem_2020.zip, 621 MB)",codebook,ENEM,2020,"INEP ENEM 2020 microdata dictionary (sheets MICRODADOS_ENEM_2020, ITENS_PROVA_2020; headed 'DICIONÁRIO DE VARIÁVEIS', ENEM 2020): the build script reads DADOS/MICRODADOS_ENEM_2020.csv and DADOS/ITENS_PROVA_2020.csv from this zip; it defines the table's item variables TX_RESPOSTAS_CN, CO_PROVA_CN, TP_PRESENCA_CN and the item file's CO_ITEM, CO_POSICAO, SG_AREA, TX_GABARITO; zip is 621 MB, dictionary read by HTTP range request",2026-10-04
enem_2020_1mil_cn_nom,https://download.inep.gov.br/microdados/microdados_enem_2020.zip,"DICIONÁRIO/Dicionário_Microdados_Enem_2020.xlsx (inside microdados_enem_2020.zip, 621 MB)",codebook,ENEM,2020,"INEP ENEM 2020 microdata dictionary (sheets MICRODADOS_ENEM_2020, ITENS_PROVA_2020; headed 'DICIONÁRIO DE VARIÁVEIS', ENEM 2020): the build script reads DADOS/MICRODADOS_ENEM_2020.csv and DADOS/ITENS_PROVA_2020.csv from this zip; it defines the table's item variables TX_RESPOSTAS_CN, CO_PROVA_CN, TP_PRESENCA_CN and the item file's CO_ITEM, CO_POSICAO, SG_AREA, TX_GABARITO; zip is 621 MB, dictionary read by HTTP range request",2026-10-04
enem_2020_1mil_lc,https://download.inep.gov.br/microdados/microdados_enem_2020.zip,"DICIONÁRIO/Dicionário_Microdados_Enem_2020.xlsx (inside microdados_enem_2020.zip, 621 MB)",codebook,ENEM,2020,"INEP ENEM 2020 microdata dictionary (sheets MICRODADOS_ENEM_2020, ITENS_PROVA_2020; headed 'DICIONÁRIO DE VARIÁVEIS', ENEM 2020): the build script reads DADOS/MICRODADOS_ENEM_2020.csv and DADOS/ITENS_PROVA_2020.csv from this zip; it defines the table's item variables TX_RESPOSTAS_LC, CO_PROVA_LC, TP_PRESENCA_LC and TP_LINGUA (foreign-language choice) and the item file's CO_ITEM, CO_POSICAO, SG_AREA, TX_GABARITO; zip is 621 MB, dictionary read by HTTP range request",2026-10-04
enem_2020_1mil_lc_nom,https://download.inep.gov.br/microdados/microdados_enem_2020.zip,"DICIONÁRIO/Dicionário_Microdados_Enem_2020.xlsx (inside microdados_enem_2020.zip, 621 MB)",codebook,ENEM,2020,"INEP ENEM 2020 microdata dictionary (sheets MICRODADOS_ENEM_2020, ITENS_PROVA_2020; headed 'DICIONÁRIO DE VARIÁVEIS', ENEM 2020): the build script reads DADOS/MICRODADOS_ENEM_2020.csv and DADOS/ITENS_PROVA_2020.csv from this zip; it defines the table's item variables TX_RESPOSTAS_LC, CO_PROVA_LC, TP_PRESENCA_LC and TP_LINGUA (foreign-language choice) and the item file's CO_ITEM, CO_POSICAO, SG_AREA, TX_GABARITO; zip is 621 MB, dictionary read by HTTP range request",2026-10-04
enem_2020_1mil_mt,https://download.inep.gov.br/microdados/microdados_enem_2020.zip,"DICIONÁRIO/Dicionário_Microdados_Enem_2020.xlsx (inside microdados_enem_2020.zip, 621 MB)",codebook,ENEM,2020,"INEP ENEM 2020 microdata dictionary (sheets MICRODADOS_ENEM_2020, ITENS_PROVA_2020; headed 'DICIONÁRIO DE VARIÁVEIS', ENEM 2020): the build script reads DADOS/MICRODADOS_ENEM_2020.csv and DADOS/ITENS_PROVA_2020.csv from this zip; it defines the table's item variables TX_RESPOSTAS_MT, CO_PROVA_MT, TP_PRESENCA_MT and the item file's CO_ITEM, CO_POSICAO, SG_AREA, TX_GABARITO; zip is 621 MB, dictionary read by HTTP range request",2026-10-04
enem_2020_1mil_mt_nom,https://download.inep.gov.br/microdados/microdados_enem_2020.zip,"DICIONÁRIO/Dicionário_Microdados_Enem_2020.xlsx (inside microdados_enem_2020.zip, 621 MB)",codebook,ENEM,2020,"INEP ENEM 2020 microdata dictionary (sheets MICRODADOS_ENEM_2020, ITENS_PROVA_2020; headed 'DICIONÁRIO DE VARIÁVEIS', ENEM 2020): the build script reads DADOS/MICRODADOS_ENEM_2020.csv and DADOS/ITENS_PROVA_2020.csv from this zip; it defines the table's item variables TX_RESPOSTAS_MT, CO_PROVA_MT, TP_PRESENCA_MT and the item file's CO_ITEM, CO_POSICAO, SG_AREA, TX_GABARITO; zip is 621 MB, dictionary read by HTTP range request",2026-10-04
enem_2021_1mil_ch,https://download.inep.gov.br/microdados/microdados_enem_2021.zip,"DICIONÁRIO/Dicionário_Microdados_Enem_2021.xlsx (inside microdados_enem_2021.zip, 498 MB)",codebook,ENEM,2021,"INEP ENEM 2021 microdata dictionary (sheets MICRODADOS_ENEM_2021, ITENS_PROVA_2021; headed 'DICIONÁRIO DE VARIÁVEIS', ENEM 2021): the build script reads DADOS/MICRODADOS_ENEM_2021.csv and DADOS/ITENS_PROVA_2021.csv from this zip; it defines the table's item variables TX_RESPOSTAS_CH, CO_PROVA_CH, TP_PRESENCA_CH and the item file's CO_ITEM, CO_POSICAO, SG_AREA, TX_GABARITO; zip is 498 MB, dictionary read by HTTP range request",2026-10-04
enem_2021_1mil_ch_nom,https://download.inep.gov.br/microdados/microdados_enem_2021.zip,"DICIONÁRIO/Dicionário_Microdados_Enem_2021.xlsx (inside microdados_enem_2021.zip, 498 MB)",codebook,ENEM,2021,"INEP ENEM 2021 microdata dictionary (sheets MICRODADOS_ENEM_2021, ITENS_PROVA_2021; headed 'DICIONÁRIO DE VARIÁVEIS', ENEM 2021): the build script reads DADOS/MICRODADOS_ENEM_2021.csv and DADOS/ITENS_PROVA_2021.csv from this zip; it defines the table's item variables TX_RESPOSTAS_CH, CO_PROVA_CH, TP_PRESENCA_CH and the item file's CO_ITEM, CO_POSICAO, SG_AREA, TX_GABARITO; zip is 498 MB, dictionary read by HTTP range request",2026-10-04
enem_2021_1mil_cn,https://download.inep.gov.br/microdados/microdados_enem_2021.zip,"DICIONÁRIO/Dicionário_Microdados_Enem_2021.xlsx (inside microdados_enem_2021.zip, 498 MB)",codebook,ENEM,2021,"INEP ENEM 2021 microdata dictionary (sheets MICRODADOS_ENEM_2021, ITENS_PROVA_2021; headed 'DICIONÁRIO DE VARIÁVEIS', ENEM 2021): the build script reads DADOS/MICRODADOS_ENEM_2021.csv and DADOS/ITENS_PROVA_2021.csv from this zip; it defines the table's item variables TX_RESPOSTAS_CN, CO_PROVA_CN, TP_PRESENCA_CN and the item file's CO_ITEM, CO_POSICAO, SG_AREA, TX_GABARITO; zip is 498 MB, dictionary read by HTTP range request",2026-10-04
enem_2021_1mil_cn_nom,https://download.inep.gov.br/microdados/microdados_enem_2021.zip,"DICIONÁRIO/Dicionário_Microdados_Enem_2021.xlsx (inside microdados_enem_2021.zip, 498 MB)",codebook,ENEM,2021,"INEP ENEM 2021 microdata dictionary (sheets MICRODADOS_ENEM_2021, ITENS_PROVA_2021; headed 'DICIONÁRIO DE VARIÁVEIS', ENEM 2021): the build script reads DADOS/MICRODADOS_ENEM_2021.csv and DADOS/ITENS_PROVA_2021.csv from this zip; it defines the table's item variables TX_RESPOSTAS_CN, CO_PROVA_CN, TP_PRESENCA_CN and the item file's CO_ITEM, CO_POSICAO, SG_AREA, TX_GABARITO; zip is 498 MB, dictionary read by HTTP range request",2026-10-04
enem_2021_1mil_lc,https://download.inep.gov.br/microdados/microdados_enem_2021.zip,"DICIONÁRIO/Dicionário_Microdados_Enem_2021.xlsx (inside microdados_enem_2021.zip, 498 MB)",codebook,ENEM,2021,"INEP ENEM 2021 microdata dictionary (sheets MICRODADOS_ENEM_2021, ITENS_PROVA_2021; headed 'DICIONÁRIO DE VARIÁVEIS', ENEM 2021): the build script reads DADOS/MICRODADOS_ENEM_2021.csv and DADOS/ITENS_PROVA_2021.csv from this zip; it defines the table's item variables TX_RESPOSTAS_LC, CO_PROVA_LC, TP_PRESENCA_LC and TP_LINGUA (foreign-language choice) and the item file's CO_ITEM, CO_POSICAO, SG_AREA, TX_GABARITO; zip is 498 MB, dictionary read by HTTP range request",2026-10-04
enem_2021_1mil_lc_nom,https://download.inep.gov.br/microdados/microdados_enem_2021.zip,"DICIONÁRIO/Dicionário_Microdados_Enem_2021.xlsx (inside microdados_enem_2021.zip, 498 MB)",codebook,ENEM,2021,"INEP ENEM 2021 microdata dictionary (sheets MICRODADOS_ENEM_2021, ITENS_PROVA_2021; headed 'DICIONÁRIO DE VARIÁVEIS', ENEM 2021): the build script reads DADOS/MICRODADOS_ENEM_2021.csv and DADOS/ITENS_PROVA_2021.csv from this zip; it defines the table's item variables TX_RESPOSTAS_LC, CO_PROVA_LC, TP_PRESENCA_LC and TP_LINGUA (foreign-language choice) and the item file's CO_ITEM, CO_POSICAO, SG_AREA, TX_GABARITO; zip is 498 MB, dictionary read by HTTP range request",2026-10-04
enem_2021_1mil_mt,https://download.inep.gov.br/microdados/microdados_enem_2021.zip,"DICIONÁRIO/Dicionário_Microdados_Enem_2021.xlsx (inside microdados_enem_2021.zip, 498 MB)",codebook,ENEM,2021,"INEP ENEM 2021 microdata dictionary (sheets MICRODADOS_ENEM_2021, ITENS_PROVA_2021; headed 'DICIONÁRIO DE VARIÁVEIS', ENEM 2021): the build script reads DADOS/MICRODADOS_ENEM_2021.csv and DADOS/ITENS_PROVA_2021.csv from this zip; it defines the table's item variables TX_RESPOSTAS_MT, CO_PROVA_MT, TP_PRESENCA_MT and the item file's CO_ITEM, CO_POSICAO, SG_AREA, TX_GABARITO; zip is 498 MB, dictionary read by HTTP range request",2026-10-04
enem_2021_1mil_mt_nom,https://download.inep.gov.br/microdados/microdados_enem_2021.zip,"DICIONÁRIO/Dicionário_Microdados_Enem_2021.xlsx (inside microdados_enem_2021.zip, 498 MB)",codebook,ENEM,2021,"INEP ENEM 2021 microdata dictionary (sheets MICRODADOS_ENEM_2021, ITENS_PROVA_2021; headed 'DICIONÁRIO DE VARIÁVEIS', ENEM 2021): the build script reads DADOS/MICRODADOS_ENEM_2021.csv and DADOS/ITENS_PROVA_2021.csv from this zip; it defines the table's item variables TX_RESPOSTAS_MT, CO_PROVA_MT, TP_PRESENCA_MT and the item file's CO_ITEM, CO_POSICAO, SG_AREA, TX_GABARITO; zip is 498 MB, dictionary read by HTTP range request",2026-10-04
enem_2022_1mil_ch,https://download.inep.gov.br/microdados/microdados_enem_2022.zip,"DICIONÁRIO/Dicionário_Microdados_Enem_2022.xlsx (inside microdados_enem_2022.zip, 621 MB)",codebook,ENEM,2022,"INEP ENEM 2022 microdata dictionary (sheets MICRODADOS_ENEM_2022, ITENS_PROVA_2022; headed 'DICIONÁRIO DE VARIÁVEIS', ENEM 2022): the build script reads DADOS/MICRODADOS_ENEM_2022.csv and DADOS/ITENS_PROVA_2022.csv from this zip; it defines the table's item variables TX_RESPOSTAS_CH, CO_PROVA_CH, TP_PRESENCA_CH and the item file's CO_ITEM, CO_POSICAO, SG_AREA, TX_GABARITO; zip is 621 MB, dictionary read by HTTP range request",2026-10-04
enem_2022_1mil_ch_nom,https://download.inep.gov.br/microdados/microdados_enem_2022.zip,"DICIONÁRIO/Dicionário_Microdados_Enem_2022.xlsx (inside microdados_enem_2022.zip, 621 MB)",codebook,ENEM,2022,"INEP ENEM 2022 microdata dictionary (sheets MICRODADOS_ENEM_2022, ITENS_PROVA_2022; headed 'DICIONÁRIO DE VARIÁVEIS', ENEM 2022): the build script reads DADOS/MICRODADOS_ENEM_2022.csv and DADOS/ITENS_PROVA_2022.csv from this zip; it defines the table's item variables TX_RESPOSTAS_CH, CO_PROVA_CH, TP_PRESENCA_CH and the item file's CO_ITEM, CO_POSICAO, SG_AREA, TX_GABARITO; zip is 621 MB, dictionary read by HTTP range request",2026-10-04
enem_2022_1mil_cn,https://download.inep.gov.br/microdados/microdados_enem_2022.zip,"DICIONÁRIO/Dicionário_Microdados_Enem_2022.xlsx (inside microdados_enem_2022.zip, 621 MB)",codebook,ENEM,2022,"INEP ENEM 2022 microdata dictionary (sheets MICRODADOS_ENEM_2022, ITENS_PROVA_2022; headed 'DICIONÁRIO DE VARIÁVEIS', ENEM 2022): the build script reads DADOS/MICRODADOS_ENEM_2022.csv and DADOS/ITENS_PROVA_2022.csv from this zip; it defines the table's item variables TX_RESPOSTAS_CN, CO_PROVA_CN, TP_PRESENCA_CN and the item file's CO_ITEM, CO_POSICAO, SG_AREA, TX_GABARITO; zip is 621 MB, dictionary read by HTTP range request",2026-10-04
enem_2022_1mil_cn_nom,https://download.inep.gov.br/microdados/microdados_enem_2022.zip,"DICIONÁRIO/Dicionário_Microdados_Enem_2022.xlsx (inside microdados_enem_2022.zip, 621 MB)",codebook,ENEM,2022,"INEP ENEM 2022 microdata dictionary (sheets MICRODADOS_ENEM_2022, ITENS_PROVA_2022; headed 'DICIONÁRIO DE VARIÁVEIS', ENEM 2022): the build script reads DADOS/MICRODADOS_ENEM_2022.csv and DADOS/ITENS_PROVA_2022.csv from this zip; it defines the table's item variables TX_RESPOSTAS_CN, CO_PROVA_CN, TP_PRESENCA_CN and the item file's CO_ITEM, CO_POSICAO, SG_AREA, TX_GABARITO; zip is 621 MB, dictionary read by HTTP range request",2026-10-04
enem_2022_1mil_lc,https://download.inep.gov.br/microdados/microdados_enem_2022.zip,"DICIONÁRIO/Dicionário_Microdados_Enem_2022.xlsx (inside microdados_enem_2022.zip, 621 MB)",codebook,ENEM,2022,"INEP ENEM 2022 microdata dictionary (sheets MICRODADOS_ENEM_2022, ITENS_PROVA_2022; headed 'DICIONÁRIO DE VARIÁVEIS', ENEM 2022): the build script reads DADOS/MICRODADOS_ENEM_2022.csv and DADOS/ITENS_PROVA_2022.csv from this zip; it defines the table's item variables TX_RESPOSTAS_LC, CO_PROVA_LC, TP_PRESENCA_LC and TP_LINGUA (foreign-language choice) and the item file's CO_ITEM, CO_POSICAO, SG_AREA, TX_GABARITO; zip is 621 MB, dictionary read by HTTP range request",2026-10-04
enem_2022_1mil_lc_nom,https://download.inep.gov.br/microdados/microdados_enem_2022.zip,"DICIONÁRIO/Dicionário_Microdados_Enem_2022.xlsx (inside microdados_enem_2022.zip, 621 MB)",codebook,ENEM,2022,"INEP ENEM 2022 microdata dictionary (sheets MICRODADOS_ENEM_2022, ITENS_PROVA_2022; headed 'DICIONÁRIO DE VARIÁVEIS', ENEM 2022): the build script reads DADOS/MICRODADOS_ENEM_2022.csv and DADOS/ITENS_PROVA_2022.csv from this zip; it defines the table's item variables TX_RESPOSTAS_LC, CO_PROVA_LC, TP_PRESENCA_LC and TP_LINGUA (foreign-language choice) and the item file's CO_ITEM, CO_POSICAO, SG_AREA, TX_GABARITO; zip is 621 MB, dictionary read by HTTP range request",2026-10-04
enem_2022_1mil_mt,https://download.inep.gov.br/microdados/microdados_enem_2022.zip,"DICIONÁRIO/Dicionário_Microdados_Enem_2022.xlsx (inside microdados_enem_2022.zip, 621 MB)",codebook,ENEM,2022,"INEP ENEM 2022 microdata dictionary (sheets MICRODADOS_ENEM_2022, ITENS_PROVA_2022; headed 'DICIONÁRIO DE VARIÁVEIS', ENEM 2022): the build script reads DADOS/MICRODADOS_ENEM_2022.csv and DADOS/ITENS_PROVA_2022.csv from this zip; it defines the table's item variables TX_RESPOSTAS_MT, CO_PROVA_MT, TP_PRESENCA_MT and the item file's CO_ITEM, CO_POSICAO, SG_AREA, TX_GABARITO; zip is 621 MB, dictionary read by HTTP range request",2026-10-04
enem_2022_1mil_mt_nom,https://download.inep.gov.br/microdados/microdados_enem_2022.zip,"DICIONÁRIO/Dicionário_Microdados_Enem_2022.xlsx (inside microdados_enem_2022.zip, 621 MB)",codebook,ENEM,2022,"INEP ENEM 2022 microdata dictionary (sheets MICRODADOS_ENEM_2022, ITENS_PROVA_2022; headed 'DICIONÁRIO DE VARIÁVEIS', ENEM 2022): the build script reads DADOS/MICRODADOS_ENEM_2022.csv and DADOS/ITENS_PROVA_2022.csv from this zip; it defines the table's item variables TX_RESPOSTAS_MT, CO_PROVA_MT, TP_PRESENCA_MT and the item file's CO_ITEM, CO_POSICAO, SG_AREA, TX_GABARITO; zip is 621 MB, dictionary read by HTTP range request",2026-10-04
enem_2023_1mil_ch,https://download.inep.gov.br/microdados/microdados_enem_2023.zip,"microdados_enem_2023/DICIONÁRIO/Dicionário_Microdados_Enem_2023.xlsx (inside microdados_enem_2023.zip, 550 MB)",codebook,ENEM,2023,"INEP ENEM 2023 microdata dictionary (sheets MICRODADOS_ENEM_2023, ITENS_PROVA_2023; headed 'DICIONÁRIO DE VARIÁVEIS', ENEM 2023): the build script reads DADOS/MICRODADOS_ENEM_2023.csv and DADOS/ITENS_PROVA_2023.csv from this zip; it defines the table's item variables TX_RESPOSTAS_CH, CO_PROVA_CH, TP_PRESENCA_CH and the item file's CO_ITEM, CO_POSICAO, SG_AREA, TX_GABARITO; zip is 550 MB, dictionary read by HTTP range request",2026-10-04
enem_2023_1mil_ch_nom,https://download.inep.gov.br/microdados/microdados_enem_2023.zip,"microdados_enem_2023/DICIONÁRIO/Dicionário_Microdados_Enem_2023.xlsx (inside microdados_enem_2023.zip, 550 MB)",codebook,ENEM,2023,"INEP ENEM 2023 microdata dictionary (sheets MICRODADOS_ENEM_2023, ITENS_PROVA_2023; headed 'DICIONÁRIO DE VARIÁVEIS', ENEM 2023): the build script reads DADOS/MICRODADOS_ENEM_2023.csv and DADOS/ITENS_PROVA_2023.csv from this zip; it defines the table's item variables TX_RESPOSTAS_CH, CO_PROVA_CH, TP_PRESENCA_CH and the item file's CO_ITEM, CO_POSICAO, SG_AREA, TX_GABARITO; zip is 550 MB, dictionary read by HTTP range request",2026-10-04
enem_2023_1mil_cn,https://download.inep.gov.br/microdados/microdados_enem_2023.zip,"microdados_enem_2023/DICIONÁRIO/Dicionário_Microdados_Enem_2023.xlsx (inside microdados_enem_2023.zip, 550 MB)",codebook,ENEM,2023,"INEP ENEM 2023 microdata dictionary (sheets MICRODADOS_ENEM_2023, ITENS_PROVA_2023; headed 'DICIONÁRIO DE VARIÁVEIS', ENEM 2023): the build script reads DADOS/MICRODADOS_ENEM_2023.csv and DADOS/ITENS_PROVA_2023.csv from this zip; it defines the table's item variables TX_RESPOSTAS_CN, CO_PROVA_CN, TP_PRESENCA_CN and the item file's CO_ITEM, CO_POSICAO, SG_AREA, TX_GABARITO; zip is 550 MB, dictionary read by HTTP range request",2026-10-04
enem_2023_1mil_cn_nom,https://download.inep.gov.br/microdados/microdados_enem_2023.zip,"microdados_enem_2023/DICIONÁRIO/Dicionário_Microdados_Enem_2023.xlsx (inside microdados_enem_2023.zip, 550 MB)",codebook,ENEM,2023,"INEP ENEM 2023 microdata dictionary (sheets MICRODADOS_ENEM_2023, ITENS_PROVA_2023; headed 'DICIONÁRIO DE VARIÁVEIS', ENEM 2023): the build script reads DADOS/MICRODADOS_ENEM_2023.csv and DADOS/ITENS_PROVA_2023.csv from this zip; it defines the table's item variables TX_RESPOSTAS_CN, CO_PROVA_CN, TP_PRESENCA_CN and the item file's CO_ITEM, CO_POSICAO, SG_AREA, TX_GABARITO; zip is 550 MB, dictionary read by HTTP range request",2026-10-04
enem_2023_1mil_lc,https://download.inep.gov.br/microdados/microdados_enem_2023.zip,"microdados_enem_2023/DICIONÁRIO/Dicionário_Microdados_Enem_2023.xlsx (inside microdados_enem_2023.zip, 550 MB)",codebook,ENEM,2023,"INEP ENEM 2023 microdata dictionary (sheets MICRODADOS_ENEM_2023, ITENS_PROVA_2023; headed 'DICIONÁRIO DE VARIÁVEIS', ENEM 2023): the build script reads DADOS/MICRODADOS_ENEM_2023.csv and DADOS/ITENS_PROVA_2023.csv from this zip; it defines the table's item variables TX_RESPOSTAS_LC, CO_PROVA_LC, TP_PRESENCA_LC and TP_LINGUA (foreign-language choice) and the item file's CO_ITEM, CO_POSICAO, SG_AREA, TX_GABARITO; zip is 550 MB, dictionary read by HTTP range request",2026-10-04
enem_2023_1mil_lc_nom,https://download.inep.gov.br/microdados/microdados_enem_2023.zip,"microdados_enem_2023/DICIONÁRIO/Dicionário_Microdados_Enem_2023.xlsx (inside microdados_enem_2023.zip, 550 MB)",codebook,ENEM,2023,"INEP ENEM 2023 microdata dictionary (sheets MICRODADOS_ENEM_2023, ITENS_PROVA_2023; headed 'DICIONÁRIO DE VARIÁVEIS', ENEM 2023): the build script reads DADOS/MICRODADOS_ENEM_2023.csv and DADOS/ITENS_PROVA_2023.csv from this zip; it defines the table's item variables TX_RESPOSTAS_LC, CO_PROVA_LC, TP_PRESENCA_LC and TP_LINGUA (foreign-language choice) and the item file's CO_ITEM, CO_POSICAO, SG_AREA, TX_GABARITO; zip is 550 MB, dictionary read by HTTP range request",2026-10-04
enem_2023_1mil_mt,https://download.inep.gov.br/microdados/microdados_enem_2023.zip,"microdados_enem_2023/DICIONÁRIO/Dicionário_Microdados_Enem_2023.xlsx (inside microdados_enem_2023.zip, 550 MB)",codebook,ENEM,2023,"INEP ENEM 2023 microdata dictionary (sheets MICRODADOS_ENEM_2023, ITENS_PROVA_2023; headed 'DICIONÁRIO DE VARIÁVEIS', ENEM 2023): the build script reads DADOS/MICRODADOS_ENEM_2023.csv and DADOS/ITENS_PROVA_2023.csv from this zip; it defines the table's item variables TX_RESPOSTAS_MT, CO_PROVA_MT, TP_PRESENCA_MT and the item file's CO_ITEM, CO_POSICAO, SG_AREA, TX_GABARITO; zip is 550 MB, dictionary read by HTTP range request",2026-10-04
enem_2023_1mil_mt_nom,https://download.inep.gov.br/microdados/microdados_enem_2023.zip,"microdados_enem_2023/DICIONÁRIO/Dicionário_Microdados_Enem_2023.xlsx (inside microdados_enem_2023.zip, 550 MB)",codebook,ENEM,2023,"INEP ENEM 2023 microdata dictionary (sheets MICRODADOS_ENEM_2023, ITENS_PROVA_2023; headed 'DICIONÁRIO DE VARIÁVEIS', ENEM 2023): the build script reads DADOS/MICRODADOS_ENEM_2023.csv and DADOS/ITENS_PROVA_2023.csv from this zip; it defines the table's item variables TX_RESPOSTAS_MT, CO_PROVA_MT, TP_PRESENCA_MT and the item file's CO_ITEM, CO_POSICAO, SG_AREA, TX_GABARITO; zip is 550 MB, dictionary read by HTTP range request",2026-10-04
enem_2024_1mil_ch,https://download.inep.gov.br/microdados/microdados_enem_2024.zip,"microdados_enem_2024/DICIONÁRIO/Dicionário_Microdados_Enem_2024.xlsx (inside microdados_enem_2024.zip, 526 MB)",codebook,ENEM,2024,"INEP ENEM 2024 microdata dictionary (sheets PARTICIPANTES_2024, RESULTADOS_2024, ITENS_PROVA_2024; headed 'DICIONÁRIO DE VARIÁVEIS', ENEM 2024): the build script reads DADOS/PARTICIPANTES_2024.csv + DADOS/RESULTADOS_2024.csv and DADOS/ITENS_PROVA_2024.csv from this zip; it defines the table's item variables TX_RESPOSTAS_CH, CO_PROVA_CH, TP_PRESENCA_CH and the item file's CO_ITEM, CO_POSICAO, SG_AREA, TX_GABARITO; zip is 526 MB, dictionary read by HTTP range request",2026-10-04
enem_2024_1mil_ch_nom,https://download.inep.gov.br/microdados/microdados_enem_2024.zip,"microdados_enem_2024/DICIONÁRIO/Dicionário_Microdados_Enem_2024.xlsx (inside microdados_enem_2024.zip, 526 MB)",codebook,ENEM,2024,"INEP ENEM 2024 microdata dictionary (sheets PARTICIPANTES_2024, RESULTADOS_2024, ITENS_PROVA_2024; headed 'DICIONÁRIO DE VARIÁVEIS', ENEM 2024): the build script reads DADOS/PARTICIPANTES_2024.csv + DADOS/RESULTADOS_2024.csv and DADOS/ITENS_PROVA_2024.csv from this zip; it defines the table's item variables TX_RESPOSTAS_CH, CO_PROVA_CH, TP_PRESENCA_CH and the item file's CO_ITEM, CO_POSICAO, SG_AREA, TX_GABARITO; zip is 526 MB, dictionary read by HTTP range request",2026-10-04
enem_2024_1mil_cn,https://download.inep.gov.br/microdados/microdados_enem_2024.zip,"microdados_enem_2024/DICIONÁRIO/Dicionário_Microdados_Enem_2024.xlsx (inside microdados_enem_2024.zip, 526 MB)",codebook,ENEM,2024,"INEP ENEM 2024 microdata dictionary (sheets PARTICIPANTES_2024, RESULTADOS_2024, ITENS_PROVA_2024; headed 'DICIONÁRIO DE VARIÁVEIS', ENEM 2024): the build script reads DADOS/PARTICIPANTES_2024.csv + DADOS/RESULTADOS_2024.csv and DADOS/ITENS_PROVA_2024.csv from this zip; it defines the table's item variables TX_RESPOSTAS_CN, CO_PROVA_CN, TP_PRESENCA_CN and the item file's CO_ITEM, CO_POSICAO, SG_AREA, TX_GABARITO; zip is 526 MB, dictionary read by HTTP range request",2026-10-04
enem_2024_1mil_cn_nom,https://download.inep.gov.br/microdados/microdados_enem_2024.zip,"microdados_enem_2024/DICIONÁRIO/Dicionário_Microdados_Enem_2024.xlsx (inside microdados_enem_2024.zip, 526 MB)",codebook,ENEM,2024,"INEP ENEM 2024 microdata dictionary (sheets PARTICIPANTES_2024, RESULTADOS_2024, ITENS_PROVA_2024; headed 'DICIONÁRIO DE VARIÁVEIS', ENEM 2024): the build script reads DADOS/PARTICIPANTES_2024.csv + DADOS/RESULTADOS_2024.csv and DADOS/ITENS_PROVA_2024.csv from this zip; it defines the table's item variables TX_RESPOSTAS_CN, CO_PROVA_CN, TP_PRESENCA_CN and the item file's CO_ITEM, CO_POSICAO, SG_AREA, TX_GABARITO; zip is 526 MB, dictionary read by HTTP range request",2026-10-04
enem_2024_1mil_lc,https://download.inep.gov.br/microdados/microdados_enem_2024.zip,"microdados_enem_2024/DICIONÁRIO/Dicionário_Microdados_Enem_2024.xlsx (inside microdados_enem_2024.zip, 526 MB)",codebook,ENEM,2024,"INEP ENEM 2024 microdata dictionary (sheets PARTICIPANTES_2024, RESULTADOS_2024, ITENS_PROVA_2024; headed 'DICIONÁRIO DE VARIÁVEIS', ENEM 2024): the build script reads DADOS/PARTICIPANTES_2024.csv + DADOS/RESULTADOS_2024.csv and DADOS/ITENS_PROVA_2024.csv from this zip; it defines the table's item variables TX_RESPOSTAS_LC, CO_PROVA_LC, TP_PRESENCA_LC and TP_LINGUA (foreign-language choice) and the item file's CO_ITEM, CO_POSICAO, SG_AREA, TX_GABARITO; zip is 526 MB, dictionary read by HTTP range request",2026-10-04
enem_2024_1mil_lc_nom,https://download.inep.gov.br/microdados/microdados_enem_2024.zip,"microdados_enem_2024/DICIONÁRIO/Dicionário_Microdados_Enem_2024.xlsx (inside microdados_enem_2024.zip, 526 MB)",codebook,ENEM,2024,"INEP ENEM 2024 microdata dictionary (sheets PARTICIPANTES_2024, RESULTADOS_2024, ITENS_PROVA_2024; headed 'DICIONÁRIO DE VARIÁVEIS', ENEM 2024): the build script reads DADOS/PARTICIPANTES_2024.csv + DADOS/RESULTADOS_2024.csv and DADOS/ITENS_PROVA_2024.csv from this zip; it defines the table's item variables TX_RESPOSTAS_LC, CO_PROVA_LC, TP_PRESENCA_LC and TP_LINGUA (foreign-language choice) and the item file's CO_ITEM, CO_POSICAO, SG_AREA, TX_GABARITO; zip is 526 MB, dictionary read by HTTP range request",2026-10-04
enem_2024_1mil_mt,https://download.inep.gov.br/microdados/microdados_enem_2024.zip,"microdados_enem_2024/DICIONÁRIO/Dicionário_Microdados_Enem_2024.xlsx (inside microdados_enem_2024.zip, 526 MB)",codebook,ENEM,2024,"INEP ENEM 2024 microdata dictionary (sheets PARTICIPANTES_2024, RESULTADOS_2024, ITENS_PROVA_2024; headed 'DICIONÁRIO DE VARIÁVEIS', ENEM 2024): the build script reads DADOS/PARTICIPANTES_2024.csv + DADOS/RESULTADOS_2024.csv and DADOS/ITENS_PROVA_2024.csv from this zip; it defines the table's item variables TX_RESPOSTAS_MT, CO_PROVA_MT, TP_PRESENCA_MT and the item file's CO_ITEM, CO_POSICAO, SG_AREA, TX_GABARITO; zip is 526 MB, dictionary read by HTTP range request",2026-10-04
enem_2024_1mil_mt_nom,https://download.inep.gov.br/microdados/microdados_enem_2024.zip,"microdados_enem_2024/DICIONÁRIO/Dicionário_Microdados_Enem_2024.xlsx (inside microdados_enem_2024.zip, 526 MB)",codebook,ENEM,2024,"INEP ENEM 2024 microdata dictionary (sheets PARTICIPANTES_2024, RESULTADOS_2024, ITENS_PROVA_2024; headed 'DICIONÁRIO DE VARIÁVEIS', ENEM 2024): the build script reads DADOS/PARTICIPANTES_2024.csv + DADOS/RESULTADOS_2024.csv and DADOS/ITENS_PROVA_2024.csv from this zip; it defines the table's item variables TX_RESPOSTAS_MT, CO_PROVA_MT, TP_PRESENCA_MT and the item file's CO_ITEM, CO_POSICAO, SG_AREA, TX_GABARITO; zip is 526 MB, dictionary read by HTTP range request",2026-10-04
enem_2025_1mil_ch,https://download.inep.gov.br/microdados/microdados_enem_2025.zip,"microdados_enem_2025/DICIONÁRIO/Dicionário_Microdados_Enem_2025.xlsx (inside microdados_enem_2025.zip, 1 GB)",codebook,ENEM,2025,"INEP ENEM 2025 microdata dictionary (sheets PARTICIPANTES_2025, RESULTADOS_2025, ITENS_PROVA_2025; headed 'DICIONÁRIO DE VARIÁVEIS', ENEM 2025): the build script reads DADOS/PARTICIPANTES_2025.csv + DADOS/RESULTADOS_2025.csv and DADOS/ITENS_PROVA_2025.csv from this zip; it defines the table's item variables TX_RESPOSTAS_CH, CO_PROVA_CH, TP_PRESENCA_CH and the item file's CO_ITEM, CO_POSICAO, SG_AREA, TX_GABARITO; zip is 1036 MB, dictionary read by HTTP range request",2026-10-04
enem_2025_1mil_ch_nom,https://download.inep.gov.br/microdados/microdados_enem_2025.zip,"microdados_enem_2025/DICIONÁRIO/Dicionário_Microdados_Enem_2025.xlsx (inside microdados_enem_2025.zip, 1 GB)",codebook,ENEM,2025,"INEP ENEM 2025 microdata dictionary (sheets PARTICIPANTES_2025, RESULTADOS_2025, ITENS_PROVA_2025; headed 'DICIONÁRIO DE VARIÁVEIS', ENEM 2025): the build script reads DADOS/PARTICIPANTES_2025.csv + DADOS/RESULTADOS_2025.csv and DADOS/ITENS_PROVA_2025.csv from this zip; it defines the table's item variables TX_RESPOSTAS_CH, CO_PROVA_CH, TP_PRESENCA_CH and the item file's CO_ITEM, CO_POSICAO, SG_AREA, TX_GABARITO; zip is 1036 MB, dictionary read by HTTP range request",2026-10-04
enem_2025_1mil_cn,https://download.inep.gov.br/microdados/microdados_enem_2025.zip,"microdados_enem_2025/DICIONÁRIO/Dicionário_Microdados_Enem_2025.xlsx (inside microdados_enem_2025.zip, 1 GB)",codebook,ENEM,2025,"INEP ENEM 2025 microdata dictionary (sheets PARTICIPANTES_2025, RESULTADOS_2025, ITENS_PROVA_2025; headed 'DICIONÁRIO DE VARIÁVEIS', ENEM 2025): the build script reads DADOS/PARTICIPANTES_2025.csv + DADOS/RESULTADOS_2025.csv and DADOS/ITENS_PROVA_2025.csv from this zip; it defines the table's item variables TX_RESPOSTAS_CN, CO_PROVA_CN, TP_PRESENCA_CN and the item file's CO_ITEM, CO_POSICAO, SG_AREA, TX_GABARITO; zip is 1036 MB, dictionary read by HTTP range request",2026-10-04
enem_2025_1mil_cn_nom,https://download.inep.gov.br/microdados/microdados_enem_2025.zip,"microdados_enem_2025/DICIONÁRIO/Dicionário_Microdados_Enem_2025.xlsx (inside microdados_enem_2025.zip, 1 GB)",codebook,ENEM,2025,"INEP ENEM 2025 microdata dictionary (sheets PARTICIPANTES_2025, RESULTADOS_2025, ITENS_PROVA_2025; headed 'DICIONÁRIO DE VARIÁVEIS', ENEM 2025): the build script reads DADOS/PARTICIPANTES_2025.csv + DADOS/RESULTADOS_2025.csv and DADOS/ITENS_PROVA_2025.csv from this zip; it defines the table's item variables TX_RESPOSTAS_CN, CO_PROVA_CN, TP_PRESENCA_CN and the item file's CO_ITEM, CO_POSICAO, SG_AREA, TX_GABARITO; zip is 1036 MB, dictionary read by HTTP range request",2026-10-04
enem_2025_1mil_lc,https://download.inep.gov.br/microdados/microdados_enem_2025.zip,"microdados_enem_2025/DICIONÁRIO/Dicionário_Microdados_Enem_2025.xlsx (inside microdados_enem_2025.zip, 1 GB)",codebook,ENEM,2025,"INEP ENEM 2025 microdata dictionary (sheets PARTICIPANTES_2025, RESULTADOS_2025, ITENS_PROVA_2025; headed 'DICIONÁRIO DE VARIÁVEIS', ENEM 2025): the build script reads DADOS/PARTICIPANTES_2025.csv + DADOS/RESULTADOS_2025.csv and DADOS/ITENS_PROVA_2025.csv from this zip; it defines the table's item variables TX_RESPOSTAS_LC, CO_PROVA_LC, TP_PRESENCA_LC and TP_LINGUA (foreign-language choice) and the item file's CO_ITEM, CO_POSICAO, SG_AREA, TX_GABARITO; zip is 1036 MB, dictionary read by HTTP range request",2026-10-04
enem_2025_1mil_lc_nom,https://download.inep.gov.br/microdados/microdados_enem_2025.zip,"microdados_enem_2025/DICIONÁRIO/Dicionário_Microdados_Enem_2025.xlsx (inside microdados_enem_2025.zip, 1 GB)",codebook,ENEM,2025,"INEP ENEM 2025 microdata dictionary (sheets PARTICIPANTES_2025, RESULTADOS_2025, ITENS_PROVA_2025; headed 'DICIONÁRIO DE VARIÁVEIS', ENEM 2025): the build script reads DADOS/PARTICIPANTES_2025.csv + DADOS/RESULTADOS_2025.csv and DADOS/ITENS_PROVA_2025.csv from this zip; it defines the table's item variables TX_RESPOSTAS_LC, CO_PROVA_LC, TP_PRESENCA_LC and TP_LINGUA (foreign-language choice) and the item file's CO_ITEM, CO_POSICAO, SG_AREA, TX_GABARITO; zip is 1036 MB, dictionary read by HTTP range request",2026-10-04
enem_2025_1mil_mt,https://download.inep.gov.br/microdados/microdados_enem_2025.zip,"microdados_enem_2025/DICIONÁRIO/Dicionário_Microdados_Enem_2025.xlsx (inside microdados_enem_2025.zip, 1 GB)",codebook,ENEM,2025,"INEP ENEM 2025 microdata dictionary (sheets PARTICIPANTES_2025, RESULTADOS_2025, ITENS_PROVA_2025; headed 'DICIONÁRIO DE VARIÁVEIS', ENEM 2025): the build script reads DADOS/PARTICIPANTES_2025.csv + DADOS/RESULTADOS_2025.csv and DADOS/ITENS_PROVA_2025.csv from this zip; it defines the table's item variables TX_RESPOSTAS_MT, CO_PROVA_MT, TP_PRESENCA_MT and the item file's CO_ITEM, CO_POSICAO, SG_AREA, TX_GABARITO; zip is 1036 MB, dictionary read by HTTP range request",2026-10-04
enem_2025_1mil_mt_nom,https://download.inep.gov.br/microdados/microdados_enem_2025.zip,"microdados_enem_2025/DICIONÁRIO/Dicionário_Microdados_Enem_2025.xlsx (inside microdados_enem_2025.zip, 1 GB)",codebook,ENEM,2025,"INEP ENEM 2025 microdata dictionary (sheets PARTICIPANTES_2025, RESULTADOS_2025, ITENS_PROVA_2025; headed 'DICIONÁRIO DE VARIÁVEIS', ENEM 2025): the build script reads DADOS/PARTICIPANTES_2025.csv + DADOS/RESULTADOS_2025.csv and DADOS/ITENS_PROVA_2025.csv from this zip; it defines the table's item variables TX_RESPOSTAS_MT, CO_PROVA_MT, TP_PRESENCA_MT and the item file's CO_ITEM, CO_POSICAO, SG_AREA, TX_GABARITO; zip is 1036 MB, dictionary read by HTTP range request",2026-10-04
guatemala_2024_homes_avenues,https://www.ine.gob.gt/wp-content/uploads/2024/12/ENCASBA.2024_Diccionarios.xlsx,ENCASBA.2024_Diccionarios.xlsx (sheet Hogares),codebook,ENCASBA,2024,"INE Guatemala ENCASBA 2024 data dictionary (sheets 'ENCASBA.2024_Hogares' and 'ENCASBA.2024_Personas', variable labels plus 'Valores de variable'): the build script reads ENCASBA.2024_Hogares.xlsx and ENCASBA.2024_Personas.xlsx; covers the table's items P04A06A1-A8, P04A06B",2026-10-04
guatemala_2024_homes_avenues,https://www.ine.gob.gt/wp-content/uploads/2024/12/BOLETA-ENCASBA-2024.pdf,BOLETA-ENCASBA-2024.pdf,questionnaire,ENCASBA,2024,"Boleta headed 'Encuesta para la Evaluación de la Calidad de los Servicios Públicos Básicos 2024 -ENCASBA-', linked from the ENCASBA 2024 page and cited in the build script; prints the variable names, including the table's items P04A06A1-A8, P04A06B",2026-10-04
guatemala_2024_homes_country,https://www.ine.gob.gt/wp-content/uploads/2024/12/ENCASBA.2024_Diccionarios.xlsx,ENCASBA.2024_Diccionarios.xlsx (sheet Hogares),codebook,ENCASBA,2024,"INE Guatemala ENCASBA 2024 data dictionary (sheets 'ENCASBA.2024_Hogares' and 'ENCASBA.2024_Personas', variable labels plus 'Valores de variable'): the build script reads ENCASBA.2024_Hogares.xlsx and ENCASBA.2024_Personas.xlsx; covers the table's items P09A01-P09A04, P9A05A1-A10",2026-10-04
guatemala_2024_homes_country,https://www.ine.gob.gt/wp-content/uploads/2024/12/BOLETA-ENCASBA-2024.pdf,BOLETA-ENCASBA-2024.pdf,questionnaire,ENCASBA,2024,"Boleta headed 'Encuesta para la Evaluación de la Calidad de los Servicios Públicos Básicos 2024 -ENCASBA-', linked from the ENCASBA 2024 page and cited in the build script; prints the variable names, including the table's items P09A01-P09A04, P9A05A1-A10",2026-10-04
guatemala_2024_homes_drainage,https://www.ine.gob.gt/wp-content/uploads/2024/12/ENCASBA.2024_Diccionarios.xlsx,ENCASBA.2024_Diccionarios.xlsx (sheet Hogares),codebook,ENCASBA,2024,"INE Guatemala ENCASBA 2024 data dictionary (sheets 'ENCASBA.2024_Hogares' and 'ENCASBA.2024_Personas', variable labels plus 'Valores de variable'): the build script reads ENCASBA.2024_Hogares.xlsx and ENCASBA.2024_Personas.xlsx; covers the table's items P04A02, P04A02A1-A5, P04A02B",2026-10-04
guatemala_2024_homes_drainage,https://www.ine.gob.gt/wp-content/uploads/2024/12/BOLETA-ENCASBA-2024.pdf,BOLETA-ENCASBA-2024.pdf,questionnaire,ENCASBA,2024,"Boleta headed 'Encuesta para la Evaluación de la Calidad de los Servicios Públicos Básicos 2024 -ENCASBA-', linked from the ENCASBA 2024 page and cited in the build script; prints the variable names, including the table's items P04A02, P04A02A1-A5, P04A02B",2026-10-04
guatemala_2024_homes_emergencies,https://www.ine.gob.gt/wp-content/uploads/2024/12/ENCASBA.2024_Diccionarios.xlsx,ENCASBA.2024_Diccionarios.xlsx (sheet Hogares),codebook,ENCASBA,2024,"INE Guatemala ENCASBA 2024 data dictionary (sheets 'ENCASBA.2024_Hogares' and 'ENCASBA.2024_Personas', variable labels plus 'Valores de variable'): the build script reads ENCASBA.2024_Hogares.xlsx and ENCASBA.2024_Personas.xlsx; covers the table's items P04A10A1-A7, P04A10B",2026-10-04
guatemala_2024_homes_emergencies,https://www.ine.gob.gt/wp-content/uploads/2024/12/BOLETA-ENCASBA-2024.pdf,BOLETA-ENCASBA-2024.pdf,questionnaire,ENCASBA,2024,"Boleta headed 'Encuesta para la Evaluación de la Calidad de los Servicios Públicos Básicos 2024 -ENCASBA-', linked from the ENCASBA 2024 page and cited in the build script; prints the variable names, including the table's items P04A10A1-A7, P04A10B",2026-10-04
guatemala_2024_homes_energy,https://www.ine.gob.gt/wp-content/uploads/2024/12/ENCASBA.2024_Diccionarios.xlsx,ENCASBA.2024_Diccionarios.xlsx (sheet Hogares),codebook,ENCASBA,2024,"INE Guatemala ENCASBA 2024 data dictionary (sheets 'ENCASBA.2024_Hogares' and 'ENCASBA.2024_Personas', variable labels plus 'Valores de variable'): the build script reads ENCASBA.2024_Hogares.xlsx and ENCASBA.2024_Personas.xlsx; covers the table's items P04A08, P04A08A1-A4, P04A08B",2026-10-04
guatemala_2024_homes_energy,https://www.ine.gob.gt/wp-content/uploads/2024/12/BOLETA-ENCASBA-2024.pdf,BOLETA-ENCASBA-2024.pdf,questionnaire,ENCASBA,2024,"Boleta headed 'Encuesta para la Evaluación de la Calidad de los Servicios Públicos Básicos 2024 -ENCASBA-', linked from the ENCASBA 2024 page and cited in the build script; prints the variable names, including the table's items P04A08, P04A08A1-A4, P04A08B",2026-10-04
guatemala_2024_homes_lighting,https://www.ine.gob.gt/wp-content/uploads/2024/12/ENCASBA.2024_Diccionarios.xlsx,ENCASBA.2024_Diccionarios.xlsx (sheet Hogares),codebook,ENCASBA,2024,"INE Guatemala ENCASBA 2024 data dictionary (sheets 'ENCASBA.2024_Hogares' and 'ENCASBA.2024_Personas', variable labels plus 'Valores de variable'): the build script reads ENCASBA.2024_Hogares.xlsx and ENCASBA.2024_Personas.xlsx; covers the table's items P04A03, P04A03A1-A4, P04A03B",2026-10-04
guatemala_2024_homes_lighting,https://www.ine.gob.gt/wp-content/uploads/2024/12/BOLETA-ENCASBA-2024.pdf,BOLETA-ENCASBA-2024.pdf,questionnaire,ENCASBA,2024,"Boleta headed 'Encuesta para la Evaluación de la Calidad de los Servicios Públicos Básicos 2024 -ENCASBA-', linked from the ENCASBA 2024 page and cited in the build script; prints the variable names, including the table's items P04A03, P04A03A1-A4, P04A03B",2026-10-04
guatemala_2024_homes_nutrition,https://www.ine.gob.gt/wp-content/uploads/2024/12/ENCASBA.2024_Diccionarios.xlsx,ENCASBA.2024_Diccionarios.xlsx (sheet Hogares),codebook,ENCASBA,2024,"INE Guatemala ENCASBA 2024 data dictionary (sheets 'ENCASBA.2024_Hogares' and 'ENCASBA.2024_Personas', variable labels plus 'Valores de variable'): the build script reads ENCASBA.2024_Hogares.xlsx and ENCASBA.2024_Personas.xlsx; covers the table's items P05A01C1-C4, P05A01D",2026-10-04
guatemala_2024_homes_nutrition,https://www.ine.gob.gt/wp-content/uploads/2024/12/BOLETA-ENCASBA-2024.pdf,BOLETA-ENCASBA-2024.pdf,questionnaire,ENCASBA,2024,"Boleta headed 'Encuesta para la Evaluación de la Calidad de los Servicios Públicos Básicos 2024 -ENCASBA-', linked from the ENCASBA 2024 page and cited in the build script; prints the variable names, including the table's items P05A01C1-C4, P05A01D",2026-10-04
guatemala_2024_homes_parks,https://www.ine.gob.gt/wp-content/uploads/2024/12/ENCASBA.2024_Diccionarios.xlsx,ENCASBA.2024_Diccionarios.xlsx (sheet Hogares),codebook,ENCASBA,2024,"INE Guatemala ENCASBA 2024 data dictionary (sheets 'ENCASBA.2024_Hogares' and 'ENCASBA.2024_Personas', variable labels plus 'Valores de variable'): the build script reads ENCASBA.2024_Hogares.xlsx and ENCASBA.2024_Personas.xlsx; covers the table's items P04A04, P04A04A1-A6, P04A04B",2026-10-04
guatemala_2024_homes_parks,https://www.ine.gob.gt/wp-content/uploads/2024/12/BOLETA-ENCASBA-2024.pdf,BOLETA-ENCASBA-2024.pdf,questionnaire,ENCASBA,2024,"Boleta headed 'Encuesta para la Evaluación de la Calidad de los Servicios Públicos Básicos 2024 -ENCASBA-', linked from the ENCASBA 2024 page and cited in the build script; prints the variable names, including the table's items P04A04, P04A04A1-A6, P04A04B",2026-10-04
guatemala_2024_homes_publicclinic,https://www.ine.gob.gt/wp-content/uploads/2024/12/ENCASBA.2024_Diccionarios.xlsx,ENCASBA.2024_Diccionarios.xlsx (sheet Hogares),codebook,ENCASBA,2024,"INE Guatemala ENCASBA 2024 data dictionary (sheets 'ENCASBA.2024_Hogares' and 'ENCASBA.2024_Personas', variable labels plus 'Valores de variable'): the build script reads ENCASBA.2024_Hogares.xlsx and ENCASBA.2024_Personas.xlsx; covers the table's items P05A03, P05A03A1-A13, P05A03B",2026-10-04
guatemala_2024_homes_publicclinic,https://www.ine.gob.gt/wp-content/uploads/2024/12/BOLETA-ENCASBA-2024.pdf,BOLETA-ENCASBA-2024.pdf,questionnaire,ENCASBA,2024,"Boleta headed 'Encuesta para la Evaluación de la Calidad de los Servicios Públicos Básicos 2024 -ENCASBA-', linked from the ENCASBA 2024 page and cited in the build script; prints the variable names, including the table's items P05A03, P05A03A1-A13, P05A03B",2026-10-04
guatemala_2024_homes_publiceducation,https://www.ine.gob.gt/wp-content/uploads/2024/12/ENCASBA.2024_Diccionarios.xlsx,ENCASBA.2024_Diccionarios.xlsx (sheet Hogares),codebook,ENCASBA,2024,"INE Guatemala ENCASBA 2024 data dictionary (sheets 'ENCASBA.2024_Hogares' and 'ENCASBA.2024_Personas', variable labels plus 'Valores de variable'): the build script reads ENCASBA.2024_Hogares.xlsx and ENCASBA.2024_Personas.xlsx; covers the table's items P05A01, P05A01A1-A11, P05A01B",2026-10-04
guatemala_2024_homes_publiceducation,https://www.ine.gob.gt/wp-content/uploads/2024/12/BOLETA-ENCASBA-2024.pdf,BOLETA-ENCASBA-2024.pdf,questionnaire,ENCASBA,2024,"Boleta headed 'Encuesta para la Evaluación de la Calidad de los Servicios Públicos Básicos 2024 -ENCASBA-', linked from the ENCASBA 2024 page and cited in the build script; prints the variable names, including the table's items P05A01, P05A01A1-A11, P05A01B",2026-10-04
guatemala_2024_homes_publichealth,https://www.ine.gob.gt/wp-content/uploads/2024/12/ENCASBA.2024_Diccionarios.xlsx,ENCASBA.2024_Diccionarios.xlsx (sheet Hogares),codebook,ENCASBA,2024,"INE Guatemala ENCASBA 2024 data dictionary (sheets 'ENCASBA.2024_Hogares' and 'ENCASBA.2024_Personas', variable labels plus 'Valores de variable'): the build script reads ENCASBA.2024_Hogares.xlsx and ENCASBA.2024_Personas.xlsx; covers the table's items P05A02, P05A02A1-A12, P05A02B",2026-10-04
guatemala_2024_homes_publichealth,https://www.ine.gob.gt/wp-content/uploads/2024/12/BOLETA-ENCASBA-2024.pdf,BOLETA-ENCASBA-2024.pdf,questionnaire,ENCASBA,2024,"Boleta headed 'Encuesta para la Evaluación de la Calidad de los Servicios Públicos Básicos 2024 -ENCASBA-', linked from the ENCASBA 2024 page and cited in the build script; prints the variable names, including the table's items P05A02, P05A02A1-A12, P05A02B",2026-10-04
guatemala_2024_homes_roads,https://www.ine.gob.gt/wp-content/uploads/2024/12/ENCASBA.2024_Diccionarios.xlsx,ENCASBA.2024_Diccionarios.xlsx (sheet Hogares),codebook,ENCASBA,2024,"INE Guatemala ENCASBA 2024 data dictionary (sheets 'ENCASBA.2024_Hogares' and 'ENCASBA.2024_Personas', variable labels plus 'Valores de variable'): the build script reads ENCASBA.2024_Hogares.xlsx and ENCASBA.2024_Personas.xlsx; covers the table's items P04A07A1-A4, P04A07B",2026-10-04
guatemala_2024_homes_roads,https://www.ine.gob.gt/wp-content/uploads/2024/12/BOLETA-ENCASBA-2024.pdf,BOLETA-ENCASBA-2024.pdf,questionnaire,ENCASBA,2024,"Boleta headed 'Encuesta para la Evaluación de la Calidad de los Servicios Públicos Básicos 2024 -ENCASBA-', linked from the ENCASBA 2024 page and cited in the build script; prints the variable names, including the table's items P04A07A1-A4, P04A07B",2026-10-04
guatemala_2024_homes_safety,https://www.ine.gob.gt/wp-content/uploads/2024/12/ENCASBA.2024_Diccionarios.xlsx,ENCASBA.2024_Diccionarios.xlsx (sheet Hogares),codebook,ENCASBA,2024,"INE Guatemala ENCASBA 2024 data dictionary (sheets 'ENCASBA.2024_Hogares' and 'ENCASBA.2024_Personas', variable labels plus 'Valores de variable'): the build script reads ENCASBA.2024_Hogares.xlsx and ENCASBA.2024_Personas.xlsx; covers the table's items P04A09A1-A7, P04A09B",2026-10-04
guatemala_2024_homes_safety,https://www.ine.gob.gt/wp-content/uploads/2024/12/BOLETA-ENCASBA-2024.pdf,BOLETA-ENCASBA-2024.pdf,questionnaire,ENCASBA,2024,"Boleta headed 'Encuesta para la Evaluación de la Calidad de los Servicios Públicos Básicos 2024 -ENCASBA-', linked from the ENCASBA 2024 page and cited in the build script; prints the variable names, including the table's items P04A09A1-A7, P04A09B",2026-10-04
guatemala_2024_homes_transparency,https://www.ine.gob.gt/wp-content/uploads/2024/12/ENCASBA.2024_Diccionarios.xlsx,ENCASBA.2024_Diccionarios.xlsx (sheet Hogares),codebook,ENCASBA,2024,"INE Guatemala ENCASBA 2024 data dictionary (sheets 'ENCASBA.2024_Hogares' and 'ENCASBA.2024_Personas', variable labels plus 'Valores de variable'): the build script reads ENCASBA.2024_Hogares.xlsx and ENCASBA.2024_Personas.xlsx; covers the table's items P10A01A1-A12A, P10A02, P10A03, P10B01, P10B01A, P10B02, P10B02A, P10B04, P10B05",2026-10-04
guatemala_2024_homes_transparency,https://www.ine.gob.gt/wp-content/uploads/2024/12/BOLETA-ENCASBA-2024.pdf,BOLETA-ENCASBA-2024.pdf,questionnaire,ENCASBA,2024,"Boleta headed 'Encuesta para la Evaluación de la Calidad de los Servicios Públicos Básicos 2024 -ENCASBA-', linked from the ENCASBA 2024 page and cited in the build script; prints the variable names, including the table's items P10A01A1-A12A, P10A02, P10A03, P10B01, P10B01A, P10B02, P10B02A, P10B04, P10B05",2026-10-04
guatemala_2024_homes_transport,https://www.ine.gob.gt/wp-content/uploads/2024/12/ENCASBA.2024_Diccionarios.xlsx,ENCASBA.2024_Diccionarios.xlsx (sheet Hogares),codebook,ENCASBA,2024,"INE Guatemala ENCASBA 2024 data dictionary (sheets 'ENCASBA.2024_Hogares' and 'ENCASBA.2024_Personas', variable labels plus 'Valores de variable'): the build script reads ENCASBA.2024_Hogares.xlsx and ENCASBA.2024_Personas.xlsx; covers the table's items P05A04A1-A9, P05A04B",2026-10-04
guatemala_2024_homes_transport,https://www.ine.gob.gt/wp-content/uploads/2024/12/BOLETA-ENCASBA-2024.pdf,BOLETA-ENCASBA-2024.pdf,questionnaire,ENCASBA,2024,"Boleta headed 'Encuesta para la Evaluación de la Calidad de los Servicios Públicos Básicos 2024 -ENCASBA-', linked from the ENCASBA 2024 page and cited in the build script; prints the variable names, including the table's items P05A04A1-A9, P05A04B",2026-10-04
guatemala_2024_homes_trash,https://www.ine.gob.gt/wp-content/uploads/2024/12/ENCASBA.2024_Diccionarios.xlsx,ENCASBA.2024_Diccionarios.xlsx (sheet Hogares),codebook,ENCASBA,2024,"INE Guatemala ENCASBA 2024 data dictionary (sheets 'ENCASBA.2024_Hogares' and 'ENCASBA.2024_Personas', variable labels plus 'Valores de variable'): the build script reads ENCASBA.2024_Hogares.xlsx and ENCASBA.2024_Personas.xlsx; covers the table's items P04A05A1-A4, P04A05B",2026-10-04
guatemala_2024_homes_trash,https://www.ine.gob.gt/wp-content/uploads/2024/12/BOLETA-ENCASBA-2024.pdf,BOLETA-ENCASBA-2024.pdf,questionnaire,ENCASBA,2024,"Boleta headed 'Encuesta para la Evaluación de la Calidad de los Servicios Públicos Básicos 2024 -ENCASBA-', linked from the ENCASBA 2024 page and cited in the build script; prints the variable names, including the table's items P04A05A1-A4, P04A05B",2026-10-04
guatemala_2024_homes_water,https://www.ine.gob.gt/wp-content/uploads/2024/12/ENCASBA.2024_Diccionarios.xlsx,ENCASBA.2024_Diccionarios.xlsx (sheet Hogares),codebook,ENCASBA,2024,"INE Guatemala ENCASBA 2024 data dictionary (sheets 'ENCASBA.2024_Hogares' and 'ENCASBA.2024_Personas', variable labels plus 'Valores de variable'): the build script reads ENCASBA.2024_Hogares.xlsx and ENCASBA.2024_Personas.xlsx; covers the table's items P04A01A1-A5, P04A01B",2026-10-04
guatemala_2024_homes_water,https://www.ine.gob.gt/wp-content/uploads/2024/12/BOLETA-ENCASBA-2024.pdf,BOLETA-ENCASBA-2024.pdf,questionnaire,ENCASBA,2024,"Boleta headed 'Encuesta para la Evaluación de la Calidad de los Servicios Públicos Básicos 2024 -ENCASBA-', linked from the ENCASBA 2024 page and cited in the build script; prints the variable names, including the table's items P04A01A1-A5, P04A01B",2026-10-04
mexico_2023_quality_administration,https://www.inegi.org.mx/contenidos/programas/encig/2021/doc/encig21_estructura_base_datos.pdf,encig21_estructura_base_datos.pdf,codebook,ENCIG,2021,"INEGI ENCIG 2021 'Estructura de la base de datos' for the 2021 rows the build script stacks (encig2021_* CSVs, renamed to 2023 names via RENAME_2021); it lists all 7 2021 source variables: apa_1_1-7",2026-10-04
mexico_2023_quality_administration,https://www.inegi.org.mx/contenidos/programas/encig/2023/doc/encig23_estructura_base_datos.pdf,encig23_estructura_base_datos.pdf,codebook,ENCIG,2023,"INEGI ENCIG 2023 'Estructura de la base de datos' (section 3 'Diccionario de datos', tables encig2023_01_sec1_A_3_4_5_8_9_10 and encig2023_01_sec_11, which the build script reads as CSV); it lists all 7 of the table's items: a1_1 a1_2 a1_3 a1_4 a1_5 a1_6 a1_7",2026-10-04
mexico_2023_quality_administration,https://www.inegi.org.mx/contenidos/programas/encig/2021/doc/encig21_cuestionario.pdf,encig21_cuestionario.pdf,questionnaire,ENCIG,2021,"ENCIG 2021's own Cuestionario General, for the table's 2021 rows; the cover reads 'ENCUESTA NACIONAL DE CALIDAD E IMPACTO GUBERNAMENTAL ENCIG 2021 CUESTIONARIO GENERAL'",2026-10-04
mexico_2023_quality_administration,https://www.inegi.org.mx/contenidos/programas/encig/2023/doc/encig23_cuestionario.pdf,encig23_cuestionario.pdf,questionnaire,ENCIG,2023,ENCIG 2023's own Cuestionario General; the cover reads 'ENCUESTA NACIONAL DE CALIDAD E IMPACTO GUBERNAMENTAL ENCIG 2023 CUESTIONARIO GENERAL',2026-10-04
mexico_2023_quality_buses,https://www.inegi.org.mx/contenidos/programas/encig/2021/doc/encig21_estructura_base_datos.pdf,encig21_estructura_base_datos.pdf,codebook,ENCIG,2021,"INEGI ENCIG 2021 'Estructura de la base de datos' for the 2021 rows the build script stacks (encig2021_* CSVs, renamed to 2023 names via RENAME_2021); it lists all 9 2021 source variables: p5_8_1-8 p5_8a",2026-10-04
mexico_2023_quality_buses,https://www.inegi.org.mx/contenidos/programas/encig/2023/doc/encig23_estructura_base_datos.pdf,encig23_estructura_base_datos.pdf,codebook,ENCIG,2023,"INEGI ENCIG 2023 'Estructura de la base de datos' (section 3 'Diccionario de datos', tables encig2023_01_sec1_A_3_4_5_8_9_10 and encig2023_01_sec_11, which the build script reads as CSV); it lists all 9 of the table's items: p5_9_1-8 p5_9a",2026-10-04
mexico_2023_quality_buses,https://www.inegi.org.mx/contenidos/programas/encig/2021/doc/encig21_cuestionario.pdf,encig21_cuestionario.pdf,questionnaire,ENCIG,2021,"ENCIG 2021's own Cuestionario General, for the table's 2021 rows; the cover reads 'ENCUESTA NACIONAL DE CALIDAD E IMPACTO GUBERNAMENTAL ENCIG 2021 CUESTIONARIO GENERAL'",2026-10-04
mexico_2023_quality_buses,https://www.inegi.org.mx/contenidos/programas/encig/2023/doc/encig23_cuestionario.pdf,encig23_cuestionario.pdf,questionnaire,ENCIG,2023,ENCIG 2023's own Cuestionario General; the cover reads 'ENCUESTA NACIONAL DE CALIDAD E IMPACTO GUBERNAMENTAL ENCIG 2023 CUESTIONARIO GENERAL',2026-10-04
mexico_2023_quality_cablecars,https://www.inegi.org.mx/contenidos/programas/encig/2023/doc/encig23_estructura_base_datos.pdf,encig23_estructura_base_datos.pdf,codebook,ENCIG,2023,"INEGI ENCIG 2023 'Estructura de la base de datos' (section 3 'Diccionario de datos', tables encig2023_01_sec1_A_3_4_5_8_9_10 and encig2023_01_sec_11, which the build script reads as CSV); it lists all 9 of the table's items: p5_11_1-8 p5_11a",2026-10-04
mexico_2023_quality_cablecars,https://www.inegi.org.mx/contenidos/programas/encig/2023/doc/encig23_cuestionario.pdf,encig23_cuestionario.pdf,questionnaire,ENCIG,2023,ENCIG 2023's own Cuestionario General; the cover reads 'ENCUESTA NACIONAL DE CALIDAD E IMPACTO GUBERNAMENTAL ENCIG 2023 CUESTIONARIO GENERAL',2026-10-04
mexico_2023_quality_confidence,https://www.inegi.org.mx/contenidos/programas/encig/2021/doc/encig21_estructura_base_datos.pdf,encig21_estructura_base_datos.pdf,codebook,ENCIG,2021,"INEGI ENCIG 2021 'Estructura de la base de datos' for the 2021 rows the build script stacks (encig2021_* CSVs, renamed to 2023 names via RENAME_2021); it lists all 25 2021 source variables: p11_1_1-25",2026-10-04
mexico_2023_quality_confidence,https://www.inegi.org.mx/contenidos/programas/encig/2023/doc/encig23_estructura_base_datos.pdf,encig23_estructura_base_datos.pdf,codebook,ENCIG,2023,"INEGI ENCIG 2023 'Estructura de la base de datos' (section 3 'Diccionario de datos', tables encig2023_01_sec1_A_3_4_5_8_9_10 and encig2023_01_sec_11, which the build script reads as CSV); it lists all 25 of the table's items: p11_1_01-25",2026-10-04
mexico_2023_quality_confidence,https://www.inegi.org.mx/contenidos/programas/encig/2021/doc/encig21_cuestionario.pdf,encig21_cuestionario.pdf,questionnaire,ENCIG,2021,"ENCIG 2021's own Cuestionario General, for the table's 2021 rows; the cover reads 'ENCUESTA NACIONAL DE CALIDAD E IMPACTO GUBERNAMENTAL ENCIG 2021 CUESTIONARIO GENERAL'",2026-10-04
mexico_2023_quality_confidence,https://www.inegi.org.mx/contenidos/programas/encig/2023/doc/encig23_cuestionario.pdf,encig23_cuestionario.pdf,questionnaire,ENCIG,2023,ENCIG 2023's own Cuestionario General; the cover reads 'ENCUESTA NACIONAL DE CALIDAD E IMPACTO GUBERNAMENTAL ENCIG 2023 CUESTIONARIO GENERAL',2026-10-04
mexico_2023_quality_corruption,https://www.inegi.org.mx/contenidos/programas/encig/2021/doc/encig21_estructura_base_datos.pdf,encig21_estructura_base_datos.pdf,codebook,ENCIG,2021,"INEGI ENCIG 2021 'Estructura de la base de datos' for the 2021 rows the build script stacks (encig2021_* CSVs, renamed to 2023 names via RENAME_2021); it lists all 5 2021 source variables: p8_1 p8_2 p8_3_1-3",2026-10-04
mexico_2023_quality_corruption,https://www.inegi.org.mx/contenidos/programas/encig/2023/doc/encig23_estructura_base_datos.pdf,encig23_estructura_base_datos.pdf,codebook,ENCIG,2023,"INEGI ENCIG 2023 'Estructura de la base de datos' (section 3 'Diccionario de datos', tables encig2023_01_sec1_A_3_4_5_8_9_10 and encig2023_01_sec_11, which the build script reads as CSV); it lists all 5 of the table's items: p8_1 p8_2 p8_3_1-3",2026-10-04
mexico_2023_quality_corruption,https://www.inegi.org.mx/contenidos/programas/encig/2021/doc/encig21_cuestionario.pdf,encig21_cuestionario.pdf,questionnaire,ENCIG,2021,"ENCIG 2021's own Cuestionario General, for the table's 2021 rows; the cover reads 'ENCUESTA NACIONAL DE CALIDAD E IMPACTO GUBERNAMENTAL ENCIG 2021 CUESTIONARIO GENERAL'",2026-10-04
mexico_2023_quality_corruption,https://www.inegi.org.mx/contenidos/programas/encig/2023/doc/encig23_cuestionario.pdf,encig23_cuestionario.pdf,questionnaire,ENCIG,2023,ENCIG 2023's own Cuestionario General; the cover reads 'ENCUESTA NACIONAL DE CALIDAD E IMPACTO GUBERNAMENTAL ENCIG 2023 CUESTIONARIO GENERAL',2026-10-04
mexico_2023_quality_corruptionperception,https://www.inegi.org.mx/contenidos/programas/encig/2021/doc/encig21_estructura_base_datos.pdf,encig21_estructura_base_datos.pdf,codebook,ENCIG,2021,"INEGI ENCIG 2021 'Estructura de la base de datos' for the 2021 rows the build script stacks (encig2021_* CSVs, renamed to 2023 names via RENAME_2021); it lists all 25 2021 source variables: p3_2 p3_3_1-24",2026-10-04
mexico_2023_quality_corruptionperception,https://www.inegi.org.mx/contenidos/programas/encig/2023/doc/encig23_estructura_base_datos.pdf,encig23_estructura_base_datos.pdf,codebook,ENCIG,2023,"INEGI ENCIG 2023 'Estructura de la base de datos' (section 3 'Diccionario de datos', tables encig2023_01_sec1_A_3_4_5_8_9_10 and encig2023_01_sec_11, which the build script reads as CSV); it lists all 25 of the table's items: p3_2 p3_3_01-24",2026-10-04
mexico_2023_quality_corruptionperception,https://www.inegi.org.mx/contenidos/programas/encig/2021/doc/encig21_cuestionario.pdf,encig21_cuestionario.pdf,questionnaire,ENCIG,2021,"ENCIG 2021's own Cuestionario General, for the table's 2021 rows; the cover reads 'ENCUESTA NACIONAL DE CALIDAD E IMPACTO GUBERNAMENTAL ENCIG 2021 CUESTIONARIO GENERAL'",2026-10-04
mexico_2023_quality_corruptionperception,https://www.inegi.org.mx/contenidos/programas/encig/2023/doc/encig23_cuestionario.pdf,encig23_cuestionario.pdf,questionnaire,ENCIG,2023,ENCIG 2023's own Cuestionario General; the cover reads 'ENCUESTA NACIONAL DE CALIDAD E IMPACTO GUBERNAMENTAL ENCIG 2023 CUESTIONARIO GENERAL',2026-10-04
mexico_2023_quality_drainage,https://www.inegi.org.mx/contenidos/programas/encig/2021/doc/encig21_estructura_base_datos.pdf,encig21_estructura_base_datos.pdf,codebook,ENCIG,2021,"INEGI ENCIG 2021 'Estructura de la base de datos' for the 2021 rows the build script stacks (encig2021_* CSVs, renamed to 2023 names via RENAME_2021); it lists all 5 2021 source variables: p4_2_1-4 p4_2a",2026-10-04
mexico_2023_quality_drainage,https://www.inegi.org.mx/contenidos/programas/encig/2023/doc/encig23_estructura_base_datos.pdf,encig23_estructura_base_datos.pdf,codebook,ENCIG,2023,"INEGI ENCIG 2023 'Estructura de la base de datos' (section 3 'Diccionario de datos', tables encig2023_01_sec1_A_3_4_5_8_9_10 and encig2023_01_sec_11, which the build script reads as CSV); it lists all 5 of the table's items: p4_2_1-4 p4_2a",2026-10-04
mexico_2023_quality_drainage,https://www.inegi.org.mx/contenidos/programas/encig/2021/doc/encig21_cuestionario.pdf,encig21_cuestionario.pdf,questionnaire,ENCIG,2021,"ENCIG 2021's own Cuestionario General, for the table's 2021 rows; the cover reads 'ENCUESTA NACIONAL DE CALIDAD E IMPACTO GUBERNAMENTAL ENCIG 2021 CUESTIONARIO GENERAL'",2026-10-04
mexico_2023_quality_drainage,https://www.inegi.org.mx/contenidos/programas/encig/2023/doc/encig23_cuestionario.pdf,encig23_cuestionario.pdf,questionnaire,ENCIG,2023,ENCIG 2023's own Cuestionario General; the cover reads 'ENCUESTA NACIONAL DE CALIDAD E IMPACTO GUBERNAMENTAL ENCIG 2023 CUESTIONARIO GENERAL',2026-10-04
mexico_2023_quality_electricgovernment,https://www.inegi.org.mx/contenidos/programas/encig/2021/doc/encig21_estructura_base_datos.pdf,encig21_estructura_base_datos.pdf,codebook,ENCIG,2021,"INEGI ENCIG 2021 'Estructura de la base de datos' for the 2021 rows the build script stacks (encig2021_* CSVs, renamed to 2023 names via RENAME_2021); it lists all 6 2021 source variables: p10_1_1-6",2026-10-04
mexico_2023_quality_electricgovernment,https://www.inegi.org.mx/contenidos/programas/encig/2023/doc/encig23_estructura_base_datos.pdf,encig23_estructura_base_datos.pdf,codebook,ENCIG,2023,"INEGI ENCIG 2023 'Estructura de la base de datos' (section 3 'Diccionario de datos', tables encig2023_01_sec1_A_3_4_5_8_9_10 and encig2023_01_sec_11, which the build script reads as CSV); it lists all 6 of the table's items: p10_1_1-6",2026-10-04
mexico_2023_quality_electricgovernment,https://www.inegi.org.mx/contenidos/programas/encig/2021/doc/encig21_cuestionario.pdf,encig21_cuestionario.pdf,questionnaire,ENCIG,2021,"ENCIG 2021's own Cuestionario General, for the table's 2021 rows; the cover reads 'ENCUESTA NACIONAL DE CALIDAD E IMPACTO GUBERNAMENTAL ENCIG 2021 CUESTIONARIO GENERAL'",2026-10-04
mexico_2023_quality_electricgovernment,https://www.inegi.org.mx/contenidos/programas/encig/2023/doc/encig23_cuestionario.pdf,encig23_cuestionario.pdf,questionnaire,ENCIG,2023,ENCIG 2023's own Cuestionario General; the cover reads 'ENCUESTA NACIONAL DE CALIDAD E IMPACTO GUBERNAMENTAL ENCIG 2023 CUESTIONARIO GENERAL',2026-10-04
mexico_2023_quality_generalcorruption,https://www.inegi.org.mx/contenidos/programas/encig/2021/doc/encig21_estructura_base_datos.pdf,encig21_estructura_base_datos.pdf,codebook,ENCIG,2021,"INEGI ENCIG 2021 'Estructura de la base de datos' for the 2021 rows the build script stacks (encig2021_* CSVs, renamed to 2023 names via RENAME_2021); it lists all 2 2021 source variables: p9_1 p9_7",2026-10-04
mexico_2023_quality_generalcorruption,https://www.inegi.org.mx/contenidos/programas/encig/2023/doc/encig23_estructura_base_datos.pdf,encig23_estructura_base_datos.pdf,codebook,ENCIG,2023,"INEGI ENCIG 2023 'Estructura de la base de datos' (section 3 'Diccionario de datos', tables encig2023_01_sec1_A_3_4_5_8_9_10 and encig2023_01_sec_11, which the build script reads as CSV); it lists all 2 of the table's items: p9_1 p9_7",2026-10-04
mexico_2023_quality_generalcorruption,https://www.inegi.org.mx/contenidos/programas/encig/2021/doc/encig21_cuestionario.pdf,encig21_cuestionario.pdf,questionnaire,ENCIG,2021,"ENCIG 2021's own Cuestionario General, for the table's 2021 rows; the cover reads 'ENCUESTA NACIONAL DE CALIDAD E IMPACTO GUBERNAMENTAL ENCIG 2021 CUESTIONARIO GENERAL'",2026-10-04
mexico_2023_quality_generalcorruption,https://www.inegi.org.mx/contenidos/programas/encig/2023/doc/encig23_cuestionario.pdf,encig23_cuestionario.pdf,questionnaire,ENCIG,2023,ENCIG 2023's own Cuestionario General; the cover reads 'ENCUESTA NACIONAL DE CALIDAD E IMPACTO GUBERNAMENTAL ENCIG 2023 CUESTIONARIO GENERAL',2026-10-04
mexico_2023_quality_health,https://www.inegi.org.mx/contenidos/programas/encig/2021/doc/encig21_estructura_base_datos.pdf,encig21_estructura_base_datos.pdf,codebook,ENCIG,2021,"INEGI ENCIG 2021 'Estructura de la base de datos' for the 2021 rows the build script stacks (encig2021_* CSVs, renamed to 2023 names via RENAME_2021); it lists all 12 2021 source variables: p5_4_1-11 p5_4a",2026-10-04
mexico_2023_quality_health,https://www.inegi.org.mx/contenidos/programas/encig/2023/doc/encig23_estructura_base_datos.pdf,encig23_estructura_base_datos.pdf,codebook,ENCIG,2023,"INEGI ENCIG 2023 'Estructura de la base de datos' (section 3 'Diccionario de datos', tables encig2023_01_sec1_A_3_4_5_8_9_10 and encig2023_01_sec_11, which the build script reads as CSV); it lists all 12 of the table's items: p5_4_01-11 p5_4a",2026-10-04
mexico_2023_quality_health,https://www.inegi.org.mx/contenidos/programas/encig/2021/doc/encig21_cuestionario.pdf,encig21_cuestionario.pdf,questionnaire,ENCIG,2021,"ENCIG 2021's own Cuestionario General, for the table's 2021 rows; the cover reads 'ENCUESTA NACIONAL DE CALIDAD E IMPACTO GUBERNAMENTAL ENCIG 2021 CUESTIONARIO GENERAL'",2026-10-04
mexico_2023_quality_health,https://www.inegi.org.mx/contenidos/programas/encig/2023/doc/encig23_cuestionario.pdf,encig23_cuestionario.pdf,questionnaire,ENCIG,2023,ENCIG 2023's own Cuestionario General; the cover reads 'ENCUESTA NACIONAL DE CALIDAD E IMPACTO GUBERNAMENTAL ENCIG 2023 CUESTIONARIO GENERAL',2026-10-04
mexico_2023_quality_healthservice,https://www.inegi.org.mx/contenidos/programas/encig/2021/doc/encig21_estructura_base_datos.pdf,encig21_estructura_base_datos.pdf,codebook,ENCIG,2021,"INEGI ENCIG 2021 'Estructura de la base de datos' for the 2021 rows the build script stacks (encig2021_* CSVs, renamed to 2023 names via RENAME_2021); it lists all 12 2021 source variables: p5_6_1-11 p5_6a",2026-10-04
mexico_2023_quality_healthservice,https://www.inegi.org.mx/contenidos/programas/encig/2023/doc/encig23_estructura_base_datos.pdf,encig23_estructura_base_datos.pdf,codebook,ENCIG,2023,"INEGI ENCIG 2023 'Estructura de la base de datos' (section 3 'Diccionario de datos', tables encig2023_01_sec1_A_3_4_5_8_9_10 and encig2023_01_sec_11, which the build script reads as CSV); it lists all 12 of the table's items: p5_6_01-11 p5_6a",2026-10-04
mexico_2023_quality_healthservice,https://www.inegi.org.mx/contenidos/programas/encig/2021/doc/encig21_cuestionario.pdf,encig21_cuestionario.pdf,questionnaire,ENCIG,2021,"ENCIG 2021's own Cuestionario General, for the table's 2021 rows; the cover reads 'ENCUESTA NACIONAL DE CALIDAD E IMPACTO GUBERNAMENTAL ENCIG 2021 CUESTIONARIO GENERAL'",2026-10-04
mexico_2023_quality_healthservice,https://www.inegi.org.mx/contenidos/programas/encig/2023/doc/encig23_cuestionario.pdf,encig23_cuestionario.pdf,questionnaire,ENCIG,2023,ENCIG 2023's own Cuestionario General; the cover reads 'ENCUESTA NACIONAL DE CALIDAD E IMPACTO GUBERNAMENTAL ENCIG 2023 CUESTIONARIO GENERAL',2026-10-04
mexico_2023_quality_highways,https://www.inegi.org.mx/contenidos/programas/encig/2021/doc/encig21_estructura_base_datos.pdf,encig21_estructura_base_datos.pdf,codebook,ENCIG,2021,"INEGI ENCIG 2021 'Estructura de la base de datos' for the 2021 rows the build script stacks (encig2021_* CSVs, renamed to 2023 names via RENAME_2021); it lists all 6 2021 source variables: p5_11_1-5 p5_11a",2026-10-04
mexico_2023_quality_highways,https://www.inegi.org.mx/contenidos/programas/encig/2023/doc/encig23_estructura_base_datos.pdf,encig23_estructura_base_datos.pdf,codebook,ENCIG,2023,"INEGI ENCIG 2023 'Estructura de la base de datos' (section 3 'Diccionario de datos', tables encig2023_01_sec1_A_3_4_5_8_9_10 and encig2023_01_sec_11, which the build script reads as CSV); it lists all 6 of the table's items: p5_13_1-5 p5_13a",2026-10-04
mexico_2023_quality_highways,https://www.inegi.org.mx/contenidos/programas/encig/2021/doc/encig21_cuestionario.pdf,encig21_cuestionario.pdf,questionnaire,ENCIG,2021,"ENCIG 2021's own Cuestionario General, for the table's 2021 rows; the cover reads 'ENCUESTA NACIONAL DE CALIDAD E IMPACTO GUBERNAMENTAL ENCIG 2021 CUESTIONARIO GENERAL'",2026-10-04
mexico_2023_quality_highways,https://www.inegi.org.mx/contenidos/programas/encig/2023/doc/encig23_cuestionario.pdf,encig23_cuestionario.pdf,questionnaire,ENCIG,2023,ENCIG 2023's own Cuestionario General; the cover reads 'ENCUESTA NACIONAL DE CALIDAD E IMPACTO GUBERNAMENTAL ENCIG 2023 CUESTIONARIO GENERAL',2026-10-04
mexico_2023_quality_homelightning,https://www.inegi.org.mx/contenidos/programas/encig/2021/doc/encig21_estructura_base_datos.pdf,encig21_estructura_base_datos.pdf,codebook,ENCIG,2021,"INEGI ENCIG 2021 'Estructura de la base de datos' for the 2021 rows the build script stacks (encig2021_* CSVs, renamed to 2023 names via RENAME_2021); it lists all 4 2021 source variables: p5_7_1-3 p5_7a",2026-10-04
mexico_2023_quality_homelightning,https://www.inegi.org.mx/contenidos/programas/encig/2023/doc/encig23_estructura_base_datos.pdf,encig23_estructura_base_datos.pdf,codebook,ENCIG,2023,"INEGI ENCIG 2023 'Estructura de la base de datos' (section 3 'Diccionario de datos', tables encig2023_01_sec1_A_3_4_5_8_9_10 and encig2023_01_sec_11, which the build script reads as CSV); it lists all 4 of the table's items: p5_8_1-3 p5_8a",2026-10-04
mexico_2023_quality_homelightning,https://www.inegi.org.mx/contenidos/programas/encig/2021/doc/encig21_cuestionario.pdf,encig21_cuestionario.pdf,questionnaire,ENCIG,2021,"ENCIG 2021's own Cuestionario General, for the table's 2021 rows; the cover reads 'ENCUESTA NACIONAL DE CALIDAD E IMPACTO GUBERNAMENTAL ENCIG 2021 CUESTIONARIO GENERAL'",2026-10-04
mexico_2023_quality_homelightning,https://www.inegi.org.mx/contenidos/programas/encig/2023/doc/encig23_cuestionario.pdf,encig23_cuestionario.pdf,questionnaire,ENCIG,2023,ENCIG 2023's own Cuestionario General; the cover reads 'ENCUESTA NACIONAL DE CALIDAD E IMPACTO GUBERNAMENTAL ENCIG 2023 CUESTIONARIO GENERAL',2026-10-04
mexico_2023_quality_lightning,https://www.inegi.org.mx/contenidos/programas/encig/2021/doc/encig21_estructura_base_datos.pdf,encig21_estructura_base_datos.pdf,codebook,ENCIG,2021,"INEGI ENCIG 2021 'Estructura de la base de datos' for the 2021 rows the build script stacks (encig2021_* CSVs, renamed to 2023 names via RENAME_2021); it lists all 4 2021 source variables: p4_3_1-3 p4_3a",2026-10-04
mexico_2023_quality_lightning,https://www.inegi.org.mx/contenidos/programas/encig/2023/doc/encig23_estructura_base_datos.pdf,encig23_estructura_base_datos.pdf,codebook,ENCIG,2023,"INEGI ENCIG 2023 'Estructura de la base de datos' (section 3 'Diccionario de datos', tables encig2023_01_sec1_A_3_4_5_8_9_10 and encig2023_01_sec_11, which the build script reads as CSV); it lists all 4 of the table's items: p4_3_1-3 p4_3a",2026-10-04
mexico_2023_quality_lightning,https://www.inegi.org.mx/contenidos/programas/encig/2021/doc/encig21_cuestionario.pdf,encig21_cuestionario.pdf,questionnaire,ENCIG,2021,"ENCIG 2021's own Cuestionario General, for the table's 2021 rows; the cover reads 'ENCUESTA NACIONAL DE CALIDAD E IMPACTO GUBERNAMENTAL ENCIG 2021 CUESTIONARIO GENERAL'",2026-10-04
mexico_2023_quality_lightning,https://www.inegi.org.mx/contenidos/programas/encig/2023/doc/encig23_cuestionario.pdf,encig23_cuestionario.pdf,questionnaire,ENCIG,2023,ENCIG 2023's own Cuestionario General; the cover reads 'ENCUESTA NACIONAL DE CALIDAD E IMPACTO GUBERNAMENTAL ENCIG 2023 CUESTIONARIO GENERAL',2026-10-04
mexico_2023_quality_low,https://www.inegi.org.mx/contenidos/programas/encig/2021/doc/encig21_estructura_base_datos.pdf,encig21_estructura_base_datos.pdf,codebook,ENCIG,2021,"INEGI ENCIG 2021 'Estructura de la base de datos' for the 2021 rows the build script stacks (encig2021_* CSVs, renamed to 2023 names via RENAME_2021); it lists all 10 2021 source variables: p5_1_1-10",2026-10-04
mexico_2023_quality_low,https://www.inegi.org.mx/contenidos/programas/encig/2023/doc/encig23_estructura_base_datos.pdf,encig23_estructura_base_datos.pdf,codebook,ENCIG,2023,"INEGI ENCIG 2023 'Estructura de la base de datos' (section 3 'Diccionario de datos', tables encig2023_01_sec1_A_3_4_5_8_9_10 and encig2023_01_sec_11, which the build script reads as CSV); it lists all 12 of the table's items: p5_1_01-12",2026-10-04
mexico_2023_quality_low,https://www.inegi.org.mx/contenidos/programas/encig/2021/doc/encig21_cuestionario.pdf,encig21_cuestionario.pdf,questionnaire,ENCIG,2021,"ENCIG 2021's own Cuestionario General, for the table's 2021 rows; the cover reads 'ENCUESTA NACIONAL DE CALIDAD E IMPACTO GUBERNAMENTAL ENCIG 2021 CUESTIONARIO GENERAL'",2026-10-04
mexico_2023_quality_low,https://www.inegi.org.mx/contenidos/programas/encig/2023/doc/encig23_cuestionario.pdf,encig23_cuestionario.pdf,questionnaire,ENCIG,2023,ENCIG 2023's own Cuestionario General; the cover reads 'ENCUESTA NACIONAL DE CALIDAD E IMPACTO GUBERNAMENTAL ENCIG 2023 CUESTIONARIO GENERAL',2026-10-04
mexico_2023_quality_parks,https://www.inegi.org.mx/contenidos/programas/encig/2021/doc/encig21_estructura_base_datos.pdf,encig21_estructura_base_datos.pdf,codebook,ENCIG,2021,"INEGI ENCIG 2021 'Estructura de la base de datos' for the 2021 rows the build script stacks (encig2021_* CSVs, renamed to 2023 names via RENAME_2021); it lists all 5 2021 source variables: p4_4_1-4 p4_4a",2026-10-04
mexico_2023_quality_parks,https://www.inegi.org.mx/contenidos/programas/encig/2023/doc/encig23_estructura_base_datos.pdf,encig23_estructura_base_datos.pdf,codebook,ENCIG,2023,"INEGI ENCIG 2023 'Estructura de la base de datos' (section 3 'Diccionario de datos', tables encig2023_01_sec1_A_3_4_5_8_9_10 and encig2023_01_sec_11, which the build script reads as CSV); it lists all 5 of the table's items: p4_4_1-4 p4_4a",2026-10-04
mexico_2023_quality_parks,https://www.inegi.org.mx/contenidos/programas/encig/2021/doc/encig21_cuestionario.pdf,encig21_cuestionario.pdf,questionnaire,ENCIG,2021,"ENCIG 2021's own Cuestionario General, for the table's 2021 rows; the cover reads 'ENCUESTA NACIONAL DE CALIDAD E IMPACTO GUBERNAMENTAL ENCIG 2021 CUESTIONARIO GENERAL'",2026-10-04
mexico_2023_quality_parks,https://www.inegi.org.mx/contenidos/programas/encig/2023/doc/encig23_cuestionario.pdf,encig23_cuestionario.pdf,questionnaire,ENCIG,2023,ENCIG 2023's own Cuestionario General; the cover reads 'ENCUESTA NACIONAL DE CALIDAD E IMPACTO GUBERNAMENTAL ENCIG 2023 CUESTIONARIO GENERAL',2026-10-04
mexico_2023_quality_police,https://www.inegi.org.mx/contenidos/programas/encig/2021/doc/encig21_estructura_base_datos.pdf,encig21_estructura_base_datos.pdf,codebook,ENCIG,2021,"INEGI ENCIG 2021 'Estructura de la base de datos' for the 2021 rows the build script stacks (encig2021_* CSVs, renamed to 2023 names via RENAME_2021); it lists all 3 2021 source variables: p4_6_1 p4_6_2 p4_6a",2026-10-04
mexico_2023_quality_police,https://www.inegi.org.mx/contenidos/programas/encig/2023/doc/encig23_estructura_base_datos.pdf,encig23_estructura_base_datos.pdf,codebook,ENCIG,2023,"INEGI ENCIG 2023 'Estructura de la base de datos' (section 3 'Diccionario de datos', tables encig2023_01_sec1_A_3_4_5_8_9_10 and encig2023_01_sec_11, which the build script reads as CSV); it lists all 3 of the table's items: p4_6_1 p4_6_2 p4_6a",2026-10-04
mexico_2023_quality_police,https://www.inegi.org.mx/contenidos/programas/encig/2021/doc/encig21_cuestionario.pdf,encig21_cuestionario.pdf,questionnaire,ENCIG,2021,"ENCIG 2021's own Cuestionario General, for the table's 2021 rows; the cover reads 'ENCUESTA NACIONAL DE CALIDAD E IMPACTO GUBERNAMENTAL ENCIG 2021 CUESTIONARIO GENERAL'",2026-10-04
mexico_2023_quality_police,https://www.inegi.org.mx/contenidos/programas/encig/2023/doc/encig23_cuestionario.pdf,encig23_cuestionario.pdf,questionnaire,ENCIG,2023,ENCIG 2023's own Cuestionario General; the cover reads 'ENCUESTA NACIONAL DE CALIDAD E IMPACTO GUBERNAMENTAL ENCIG 2023 CUESTIONARIO GENERAL',2026-10-04
mexico_2023_quality_problems,https://www.inegi.org.mx/contenidos/programas/encig/2021/doc/encig21_estructura_base_datos.pdf,encig21_estructura_base_datos.pdf,codebook,ENCIG,2021,"INEGI ENCIG 2021 'Estructura de la base de datos' for the 2021 rows the build script stacks (encig2021_* CSVs, renamed to 2023 names via RENAME_2021); it lists all 12 2021 source variables: p3_1_1-11 p3_1_99",2026-10-04
mexico_2023_quality_problems,https://www.inegi.org.mx/contenidos/programas/encig/2023/doc/encig23_estructura_base_datos.pdf,encig23_estructura_base_datos.pdf,codebook,ENCIG,2023,"INEGI ENCIG 2023 'Estructura de la base de datos' (section 3 'Diccionario de datos', tables encig2023_01_sec1_A_3_4_5_8_9_10 and encig2023_01_sec_11, which the build script reads as CSV); it lists all 12 of the table's items: p3_1_01-11 p3_1_99",2026-10-04
mexico_2023_quality_problems,https://www.inegi.org.mx/contenidos/programas/encig/2021/doc/encig21_cuestionario.pdf,encig21_cuestionario.pdf,questionnaire,ENCIG,2021,"ENCIG 2021's own Cuestionario General, for the table's 2021 rows; the cover reads 'ENCUESTA NACIONAL DE CALIDAD E IMPACTO GUBERNAMENTAL ENCIG 2021 CUESTIONARIO GENERAL'",2026-10-04
mexico_2023_quality_problems,https://www.inegi.org.mx/contenidos/programas/encig/2023/doc/encig23_cuestionario.pdf,encig23_cuestionario.pdf,questionnaire,ENCIG,2023,ENCIG 2023's own Cuestionario General; the cover reads 'ENCUESTA NACIONAL DE CALIDAD E IMPACTO GUBERNAMENTAL ENCIG 2023 CUESTIONARIO GENERAL',2026-10-04
mexico_2023_quality_roads,https://www.inegi.org.mx/contenidos/programas/encig/2021/doc/encig21_estructura_base_datos.pdf,encig21_estructura_base_datos.pdf,codebook,ENCIG,2021,"INEGI ENCIG 2021 'Estructura de la base de datos' for the 2021 rows the build script stacks (encig2021_* CSVs, renamed to 2023 names via RENAME_2021); it lists all 5 2021 source variables: p4_7_1-4 p4_7a",2026-10-04
mexico_2023_quality_roads,https://www.inegi.org.mx/contenidos/programas/encig/2023/doc/encig23_estructura_base_datos.pdf,encig23_estructura_base_datos.pdf,codebook,ENCIG,2023,"INEGI ENCIG 2023 'Estructura de la base de datos' (section 3 'Diccionario de datos', tables encig2023_01_sec1_A_3_4_5_8_9_10 and encig2023_01_sec_11, which the build script reads as CSV); it lists all 5 of the table's items: p4_7_1-4 p4_7a",2026-10-04
mexico_2023_quality_roads,https://www.inegi.org.mx/contenidos/programas/encig/2021/doc/encig21_cuestionario.pdf,encig21_cuestionario.pdf,questionnaire,ENCIG,2021,"ENCIG 2021's own Cuestionario General, for the table's 2021 rows; the cover reads 'ENCUESTA NACIONAL DE CALIDAD E IMPACTO GUBERNAMENTAL ENCIG 2021 CUESTIONARIO GENERAL'",2026-10-04
mexico_2023_quality_roads,https://www.inegi.org.mx/contenidos/programas/encig/2023/doc/encig23_cuestionario.pdf,encig23_cuestionario.pdf,questionnaire,ENCIG,2023,ENCIG 2023's own Cuestionario General; the cover reads 'ENCUESTA NACIONAL DE CALIDAD E IMPACTO GUBERNAMENTAL ENCIG 2023 CUESTIONARIO GENERAL',2026-10-04
mexico_2023_quality_schooling,https://www.inegi.org.mx/contenidos/programas/encig/2021/doc/encig21_estructura_base_datos.pdf,encig21_estructura_base_datos.pdf,codebook,ENCIG,2021,"INEGI ENCIG 2021 'Estructura de la base de datos' for the 2021 rows the build script stacks (encig2021_* CSVs, renamed to 2023 names via RENAME_2021); it lists all 10 2021 source variables: p5_2_1-9 p5_2a",2026-10-04
mexico_2023_quality_schooling,https://www.inegi.org.mx/contenidos/programas/encig/2023/doc/encig23_estructura_base_datos.pdf,encig23_estructura_base_datos.pdf,codebook,ENCIG,2023,"INEGI ENCIG 2023 'Estructura de la base de datos' (section 3 'Diccionario de datos', tables encig2023_01_sec1_A_3_4_5_8_9_10 and encig2023_01_sec_11, which the build script reads as CSV); it lists all 10 of the table's items: p5_2_1-9 p5_2a",2026-10-04
mexico_2023_quality_schooling,https://www.inegi.org.mx/contenidos/programas/encig/2021/doc/encig21_cuestionario.pdf,encig21_cuestionario.pdf,questionnaire,ENCIG,2021,"ENCIG 2021's own Cuestionario General, for the table's 2021 rows; the cover reads 'ENCUESTA NACIONAL DE CALIDAD E IMPACTO GUBERNAMENTAL ENCIG 2021 CUESTIONARIO GENERAL'",2026-10-04
mexico_2023_quality_schooling,https://www.inegi.org.mx/contenidos/programas/encig/2023/doc/encig23_cuestionario.pdf,encig23_cuestionario.pdf,questionnaire,ENCIG,2023,ENCIG 2023's own Cuestionario General; the cover reads 'ENCUESTA NACIONAL DE CALIDAD E IMPACTO GUBERNAMENTAL ENCIG 2023 CUESTIONARIO GENERAL',2026-10-04
mexico_2023_quality_streets,https://www.inegi.org.mx/contenidos/programas/encig/2021/doc/encig21_estructura_base_datos.pdf,encig21_estructura_base_datos.pdf,codebook,ENCIG,2021,"INEGI ENCIG 2021 'Estructura de la base de datos' for the 2021 rows the build script stacks (encig2021_* CSVs, renamed to 2023 names via RENAME_2021); it lists all 5 2021 source variables: p4_8_1-4 p4_8a",2026-10-04
mexico_2023_quality_streets,https://www.inegi.org.mx/contenidos/programas/encig/2023/doc/encig23_estructura_base_datos.pdf,encig23_estructura_base_datos.pdf,codebook,ENCIG,2023,"INEGI ENCIG 2023 'Estructura de la base de datos' (section 3 'Diccionario de datos', tables encig2023_01_sec1_A_3_4_5_8_9_10 and encig2023_01_sec_11, which the build script reads as CSV); it lists all 5 of the table's items: p4_8_1-4 p4_8a",2026-10-04
mexico_2023_quality_streets,https://www.inegi.org.mx/contenidos/programas/encig/2021/doc/encig21_cuestionario.pdf,encig21_cuestionario.pdf,questionnaire,ENCIG,2021,"ENCIG 2021's own Cuestionario General, for the table's 2021 rows; the cover reads 'ENCUESTA NACIONAL DE CALIDAD E IMPACTO GUBERNAMENTAL ENCIG 2021 CUESTIONARIO GENERAL'",2026-10-04
mexico_2023_quality_streets,https://www.inegi.org.mx/contenidos/programas/encig/2023/doc/encig23_cuestionario.pdf,encig23_cuestionario.pdf,questionnaire,ENCIG,2023,ENCIG 2023's own Cuestionario General; the cover reads 'ENCUESTA NACIONAL DE CALIDAD E IMPACTO GUBERNAMENTAL ENCIG 2023 CUESTIONARIO GENERAL',2026-10-04
mexico_2023_quality_trains,https://www.inegi.org.mx/contenidos/programas/encig/2021/doc/encig21_estructura_base_datos.pdf,encig21_estructura_base_datos.pdf,codebook,ENCIG,2021,"INEGI ENCIG 2021 'Estructura de la base de datos' for the 2021 rows the build script stacks (encig2021_* CSVs, renamed to 2023 names via RENAME_2021); it lists all 6 2021 source variables: p5_10_1-5 p5_10a",2026-10-04
mexico_2023_quality_trains,https://www.inegi.org.mx/contenidos/programas/encig/2023/doc/encig23_estructura_base_datos.pdf,encig23_estructura_base_datos.pdf,codebook,ENCIG,2023,"INEGI ENCIG 2023 'Estructura de la base de datos' (section 3 'Diccionario de datos', tables encig2023_01_sec1_A_3_4_5_8_9_10 and encig2023_01_sec_11, which the build script reads as CSV); it lists all 6 of the table's items: p5_12_1-5 p5_12a",2026-10-04
mexico_2023_quality_trains,https://www.inegi.org.mx/contenidos/programas/encig/2021/doc/encig21_cuestionario.pdf,encig21_cuestionario.pdf,questionnaire,ENCIG,2021,"ENCIG 2021's own Cuestionario General, for the table's 2021 rows; the cover reads 'ENCUESTA NACIONAL DE CALIDAD E IMPACTO GUBERNAMENTAL ENCIG 2021 CUESTIONARIO GENERAL'",2026-10-04
mexico_2023_quality_trains,https://www.inegi.org.mx/contenidos/programas/encig/2023/doc/encig23_cuestionario.pdf,encig23_cuestionario.pdf,questionnaire,ENCIG,2023,ENCIG 2023's own Cuestionario General; the cover reads 'ENCUESTA NACIONAL DE CALIDAD E IMPACTO GUBERNAMENTAL ENCIG 2023 CUESTIONARIO GENERAL',2026-10-04
mexico_2023_quality_transportationstations,https://www.inegi.org.mx/contenidos/programas/encig/2021/doc/encig21_estructura_base_datos.pdf,encig21_estructura_base_datos.pdf,codebook,ENCIG,2021,"INEGI ENCIG 2021 'Estructura de la base de datos' for the 2021 rows the build script stacks (encig2021_* CSVs, renamed to 2023 names via RENAME_2021); it lists all 9 2021 source variables: p5_9_1-8 p5_9a",2026-10-04
mexico_2023_quality_transportationstations,https://www.inegi.org.mx/contenidos/programas/encig/2023/doc/encig23_estructura_base_datos.pdf,encig23_estructura_base_datos.pdf,codebook,ENCIG,2023,"INEGI ENCIG 2023 'Estructura de la base de datos' (section 3 'Diccionario de datos', tables encig2023_01_sec1_A_3_4_5_8_9_10 and encig2023_01_sec_11, which the build script reads as CSV); it lists all 9 of the table's items: p5_10_1-8 p5_10a",2026-10-04
mexico_2023_quality_transportationstations,https://www.inegi.org.mx/contenidos/programas/encig/2021/doc/encig21_cuestionario.pdf,encig21_cuestionario.pdf,questionnaire,ENCIG,2021,"ENCIG 2021's own Cuestionario General, for the table's 2021 rows; the cover reads 'ENCUESTA NACIONAL DE CALIDAD E IMPACTO GUBERNAMENTAL ENCIG 2021 CUESTIONARIO GENERAL'",2026-10-04
mexico_2023_quality_transportationstations,https://www.inegi.org.mx/contenidos/programas/encig/2023/doc/encig23_cuestionario.pdf,encig23_cuestionario.pdf,questionnaire,ENCIG,2023,ENCIG 2023's own Cuestionario General; the cover reads 'ENCUESTA NACIONAL DE CALIDAD E IMPACTO GUBERNAMENTAL ENCIG 2023 CUESTIONARIO GENERAL',2026-10-04
mexico_2023_quality_trash,https://www.inegi.org.mx/contenidos/programas/encig/2021/doc/encig21_estructura_base_datos.pdf,encig21_estructura_base_datos.pdf,codebook,ENCIG,2021,"INEGI ENCIG 2021 'Estructura de la base de datos' for the 2021 rows the build script stacks (encig2021_* CSVs, renamed to 2023 names via RENAME_2021); it lists all 4 2021 source variables: p4_5_1-3 p4_5a",2026-10-04
mexico_2023_quality_trash,https://www.inegi.org.mx/contenidos/programas/encig/2023/doc/encig23_estructura_base_datos.pdf,encig23_estructura_base_datos.pdf,codebook,ENCIG,2023,"INEGI ENCIG 2023 'Estructura de la base de datos' (section 3 'Diccionario de datos', tables encig2023_01_sec1_A_3_4_5_8_9_10 and encig2023_01_sec_11, which the build script reads as CSV); it lists all 4 of the table's items: p4_5_1-3 p4_5a",2026-10-04
mexico_2023_quality_trash,https://www.inegi.org.mx/contenidos/programas/encig/2021/doc/encig21_cuestionario.pdf,encig21_cuestionario.pdf,questionnaire,ENCIG,2021,"ENCIG 2021's own Cuestionario General, for the table's 2021 rows; the cover reads 'ENCUESTA NACIONAL DE CALIDAD E IMPACTO GUBERNAMENTAL ENCIG 2021 CUESTIONARIO GENERAL'",2026-10-04
mexico_2023_quality_trash,https://www.inegi.org.mx/contenidos/programas/encig/2023/doc/encig23_cuestionario.pdf,encig23_cuestionario.pdf,questionnaire,ENCIG,2023,ENCIG 2023's own Cuestionario General; the cover reads 'ENCUESTA NACIONAL DE CALIDAD E IMPACTO GUBERNAMENTAL ENCIG 2023 CUESTIONARIO GENERAL',2026-10-04
mexico_2023_quality_university,https://www.inegi.org.mx/contenidos/programas/encig/2021/doc/encig21_estructura_base_datos.pdf,encig21_estructura_base_datos.pdf,codebook,ENCIG,2021,"INEGI ENCIG 2021 'Estructura de la base de datos' for the 2021 rows the build script stacks (encig2021_* CSVs, renamed to 2023 names via RENAME_2021); it lists all 9 2021 source variables: p5_3_1-8 p5_3a",2026-10-04
mexico_2023_quality_university,https://www.inegi.org.mx/contenidos/programas/encig/2023/doc/encig23_estructura_base_datos.pdf,encig23_estructura_base_datos.pdf,codebook,ENCIG,2023,"INEGI ENCIG 2023 'Estructura de la base de datos' (section 3 'Diccionario de datos', tables encig2023_01_sec1_A_3_4_5_8_9_10 and encig2023_01_sec_11, which the build script reads as CSV); it lists all 9 of the table's items: p5_3_1-8 p5_3a",2026-10-04
mexico_2023_quality_university,https://www.inegi.org.mx/contenidos/programas/encig/2021/doc/encig21_cuestionario.pdf,encig21_cuestionario.pdf,questionnaire,ENCIG,2021,"ENCIG 2021's own Cuestionario General, for the table's 2021 rows; the cover reads 'ENCUESTA NACIONAL DE CALIDAD E IMPACTO GUBERNAMENTAL ENCIG 2021 CUESTIONARIO GENERAL'",2026-10-04
mexico_2023_quality_university,https://www.inegi.org.mx/contenidos/programas/encig/2023/doc/encig23_cuestionario.pdf,encig23_cuestionario.pdf,questionnaire,ENCIG,2023,ENCIG 2023's own Cuestionario General; the cover reads 'ENCUESTA NACIONAL DE CALIDAD E IMPACTO GUBERNAMENTAL ENCIG 2023 CUESTIONARIO GENERAL',2026-10-04
mexico_2023_quality_water,https://www.inegi.org.mx/contenidos/programas/encig/2021/doc/encig21_estructura_base_datos.pdf,encig21_estructura_base_datos.pdf,codebook,ENCIG,2021,"INEGI ENCIG 2021 'Estructura de la base de datos' for the 2021 rows the build script stacks (encig2021_* CSVs, renamed to 2023 names via RENAME_2021); it lists all 8 2021 source variables: p4_1_1-7 p4_1a",2026-10-04
mexico_2023_quality_water,https://www.inegi.org.mx/contenidos/programas/encig/2023/doc/encig23_estructura_base_datos.pdf,encig23_estructura_base_datos.pdf,codebook,ENCIG,2023,"INEGI ENCIG 2023 'Estructura de la base de datos' (section 3 'Diccionario de datos', tables encig2023_01_sec1_A_3_4_5_8_9_10 and encig2023_01_sec_11, which the build script reads as CSV); it lists all 8 of the table's items: p4_1_1-7 p4_1a",2026-10-04
mexico_2023_quality_water,https://www.inegi.org.mx/contenidos/programas/encig/2021/doc/encig21_cuestionario.pdf,encig21_cuestionario.pdf,questionnaire,ENCIG,2021,"ENCIG 2021's own Cuestionario General, for the table's 2021 rows; the cover reads 'ENCUESTA NACIONAL DE CALIDAD E IMPACTO GUBERNAMENTAL ENCIG 2021 CUESTIONARIO GENERAL'",2026-10-04
mexico_2023_quality_water,https://www.inegi.org.mx/contenidos/programas/encig/2023/doc/encig23_cuestionario.pdf,encig23_cuestionario.pdf,questionnaire,ENCIG,2023,ENCIG 2023's own Cuestionario General; the cover reads 'ENCUESTA NACIONAL DE CALIDAD E IMPACTO GUBERNAMENTAL ENCIG 2023 CUESTIONARIO GENERAL',2026-10-04
mexico_2023_quality_wellbeing,https://www.inegi.org.mx/contenidos/programas/encig/2021/doc/encig21_estructura_base_datos.pdf,encig21_estructura_base_datos.pdf,codebook,ENCIG,2021,"INEGI ENCIG 2021 'Estructura de la base de datos' for the 2021 rows the build script stacks (encig2021_* CSVs, renamed to 2023 names via RENAME_2021); it lists all 12 2021 source variables: p5_5_1-11 p5_5a",2026-10-04
mexico_2023_quality_wellbeing,https://www.inegi.org.mx/contenidos/programas/encig/2023/doc/encig23_estructura_base_datos.pdf,encig23_estructura_base_datos.pdf,codebook,ENCIG,2023,"INEGI ENCIG 2023 'Estructura de la base de datos' (section 3 'Diccionario de datos', tables encig2023_01_sec1_A_3_4_5_8_9_10 and encig2023_01_sec_11, which the build script reads as CSV); it lists all 12 of the table's items: p5_5_01-11 p5_5a",2026-10-04
mexico_2023_quality_wellbeing,https://www.inegi.org.mx/contenidos/programas/encig/2021/doc/encig21_cuestionario.pdf,encig21_cuestionario.pdf,questionnaire,ENCIG,2021,"ENCIG 2021's own Cuestionario General, for the table's 2021 rows; the cover reads 'ENCUESTA NACIONAL DE CALIDAD E IMPACTO GUBERNAMENTAL ENCIG 2021 CUESTIONARIO GENERAL'",2026-10-04
mexico_2023_quality_wellbeing,https://www.inegi.org.mx/contenidos/programas/encig/2023/doc/encig23_cuestionario.pdf,encig23_cuestionario.pdf,questionnaire,ENCIG,2023,ENCIG 2023's own Cuestionario General; the cover reads 'ENCUESTA NACIONAL DE CALIDAD E IMPACTO GUBERNAMENTAL ENCIG 2023 CUESTIONARIO GENERAL',2026-10-04
mexico_2023_quality_wellbeingservice,https://www.inegi.org.mx/contenidos/programas/encig/2023/doc/encig23_estructura_base_datos.pdf,encig23_estructura_base_datos.pdf,codebook,ENCIG,2023,"INEGI ENCIG 2023 'Estructura de la base de datos' (section 3 'Diccionario de datos', tables encig2023_01_sec1_A_3_4_5_8_9_10 and encig2023_01_sec_11, which the build script reads as CSV); it lists all 12 of the table's items: p5_7_01-11 p5_7a",2026-10-04
mexico_2023_quality_wellbeingservice,https://www.inegi.org.mx/contenidos/programas/encig/2023/doc/encig23_cuestionario.pdf,encig23_cuestionario.pdf,questionnaire,ENCIG,2023,ENCIG 2023's own Cuestionario General; the cover reads 'ENCUESTA NACIONAL DE CALIDAD E IMPACTO GUBERNAMENTAL ENCIG 2023 CUESTIONARIO GENERAL',2026-10-04
mexico_2024_q1safety_conflicts,https://www.inegi.org.mx/contenidos/programas/ensu/datosabiertos/conjunto_de_datos_ensu_2024_1t_csv.zip,conjunto_de_datos_ensu_cb_0324/diccionario_de_datos/diccionario_de_datos_ensu_cb_0324.csv (inside conjunto_de_datos_ensu_2024_1t_csv.zip),codebook,ENSU,2024-Q1,"ENSU 2024 trimestre 1 open-data zip (~3 MB), the same zip that holds conjunto_de_datos_ensu_cb_0324.csv which the build script reads; its data dictionary (with catalogos/ per-variable code lists) lists all 37 of the table's items: bp2_1 bp2_2_01-18 bp2_3_1-7 bp2_4_01-11",2026-10-04
mexico_2024_q1safety_conflicts,https://www.inegi.org.mx/contenidos/programas/ensu/doc/ensu2024_cuest_principal.zip,ensu2024_cuest_principal/ensu2024_trim1_cuest_principal.pdf (inside ensu2024_cuest_principal.zip),questionnaire,ENSU,2024-Q1,ENSU's own Cuestionario Principal for this quarter; the cover reads 'Encuesta Nacional de Seguridad Pública Urbana (ENSU) 01 - 2024 Cuestionario Principal',2026-10-04
mexico_2024_q1safety_govperformance,https://www.inegi.org.mx/contenidos/programas/ensu/datosabiertos/conjunto_de_datos_ensu_2024_1t_csv.zip,conjunto_de_datos_ensu_cb_0324/diccionario_de_datos/diccionario_de_datos_ensu_cb_0324.csv (inside conjunto_de_datos_ensu_2024_1t_csv.zip),codebook,ENSU,2024-Q1,"ENSU 2024 trimestre 1 open-data zip (~3 MB), the same zip that holds conjunto_de_datos_ensu_cb_0324.csv which the build script reads; its data dictionary (with catalogos/ per-variable code lists) lists all 19 of the table's items: bp3_1_01-16 bp3_1_99 bp3_2 bp3_2a",2026-10-04
mexico_2024_q1safety_govperformance,https://www.inegi.org.mx/contenidos/programas/ensu/doc/ensu2024_cuest_principal.zip,ensu2024_cuest_principal/ensu2024_trim1_cuest_principal.pdf (inside ensu2024_cuest_principal.zip),questionnaire,ENSU,2024-Q1,ENSU's own Cuestionario Principal for this quarter; the cover reads 'Encuesta Nacional de Seguridad Pública Urbana (ENSU) 01 - 2024 Cuestionario Principal',2026-10-04
mexico_2024_q1safety_govtrust,https://www.inegi.org.mx/contenidos/programas/ensu/datosabiertos/conjunto_de_datos_ensu_2024_1t_csv.zip,conjunto_de_datos_ensu_cb_0324/diccionario_de_datos/diccionario_de_datos_ensu_cb_0324.csv (inside conjunto_de_datos_ensu_2024_1t_csv.zip),codebook,ENSU,2024-Q1,"ENSU 2024 trimestre 1 open-data zip (~3 MB), the same zip that holds conjunto_de_datos_ensu_cb_0324.csv which the build script reads; its data dictionary (with catalogos/ per-variable code lists) lists all 3 of the table's items: bp4_1_1-3",2026-10-04
mexico_2024_q1safety_govtrust,https://www.inegi.org.mx/contenidos/programas/ensu/doc/ensu2024_cuest_principal.zip,ensu2024_cuest_principal/ensu2024_trim1_cuest_principal.pdf (inside ensu2024_cuest_principal.zip),questionnaire,ENSU,2024-Q1,ENSU's own Cuestionario Principal for this quarter; the cover reads 'Encuesta Nacional de Seguridad Pública Urbana (ENSU) 01 - 2024 Cuestionario Principal',2026-10-04
mexico_2024_q1safety_perception,https://www.inegi.org.mx/contenidos/programas/ensu/datosabiertos/conjunto_de_datos_ensu_2024_1t_csv.zip,conjunto_de_datos_ensu_cb_0324/diccionario_de_datos/diccionario_de_datos_ensu_cb_0324.csv (inside conjunto_de_datos_ensu_2024_1t_csv.zip),codebook,ENSU,2024-Q1,"ENSU 2024 trimestre 1 open-data zip (~3 MB), the same zip that holds conjunto_de_datos_ensu_cb_0324.csv which the build script reads; its data dictionary (with catalogos/ per-variable code lists) lists all 59 of the table's items: bp1_1 bp1_2_01-12 bp1_3 bp1_4_1-8 bp1_5_1-5 bp1_6_01-13 bp1_6_99 bp1_7_1-6 bp1_8_1-6 bp1_9_1-6",2026-10-04
mexico_2024_q1safety_perception,https://www.inegi.org.mx/contenidos/programas/ensu/doc/ensu2024_cuest_principal.zip,ensu2024_cuest_principal/ensu2024_trim1_cuest_principal.pdf (inside ensu2024_cuest_principal.zip),questionnaire,ENSU,2024-Q1,ENSU's own Cuestionario Principal for this quarter; the cover reads 'Encuesta Nacional de Seguridad Pública Urbana (ENSU) 01 - 2024 Cuestionario Principal',2026-10-04
mexico_2024_q2safety_conflicts,https://www.inegi.org.mx/contenidos/programas/ensu/datosabiertos/conjunto_de_datos_ensu_2024_2t_csv.zip,conjunto_de_datos_ensu_cb_0624/diccionario_de_datos/diccionario_de_datos_ensu_cb_0624.csv (inside conjunto_de_datos_ensu_2024_2t_csv.zip),codebook,ENSU,2024-Q2,"ENSU 2024 trimestre 2 open-data zip (~3 MB), the same zip that holds conjunto_de_datos_ensu_cb_0624.csv which the build script reads; its data dictionary (with catalogos/ per-variable code lists) lists all 37 of the table's items: bp2_1 bp2_2_01-18 bp2_3_1-7 bp2_4_01-11",2026-10-04
mexico_2024_q2safety_conflicts,https://www.inegi.org.mx/contenidos/programas/ensu/doc/ensu2024_cuest_principal.zip,ensu2024_cuest_principal/ensu2024_trim2_cuest_principal.pdf (inside ensu2024_cuest_principal.zip),questionnaire,ENSU,2024-Q2,ENSU's own Cuestionario Principal for this quarter; the cover reads 'Encuesta Nacional de Seguridad Pública Urbana (ENSU) 02 - 2024 Cuestionario Principal',2026-10-04
mexico_2024_q2safety_govperformance,https://www.inegi.org.mx/contenidos/programas/ensu/datosabiertos/conjunto_de_datos_ensu_2024_2t_csv.zip,conjunto_de_datos_ensu_cb_0624/diccionario_de_datos/diccionario_de_datos_ensu_cb_0624.csv (inside conjunto_de_datos_ensu_2024_2t_csv.zip),codebook,ENSU,2024-Q2,"ENSU 2024 trimestre 2 open-data zip (~3 MB), the same zip that holds conjunto_de_datos_ensu_cb_0624.csv which the build script reads; its data dictionary (with catalogos/ per-variable code lists) lists all 23 of the table's items: bp3_1_01-16 bp3_1_99 bp3_2 bp3_2a bp3_3 bp3_4 bp3_5 bp3_6",2026-10-04
mexico_2024_q2safety_govperformance,https://www.inegi.org.mx/contenidos/programas/ensu/doc/ensu2024_cuest_principal.zip,ensu2024_cuest_principal/ensu2024_trim2_cuest_principal.pdf (inside ensu2024_cuest_principal.zip),questionnaire,ENSU,2024-Q2,ENSU's own Cuestionario Principal for this quarter; the cover reads 'Encuesta Nacional de Seguridad Pública Urbana (ENSU) 02 - 2024 Cuestionario Principal',2026-10-04
mexico_2024_q2safety_harassment,https://www.inegi.org.mx/contenidos/programas/ensu/datosabiertos/conjunto_de_datos_ensu_2024_2t_csv.zip,conjunto_de_datos_ensu_cb_0624/diccionario_de_datos/diccionario_de_datos_ensu_cb_0624.csv (inside conjunto_de_datos_ensu_2024_2t_csv.zip),codebook,ENSU,2024-Q2,"ENSU 2024 trimestre 2 open-data zip (~3 MB), the same zip that holds conjunto_de_datos_ensu_cb_0624.csv which the build script reads; its data dictionary (with catalogos/ per-variable code lists) lists all 9 of the table's items: bp4_1_1-9",2026-10-04
mexico_2024_q2safety_harassment,https://www.inegi.org.mx/contenidos/programas/ensu/doc/ensu2024_cuest_principal.zip,ensu2024_cuest_principal/ensu2024_trim2_cuest_principal.pdf (inside ensu2024_cuest_principal.zip),questionnaire,ENSU,2024-Q2,ENSU's own Cuestionario Principal for this quarter; the cover reads 'Encuesta Nacional de Seguridad Pública Urbana (ENSU) 02 - 2024 Cuestionario Principal',2026-10-04
mexico_2024_q2safety_perception,https://www.inegi.org.mx/contenidos/programas/ensu/datosabiertos/conjunto_de_datos_ensu_2024_2t_csv.zip,conjunto_de_datos_ensu_cb_0624/diccionario_de_datos/diccionario_de_datos_ensu_cb_0624.csv (inside conjunto_de_datos_ensu_2024_2t_csv.zip),codebook,ENSU,2024-Q2,"ENSU 2024 trimestre 2 open-data zip (~3 MB), the same zip that holds conjunto_de_datos_ensu_cb_0624.csv which the build script reads; its data dictionary (with catalogos/ per-variable code lists) lists all 51 of the table's items: bp1_1 bp1_2_01-12 bp1_3 bp1_4_1-8 bp1_5_1-5 bp1_6_1-6 bp1_7_1-6 bp1_8_1-6 bp1_9_1-6",2026-10-04
mexico_2024_q2safety_perception,https://www.inegi.org.mx/contenidos/programas/ensu/doc/ensu2024_cuest_principal.zip,ensu2024_cuest_principal/ensu2024_trim2_cuest_principal.pdf (inside ensu2024_cuest_principal.zip),questionnaire,ENSU,2024-Q2,ENSU's own Cuestionario Principal for this quarter; the cover reads 'Encuesta Nacional de Seguridad Pública Urbana (ENSU) 02 - 2024 Cuestionario Principal',2026-10-04
mexico_2024_q3safety_conflicts,https://www.inegi.org.mx/contenidos/programas/ensu/datosabiertos/conjunto_de_datos_ensu_2024_3t_csv.zip,conjunto_de_datos_ensu_cb_0924/diccionario_de_datos/diccionario_de_datos_ensu_cb_0924.csv (inside conjunto_de_datos_ensu_2024_3t_csv.zip),codebook,ENSU,2024-Q3,"ENSU 2024 trimestre 3 open-data zip (~3 MB), the same zip that holds conjunto_de_datos_ensu_cb_0924.csv which the build script reads; its data dictionary (with catalogos/ per-variable code lists) lists all 37 of the table's items: bp2_1 bp2_2_01-18 bp2_3_1-7 bp2_4_01-11",2026-10-04
mexico_2024_q3safety_conflicts,https://www.inegi.org.mx/contenidos/programas/ensu/doc/ensu2024_cuest_principal.zip,ensu2024_cuest_principal/ensu2024_trim3_cuest_principal.pdf (inside ensu2024_cuest_principal.zip),questionnaire,ENSU,2024-Q3,ENSU's own Cuestionario Principal for this quarter; the cover reads 'Encuesta Nacional de Seguridad Pública Urbana (ENSU) 03 - 2024 Cuestionario Principal',2026-10-04
mexico_2024_q3safety_govperformance,https://www.inegi.org.mx/contenidos/programas/ensu/datosabiertos/conjunto_de_datos_ensu_2024_3t_csv.zip,conjunto_de_datos_ensu_cb_0924/diccionario_de_datos/diccionario_de_datos_ensu_cb_0924.csv (inside conjunto_de_datos_ensu_2024_3t_csv.zip),codebook,ENSU,2024-Q3,"ENSU 2024 trimestre 3 open-data zip (~3 MB), the same zip that holds conjunto_de_datos_ensu_cb_0924.csv which the build script reads; its data dictionary (with catalogos/ per-variable code lists) lists all 19 of the table's items: bp3_1_01-16 bp3_1_99 bp3_2 bp3_2a",2026-10-04
mexico_2024_q3safety_govperformance,https://www.inegi.org.mx/contenidos/programas/ensu/doc/ensu2024_cuest_principal.zip,ensu2024_cuest_principal/ensu2024_trim3_cuest_principal.pdf (inside ensu2024_cuest_principal.zip),questionnaire,ENSU,2024-Q3,ENSU's own Cuestionario Principal for this quarter; the cover reads 'Encuesta Nacional de Seguridad Pública Urbana (ENSU) 03 - 2024 Cuestionario Principal',2026-10-04
mexico_2024_q3safety_govtrust,https://www.inegi.org.mx/contenidos/programas/ensu/datosabiertos/conjunto_de_datos_ensu_2024_3t_csv.zip,conjunto_de_datos_ensu_cb_0924/diccionario_de_datos/diccionario_de_datos_ensu_cb_0924.csv (inside conjunto_de_datos_ensu_2024_3t_csv.zip),codebook,ENSU,2024-Q3,"ENSU 2024 trimestre 3 open-data zip (~3 MB), the same zip that holds conjunto_de_datos_ensu_cb_0924.csv which the build script reads; its data dictionary (with catalogos/ per-variable code lists) lists all 3 of the table's items: bp5_1_1-3",2026-10-04
mexico_2024_q3safety_govtrust,https://www.inegi.org.mx/contenidos/programas/ensu/doc/ensu2024_cuest_principal.zip,ensu2024_cuest_principal/ensu2024_trim3_cuest_principal.pdf (inside ensu2024_cuest_principal.zip),questionnaire,ENSU,2024-Q3,ENSU's own Cuestionario Principal for this quarter; the cover reads 'Encuesta Nacional de Seguridad Pública Urbana (ENSU) 03 - 2024 Cuestionario Principal',2026-10-04
mexico_2024_q3safety_perception,https://www.inegi.org.mx/contenidos/programas/ensu/datosabiertos/conjunto_de_datos_ensu_2024_3t_csv.zip,conjunto_de_datos_ensu_cb_0924/diccionario_de_datos/diccionario_de_datos_ensu_cb_0924.csv (inside conjunto_de_datos_ensu_2024_3t_csv.zip),codebook,ENSU,2024-Q3,"ENSU 2024 trimestre 3 open-data zip (~3 MB), the same zip that holds conjunto_de_datos_ensu_cb_0924.csv which the build script reads; its data dictionary (with catalogos/ per-variable code lists) lists all 59 of the table's items: bp1_1 bp1_2_01-12 bp1_3 bp1_4_1-8 bp1_5_1-5 bp1_6_01-13 bp1_6_99 bp1_7_1-6 bp1_8_1-6 bp1_9_1-6",2026-10-04
mexico_2024_q3safety_perception,https://www.inegi.org.mx/contenidos/programas/ensu/doc/ensu2024_cuest_principal.zip,ensu2024_cuest_principal/ensu2024_trim3_cuest_principal.pdf (inside ensu2024_cuest_principal.zip),questionnaire,ENSU,2024-Q3,ENSU's own Cuestionario Principal for this quarter; the cover reads 'Encuesta Nacional de Seguridad Pública Urbana (ENSU) 03 - 2024 Cuestionario Principal',2026-10-04
mexico_2024_q3safety_violence,https://www.inegi.org.mx/contenidos/programas/ensu/datosabiertos/conjunto_de_datos_ensu_2024_3t_csv.zip,conjunto_de_datos_ensu_cb_0924/diccionario_de_datos/diccionario_de_datos_ensu_cb_0924.csv (inside conjunto_de_datos_ensu_2024_3t_csv.zip),codebook,ENSU,2024-Q3,"ENSU 2024 trimestre 3 open-data zip (~3 MB), the same zip that holds conjunto_de_datos_ensu_cb_0924.csv which the build script reads; its data dictionary (with catalogos/ per-variable code lists) lists all 6 of the table's items: bp4_3_1-6",2026-10-04
mexico_2024_q3safety_violence,https://www.inegi.org.mx/contenidos/programas/ensu/doc/ensu2024_cuest_principal.zip,ensu2024_cuest_principal/ensu2024_trim3_cuest_principal.pdf (inside ensu2024_cuest_principal.zip),questionnaire,ENSU,2024-Q3,ENSU's own Cuestionario Principal for this quarter; the cover reads 'Encuesta Nacional de Seguridad Pública Urbana (ENSU) 03 - 2024 Cuestionario Principal',2026-10-04
mexico_2024_q4safety_conflicts,https://www.inegi.org.mx/contenidos/programas/ensu/datosabiertos/conjunto_de_datos_ensu_2024_4t_csv.zip,conjunto_de_datos_ensu_cb_1224/diccionario_de_datos/diccionario_de_datos_ensu_cb_1224.csv (inside conjunto_de_datos_ensu_2024_4t_csv.zip),codebook,ENSU,2024-Q4,"ENSU 2024 trimestre 4 open-data zip (~3 MB), the same zip that holds conjunto_de_datos_ensu_cb_1224.csv which the build script reads; its data dictionary (with catalogos/ per-variable code lists) lists all 37 of the table's items: bp2_1 bp2_2_01-18 bp2_3_1-7 bp2_4_01-11",2026-10-04
mexico_2024_q4safety_conflicts,https://www.inegi.org.mx/contenidos/programas/ensu/doc/ensu2024_cuest_principal.zip,ensu2024_cuest_principal/ensu2024_trim4_cuest_principal.pdf (inside ensu2024_cuest_principal.zip),questionnaire,ENSU,2024-Q4,ENSU's own Cuestionario Principal for this quarter; the cover reads 'Encuesta Nacional de Seguridad Pública Urbana (ENSU) 04 - 2024 Cuestionario Principal',2026-10-04
mexico_2024_q4safety_govperformance,https://www.inegi.org.mx/contenidos/programas/ensu/datosabiertos/conjunto_de_datos_ensu_2024_4t_csv.zip,conjunto_de_datos_ensu_cb_1224/diccionario_de_datos/diccionario_de_datos_ensu_cb_1224.csv (inside conjunto_de_datos_ensu_2024_4t_csv.zip),codebook,ENSU,2024-Q4,"ENSU 2024 trimestre 4 open-data zip (~3 MB), the same zip that holds conjunto_de_datos_ensu_cb_1224.csv which the build script reads; its data dictionary (with catalogos/ per-variable code lists) lists all 23 of the table's items: bp3_1_01-16 bp3_1_99 bp3_2 bp3_2a bp3_3 bp3_4 bp3_5 bp3_6",2026-10-04
mexico_2024_q4safety_govperformance,https://www.inegi.org.mx/contenidos/programas/ensu/doc/ensu2024_cuest_principal.zip,ensu2024_cuest_principal/ensu2024_trim4_cuest_principal.pdf (inside ensu2024_cuest_principal.zip),questionnaire,ENSU,2024-Q4,ENSU's own Cuestionario Principal for this quarter; the cover reads 'Encuesta Nacional de Seguridad Pública Urbana (ENSU) 04 - 2024 Cuestionario Principal',2026-10-04
mexico_2024_q4safety_harassment,https://www.inegi.org.mx/contenidos/programas/ensu/datosabiertos/conjunto_de_datos_ensu_2024_4t_csv.zip,conjunto_de_datos_ensu_cb_1224/diccionario_de_datos/diccionario_de_datos_ensu_cb_1224.csv (inside conjunto_de_datos_ensu_2024_4t_csv.zip),codebook,ENSU,2024-Q4,"ENSU 2024 trimestre 4 open-data zip (~3 MB), the same zip that holds conjunto_de_datos_ensu_cb_1224.csv which the build script reads; its data dictionary (with catalogos/ per-variable code lists) lists all 9 of the table's items: bp4_1_1-9",2026-10-04
mexico_2024_q4safety_harassment,https://www.inegi.org.mx/contenidos/programas/ensu/doc/ensu2024_cuest_principal.zip,ensu2024_cuest_principal/ensu2024_trim4_cuest_principal.pdf (inside ensu2024_cuest_principal.zip),questionnaire,ENSU,2024-Q4,ENSU's own Cuestionario Principal for this quarter; the cover reads 'Encuesta Nacional de Seguridad Pública Urbana (ENSU) 04 - 2024 Cuestionario Principal',2026-10-04
mexico_2024_q4safety_perception,https://www.inegi.org.mx/contenidos/programas/ensu/datosabiertos/conjunto_de_datos_ensu_2024_4t_csv.zip,conjunto_de_datos_ensu_cb_1224/diccionario_de_datos/diccionario_de_datos_ensu_cb_1224.csv (inside conjunto_de_datos_ensu_2024_4t_csv.zip),codebook,ENSU,2024-Q4,"ENSU 2024 trimestre 4 open-data zip (~3 MB), the same zip that holds conjunto_de_datos_ensu_cb_1224.csv which the build script reads; its data dictionary (with catalogos/ per-variable code lists) lists all 53 of the table's items: bp1_1 bp1_2_01-12 bp1_3 bp1_4_1-8 bp1_5_1-5 bp1_6_1-8 bp1_7_1-6 bp1_8_1-6 bp1_9_1-6",2026-10-04
mexico_2024_q4safety_perception,https://www.inegi.org.mx/contenidos/programas/ensu/doc/ensu2024_cuest_principal.zip,ensu2024_cuest_principal/ensu2024_trim4_cuest_principal.pdf (inside ensu2024_cuest_principal.zip),questionnaire,ENSU,2024-Q4,ENSU's own Cuestionario Principal for this quarter; the cover reads 'Encuesta Nacional de Seguridad Pública Urbana (ENSU) 04 - 2024 Cuestionario Principal',2026-10-04
mexico_2025_q1safety_conflicts,https://www.inegi.org.mx/contenidos/programas/ensu/datosabiertos/conjunto_de_datos_ensu_2025_1t_csv.zip,conjunto_de_datos_ensu_cb_0325/diccionario_de_datos/diccionario_de_datos_ensu_cb_0325.csv (inside conjunto_de_datos_ensu_2025_1t_csv.zip),codebook,ENSU,2025-Q1,"ENSU 2025 trimestre 1 open-data zip (~3 MB), the same zip that holds conjunto_de_datos_ensu_cb_0325.csv which the build script reads; its data dictionary (with catalogos/ per-variable code lists) lists all 37 of the table's items: bp2_1 bp2_2_01-18 bp2_3_1-7 bp2_4_01-11",2026-10-04
mexico_2025_q1safety_conflicts,https://www.inegi.org.mx/contenidos/programas/ensu/doc/ensu2025_cuest_principal.zip,ensu2025_cuest_principal/ensu2025_trim1_cuest_principal.pdf (inside ensu2025_cuest_principal.zip),questionnaire,ENSU,2025-Q1,ENSU's own Cuestionario Principal for this quarter; the cover reads 'Encuesta Nacional de Seguridad Pública Urbana (ENSU) 01 - 2025 Cuestionario Principal',2026-10-04
mexico_2025_q1safety_govperformance,https://www.inegi.org.mx/contenidos/programas/ensu/datosabiertos/conjunto_de_datos_ensu_2025_1t_csv.zip,conjunto_de_datos_ensu_cb_0325/diccionario_de_datos/diccionario_de_datos_ensu_cb_0325.csv (inside conjunto_de_datos_ensu_2025_1t_csv.zip),codebook,ENSU,2025-Q1,"ENSU 2025 trimestre 1 open-data zip (~3 MB), the same zip that holds conjunto_de_datos_ensu_cb_0325.csv which the build script reads; its data dictionary (with catalogos/ per-variable code lists) lists all 19 of the table's items: bp3_1_01-16 bp3_1_99 bp3_2 bp3_2a",2026-10-04
mexico_2025_q1safety_govperformance,https://www.inegi.org.mx/contenidos/programas/ensu/doc/ensu2025_cuest_principal.zip,ensu2025_cuest_principal/ensu2025_trim1_cuest_principal.pdf (inside ensu2025_cuest_principal.zip),questionnaire,ENSU,2025-Q1,ENSU's own Cuestionario Principal for this quarter; the cover reads 'Encuesta Nacional de Seguridad Pública Urbana (ENSU) 01 - 2025 Cuestionario Principal',2026-10-04
mexico_2025_q1safety_govtrust,https://www.inegi.org.mx/contenidos/programas/ensu/datosabiertos/conjunto_de_datos_ensu_2025_1t_csv.zip,conjunto_de_datos_ensu_cb_0325/diccionario_de_datos/diccionario_de_datos_ensu_cb_0325.csv (inside conjunto_de_datos_ensu_2025_1t_csv.zip),codebook,ENSU,2025-Q1,"ENSU 2025 trimestre 1 open-data zip (~3 MB), the same zip that holds conjunto_de_datos_ensu_cb_0325.csv which the build script reads; its data dictionary (with catalogos/ per-variable code lists) lists all 3 of the table's items: bp4_1_1-3",2026-10-04
mexico_2025_q1safety_govtrust,https://www.inegi.org.mx/contenidos/programas/ensu/doc/ensu2025_cuest_principal.zip,ensu2025_cuest_principal/ensu2025_trim1_cuest_principal.pdf (inside ensu2025_cuest_principal.zip),questionnaire,ENSU,2025-Q1,ENSU's own Cuestionario Principal for this quarter; the cover reads 'Encuesta Nacional de Seguridad Pública Urbana (ENSU) 01 - 2025 Cuestionario Principal',2026-10-04
mexico_2025_q1safety_perception,https://www.inegi.org.mx/contenidos/programas/ensu/datosabiertos/conjunto_de_datos_ensu_2025_1t_csv.zip,conjunto_de_datos_ensu_cb_0325/diccionario_de_datos/diccionario_de_datos_ensu_cb_0325.csv (inside conjunto_de_datos_ensu_2025_1t_csv.zip),codebook,ENSU,2025-Q1,"ENSU 2025 trimestre 1 open-data zip (~3 MB), the same zip that holds conjunto_de_datos_ensu_cb_0325.csv which the build script reads; its data dictionary (with catalogos/ per-variable code lists) lists all 59 of the table's items: bp1_1 bp1_2_01-12 bp1_3 bp1_4_1-8 bp1_5_1-5 bp1_6_01-13 bp1_6_99 bp1_7_1-6 bp1_8_1-6 bp1_9_1-6",2026-10-04
mexico_2025_q1safety_perception,https://www.inegi.org.mx/contenidos/programas/ensu/doc/ensu2025_cuest_principal.zip,ensu2025_cuest_principal/ensu2025_trim1_cuest_principal.pdf (inside ensu2025_cuest_principal.zip),questionnaire,ENSU,2025-Q1,ENSU's own Cuestionario Principal for this quarter; the cover reads 'Encuesta Nacional de Seguridad Pública Urbana (ENSU) 01 - 2025 Cuestionario Principal',2026-10-04
mexico_2025_q2safety_conflicts,https://www.inegi.org.mx/contenidos/programas/ensu/datosabiertos/conjunto_de_datos_ensu_2025_2t_csv.zip,conjunto_de_datos_ensu_cb_0625/diccionario_de_datos/diccionario_de_datos_ensu_cb_0625.csv (inside conjunto_de_datos_ensu_2025_2t_csv.zip),codebook,ENSU,2025-Q2,"ENSU 2025 trimestre 2 open-data zip (~3 MB), the same zip that holds conjunto_de_datos_ensu_cb_0625.csv which the build script reads; its data dictionary (with catalogos/ per-variable code lists) lists all 37 of the table's items: bp2_1 bp2_2_01-18 bp2_3_1-7 bp2_4_01-11",2026-10-04
mexico_2025_q2safety_conflicts,https://www.inegi.org.mx/contenidos/programas/ensu/doc/ensu2025_cuest_principal.zip,ensu2025_cuest_principal/ensu2025_trim2_cuest_principal.pdf (inside ensu2025_cuest_principal.zip),questionnaire,ENSU,2025-Q2,ENSU's own Cuestionario Principal for this quarter; the cover reads 'Encuesta Nacional de Seguridad Pública Urbana (ENSU) 02 - 2025 Cuestionario Principal',2026-10-04
mexico_2025_q2safety_govperformance,https://www.inegi.org.mx/contenidos/programas/ensu/datosabiertos/conjunto_de_datos_ensu_2025_2t_csv.zip,conjunto_de_datos_ensu_cb_0625/diccionario_de_datos/diccionario_de_datos_ensu_cb_0625.csv (inside conjunto_de_datos_ensu_2025_2t_csv.zip),codebook,ENSU,2025-Q2,"ENSU 2025 trimestre 2 open-data zip (~3 MB), the same zip that holds conjunto_de_datos_ensu_cb_0625.csv which the build script reads; its data dictionary (with catalogos/ per-variable code lists) lists all 23 of the table's items: bp3_1_01-16 bp3_1_99 bp3_2 bp3_2a bp3_3 bp3_4 bp3_5 bp3_6",2026-10-04
mexico_2025_q2safety_govperformance,https://www.inegi.org.mx/contenidos/programas/ensu/doc/ensu2025_cuest_principal.zip,ensu2025_cuest_principal/ensu2025_trim2_cuest_principal.pdf (inside ensu2025_cuest_principal.zip),questionnaire,ENSU,2025-Q2,ENSU's own Cuestionario Principal for this quarter; the cover reads 'Encuesta Nacional de Seguridad Pública Urbana (ENSU) 02 - 2025 Cuestionario Principal',2026-10-04
mexico_2025_q2safety_harassment,https://www.inegi.org.mx/contenidos/programas/ensu/datosabiertos/conjunto_de_datos_ensu_2025_2t_csv.zip,conjunto_de_datos_ensu_cb_0625/diccionario_de_datos/diccionario_de_datos_ensu_cb_0625.csv (inside conjunto_de_datos_ensu_2025_2t_csv.zip),codebook,ENSU,2025-Q2,"ENSU 2025 trimestre 2 open-data zip (~3 MB), the same zip that holds conjunto_de_datos_ensu_cb_0625.csv which the build script reads; its data dictionary (with catalogos/ per-variable code lists) lists all 9 of the table's items: bp4_1_1-9",2026-10-04
mexico_2025_q2safety_harassment,https://www.inegi.org.mx/contenidos/programas/ensu/doc/ensu2025_cuest_principal.zip,ensu2025_cuest_principal/ensu2025_trim2_cuest_principal.pdf (inside ensu2025_cuest_principal.zip),questionnaire,ENSU,2025-Q2,ENSU's own Cuestionario Principal for this quarter; the cover reads 'Encuesta Nacional de Seguridad Pública Urbana (ENSU) 02 - 2025 Cuestionario Principal',2026-10-04
mexico_2025_q2safety_perception,https://www.inegi.org.mx/contenidos/programas/ensu/datosabiertos/conjunto_de_datos_ensu_2025_2t_csv.zip,conjunto_de_datos_ensu_cb_0625/diccionario_de_datos/diccionario_de_datos_ensu_cb_0625.csv (inside conjunto_de_datos_ensu_2025_2t_csv.zip),codebook,ENSU,2025-Q2,"ENSU 2025 trimestre 2 open-data zip (~3 MB), the same zip that holds conjunto_de_datos_ensu_cb_0625.csv which the build script reads; its data dictionary (with catalogos/ per-variable code lists) lists all 53 of the table's items: bp1_1 bp1_2_01-12 bp1_3 bp1_4_1-8 bp1_5_1-5 bp1_6_1-8 bp1_7_1-6 bp1_8_1-6 bp1_9_1-6",2026-10-04
mexico_2025_q2safety_perception,https://www.inegi.org.mx/contenidos/programas/ensu/doc/ensu2025_cuest_principal.zip,ensu2025_cuest_principal/ensu2025_trim2_cuest_principal.pdf (inside ensu2025_cuest_principal.zip),questionnaire,ENSU,2025-Q2,ENSU's own Cuestionario Principal for this quarter; the cover reads 'Encuesta Nacional de Seguridad Pública Urbana (ENSU) 02 - 2025 Cuestionario Principal',2026-10-04
mexico_2025_q3safety_conflicts,https://www.inegi.org.mx/contenidos/programas/ensu/datosabiertos/conjunto_de_datos_ensu_2025_3t_csv.zip,conjunto_de_datos_ensu_cb_0925/diccionario_de_datos/diccionario_de_datos_ensu_cb_0925.csv (inside conjunto_de_datos_ensu_2025_3t_csv.zip),codebook,ENSU,2025-Q3,"ENSU 2025 trimestre 3 open-data zip (~3 MB), the same zip that holds conjunto_de_datos_ensu_cb_0925.csv which the build script reads; its data dictionary (with catalogos/ per-variable code lists) lists all 37 of the table's items: bp2_1 bp2_2_01-18 bp2_3_1-7 bp2_4_01-11",2026-10-04
mexico_2025_q3safety_conflicts,https://www.inegi.org.mx/contenidos/programas/ensu/doc/ensu2025_cuest_principal.zip,ensu2025_cuest_principal/ensu2025_trim3_cuest_principal.pdf (inside ensu2025_cuest_principal.zip),questionnaire,ENSU,2025-Q3,ENSU's own Cuestionario Principal for this quarter; the cover reads 'Encuesta Nacional de Seguridad Pública Urbana (ENSU) 03 - 2025 Cuestionario Principal',2026-10-04
mexico_2025_q3safety_govperformance,https://www.inegi.org.mx/contenidos/programas/ensu/datosabiertos/conjunto_de_datos_ensu_2025_3t_csv.zip,conjunto_de_datos_ensu_cb_0925/diccionario_de_datos/diccionario_de_datos_ensu_cb_0925.csv (inside conjunto_de_datos_ensu_2025_3t_csv.zip),codebook,ENSU,2025-Q3,"ENSU 2025 trimestre 3 open-data zip (~3 MB), the same zip that holds conjunto_de_datos_ensu_cb_0925.csv which the build script reads; its data dictionary (with catalogos/ per-variable code lists) lists all 19 of the table's items: bp3_1_01-16 bp3_1_99 bp3_2 bp3_2a",2026-10-04
mexico_2025_q3safety_govperformance,https://www.inegi.org.mx/contenidos/programas/ensu/doc/ensu2025_cuest_principal.zip,ensu2025_cuest_principal/ensu2025_trim3_cuest_principal.pdf (inside ensu2025_cuest_principal.zip),questionnaire,ENSU,2025-Q3,ENSU's own Cuestionario Principal for this quarter; the cover reads 'Encuesta Nacional de Seguridad Pública Urbana (ENSU) 03 - 2025 Cuestionario Principal',2026-10-04
mexico_2025_q3safety_govtrust,https://www.inegi.org.mx/contenidos/programas/ensu/datosabiertos/conjunto_de_datos_ensu_2025_3t_csv.zip,conjunto_de_datos_ensu_cb_0925/diccionario_de_datos/diccionario_de_datos_ensu_cb_0925.csv (inside conjunto_de_datos_ensu_2025_3t_csv.zip),codebook,ENSU,2025-Q3,"ENSU 2025 trimestre 3 open-data zip (~3 MB), the same zip that holds conjunto_de_datos_ensu_cb_0925.csv which the build script reads; its data dictionary (with catalogos/ per-variable code lists) lists all 3 of the table's items: bp5_1_1-3",2026-10-04
mexico_2025_q3safety_govtrust,https://www.inegi.org.mx/contenidos/programas/ensu/doc/ensu2025_cuest_principal.zip,ensu2025_cuest_principal/ensu2025_trim3_cuest_principal.pdf (inside ensu2025_cuest_principal.zip),questionnaire,ENSU,2025-Q3,ENSU's own Cuestionario Principal for this quarter; the cover reads 'Encuesta Nacional de Seguridad Pública Urbana (ENSU) 03 - 2025 Cuestionario Principal',2026-10-04
mexico_2025_q3safety_perception,https://www.inegi.org.mx/contenidos/programas/ensu/datosabiertos/conjunto_de_datos_ensu_2025_3t_csv.zip,conjunto_de_datos_ensu_cb_0925/diccionario_de_datos/diccionario_de_datos_ensu_cb_0925.csv (inside conjunto_de_datos_ensu_2025_3t_csv.zip),codebook,ENSU,2025-Q3,"ENSU 2025 trimestre 3 open-data zip (~3 MB), the same zip that holds conjunto_de_datos_ensu_cb_0925.csv which the build script reads; its data dictionary (with catalogos/ per-variable code lists) lists all 59 of the table's items: bp1_1 bp1_2_01-12 bp1_3 bp1_4_1-8 bp1_5_1-5 bp1_6_01-13 bp1_6_99 bp1_7_1-6 bp1_8_1-6 bp1_9_1-6",2026-10-04
mexico_2025_q3safety_perception,https://www.inegi.org.mx/contenidos/programas/ensu/doc/ensu2025_cuest_principal.zip,ensu2025_cuest_principal/ensu2025_trim3_cuest_principal.pdf (inside ensu2025_cuest_principal.zip),questionnaire,ENSU,2025-Q3,ENSU's own Cuestionario Principal for this quarter; the cover reads 'Encuesta Nacional de Seguridad Pública Urbana (ENSU) 03 - 2025 Cuestionario Principal',2026-10-04
mexico_2025_q3safety_violence,https://www.inegi.org.mx/contenidos/programas/ensu/datosabiertos/conjunto_de_datos_ensu_2025_3t_csv.zip,conjunto_de_datos_ensu_cb_0925/diccionario_de_datos/diccionario_de_datos_ensu_cb_0925.csv (inside conjunto_de_datos_ensu_2025_3t_csv.zip),codebook,ENSU,2025-Q3,"ENSU 2025 trimestre 3 open-data zip (~3 MB), the same zip that holds conjunto_de_datos_ensu_cb_0925.csv which the build script reads; its data dictionary (with catalogos/ per-variable code lists) lists all 6 of the table's items: bp4_3_1-6",2026-10-04
mexico_2025_q3safety_violence,https://www.inegi.org.mx/contenidos/programas/ensu/doc/ensu2025_cuest_principal.zip,ensu2025_cuest_principal/ensu2025_trim3_cuest_principal.pdf (inside ensu2025_cuest_principal.zip),questionnaire,ENSU,2025-Q3,ENSU's own Cuestionario Principal for this quarter; the cover reads 'Encuesta Nacional de Seguridad Pública Urbana (ENSU) 03 - 2025 Cuestionario Principal',2026-10-04
mexico_2025_q4safety_conflicts,https://www.inegi.org.mx/contenidos/programas/ensu/datosabiertos/conjunto_de_datos_ensu_2025_4t_csv.zip,conjunto_de_datos_ensu_cb_1225/diccionario_de_datos/diccionario_de_datos_ensu_cb_1225.csv (inside conjunto_de_datos_ensu_2025_4t_csv.zip),codebook,ENSU,2025-Q4,"ENSU 2025 trimestre 4 open-data zip (~3 MB), the same zip that holds conjunto_de_datos_ensu_cb_1225.csv which the build script reads; its data dictionary (with catalogos/ per-variable code lists) lists all 37 of the table's items: bp2_1 bp2_2_01-18 bp2_3_1-7 bp2_4_01-11",2026-10-04
mexico_2025_q4safety_conflicts,https://www.inegi.org.mx/contenidos/programas/ensu/doc/ensu2025_cuest_principal.zip,ensu2025_cuest_principal/ensu2025_trim4_cuest_principal.pdf (inside ensu2025_cuest_principal.zip),questionnaire,ENSU,2025-Q4,ENSU's own Cuestionario Principal for this quarter; the cover reads 'Encuesta Nacional de Seguridad Pública Urbana (ENSU) 04 - 2025 Cuestionario Principal',2026-10-04
mexico_2025_q4safety_govperformance,https://www.inegi.org.mx/contenidos/programas/ensu/datosabiertos/conjunto_de_datos_ensu_2025_4t_csv.zip,conjunto_de_datos_ensu_cb_1225/diccionario_de_datos/diccionario_de_datos_ensu_cb_1225.csv (inside conjunto_de_datos_ensu_2025_4t_csv.zip),codebook,ENSU,2025-Q4,"ENSU 2025 trimestre 4 open-data zip (~3 MB), the same zip that holds conjunto_de_datos_ensu_cb_1225.csv which the build script reads; its data dictionary (with catalogos/ per-variable code lists) lists all 23 of the table's items: bp3_1_01-16 bp3_1_99 bp3_2 bp3_2a bp3_3 bp3_4 bp3_5 bp3_6",2026-10-04
mexico_2025_q4safety_govperformance,https://www.inegi.org.mx/contenidos/programas/ensu/doc/ensu2025_cuest_principal.zip,ensu2025_cuest_principal/ensu2025_trim4_cuest_principal.pdf (inside ensu2025_cuest_principal.zip),questionnaire,ENSU,2025-Q4,ENSU's own Cuestionario Principal for this quarter; the cover reads 'Encuesta Nacional de Seguridad Pública Urbana (ENSU) 04 - 2025 Cuestionario Principal',2026-10-04
mexico_2025_q4safety_harassment,https://www.inegi.org.mx/contenidos/programas/ensu/datosabiertos/conjunto_de_datos_ensu_2025_4t_csv.zip,conjunto_de_datos_ensu_cb_1225/diccionario_de_datos/diccionario_de_datos_ensu_cb_1225.csv (inside conjunto_de_datos_ensu_2025_4t_csv.zip),codebook,ENSU,2025-Q4,"ENSU 2025 trimestre 4 open-data zip (~3 MB), the same zip that holds conjunto_de_datos_ensu_cb_1225.csv which the build script reads; its data dictionary (with catalogos/ per-variable code lists) lists all 9 of the table's items: bp4_1_1-9",2026-10-04
mexico_2025_q4safety_harassment,https://www.inegi.org.mx/contenidos/programas/ensu/doc/ensu2025_cuest_principal.zip,ensu2025_cuest_principal/ensu2025_trim4_cuest_principal.pdf (inside ensu2025_cuest_principal.zip),questionnaire,ENSU,2025-Q4,ENSU's own Cuestionario Principal for this quarter; the cover reads 'Encuesta Nacional de Seguridad Pública Urbana (ENSU) 04 - 2025 Cuestionario Principal',2026-10-04
mexico_2025_q4safety_perception,https://www.inegi.org.mx/contenidos/programas/ensu/datosabiertos/conjunto_de_datos_ensu_2025_4t_csv.zip,conjunto_de_datos_ensu_cb_1225/diccionario_de_datos/diccionario_de_datos_ensu_cb_1225.csv (inside conjunto_de_datos_ensu_2025_4t_csv.zip),codebook,ENSU,2025-Q4,"ENSU 2025 trimestre 4 open-data zip (~3 MB), the same zip that holds conjunto_de_datos_ensu_cb_1225.csv which the build script reads; its data dictionary (with catalogos/ per-variable code lists) lists all 53 of the table's items: bp1_1 bp1_2_01-12 bp1_3 bp1_4_1-8 bp1_5_1-5 bp1_6_1-8 bp1_7_1-6 bp1_8_1-6 bp1_9_1-6",2026-10-04
mexico_2025_q4safety_perception,https://www.inegi.org.mx/contenidos/programas/ensu/doc/ensu2025_cuest_principal.zip,ensu2025_cuest_principal/ensu2025_trim4_cuest_principal.pdf (inside ensu2025_cuest_principal.zip),questionnaire,ENSU,2025-Q4,ENSU's own Cuestionario Principal for this quarter; the cover reads 'Encuesta Nacional de Seguridad Pública Urbana (ENSU) 04 - 2025 Cuestionario Principal',2026-10-04
paraguay_2021_mobility_mobility,https://www.ine.gov.py/microdatos/register/AMA2021/CUESTIONARIO%20AMA%202021.pdf,CUESTIONARIO AMA 2021.pdf,questionnaire,AMA mobility,2021,"Questionnaire headed 'Encuesta de Movilidad, Área Metropolitana de Asunción', listed as 'Cuestionario AMA 2021' on INE's microdatos page (the document prints no year); question 708 rates the 13 bus-system aspects (Frecuencia ... Paradas de buses) that the build script keeps as IdCalif* from Hábito.csv",2026-10-04
paraguay_2021_women_childhood,https://www.ine.gov.py/microdatos/register/ENSIMUP/Diccionario%20ENSIMUP_2021.xls,Diccionario ENSIMUP_2021.xls,codebook,ENSIMUP,2021,"INE Paraguay 'Encuesta Nacional sobre Situación de las Mujeres en Paraguay, Diccionario de variables', the dictionary listed under ENSIMUP 2021 (the survey's only wave); its ARCHIVO list matches the register CSVs the build script reads (REG08A) and it covers the table's items P801-P804",2026-10-04
paraguay_2021_women_childhood,https://www.ine.gov.py/microdatos/register/ENSIMUP/CUESTIONARIO_ENSIMUP.pdf,CUESTIONARIO_ENSIMUP.pdf,questionnaire,ENSIMUP,2021,"Questionnaire headed 'Encuesta Nacional sobre Situación de las Mujeres en Paraguay', listed as the ENSIMUP 2021 cuestionario on INE's microdatos page (the document itself prints no year); holds questions P801-P804",2026-10-04
paraguay_2021_women_control,https://www.ine.gov.py/microdatos/register/ENSIMUP/Diccionario%20ENSIMUP_2021.xls,Diccionario ENSIMUP_2021.xls,codebook,ENSIMUP,2021,"INE Paraguay 'Encuesta Nacional sobre Situación de las Mujeres en Paraguay, Diccionario de variables', the dictionary listed under ENSIMUP 2021 (the survey's only wave); its ARCHIVO list matches the register CSVs the build script reads (REG10A/REG10B) and it covers the table's items P1002 and P1005",2026-10-04
paraguay_2021_women_control,https://www.ine.gov.py/microdatos/register/ENSIMUP/CUESTIONARIO_ENSIMUP.pdf,CUESTIONARIO_ENSIMUP.pdf,questionnaire,ENSIMUP,2021,"Questionnaire headed 'Encuesta Nacional sobre Situación de las Mujeres en Paraguay', listed as the ENSIMUP 2021 cuestionario on INE's microdatos page (the document itself prints no year); holds questions P1002 and P1005",2026-10-04
paraguay_2021_women_family,https://www.ine.gov.py/microdatos/register/ENSIMUP/Diccionario%20ENSIMUP_2021.xls,Diccionario ENSIMUP_2021.xls,codebook,ENSIMUP,2021,"INE Paraguay 'Encuesta Nacional sobre Situación de las Mujeres en Paraguay, Diccionario de variables', the dictionary listed under ENSIMUP 2021 (the survey's only wave); its ARCHIVO list matches the register CSVs the build script reads (REG07A) and it covers the table's items P701C",2026-10-04
paraguay_2021_women_family,https://www.ine.gov.py/microdatos/register/ENSIMUP/CUESTIONARIO_ENSIMUP.pdf,CUESTIONARIO_ENSIMUP.pdf,questionnaire,ENSIMUP,2021,"Questionnaire headed 'Encuesta Nacional sobre Situación de las Mujeres en Paraguay', listed as the ENSIMUP 2021 cuestionario on INE's microdatos page (the document itself prints no year); holds questions P701C",2026-10-04
paraguay_2021_women_justification,https://www.ine.gov.py/microdatos/register/ENSIMUP/Diccionario%20ENSIMUP_2021.xls,Diccionario ENSIMUP_2021.xls,codebook,ENSIMUP,2021,"INE Paraguay 'Encuesta Nacional sobre Situación de las Mujeres en Paraguay, Diccionario de variables', the dictionary listed under ENSIMUP 2021 (the survey's only wave); its ARCHIVO list matches the register CSVs the build script reads (REG12A) and it covers the table's items P1203A-P1203D",2026-10-04
paraguay_2021_women_justification,https://www.ine.gov.py/microdatos/register/ENSIMUP/CUESTIONARIO_ENSIMUP.pdf,CUESTIONARIO_ENSIMUP.pdf,questionnaire,ENSIMUP,2021,"Questionnaire headed 'Encuesta Nacional sobre Situación de las Mujeres en Paraguay', listed as the ENSIMUP 2021 cuestionario on INE's microdatos page (the document itself prints no year); holds questions P1203A-P1203D",2026-10-04
paraguay_2021_women_laws,https://www.ine.gov.py/microdatos/register/ENSIMUP/Diccionario%20ENSIMUP_2021.xls,Diccionario ENSIMUP_2021.xls,codebook,ENSIMUP,2021,"INE Paraguay 'Encuesta Nacional sobre Situación de las Mujeres en Paraguay, Diccionario de variables', the dictionary listed under ENSIMUP 2021 (the survey's only wave); its ARCHIVO list matches the register CSVs the build script reads (REG12A) and it covers the table's items P1205A-P1205C",2026-10-04
paraguay_2021_women_laws,https://www.ine.gov.py/microdatos/register/ENSIMUP/CUESTIONARIO_ENSIMUP.pdf,CUESTIONARIO_ENSIMUP.pdf,questionnaire,ENSIMUP,2021,"Questionnaire headed 'Encuesta Nacional sobre Situación de las Mujeres en Paraguay', listed as the ENSIMUP 2021 cuestionario on INE's microdatos page (the document itself prints no year); holds questions P1205A-P1205C",2026-10-04
paraguay_2021_women_partner,https://www.ine.gov.py/microdatos/register/ENSIMUP/Diccionario%20ENSIMUP_2021.xls,Diccionario ENSIMUP_2021.xls,codebook,ENSIMUP,2021,"INE Paraguay 'Encuesta Nacional sobre Situación de las Mujeres en Paraguay, Diccionario de variables', the dictionary listed under ENSIMUP 2021 (the survey's only wave); its ARCHIVO list matches the register CSVs the build script reads (REG10C/REG10D) and it covers the table's items P1007 and P1011",2026-10-04
paraguay_2021_women_partner,https://www.ine.gov.py/microdatos/register/ENSIMUP/CUESTIONARIO_ENSIMUP.pdf,CUESTIONARIO_ENSIMUP.pdf,questionnaire,ENSIMUP,2021,"Questionnaire headed 'Encuesta Nacional sobre Situación de las Mujeres en Paraguay', listed as the ENSIMUP 2021 cuestionario on INE's microdatos page (the document itself prints no year); holds questions P1007 and P1011",2026-10-04
paraguay_2021_women_permission,https://www.ine.gov.py/microdatos/register/ENSIMUP/Diccionario%20ENSIMUP_2021.xls,Diccionario ENSIMUP_2021.xls,codebook,ENSIMUP,2021,"INE Paraguay 'Encuesta Nacional sobre Situación de las Mujeres en Paraguay, Diccionario de variables', the dictionary listed under ENSIMUP 2021 (the survey's only wave); its ARCHIVO list matches the register CSVs the build script reads (REG11A) and it covers the table's items P1120A-P1120F",2026-10-04
paraguay_2021_women_permission,https://www.ine.gov.py/microdatos/register/ENSIMUP/CUESTIONARIO_ENSIMUP.pdf,CUESTIONARIO_ENSIMUP.pdf,questionnaire,ENSIMUP,2021,"Questionnaire headed 'Encuesta Nacional sobre Situación de las Mujeres en Paraguay', listed as the ENSIMUP 2021 cuestionario on INE's microdatos page (the document itself prints no year); holds questions P1120A-P1120F",2026-10-04
paraguay_2021_women_public,https://www.ine.gov.py/microdatos/register/ENSIMUP/Diccionario%20ENSIMUP_2021.xls,Diccionario ENSIMUP_2021.xls,codebook,ENSIMUP,2021,"INE Paraguay 'Encuesta Nacional sobre Situación de las Mujeres en Paraguay, Diccionario de variables', the dictionary listed under ENSIMUP 2021 (the survey's only wave); its ARCHIVO list matches the register CSVs the build script reads (REG06A) and it covers the table's items P601A",2026-10-04
paraguay_2021_women_public,https://www.ine.gov.py/microdatos/register/ENSIMUP/CUESTIONARIO_ENSIMUP.pdf,CUESTIONARIO_ENSIMUP.pdf,questionnaire,ENSIMUP,2021,"Questionnaire headed 'Encuesta Nacional sobre Situación de las Mujeres en Paraguay', listed as the ENSIMUP 2021 cuestionario on INE's microdatos page (the document itself prints no year); holds questions P601A",2026-10-04
paraguay_2021_women_roles,https://www.ine.gov.py/microdatos/register/ENSIMUP/Diccionario%20ENSIMUP_2021.xls,Diccionario ENSIMUP_2021.xls,codebook,ENSIMUP,2021,"INE Paraguay 'Encuesta Nacional sobre Situación de las Mujeres en Paraguay, Diccionario de variables', the dictionary listed under ENSIMUP 2021 (the survey's only wave); its ARCHIVO list matches the register CSVs the build script reads (REG12A) and it covers the table's items P1202A-P1202F",2026-10-04
paraguay_2021_women_roles,https://www.ine.gov.py/microdatos/register/ENSIMUP/CUESTIONARIO_ENSIMUP.pdf,CUESTIONARIO_ENSIMUP.pdf,questionnaire,ENSIMUP,2021,"Questionnaire headed 'Encuesta Nacional sobre Situación de las Mujeres en Paraguay', listed as the ENSIMUP 2021 cuestionario on INE's microdatos page (the document itself prints no year); holds questions P1202A-P1202F",2026-10-04
spain_2011_immigrant_catalan,https://www.cis.es/documents/20117/1555121/MD2913.zip,codigo2913.pdf (inside MD2913.zip),codebook,CIS,2913,CIS study 2913 (Encuesta a población inmigrante): the build script reads ES2913; the PDF is headed 'CÓDIGO ESTUDIO 2.913' and covers the table's items p40a01 p40a02 p40a03 p40a04 p40a05 p40a06,2026-10-04
spain_2011_immigrant_catalan,https://www.cis.es/documents/20117/1555121/cues2913.pdf.zip,cues2913Bar.pdf and cues2913Mad.pdf (inside cues2913.pdf.zip),questionnaire,CIS,2913,"CIS study 2913's own questionnaire, listed on the study page; the cover's Nº ESTUDIO box reads 2913",2026-10-04
spain_2011_immigrant_citizenship,https://www.cis.es/documents/20117/1555121/MD2913.zip,codigo2913.pdf (inside MD2913.zip),codebook,CIS,2913,CIS study 2913 (Encuesta a población inmigrante): the build script reads ES2913; the PDF is headed 'CÓDIGO ESTUDIO 2.913' and covers the table's items p1301 p1302 p1303 p1304,2026-10-04
spain_2011_immigrant_citizenship,https://www.cis.es/documents/20117/1555121/cues2913.pdf.zip,cues2913Bar.pdf and cues2913Mad.pdf (inside cues2913.pdf.zip),questionnaire,CIS,2913,"CIS study 2913's own questionnaire, listed on the study page; the cover's Nº ESTUDIO box reads 2913",2026-10-04
spain_2011_immigrant_family,https://www.cis.es/documents/20117/1555121/MD2913.zip,codigo2913.pdf (inside MD2913.zip),codebook,CIS,2913,CIS study 2913 (Encuesta a población inmigrante): the build script reads ES2913; the PDF is headed 'CÓDIGO ESTUDIO 2.913' and covers the table's items p3401 p3402 p3403 p3404 p3405,2026-10-04
spain_2011_immigrant_family,https://www.cis.es/documents/20117/1555121/cues2913.pdf.zip,cues2913Bar.pdf and cues2913Mad.pdf (inside cues2913.pdf.zip),questionnaire,CIS,2913,"CIS study 2913's own questionnaire, listed on the study page; the cover's Nº ESTUDIO box reads 2913",2026-10-04
spain_2011_immigrant_naturalisation,https://www.cis.es/documents/20117/1555121/MD2913.zip,codigo2913.pdf (inside MD2913.zip),codebook,CIS,2913,CIS study 2913 (Encuesta a población inmigrante): the build script reads ES2913; the PDF is headed 'CÓDIGO ESTUDIO 2.913' and covers the table's items p1601 p1602 p1603 p1604,2026-10-04
spain_2011_immigrant_naturalisation,https://www.cis.es/documents/20117/1555121/cues2913.pdf.zip,cues2913Bar.pdf and cues2913Mad.pdf (inside cues2913.pdf.zip),questionnaire,CIS,2913,"CIS study 2913's own questionnaire, listed on the study page; the cover's Nº ESTUDIO box reads 2913",2026-10-04
spain_2011_immigrant_permit,https://www.cis.es/documents/20117/1555121/MD2913.zip,codigo2913.pdf (inside MD2913.zip),codebook,CIS,2913,CIS study 2913 (Encuesta a población inmigrante): the build script reads ES2913; the PDF is headed 'CÓDIGO ESTUDIO 2.913' and covers the table's items p2301 p2302 p2303 p2304,2026-10-04
spain_2011_immigrant_permit,https://www.cis.es/documents/20117/1555121/cues2913.pdf.zip,cues2913Bar.pdf and cues2913Mad.pdf (inside cues2913.pdf.zip),questionnaire,CIS,2913,"CIS study 2913's own questionnaire, listed on the study page; the cover's Nº ESTUDIO box reads 2913",2026-10-04
spain_2011_immigrant_representation,https://www.cis.es/documents/20117/1555121/MD2913.zip,codigo2913.pdf (inside MD2913.zip),codebook,CIS,2913,CIS study 2913 (Encuesta a población inmigrante): the build script reads ES2913; the PDF is headed 'CÓDIGO ESTUDIO 2.913' and covers the table's items p5901 p5902 p5903 p5904,2026-10-04
spain_2011_immigrant_representation,https://www.cis.es/documents/20117/1555121/cues2913.pdf.zip,cues2913Bar.pdf and cues2913Mad.pdf (inside cues2913.pdf.zip),questionnaire,CIS,2913,"CIS study 2913's own questionnaire, listed on the study page; the cover's Nº ESTUDIO box reads 2913",2026-10-04
spain_2011_immigrant_residence,https://www.cis.es/documents/20117/1555121/MD2913.zip,codigo2913.pdf (inside MD2913.zip),codebook,CIS,2913,CIS study 2913 (Encuesta a población inmigrante): the build script reads ES2913; the PDF is headed 'CÓDIGO ESTUDIO 2.913' and covers the table's items p2001 p2002 p2003 p2004,2026-10-04
spain_2011_immigrant_residence,https://www.cis.es/documents/20117/1555121/cues2913.pdf.zip,cues2913Bar.pdf and cues2913Mad.pdf (inside cues2913.pdf.zip),questionnaire,CIS,2913,"CIS study 2913's own questionnaire, listed on the study page; the cover's Nº ESTUDIO box reads 2913",2026-10-04
spain_2011_immigrant_reunification,https://www.cis.es/documents/20117/1555121/MD2913.zip,codigo2913.pdf (inside MD2913.zip),codebook,CIS,2913,CIS study 2913 (Encuesta a población inmigrante): the build script reads ES2913; the PDF is headed 'CÓDIGO ESTUDIO 2.913' and covers the table's items p3501 p3502 p3503 p3504 p3505,2026-10-04
spain_2011_immigrant_reunification,https://www.cis.es/documents/20117/1555121/cues2913.pdf.zip,cues2913Bar.pdf and cues2913Mad.pdf (inside cues2913.pdf.zip),questionnaire,CIS,2913,"CIS study 2913's own questionnaire, listed on the study page; the cover's Nº ESTUDIO box reads 2913",2026-10-04
spain_2011_immigrant_satisfaction,https://www.cis.es/documents/20117/1555121/MD2913.zip,codigo2913.pdf (inside MD2913.zip),codebook,CIS,2913,CIS study 2913 (Encuesta a población inmigrante): the build script reads ES2913; the PDF is headed 'CÓDIGO ESTUDIO 2.913' and covers the table's items p901 p902 p903 p904 p905 p906 p907,2026-10-04
spain_2011_immigrant_satisfaction,https://www.cis.es/documents/20117/1555121/cues2913.pdf.zip,cues2913Bar.pdf and cues2913Mad.pdf (inside cues2913.pdf.zip),questionnaire,CIS,2913,"CIS study 2913's own questionnaire, listed on the study page; the cover's Nº ESTUDIO box reads 2913",2026-10-04
spain_2011_immigrant_spanish,https://www.cis.es/documents/20117/1555121/MD2913.zip,codigo2913.pdf (inside MD2913.zip),codebook,CIS,2913,CIS study 2913 (Encuesta a población inmigrante): the build script reads ES2913; the PDF is headed 'CÓDIGO ESTUDIO 2.913' and covers the table's items p4001 p4002 p4003 p4004 p4005 p4006,2026-10-04
spain_2011_immigrant_spanish,https://www.cis.es/documents/20117/1555121/cues2913.pdf.zip,cues2913Bar.pdf and cues2913Mad.pdf (inside cues2913.pdf.zip),questionnaire,CIS,2913,"CIS study 2913's own questionnaire, listed on the study page; the cover's Nº ESTUDIO box reads 2913",2026-10-04
spain_2012_entrepreneurship_barriers,https://www.cis.es/documents/20117/1555236/MD2938.zip,codigo2938.pdf (inside MD2938.zip),codebook,CIS,2938,CIS study 2938 (Actitudes de la juventud en España hacia el emprendimiento): the build script reads ES2938; the PDF is headed 'CÓDIGO ESTUDIO 2.938' and covers the table's items p1701 p1702 p1703 p1704,2026-10-04
spain_2012_entrepreneurship_barriers,https://www.cis.es/documents/20117/1555236/cues2938pdf.pdf,cues2938pdf.pdf,questionnaire,CIS,2938,"CIS study 2938's own questionnaire, listed on the study page; the cover's Nº ESTUDIO box reads 2938",2026-10-04
spain_2012_entrepreneurship_economy,https://www.cis.es/documents/20117/1555236/MD2938.zip,codigo2938.pdf (inside MD2938.zip),codebook,CIS,2938,CIS study 2938 (Actitudes de la juventud en España hacia el emprendimiento): the build script reads ES2938; the PDF is headed 'CÓDIGO ESTUDIO 2.938' and covers the table's items p4 p5,2026-10-04
spain_2012_entrepreneurship_economy,https://www.cis.es/documents/20117/1555236/cues2938pdf.pdf,cues2938pdf.pdf,questionnaire,CIS,2938,"CIS study 2938's own questionnaire, listed on the study page; the cover's Nº ESTUDIO box reads 2938",2026-10-04
spain_2012_entrepreneurship_education,https://www.cis.es/documents/20117/1555236/MD2938.zip,codigo2938.pdf (inside MD2938.zip),codebook,CIS,2938,CIS study 2938 (Actitudes de la juventud en España hacia el emprendimiento): the build script reads ES2938; the PDF is headed 'CÓDIGO ESTUDIO 2.938' and covers the table's items p2101 p2102 p2103 p2104,2026-10-04
spain_2012_entrepreneurship_education,https://www.cis.es/documents/20117/1555236/cues2938pdf.pdf,cues2938pdf.pdf,questionnaire,CIS,2938,"CIS study 2938's own questionnaire, listed on the study page; the cover's Nº ESTUDIO box reads 2938",2026-10-04
spain_2012_entrepreneurship_friends,https://www.cis.es/documents/20117/1555236/MD2938.zip,codigo2938.pdf (inside MD2938.zip),codebook,CIS,2938,CIS study 2938 (Actitudes de la juventud en España hacia el emprendimiento): the build script reads ES2938; the PDF is headed 'CÓDIGO ESTUDIO 2.938' and covers the table's items p1201 p1202 p1203 p1204 p1205,2026-10-04
spain_2012_entrepreneurship_friends,https://www.cis.es/documents/20117/1555236/cues2938pdf.pdf,cues2938pdf.pdf,questionnaire,CIS,2938,"CIS study 2938's own questionnaire, listed on the study page; the cover's Nº ESTUDIO box reads 2938",2026-10-04
spain_2012_entrepreneurship_image,https://www.cis.es/documents/20117/1555236/MD2938.zip,codigo2938.pdf (inside MD2938.zip),codebook,CIS,2938,CIS study 2938 (Actitudes de la juventud en España hacia el emprendimiento): the build script reads ES2938; the PDF is headed 'CÓDIGO ESTUDIO 2.938' and covers the table's items p1801 p1802 p1803 p1804 p1805 p1806,2026-10-04
spain_2012_entrepreneurship_image,https://www.cis.es/documents/20117/1555236/cues2938pdf.pdf,cues2938pdf.pdf,questionnaire,CIS,2938,"CIS study 2938's own questionnaire, listed on the study page; the cover's Nº ESTUDIO box reads 2938",2026-10-04
spain_2012_entrepreneurship_motives,https://www.cis.es/documents/20117/1555236/MD2938.zip,codigo2938.pdf (inside MD2938.zip),codebook,CIS,2938,CIS study 2938 (Actitudes de la juventud en España hacia el emprendimiento): the build script reads ES2938; the PDF is headed 'CÓDIGO ESTUDIO 2.938' and covers the table's items p14a01 p14a02 p14a03 p14a04 p14a05 p14a06 p14a07,2026-10-04
spain_2012_entrepreneurship_motives,https://www.cis.es/documents/20117/1555236/cues2938pdf.pdf,cues2938pdf.pdf,questionnaire,CIS,2938,"CIS study 2938's own questionnaire, listed on the study page; the cover's Nº ESTUDIO box reads 2938",2026-10-04
spain_2012_entrepreneurship_unemployment,https://www.cis.es/documents/20117/1555236/MD2938.zip,codigo2938.pdf (inside MD2938.zip),codebook,CIS,2938,CIS study 2938 (Actitudes de la juventud en España hacia el emprendimiento): the build script reads ES2938; the PDF is headed 'CÓDIGO ESTUDIO 2.938' and covers the table's items p701 p702 p703 p704 p705 p706 p707,2026-10-04
spain_2012_entrepreneurship_unemployment,https://www.cis.es/documents/20117/1555236/cues2938pdf.pdf,cues2938pdf.pdf,questionnaire,CIS,2938,"CIS study 2938's own questionnaire, listed on the study page; the cover's Nº ESTUDIO box reads 2938",2026-10-04
spain_2012_entrepreneurship_values,https://www.cis.es/documents/20117/1555236/MD2938.zip,codigo2938.pdf (inside MD2938.zip),codebook,CIS,2938,CIS study 2938 (Actitudes de la juventud en España hacia el emprendimiento): the build script reads ES2938; the PDF is headed 'CÓDIGO ESTUDIO 2.938' and covers the table's items p801 p802 p803 p804 p805 p806 p807 p808 p809 p810,2026-10-04
spain_2012_entrepreneurship_values,https://www.cis.es/documents/20117/1555236/cues2938pdf.pdf,cues2938pdf.pdf,questionnaire,CIS,2938,"CIS study 2938's own questionnaire, listed on the study page; the cover's Nº ESTUDIO box reads 2938",2026-10-04
spain_2012_gender_acceptability,https://www.cis.es/documents/20117/1555496/MD2968.zip,codigo2968.pdf (inside MD2968.zip),codebook,CIS,2968,CIS study 2968 (Percepción social de la violencia de género): the build script reads ES2968; the PDF is headed 'CÓDIGO ESTUDIO 2.968' and covers the table's items p501 p502 p503 p504 p505 p506 p507 p508 p509 p510 p511 p7,2026-10-04
spain_2012_gender_acceptability,https://www.cis.es/documents/20117/1555496/cues2968pdf.pdf,cues2968pdf.pdf,questionnaire,CIS,2968,"CIS study 2968's own questionnaire, listed on the study page; the cover's Nº ESTUDIO box reads 2968",2026-10-04
spain_2012_gender_beliefs,https://www.cis.es/documents/20117/1555496/MD2968.zip,codigo2968.pdf (inside MD2968.zip),codebook,CIS,2968,CIS study 2968 (Percepción social de la violencia de género): the build script reads ES2968; the PDF is headed 'CÓDIGO ESTUDIO 2.968' and covers the table's items p901 p902 p903 p904 p905 p906,2026-10-04
spain_2012_gender_beliefs,https://www.cis.es/documents/20117/1555496/cues2968pdf.pdf,cues2968pdf.pdf,questionnaire,CIS,2968,"CIS study 2968's own questionnaire, listed on the study page; the cover's Nº ESTUDIO box reads 2968",2026-10-04
spain_2012_gender_campaigns,https://www.cis.es/documents/20117/1555496/MD2968.zip,codigo2968.pdf (inside MD2968.zip),codebook,CIS,2968,CIS study 2968 (Percepción social de la violencia de género): the build script reads ES2968; the PDF is headed 'CÓDIGO ESTUDIO 2.968' and covers the table's items p20 p21,2026-10-04
spain_2012_gender_campaigns,https://www.cis.es/documents/20117/1555496/cues2968pdf.pdf,cues2968pdf.pdf,questionnaire,CIS,2968,"CIS study 2968's own questionnaire, listed on the study page; the cover's Nº ESTUDIO box reads 2968",2026-10-04
spain_2012_gender_causes,https://www.cis.es/documents/20117/1555496/MD2968.zip,codigo2968.pdf (inside MD2968.zip),codebook,CIS,2968,CIS study 2968 (Percepción social de la violencia de género): the build script reads ES2968; the PDF is headed 'CÓDIGO ESTUDIO 2.968' and covers the table's items p1201 p1202 p1203 p1204 p1205 p1206 p1207 p1208 p1209 p1210 p1211,2026-10-04
spain_2012_gender_causes,https://www.cis.es/documents/20117/1555496/cues2968pdf.pdf,cues2968pdf.pdf,questionnaire,CIS,2968,"CIS study 2968's own questionnaire, listed on the study page; the cover's Nº ESTUDIO box reads 2968",2026-10-04
spain_2012_gender_complaints,https://www.cis.es/documents/20117/1555496/MD2968.zip,codigo2968.pdf (inside MD2968.zip),codebook,CIS,2968,CIS study 2968 (Percepción social de la violencia de género): the build script reads ES2968; the PDF is headed 'CÓDIGO ESTUDIO 2.968' and covers the table's items p2601 p2602 p2603,2026-10-04
spain_2012_gender_complaints,https://www.cis.es/documents/20117/1555496/cues2968pdf.pdf,cues2968pdf.pdf,questionnaire,CIS,2968,"CIS study 2968's own questionnaire, listed on the study page; the cover's Nº ESTUDIO box reads 2968",2026-10-04
spain_2012_gender_coordination,https://www.cis.es/documents/20117/1555496/MD2968.zip,codigo2968.pdf (inside MD2968.zip),codebook,CIS,2968,CIS study 2968 (Percepción social de la violencia de género): the build script reads ES2968; the PDF is headed 'CÓDIGO ESTUDIO 2.968' and covers the table's items p1601 p1602 p1603 p1604,2026-10-04
spain_2012_gender_coordination,https://www.cis.es/documents/20117/1555496/cues2968pdf.pdf,cues2968pdf.pdf,questionnaire,CIS,2968,"CIS study 2968's own questionnaire, listed on the study page; the cover's Nº ESTUDIO box reads 2968",2026-10-04
spain_2012_gender_couple,https://www.cis.es/documents/20117/1555496/MD2968.zip,codigo2968.pdf (inside MD2968.zip),codebook,CIS,2968,CIS study 2968 (Percepción social de la violencia de género): the build script reads ES2968; the PDF is headed 'CÓDIGO ESTUDIO 2.968' and covers the table's items p301 p302 p303 p304 p305 p306 p307 p308 p309 p310 p311 p312,2026-10-04
spain_2012_gender_couple,https://www.cis.es/documents/20117/1555496/cues2968pdf.pdf,cues2968pdf.pdf,questionnaire,CIS,2968,"CIS study 2968's own questionnaire, listed on the study page; the cover's Nº ESTUDIO box reads 2968",2026-10-04
spain_2012_gender_custody,https://www.cis.es/documents/20117/1555496/MD2968.zip,codigo2968.pdf (inside MD2968.zip),codebook,CIS,2968,CIS study 2968 (Percepción social de la violencia de género): the build script reads ES2968; the PDF is headed 'CÓDIGO ESTUDIO 2.968' and covers the table's items p2701 p2702 p2703 p2704,2026-10-04
spain_2012_gender_custody,https://www.cis.es/documents/20117/1555496/cues2968pdf.pdf,cues2968pdf.pdf,questionnaire,CIS,2968,"CIS study 2968's own questionnaire, listed on the study page; the cover's Nº ESTUDIO box reads 2968",2026-10-04
spain_2012_gender_prevalence,https://www.cis.es/documents/20117/1555496/MD2968.zip,codigo2968.pdf (inside MD2968.zip),codebook,CIS,2968,CIS study 2968 (Percepción social de la violencia de género): the build script reads ES2968; the PDF is headed 'CÓDIGO ESTUDIO 2.968' and covers the table's items p601 p602 p603 p604,2026-10-04
spain_2012_gender_prevalence,https://www.cis.es/documents/20117/1555496/cues2968pdf.pdf,cues2968pdf.pdf,questionnaire,CIS,2968,"CIS study 2968's own questionnaire, listed on the study page; the cover's Nº ESTUDIO box reads 2968",2026-10-04
spain_2012_gender_punishment,https://www.cis.es/documents/20117/1555496/MD2968.zip,codigo2968.pdf (inside MD2968.zip),codebook,CIS,2968,CIS study 2968 (Percepción social de la violencia de género): the build script reads ES2968; the PDF is headed 'CÓDIGO ESTUDIO 2.968' and covers the table's items p1101 p1102 p1103 p1104 p1105,2026-10-04
spain_2012_gender_punishment,https://www.cis.es/documents/20117/1555496/cues2968pdf.pdf,cues2968pdf.pdf,questionnaire,CIS,2968,"CIS study 2968's own questionnaire, listed on the study page; the cover's Nº ESTUDIO box reads 2968",2026-10-04
spain_2012_gender_situation,https://www.cis.es/documents/20117/1555496/MD2968.zip,codigo2968.pdf (inside MD2968.zip),codebook,CIS,2968,CIS study 2968 (Percepción social de la violencia de género): the build script reads ES2968; the PDF is headed 'CÓDIGO ESTUDIO 2.968' and covers the table's items p201 p202 p203 p204 p205 p206 p207 p208,2026-10-04
spain_2012_gender_situation,https://www.cis.es/documents/20117/1555496/cues2968pdf.pdf,cues2968pdf.pdf,questionnaire,CIS,2968,"CIS study 2968's own questionnaire, listed on the study page; the cover's Nº ESTUDIO box reads 2968",2026-10-04
spain_2012_gender_vulnerability,https://www.cis.es/documents/20117/1555496/MD2968.zip,codigo2968.pdf (inside MD2968.zip),codebook,CIS,2968,CIS study 2968 (Percepción social de la violencia de género): the build script reads ES2968; the PDF is headed 'CÓDIGO ESTUDIO 2.968' and covers the table's items p1001 p1002 p1003 p1004 p1005,2026-10-04
spain_2012_gender_vulnerability,https://www.cis.es/documents/20117/1555496/cues2968pdf.pdf,cues2968pdf.pdf,questionnaire,CIS,2968,"CIS study 2968's own questionnaire, listed on the study page; the cover's Nº ESTUDIO box reads 2968",2026-10-04
spain_2012_reality_conversation,https://www.cis.es/documents/20117/1555521/MD2973.zip,"codigo2973tipoA.pdf and codigo2973tipoB.pdf (in codigo2973.zip, inside MD2973.zip)",codebook,CIS,2973,"CIS study 2973 (Conocimiento sobre la realidad sociopolítica y económica): the build script reads ES2973; the PDF is headed 'CÓDIGO ESTUDIO 2.973' and covers the table's items p34 p35; one codebook per questionnaire form (A, B), and the table pools both forms",2026-10-04
spain_2012_reality_conversation,https://www.cis.es/documents/20117/1555521/cues2973.pdf.zip,cues2973tipoA.pdf and cues2973tipoB.pdf (inside cues2973.pdf.zip),questionnaire,CIS,2973,"CIS study 2973's own questionnaire, listed on the study page; the cover's Nº ESTUDIO box reads 2973",2026-10-04
spain_2012_reality_logos,https://www.cis.es/documents/20117/1555521/MD2973.zip,"codigo2973tipoA.pdf and codigo2973tipoB.pdf (in codigo2973.zip, inside MD2973.zip)",codebook,CIS,2973,"CIS study 2973 (Conocimiento sobre la realidad sociopolítica y económica): the build script reads ES2973; the PDF is headed 'CÓDIGO ESTUDIO 2.973' and covers the table's items p1701 p1702 p1703; one codebook per questionnaire form (A, B), and the table pools both forms",2026-10-04
spain_2012_reality_logos,https://www.cis.es/documents/20117/1555521/cues2973.pdf.zip,cues2973tipoA.pdf and cues2973tipoB.pdf (inside cues2973.pdf.zip),questionnaire,CIS,2973,"CIS study 2973's own questionnaire, listed on the study page; the cover's Nº ESTUDIO box reads 2973",2026-10-04
spain_2012_reality_media,https://www.cis.es/documents/20117/1555521/MD2973.zip,"codigo2973tipoA.pdf and codigo2973tipoB.pdf (in codigo2973.zip, inside MD2973.zip)",codebook,CIS,2973,"CIS study 2973 (Conocimiento sobre la realidad sociopolítica y económica): the build script reads ES2973; the PDF is headed 'CÓDIGO ESTUDIO 2.973' and covers the table's items p1 p2 p3 p4 p5; one codebook per questionnaire form (A, B), and the table pools both forms",2026-10-04
spain_2012_reality_media,https://www.cis.es/documents/20117/1555521/cues2973.pdf.zip,cues2973tipoA.pdf and cues2973tipoB.pdf (inside cues2973.pdf.zip),questionnaire,CIS,2973,"CIS study 2973's own questionnaire, listed on the study page; the cover's Nº ESTUDIO box reads 2973",2026-10-04
spain_2012_reality_outlets,https://www.cis.es/documents/20117/1555521/MD2973.zip,"codigo2973tipoA.pdf and codigo2973tipoB.pdf (in codigo2973.zip, inside MD2973.zip)",codebook,CIS,2973,"CIS study 2973 (Conocimiento sobre la realidad sociopolítica y económica): the build script reads ES2973; the PDF is headed 'CÓDIGO ESTUDIO 2.973' and covers the table's items p601 p602 p603 p604 p605 p606 p607 p608 p609 p610 p611 p612 p613; one codebook per questionnaire form (A, B), and the table pools both forms",2026-10-04
spain_2012_reality_outlets,https://www.cis.es/documents/20117/1555521/cues2973.pdf.zip,cues2973tipoA.pdf and cues2973tipoB.pdf (inside cues2973.pdf.zip),questionnaire,CIS,2973,"CIS study 2973's own questionnaire, listed on the study page; the cover's Nº ESTUDIO box reads 2973",2026-10-04
spain_2012_reality_participation,https://www.cis.es/documents/20117/1555521/MD2973.zip,"codigo2973tipoA.pdf and codigo2973tipoB.pdf (in codigo2973.zip, inside MD2973.zip)",codebook,CIS,2973,"CIS study 2973 (Conocimiento sobre la realidad sociopolítica y económica): the build script reads ES2973; the PDF is headed 'CÓDIGO ESTUDIO 2.973' and covers the table's items p3601 p3602 p3603 p3604 p3605; one codebook per questionnaire form (A, B), and the table pools both forms",2026-10-04
spain_2012_reality_participation,https://www.cis.es/documents/20117/1555521/cues2973.pdf.zip,cues2973tipoA.pdf and cues2973tipoB.pdf (inside cues2973.pdf.zip),questionnaire,CIS,2973,"CIS study 2973's own questionnaire, listed on the study page; the cover's Nº ESTUDIO box reads 2973",2026-10-04
spain_2012_reality_personality,https://www.cis.es/documents/20117/1555521/MD2973.zip,"codigo2973tipoA.pdf and codigo2973tipoB.pdf (in codigo2973.zip, inside MD2973.zip)",codebook,CIS,2973,"CIS study 2973 (Conocimiento sobre la realidad sociopolítica y económica): the build script reads ES2973; the PDF is headed 'CÓDIGO ESTUDIO 2.973' and covers the table's items p3701 p3702 p3703 p3704 p3705 p3706 p3707 p3708 p3709 p3710; one codebook per questionnaire form (A, B), and the table pools both forms",2026-10-04
spain_2012_reality_personality,https://www.cis.es/documents/20117/1555521/cues2973.pdf.zip,cues2973tipoA.pdf and cues2973tipoB.pdf (inside cues2973.pdf.zip),questionnaire,CIS,2973,"CIS study 2973's own questionnaire, listed on the study page; the cover's Nº ESTUDIO box reads 2973",2026-10-04
spain_2012_reality_press,https://www.cis.es/documents/20117/1555521/MD2973.zip,"codigo2973tipoA.pdf and codigo2973tipoB.pdf (in codigo2973.zip, inside MD2973.zip)",codebook,CIS,2973,"CIS study 2973 (Conocimiento sobre la realidad sociopolítica y económica): the build script reads ES2973; the PDF is headed 'CÓDIGO ESTUDIO 2.973' and covers the table's items p5a01 p5a02 p5a03 p5a04 p5a05 p5a06 p5a07; one codebook per questionnaire form (A, B), and the table pools both forms",2026-10-04
spain_2012_reality_press,https://www.cis.es/documents/20117/1555521/cues2973.pdf.zip,cues2973tipoA.pdf and cues2973tipoB.pdf (inside cues2973.pdf.zip),questionnaire,CIS,2973,"CIS study 2973's own questionnaire, listed on the study page; the cover's Nº ESTUDIO box reads 2973",2026-10-04
spain_2012_reality_radio,https://www.cis.es/documents/20117/1555521/MD2973.zip,"codigo2973tipoA.pdf and codigo2973tipoB.pdf (in codigo2973.zip, inside MD2973.zip)",codebook,CIS,2973,"CIS study 2973 (Conocimiento sobre la realidad sociopolítica y económica): the build script reads ES2973; the PDF is headed 'CÓDIGO ESTUDIO 2.973' and covers the table's items p3a01 p3a02 p3a03 p3a04 p3a05 p3a06; one codebook per questionnaire form (A, B), and the table pools both forms",2026-10-04
spain_2012_reality_radio,https://www.cis.es/documents/20117/1555521/cues2973.pdf.zip,cues2973tipoA.pdf and cues2973tipoB.pdf (inside cues2973.pdf.zip),questionnaire,CIS,2973,"CIS study 2973's own questionnaire, listed on the study page; the cover's Nº ESTUDIO box reads 2973",2026-10-04
spain_2012_reality_situation,https://www.cis.es/documents/20117/1555521/MD2973.zip,"codigo2973tipoA.pdf and codigo2973tipoB.pdf (in codigo2973.zip, inside MD2973.zip)",codebook,CIS,2973,"CIS study 2973 (Conocimiento sobre la realidad sociopolítica y económica): the build script reads ES2973; the PDF is headed 'CÓDIGO ESTUDIO 2.973' and covers the table's items p19 p32; one codebook per questionnaire form (A, B), and the table pools both forms",2026-10-04
spain_2012_reality_situation,https://www.cis.es/documents/20117/1555521/cues2973.pdf.zip,cues2973tipoA.pdf and cues2973tipoB.pdf (inside cues2973.pdf.zip),questionnaire,CIS,2973,"CIS study 2973's own questionnaire, listed on the study page; the cover's Nº ESTUDIO box reads 2973",2026-10-04
spain_2012_reality_television,https://www.cis.es/documents/20117/1555521/MD2973.zip,"codigo2973tipoA.pdf and codigo2973tipoB.pdf (in codigo2973.zip, inside MD2973.zip)",codebook,CIS,2973,"CIS study 2973 (Conocimiento sobre la realidad sociopolítica y económica): the build script reads ES2973; the PDF is headed 'CÓDIGO ESTUDIO 2.973' and covers the table's items p1a01 p1a02 p1a03 p1a04 p1a05 p1a06 p1a07; one codebook per questionnaire form (A, B), and the table pools both forms",2026-10-04
spain_2012_reality_television,https://www.cis.es/documents/20117/1555521/cues2973.pdf.zip,cues2973tipoA.pdf and cues2973tipoB.pdf (inside cues2973.pdf.zip),questionnaire,CIS,2973,"CIS study 2973's own questionnaire, listed on the study page; the cover's Nº ESTUDIO box reads 2973",2026-10-04
spain_2013_defense_attractions,https://www.cis.es/documents/20117/1555046/MD2998.zip,codigo2998.pdf (inside MD2998.zip),codebook,CIS,2998,CIS study 2998 (La defensa nacional y las Fuerzas Armadas (X)): the build script reads ES2998; the PDF is headed 'CÓDIGO ESTUDIO 2.998' and covers the table's items p3601 p3602 p3603 p3604 p3605 p3606 p3607,2026-10-04
spain_2013_defense_attractions,https://www.cis.es/documents/20117/1555046/cues2998pdf.pdf,cues2998pdf.pdf,questionnaire,CIS,2998,"CIS study 2998's own questionnaire, listed on the study page; the cover's Nº ESTUDIO box reads 2998",2026-10-04
spain_2013_defense_capability,https://www.cis.es/documents/20117/1555046/MD2998.zip,codigo2998.pdf (inside MD2998.zip),codebook,CIS,2998,CIS study 2998 (La defensa nacional y las Fuerzas Armadas (X)): the build script reads ES2998; the PDF is headed 'CÓDIGO ESTUDIO 2.998' and covers the table's items p18 p20,2026-10-04
spain_2013_defense_capability,https://www.cis.es/documents/20117/1555046/cues2998pdf.pdf,cues2998pdf.pdf,questionnaire,CIS,2998,"CIS study 2998's own questionnaire, listed on the study page; the cover's Nº ESTUDIO box reads 2998",2026-10-04
spain_2013_defense_children,https://www.cis.es/documents/20117/1555046/MD2998.zip,codigo2998.pdf (inside MD2998.zip),codebook,CIS,2998,CIS study 2998 (La defensa nacional y las Fuerzas Armadas (X)): the build script reads ES2998; the PDF is headed 'CÓDIGO ESTUDIO 2.998' and covers the table's items p43 p44 p45 p46,2026-10-04
spain_2013_defense_children,https://www.cis.es/documents/20117/1555046/cues2998pdf.pdf,cues2998pdf.pdf,questionnaire,CIS,2998,"CIS study 2998's own questionnaire, listed on the study page; the cover's Nº ESTUDIO box reads 2998",2026-10-04
spain_2013_defense_conditions,https://www.cis.es/documents/20117/1555046/MD2998.zip,codigo2998.pdf (inside MD2998.zip),codebook,CIS,2998,CIS study 2998 (La defensa nacional y las Fuerzas Armadas (X)): the build script reads ES2998; the PDF is headed 'CÓDIGO ESTUDIO 2.998' and covers the table's items p3501 p3502 p3503 p3504 p3505 p3506 p3507 p3508,2026-10-04
spain_2013_defense_conditions,https://www.cis.es/documents/20117/1555046/cues2998pdf.pdf,cues2998pdf.pdf,questionnaire,CIS,2998,"CIS study 2998's own questionnaire, listed on the study page; the cover's Nº ESTUDIO box reads 2998",2026-10-04
spain_2013_defense_emotion,https://www.cis.es/documents/20117/1555046/MD2998.zip,codigo2998.pdf (inside MD2998.zip),codebook,CIS,2998,CIS study 2998 (La defensa nacional y las Fuerzas Armadas (X)): the build script reads ES2998; the PDF is headed 'CÓDIGO ESTUDIO 2.998' and covers the table's items p4 p5 p6,2026-10-04
spain_2013_defense_emotion,https://www.cis.es/documents/20117/1555046/cues2998pdf.pdf,cues2998pdf.pdf,questionnaire,CIS,2998,"CIS study 2998's own questionnaire, listed on the study page; the cover's Nº ESTUDIO box reads 2998",2026-10-04
spain_2013_defense_missions,https://www.cis.es/documents/20117/1555046/MD2998.zip,codigo2998.pdf (inside MD2998.zip),codebook,CIS,2998,CIS study 2998 (La defensa nacional y las Fuerzas Armadas (X)): the build script reads ES2998; the PDF is headed 'CÓDIGO ESTUDIO 2.998' and covers the table's items p3001 p3002 p3003 p3004 p3005 p3006,2026-10-04
spain_2013_defense_missions,https://www.cis.es/documents/20117/1555046/cues2998pdf.pdf,cues2998pdf.pdf,questionnaire,CIS,2998,"CIS study 2998's own questionnaire, listed on the study page; the cover's Nº ESTUDIO box reads 2998",2026-10-04
spain_2013_defense_prestige,https://www.cis.es/documents/20117/1555046/MD2998.zip,codigo2998.pdf (inside MD2998.zip),codebook,CIS,2998,CIS study 2998 (La defensa nacional y las Fuerzas Armadas (X)): the build script reads ES2998; the PDF is headed 'CÓDIGO ESTUDIO 2.998' and covers the table's items p13 p14,2026-10-04
spain_2013_defense_prestige,https://www.cis.es/documents/20117/1555046/cues2998pdf.pdf,cues2998pdf.pdf,questionnaire,CIS,2998,"CIS study 2998's own questionnaire, listed on the study page; the cover's Nº ESTUDIO box reads 2998",2026-10-04
spain_2013_defense_professions,https://www.cis.es/documents/20117/1555046/MD2998.zip,codigo2998.pdf (inside MD2998.zip),codebook,CIS,2998,CIS study 2998 (La defensa nacional y las Fuerzas Armadas (X)): the build script reads ES2998; the PDF is headed 'CÓDIGO ESTUDIO 2.998' and covers the table's items p101 p102 p103 p104 p105 p106 p107 p108 p109 p110,2026-10-04
spain_2013_defense_professions,https://www.cis.es/documents/20117/1555046/cues2998pdf.pdf,cues2998pdf.pdf,questionnaire,CIS,2998,"CIS study 2998's own questionnaire, listed on the study page; the cover's Nº ESTUDIO box reads 2998",2026-10-04
spain_2013_defense_resources,https://www.cis.es/documents/20117/1555046/MD2998.zip,codigo2998.pdf (inside MD2998.zip),codebook,CIS,2998,CIS study 2998 (La defensa nacional y las Fuerzas Armadas (X)): the build script reads ES2998; the PDF is headed 'CÓDIGO ESTUDIO 2.998' and covers the table's items p21 p22 p23,2026-10-04
spain_2013_defense_resources,https://www.cis.es/documents/20117/1555046/cues2998pdf.pdf,cues2998pdf.pdf,questionnaire,CIS,2998,"CIS study 2998's own questionnaire, listed on the study page; the cover's Nº ESTUDIO box reads 2998",2026-10-04
spain_2013_defense_sacrifice,https://www.cis.es/documents/20117/1555046/MD2998.zip,codigo2998.pdf (inside MD2998.zip),codebook,CIS,2998,CIS study 2998 (La defensa nacional y las Fuerzas Armadas (X)): the build script reads ES2998; the PDF is headed 'CÓDIGO ESTUDIO 2.998' and covers the table's items p7a01 p7a02 p7a03 p7a04 p7a05 p7a06 p7a07,2026-10-04
spain_2013_defense_sacrifice,https://www.cis.es/documents/20117/1555046/cues2998pdf.pdf,cues2998pdf.pdf,questionnaire,CIS,2998,"CIS study 2998's own questionnaire, listed on the study page; the cover's Nº ESTUDIO box reads 2998",2026-10-04
spain_2013_defense_threats,https://www.cis.es/documents/20117/1555046/MD2998.zip,codigo2998.pdf (inside MD2998.zip),codebook,CIS,2998,CIS study 2998 (La defensa nacional y las Fuerzas Armadas (X)): the build script reads ES2998; the PDF is headed 'CÓDIGO ESTUDIO 2.998' and covers the table's items p901 p902 p903 p904 p905 p906 p907 p908 p909 p910 p911 p912,2026-10-04
spain_2013_defense_threats,https://www.cis.es/documents/20117/1555046/cues2998pdf.pdf,cues2998pdf.pdf,questionnaire,CIS,2998,"CIS study 2998's own questionnaire, listed on the study page; the cover's Nº ESTUDIO box reads 2998",2026-10-04
spain_2013_services_complaints,https://www.cis.es/documents/20117/1555586/MD2986.zip,codigo2986.pdf (inside MD2986.zip),codebook,CIS,2986,CIS study 2986 (Calidad de los servicios públicos (VIII)): the build script reads DA2986; the PDF is headed 'CÓDIGO ESTUDIO 2.986' and covers the table's items p27 p27c p27d,2026-10-04
spain_2013_services_complaints,https://www.cis.es/documents/20117/1555586/Cues2986pdf.pdf,Cues2986pdf.pdf,questionnaire,CIS,2986,"CIS study 2986's own questionnaire, listed on the study page; the cover's Nº ESTUDIO box reads 2986",2026-10-04
spain_2013_services_functioning,https://www.cis.es/documents/20117/1555586/MD2986.zip,codigo2986.pdf (inside MD2986.zip),codebook,CIS,2986,CIS study 2986 (Calidad de los servicios públicos (VIII)): the build script reads DA2986; the PDF is headed 'CÓDIGO ESTUDIO 2.986' and covers the table's items p1 p2 p301 p302 p303 p304 p305 p306 p307 p308 p309,2026-10-04
spain_2013_services_functioning,https://www.cis.es/documents/20117/1555586/Cues2986pdf.pdf,Cues2986pdf.pdf,questionnaire,CIS,2986,"CIS study 2986's own questionnaire, listed on the study page; the cover's Nº ESTUDIO box reads 2986",2026-10-04
spain_2013_services_importance,https://www.cis.es/documents/20117/1555586/MD2986.zip,codigo2986.pdf (inside MD2986.zip),codebook,CIS,2986,CIS study 2986 (Calidad de los servicios públicos (VIII)): the build script reads DA2986; the PDF is headed 'CÓDIGO ESTUDIO 2.986' and covers the table's items p5 p6a,2026-10-04
spain_2013_services_importance,https://www.cis.es/documents/20117/1555586/Cues2986pdf.pdf,Cues2986pdf.pdf,questionnaire,CIS,2986,"CIS study 2986's own questionnaire, listed on the study page; the cover's Nº ESTUDIO box reads 2986",2026-10-04
spain_2013_services_inpersonsat,https://www.cis.es/documents/20117/1555586/MD2986.zip,codigo2986.pdf (inside MD2986.zip),codebook,CIS,2986,CIS study 2986 (Calidad de los servicios públicos (VIII)): the build script reads DA2986; the PDF is headed 'CÓDIGO ESTUDIO 2.986' and covers the table's items p12 p13 p1401 p1402 p1403 p1404 p1405 p1406 p1407 p1408 p1409 p15,2026-10-04
spain_2013_services_inpersonsat,https://www.cis.es/documents/20117/1555586/Cues2986pdf.pdf,Cues2986pdf.pdf,questionnaire,CIS,2986,"CIS study 2986's own questionnaire, listed on the study page; the cover's Nº ESTUDIO box reads 2986",2026-10-04
spain_2013_services_internet,https://www.cis.es/documents/20117/1555586/MD2986.zip,codigo2986.pdf (inside MD2986.zip),codebook,CIS,2986,CIS study 2986 (Calidad de los servicios públicos (VIII)): the build script reads DA2986; the PDF is headed 'CÓDIGO ESTUDIO 2.986' and covers the table's items p19 p2101 p2102 p2103 p2104 p2105 p2106 p2107 p2108 p2109 p2110,2026-10-04
spain_2013_services_internet,https://www.cis.es/documents/20117/1555586/Cues2986pdf.pdf,Cues2986pdf.pdf,questionnaire,CIS,2986,"CIS study 2986's own questionnaire, listed on the study page; the cover's Nº ESTUDIO box reads 2986",2026-10-04
spain_2013_services_internetout,https://www.cis.es/documents/20117/1555586/MD2986.zip,codigo2986.pdf (inside MD2986.zip),codebook,CIS,2986,CIS study 2986 (Calidad de los servicios públicos (VIII)): the build script reads DA2986; the PDF is headed 'CÓDIGO ESTUDIO 2.986' and covers the table's items p22 p22b p23 p2401 p2402 p2403 p2404 p2405 p2406,2026-10-04
spain_2013_services_internetout,https://www.cis.es/documents/20117/1555586/Cues2986pdf.pdf,Cues2986pdf.pdf,questionnaire,CIS,2986,"CIS study 2986's own questionnaire, listed on the study page; the cover's Nº ESTUDIO box reads 2986",2026-10-04
spain_2013_services_offices,https://www.cis.es/documents/20117/1555586/MD2986.zip,codigo2986.pdf (inside MD2986.zip),codebook,CIS,2986,CIS study 2986 (Calidad de los servicios públicos (VIII)): the build script reads DA2986; the PDF is headed 'CÓDIGO ESTUDIO 2.986' and covers the table's items p701 p702 p703 p704 p705 p706 p707 p708 p709,2026-10-04
spain_2013_services_offices,https://www.cis.es/documents/20117/1555586/Cues2986pdf.pdf,Cues2986pdf.pdf,questionnaire,CIS,2986,"CIS study 2986's own questionnaire, listed on the study page; the cover's Nº ESTUDIO box reads 2986",2026-10-04
spain_2013_services_othercontact,https://www.cis.es/documents/20117/1555586/MD2986.zip,codigo2986.pdf (inside MD2986.zip),codebook,CIS,2986,CIS study 2986 (Calidad de los servicios públicos (VIII)): the build script reads DA2986; the PDF is headed 'CÓDIGO ESTUDIO 2.986' and covers the table's items p16 p16a p17 p17a p18 p18a p18b,2026-10-04
spain_2013_services_othercontact,https://www.cis.es/documents/20117/1555586/Cues2986pdf.pdf,Cues2986pdf.pdf,questionnaire,CIS,2986,"CIS study 2986's own questionnaire, listed on the study page; the cover's Nº ESTUDIO box reads 2986",2026-10-04
spain_2013_services_purpose,https://www.cis.es/documents/20117/1555586/MD2986.zip,codigo2986.pdf (inside MD2986.zip),codebook,CIS,2986,CIS study 2986 (Calidad de los servicios públicos (VIII)): the build script reads DA2986; the PDF is headed 'CÓDIGO ESTUDIO 2.986' and covers the table's items p1101 p1102 p1103 p1104 p1105 p1106 p1107 p1108 p1109 p1110 p1111,2026-10-04
spain_2013_services_purpose,https://www.cis.es/documents/20117/1555586/Cues2986pdf.pdf,Cues2986pdf.pdf,questionnaire,CIS,2986,"CIS study 2986's own questionnaire, listed on the study page; the cover's Nº ESTUDIO box reads 2986",2026-10-04
spain_2013_services_services,https://www.cis.es/documents/20117/1555586/MD2986.zip,codigo2986.pdf (inside MD2986.zip),codebook,CIS,2986,CIS study 2986 (Calidad de los servicios públicos (VIII)): the build script reads DA2986; the PDF is headed 'CÓDIGO ESTUDIO 2.986' and covers the table's items p401 p402 p403 p404 p405 p406 p407 p408 p409 p410,2026-10-04
spain_2013_services_services,https://www.cis.es/documents/20117/1555586/Cues2986pdf.pdf,Cues2986pdf.pdf,questionnaire,CIS,2986,"CIS study 2986's own questionnaire, listed on the study page; the cover's Nº ESTUDIO box reads 2986",2026-10-04
spain_2014_citizenship_citizenship,https://www.cis.es/documents/20117/1555771/MD3020.zip,codigo3020.pdf (inside MD3020.zip),codebook,CIS,3020,CIS study 3020 (Ciudadanía (ISSP)): the build script reads ES3020; the PDF is headed 'CÓDIGO ESTUDIO 3.020' and covers the table's items p101 p102 p103 p104 p105 p106 p107 p108 p109,2026-10-04
spain_2014_citizenship_citizenship,https://www.cis.es/documents/20117/1555771/cues3020pdf.pdf,cues3020pdf.pdf,questionnaire,CIS,3020,"CIS study 3020's own questionnaire, listed on the study page; the cover's Nº ESTUDIO box reads 3020",2026-10-04
spain_2014_citizenship_democracy,https://www.cis.es/documents/20117/1555771/MD3020.zip,codigo3020.pdf (inside MD3020.zip),codebook,CIS,3020,CIS study 3020 (Ciudadanía (ISSP)): the build script reads ES3020; the PDF is headed 'CÓDIGO ESTUDIO 3.020' and covers the table's items p25 p26 p27,2026-10-04
spain_2014_citizenship_democracy,https://www.cis.es/documents/20117/1555771/cues3020pdf.pdf,cues3020pdf.pdf,questionnaire,CIS,3020,"CIS study 3020's own questionnaire, listed on the study page; the cover's Nº ESTUDIO box reads 3020",2026-10-04
spain_2014_citizenship_discussion,https://www.cis.es/documents/20117/1555771/MD3020.zip,codigo3020.pdf (inside MD3020.zip),codebook,CIS,3020,CIS study 3020 (Ciudadanía (ISSP)): the build script reads ES3020; the PDF is headed 'CÓDIGO ESTUDIO 3.020' and covers the table's items p18 p19,2026-10-04
spain_2014_citizenship_discussion,https://www.cis.es/documents/20117/1555771/cues3020pdf.pdf,cues3020pdf.pdf,questionnaire,CIS,3020,"CIS study 3020's own questionnaire, listed on the study page; the cover's Nº ESTUDIO box reads 3020",2026-10-04
spain_2014_citizenship_efficacy,https://www.cis.es/documents/20117/1555771/MD3020.zip,codigo3020.pdf (inside MD3020.zip),codebook,CIS,3020,CIS study 3020 (Ciudadanía (ISSP)): the build script reads ES3020; the PDF is headed 'CÓDIGO ESTUDIO 3.020' and covers the table's items p1001 p1002 p1003 p1004,2026-10-04
spain_2014_citizenship_efficacy,https://www.cis.es/documents/20117/1555771/cues3020pdf.pdf,cues3020pdf.pdf,questionnaire,CIS,3020,"CIS study 3020's own questionnaire, listed on the study page; the cover's Nº ESTUDIO box reads 3020",2026-10-04
spain_2014_citizenship_integrity,https://www.cis.es/documents/20117/1555771/MD3020.zip,codigo3020.pdf (inside MD3020.zip),codebook,CIS,3020,CIS study 3020 (Ciudadanía (ISSP)): the build script reads ES3020; the PDF is headed 'CÓDIGO ESTUDIO 3.020' and covers the table's items p21 p22 p24,2026-10-04
spain_2014_citizenship_integrity,https://www.cis.es/documents/20117/1555771/cues3020pdf.pdf,cues3020pdf.pdf,questionnaire,CIS,3020,"CIS study 3020's own questionnaire, listed on the study page; the cover's Nº ESTUDIO box reads 3020",2026-10-04
spain_2014_citizenship_media,https://www.cis.es/documents/20117/1555771/MD3020.zip,codigo3020.pdf (inside MD3020.zip),codebook,CIS,3020,CIS study 3020 (Ciudadanía (ISSP)): the build script reads ES3020; the PDF is headed 'CÓDIGO ESTUDIO 3.020' and covers the table's items p6 p2801 p2802 p2803 p2804,2026-10-04
spain_2014_citizenship_media,https://www.cis.es/documents/20117/1555771/cues3020pdf.pdf,cues3020pdf.pdf,questionnaire,CIS,3020,"CIS study 3020's own questionnaire, listed on the study page; the cover's Nº ESTUDIO box reads 3020",2026-10-04
spain_2014_citizenship_membership,https://www.cis.es/documents/20117/1555771/MD3020.zip,codigo3020.pdf (inside MD3020.zip),codebook,CIS,3020,CIS study 3020 (Ciudadanía (ISSP)): the build script reads ES3020; the PDF is headed 'CÓDIGO ESTUDIO 3.020' and covers the table's items p801 p802 p803 p804 p805,2026-10-04
spain_2014_citizenship_membership,https://www.cis.es/documents/20117/1555771/cues3020pdf.pdf,cues3020pdf.pdf,questionnaire,CIS,3020,"CIS study 3020's own questionnaire, listed on the study page; the cover's Nº ESTUDIO box reads 3020",2026-10-04
spain_2014_citizenship_online,https://www.cis.es/documents/20117/1555771/MD3020.zip,codigo3020.pdf (inside MD3020.zip),codebook,CIS,3020,CIS study 3020 (Ciudadanía (ISSP)): the build script reads ES3020; the PDF is headed 'CÓDIGO ESTUDIO 3.020' and covers the table's items p29e01 p29e02 p29e03 p29e04 p29e05 p29e06,2026-10-04
spain_2014_citizenship_online,https://www.cis.es/documents/20117/1555771/cues3020pdf.pdf,cues3020pdf.pdf,questionnaire,CIS,3020,"CIS study 3020's own questionnaire, listed on the study page; the cover's Nº ESTUDIO box reads 3020",2026-10-04
spain_2014_citizenship_participation,https://www.cis.es/documents/20117/1555771/MD3020.zip,codigo3020.pdf (inside MD3020.zip),codebook,CIS,3020,CIS study 3020 (Ciudadanía (ISSP)): the build script reads ES3020; the PDF is headed 'CÓDIGO ESTUDIO 3.020' and covers the table's items p501 p502 p503 p504 p505 p506 p507 p508,2026-10-04
spain_2014_citizenship_participation,https://www.cis.es/documents/20117/1555771/cues3020pdf.pdf,cues3020pdf.pdf,questionnaire,CIS,3020,"CIS study 3020's own questionnaire, listed on the study page; the cover's Nº ESTUDIO box reads 3020",2026-10-04
spain_2014_citizenship_parties,https://www.cis.es/documents/20117/1555771/MD3020.zip,codigo3020.pdf (inside MD3020.zip),codebook,CIS,3020,CIS study 3020 (Ciudadanía (ISSP)): the build script reads ES3020; the PDF is headed 'CÓDIGO ESTUDIO 3.020' and covers the table's items p2001 p2002 p2003,2026-10-04
spain_2014_citizenship_parties,https://www.cis.es/documents/20117/1555771/cues3020pdf.pdf,cues3020pdf.pdf,questionnaire,CIS,3020,"CIS study 3020's own questionnaire, listed on the study page; the cover's Nº ESTUDIO box reads 3020",2026-10-04
spain_2014_citizenship_rights,https://www.cis.es/documents/20117/1555771/MD3020.zip,codigo3020.pdf (inside MD3020.zip),codebook,CIS,3020,CIS study 3020 (Ciudadanía (ISSP)): the build script reads ES3020; the PDF is headed 'CÓDIGO ESTUDIO 3.020' and covers the table's items p901 p902 p903 p904 p905 p906 p907 p908 p909,2026-10-04
spain_2014_citizenship_rights,https://www.cis.es/documents/20117/1555771/cues3020pdf.pdf,cues3020pdf.pdf,questionnaire,CIS,3020,"CIS study 3020's own questionnaire, listed on the study page; the cover's Nº ESTUDIO box reads 3020",2026-10-04
spain_2014_citizenship_tolerance,https://www.cis.es/documents/20117/1555771/MD3020.zip,codigo3020.pdf (inside MD3020.zip),codebook,CIS,3020,CIS study 3020 (Ciudadanía (ISSP)): the build script reads ES3020; the PDF is headed 'CÓDIGO ESTUDIO 3.020' and covers the table's items p2 p3 p4,2026-10-04
spain_2014_citizenship_tolerance,https://www.cis.es/documents/20117/1555771/cues3020pdf.pdf,cues3020pdf.pdf,questionnaire,CIS,3020,"CIS study 3020's own questionnaire, listed on the study page; the cover's Nº ESTUDIO box reads 3020",2026-10-04
spain_2014_citizenship_trust,https://www.cis.es/documents/20117/1555771/MD3020.zip,codigo3020.pdf (inside MD3020.zip),codebook,CIS,3020,CIS study 3020 (Ciudadanía (ISSP)): the build script reads ES3020; the PDF is headed 'CÓDIGO ESTUDIO 3.020' and covers the table's items p1501 p1502,2026-10-04
spain_2014_citizenship_trust,https://www.cis.es/documents/20117/1555771/cues3020pdf.pdf,cues3020pdf.pdf,questionnaire,CIS,3020,"CIS study 3020's own questionnaire, listed on the study page; the cover's Nº ESTUDIO box reads 3020",2026-10-04
spain_2014_debate_agreement,https://www.cis.es/documents/20117/1555751/MD3016.zip,codigo3016.pdf (inside MD3016.zip),codebook,CIS,3016,CIS study 3016 (Debate sobre el estado de la nación (XXIV)): the build script reads Es3016; the PDF is headed 'CÓDIGO ESTUDIO 3.016' and covers the table's items p13a_1 p13a_2 p13a_3 p13a_4 p13a_5 p13a_6 p13a_7 p13a_8 p13a_9 p13a_10 p13a_11 p13a_12 p13a_13 p13a_14 p13a_15 p13a_16 p13a_17,2026-10-04
spain_2014_debate_agreement,https://www.cis.es/documents/20117/1555751/Cues3016pdf.pdf,Cues3016pdf.pdf,questionnaire,CIS,3016,"CIS study 3016's own questionnaire, listed on the study page; the cover's Nº ESTUDIO box reads 3016",2026-10-04
spain_2014_debate_debate,https://www.cis.es/documents/20117/1555751/MD3016.zip,codigo3016.pdf (inside MD3016.zip),codebook,CIS,3016,CIS study 3016 (Debate sobre el estado de la nación (XXIV)): the build script reads Es3016; the PDF is headed 'CÓDIGO ESTUDIO 3.016' and covers the table's items p8 p11 p12,2026-10-04
spain_2014_debate_debate,https://www.cis.es/documents/20117/1555751/Cues3016pdf.pdf,Cues3016pdf.pdf,questionnaire,CIS,3016,"CIS study 3016's own questionnaire, listed on the study page; the cover's Nº ESTUDIO box reads 3016",2026-10-04
spain_2014_debate_general,https://www.cis.es/documents/20117/1555751/MD3016.zip,codigo3016.pdf (inside MD3016.zip),codebook,CIS,3016,CIS study 3016 (Debate sobre el estado de la nación (XXIV)): the build script reads Es3016; the PDF is headed 'CÓDIGO ESTUDIO 3.016' and covers the table's items p2 p3,2026-10-04
spain_2014_debate_general,https://www.cis.es/documents/20117/1555751/Cues3016pdf.pdf,Cues3016pdf.pdf,questionnaire,CIS,3016,"CIS study 3016's own questionnaire, listed on the study page; the cover's Nº ESTUDIO box reads 3016",2026-10-04
spain_2014_debate_government,https://www.cis.es/documents/20117/1555751/MD3016.zip,codigo3016.pdf (inside MD3016.zip),codebook,CIS,3016,CIS study 3016 (Debate sobre el estado de la nación (XXIV)): the build script reads Es3016; the PDF is headed 'CÓDIGO ESTUDIO 3.016' and covers the table's items p14a p14b p14c p14d,2026-10-04
spain_2014_debate_government,https://www.cis.es/documents/20117/1555751/Cues3016pdf.pdf,Cues3016pdf.pdf,questionnaire,CIS,3016,"CIS study 3016's own questionnaire, listed on the study page; the cover's Nº ESTUDIO box reads 3016",2026-10-04
spain_2014_debate_leaders,https://www.cis.es/documents/20117/1555751/MD3016.zip,codigo3016.pdf (inside MD3016.zip),codebook,CIS,3016,CIS study 3016 (Debate sobre el estado de la nación (XXIV)): the build script reads Es3016; the PDF is headed 'CÓDIGO ESTUDIO 3.016' and covers the table's items p13_1 p13_2 p13_3 p13_4 p13_5 p13_6 p13_7 p13_8 p13_9 p13_10 p13_11 p13_12 p13_13 p13_14 p13_15 p13_16 p13_17,2026-10-04
spain_2014_debate_leaders,https://www.cis.es/documents/20117/1555751/Cues3016pdf.pdf,Cues3016pdf.pdf,questionnaire,CIS,3016,"CIS study 3016's own questionnaire, listed on the study page; the cover's Nº ESTUDIO box reads 3016",2026-10-04
spain_2014_debate_media,https://www.cis.es/documents/20117/1555751/MD3016.zip,codigo3016.pdf (inside MD3016.zip),codebook,CIS,3016,CIS study 3016 (Debate sobre el estado de la nación (XXIV)): the build script reads Es3016; the PDF is headed 'CÓDIGO ESTUDIO 3.016' and covers the table's items p5a p5b p5c p5d p5e,2026-10-04
spain_2014_debate_media,https://www.cis.es/documents/20117/1555751/Cues3016pdf.pdf,Cues3016pdf.pdf,questionnaire,CIS,3016,"CIS study 3016's own questionnaire, listed on the study page; the cover's Nº ESTUDIO box reads 3016",2026-10-04
spain_2014_debate_opposition,https://www.cis.es/documents/20117/1555751/MD3016.zip,codigo3016.pdf (inside MD3016.zip),codebook,CIS,3016,CIS study 3016 (Debate sobre el estado de la nación (XXIV)): the build script reads Es3016; the PDF is headed 'CÓDIGO ESTUDIO 3.016' and covers the table's items p15a p15b p15c p15d,2026-10-04
spain_2014_debate_opposition,https://www.cis.es/documents/20117/1555751/Cues3016pdf.pdf,Cues3016pdf.pdf,questionnaire,CIS,3016,"CIS study 3016's own questionnaire, listed on the study page; the cover's Nº ESTUDIO box reads 3016",2026-10-04
spain_2014_debate_rajoy,https://www.cis.es/documents/20117/1555751/MD3016.zip,codigo3016.pdf (inside MD3016.zip),codebook,CIS,3016,CIS study 3016 (Debate sobre el estado de la nación (XXIV)): the build script reads Es3016; the PDF is headed 'CÓDIGO ESTUDIO 3.016' and covers the table's items p16a p16b p16c p16d p16e p16f p16g p16h,2026-10-04
spain_2014_debate_rajoy,https://www.cis.es/documents/20117/1555751/Cues3016pdf.pdf,Cues3016pdf.pdf,questionnaire,CIS,3016,"CIS study 3016's own questionnaire, listed on the study page; the cover's Nº ESTUDIO box reads 3016",2026-10-04
spain_2014_debate_rubalcaba,https://www.cis.es/documents/20117/1555751/MD3016.zip,codigo3016.pdf (inside MD3016.zip),codebook,CIS,3016,CIS study 3016 (Debate sobre el estado de la nación (XXIV)): the build script reads Es3016; the PDF is headed 'CÓDIGO ESTUDIO 3.016' and covers the table's items p17a p17b p17c p17d p17e p17f p17g p17h,2026-10-04
spain_2014_debate_rubalcaba,https://www.cis.es/documents/20117/1555751/Cues3016pdf.pdf,Cues3016pdf.pdf,questionnaire,CIS,3016,"CIS study 3016's own questionnaire, listed on the study page; the cover's Nº ESTUDIO box reads 3016",2026-10-04
spain_2014_family_activities,https://www.cis.es/documents/20117/1555836/MD3032.zip,codigo3032.pdf (inside MD3032.zip),codebook,CIS,3032,CIS study 3032 (Opiniones y actitudes sobre la familia (II)): the build script reads ES3032; the PDF is headed 'CÓDIGO ESTUDIO 3.032' and covers the table's items p21g01 p21g02 p21g03 p21g04 p21g05 p21g06 p21g07 p21g08,2026-10-04
spain_2014_family_activities,https://www.cis.es/documents/20117/1555836/cues3032pdf.pdf,cues3032pdf.pdf,questionnaire,CIS,3032,"CIS study 3032's own questionnaire, listed on the study page; the cover's Nº ESTUDIO box reads 3032",2026-10-04
spain_2014_family_adoption,https://www.cis.es/documents/20117/1555836/MD3032.zip,codigo3032.pdf (inside MD3032.zip),codebook,CIS,3032,CIS study 3032 (Opiniones y actitudes sobre la familia (II)): the build script reads ES3032; the PDF is headed 'CÓDIGO ESTUDIO 3.032' and covers the table's items p1701 p1702,2026-10-04
spain_2014_family_adoption,https://www.cis.es/documents/20117/1555836/cues3032pdf.pdf,cues3032pdf.pdf,questionnaire,CIS,3032,"CIS study 3032's own questionnaire, listed on the study page; the cover's Nº ESTUDIO box reads 3032",2026-10-04
spain_2014_family_care,https://www.cis.es/documents/20117/1555836/MD3032.zip,codigo3032.pdf (inside MD3032.zip),codebook,CIS,3032,CIS study 3032 (Opiniones y actitudes sobre la familia (II)): the build script reads ES3032; the PDF is headed 'CÓDIGO ESTUDIO 3.032' and covers the table's items p501 p502 p503 p504 p505 p506 p507,2026-10-04
spain_2014_family_care,https://www.cis.es/documents/20117/1555836/cues3032pdf.pdf,cues3032pdf.pdf,questionnaire,CIS,3032,"CIS study 3032's own questionnaire, listed on the study page; the cover's Nº ESTUDIO box reads 3032",2026-10-04
spain_2014_family_change,https://www.cis.es/documents/20117/1555836/MD3032.zip,codigo3032.pdf (inside MD3032.zip),codebook,CIS,3032,CIS study 3032 (Opiniones y actitudes sobre la familia (II)): the build script reads ES3032; the PDF is headed 'CÓDIGO ESTUDIO 3.032' and covers the table's items p2801 p2802 p2803 p2804 p2805 p2806 p2807,2026-10-04
spain_2014_family_change,https://www.cis.es/documents/20117/1555836/cues3032pdf.pdf,cues3032pdf.pdf,questionnaire,CIS,3032,"CIS study 3032's own questionnaire, listed on the study page; the cover's Nº ESTUDIO box reads 3032",2026-10-04
spain_2014_family_chores,https://www.cis.es/documents/20117/1555836/MD3032.zip,codigo3032.pdf (inside MD3032.zip),codebook,CIS,3032,CIS study 3032 (Opiniones y actitudes sobre la familia (II)): the build script reads ES3032; the PDF is headed 'CÓDIGO ESTUDIO 3.032' and covers the table's items p8d01 p8d02 p8d03 p8d04 p8d05 p8d06,2026-10-04
spain_2014_family_chores,https://www.cis.es/documents/20117/1555836/cues3032pdf.pdf,cues3032pdf.pdf,questionnaire,CIS,3032,"CIS study 3032's own questionnaire, listed on the study page; the cover's Nº ESTUDIO box reads 3032",2026-10-04
spain_2014_family_conflicts,https://www.cis.es/documents/20117/1555836/MD3032.zip,codigo3032.pdf (inside MD3032.zip),codebook,CIS,3032,CIS study 3032 (Opiniones y actitudes sobre la familia (II)): the build script reads ES3032; the PDF is headed 'CÓDIGO ESTUDIO 3.032' and covers the table's items p21d01 p21d02 p21d03 p21d04 p21d05 p21d06 p21d07 p21d08 p21d09 p21d10 p21d11 p21d12,2026-10-04
spain_2014_family_conflicts,https://www.cis.es/documents/20117/1555836/cues3032pdf.pdf,cues3032pdf.pdf,questionnaire,CIS,3032,"CIS study 3032's own questionnaire, listed on the study page; the cover's Nº ESTUDIO box reads 3032",2026-10-04
spain_2014_family_families,https://www.cis.es/documents/20117/1555836/MD3032.zip,codigo3032.pdf (inside MD3032.zip),codebook,CIS,3032,CIS study 3032 (Opiniones y actitudes sobre la familia (II)): the build script reads ES3032; the PDF is headed 'CÓDIGO ESTUDIO 3.032' and covers the table's items p1201 p1202 p1203 p1204 p1205 p1206 p1207 p1208 p1209 p1210,2026-10-04
spain_2014_family_families,https://www.cis.es/documents/20117/1555836/cues3032pdf.pdf,cues3032pdf.pdf,questionnaire,CIS,3032,"CIS study 3032's own questionnaire, listed on the study page; the cover's Nº ESTUDIO box reads 3032",2026-10-04
spain_2014_family_housework,https://www.cis.es/documents/20117/1555836/MD3032.zip,codigo3032.pdf (inside MD3032.zip),codebook,CIS,3032,CIS study 3032 (Opiniones y actitudes sobre la familia (II)): the build script reads ES3032; the PDF is headed 'CÓDIGO ESTUDIO 3.032' and covers the table's items p40a01 p40a02 p40a03 p40a04,2026-10-04
spain_2014_family_housework,https://www.cis.es/documents/20117/1555836/cues3032pdf.pdf,cues3032pdf.pdf,questionnaire,CIS,3032,"CIS study 3032's own questionnaire, listed on the study page; the cover's Nº ESTUDIO box reads 3032",2026-10-04
spain_2014_family_importance,https://www.cis.es/documents/20117/1555836/MD3032.zip,codigo3032.pdf (inside MD3032.zip),codebook,CIS,3032,CIS study 3032 (Opiniones y actitudes sobre la familia (II)): the build script reads ES3032; the PDF is headed 'CÓDIGO ESTUDIO 3.032' and covers the table's items p101 p102 p103 p104 p105 p106 p107 p108 p109,2026-10-04
spain_2014_family_importance,https://www.cis.es/documents/20117/1555836/cues3032pdf.pdf,cues3032pdf.pdf,questionnaire,CIS,3032,"CIS study 3032's own questionnaire, listed on the study page; the cover's Nº ESTUDIO box reads 3032",2026-10-04
spain_2014_family_marriage,https://www.cis.es/documents/20117/1555836/MD3032.zip,codigo3032.pdf (inside MD3032.zip),codebook,CIS,3032,CIS study 3032 (Opiniones y actitudes sobre la familia (II)): the build script reads ES3032; the PDF is headed 'CÓDIGO ESTUDIO 3.032' and covers the table's items p901 p902 p903 p904 p905 p906 p907 p908 p909,2026-10-04
spain_2014_family_marriage,https://www.cis.es/documents/20117/1555836/cues3032pdf.pdf,cues3032pdf.pdf,questionnaire,CIS,3032,"CIS study 3032's own questionnaire, listed on the study page; the cover's Nº ESTUDIO box reads 3032",2026-10-04
spain_2014_family_matrimony,https://www.cis.es/documents/20117/1555836/MD3032.zip,codigo3032.pdf (inside MD3032.zip),codebook,CIS,3032,CIS study 3032 (Opiniones y actitudes sobre la familia (II)): the build script reads ES3032; the PDF is headed 'CÓDIGO ESTUDIO 3.032' and covers the table's items p1001 p1002 p1003 p1004 p1005 p1006,2026-10-04
spain_2014_family_matrimony,https://www.cis.es/documents/20117/1555836/cues3032pdf.pdf,cues3032pdf.pdf,questionnaire,CIS,3032,"CIS study 3032's own questionnaire, listed on the study page; the cover's Nº ESTUDIO box reads 3032",2026-10-04
spain_2014_family_obstacles,https://www.cis.es/documents/20117/1555836/MD3032.zip,codigo3032.pdf (inside MD3032.zip),codebook,CIS,3032,CIS study 3032 (Opiniones y actitudes sobre la familia (II)): the build script reads ES3032; the PDF is headed 'CÓDIGO ESTUDIO 3.032' and covers the table's items p2501 p2502 p2503 p2504,2026-10-04
spain_2014_family_obstacles,https://www.cis.es/documents/20117/1555836/cues3032pdf.pdf,cues3032pdf.pdf,questionnaire,CIS,3032,"CIS study 3032's own questionnaire, listed on the study page; the cover's Nº ESTUDIO box reads 3032",2026-10-04
spain_2014_family_reproduction,https://www.cis.es/documents/20117/1555836/MD3032.zip,codigo3032.pdf (inside MD3032.zip),codebook,CIS,3032,CIS study 3032 (Opiniones y actitudes sobre la familia (II)): the build script reads ES3032; the PDF is headed 'CÓDIGO ESTUDIO 3.032' and covers the table's items p1801 p1802 p1803 p1804 p1805,2026-10-04
spain_2014_family_reproduction,https://www.cis.es/documents/20117/1555836/cues3032pdf.pdf,cues3032pdf.pdf,questionnaire,CIS,3032,"CIS study 3032's own questionnaire, listed on the study page; the cover's Nº ESTUDIO box reads 3032",2026-10-04
spain_2014_family_satisfaction,https://www.cis.es/documents/20117/1555836/MD3032.zip,codigo3032.pdf (inside MD3032.zip),codebook,CIS,3032,CIS study 3032 (Opiniones y actitudes sobre la familia (II)): the build script reads ES3032; the PDF is headed 'CÓDIGO ESTUDIO 3.032' and covers the table's items p201 p202 p203 p204 p205 p206 p207 p208 p209 p210,2026-10-04
spain_2014_family_satisfaction,https://www.cis.es/documents/20117/1555836/cues3032pdf.pdf,cues3032pdf.pdf,questionnaire,CIS,3032,"CIS study 3032's own questionnaire, listed on the study page; the cover's Nº ESTUDIO box reads 3032",2026-10-04
spain_2014_volunteering_activity,https://www.cis.es/documents/20117/1555871/MD3039.zip,codigo3039.pdf (inside MD3039.zip),codebook,CIS,3039,CIS study 3039 (Actitudes de la juventud en España hacia la participación y el voluntariado): the build script reads ES3039; the PDF is headed 'CÓDIGO ESTUDIO 3.039' and covers the table's items p10a01 p10a02 p10a03 p10a04 p10a05 p10a06 p10a07 p10a08 p10a09 p10a10 p10a11 p10a12 p10a13 p10a14 p10a15 p10a16,2026-10-04
spain_2014_volunteering_activity,https://www.cis.es/documents/20117/1555871/cues3039pdf.pdf,cues3039pdf.pdf,questionnaire,CIS,3039,"CIS study 3039's own questionnaire, listed on the study page; the cover's Nº ESTUDIO box reads 3039",2026-10-04
spain_2014_volunteering_membership,https://www.cis.es/documents/20117/1555871/MD3039.zip,codigo3039.pdf (inside MD3039.zip),codebook,CIS,3039,CIS study 3039 (Actitudes de la juventud en España hacia la participación y el voluntariado): the build script reads ES3039; the PDF is headed 'CÓDIGO ESTUDIO 3.039' and covers the table's items p1001 p1002 p1003 p1004 p1005 p1006 p1007 p1008 p1009 p1010 p1011 p1012 p1013 p1014 p1015 p1016,2026-10-04
spain_2014_volunteering_membership,https://www.cis.es/documents/20117/1555871/cues3039pdf.pdf,cues3039pdf.pdf,questionnaire,CIS,3039,"CIS study 3039's own questionnaire, listed on the study page; the cover's Nº ESTUDIO box reads 3039",2026-10-04
spain_2014_volunteering_motives,https://www.cis.es/documents/20117/1555871/MD3039.zip,codigo3039.pdf (inside MD3039.zip),codebook,CIS,3039,CIS study 3039 (Actitudes de la juventud en España hacia la participación y el voluntariado): the build script reads ES3039; the PDF is headed 'CÓDIGO ESTUDIO 3.039' and covers the table's items p2501 p2502 p2503 p2504 p2505 p2506 p2507 p2508 p2509 p2510,2026-10-04
spain_2014_volunteering_motives,https://www.cis.es/documents/20117/1555871/cues3039pdf.pdf,cues3039pdf.pdf,questionnaire,CIS,3039,"CIS study 3039's own questionnaire, listed on the study page; the cover's Nº ESTUDIO box reads 3039",2026-10-04
spain_2014_volunteering_profile,https://www.cis.es/documents/20117/1555871/MD3039.zip,codigo3039.pdf (inside MD3039.zip),codebook,CIS,3039,CIS study 3039 (Actitudes de la juventud en España hacia la participación y el voluntariado): the build script reads ES3039; the PDF is headed 'CÓDIGO ESTUDIO 3.039' and covers the table's items p2401 p2402 p2403 p2404 p2405 p2406 p2407 p2408 p2409 p2410 p2411 p2412 p2413,2026-10-04
spain_2014_volunteering_profile,https://www.cis.es/documents/20117/1555871/cues3039pdf.pdf,cues3039pdf.pdf,questionnaire,CIS,3039,"CIS study 3039's own questionnaire, listed on the study page; the cover's Nº ESTUDIO box reads 3039",2026-10-04
spain_2014_volunteering_satisfaction,https://www.cis.es/documents/20117/1555871/MD3039.zip,codigo3039.pdf (inside MD3039.zip),codebook,CIS,3039,CIS study 3039 (Actitudes de la juventud en España hacia la participación y el voluntariado): the build script reads ES3039; the PDF is headed 'CÓDIGO ESTUDIO 3.039' and covers the table's items p3 p501 p502 p503 p504 p505 p506 p507 p508 p509 p510 p511,2026-10-04
spain_2014_volunteering_satisfaction,https://www.cis.es/documents/20117/1555871/cues3039pdf.pdf,cues3039pdf.pdf,questionnaire,CIS,3039,"CIS study 3039's own questionnaire, listed on the study page; the cover's Nº ESTUDIO box reads 3039",2026-10-04
spain_2014_volunteering_solidarity,https://www.cis.es/documents/20117/1555871/MD3039.zip,codigo3039.pdf (inside MD3039.zip),codebook,CIS,3039,CIS study 3039 (Actitudes de la juventud en España hacia la participación y el voluntariado): the build script reads ES3039; the PDF is headed 'CÓDIGO ESTUDIO 3.039' and covers the table's items p1501 p1502 p1503 p1504,2026-10-04
spain_2014_volunteering_solidarity,https://www.cis.es/documents/20117/1555871/cues3039pdf.pdf,cues3039pdf.pdf,questionnaire,CIS,3039,"CIS study 3039's own questionnaire, listed on the study page; the cover's Nº ESTUDIO box reads 3039",2026-10-04
spain_2015_immigration_acceptability,https://www.cis.es/documents/20117/1556236/MD3119.zip,codigo3119.pdf (inside MD3119.zip),codebook,CIS,3119,CIS study 3119 (Actitudes hacia la inmigración (VIII)): the build script reads ES3119; the PDF is headed 'CÓDIGO ESTUDIO 3.119' and covers the table's items p2201 p2202 p2203 p2204,2026-10-04
spain_2015_immigration_acceptability,https://www.cis.es/documents/20117/1556236/cues3119pdf.pdf,cues3119pdf.pdf,questionnaire,CIS,3119,"CIS study 3119's own questionnaire, listed on the study page; the cover's Nº ESTUDIO box reads 3119",2026-10-04
spain_2015_immigration_assistance,https://www.cis.es/documents/20117/1556236/MD3119.zip,codigo3119.pdf (inside MD3119.zip),codebook,CIS,3119,CIS study 3119 (Actitudes hacia la inmigración (VIII)): the build script reads ES3119; the PDF is headed 'CÓDIGO ESTUDIO 3.119' and covers the table's items p101 p102 p103 p104,2026-10-04
spain_2015_immigration_assistance,https://www.cis.es/documents/20117/1556236/cues3119pdf.pdf,cues3119pdf.pdf,questionnaire,CIS,3119,"CIS study 3119's own questionnaire, listed on the study page; the cover's Nº ESTUDIO box reads 3119",2026-10-04
spain_2015_immigration_contact,https://www.cis.es/documents/20117/1556236/MD3119.zip,codigo3119.pdf (inside MD3119.zip),codebook,CIS,3119,CIS study 3119 (Actitudes hacia la inmigración (VIII)): the build script reads ES3119; the PDF is headed 'CÓDIGO ESTUDIO 3.119' and covers the table's items p26 p26a p26b p26c,2026-10-04
spain_2015_immigration_contact,https://www.cis.es/documents/20117/1556236/cues3119pdf.pdf,cues3119pdf.pdf,questionnaire,CIS,3119,"CIS study 3119's own questionnaire, listed on the study page; the cover's Nº ESTUDIO box reads 3119",2026-10-04
spain_2015_immigration_criteria,https://www.cis.es/documents/20117/1556236/MD3119.zip,codigo3119.pdf (inside MD3119.zip),codebook,CIS,3119,CIS study 3119 (Actitudes hacia la inmigración (VIII)): the build script reads ES3119; the PDF is headed 'CÓDIGO ESTUDIO 3.119' and covers the table's items p501 p502 p503 p504 p505 p506 p507 p508,2026-10-04
spain_2015_immigration_criteria,https://www.cis.es/documents/20117/1556236/cues3119pdf.pdf,cues3119pdf.pdf,questionnaire,CIS,3119,"CIS study 3119's own questionnaire, listed on the study page; the cover's Nº ESTUDIO box reads 3119",2026-10-04
spain_2015_immigration_distance,https://www.cis.es/documents/20117/1556236/MD3119.zip,codigo3119.pdf (inside MD3119.zip),codebook,CIS,3119,CIS study 3119 (Actitudes hacia la inmigración (VIII)): the build script reads ES3119; the PDF is headed 'CÓDIGO ESTUDIO 3.119' and covers the table's items p2401 p2402 p2403 p2404 p2405 p2406 p2407 p2408,2026-10-04
spain_2015_immigration_distance,https://www.cis.es/documents/20117/1556236/cues3119pdf.pdf,cues3119pdf.pdf,questionnaire,CIS,3119,"CIS study 3119's own questionnaire, listed on the study page; the cover's Nº ESTUDIO box reads 3119",2026-10-04
spain_2015_immigration_diversity,https://www.cis.es/documents/20117/1556236/MD3119.zip,codigo3119.pdf (inside MD3119.zip),codebook,CIS,3119,CIS study 3119 (Actitudes hacia la inmigración (VIII)): the build script reads ES3119; the PDF is headed 'CÓDIGO ESTUDIO 3.119' and covers the table's items p901 p902 p903 p904,2026-10-04
spain_2015_immigration_diversity,https://www.cis.es/documents/20117/1556236/cues3119pdf.pdf,cues3119pdf.pdf,questionnaire,CIS,3119,"CIS study 3119's own questionnaire, listed on the study page; the cover's Nº ESTUDIO box reads 3119",2026-10-04
spain_2015_immigration_education,https://www.cis.es/documents/20117/1556236/MD3119.zip,codigo3119.pdf (inside MD3119.zip),codebook,CIS,3119,CIS study 3119 (Actitudes hacia la inmigración (VIII)): the build script reads ES3119; the PDF is headed 'CÓDIGO ESTUDIO 3.119' and covers the table's items p1501 p1502 p1503 p1504,2026-10-04
spain_2015_immigration_education,https://www.cis.es/documents/20117/1556236/cues3119pdf.pdf,cues3119pdf.pdf,questionnaire,CIS,3119,"CIS study 3119's own questionnaire, listed on the study page; the cover's Nº ESTUDIO box reads 3119",2026-10-04
spain_2015_immigration_health,https://www.cis.es/documents/20117/1556236/MD3119.zip,codigo3119.pdf (inside MD3119.zip),codebook,CIS,3119,CIS study 3119 (Actitudes hacia la inmigración (VIII)): the build script reads ES3119; the PDF is headed 'CÓDIGO ESTUDIO 3.119' and covers the table's items p1401 p1402 p1403 p1404,2026-10-04
spain_2015_immigration_health,https://www.cis.es/documents/20117/1556236/cues3119pdf.pdf,cues3119pdf.pdf,questionnaire,CIS,3119,"CIS study 3119's own questionnaire, listed on the study page; the cover's Nº ESTUDIO box reads 3119",2026-10-04
spain_2015_immigration_labour,https://www.cis.es/documents/20117/1556236/MD3119.zip,codigo3119.pdf (inside MD3119.zip),codebook,CIS,3119,CIS study 3119 (Actitudes hacia la inmigración (VIII)): the build script reads ES3119; the PDF is headed 'CÓDIGO ESTUDIO 3.119' and covers the table's items p2101 p2102 p2103 p2104 p2105,2026-10-04
spain_2015_immigration_labour,https://www.cis.es/documents/20117/1556236/cues3119pdf.pdf,cues3119pdf.pdf,questionnaire,CIS,3119,"CIS study 3119's own questionnaire, listed on the study page; the cover's Nº ESTUDIO box reads 3119",2026-10-04
spain_2015_immigration_proximity,https://www.cis.es/documents/20117/1556236/MD3119.zip,codigo3119.pdf (inside MD3119.zip),codebook,CIS,3119,CIS study 3119 (Actitudes hacia la inmigración (VIII)): the build script reads ES3119; the PDF is headed 'CÓDIGO ESTUDIO 3.119' and covers the table's items p27 p27a p27b p27c,2026-10-04
spain_2015_immigration_proximity,https://www.cis.es/documents/20117/1556236/cues3119pdf.pdf,cues3119pdf.pdf,questionnaire,CIS,3119,"CIS study 3119's own questionnaire, listed on the study page; the cover's Nº ESTUDIO box reads 3119",2026-10-04
spain_2015_immigration_punishment,https://www.cis.es/documents/20117/1556236/MD3119.zip,codigo3119.pdf (inside MD3119.zip),codebook,CIS,3119,CIS study 3119 (Actitudes hacia la inmigración (VIII)): the build script reads ES3119; the PDF is headed 'CÓDIGO ESTUDIO 3.119' and covers the table's items p32 p33,2026-10-04
spain_2015_immigration_punishment,https://www.cis.es/documents/20117/1556236/cues3119pdf.pdf,cues3119pdf.pdf,questionnaire,CIS,3119,"CIS study 3119's own questionnaire, listed on the study page; the cover's Nº ESTUDIO box reads 3119",2026-10-04
spain_2015_immigration_rights,https://www.cis.es/documents/20117/1556236/MD3119.zip,codigo3119.pdf (inside MD3119.zip),codebook,CIS,3119,CIS study 3119 (Actitudes hacia la inmigración (VIII)): the build script reads ES3119; the PDF is headed 'CÓDIGO ESTUDIO 3.119' and covers the table's items p1301 p1302 p1303 p1304 p1305,2026-10-04
spain_2015_immigration_rights,https://www.cis.es/documents/20117/1556236/cues3119pdf.pdf,cues3119pdf.pdf,questionnaire,CIS,3119,"CIS study 3119's own questionnaire, listed on the study page; the cover's Nº ESTUDIO box reads 3119",2026-10-04
spain_2015_immigration_roma,https://www.cis.es/documents/20117/1556236/MD3119.zip,codigo3119.pdf (inside MD3119.zip),codebook,CIS,3119,CIS study 3119 (Actitudes hacia la inmigración (VIII)): the build script reads ES3119; the PDF is headed 'CÓDIGO ESTUDIO 3.119' and covers the table's items p2501 p2502 p2503 p2504 p2505 p2506 p2507 p2508,2026-10-04
spain_2015_immigration_roma,https://www.cis.es/documents/20117/1556236/cues3119pdf.pdf,cues3119pdf.pdf,questionnaire,CIS,3119,"CIS study 3119's own questionnaire, listed on the study page; the cover's Nº ESTUDIO box reads 3119",2026-10-04
spain_2016_cooperation_awareness,https://www.cis.es/documents/20117/1556286/MD3130.zip,codigos3130.pdf (inside MD3130.zip),codebook,CIS,3130,CIS study 3130 (Actitudes hacia la cooperación internacional (II)): the build script reads ES3130; the PDF is headed 'CÓDIGO ESTUDIO 3.130' and covers the table's items p10 p12 p17,2026-10-04
spain_2016_cooperation_awareness,https://www.cis.es/documents/20117/1556286/cues3130pdf.pdf,cues3130pdf.pdf,questionnaire,CIS,3130,"CIS study 3130's own questionnaire, listed on the study page; the cover's Nº ESTUDIO box reads 3130",2026-10-04
spain_2016_cooperation_duty,https://www.cis.es/documents/20117/1556286/MD3130.zip,codigos3130.pdf (inside MD3130.zip),codebook,CIS,3130,CIS study 3130 (Actitudes hacia la cooperación internacional (II)): the build script reads ES3130; the PDF is headed 'CÓDIGO ESTUDIO 3.130' and covers the table's items p5 p13,2026-10-04
spain_2016_cooperation_duty,https://www.cis.es/documents/20117/1556286/cues3130pdf.pdf,cues3130pdf.pdf,questionnaire,CIS,3130,"CIS study 3130's own questionnaire, listed on the study page; the cover's Nº ESTUDIO box reads 3130",2026-10-04
spain_2016_cooperation_funding,https://www.cis.es/documents/20117/1556286/MD3130.zip,codigos3130.pdf (inside MD3130.zip),codebook,CIS,3130,CIS study 3130 (Actitudes hacia la cooperación internacional (II)): the build script reads ES3130; the PDF is headed 'CÓDIGO ESTUDIO 3.130' and covers the table's items p2001 p2002,2026-10-04
spain_2016_cooperation_funding,https://www.cis.es/documents/20117/1556286/cues3130pdf.pdf,cues3130pdf.pdf,questionnaire,CIS,3130,"CIS study 3130's own questionnaire, listed on the study page; the cover's Nº ESTUDIO box reads 3130",2026-10-04
spain_2016_cooperation_interest,https://www.cis.es/documents/20117/1556286/MD3130.zip,codigos3130.pdf (inside MD3130.zip),codebook,CIS,3130,CIS study 3130 (Actitudes hacia la cooperación internacional (II)): the build script reads ES3130; the PDF is headed 'CÓDIGO ESTUDIO 3.130' and covers the table's items p1 p201 p202 p203 p204 p205 p206 p207 p208,2026-10-04
spain_2016_cooperation_interest,https://www.cis.es/documents/20117/1556286/cues3130pdf.pdf,cues3130pdf.pdf,questionnaire,CIS,3130,"CIS study 3130's own questionnaire, listed on the study page; the cover's Nº ESTUDIO box reads 3130",2026-10-04
spain_2016_pain_beliefs,https://www.cis.es/documents/20117/1556321/MD3137.zip,codigo3137.pdf (inside MD3137.zip),codebook,CIS,3137,CIS study 3137 (Percepciones sociales del dolor): the build script reads ES3137; the PDF is headed 'CÓDIGO ESTUDIO 3.137' and covers the table's items p25_1 p25_2 p25_3 p25_4 p25_5 p25_6 p25_7 p25_8,2026-10-04
spain_2016_pain_beliefs,https://www.cis.es/documents/20117/1556321/cues3137pdf.pdf,cues3137pdf.pdf,questionnaire,CIS,3137,"CIS study 3137's own questionnaire, listed on the study page; the cover's Nº ESTUDIO box reads 3137",2026-10-04
spain_2016_pain_coping,https://www.cis.es/documents/20117/1556321/MD3137.zip,codigo3137.pdf (inside MD3137.zip),codebook,CIS,3137,CIS study 3137 (Percepciones sociales del dolor): the build script reads ES3137; the PDF is headed 'CÓDIGO ESTUDIO 3.137' and covers the table's items p21_1 p21_2 p21_3,2026-10-04
spain_2016_pain_coping,https://www.cis.es/documents/20117/1556321/cues3137pdf.pdf,cues3137pdf.pdf,questionnaire,CIS,3137,"CIS study 3137's own questionnaire, listed on the study page; the cover's Nº ESTUDIO box reads 3137",2026-10-04
spain_2016_pain_difficulty,https://www.cis.es/documents/20117/1556321/MD3137.zip,codigo3137.pdf (inside MD3137.zip),codebook,CIS,3137,CIS study 3137 (Percepciones sociales del dolor): the build script reads ES3137; the PDF is headed 'CÓDIGO ESTUDIO 3.137' and covers the table's items p16 p17,2026-10-04
spain_2016_pain_difficulty,https://www.cis.es/documents/20117/1556321/cues3137pdf.pdf,cues3137pdf.pdf,questionnaire,CIS,3137,"CIS study 3137's own questionnaire, listed on the study page; the cover's Nº ESTUDIO box reads 3137",2026-10-04
spain_2016_pain_effectiveness,https://www.cis.es/documents/20117/1556321/MD3137.zip,codigo3137.pdf (inside MD3137.zip),codebook,CIS,3137,CIS study 3137 (Percepciones sociales del dolor): the build script reads ES3137; the PDF is headed 'CÓDIGO ESTUDIO 3.137' and covers the table's items p18a p19a,2026-10-04
spain_2016_pain_effectiveness,https://www.cis.es/documents/20117/1556321/cues3137pdf.pdf,cues3137pdf.pdf,questionnaire,CIS,3137,"CIS study 3137's own questionnaire, listed on the study page; the cover's Nº ESTUDIO box reads 3137",2026-10-04
spain_2016_pain_fitness,https://www.cis.es/documents/20117/1556321/MD3137.zip,codigo3137.pdf (inside MD3137.zip),codebook,CIS,3137,CIS study 3137 (Percepciones sociales del dolor): the build script reads ES3137; the PDF is headed 'CÓDIGO ESTUDIO 3.137' and covers the table's items p29 p34,2026-10-04
spain_2016_pain_fitness,https://www.cis.es/documents/20117/1556321/cues3137pdf.pdf,cues3137pdf.pdf,questionnaire,CIS,3137,"CIS study 3137's own questionnaire, listed on the study page; the cover's Nº ESTUDIO box reads 3137",2026-10-04
spain_2016_pain_frequency,https://www.cis.es/documents/20117/1556321/MD3137.zip,codigo3137.pdf (inside MD3137.zip),codebook,CIS,3137,CIS study 3137 (Percepciones sociales del dolor): the build script reads ES3137; the PDF is headed 'CÓDIGO ESTUDIO 3.137' and covers the table's items p8 p15,2026-10-04
spain_2016_pain_frequency,https://www.cis.es/documents/20117/1556321/cues3137pdf.pdf,cues3137pdf.pdf,questionnaire,CIS,3137,"CIS study 3137's own questionnaire, listed on the study page; the cover's Nº ESTUDIO box reads 3137",2026-10-04
spain_2016_pain_health,https://www.cis.es/documents/20117/1556321/MD3137.zip,codigo3137.pdf (inside MD3137.zip),codebook,CIS,3137,CIS study 3137 (Percepciones sociales del dolor): the build script reads ES3137; the PDF is headed 'CÓDIGO ESTUDIO 3.137' and covers the table's items p3 p4 p5,2026-10-04
spain_2016_pain_health,https://www.cis.es/documents/20117/1556321/cues3137pdf.pdf,cues3137pdf.pdf,questionnaire,CIS,3137,"CIS study 3137's own questionnaire, listed on the study page; the cover's Nº ESTUDIO box reads 3137",2026-10-04
spain_2016_pain_personality,https://www.cis.es/documents/20117/1556321/MD3137.zip,codigo3137.pdf (inside MD3137.zip),codebook,CIS,3137,CIS study 3137 (Percepciones sociales del dolor): the build script reads ES3137; the PDF is headed 'CÓDIGO ESTUDIO 3.137' and covers the table's items p27_1 p27_2 p27_3 p27_4 p27_5 p27_6 p27_7 p27_8 p27_9 p27_10,2026-10-04
spain_2016_pain_personality,https://www.cis.es/documents/20117/1556321/cues3137pdf.pdf,cues3137pdf.pdf,questionnaire,CIS,3137,"CIS study 3137's own questionnaire, listed on the study page; the cover's Nº ESTUDIO box reads 3137",2026-10-04
spain_2016_pain_social,https://www.cis.es/documents/20117/1556321/MD3137.zip,codigo3137.pdf (inside MD3137.zip),codebook,CIS,3137,CIS study 3137 (Percepciones sociales del dolor): the build script reads ES3137; the PDF is headed 'CÓDIGO ESTUDIO 3.137' and covers the table's items p26_1 p26_2 p26_3 p26_4,2026-10-04
spain_2016_pain_social,https://www.cis.es/documents/20117/1556321/cues3137pdf.pdf,cues3137pdf.pdf,questionnaire,CIS,3137,"CIS study 3137's own questionnaire, listed on the study page; the cover's Nº ESTUDIO box reads 3137",2026-10-04
spain_2016_pain_support,https://www.cis.es/documents/20117/1556321/MD3137.zip,codigo3137.pdf (inside MD3137.zip),codebook,CIS,3137,CIS study 3137 (Percepciones sociales del dolor): the build script reads ES3137; the PDF is headed 'CÓDIGO ESTUDIO 3.137' and covers the table's items p20_1 p20_2 p20_3,2026-10-04
spain_2016_pain_support,https://www.cis.es/documents/20117/1556321/cues3137pdf.pdf,cues3137pdf.pdf,questionnaire,CIS,3137,"CIS study 3137's own questionnaire, listed on the study page; the cover's Nº ESTUDIO box reads 3137",2026-10-04
spain_2016_pain_wellbeing,https://www.cis.es/documents/20117/1556321/MD3137.zip,codigo3137.pdf (inside MD3137.zip),codebook,CIS,3137,CIS study 3137 (Percepciones sociales del dolor): the build script reads ES3137; the PDF is headed 'CÓDIGO ESTUDIO 3.137' and covers the table's items p1_1 p1_2 p1_3 p1_4 p1_5 p1_6 p2,2026-10-04
spain_2016_pain_wellbeing,https://www.cis.es/documents/20117/1556321/cues3137pdf.pdf,cues3137pdf.pdf,questionnaire,CIS,3137,"CIS study 3137's own questionnaire, listed on the study page; the cover's Nº ESTUDIO box reads 3137",2026-10-04
spain_2017_politics_agreement,https://www.cis.es/documents/20117/1556551/MD3184.zip,codigo3184.pdf (inside MD3184.zip),codebook,CIS,3184,CIS study 3184 (Opinión pública y política fiscal (XXXIV)): the build script reads DA3184; the PDF is headed 'CÓDIGO ESTUDIO 3.184' and covers the table's items p2301 p2302 p2303 p2304,2026-10-04
spain_2017_politics_agreement,https://www.cis.es/documents/20117/1556551/cues3184.pdf,cues3184.pdf,questionnaire,CIS,3184,"CIS study 3184's own questionnaire, listed on the study page; the cover's Nº ESTUDIO box reads 3184",2026-10-04
spain_2017_politics_attitudes,https://www.cis.es/documents/20117/1556551/MD3184.zip,codigo3184.pdf (inside MD3184.zip),codebook,CIS,3184,CIS study 3184 (Opinión pública y política fiscal (XXXIV)): the build script reads DA3184; the PDF is headed 'CÓDIGO ESTUDIO 3.184' and covers the table's items p2501 p2502 p2503,2026-10-04
spain_2017_politics_attitudes,https://www.cis.es/documents/20117/1556551/cues3184.pdf,cues3184.pdf,questionnaire,CIS,3184,"CIS study 3184's own questionnaire, listed on the study page; the cover's Nº ESTUDIO box reads 3184",2026-10-04
spain_2017_politics_burden,https://www.cis.es/documents/20117/1556551/MD3184.zip,codigo3184.pdf (inside MD3184.zip),codebook,CIS,3184,CIS study 3184 (Opinión pública y política fiscal (XXXIV)): the build script reads DA3184; the PDF is headed 'CÓDIGO ESTUDIO 3.184' and covers the table's items p10 p11 p12 p13,2026-10-04
spain_2017_politics_burden,https://www.cis.es/documents/20117/1556551/cues3184.pdf,cues3184.pdf,questionnaire,CIS,3184,"CIS study 3184's own questionnaire, listed on the study page; the cover's Nº ESTUDIO box reads 3184",2026-10-04
spain_2017_politics_citizenship,https://www.cis.es/documents/20117/1556551/MD3184.zip,codigo3184.pdf (inside MD3184.zip),codebook,CIS,3184,CIS study 3184 (Opinión pública y política fiscal (XXXIV)): the build script reads DA3184; the PDF is headed 'CÓDIGO ESTUDIO 3.184' and covers the table's items p401 p402 p403 p404 p405 p406,2026-10-04
spain_2017_politics_citizenship,https://www.cis.es/documents/20117/1556551/cues3184.pdf,cues3184.pdf,questionnaire,CIS,3184,"CIS study 3184's own questionnaire, listed on the study page; the cover's Nº ESTUDIO box reads 3184",2026-10-04
spain_2017_politics_conscience,https://www.cis.es/documents/20117/1556551/MD3184.zip,codigo3184.pdf (inside MD3184.zip),codebook,CIS,3184,CIS study 3184 (Opinión pública y política fiscal (XXXIV)): the build script reads DA3184; the PDF is headed 'CÓDIGO ESTUDIO 3.184' and covers the table's items p16 p17,2026-10-04
spain_2017_politics_conscience,https://www.cis.es/documents/20117/1556551/cues3184.pdf,cues3184.pdf,questionnaire,CIS,3184,"CIS study 3184's own questionnaire, listed on the study page; the cover's Nº ESTUDIO box reads 3184",2026-10-04
spain_2017_politics_discussion,https://www.cis.es/documents/20117/1556551/MD3184.zip,codigo3184.pdf (inside MD3184.zip),codebook,CIS,3184,CIS study 3184 (Opinión pública y política fiscal (XXXIV)): the build script reads DA3184; the PDF is headed 'CÓDIGO ESTUDIO 3.184' and covers the table's items p2601 p2602 p2603,2026-10-04
spain_2017_politics_discussion,https://www.cis.es/documents/20117/1556551/cues3184.pdf,cues3184.pdf,questionnaire,CIS,3184,"CIS study 3184's own questionnaire, listed on the study page; the cover's Nº ESTUDIO box reads 3184",2026-10-04
spain_2017_politics_fraud,https://www.cis.es/documents/20117/1556551/MD3184.zip,codigo3184.pdf (inside MD3184.zip),codebook,CIS,3184,CIS study 3184 (Opinión pública y política fiscal (XXXIV)): the build script reads DA3184; the PDF is headed 'CÓDIGO ESTUDIO 3.184' and covers the table's items p18 p19 p20 p24,2026-10-04
spain_2017_politics_fraud,https://www.cis.es/documents/20117/1556551/cues3184.pdf,cues3184.pdf,questionnaire,CIS,3184,"CIS study 3184's own questionnaire, listed on the study page; the cover's Nº ESTUDIO box reads 3184",2026-10-04
spain_2017_politics_services,https://www.cis.es/documents/20117/1556551/MD3184.zip,codigo3184.pdf (inside MD3184.zip),codebook,CIS,3184,CIS study 3184 (Opinión pública y política fiscal (XXXIV)): the build script reads DA3184; the PDF is headed 'CÓDIGO ESTUDIO 3.184' and covers the table's items p601 p602 p603 p604 p605 p606 p607 p608 p609,2026-10-04
spain_2017_politics_services,https://www.cis.es/documents/20117/1556551/cues3184.pdf,cues3184.pdf,questionnaire,CIS,3184,"CIS study 3184's own questionnaire, listed on the study page; the cover's Nº ESTUDIO box reads 3184",2026-10-04
spain_2017_politics_spending,https://www.cis.es/documents/20117/1556551/MD3184.zip,codigo3184.pdf (inside MD3184.zip),codebook,CIS,3184,CIS study 3184 (Opinión pública y política fiscal (XXXIV)): the build script reads DA3184; the PDF is headed 'CÓDIGO ESTUDIO 3.184' and covers the table's items p801 p802 p803 p804 p805 p806 p807 p808 p809 p810 p811 p812 p813 p814 p815,2026-10-04
spain_2017_politics_spending,https://www.cis.es/documents/20117/1556551/cues3184.pdf,cues3184.pdf,questionnaire,CIS,3184,"CIS study 3184's own questionnaire, listed on the study page; the cover's Nº ESTUDIO box reads 3184",2026-10-04
spain_2017_politics_wellbeing,https://www.cis.es/documents/20117/1556551/MD3184.zip,codigo3184.pdf (inside MD3184.zip),codebook,CIS,3184,CIS study 3184 (Opinión pública y política fiscal (XXXIV)): the build script reads DA3184; the PDF is headed 'CÓDIGO ESTUDIO 3.184' and covers the table's items p101 p102 p103 p104 p2,2026-10-04
spain_2017_politics_wellbeing,https://www.cis.es/documents/20117/1556551/cues3184.pdf,cues3184.pdf,questionnaire,CIS,3184,"CIS study 3184's own questionnaire, listed on the study page; the cover's Nº ESTUDIO box reads 3184",2026-10-04
spain_2018_housing_amenities,https://www.cis.es/documents/20117/1556711/MD3212.zip,codigo3212.pdf (inside MD3212.zip),codebook,CIS,3212,CIS study 3212 (Barómetro de la vivienda y el alquiler): the build script reads ES3212; the PDF is headed 'CÓDIGO ESTUDIO 3.212' and covers the table's items P6_1 P6_2 P6_3 P6_4 P6_5 P6_6,2026-10-04
spain_2018_housing_amenities,https://www.cis.es/documents/20117/1556711/cues3212pdf.pdf,cues3212pdf.pdf,questionnaire,CIS,3212,"CIS study 3212's own questionnaire, listed on the study page; the cover's Nº ESTUDIO box reads 3212",2026-10-04
spain_2018_housing_building,https://www.cis.es/documents/20117/1556711/MD3212.zip,codigo3212.pdf (inside MD3212.zip),codebook,CIS,3212,CIS study 3212 (Barómetro de la vivienda y el alquiler): the build script reads ES3212; the PDF is headed 'CÓDIGO ESTUDIO 3.212' and covers the table's items P12 P13_1 P13_2 P13_3 P13_4 P13_5 P13_6 P13_7,2026-10-04
spain_2018_housing_building,https://www.cis.es/documents/20117/1556711/cues3212pdf.pdf,cues3212pdf.pdf,questionnaire,CIS,3212,"CIS study 3212's own questionnaire, listed on the study page; the cover's Nº ESTUDIO box reads 3212",2026-10-04
spain_2018_housing_dwelling,https://www.cis.es/documents/20117/1556711/MD3212.zip,codigo3212.pdf (inside MD3212.zip),codebook,CIS,3212,CIS study 3212 (Barómetro de la vivienda y el alquiler): the build script reads ES3212; the PDF is headed 'CÓDIGO ESTUDIO 3.212' and covers the table's items P9_1 P9_2 P9_3 P9_4 P9_5 P9_6,2026-10-04
spain_2018_housing_dwelling,https://www.cis.es/documents/20117/1556711/cues3212pdf.pdf,cues3212pdf.pdf,questionnaire,CIS,3212,"CIS study 3212's own questionnaire, listed on the study page; the cover's Nº ESTUDIO box reads 3212",2026-10-04
spain_2018_housing_measures,https://www.cis.es/documents/20117/1556711/MD3212.zip,codigo3212.pdf (inside MD3212.zip),codebook,CIS,3212,CIS study 3212 (Barómetro de la vivienda y el alquiler): the build script reads ES3212; the PDF is headed 'CÓDIGO ESTUDIO 3.212' and covers the table's items P27_1 P27_2 P27_3 P27_4 P27_5 P27_6,2026-10-04
spain_2018_housing_measures,https://www.cis.es/documents/20117/1556711/cues3212pdf.pdf,cues3212pdf.pdf,questionnaire,CIS,3212,"CIS study 3212's own questionnaire, listed on the study page; the cover's Nº ESTUDIO box reads 3212",2026-10-04
spain_2018_housing_neighborhood,https://www.cis.es/documents/20117/1556711/MD3212.zip,codigo3212.pdf (inside MD3212.zip),codebook,CIS,3212,CIS study 3212 (Barómetro de la vivienda y el alquiler): the build script reads ES3212; the PDF is headed 'CÓDIGO ESTUDIO 3.212' and covers the table's items P3_1 P3_2 P3_3 P3_4 P3_5 P3_6 P3_7 P3_8 P3_9 P3_10,2026-10-04
spain_2018_housing_neighborhood,https://www.cis.es/documents/20117/1556711/cues3212pdf.pdf,cues3212pdf.pdf,questionnaire,CIS,3212,"CIS study 3212's own questionnaire, listed on the study page; the cover's Nº ESTUDIO box reads 3212",2026-10-04
spain_2018_housing_opinions,https://www.cis.es/documents/20117/1556711/MD3212.zip,codigo3212.pdf (inside MD3212.zip),codebook,CIS,3212,CIS study 3212 (Barómetro de la vivienda y el alquiler): the build script reads ES3212; the PDF is headed 'CÓDIGO ESTUDIO 3.212' and covers the table's items P25_1 P25_2 P25_3 P25_4 P25_5,2026-10-04
spain_2018_housing_opinions,https://www.cis.es/documents/20117/1556711/cues3212pdf.pdf,cues3212pdf.pdf,questionnaire,CIS,3212,"CIS study 3212's own questionnaire, listed on the study page; the cover's Nº ESTUDIO box reads 3212",2026-10-04
spain_2018_housing_ownership,https://www.cis.es/documents/20117/1556711/MD3212.zip,codigo3212.pdf (inside MD3212.zip),codebook,CIS,3212,CIS study 3212 (Barómetro de la vivienda y el alquiler): the build script reads ES3212; the PDF is headed 'CÓDIGO ESTUDIO 3.212' and covers the table's items P21_1 P21_2 P21_3 P21_4,2026-10-04
spain_2018_housing_ownership,https://www.cis.es/documents/20117/1556711/cues3212pdf.pdf,cues3212pdf.pdf,questionnaire,CIS,3212,"CIS study 3212's own questionnaire, listed on the study page; the cover's Nº ESTUDIO box reads 3212",2026-10-04
spain_2018_housing_problems,https://www.cis.es/documents/20117/1556711/MD3212.zip,codigo3212.pdf (inside MD3212.zip),codebook,CIS,3212,CIS study 3212 (Barómetro de la vivienda y el alquiler): the build script reads ES3212; the PDF is headed 'CÓDIGO ESTUDIO 3.212' and covers the table's items P4_1 P4_2 P4_3 P4_4 P4_5 P4_6 P4_7,2026-10-04
spain_2018_housing_problems,https://www.cis.es/documents/20117/1556711/cues3212pdf.pdf,cues3212pdf.pdf,questionnaire,CIS,3212,"CIS study 3212's own questionnaire, listed on the study page; the cover's Nº ESTUDIO box reads 3212",2026-10-04
spain_2018_housing_rentals,https://www.cis.es/documents/20117/1556711/MD3212.zip,codigo3212.pdf (inside MD3212.zip),codebook,CIS,3212,CIS study 3212 (Barómetro de la vivienda y el alquiler): the build script reads ES3212; the PDF is headed 'CÓDIGO ESTUDIO 3.212' and covers the table's items P22 P23 P24,2026-10-04
spain_2018_housing_rentals,https://www.cis.es/documents/20117/1556711/cues3212pdf.pdf,cues3212pdf.pdf,questionnaire,CIS,3212,"CIS study 3212's own questionnaire, listed on the study page; the cover's Nº ESTUDIO box reads 3212",2026-10-04
spain_2023_identity_authenticity,https://www.cis.es/documents/20117/1557711/MD3409.zip,codigo3409.pdf (inside MD3409.zip),codebook,CIS,3409,"CIS study 3409 (sobre identidades culturales, nacionales y europeas): the build script reads 3409_num.csv; the PDF is headed 'CÓDIGO ESTUDIO 3.409' and covers the table's items p8_1 p8_2 p8_3 p8_4 p8_5",2026-10-04
spain_2023_identity_authenticity,https://www.cis.es/documents/20117/1557711/cues3409pdf.pdf,cues3409pdf.pdf,questionnaire,CIS,3409,"CIS study 3409's own questionnaire, listed on the study page; the cover's Nº ESTUDIO box reads 3409",2026-10-04
spain_2023_identity_centralism,https://www.cis.es/documents/20117/1557711/MD3409.zip,codigo3409.pdf (inside MD3409.zip),codebook,CIS,3409,"CIS study 3409 (sobre identidades culturales, nacionales y europeas): the build script reads 3409_num.csv; the PDF is headed 'CÓDIGO ESTUDIO 3.409' and covers the table's items escalacentralismo_1 escalacentralismo_2 escalacentralismo_3 escalacentralismo_4 escalacentralismo_5 escalacentralismo_6",2026-10-04
spain_2023_identity_centralism,https://www.cis.es/documents/20117/1557711/cues3409pdf.pdf,cues3409pdf.pdf,questionnaire,CIS,3409,"CIS study 3409's own questionnaire, listed on the study page; the cover's Nº ESTUDIO box reads 3409",2026-10-04
spain_2023_identity_europe,https://www.cis.es/documents/20117/1557711/MD3409.zip,codigo3409.pdf (inside MD3409.zip),codebook,CIS,3409,"CIS study 3409 (sobre identidades culturales, nacionales y europeas): the build script reads 3409_num.csv; the PDF is headed 'CÓDIGO ESTUDIO 3.409' and covers the table's items p16 p17",2026-10-04
spain_2023_identity_europe,https://www.cis.es/documents/20117/1557711/cues3409pdf.pdf,cues3409pdf.pdf,questionnaire,CIS,3409,"CIS study 3409's own questionnaire, listed on the study page; the cover's Nº ESTUDIO box reads 3409",2026-10-04
spain_2023_identity_identification,https://www.cis.es/documents/20117/1557711/MD3409.zip,codigo3409.pdf (inside MD3409.zip),codebook,CIS,3409,"CIS study 3409 (sobre identidades culturales, nacionales y europeas): the build script reads 3409_num.csv; the PDF is headed 'CÓDIGO ESTUDIO 3.409' and covers the table's items p5_1 p5_2 p5_3 p5_4 p5_5 p5_6 p5_7 p5_8 p5_9",2026-10-04
spain_2023_identity_identification,https://www.cis.es/documents/20117/1557711/cues3409pdf.pdf,cues3409pdf.pdf,questionnaire,CIS,3409,"CIS study 3409's own questionnaire, listed on the study page; the cover's Nº ESTUDIO box reads 3409",2026-10-04
spain_2023_identity_patriotism,https://www.cis.es/documents/20117/1557711/MD3409.zip,codigo3409.pdf (inside MD3409.zip),codebook,CIS,3409,"CIS study 3409 (sobre identidades culturales, nacionales y europeas): the build script reads 3409_num.csv; the PDF is headed 'CÓDIGO ESTUDIO 3.409' and covers the table's items p9_1 p9_2 p9_3",2026-10-04
spain_2023_identity_patriotism,https://www.cis.es/documents/20117/1557711/cues3409pdf.pdf,cues3409pdf.pdf,questionnaire,CIS,3409,"CIS study 3409's own questionnaire, listed on the study page; the cover's Nº ESTUDIO box reads 3409",2026-10-04
spain_2023_identity_pride,https://www.cis.es/documents/20117/1557711/MD3409.zip,codigo3409.pdf (inside MD3409.zip),codebook,CIS,3409,"CIS study 3409 (sobre identidades culturales, nacionales y europeas): the build script reads 3409_num.csv; the PDF is headed 'CÓDIGO ESTUDIO 3.409' and covers the table's items p11 p12",2026-10-04
spain_2023_identity_pride,https://www.cis.es/documents/20117/1557711/cues3409pdf.pdf,cues3409pdf.pdf,questionnaire,CIS,3409,"CIS study 3409's own questionnaire, listed on the study page; the cover's Nº ESTUDIO box reads 3409",2026-10-04
spain_2023_identity_state,https://www.cis.es/documents/20117/1557711/MD3409.zip,codigo3409.pdf (inside MD3409.zip),codebook,CIS,3409,"CIS study 3409 (sobre identidades culturales, nacionales y europeas): the build script reads 3409_num.csv; the PDF is headed 'CÓDIGO ESTUDIO 3.409' and covers the table's items p13 p14",2026-10-04
spain_2023_identity_state,https://www.cis.es/documents/20117/1557711/cues3409pdf.pdf,cues3409pdf.pdf,questionnaire,CIS,3409,"CIS study 3409's own questionnaire, listed on the study page; the cover's Nº ESTUDIO box reads 3409",2026-10-04
spain_2023_identity_territorial,https://www.cis.es/documents/20117/1557711/MD3409.zip,codigo3409.pdf (inside MD3409.zip),codebook,CIS,3409,"CIS study 3409 (sobre identidades culturales, nacionales y europeas): the build script reads 3409_num.csv; the PDF is headed 'CÓDIGO ESTUDIO 3.409' and covers the table's items p7_1 p7_2 p7_3 p7_4 p7_5",2026-10-04
spain_2023_identity_territorial,https://www.cis.es/documents/20117/1557711/cues3409pdf.pdf,cues3409pdf.pdf,questionnaire,CIS,3409,"CIS study 3409's own questionnaire, listed on the study page; the cover's Nº ESTUDIO box reads 3409",2026-10-04
spain_2023_science_activities,https://www.cis.es/documents/20117/1557696/MD3406.zip,codigo3406.pdf (inside MD3406.zip),codebook,CIS,3406,CIS study 3406 (Percepción de la ciencia y la tecnología): the build script reads 3406_num.csv; the PDF is headed 'CÓDIGO ESTUDIO 3.406' and covers the table's items p5_1 p5_2 p5_3 p5_4 p5_5 p5_6,2026-10-04
spain_2023_science_activities,https://www.cis.es/documents/20117/1557696/cues3406pdf.pdf,cues3406pdf.pdf,questionnaire,CIS,3406,"CIS study 3406's own questionnaire, listed on the study page; the cover's Nº ESTUDIO box reads 3406",2026-10-04
spain_2023_science_benefits,https://www.cis.es/documents/20117/1557696/MD3406.zip,codigo3406.pdf (inside MD3406.zip),codebook,CIS,3406,CIS study 3406 (Percepción de la ciencia y la tecnología): the build script reads 3406_num.csv; the PDF is headed 'CÓDIGO ESTUDIO 3.406' and covers the table's items p10_1 p10_2 p10_3 p10_4,2026-10-04
spain_2023_science_benefits,https://www.cis.es/documents/20117/1557696/cues3406pdf.pdf,cues3406pdf.pdf,questionnaire,CIS,3406,"CIS study 3406's own questionnaire, listed on the study page; the cover's Nº ESTUDIO box reads 3406",2026-10-04
spain_2023_science_cuts,https://www.cis.es/documents/20117/1557696/MD3406.zip,codigo3406.pdf (inside MD3406.zip),codebook,CIS,3406,CIS study 3406 (Percepción de la ciencia y la tecnología): the build script reads 3406_num.csv; the PDF is headed 'CÓDIGO ESTUDIO 3.406' and covers the table's items p14 p15 p16,2026-10-04
spain_2023_science_cuts,https://www.cis.es/documents/20117/1557696/cues3406pdf.pdf,cues3406pdf.pdf,questionnaire,CIS,3406,"CIS study 3406's own questionnaire, listed on the study page; the cover's Nº ESTUDIO box reads 3406",2026-10-04
spain_2023_science_dangers,https://www.cis.es/documents/20117/1557696/MD3406.zip,codigo3406.pdf (inside MD3406.zip),codebook,CIS,3406,CIS study 3406 (Percepción de la ciencia y la tecnología): the build script reads 3406_num.csv; the PDF is headed 'CÓDIGO ESTUDIO 3.406' and covers the table's items p11_1 p11_2 p11_3 p11_4,2026-10-04
spain_2023_science_dangers,https://www.cis.es/documents/20117/1557696/cues3406pdf.pdf,cues3406pdf.pdf,questionnaire,CIS,3406,"CIS study 3406's own questionnaire, listed on the study page; the cover's Nº ESTUDIO box reads 3406",2026-10-04
spain_2023_science_engagement,https://www.cis.es/documents/20117/1557696/MD3406.zip,codigo3406.pdf (inside MD3406.zip),codebook,CIS,3406,CIS study 3406 (Percepción de la ciencia y la tecnología): the build script reads 3406_num.csv; the PDF is headed 'CÓDIGO ESTUDIO 3.406' and covers the table's items p6_1 p6_2 p6_3 p6_4,2026-10-04
spain_2023_science_engagement,https://www.cis.es/documents/20117/1557696/cues3406pdf.pdf,cues3406pdf.pdf,questionnaire,CIS,3406,"CIS study 3406's own questionnaire, listed on the study page; the cover's Nº ESTUDIO box reads 3406",2026-10-04
spain_2023_science_functions,https://www.cis.es/documents/20117/1557696/MD3406.zip,codigo3406.pdf (inside MD3406.zip),codebook,CIS,3406,CIS study 3406 (Percepción de la ciencia y la tecnología): the build script reads 3406_num.csv; the PDF is headed 'CÓDIGO ESTUDIO 3.406' and covers the table's items p9_1 p9_2 p9_3 p9_4 p9_5,2026-10-04
spain_2023_science_functions,https://www.cis.es/documents/20117/1557696/cues3406pdf.pdf,cues3406pdf.pdf,questionnaire,CIS,3406,"CIS study 3406's own questionnaire, listed on the study page; the cover's Nº ESTUDIO box reads 3406",2026-10-04
spain_2023_science_future,https://www.cis.es/documents/20117/1557696/MD3406.zip,codigo3406.pdf (inside MD3406.zip),codebook,CIS,3406,CIS study 3406 (Percepción de la ciencia y la tecnología): the build script reads 3406_num.csv; the PDF is headed 'CÓDIGO ESTUDIO 3.406' and covers the table's items p12 p13,2026-10-04
spain_2023_science_future,https://www.cis.es/documents/20117/1557696/cues3406pdf.pdf,cues3406pdf.pdf,questionnaire,CIS,3406,"CIS study 3406's own questionnaire, listed on the study page; the cover's Nº ESTUDIO box reads 3406",2026-10-04
spain_2023_science_interest,https://www.cis.es/documents/20117/1557696/MD3406.zip,codigo3406.pdf (inside MD3406.zip),codebook,CIS,3406,CIS study 3406 (Percepción de la ciencia y la tecnología): the build script reads 3406_num.csv; the PDF is headed 'CÓDIGO ESTUDIO 3.406' and covers the table's items p1 p2_1 p2_2 p2_3 p2_4 p2_5 p2_6 p2_7,2026-10-04
spain_2023_science_interest,https://www.cis.es/documents/20117/1557696/cues3406pdf.pdf,cues3406pdf.pdf,questionnaire,CIS,3406,"CIS study 3406's own questionnaire, listed on the study page; the cover's Nº ESTUDIO box reads 3406",2026-10-04
spain_2023_science_science,https://www.cis.es/documents/20117/1557696/MD3406.zip,codigo3406.pdf (inside MD3406.zip),codebook,CIS,3406,CIS study 3406 (Percepción de la ciencia y la tecnología): the build script reads 3406_num.csv; the PDF is headed 'CÓDIGO ESTUDIO 3.406' and covers the table's items p3es_1 p3es_2 p3es_3 p3es_4 p3es_5 p3es_6,2026-10-04
spain_2023_science_science,https://www.cis.es/documents/20117/1557696/cues3406pdf.pdf,cues3406pdf.pdf,questionnaire,CIS,3406,"CIS study 3406's own questionnaire, listed on the study page; the cover's Nº ESTUDIO box reads 3406",2026-10-04
spain_2023_science_situations,https://www.cis.es/documents/20117/1557696/MD3406.zip,codigo3406.pdf (inside MD3406.zip),codebook,CIS,3406,CIS study 3406 (Percepción de la ciencia y la tecnología): the build script reads 3406_num.csv; the PDF is headed 'CÓDIGO ESTUDIO 3.406' and covers the table's items p8es_1 p8es_2 p8es_3 p8es_4,2026-10-04
spain_2023_science_situations,https://www.cis.es/documents/20117/1557696/cues3406pdf.pdf,cues3406pdf.pdf,questionnaire,CIS,3406,"CIS study 3406's own questionnaire, listed on the study page; the cover's Nº ESTUDIO box reads 3406",2026-10-04
spain_2023_science_technology,https://www.cis.es/documents/20117/1557696/MD3406.zip,codigo3406.pdf (inside MD3406.zip),codebook,CIS,3406,CIS study 3406 (Percepción de la ciencia y la tecnología): the build script reads 3406_num.csv; the PDF is headed 'CÓDIGO ESTUDIO 3.406' and covers the table's items p4es_1 p4es_2 p4es_3 p4es_4 p4es_5 p4es_6,2026-10-04
spain_2023_science_technology,https://www.cis.es/documents/20117/1557696/cues3406pdf.pdf,cues3406pdf.pdf,questionnaire,CIS,3406,"CIS study 3406's own questionnaire, listed on the study page; the cover's Nº ESTUDIO box reads 3406",2026-10-04
spain_2023_science_utility,https://www.cis.es/documents/20117/1557696/MD3406.zip,codigo3406.pdf (inside MD3406.zip),codebook,CIS,3406,CIS study 3406 (Percepción de la ciencia y la tecnología): the build script reads 3406_num.csv; the PDF is headed 'CÓDIGO ESTUDIO 3.406' and covers the table's items p7es_1 p7es_2 p7es_3 p7es_4,2026-10-04
spain_2023_science_utility,https://www.cis.es/documents/20117/1557696/cues3406pdf.pdf,cues3406pdf.pdf,questionnaire,CIS,3406,"CIS study 3406's own questionnaire, listed on the study page; the cover's Nº ESTUDIO box reads 3406",2026-10-04
spain_2024_ideology_discomfort,https://www.cis.es/documents/20117/13449334/MD3480.zip,codigo3480.pdf (inside MD3480.zip),codebook,CIS,3480,CIS study 3480 (Ideología y polarización): the build script reads 3480_num.csv; the PDF is headed 'CÓDIGO ESTUDIO 3.480' and covers the table's items incomoambi_1 incomoambi_2 incomoambi_3,2026-10-04
spain_2024_ideology_discomfort,https://www.cis.es/documents/20117/13449334/cues3480.pdf,cues3480.pdf,questionnaire,CIS,3480,"CIS study 3480's own questionnaire, listed on the study page; the cover's Nº ESTUDIO box reads 3480",2026-10-04
spain_2024_ideology_identity,https://www.cis.es/documents/20117/13449334/MD3480.zip,codigo3480.pdf (inside MD3480.zip),codebook,CIS,3480,CIS study 3480 (Ideología y polarización): the build script reads 3480_num.csv; the PDF is headed 'CÓDIGO ESTUDIO 3.480' and covers the table's items p2_1 p2_2 p2_3 p2_4 p2_5 p2_6 p2_7 p2_8 p2_9 p2_10 p2_11 p2_12,2026-10-04
spain_2024_ideology_identity,https://www.cis.es/documents/20117/13449334/cues3480.pdf,cues3480.pdf,questionnaire,CIS,3480,"CIS study 3480's own questionnaire, listed on the study page; the cover's Nº ESTUDIO box reads 3480",2026-10-04
spain_2024_ideology_leaders,https://www.cis.es/documents/20117/13449334/MD3480.zip,codigo3480.pdf (inside MD3480.zip),codebook,CIS,3480,CIS study 3480 (Ideología y polarización): the build script reads 3480_num.csv; the PDF is headed 'CÓDIGO ESTUDIO 3.480' and covers the table's items liderespol_1 liderespol_2 liderespol_3 liderespol_4 liderespol_5 liderespol_6 liderespol_7 liderespol_8 liderespol_9 liderespol_10 liderespol_11 liderespol_12,2026-10-04
spain_2024_ideology_leaders,https://www.cis.es/documents/20117/13449334/cues3480.pdf,cues3480.pdf,questionnaire,CIS,3480,"CIS study 3480's own questionnaire, listed on the study page; the cover's Nº ESTUDIO box reads 3480",2026-10-04
spain_2024_ideology_parties,https://www.cis.es/documents/20117/13449334/MD3480.zip,codigo3480.pdf (inside MD3480.zip),codebook,CIS,3480,CIS study 3480 (Ideología y polarización): the build script reads 3480_num.csv; the PDF is headed 'CÓDIGO ESTUDIO 3.480' and covers the table's items valorapart_1 valorapart_2 valorapart_3 valorapart_4 valorapart_5 valorapart_6 valorapart_7 valorapart_8 valorapart_9 valorapart_10 valorapart_11 valorapart_12,2026-10-04
spain_2024_ideology_parties,https://www.cis.es/documents/20117/13449334/cues3480.pdf,cues3480.pdf,questionnaire,CIS,3480,"CIS study 3480's own questionnaire, listed on the study page; the cover's Nº ESTUDIO box reads 3480",2026-10-04
spain_2024_ideology_rights,https://www.cis.es/documents/20117/13449334/MD3480.zip,codigo3480.pdf (inside MD3480.zip),codebook,CIS,3480,CIS study 3480 (Ideología y polarización): the build script reads 3480_num.csv; the PDF is headed 'CÓDIGO ESTUDIO 3.480' and covers the table's items p6_1 p6_2 p6_3 p6_4,2026-10-04
spain_2024_ideology_rights,https://www.cis.es/documents/20117/13449334/cues3480.pdf,cues3480.pdf,questionnaire,CIS,3480,"CIS study 3480's own questionnaire, listed on the study page; the cover's Nº ESTUDIO box reads 3480",2026-10-04
spain_2024_ideology_society,https://www.cis.es/documents/20117/13449334/MD3480.zip,codigo3480.pdf (inside MD3480.zip),codebook,CIS,3480,CIS study 3480 (Ideología y polarización): the build script reads 3480_num.csv; the PDF is headed 'CÓDIGO ESTUDIO 3.480' and covers the table's items p8_1 p8_2 p8_3 p8_4 p8_5 p8_6,2026-10-04
spain_2024_ideology_society,https://www.cis.es/documents/20117/13449334/cues3480.pdf,cues3480.pdf,questionnaire,CIS,3480,"CIS study 3480's own questionnaire, listed on the study page; the cover's Nº ESTUDIO box reads 3480",2026-10-04
spain_2024_ideology_sympathy,https://www.cis.es/documents/20117/13449334/MD3480.zip,codigo3480.pdf (inside MD3480.zip),codebook,CIS,3480,CIS study 3480 (Ideología y polarización): the build script reads 3480_num.csv; the PDF is headed 'CÓDIGO ESTUDIO 3.480' and covers the table's items simpapart_1 simpapart_2 simpapart_3 simpapart_4 simpapart_5 simpapart_6 simpapart_7 simpapart_8 simpapart_9 simpapart_10 simpapart_11 simpapart_12,2026-10-04
spain_2024_ideology_sympathy,https://www.cis.es/documents/20117/13449334/cues3480.pdf,cues3480.pdf,questionnaire,CIS,3480,"CIS study 3480's own questionnaire, listed on the study page; the cover's Nº ESTUDIO box reads 3480",2026-10-04
spain_2024_ideology_territorial,https://www.cis.es/documents/20117/13449334/MD3480.zip,codigo3480.pdf (inside MD3480.zip),codebook,CIS,3480,CIS study 3480 (Ideología y polarización): the build script reads 3480_num.csv; the PDF is headed 'CÓDIGO ESTUDIO 3.480' and covers the table's items p9 identidad,2026-10-04
spain_2024_ideology_territorial,https://www.cis.es/documents/20117/13449334/cues3480.pdf,cues3480.pdf,questionnaire,CIS,3480,"CIS study 3480's own questionnaire, listed on the study page; the cover's Nº ESTUDIO box reads 3480",2026-10-04
spain_2024_ideology_welfare,https://www.cis.es/documents/20117/13449334/MD3480.zip,codigo3480.pdf (inside MD3480.zip),codebook,CIS,3480,CIS study 3480 (Ideología y polarización): the build script reads 3480_num.csv; the PDF is headed 'CÓDIGO ESTUDIO 3.480' and covers the table's items p3_1 p3_2 p3_3 p3_4 p3_5 p3_6,2026-10-04
spain_2024_ideology_welfare,https://www.cis.es/documents/20117/13449334/cues3480.pdf,cues3480.pdf,questionnaire,CIS,3480,"CIS study 3480's own questionnaire, listed on the study page; the cover's Nº ESTUDIO box reads 3480",2026-10-04
spain_2024_politics_actions,https://www.cis.es/documents/20117/13446540/MD3490.zip,codigo3490.pdf (inside MD3490.zip),codebook,CIS,3490,CIS study 3490 (Participación política): the build script reads 3490_num.csv; the PDF is headed 'CÓDIGO ESTUDIO 3.490' and covers the table's items acti_1 acti_2 acti_3 acti_4 acti_5 acti_6 acti_7 acti_8 acti_9 acti_10 acti_11 acti_12 acti_13,2026-10-04
spain_2024_politics_actions,https://www.cis.es/documents/20117/13446540/cues3490.pdf,cues3490.pdf,questionnaire,CIS,3490,"CIS study 3490's own questionnaire, listed on the study page; the cover's Nº ESTUDIO box reads 3490",2026-10-04
spain_2024_politics_associations,https://www.cis.es/documents/20117/13446540/MD3490.zip,codigo3490.pdf (inside MD3490.zip),codebook,CIS,3490,CIS study 3490 (Participación política): the build script reads 3490_num.csv; the PDF is headed 'CÓDIGO ESTUDIO 3.490' and covers the table's items asociaciones_1 asociaciones_2 asociaciones_3 asociaciones_4 asociaciones_5 asociaciones_6 asociaciones_7 asociaciones_8 asociaciones_9 asociaciones_10 asociaciones_11,2026-10-04
spain_2024_politics_associations,https://www.cis.es/documents/20117/13446540/cues3490.pdf,cues3490.pdf,questionnaire,CIS,3490,"CIS study 3490's own questionnaire, listed on the study page; the cover's Nº ESTUDIO box reads 3490",2026-10-04
spain_2024_politics_beliefs,https://www.cis.es/documents/20117/13446540/MD3490.zip,codigo3490.pdf (inside MD3490.zip),codebook,CIS,3490,CIS study 3490 (Participación política): the build script reads 3490_num.csv; the PDF is headed 'CÓDIGO ESTUDIO 3.490' and covers the table's items valores1_1 valores1_2 valores1_3 valores1_4 valores1_5,2026-10-04
spain_2024_politics_beliefs,https://www.cis.es/documents/20117/13446540/cues3490.pdf,cues3490.pdf,questionnaire,CIS,3490,"CIS study 3490's own questionnaire, listed on the study page; the cover's Nº ESTUDIO box reads 3490",2026-10-04
spain_2024_politics_difficulty,https://www.cis.es/documents/20117/13446540/MD3490.zip,codigo3490.pdf (inside MD3490.zip),codebook,CIS,3490,CIS study 3490 (Participación política): the build script reads 3490_num.csv; the PDF is headed 'CÓDIGO ESTUDIO 3.490' and covers the table's items proble finmes,2026-10-04
spain_2024_politics_difficulty,https://www.cis.es/documents/20117/13446540/cues3490.pdf,cues3490.pdf,questionnaire,CIS,3490,"CIS study 3490's own questionnaire, listed on the study page; the cover's Nº ESTUDIO box reads 3490",2026-10-04
spain_2024_politics_inperson,https://www.cis.es/documents/20117/13446540/MD3490.zip,codigo3490.pdf (inside MD3490.zip),codebook,CIS,3490,CIS study 3490 (Participación política): the build script reads 3490_num.csv; the PDF is headed 'CÓDIGO ESTUDIO 3.490' and covers the table's items presen_1 presen_2 presen_3,2026-10-04
spain_2024_politics_inperson,https://www.cis.es/documents/20117/13446540/cues3490.pdf,cues3490.pdf,questionnaire,CIS,3490,"CIS study 3490's own questionnaire, listed on the study page; the cover's Nº ESTUDIO box reads 3490",2026-10-04
spain_2024_politics_online,https://www.cis.es/documents/20117/13446540/MD3490.zip,codigo3490.pdf (inside MD3490.zip),codebook,CIS,3490,CIS study 3490 (Participación política): the build script reads 3490_num.csv; the PDF is headed 'CÓDIGO ESTUDIO 3.490' and covers the table's items online_1 online_2 online_3,2026-10-04
spain_2024_politics_online,https://www.cis.es/documents/20117/13446540/cues3490.pdf,cues3490.pdf,questionnaire,CIS,3490,"CIS study 3490's own questionnaire, listed on the study page; the cover's Nº ESTUDIO box reads 3490",2026-10-04
spain_2024_politics_political,https://www.cis.es/documents/20117/13446540/MD3490.zip,codigo3490.pdf (inside MD3490.zip),codebook,CIS,3490,CIS study 3490 (Participación política): the build script reads 3490_num.csv; the PDF is headed 'CÓDIGO ESTUDIO 3.490' and covers the table's items escideol probvoto,2026-10-04
spain_2024_politics_political,https://www.cis.es/documents/20117/13446540/cues3490.pdf,cues3490.pdf,questionnaire,CIS,3490,"CIS study 3490's own questionnaire, listed on the study page; the cover's Nº ESTUDIO box reads 3490",2026-10-04
spain_2024_politics_values,https://www.cis.es/documents/20117/13446540/MD3490.zip,codigo3490.pdf (inside MD3490.zip),codebook,CIS,3490,CIS study 3490 (Participación política): the build script reads 3490_num.csv; the PDF is headed 'CÓDIGO ESTUDIO 3.490' and covers the table's items valores2_1 valores2_2 valores2_3 valores2_4,2026-10-04
spain_2024_politics_values,https://www.cis.es/documents/20117/13446540/cues3490.pdf,cues3490.pdf,questionnaire,CIS,3490,"CIS study 3490's own questionnaire, listed on the study page; the cover's Nº ESTUDIO box reads 3490",2026-10-04
spain_2024_values_difficulty,https://www.cis.es/documents/20117/1560186/MD3473.zip,codigo3473.pdf (inside MD3473.zip),codebook,CIS,3473,CIS study 3473 (Felicidad y valores sociales): the build script reads 3473_num.csv; the PDF is headed 'CÓDIGO ESTUDIO 3.473' and covers the table's items p10 p11,2026-10-04
spain_2024_values_difficulty,https://www.cis.es/documents/20117/1560186/cues3473.pdf,cues3473.pdf,questionnaire,CIS,3473,"CIS study 3473's own questionnaire, listed on the study page; the cover's Nº ESTUDIO box reads 3473",2026-10-04
spain_2024_values_institutions,https://www.cis.es/documents/20117/1560186/MD3473.zip,codigo3473.pdf (inside MD3473.zip),codebook,CIS,3473,CIS study 3473 (Felicidad y valores sociales): the build script reads 3473_num.csv; the PDF is headed 'CÓDIGO ESTUDIO 3.473' and covers the table's items p6_1 p6_2 p6_3 p6_4,2026-10-04
spain_2024_values_institutions,https://www.cis.es/documents/20117/1560186/cues3473.pdf,cues3473.pdf,questionnaire,CIS,3473,"CIS study 3473's own questionnaire, listed on the study page; the cover's Nº ESTUDIO box reads 3473",2026-10-04
spain_2024_values_meaning,https://www.cis.es/documents/20117/1560186/MD3473.zip,codigo3473.pdf (inside MD3473.zip),codebook,CIS,3473,CIS study 3473 (Felicidad y valores sociales): the build script reads 3473_num.csv; the PDF is headed 'CÓDIGO ESTUDIO 3.473' and covers the table's items p5 p7_1 p7_2 p7_3 p7_4,2026-10-04
spain_2024_values_meaning,https://www.cis.es/documents/20117/1560186/cues3473.pdf,cues3473.pdf,questionnaire,CIS,3473,"CIS study 3473's own questionnaire, listed on the study page; the cover's Nº ESTUDIO box reads 3473",2026-10-04
spain_2024_values_political,https://www.cis.es/documents/20117/1560186/MD3473.zip,codigo3473.pdf (inside MD3473.zip),codebook,CIS,3473,CIS study 3473 (Felicidad y valores sociales): the build script reads 3473_num.csv; the PDF is headed 'CÓDIGO ESTUDIO 3.473' and covers the table's items escideol probvoto,2026-10-04
spain_2024_values_political,https://www.cis.es/documents/20117/1560186/cues3473.pdf,cues3473.pdf,questionnaire,CIS,3473,"CIS study 3473's own questionnaire, listed on the study page; the cover's Nº ESTUDIO box reads 3473",2026-10-04
spain_2024_values_values,https://www.cis.es/documents/20117/1560186/MD3473.zip,codigo3473.pdf (inside MD3473.zip),codebook,CIS,3473,CIS study 3473 (Felicidad y valores sociales): the build script reads 3473_num.csv; the PDF is headed 'CÓDIGO ESTUDIO 3.473' and covers the table's items p8_1 p8_2 p8_3,2026-10-04
spain_2024_values_values,https://www.cis.es/documents/20117/1560186/cues3473.pdf,cues3473.pdf,questionnaire,CIS,3473,"CIS study 3473's own questionnaire, listed on the study page; the cover's Nº ESTUDIO box reads 3473",2026-10-04
spain_2025_ageism_agreement,https://www.cis.es/documents/20117/13445864/MD3493.zip,codigo3493.pdf (inside MD3493.zip),codebook,CIS,3493,CIS study 3493 (Edadismo): the build script reads 3493_num.csv; the PDF is headed 'CÓDIGO ESTUDIO 3.493' and covers the table's items p5_1 p5_2 p5_3 p5_4,2026-10-04
spain_2025_ageism_agreement,https://www.cis.es/documents/20117/13445864/cues3493.pdf,cues3493.pdf,questionnaire,CIS,3493,"CIS study 3493's own questionnaire, listed on the study page; the cover's Nº ESTUDIO box reads 3493",2026-10-04
spain_2025_ageism_bureaucracy,https://www.cis.es/documents/20117/13445864/MD3493.zip,codigo3493.pdf (inside MD3493.zip),codebook,CIS,3493,CIS study 3493 (Edadismo): the build script reads 3493_num.csv; the PDF is headed 'CÓDIGO ESTUDIO 3.493' and covers the table's items p11_1 p11_2 p11_3 p11_4 p11_5 p11_6,2026-10-04
spain_2025_ageism_bureaucracy,https://www.cis.es/documents/20117/13445864/cues3493.pdf,cues3493.pdf,questionnaire,CIS,3493,"CIS study 3493's own questionnaire, listed on the study page; the cover's Nº ESTUDIO box reads 3493",2026-10-04
spain_2025_ageism_comparison,https://www.cis.es/documents/20117/13445864/MD3493.zip,codigo3493.pdf (inside MD3493.zip),codebook,CIS,3493,CIS study 3493 (Edadismo): the build script reads 3493_num.csv; the PDF is headed 'CÓDIGO ESTUDIO 3.493' and covers the table's items p8 p9 p10,2026-10-04
spain_2025_ageism_comparison,https://www.cis.es/documents/20117/13445864/cues3493.pdf,cues3493.pdf,questionnaire,CIS,3493,"CIS study 3493's own questionnaire, listed on the study page; the cover's Nº ESTUDIO box reads 3493",2026-10-04
spain_2025_ageism_difficulty,https://www.cis.es/documents/20117/13445864/MD3493.zip,codigo3493.pdf (inside MD3493.zip),codebook,CIS,3493,CIS study 3493 (Edadismo): the build script reads 3493_num.csv; the PDF is headed 'CÓDIGO ESTUDIO 3.493' and covers the table's items p12_1 p12_2 p12_3 p12_4 p12_5,2026-10-04
spain_2025_ageism_difficulty,https://www.cis.es/documents/20117/13445864/cues3493.pdf,cues3493.pdf,questionnaire,CIS,3493,"CIS study 3493's own questionnaire, listed on the study page; the cover's Nº ESTUDIO box reads 3493",2026-10-04
spain_2025_ageism_elderpriority,https://www.cis.es/documents/20117/13445864/MD3493.zip,codigo3493.pdf (inside MD3493.zip),codebook,CIS,3493,CIS study 3493 (Edadismo): the build script reads 3493_num.csv; the PDF is headed 'CÓDIGO ESTUDIO 3.493' and covers the table's items p6_1 p6_2 p6_3 p6_4 p6_5 p6_6 p6_7,2026-10-04
spain_2025_ageism_elderpriority,https://www.cis.es/documents/20117/13445864/cues3493.pdf,cues3493.pdf,questionnaire,CIS,3493,"CIS study 3493's own questionnaire, listed on the study page; the cover's Nº ESTUDIO box reads 3493",2026-10-04
spain_2025_ageism_elderslights,https://www.cis.es/documents/20117/13445864/MD3493.zip,codigo3493.pdf (inside MD3493.zip),codebook,CIS,3493,CIS study 3493 (Edadismo): the build script reads 3493_num.csv; the PDF is headed 'CÓDIGO ESTUDIO 3.493' and covers the table's items p13_1 p13_2 p13_3 p13_4 p13_5 p13_6,2026-10-04
spain_2025_ageism_elderslights,https://www.cis.es/documents/20117/13445864/cues3493.pdf,cues3493.pdf,questionnaire,CIS,3493,"CIS study 3493's own questionnaire, listed on the study page; the cover's Nº ESTUDIO box reads 3493",2026-10-04
spain_2025_ageism_problems,https://www.cis.es/documents/20117/13445864/MD3493.zip,codigo3493.pdf (inside MD3493.zip),codebook,CIS,3493,CIS study 3493 (Edadismo): the build script reads 3493_num.csv; the PDF is headed 'CÓDIGO ESTUDIO 3.493' and covers the table's items p1 p2,2026-10-04
spain_2025_ageism_problems,https://www.cis.es/documents/20117/13445864/cues3493.pdf,cues3493.pdf,questionnaire,CIS,3493,"CIS study 3493's own questionnaire, listed on the study page; the cover's Nº ESTUDIO box reads 3493",2026-10-04
spain_2025_ageism_youthpriority,https://www.cis.es/documents/20117/13445864/MD3493.zip,codigo3493.pdf (inside MD3493.zip),codebook,CIS,3493,CIS study 3493 (Edadismo): the build script reads 3493_num.csv; the PDF is headed 'CÓDIGO ESTUDIO 3.493' and covers the table's items p7_1 p7_2 p7_3 p7_4 p7_5 p7_6 p7_7,2026-10-04
spain_2025_ageism_youthpriority,https://www.cis.es/documents/20117/13445864/cues3493.pdf,cues3493.pdf,questionnaire,CIS,3493,"CIS study 3493's own questionnaire, listed on the study page; the cover's Nº ESTUDIO box reads 3493",2026-10-04
spain_2025_ageism_youthslights,https://www.cis.es/documents/20117/13445864/MD3493.zip,codigo3493.pdf (inside MD3493.zip),codebook,CIS,3493,CIS study 3493 (Edadismo): the build script reads 3493_num.csv; the PDF is headed 'CÓDIGO ESTUDIO 3.493' and covers the table's items p16_1 p16_2 p16_3 p16_4,2026-10-04
spain_2025_ageism_youthslights,https://www.cis.es/documents/20117/13445864/cues3493.pdf,cues3493.pdf,questionnaire,CIS,3493,"CIS study 3493's own questionnaire, listed on the study page; the cover's Nº ESTUDIO box reads 3493",2026-10-04
spain_2025_ai_aspects,https://www.cis.es/documents/20117/13445501/MD3495.zip,codigo3495.pdf (inside MD3495.zip),codebook,CIS,3495,CIS study 3495 (Inteligencia artificial): the build script reads 3495_num.csv; the PDF is headed 'CÓDIGO ESTUDIO 3.495' and covers the table's items p15_1 p15_2 p15_3 p15_4,2026-10-04
spain_2025_ai_aspects,https://www.cis.es/documents/20117/13445501/cues3495.zip,cues3495_A.pdf and cues3495_B.pdf (inside cues3495.zip),questionnaire,CIS,3495,"CIS study 3495's own questionnaire, listed on the study page; the cover's Nº ESTUDIO box reads 3495",2026-10-04
spain_2025_ai_association,https://www.cis.es/documents/20117/13445501/MD3495.zip,codigo3495.pdf (inside MD3495.zip),codebook,CIS,3495,CIS study 3495 (Inteligencia artificial): the build script reads 3495_num.csv; the PDF is headed 'CÓDIGO ESTUDIO 3.495' and covers the table's items p3_1 p3_2 p3_3 p3_4 p3_5 p3_6 p3_7 p3_8 p3_9 p3_10 p3_11 p3_12,2026-10-04
spain_2025_ai_association,https://www.cis.es/documents/20117/13445501/cues3495.zip,cues3495_A.pdf and cues3495_B.pdf (inside cues3495.zip),questionnaire,CIS,3495,"CIS study 3495's own questionnaire, listed on the study page; the cover's Nº ESTUDIO box reads 3495",2026-10-04
spain_2025_ai_awareness,https://www.cis.es/documents/20117/13445501/MD3495.zip,codigo3495.pdf (inside MD3495.zip),codebook,CIS,3495,CIS study 3495 (Inteligencia artificial): the build script reads 3495_num.csv; the PDF is headed 'CÓDIGO ESTUDIO 3.495' and covers the table's items p10 p18_1_1 p18_1_2 p18_1_3 p18_1_4,2026-10-04
spain_2025_ai_awareness,https://www.cis.es/documents/20117/13445501/cues3495.zip,cues3495_A.pdf and cues3495_B.pdf (inside cues3495.zip),questionnaire,CIS,3495,"CIS study 3495's own questionnaire, listed on the study page; the cover's Nº ESTUDIO box reads 3495",2026-10-04
spain_2025_ai_comfort,https://www.cis.es/documents/20117/13445501/MD3495.zip,codigo3495.pdf (inside MD3495.zip),codebook,CIS,3495,CIS study 3495 (Inteligencia artificial): the build script reads 3495_num.csv; the PDF is headed 'CÓDIGO ESTUDIO 3.495' and covers the table's items p13_1 p13_2 p13_3 p19,2026-10-04
spain_2025_ai_comfort,https://www.cis.es/documents/20117/13445501/cues3495.zip,cues3495_A.pdf and cues3495_B.pdf (inside cues3495.zip),questionnaire,CIS,3495,"CIS study 3495's own questionnaire, listed on the study page; the cover's Nº ESTUDIO box reads 3495",2026-10-04
spain_2025_ai_concern,https://www.cis.es/documents/20117/13445501/MD3495.zip,codigo3495.pdf (inside MD3495.zip),codebook,CIS,3495,CIS study 3495 (Inteligencia artificial): the build script reads 3495_num.csv; the PDF is headed 'CÓDIGO ESTUDIO 3.495' and covers the table's items p5 p6,2026-10-04
spain_2025_ai_concern,https://www.cis.es/documents/20117/13445501/cues3495.zip,cues3495_A.pdf and cues3495_B.pdf (inside cues3495.zip),questionnaire,CIS,3495,"CIS study 3495's own questionnaire, listed on the study page; the cover's Nº ESTUDIO box reads 3495",2026-10-04
spain_2025_ai_datause,https://www.cis.es/documents/20117/13445501/MD3495.zip,codigo3495.pdf (inside MD3495.zip),codebook,CIS,3495,CIS study 3495 (Inteligencia artificial): the build script reads 3495_num.csv; the PDF is headed 'CÓDIGO ESTUDIO 3.495' and covers the table's items p8_1 p8_2 p8_3 p8_4,2026-10-04
spain_2025_ai_datause,https://www.cis.es/documents/20117/13445501/cues3495.zip,cues3495_A.pdf and cues3495_B.pdf (inside cues3495.zip),questionnaire,CIS,3495,"CIS study 3495's own questionnaire, listed on the study page; the cover's Nº ESTUDIO box reads 3495",2026-10-04
spain_2025_ai_eventsagree,https://www.cis.es/documents/20117/13445501/MD3495.zip,codigo3495.pdf (inside MD3495.zip),codebook,CIS,3495,CIS study 3495 (Inteligencia artificial): the build script reads 3495_num.csv; the PDF is headed 'CÓDIGO ESTUDIO 3.495' and covers the table's items p18_2_1 p18_2_2 p18_2_3 p18_2_4,2026-10-04
spain_2025_ai_eventsagree,https://www.cis.es/documents/20117/13445501/cues3495.zip,cues3495_A.pdf and cues3495_B.pdf (inside cues3495.zip),questionnaire,CIS,3495,"CIS study 3495's own questionnaire, listed on the study page; the cover's Nº ESTUDIO box reads 3495",2026-10-04
spain_2025_ai_frequency,https://www.cis.es/documents/20117/13445501/MD3495.zip,codigo3495.pdf (inside MD3495.zip),codebook,CIS,3495,CIS study 3495 (Inteligencia artificial): the build script reads 3495_num.csv; the PDF is headed 'CÓDIGO ESTUDIO 3.495' and covers the table's items p12_2_1 p12_2_2 p12_2_3 p12_2_4 p12_2_5,2026-10-04
spain_2025_ai_frequency,https://www.cis.es/documents/20117/13445501/cues3495.zip,cues3495_A.pdf and cues3495_B.pdf (inside cues3495.zip),questionnaire,CIS,3495,"CIS study 3495's own questionnaire, listed on the study page; the cover's Nº ESTUDIO box reads 3495",2026-10-04
spain_2025_ai_impact,https://www.cis.es/documents/20117/13445501/MD3495.zip,codigo3495.pdf (inside MD3495.zip),codebook,CIS,3495,CIS study 3495 (Inteligencia artificial): the build script reads 3495_num.csv; the PDF is headed 'CÓDIGO ESTUDIO 3.495' and covers the table's items p1 p4,2026-10-04
spain_2025_ai_impact,https://www.cis.es/documents/20117/13445501/cues3495.zip,cues3495_A.pdf and cues3495_B.pdf (inside cues3495.zip),questionnaire,CIS,3495,"CIS study 3495's own questionnaire, listed on the study page; the cover's Nº ESTUDIO box reads 3495",2026-10-04
spain_2025_ai_possibilities,https://www.cis.es/documents/20117/13445501/MD3495.zip,codigo3495.pdf (inside MD3495.zip),codebook,CIS,3495,CIS study 3495 (Inteligencia artificial): the build script reads 3495_num.csv; the PDF is headed 'CÓDIGO ESTUDIO 3.495' and covers the table's items p16_1 p16_2 p16_3 p16_4 p16_5,2026-10-04
spain_2025_ai_possibilities,https://www.cis.es/documents/20117/13445501/cues3495.zip,cues3495_A.pdf and cues3495_B.pdf (inside cues3495.zip),questionnaire,CIS,3495,"CIS study 3495's own questionnaire, listed on the study page; the cover's Nº ESTUDIO box reads 3495",2026-10-04
spain_2025_ai_regulation,https://www.cis.es/documents/20117/13445501/MD3495.zip,codigo3495.pdf (inside MD3495.zip),codebook,CIS,3495,CIS study 3495 (Inteligencia artificial): the build script reads 3495_num.csv; the PDF is headed 'CÓDIGO ESTUDIO 3.495' and covers the table's items p17_1 p17_2 p17_3 p17_4 p17_5,2026-10-04
spain_2025_ai_regulation,https://www.cis.es/documents/20117/13445501/cues3495.zip,cues3495_A.pdf and cues3495_B.pdf (inside cues3495.zip),questionnaire,CIS,3495,"CIS study 3495's own questionnaire, listed on the study page; the cover's Nº ESTUDIO box reads 3495",2026-10-04
spain_2025_ai_risk,https://www.cis.es/documents/20117/13445501/MD3495.zip,codigo3495.pdf (inside MD3495.zip),codebook,CIS,3495,CIS study 3495 (Inteligencia artificial): the build script reads 3495_num.csv; the PDF is headed 'CÓDIGO ESTUDIO 3.495' and covers the table's items p7_1 p7_2 p7_3 p7_4 p7_5 p7_6,2026-10-04
spain_2025_ai_risk,https://www.cis.es/documents/20117/13445501/cues3495.zip,cues3495_A.pdf and cues3495_B.pdf (inside cues3495.zip),questionnaire,CIS,3495,"CIS study 3495's own questionnaire, listed on the study page; the cover's Nº ESTUDIO box reads 3495",2026-10-04
spain_2025_ai_sectors,https://www.cis.es/documents/20117/13445501/MD3495.zip,codigo3495.pdf (inside MD3495.zip),codebook,CIS,3495,CIS study 3495 (Inteligencia artificial): the build script reads 3495_num.csv; the PDF is headed 'CÓDIGO ESTUDIO 3.495' and covers the table's items p14_1 p14_2 p14_3 p14_4 p14_5 p14_6 p14_7 p14_8,2026-10-04
spain_2025_ai_sectors,https://www.cis.es/documents/20117/13445501/cues3495.zip,cues3495_A.pdf and cues3495_B.pdf (inside cues3495.zip),questionnaire,CIS,3495,"CIS study 3495's own questionnaire, listed on the study page; the cover's Nº ESTUDIO box reads 3495",2026-10-04
spain_2025_ai_tools,https://www.cis.es/documents/20117/13445501/MD3495.zip,codigo3495.pdf (inside MD3495.zip),codebook,CIS,3495,CIS study 3495 (Inteligencia artificial): the build script reads 3495_num.csv; the PDF is headed 'CÓDIGO ESTUDIO 3.495' and covers the table's items p12_1_1 p12_1_2 p12_1_3 p12_1_4 p12_1_5,2026-10-04
spain_2025_ai_tools,https://www.cis.es/documents/20117/13445501/cues3495.zip,cues3495_A.pdf and cues3495_B.pdf (inside cues3495.zip),questionnaire,CIS,3495,"CIS study 3495's own questionnaire, listed on the study page; the cover's Nº ESTUDIO box reads 3495",2026-10-04
spain_2025_democracy_efficacy,https://www.cis.es/documents/20117/13445165/MD3497.zip,codigo3497.pdf (inside MD3497.zip),codebook,CIS,3497,CIS study 3497 (Calidad de la democracia (III)): the build script reads 3497_num.csv; the PDF is headed 'CÓDIGO ESTUDIO 3.497' and covers the table's items p8de_1 p8de_2 p8de_3 p8de_4,2026-10-04
spain_2025_democracy_efficacy,https://www.cis.es/documents/20117/13445165/cues3497.pdf,cues3497.pdf,questionnaire,CIS,3497,"CIS study 3497's own questionnaire, listed on the study page; the cover's Nº ESTUDIO box reads 3497",2026-10-04
spain_2025_democracy_internal,https://www.cis.es/documents/20117/13445165/MD3497.zip,codigo3497.pdf (inside MD3497.zip),codebook,CIS,3497,CIS study 3497 (Calidad de la democracia (III)): the build script reads 3497_num.csv; the PDF is headed 'CÓDIGO ESTUDIO 3.497' and covers the table's items p3ap_1 p3ap_2 p3ap_3 p3ap_4 p3ap_5,2026-10-04
spain_2025_democracy_internal,https://www.cis.es/documents/20117/13445165/cues3497.pdf,cues3497.pdf,questionnaire,CIS,3497,"CIS study 3497's own questionnaire, listed on the study page; the cover's Nº ESTUDIO box reads 3497",2026-10-04
spain_2025_democracy_judiciary,https://www.cis.es/documents/20117/13445165/MD3497.zip,codigo3497.pdf (inside MD3497.zip),codebook,CIS,3497,CIS study 3497 (Calidad de la democracia (III)): the build script reads 3497_num.csv; the PDF is headed 'CÓDIGO ESTUDIO 3.497' and covers the table's items p4ju_1 p4ju_2 p4ju_3 p4ju_4,2026-10-04
spain_2025_democracy_judiciary,https://www.cis.es/documents/20117/13445165/cues3497.pdf,cues3497.pdf,questionnaire,CIS,3497,"CIS study 3497's own questionnaire, listed on the study page; the cover's Nº ESTUDIO box reads 3497",2026-10-04
spain_2025_democracy_media,https://www.cis.es/documents/20117/13445165/MD3497.zip,codigo3497.pdf (inside MD3497.zip),codebook,CIS,3497,CIS study 3497 (Calidad de la democracia (III)): the build script reads 3497_num.csv; the PDF is headed 'CÓDIGO ESTUDIO 3.497' and covers the table's items p5me_1 p5me_2 p5me_3 p5me_4,2026-10-04
spain_2025_democracy_media,https://www.cis.es/documents/20117/13445165/cues3497.pdf,cues3497.pdf,questionnaire,CIS,3497,"CIS study 3497's own questionnaire, listed on the study page; the cover's Nº ESTUDIO box reads 3497",2026-10-04
spain_2025_democracy_parties,https://www.cis.es/documents/20117/13445165/MD3497.zip,codigo3497.pdf (inside MD3497.zip),codebook,CIS,3497,CIS study 3497 (Calidad de la democracia (III)): the build script reads 3497_num.csv; the PDF is headed 'CÓDIGO ESTUDIO 3.497' and covers the table's items p3p_1 p3p_2 p3p_3 p3p_4 p3p_5,2026-10-04
spain_2025_democracy_parties,https://www.cis.es/documents/20117/13445165/cues3497.pdf,cues3497.pdf,questionnaire,CIS,3497,"CIS study 3497's own questionnaire, listed on the study page; the cover's Nº ESTUDIO box reads 3497",2026-10-04
spain_2025_democracy_priorities,https://www.cis.es/documents/20117/13445165/MD3497.zip,codigo3497.pdf (inside MD3497.zip),codebook,CIS,3497,CIS study 3497 (Calidad de la democracia (III)): the build script reads 3497_num.csv; the PDF is headed 'CÓDIGO ESTUDIO 3.497' and covers the table's items p12_1 p12_2 p12_3 p12_4 p12_5 p12_6 p12_7 p12_8,2026-10-04
spain_2025_democracy_priorities,https://www.cis.es/documents/20117/13445165/cues3497.pdf,cues3497.pdf,questionnaire,CIS,3497,"CIS study 3497's own questionnaire, listed on the study page; the cover's Nº ESTUDIO box reads 3497",2026-10-04
spain_2025_democracy_system,https://www.cis.es/documents/20117/13445165/MD3497.zip,codigo3497.pdf (inside MD3497.zip),codebook,CIS,3497,CIS study 3497 (Calidad de la democracia (III)): the build script reads 3497_num.csv; the PDF is headed 'CÓDIGO ESTUDIO 3.497' and covers the table's items p2 p7 p11,2026-10-04
spain_2025_democracy_system,https://www.cis.es/documents/20117/13445165/cues3497.pdf,cues3497.pdf,questionnaire,CIS,3497,"CIS study 3497's own questionnaire, listed on the study page; the cover's Nº ESTUDIO box reads 3497",2026-10-04
spain_2025_democracy_trust,https://www.cis.es/documents/20117/13445165/MD3497.zip,codigo3497.pdf (inside MD3497.zip),codebook,CIS,3497,CIS study 3497 (Calidad de la democracia (III)): the build script reads 3497_num.csv; the PDF is headed 'CÓDIGO ESTUDIO 3.497' and covers the table's items p10gr_1 p10gr_2 p10gr_3 p10gr_4 p10gr_5 p10gr_6 p10gr_7 p10gr_8 p10gr_9 p10gr_10,2026-10-04
spain_2025_democracy_trust,https://www.cis.es/documents/20117/13445165/cues3497.pdf,cues3497.pdf,questionnaire,CIS,3497,"CIS study 3497's own questionnaire, listed on the study page; the cover's Nº ESTUDIO box reads 3497",2026-10-04
spain_2025_europe_agreement,https://www.cis.es/documents/20117/13443727/MD3523.zip,codigo3523.pdf (inside MD3523.zip),codebook,CIS,3523,CIS study 3523 (Opiniones y actitudes ante la Unión Europea (II)): the build script reads 3523_num.csv; the PDF is headed 'CÓDIGO ESTUDIO 3.523' and covers the table's items p13 p14 p15,2026-10-04
spain_2025_europe_agreement,https://www.cis.es/documents/20117/13443727/cues3523.pdf,cues3523.pdf,questionnaire,CIS,3523,"CIS study 3523's own questionnaire, listed on the study page; the cover's Nº ESTUDIO box reads 3523",2026-10-04
spain_2025_europe_attention,https://www.cis.es/documents/20117/13443727/MD3523.zip,codigo3523.pdf (inside MD3523.zip),codebook,CIS,3523,CIS study 3523 (Opiniones y actitudes ante la Unión Europea (II)): the build script reads 3523_num.csv; the PDF is headed 'CÓDIGO ESTUDIO 3.523' and covers the table's items p1 p2,2026-10-04
spain_2025_europe_attention,https://www.cis.es/documents/20117/13443727/cues3523.pdf,cues3523.pdf,questionnaire,CIS,3523,"CIS study 3523's own questionnaire, listed on the study page; the cover's Nº ESTUDIO box reads 3523",2026-10-04
spain_2025_europe_awareness,https://www.cis.es/documents/20117/13443727/MD3523.zip,codigo3523.pdf (inside MD3523.zip),codebook,CIS,3523,CIS study 3523 (Opiniones y actitudes ante la Unión Europea (II)): the build script reads 3523_num.csv; the PDF is headed 'CÓDIGO ESTUDIO 3.523' and covers the table's items p9_1 p9_2 p9_3 p9_4 p9_5,2026-10-04
spain_2025_europe_awareness,https://www.cis.es/documents/20117/13443727/cues3523.pdf,cues3523.pdf,questionnaire,CIS,3523,"CIS study 3523's own questionnaire, listed on the study page; the cover's Nº ESTUDIO box reads 3523",2026-10-04
spain_2025_europe_effects,https://www.cis.es/documents/20117/13443727/MD3523.zip,codigo3523.pdf (inside MD3523.zip),codebook,CIS,3523,CIS study 3523 (Opiniones y actitudes ante la Unión Europea (II)): the build script reads 3523_num.csv; the PDF is headed 'CÓDIGO ESTUDIO 3.523' and covers the table's items p8_1 p8_2 p8_3 p8_4 p8_5 p8_6 p8_7,2026-10-04
spain_2025_europe_effects,https://www.cis.es/documents/20117/13443727/cues3523.pdf,cues3523.pdf,questionnaire,CIS,3523,"CIS study 3523's own questionnaire, listed on the study page; the cover's Nº ESTUDIO box reads 3523",2026-10-04
spain_2025_europe_impact,https://www.cis.es/documents/20117/13443727/MD3523.zip,codigo3523.pdf (inside MD3523.zip),codebook,CIS,3523,CIS study 3523 (Opiniones y actitudes ante la Unión Europea (II)): the build script reads 3523_num.csv; the PDF is headed 'CÓDIGO ESTUDIO 3.523' and covers the table's items p4 p5 p6 p7,2026-10-04
spain_2025_europe_impact,https://www.cis.es/documents/20117/13443727/cues3523.pdf,cues3523.pdf,questionnaire,CIS,3523,"CIS study 3523's own questionnaire, listed on the study page; the cover's Nº ESTUDIO box reads 3523",2026-10-04
spain_2025_europe_policy,https://www.cis.es/documents/20117/13443727/MD3523.zip,codigo3523.pdf (inside MD3523.zip),codebook,CIS,3523,CIS study 3523 (Opiniones y actitudes ante la Unión Europea (II)): the build script reads 3523_num.csv; the PDF is headed 'CÓDIGO ESTUDIO 3.523' and covers the table's items p12_1 p12_2 p12_3 p12_4 p12_5,2026-10-04
spain_2025_europe_policy,https://www.cis.es/documents/20117/13443727/cues3523.pdf,cues3523.pdf,questionnaire,CIS,3523,"CIS study 3523's own questionnaire, listed on the study page; the cover's Nº ESTUDIO box reads 3523",2026-10-04
spain_2025_europe_spending,https://www.cis.es/documents/20117/13443727/MD3523.zip,codigo3523.pdf (inside MD3523.zip),codebook,CIS,3523,CIS study 3523 (Opiniones y actitudes ante la Unión Europea (II)): the build script reads 3523_num.csv; the PDF is headed 'CÓDIGO ESTUDIO 3.523' and covers the table's items p16_1 p16_2 p16_3 p16_4 p16_5 p16_6 p16_7 p16_8 p16_9 p16_10 p16_11 p16_12 p16_13 p16_14 p16_15,2026-10-04
spain_2025_europe_spending,https://www.cis.es/documents/20117/13443727/cues3523.pdf,cues3523.pdf,questionnaire,CIS,3523,"CIS study 3523's own questionnaire, listed on the study page; the cover's Nº ESTUDIO box reads 3523",2026-10-04
spain_2025_europe_trust,https://www.cis.es/documents/20117/13443727/MD3523.zip,codigo3523.pdf (inside MD3523.zip),codebook,CIS,3523,CIS study 3523 (Opiniones y actitudes ante la Unión Europea (II)): the build script reads 3523_num.csv; the PDF is headed 'CÓDIGO ESTUDIO 3.523' and covers the table's items p10_1 p10_2 p10_3 p10_4 p10_5,2026-10-04
spain_2025_europe_trust,https://www.cis.es/documents/20117/13443727/cues3523.pdf,cues3523.pdf,questionnaire,CIS,3523,"CIS study 3523's own questionnaire, listed on the study page; the cover's Nº ESTUDIO box reads 3523",2026-10-04
spain_2025_fears_leaders,https://www.cis.es/documents/20117/13675346/MD3534.zip,codigo3534.pdf (inside MD3534.zip),codebook,CIS,3534,CIS study 3534 (sobre miedos e incertidumbres): the build script reads 3534_num.csv; the PDF is headed 'CÓDIGO ESTUDIO 3.534' and covers the table's items valoralideres_1 valoralideres_2 valoralideres_3 valoralideres_4,2026-10-04
spain_2025_fears_leaders,https://www.cis.es/documents/20117/13675346/cues3534.pdf,cues3534.pdf,questionnaire,CIS,3534,"CIS study 3534's own questionnaire, listed on the study page; the cover's Nº ESTUDIO box reads 3534",2026-10-04
spain_2025_fears_prospect,https://www.cis.es/documents/20117/13675346/MD3534.zip,codigo3534.pdf (inside MD3534.zip),codebook,CIS,3534,CIS study 3534 (sobre miedos e incertidumbres): the build script reads 3534_num.csv; the PDF is headed 'CÓDIGO ESTUDIO 3.534' and covers the table's items p10 p11,2026-10-04
spain_2025_fears_prospect,https://www.cis.es/documents/20117/13675346/cues3534.pdf,cues3534.pdf,questionnaire,CIS,3534,"CIS study 3534's own questionnaire, listed on the study page; the cover's Nº ESTUDIO box reads 3534",2026-10-04
spain_2025_inequality_inequality,https://www.cis.es/documents/20117/13443886/MD3522.zip,codigo3522.pdf (inside MD3522.zip),codebook,CIS,3522,CIS study 3522 (sobre desigualdades sociales): the build script reads 3522_num.csv; the PDF is headed 'CÓDIGO ESTUDIO 3.522' and covers the table's items p9desigu_1 p9desigu_2 p9desigu_3 p9desigu_4 p9desigu_5 p9desigu_6 p9desigu_7,2026-10-04
spain_2025_inequality_inequality,https://www.cis.es/documents/20117/13443886/cues3522.pdf,cues3522.pdf,questionnaire,CIS,3522,"CIS study 3522's own questionnaire, listed on the study page; the cover's Nº ESTUDIO box reads 3522",2026-10-04
spain_2025_inequality_leaders,https://www.cis.es/documents/20117/13443886/MD3522.zip,codigo3522.pdf (inside MD3522.zip),codebook,CIS,3522,CIS study 3522 (sobre desigualdades sociales): the build script reads 3522_num.csv; the PDF is headed 'CÓDIGO ESTUDIO 3.522' and covers the table's items valoralideres_1 valoralideres_2 valoralideres_3 valoralideres_4,2026-10-04
spain_2025_inequality_leaders,https://www.cis.es/documents/20117/13443886/cues3522.pdf,cues3522.pdf,questionnaire,CIS,3522,"CIS study 3522's own questionnaire, listed on the study page; the cover's Nº ESTUDIO box reads 3522",2026-10-04
spain_2025_inequality_personal,https://www.cis.es/documents/20117/13443886/MD3522.zip,codigo3522.pdf (inside MD3522.zip),codebook,CIS,3522,CIS study 3522 (sobre desigualdades sociales): the build script reads 3522_num.csv; the PDF is headed 'CÓDIGO ESTUDIO 3.522' and covers the table's items p4 p10 p11,2026-10-04
spain_2025_inequality_personal,https://www.cis.es/documents/20117/13443886/cues3522.pdf,cues3522.pdf,questionnaire,CIS,3522,"CIS study 3522's own questionnaire, listed on the study page; the cover's Nº ESTUDIO box reads 3522",2026-10-04
spain_2025_inequality_recognition,https://www.cis.es/documents/20117/13443886/MD3522.zip,codigo3522.pdf (inside MD3522.zip),codebook,CIS,3522,CIS study 3522 (sobre desigualdades sociales): the build script reads 3522_num.csv; the PDF is headed 'CÓDIGO ESTUDIO 3.522' and covers the table's items lideresconoce_1 lideresconoce_2 lideresconoce_3 lideresconoce_4,2026-10-04
spain_2025_inequality_recognition,https://www.cis.es/documents/20117/13443886/cues3522.pdf,cues3522.pdf,questionnaire,CIS,3522,"CIS study 3522's own questionnaire, listed on the study page; the cover's Nº ESTUDIO box reads 3522",2026-10-04
spain_2025_inequality_trajectory,https://www.cis.es/documents/20117/13443886/MD3522.zip,codigo3522.pdf (inside MD3522.zip),codebook,CIS,3522,CIS study 3522 (sobre desigualdades sociales): the build script reads 3522_num.csv; the PDF is headed 'CÓDIGO ESTUDIO 3.522' and covers the table's items p5 p6 p12,2026-10-04
spain_2025_inequality_trajectory,https://www.cis.es/documents/20117/13443886/cues3522.pdf,cues3522.pdf,questionnaire,CIS,3522,"CIS study 3522's own questionnaire, listed on the study page; the cover's Nº ESTUDIO box reads 3522",2026-10-04
spain_2025_sanitation_aicomfort,https://www.cis.es/documents/20117/13436746/MD3531.zip,codigo3531.pdf (inside MD3531.zip),codebook,CIS,3531,CIS study 3531 (Barómetro sanitario 2025 (tercera oleada)): the build script reads 3531_num.csv; the PDF is headed 'CÓDIGO ESTUDIO 3.531' and covers the table's items P22_1 P22_2 P22_3 P22_4,2026-10-04
spain_2025_sanitation_aicomfort,https://www.cis.es/documents/20117/13436746/cues3531.pdf,cues3531.pdf,questionnaire,CIS,3531,"CIS study 3531's own questionnaire, listed on the study page; the cover's Nº ESTUDIO box reads 3531",2026-10-04
spain_2025_sanitation_aiconcern,https://www.cis.es/documents/20117/13436746/MD3531.zip,codigo3531.pdf (inside MD3531.zip),codebook,CIS,3531,CIS study 3531 (Barómetro sanitario 2025 (tercera oleada)): the build script reads 3531_num.csv; the PDF is headed 'CÓDIGO ESTUDIO 3.531' and covers the table's items P23 P24,2026-10-04
spain_2025_sanitation_aiconcern,https://www.cis.es/documents/20117/13436746/cues3531.pdf,cues3531.pdf,questionnaire,CIS,3531,"CIS study 3531's own questionnaire, listed on the study page; the cover's Nº ESTUDIO box reads 3531",2026-10-04
spain_2025_sanitation_airegulation,https://www.cis.es/documents/20117/13436746/MD3531.zip,codigo3531.pdf (inside MD3531.zip),codebook,CIS,3531,CIS study 3531 (Barómetro sanitario 2025 (tercera oleada)): the build script reads 3531_num.csv; the PDF is headed 'CÓDIGO ESTUDIO 3.531' and covers the table's items P25_1 P25_2 P25_3,2026-10-04
spain_2025_sanitation_airegulation,https://www.cis.es/documents/20117/13436746/cues3531.pdf,cues3531.pdf,questionnaire,CIS,3531,"CIS study 3531's own questionnaire, listed on the study page; the cover's Nº ESTUDIO box reads 3531",2026-10-04
spain_2025_sanitation_coordination,https://www.cis.es/documents/20117/13436746/MD3531.zip,codigo3531.pdf (inside MD3531.zip),codebook,CIS,3531,CIS study 3531 (Barómetro sanitario 2025 (tercera oleada)): the build script reads 3531_num.csv; the PDF is headed 'CÓDIGO ESTUDIO 3.531' and covers the table's items P11 P13,2026-10-04
spain_2025_sanitation_coordination,https://www.cis.es/documents/20117/13436746/cues3531.pdf,cues3531.pdf,questionnaire,CIS,3531,"CIS study 3531's own questionnaire, listed on the study page; the cover's Nº ESTUDIO box reads 3531",2026-10-04
spain_2025_sanitation_diagnostics,https://www.cis.es/documents/20117/13436746/MD3531.zip,codigo3531.pdf (inside MD3531.zip),codebook,CIS,3531,CIS study 3531 (Barómetro sanitario 2025 (tercera oleada)): the build script reads 3531_num.csv; the PDF is headed 'CÓDIGO ESTUDIO 3.531' and covers the table's items P10_1 P10_2 P10_3 P10_4,2026-10-04
spain_2025_sanitation_diagnostics,https://www.cis.es/documents/20117/13436746/cues3531.pdf,cues3531.pdf,questionnaire,CIS,3531,"CIS study 3531's own questionnaire, listed on the study page; the cover's Nº ESTUDIO box reads 3531",2026-10-04
spain_2025_sanitation_digital,https://www.cis.es/documents/20117/13436746/MD3531.zip,codigo3531.pdf (inside MD3531.zip),codebook,CIS,3531,CIS study 3531 (Barómetro sanitario 2025 (tercera oleada)): the build script reads 3531_num.csv; the PDF is headed 'CÓDIGO ESTUDIO 3.531' and covers the table's items P14 P15 P17 P20,2026-10-04
spain_2025_sanitation_digital,https://www.cis.es/documents/20117/13436746/cues3531.pdf,cues3531.pdf,questionnaire,CIS,3531,"CIS study 3531's own questionnaire, listed on the study page; the cover's Nº ESTUDIO box reads 3531",2026-10-04
spain_2025_sanitation_hospital,https://www.cis.es/documents/20117/13436746/MD3531.zip,codigo3531.pdf (inside MD3531.zip),codebook,CIS,3531,CIS study 3531 (Barómetro sanitario 2025 (tercera oleada)): the build script reads 3531_num.csv; the PDF is headed 'CÓDIGO ESTUDIO 3.531' and covers the table's items P9B_1 P9B_2 P9C_1 P9C_2 P9C_3 P9C_4 P9C_5 P9D,2026-10-04
spain_2025_sanitation_hospital,https://www.cis.es/documents/20117/13436746/cues3531.pdf,cues3531.pdf,questionnaire,CIS,3531,"CIS study 3531's own questionnaire, listed on the study page; the cover's Nº ESTUDIO box reads 3531",2026-10-04
spain_2025_sanitation_mental,https://www.cis.es/documents/20117/13436746/MD3531.zip,codigo3531.pdf (inside MD3531.zip),codebook,CIS,3531,CIS study 3531 (Barómetro sanitario 2025 (tercera oleada)): the build script reads 3531_num.csv; the PDF is headed 'CÓDIGO ESTUDIO 3.531' and covers the table's items P8D_1 P8D_2 P8D_3 P8D_4 P8E P8F P8G,2026-10-04
spain_2025_sanitation_mental,https://www.cis.es/documents/20117/13436746/cues3531.pdf,cues3531.pdf,questionnaire,CIS,3531,"CIS study 3531's own questionnaire, listed on the study page; the cover's Nº ESTUDIO box reads 3531",2026-10-04
spain_2025_sanitation_primary,https://www.cis.es/documents/20117/13436746/MD3531.zip,codigo3531.pdf (inside MD3531.zip),codebook,CIS,3531,CIS study 3531 (Barómetro sanitario 2025 (tercera oleada)): the build script reads 3531_num.csv; the PDF is headed 'CÓDIGO ESTUDIO 3.531' and covers the table's items P5D_1 P5D_2 P5D_3 P5D_4 P5E_1 P5E_2 P5E_3 P5E_4 P5E_5 P5F P5G P5H,2026-10-04
spain_2025_sanitation_primary,https://www.cis.es/documents/20117/13436746/cues3531.pdf,cues3531.pdf,questionnaire,CIS,3531,"CIS study 3531's own questionnaire, listed on the study page; the cover's Nº ESTUDIO box reads 3531",2026-10-04
spain_2025_sanitation_regional,https://www.cis.es/documents/20117/13436746/MD3531.zip,codigo3531.pdf (inside MD3531.zip),codebook,CIS,3531,CIS study 3531 (Barómetro sanitario 2025 (tercera oleada)): the build script reads 3531_num.csv; the PDF is headed 'CÓDIGO ESTUDIO 3.531' and covers the table's items P19_1 P19_2 P19_3 P19_4,2026-10-04
spain_2025_sanitation_regional,https://www.cis.es/documents/20117/13436746/cues3531.pdf,cues3531.pdf,questionnaire,CIS,3531,"CIS study 3531's own questionnaire, listed on the study page; the cover's Nº ESTUDIO box reads 3531",2026-10-04
spain_2025_sanitation_services,https://www.cis.es/documents/20117/13436746/MD3531.zip,codigo3531.pdf (inside MD3531.zip),codebook,CIS,3531,CIS study 3531 (Barómetro sanitario 2025 (tercera oleada)): the build script reads 3531_num.csv; the PDF is headed 'CÓDIGO ESTUDIO 3.531' and covers the table's items P4ES_1 P4ES_2 P4ES_3 P4ES_4 P4ES_5 P4ES_6,2026-10-04
spain_2025_sanitation_services,https://www.cis.es/documents/20117/13436746/cues3531.pdf,cues3531.pdf,questionnaire,CIS,3531,"CIS study 3531's own questionnaire, listed on the study page; the cover's Nº ESTUDIO box reads 3531",2026-10-04
spain_2025_sanitation_specialist,https://www.cis.es/documents/20117/13436746/MD3531.zip,codigo3531.pdf (inside MD3531.zip),codebook,CIS,3531,CIS study 3531 (Barómetro sanitario 2025 (tercera oleada)): the build script reads 3531_num.csv; the PDF is headed 'CÓDIGO ESTUDIO 3.531' and covers the table's items P7C_1 P7C_2 P7C_3 P7D_1 P7D_2 P7D_3 P7E,2026-10-04
spain_2025_sanitation_specialist,https://www.cis.es/documents/20117/13436746/cues3531.pdf,cues3531.pdf,questionnaire,CIS,3531,"CIS study 3531's own questionnaire, listed on the study page; the cover's Nº ESTUDIO box reads 3531",2026-10-04
spain_2025_sanitation_system,https://www.cis.es/documents/20117/13436746/MD3531.zip,codigo3531.pdf (inside MD3531.zip),codebook,CIS,3531,CIS study 3531 (Barómetro sanitario 2025 (tercera oleada)): the build script reads 3531_num.csv; the PDF is headed 'CÓDIGO ESTUDIO 3.531' and covers the table's items P1 P2 P12,2026-10-04
spain_2025_sanitation_system,https://www.cis.es/documents/20117/13436746/cues3531.pdf,cues3531.pdf,questionnaire,CIS,3531,"CIS study 3531's own questionnaire, listed on the study page; the cover's Nº ESTUDIO box reads 3531",2026-10-04
spain_2025_sex_attitudes,https://www.cis.es/documents/20117/14146657/MD3515.zip,codigo3515.pdf (inside MD3515.zip),codebook,CIS,3515,CIS study 3515 (Encuesta Nacional de Salud Sexual (2ª Edición)): the build script reads 3515_num.csv; the PDF is headed 'CÓDIGO ESTUDIO 3.515' and covers the table's items a5_1 a5_2 a5_3 a5_4 a5_5,2026-10-04
spain_2025_sex_attitudes,https://www.cis.es/documents/20117/14146657/cues3515.zip,cues3515.pdf (inside cues3515.zip),questionnaire,CIS,3515,"CIS study 3515's own questionnaire, listed on the study page; the cover's Nº ESTUDIO box reads 3515",2026-10-04
spain_2025_sex_condom,https://www.cis.es/documents/20117/14146657/MD3515.zip,codigo3515.pdf (inside MD3515.zip),codebook,CIS,3515,CIS study 3515 (Encuesta Nacional de Salud Sexual (2ª Edición)): the build script reads 3515_num.csv; the PDF is headed 'CÓDIGO ESTUDIO 3.515' and covers the table's items d6 d7,2026-10-04
spain_2025_sex_condom,https://www.cis.es/documents/20117/14146657/cues3515.zip,cues3515.pdf (inside cues3515.zip),questionnaire,CIS,3515,"CIS study 3515's own questionnaire, listed on the study page; the cover's Nº ESTUDIO box reads 3515",2026-10-04
spain_2025_sex_frequency,https://www.cis.es/documents/20117/14146657/MD3515.zip,codigo3515.pdf (inside MD3515.zip),codebook,CIS,3515,CIS study 3515 (Encuesta Nacional de Salud Sexual (2ª Edición)): the build script reads 3515_num.csv; the PDF is headed 'CÓDIGO ESTUDIO 3.515' and covers the table's items b2_1 b2_2 b2_3 b2_4 b2_5 b2_6,2026-10-04
spain_2025_sex_frequency,https://www.cis.es/documents/20117/14146657/cues3515.zip,cues3515.pdf (inside cues3515.zip),questionnaire,CIS,3515,"CIS study 3515's own questionnaire, listed on the study page; the cover's Nº ESTUDIO box reads 3515",2026-10-04
spain_2025_sex_identity,https://www.cis.es/documents/20117/14146657/MD3515.zip,codigo3515.pdf (inside MD3515.zip),codebook,CIS,3515,CIS study 3515 (Encuesta Nacional de Salud Sexual (2ª Edición)): the build script reads 3515_num.csv; the PDF is headed 'CÓDIGO ESTUDIO 3.515' and covers the table's items a7 a9 a10 a13,2026-10-04
spain_2025_sex_identity,https://www.cis.es/documents/20117/14146657/cues3515.zip,cues3515.pdf (inside cues3515.zip),questionnaire,CIS,3515,"CIS study 3515's own questionnaire, listed on the study page; the cover's Nº ESTUDIO box reads 3515",2026-10-04
spain_2025_tourism_importance,https://www.cis.es/documents/20117/13443645/MD3521.zip,codigo3521.pdf (inside MD3521.zip),codebook,CIS,3521,CIS study 3521 (Turismo y gastronomía (III)): the build script reads 3521_num.csv; the PDF is headed 'CÓDIGO ESTUDIO 3.521' and covers the table's items gradoimpor1_1 gradoimpor1_2 gradoimpor1_3 gradoimpor1_4 gradoimpor1_5,2026-10-04
spain_2025_tourism_importance,https://www.cis.es/documents/20117/13443645/cues3521.pdf,cues3521.pdf,questionnaire,CIS,3521,"CIS study 3521's own questionnaire, listed on the study page; the cover's Nº ESTUDIO box reads 3521",2026-10-04
spain_2026_confidence_acquisition,https://www.cis.es/documents/20117/14151954/MD3565.zip,codigo3565.pdf (inside MD3565.zip),codebook,CIS,3565,CIS study 3565 (Índice de Confianza del Consumidor. Mes de mayo 2026): the build script reads 3565_num.csv; the PDF is headed 'CÓDIGO ESTUDIO 3.565' and covers the table's items p1_1 p1_2 p1_3 p1_4,2026-10-04
spain_2026_confidence_acquisition,https://www.cis.es/documents/20117/14151954/cues3565.pdf,cues3565.pdf,questionnaire,CIS,3565,"CIS study 3565's own questionnaire, listed on the study page; the cover's Nº ESTUDIO box reads 3565",2026-10-04
spain_2026_confidence_expectations,https://www.cis.es/documents/20117/14151954/MD3565.zip,codigo3565.pdf (inside MD3565.zip),codebook,CIS,3565,CIS study 3565 (Índice de Confianza del Consumidor. Mes de mayo 2026): the build script reads 3565_num.csv; the PDF is headed 'CÓDIGO ESTUDIO 3.565' and covers the table's items p6 p10 p11,2026-10-04
spain_2026_confidence_expectations,https://www.cis.es/documents/20117/14151954/cues3565.pdf,cues3565.pdf,questionnaire,CIS,3565,"CIS study 3565's own questionnaire, listed on the study page; the cover's Nº ESTUDIO box reads 3565",2026-10-04
spain_2026_confidence_macro,https://www.cis.es/documents/20117/14151954/MD3565.zip,codigo3565.pdf (inside MD3565.zip),codebook,CIS,3565,CIS study 3565 (Índice de Confianza del Consumidor. Mes de mayo 2026): the build script reads 3565_num.csv; the PDF is headed 'CÓDIGO ESTUDIO 3.565' and covers the table's items p15 p16 p17,2026-10-04
spain_2026_confidence_macro,https://www.cis.es/documents/20117/14151954/cues3565.pdf,cues3565.pdf,questionnaire,CIS,3565,"CIS study 3565's own questionnaire, listed on the study page; the cover's Nº ESTUDIO box reads 3565",2026-10-04
spain_2026_confidence_prospect,https://www.cis.es/documents/20117/14151954/MD3565.zip,codigo3565.pdf (inside MD3565.zip),codebook,CIS,3565,CIS study 3565 (Índice de Confianza del Consumidor. Mes de mayo 2026): the build script reads 3565_num.csv; the PDF is headed 'CÓDIGO ESTUDIO 3.565' and covers the table's items p9 p9_1 p12 p14 p14_1,2026-10-04
spain_2026_confidence_prospect,https://www.cis.es/documents/20117/14151954/cues3565.pdf,cues3565.pdf,questionnaire,CIS,3565,"CIS study 3565's own questionnaire, listed on the study page; the cover's Nº ESTUDIO box reads 3565",2026-10-04
spain_2026_confidence_retrospect,https://www.cis.es/documents/20117/14151954/MD3565.zip,codigo3565.pdf (inside MD3565.zip),codebook,CIS,3565,CIS study 3565 (Índice de Confianza del Consumidor. Mes de mayo 2026): the build script reads 3565_num.csv; the PDF is headed 'CÓDIGO ESTUDIO 3.565' and covers the table's items p3 p7 p7_1 p8 p8_1,2026-10-04
spain_2026_confidence_retrospect,https://www.cis.es/documents/20117/14151954/cues3565.pdf,cues3565.pdf,questionnaire,CIS,3565,"CIS study 3565's own questionnaire, listed on the study page; the cover's Nº ESTUDIO box reads 3565",2026-10-04
spain_2026_disinformation_concern,https://www.cis.es/documents/20117/14107602/MD3563.zip,codigo3563.pdf (inside MD3563.zip),codebook,CIS,3563,CIS study 3563 (Desinformación y humor): the build script reads 3563_num.csv; the PDF is headed 'CÓDIGO ESTUDIO 3.563' and covers the table's items p1 desinfor_1 desinfor_2 desinfor_3 desinfor_4 p12_1 p12_2 p12_3 p12_4 p12_5,2026-10-04
spain_2026_disinformation_concern,https://www.cis.es/documents/20117/14107602/cues3563.pdf,cues3563.pdf,questionnaire,CIS,3563,"CIS study 3563's own questionnaire, listed on the study page; the cover's Nº ESTUDIO box reads 3563",2026-10-04
spain_2026_disinformation_hostility,https://www.cis.es/documents/20117/14107602/MD3563.zip,codigo3563.pdf (inside MD3563.zip),codebook,CIS,3563,CIS study 3563 (Desinformación y humor): the build script reads 3563_num.csv; the PDF is headed 'CÓDIGO ESTUDIO 3.563' and covers the table's items p10_1 p10_2 p10_3 p10_4,2026-10-04
spain_2026_disinformation_hostility,https://www.cis.es/documents/20117/14107602/cues3563.pdf,cues3563.pdf,questionnaire,CIS,3563,"CIS study 3563's own questionnaire, listed on the study page; the cover's Nº ESTUDIO box reads 3563",2026-10-04
spain_2026_disinformation_humorclimate,https://www.cis.es/documents/20117/14107602/MD3563.zip,codigo3563.pdf (inside MD3563.zip),codebook,CIS,3563,CIS study 3563 (Desinformación y humor): the build script reads 3563_num.csv; the PDF is headed 'CÓDIGO ESTUDIO 3.563' and covers the table's items p29 p30,2026-10-04
spain_2026_disinformation_humorclimate,https://www.cis.es/documents/20117/14107602/cues3563.pdf,cues3563.pdf,questionnaire,CIS,3563,"CIS study 3563's own questionnaire, listed on the study page; the cover's Nº ESTUDIO box reads 3563",2026-10-04
spain_2026_disinformation_humorlimits,https://www.cis.es/documents/20117/14107602/MD3563.zip,codigo3563.pdf (inside MD3563.zip),codebook,CIS,3563,CIS study 3563 (Desinformación y humor): the build script reads 3563_num.csv; the PDF is headed 'CÓDIGO ESTUDIO 3.563' and covers the table's items p13 p24,2026-10-04
spain_2026_disinformation_humorlimits,https://www.cis.es/documents/20117/14107602/cues3563.pdf,cues3563.pdf,questionnaire,CIS,3563,"CIS study 3563's own questionnaire, listed on the study page; the cover's Nº ESTUDIO box reads 3563",2026-10-04
spain_2026_disinformation_humorperception,https://www.cis.es/documents/20117/14107602/MD3563.zip,codigo3563.pdf (inside MD3563.zip),codebook,CIS,3563,CIS study 3563 (Desinformación y humor): the build script reads 3563_num.csv; the PDF is headed 'CÓDIGO ESTUDIO 3.563' and covers the table's items p26 p27 p28,2026-10-04
spain_2026_disinformation_humorperception,https://www.cis.es/documents/20117/14107602/cues3563.pdf,cues3563.pdf,questionnaire,CIS,3563,"CIS study 3563's own questionnaire, listed on the study page; the cover's Nº ESTUDIO box reads 3563",2026-10-04
spain_2026_disinformation_memes,https://www.cis.es/documents/20117/14107602/MD3563.zip,codigo3563.pdf (inside MD3563.zip),codebook,CIS,3563,CIS study 3563 (Desinformación y humor): the build script reads 3563_num.csv; the PDF is headed 'CÓDIGO ESTUDIO 3.563' and covers the table's items p14 p15_1 p15_2 p15_3 p15_4 p15_5 p15_6,2026-10-04
spain_2026_disinformation_memes,https://www.cis.es/documents/20117/14107602/cues3563.pdf,cues3563.pdf,questionnaire,CIS,3563,"CIS study 3563's own questionnaire, listed on the study page; the cover's Nº ESTUDIO box reads 3563",2026-10-04
spain_2026_disinformation_offense,https://www.cis.es/documents/20117/14107602/MD3563.zip,codigo3563.pdf (inside MD3563.zip),codebook,CIS,3563,CIS study 3563 (Desinformación y humor): the build script reads 3563_num.csv; the PDF is headed 'CÓDIGO ESTUDIO 3.563' and covers the table's items p23_1 p23_2 p23_3 p23_4,2026-10-04
spain_2026_disinformation_offense,https://www.cis.es/documents/20117/14107602/cues3563.pdf,cues3563.pdf,questionnaire,CIS,3563,"CIS study 3563's own questionnaire, listed on the study page; the cover's Nº ESTUDIO box reads 3563",2026-10-04
spain_2026_disinformation_personalhumor,https://www.cis.es/documents/20117/14107602/MD3563.zip,codigo3563.pdf (inside MD3563.zip),codebook,CIS,3563,CIS study 3563 (Desinformación y humor): the build script reads 3563_num.csv; the PDF is headed 'CÓDIGO ESTUDIO 3.563' and covers the table's items p16 p17 p18 p20 p21 p25,2026-10-04
spain_2026_disinformation_personalhumor,https://www.cis.es/documents/20117/14107602/cues3563.pdf,cues3563.pdf,questionnaire,CIS,3563,"CIS study 3563's own questionnaire, listed on the study page; the cover's Nº ESTUDIO box reads 3563",2026-10-04
spain_2026_disinformation_regulation,https://www.cis.es/documents/20117/14107602/MD3563.zip,codigo3563.pdf (inside MD3563.zip),codebook,CIS,3563,CIS study 3563 (Desinformación y humor): the build script reads 3563_num.csv; the PDF is headed 'CÓDIGO ESTUDIO 3.563' and covers the table's items p3 p4 p5 p6,2026-10-04
spain_2026_disinformation_regulation,https://www.cis.es/documents/20117/14107602/cues3563.pdf,cues3563.pdf,questionnaire,CIS,3563,"CIS study 3563's own questionnaire, listed on the study page; the cover's Nº ESTUDIO box reads 3563",2026-10-04
spain_2026_elections_campaign,https://www.cis.es/documents/20117/14152474/MD3566.zip,codigo3566.pdf (inside MD3566.zip),codebook,CIS,3566,CIS study 3566 (Postelectoral elecciones autonómicas 2026. Comunidad autónoma de Andalucía): the build script reads 3566_num.csv; the PDF is headed 'CÓDIGO ESTUDIO 3.566' and covers the table's items p2 p3_1 p3_2 p3_3 p3_4,2026-10-04
spain_2026_elections_campaign,https://www.cis.es/documents/20117/14152474/cues3566.pdf,cues3566.pdf,questionnaire,CIS,3566,"CIS study 3566's own questionnaire, listed on the study page; the cover's Nº ESTUDIO box reads 3566",2026-10-04
spain_2026_elections_garcia,https://www.cis.es/documents/20117/14152474/MD3566.zip,codigo3566.pdf (inside MD3566.zip),codebook,CIS,3566,CIS study 3566 (Postelectoral elecciones autonómicas 2026. Comunidad autónoma de Andalucía): the build script reads 3566_num.csv; the PDF is headed 'CÓDIGO ESTUDIO 3.566' and covers the table's items jigarcia_1 jigarcia_2 jigarcia_3 jigarcia_4 jigarcia_5 jigarcia_6,2026-10-04
spain_2026_elections_garcia,https://www.cis.es/documents/20117/14152474/cues3566.pdf,cues3566.pdf,questionnaire,CIS,3566,"CIS study 3566's own questionnaire, listed on the study page; the cover's Nº ESTUDIO box reads 3566",2026-10-04
spain_2026_elections_gavira,https://www.cis.es/documents/20117/14152474/MD3566.zip,codigo3566.pdf (inside MD3566.zip),codebook,CIS,3566,CIS study 3566 (Postelectoral elecciones autonómicas 2026. Comunidad autónoma de Andalucía): the build script reads 3566_num.csv; the PDF is headed 'CÓDIGO ESTUDIO 3.566' and covers the table's items mgavira_1 mgavira_2 mgavira_3 mgavira_4 mgavira_5 mgavira_6,2026-10-04
spain_2026_elections_gavira,https://www.cis.es/documents/20117/14152474/cues3566.pdf,cues3566.pdf,questionnaire,CIS,3566,"CIS study 3566's own questionnaire, listed on the study page; the cover's Nº ESTUDIO box reads 3566",2026-10-04
spain_2026_elections_leaderscampaign,https://www.cis.es/documents/20117/14152474/MD3566.zip,codigo3566.pdf (inside MD3566.zip),codebook,CIS,3566,CIS study 3566 (Postelectoral elecciones autonómicas 2026. Comunidad autónoma de Andalucía): the build script reads 3566_num.csv; the PDF is headed 'CÓDIGO ESTUDIO 3.566' and covers the table's items campa_lideres_1 campa_lideres_2 campa_lideres_3 campa_lideres_4 campa_lideres_5,2026-10-04
spain_2026_elections_leaderscampaign,https://www.cis.es/documents/20117/14152474/cues3566.pdf,cues3566.pdf,questionnaire,CIS,3566,"CIS study 3566's own questionnaire, listed on the study page; the cover's Nº ESTUDIO box reads 3566",2026-10-04
spain_2026_elections_maillo,https://www.cis.es/documents/20117/14152474/MD3566.zip,codigo3566.pdf (inside MD3566.zip),codebook,CIS,3566,CIS study 3566 (Postelectoral elecciones autonómicas 2026. Comunidad autónoma de Andalucía): the build script reads 3566_num.csv; the PDF is headed 'CÓDIGO ESTUDIO 3.566' and covers the table's items amaillo_1 amaillo_2 amaillo_3 amaillo_4 amaillo_5 amaillo_6,2026-10-04
spain_2026_elections_maillo,https://www.cis.es/documents/20117/14152474/cues3566.pdf,cues3566.pdf,questionnaire,CIS,3566,"CIS study 3566's own questionnaire, listed on the study page; the cover's Nº ESTUDIO box reads 3566",2026-10-04
spain_2026_elections_montero,https://www.cis.es/documents/20117/14152474/MD3566.zip,codigo3566.pdf (inside MD3566.zip),codebook,CIS,3566,CIS study 3566 (Postelectoral elecciones autonómicas 2026. Comunidad autónoma de Andalucía): the build script reads 3566_num.csv; the PDF is headed 'CÓDIGO ESTUDIO 3.566' and covers the table's items mjmontero_1 mjmontero_2 mjmontero_3 mjmontero_4 mjmontero_5 mjmontero_6,2026-10-04
spain_2026_elections_montero,https://www.cis.es/documents/20117/14152474/cues3566.pdf,cues3566.pdf,questionnaire,CIS,3566,"CIS study 3566's own questionnaire, listed on the study page; the cover's Nº ESTUDIO box reads 3566",2026-10-04
spain_2026_elections_moreno,https://www.cis.es/documents/20117/14152474/MD3566.zip,codigo3566.pdf (inside MD3566.zip),codebook,CIS,3566,CIS study 3566 (Postelectoral elecciones autonómicas 2026. Comunidad autónoma de Andalucía): the build script reads 3566_num.csv; the PDF is headed 'CÓDIGO ESTUDIO 3.566' and covers the table's items jmmoreno_1 jmmoreno_2 jmmoreno_3 jmmoreno_4 jmmoreno_5 jmmoreno_6,2026-10-04
spain_2026_elections_moreno,https://www.cis.es/documents/20117/14152474/cues3566.pdf,cues3566.pdf,questionnaire,CIS,3566,"CIS study 3566's own questionnaire, listed on the study page; the cover's Nº ESTUDIO box reads 3566",2026-10-04
spain_2026_international_confidence,https://www.cis.es/documents/20117/14018120/MD3564.zip,codigo3564.pdf (inside MD3564.zip),codebook,CIS,3564,CIS study 3564 (sobre la situación internacional): the build script reads 3564_num.csv; the PDF is headed 'CÓDIGO ESTUDIO 3.564' and covers the table's items ooiiconfianza_1 ooiiconfianza_2 ooiiconfianza_3 ooiiconfianza_4 ooiiconfianza_5 ooiiconfianza_6 ooiiconfianza_7 ooiiconfianza_8 ooiiconfianza_9 ooiiconfianza_10,2026-10-04
spain_2026_international_confidence,https://www.cis.es/documents/20117/14018120/Cues3564.pdf,Cues3564.pdf,questionnaire,CIS,3564,"CIS study 3564's own questionnaire, listed on the study page; the cover's Nº ESTUDIO box reads 3564",2026-10-04
spain_2026_international_eu,https://www.cis.es/documents/20117/14018120/MD3564.zip,codigo3564.pdf (inside MD3564.zip),codebook,CIS,3564,CIS study 3564 (sobre la situación internacional): the build script reads 3564_num.csv; the PDF is headed 'CÓDIGO ESTUDIO 3.564' and covers the table's items ue_1 ue_2 ue_3 ue_4 ue_5,2026-10-04
spain_2026_international_eu,https://www.cis.es/documents/20117/14018120/Cues3564.pdf,Cues3564.pdf,questionnaire,CIS,3564,"CIS study 3564's own questionnaire, listed on the study page; the cover's Nº ESTUDIO box reads 3564",2026-10-04
spain_2026_international_influence,https://www.cis.es/documents/20117/14018120/MD3564.zip,codigo3564.pdf (inside MD3564.zip),codebook,CIS,3564,CIS study 3564 (sobre la situación internacional): the build script reads 3564_num.csv; the PDF is headed 'CÓDIGO ESTUDIO 3.564' and covers the table's items ooiiinfluencia_1 ooiiinfluencia_2 ooiiinfluencia_3 ooiiinfluencia_4 ooiiinfluencia_5 ooiiinfluencia_6 ooiiinfluencia_7 ooiiinfluencia_8 ooiiinfluencia_9 ooiiinfluencia_10,2026-10-04
spain_2026_international_influence,https://www.cis.es/documents/20117/14018120/Cues3564.pdf,Cues3564.pdf,questionnaire,CIS,3564,"CIS study 3564's own questionnaire, listed on the study page; the cover's Nº ESTUDIO box reads 3564",2026-10-04
spain_2026_international_media,https://www.cis.es/documents/20117/14018120/MD3564.zip,codigo3564.pdf (inside MD3564.zip),codebook,CIS,3564,CIS study 3564 (sobre la situación internacional): the build script reads 3564_num.csv; the PDF is headed 'CÓDIGO ESTUDIO 3.564' and covers the table's items p7 p9 p10,2026-10-04
spain_2026_international_media,https://www.cis.es/documents/20117/14018120/Cues3564.pdf,Cues3564.pdf,questionnaire,CIS,3564,"CIS study 3564's own questionnaire, listed on the study page; the cover's Nº ESTUDIO box reads 3564",2026-10-04
spain_2026_international_threat,https://www.cis.es/documents/20117/14018120/MD3564.zip,codigo3564.pdf (inside MD3564.zip),codebook,CIS,3564,CIS study 3564 (sobre la situación internacional): the build script reads 3564_num.csv; the PDF is headed 'CÓDIGO ESTUDIO 3.564' and covers the table's items p16 p18,2026-10-04
spain_2026_international_threat,https://www.cis.es/documents/20117/14018120/Cues3564.pdf,Cues3564.pdf,questionnaire,CIS,3564,"CIS study 3564's own questionnaire, listed on the study page; the cover's Nº ESTUDIO box reads 3564",2026-10-04
spain_2026_international_un,https://www.cis.es/documents/20117/14018120/MD3564.zip,codigo3564.pdf (inside MD3564.zip),codebook,CIS,3564,CIS study 3564 (sobre la situación internacional): the build script reads 3564_num.csv; the PDF is headed 'CÓDIGO ESTUDIO 3.564' and covers the table's items onu_1 onu_2 onu_3 onu_4 onu_5 onu_6,2026-10-04
spain_2026_international_un,https://www.cis.es/documents/20117/14018120/Cues3564.pdf,Cues3564.pdf,questionnaire,CIS,3564,"CIS study 3564's own questionnaire, listed on the study page; the cover's Nº ESTUDIO box reads 3564",2026-10-04
spain_2026_love_apps,https://www.cis.es/documents/20117/13782736/MD3508.zip,codigo3508.pdf (inside MD3508.zip),codebook,CIS,3508,CIS study 3508 (Percepción social del amor): the build script reads 3508_num.csv; the PDF is headed 'CÓDIGO ESTUDIO 3.508' and covers the table's items p16_1 p16_2 p16_3 p16_4 p16_5 p16_6 p16_7,2026-10-04
spain_2026_love_apps,https://www.cis.es/documents/20117/13782736/cues3508.pdf,cues3508.pdf,questionnaire,CIS,3508,"CIS study 3508's own questionnaire, listed on the study page; the cover's Nº ESTUDIO box reads 3508",2026-10-04
spain_2026_love_association,https://www.cis.es/documents/20117/13782736/MD3508.zip,codigo3508.pdf (inside MD3508.zip),codebook,CIS,3508,CIS study 3508 (Percepción social del amor): the build script reads 3508_num.csv; the PDF is headed 'CÓDIGO ESTUDIO 3.508' and covers the table's items p3_1 p3_2 p3_3 p3_4 p3_5 p3_6 p3_7 p3_8 p3_9,2026-10-04
spain_2026_love_association,https://www.cis.es/documents/20117/13782736/cues3508.pdf,cues3508.pdf,questionnaire,CIS,3508,"CIS study 3508's own questionnaire, listed on the study page; the cover's Nº ESTUDIO box reads 3508",2026-10-04
spain_2026_love_attitudes,https://www.cis.es/documents/20117/13782736/MD3508.zip,codigo3508.pdf (inside MD3508.zip),codebook,CIS,3508,CIS study 3508 (Percepción social del amor): the build script reads 3508_num.csv; the PDF is headed 'CÓDIGO ESTUDIO 3.508' and covers the table's items p4_1 p4_2 p4_3 p4_4 p4_5 p4_6 p4_7 p4_8,2026-10-04
spain_2026_love_attitudes,https://www.cis.es/documents/20117/13782736/cues3508.pdf,cues3508.pdf,questionnaire,CIS,3508,"CIS study 3508's own questionnaire, listed on the study page; the cover's Nº ESTUDIO box reads 3508",2026-10-04
spain_2026_love_conceptions,https://www.cis.es/documents/20117/13782736/MD3508.zip,codigo3508.pdf (inside MD3508.zip),codebook,CIS,3508,CIS study 3508 (Percepción social del amor): the build script reads 3508_num.csv; the PDF is headed 'CÓDIGO ESTUDIO 3.508' and covers the table's items p10 p11 p12 p13,2026-10-04
spain_2026_love_conceptions,https://www.cis.es/documents/20117/13782736/cues3508.pdf,cues3508.pdf,questionnaire,CIS,3508,"CIS study 3508's own questionnaire, listed on the study page; the cover's Nº ESTUDIO box reads 3508",2026-10-04
spain_2026_love_desire,https://www.cis.es/documents/20117/13782736/MD3508.zip,codigo3508.pdf (inside MD3508.zip),codebook,CIS,3508,CIS study 3508 (Percepción social del amor): the build script reads 3508_num.csv; the PDF is headed 'CÓDIGO ESTUDIO 3.508' and covers the table's items p19 p22a,2026-10-04
spain_2026_love_desire,https://www.cis.es/documents/20117/13782736/cues3508.pdf,cues3508.pdf,questionnaire,CIS,3508,"CIS study 3508's own questionnaire, listed on the study page; the cover's Nº ESTUDIO box reads 3508",2026-10-04
spain_2026_love_gestures,https://www.cis.es/documents/20117/13782736/MD3508.zip,codigo3508.pdf (inside MD3508.zip),codebook,CIS,3508,CIS study 3508 (Percepción social del amor): the build script reads 3508_num.csv; the PDF is headed 'CÓDIGO ESTUDIO 3.508' and covers the table's items p7 p8 p9,2026-10-04
spain_2026_love_gestures,https://www.cis.es/documents/20117/13782736/cues3508.pdf,cues3508.pdf,questionnaire,CIS,3508,"CIS study 3508's own questionnaire, listed on the study page; the cover's Nº ESTUDIO box reads 3508",2026-10-04
spain_2026_love_importance,https://www.cis.es/documents/20117/13782736/MD3508.zip,codigo3508.pdf (inside MD3508.zip),codebook,CIS,3508,CIS study 3508 (Percepción social del amor): the build script reads 3508_num.csv; the PDF is headed 'CÓDIGO ESTUDIO 3.508' and covers the table's items p1_1 p1_2 p1_3 p1_4 p1_5 p1_6 p1_7 p1_8 p1_9 p1_10,2026-10-04
spain_2026_love_importance,https://www.cis.es/documents/20117/13782736/cues3508.pdf,cues3508.pdf,questionnaire,CIS,3508,"CIS study 3508's own questionnaire, listed on the study page; the cover's Nº ESTUDIO box reads 3508",2026-10-04
spain_2026_love_usage,https://www.cis.es/documents/20117/13782736/MD3508.zip,codigo3508.pdf (inside MD3508.zip),codebook,CIS,3508,CIS study 3508 (Percepción social del amor): the build script reads 3508_num.csv; the PDF is headed 'CÓDIGO ESTUDIO 3.508' and covers the table's items p15 p15a p15b,2026-10-04
spain_2026_love_usage,https://www.cis.es/documents/20117/13782736/cues3508.pdf,cues3508.pdf,questionnaire,CIS,3508,"CIS study 3508's own questionnaire, listed on the study page; the cover's Nº ESTUDIO box reads 3508",2026-10-04
spain_2026_prostitution_pornography,https://www.cis.es/documents/20117/13776627/MD3525.zip,codigo3525.pdf (inside MD3525.zip),codebook,CIS,3525,CIS study 3525 (Percepción de la prostitución): the build script reads 3525_num.csv; the PDF is headed 'CÓDIGO ESTUDIO 3.525' and covers the table's items p1_1 p1_2 p1_3 p1_4 p1_5,2026-10-04
spain_2026_prostitution_pornography,https://www.cis.es/documents/20117/13776627/cues3525.pdf,cues3525.pdf,questionnaire,CIS,3525,"CIS study 3525's own questionnaire, listed on the study page; the cover's Nº ESTUDIO box reads 3525",2026-10-04
spain_2026_prostitution_prostitution,https://www.cis.es/documents/20117/13776627/MD3525.zip,codigo3525.pdf (inside MD3525.zip),codebook,CIS,3525,CIS study 3525 (Percepción de la prostitución): the build script reads 3525_num.csv; the PDF is headed 'CÓDIGO ESTUDIO 3.525' and covers the table's items p23_1 p23_2 p23_3 p23_4 p23_5 p23_6,2026-10-04
spain_2026_prostitution_prostitution,https://www.cis.es/documents/20117/13776627/cues3525.pdf,cues3525.pdf,questionnaire,CIS,3525,"CIS study 3525's own questionnaire, listed on the study page; the cover's Nº ESTUDIO box reads 3525",2026-10-04
encceja_2018_ef_ci,https://download.inep.gov.br/microdados/microdados_encceja_2018.zip,"DICIONÁRIO/Dicionário de dados.xlsx (inside microdados_encceja_2018.zip, 108 MB)",codebook,ENCCEJA,2018,"INEP ENCCEJA 2018 microdata dictionary (sheets for the Nacional Regular file and ITENS PROVA): the build script reads DADOS/MICRODADOS_ENCCEJA_2018_REG_NAC.csv and DADOS/ITENS_PROVA_2018.csv from this zip; it defines the table's item variables TX_RESPOSTAS_CN, CO_PROVA_CN, TP_PRESENCA_CN, TX_GABARITO_CN and the item file's CO_ITEM, CO_POSICAO, SG_AREA, TX_GABARITO; zip is 108 MB",2026-10-05
encceja_2018_ef_ci_nom,https://download.inep.gov.br/microdados/microdados_encceja_2018.zip,"DICIONÁRIO/Dicionário de dados.xlsx (inside microdados_encceja_2018.zip, 108 MB)",codebook,ENCCEJA,2018,"INEP ENCCEJA 2018 microdata dictionary (sheets for the Nacional Regular file and ITENS PROVA): the build script reads DADOS/MICRODADOS_ENCCEJA_2018_REG_NAC.csv and DADOS/ITENS_PROVA_2018.csv from this zip; it defines the table's item variables TX_RESPOSTAS_CN, CO_PROVA_CN, TP_PRESENCA_CN, TX_GABARITO_CN and the item file's CO_ITEM, CO_POSICAO, SG_AREA, TX_GABARITO; zip is 108 MB",2026-10-05
encceja_2018_ef_hg,https://download.inep.gov.br/microdados/microdados_encceja_2018.zip,"DICIONÁRIO/Dicionário de dados.xlsx (inside microdados_encceja_2018.zip, 108 MB)",codebook,ENCCEJA,2018,"INEP ENCCEJA 2018 microdata dictionary (sheets for the Nacional Regular file and ITENS PROVA): the build script reads DADOS/MICRODADOS_ENCCEJA_2018_REG_NAC.csv and DADOS/ITENS_PROVA_2018.csv from this zip; it defines the table's item variables TX_RESPOSTAS_CH, CO_PROVA_CH, TP_PRESENCA_CH, TX_GABARITO_CH and the item file's CO_ITEM, CO_POSICAO, SG_AREA, TX_GABARITO; zip is 108 MB",2026-10-05
encceja_2018_ef_hg_nom,https://download.inep.gov.br/microdados/microdados_encceja_2018.zip,"DICIONÁRIO/Dicionário de dados.xlsx (inside microdados_encceja_2018.zip, 108 MB)",codebook,ENCCEJA,2018,"INEP ENCCEJA 2018 microdata dictionary (sheets for the Nacional Regular file and ITENS PROVA): the build script reads DADOS/MICRODADOS_ENCCEJA_2018_REG_NAC.csv and DADOS/ITENS_PROVA_2018.csv from this zip; it defines the table's item variables TX_RESPOSTAS_CH, CO_PROVA_CH, TP_PRESENCA_CH, TX_GABARITO_CH and the item file's CO_ITEM, CO_POSICAO, SG_AREA, TX_GABARITO; zip is 108 MB",2026-10-05
encceja_2018_ef_lp,https://download.inep.gov.br/microdados/microdados_encceja_2018.zip,"DICIONÁRIO/Dicionário de dados.xlsx (inside microdados_encceja_2018.zip, 108 MB)",codebook,ENCCEJA,2018,"INEP ENCCEJA 2018 microdata dictionary (sheets for the Nacional Regular file and ITENS PROVA): the build script reads DADOS/MICRODADOS_ENCCEJA_2018_REG_NAC.csv and DADOS/ITENS_PROVA_2018.csv from this zip; it defines the table's item variables TX_RESPOSTAS_LC, CO_PROVA_LC, TP_PRESENCA_LC, TX_GABARITO_LC and the item file's CO_ITEM, CO_POSICAO, SG_AREA, TX_GABARITO; zip is 108 MB",2026-10-05
encceja_2018_ef_lp_nom,https://download.inep.gov.br/microdados/microdados_encceja_2018.zip,"DICIONÁRIO/Dicionário de dados.xlsx (inside microdados_encceja_2018.zip, 108 MB)",codebook,ENCCEJA,2018,"INEP ENCCEJA 2018 microdata dictionary (sheets for the Nacional Regular file and ITENS PROVA): the build script reads DADOS/MICRODADOS_ENCCEJA_2018_REG_NAC.csv and DADOS/ITENS_PROVA_2018.csv from this zip; it defines the table's item variables TX_RESPOSTAS_LC, CO_PROVA_LC, TP_PRESENCA_LC, TX_GABARITO_LC and the item file's CO_ITEM, CO_POSICAO, SG_AREA, TX_GABARITO; zip is 108 MB",2026-10-05
encceja_2018_ef_ma,https://download.inep.gov.br/microdados/microdados_encceja_2018.zip,"DICIONÁRIO/Dicionário de dados.xlsx (inside microdados_encceja_2018.zip, 108 MB)",codebook,ENCCEJA,2018,"INEP ENCCEJA 2018 microdata dictionary (sheets for the Nacional Regular file and ITENS PROVA): the build script reads DADOS/MICRODADOS_ENCCEJA_2018_REG_NAC.csv and DADOS/ITENS_PROVA_2018.csv from this zip; it defines the table's item variables TX_RESPOSTAS_MT, CO_PROVA_MT, TP_PRESENCA_MT, TX_GABARITO_MT and the item file's CO_ITEM, CO_POSICAO, SG_AREA, TX_GABARITO; zip is 108 MB",2026-10-05
encceja_2018_ef_ma_nom,https://download.inep.gov.br/microdados/microdados_encceja_2018.zip,"DICIONÁRIO/Dicionário de dados.xlsx (inside microdados_encceja_2018.zip, 108 MB)",codebook,ENCCEJA,2018,"INEP ENCCEJA 2018 microdata dictionary (sheets for the Nacional Regular file and ITENS PROVA): the build script reads DADOS/MICRODADOS_ENCCEJA_2018_REG_NAC.csv and DADOS/ITENS_PROVA_2018.csv from this zip; it defines the table's item variables TX_RESPOSTAS_MT, CO_PROVA_MT, TP_PRESENCA_MT, TX_GABARITO_MT and the item file's CO_ITEM, CO_POSICAO, SG_AREA, TX_GABARITO; zip is 108 MB",2026-10-05
encceja_2018_em_ch,https://download.inep.gov.br/microdados/microdados_encceja_2018.zip,"DICIONÁRIO/Dicionário de dados.xlsx (inside microdados_encceja_2018.zip, 108 MB)",codebook,ENCCEJA,2018,"INEP ENCCEJA 2018 microdata dictionary (sheets for the Nacional Regular file and ITENS PROVA): the build script reads DADOS/MICRODADOS_ENCCEJA_2018_REG_NAC.csv and DADOS/ITENS_PROVA_2018.csv from this zip; it defines the table's item variables TX_RESPOSTAS_CH, CO_PROVA_CH, TP_PRESENCA_CH, TX_GABARITO_CH and the item file's CO_ITEM, CO_POSICAO, SG_AREA, TX_GABARITO; zip is 108 MB",2026-10-05
encceja_2018_em_ch_nom,https://download.inep.gov.br/microdados/microdados_encceja_2018.zip,"DICIONÁRIO/Dicionário de dados.xlsx (inside microdados_encceja_2018.zip, 108 MB)",codebook,ENCCEJA,2018,"INEP ENCCEJA 2018 microdata dictionary (sheets for the Nacional Regular file and ITENS PROVA): the build script reads DADOS/MICRODADOS_ENCCEJA_2018_REG_NAC.csv and DADOS/ITENS_PROVA_2018.csv from this zip; it defines the table's item variables TX_RESPOSTAS_CH, CO_PROVA_CH, TP_PRESENCA_CH, TX_GABARITO_CH and the item file's CO_ITEM, CO_POSICAO, SG_AREA, TX_GABARITO; zip is 108 MB",2026-10-05
encceja_2018_em_cn,https://download.inep.gov.br/microdados/microdados_encceja_2018.zip,"DICIONÁRIO/Dicionário de dados.xlsx (inside microdados_encceja_2018.zip, 108 MB)",codebook,ENCCEJA,2018,"INEP ENCCEJA 2018 microdata dictionary (sheets for the Nacional Regular file and ITENS PROVA): the build script reads DADOS/MICRODADOS_ENCCEJA_2018_REG_NAC.csv and DADOS/ITENS_PROVA_2018.csv from this zip; it defines the table's item variables TX_RESPOSTAS_CN, CO_PROVA_CN, TP_PRESENCA_CN, TX_GABARITO_CN and the item file's CO_ITEM, CO_POSICAO, SG_AREA, TX_GABARITO; zip is 108 MB",2026-10-05
encceja_2018_em_cn_nom,https://download.inep.gov.br/microdados/microdados_encceja_2018.zip,"DICIONÁRIO/Dicionário de dados.xlsx (inside microdados_encceja_2018.zip, 108 MB)",codebook,ENCCEJA,2018,"INEP ENCCEJA 2018 microdata dictionary (sheets for the Nacional Regular file and ITENS PROVA): the build script reads DADOS/MICRODADOS_ENCCEJA_2018_REG_NAC.csv and DADOS/ITENS_PROVA_2018.csv from this zip; it defines the table's item variables TX_RESPOSTAS_CN, CO_PROVA_CN, TP_PRESENCA_CN, TX_GABARITO_CN and the item file's CO_ITEM, CO_POSICAO, SG_AREA, TX_GABARITO; zip is 108 MB",2026-10-05
encceja_2018_em_lc,https://download.inep.gov.br/microdados/microdados_encceja_2018.zip,"DICIONÁRIO/Dicionário de dados.xlsx (inside microdados_encceja_2018.zip, 108 MB)",codebook,ENCCEJA,2018,"INEP ENCCEJA 2018 microdata dictionary (sheets for the Nacional Regular file and ITENS PROVA): the build script reads DADOS/MICRODADOS_ENCCEJA_2018_REG_NAC.csv and DADOS/ITENS_PROVA_2018.csv from this zip; it defines the table's item variables TX_RESPOSTAS_LC, CO_PROVA_LC, TP_PRESENCA_LC, TX_GABARITO_LC and the item file's CO_ITEM, CO_POSICAO, SG_AREA, TX_GABARITO; zip is 108 MB",2026-10-05
encceja_2018_em_lc_nom,https://download.inep.gov.br/microdados/microdados_encceja_2018.zip,"DICIONÁRIO/Dicionário de dados.xlsx (inside microdados_encceja_2018.zip, 108 MB)",codebook,ENCCEJA,2018,"INEP ENCCEJA 2018 microdata dictionary (sheets for the Nacional Regular file and ITENS PROVA): the build script reads DADOS/MICRODADOS_ENCCEJA_2018_REG_NAC.csv and DADOS/ITENS_PROVA_2018.csv from this zip; it defines the table's item variables TX_RESPOSTAS_LC, CO_PROVA_LC, TP_PRESENCA_LC, TX_GABARITO_LC and the item file's CO_ITEM, CO_POSICAO, SG_AREA, TX_GABARITO; zip is 108 MB",2026-10-05
encceja_2018_em_mt,https://download.inep.gov.br/microdados/microdados_encceja_2018.zip,"DICIONÁRIO/Dicionário de dados.xlsx (inside microdados_encceja_2018.zip, 108 MB)",codebook,ENCCEJA,2018,"INEP ENCCEJA 2018 microdata dictionary (sheets for the Nacional Regular file and ITENS PROVA): the build script reads DADOS/MICRODADOS_ENCCEJA_2018_REG_NAC.csv and DADOS/ITENS_PROVA_2018.csv from this zip; it defines the table's item variables TX_RESPOSTAS_MT, CO_PROVA_MT, TP_PRESENCA_MT, TX_GABARITO_MT and the item file's CO_ITEM, CO_POSICAO, SG_AREA, TX_GABARITO; zip is 108 MB",2026-10-05
encceja_2018_em_mt_nom,https://download.inep.gov.br/microdados/microdados_encceja_2018.zip,"DICIONÁRIO/Dicionário de dados.xlsx (inside microdados_encceja_2018.zip, 108 MB)",codebook,ENCCEJA,2018,"INEP ENCCEJA 2018 microdata dictionary (sheets for the Nacional Regular file and ITENS PROVA): the build script reads DADOS/MICRODADOS_ENCCEJA_2018_REG_NAC.csv and DADOS/ITENS_PROVA_2018.csv from this zip; it defines the table's item variables TX_RESPOSTAS_MT, CO_PROVA_MT, TP_PRESENCA_MT, TX_GABARITO_MT and the item file's CO_ITEM, CO_POSICAO, SG_AREA, TX_GABARITO; zip is 108 MB",2026-10-05
encceja_2019_ef_ci,https://download.inep.gov.br/microdados/microdados_encceja_2019.zip,"DICIONÁRIO/Dicionário de dados.xlsx (inside microdados_encceja_2019.zip, 171 MB)",codebook,ENCCEJA,2019,"INEP ENCCEJA 2019 microdata dictionary (sheets for the Nacional Regular file and ITENS PROVA): the build script reads DADOS/MICRODADOS_ENCCEJA_NACIONAL_REGULAR_2019.csv and DADOS/MICRODADOS_ENCCEJA_ITENS_PROVA_2019.csv from this zip; it defines the table's item variables TX_RESPOSTAS_CN, CO_PROVA_CN, TP_PRESENCA_CN, TX_GABARITO_CN and the item file's CO_ITEM, CO_POSICAO, SG_AREA, TX_GABARITO; zip is 171 MB",2026-10-05
encceja_2019_ef_ci_nom,https://download.inep.gov.br/microdados/microdados_encceja_2019.zip,"DICIONÁRIO/Dicionário de dados.xlsx (inside microdados_encceja_2019.zip, 171 MB)",codebook,ENCCEJA,2019,"INEP ENCCEJA 2019 microdata dictionary (sheets for the Nacional Regular file and ITENS PROVA): the build script reads DADOS/MICRODADOS_ENCCEJA_NACIONAL_REGULAR_2019.csv and DADOS/MICRODADOS_ENCCEJA_ITENS_PROVA_2019.csv from this zip; it defines the table's item variables TX_RESPOSTAS_CN, CO_PROVA_CN, TP_PRESENCA_CN, TX_GABARITO_CN and the item file's CO_ITEM, CO_POSICAO, SG_AREA, TX_GABARITO; zip is 171 MB",2026-10-05
encceja_2019_ef_hg,https://download.inep.gov.br/microdados/microdados_encceja_2019.zip,"DICIONÁRIO/Dicionário de dados.xlsx (inside microdados_encceja_2019.zip, 171 MB)",codebook,ENCCEJA,2019,"INEP ENCCEJA 2019 microdata dictionary (sheets for the Nacional Regular file and ITENS PROVA): the build script reads DADOS/MICRODADOS_ENCCEJA_NACIONAL_REGULAR_2019.csv and DADOS/MICRODADOS_ENCCEJA_ITENS_PROVA_2019.csv from this zip; it defines the table's item variables TX_RESPOSTAS_CH, CO_PROVA_CH, TP_PRESENCA_CH, TX_GABARITO_CH and the item file's CO_ITEM, CO_POSICAO, SG_AREA, TX_GABARITO; zip is 171 MB",2026-10-05
encceja_2019_ef_hg_nom,https://download.inep.gov.br/microdados/microdados_encceja_2019.zip,"DICIONÁRIO/Dicionário de dados.xlsx (inside microdados_encceja_2019.zip, 171 MB)",codebook,ENCCEJA,2019,"INEP ENCCEJA 2019 microdata dictionary (sheets for the Nacional Regular file and ITENS PROVA): the build script reads DADOS/MICRODADOS_ENCCEJA_NACIONAL_REGULAR_2019.csv and DADOS/MICRODADOS_ENCCEJA_ITENS_PROVA_2019.csv from this zip; it defines the table's item variables TX_RESPOSTAS_CH, CO_PROVA_CH, TP_PRESENCA_CH, TX_GABARITO_CH and the item file's CO_ITEM, CO_POSICAO, SG_AREA, TX_GABARITO; zip is 171 MB",2026-10-05
encceja_2019_ef_lp,https://download.inep.gov.br/microdados/microdados_encceja_2019.zip,"DICIONÁRIO/Dicionário de dados.xlsx (inside microdados_encceja_2019.zip, 171 MB)",codebook,ENCCEJA,2019,"INEP ENCCEJA 2019 microdata dictionary (sheets for the Nacional Regular file and ITENS PROVA): the build script reads DADOS/MICRODADOS_ENCCEJA_NACIONAL_REGULAR_2019.csv and DADOS/MICRODADOS_ENCCEJA_ITENS_PROVA_2019.csv from this zip; it defines the table's item variables TX_RESPOSTAS_LC, CO_PROVA_LC, TP_PRESENCA_LC, TX_GABARITO_LC and the item file's CO_ITEM, CO_POSICAO, SG_AREA, TX_GABARITO; zip is 171 MB",2026-10-05
encceja_2019_ef_lp_nom,https://download.inep.gov.br/microdados/microdados_encceja_2019.zip,"DICIONÁRIO/Dicionário de dados.xlsx (inside microdados_encceja_2019.zip, 171 MB)",codebook,ENCCEJA,2019,"INEP ENCCEJA 2019 microdata dictionary (sheets for the Nacional Regular file and ITENS PROVA): the build script reads DADOS/MICRODADOS_ENCCEJA_NACIONAL_REGULAR_2019.csv and DADOS/MICRODADOS_ENCCEJA_ITENS_PROVA_2019.csv from this zip; it defines the table's item variables TX_RESPOSTAS_LC, CO_PROVA_LC, TP_PRESENCA_LC, TX_GABARITO_LC and the item file's CO_ITEM, CO_POSICAO, SG_AREA, TX_GABARITO; zip is 171 MB",2026-10-05
encceja_2019_ef_ma,https://download.inep.gov.br/microdados/microdados_encceja_2019.zip,"DICIONÁRIO/Dicionário de dados.xlsx (inside microdados_encceja_2019.zip, 171 MB)",codebook,ENCCEJA,2019,"INEP ENCCEJA 2019 microdata dictionary (sheets for the Nacional Regular file and ITENS PROVA): the build script reads DADOS/MICRODADOS_ENCCEJA_NACIONAL_REGULAR_2019.csv and DADOS/MICRODADOS_ENCCEJA_ITENS_PROVA_2019.csv from this zip; it defines the table's item variables TX_RESPOSTAS_MT, CO_PROVA_MT, TP_PRESENCA_MT, TX_GABARITO_MT and the item file's CO_ITEM, CO_POSICAO, SG_AREA, TX_GABARITO; zip is 171 MB",2026-10-05
encceja_2019_ef_ma_nom,https://download.inep.gov.br/microdados/microdados_encceja_2019.zip,"DICIONÁRIO/Dicionário de dados.xlsx (inside microdados_encceja_2019.zip, 171 MB)",codebook,ENCCEJA,2019,"INEP ENCCEJA 2019 microdata dictionary (sheets for the Nacional Regular file and ITENS PROVA): the build script reads DADOS/MICRODADOS_ENCCEJA_NACIONAL_REGULAR_2019.csv and DADOS/MICRODADOS_ENCCEJA_ITENS_PROVA_2019.csv from this zip; it defines the table's item variables TX_RESPOSTAS_MT, CO_PROVA_MT, TP_PRESENCA_MT, TX_GABARITO_MT and the item file's CO_ITEM, CO_POSICAO, SG_AREA, TX_GABARITO; zip is 171 MB",2026-10-05
encceja_2019_em_ch,https://download.inep.gov.br/microdados/microdados_encceja_2019.zip,"DICIONÁRIO/Dicionário de dados.xlsx (inside microdados_encceja_2019.zip, 171 MB)",codebook,ENCCEJA,2019,"INEP ENCCEJA 2019 microdata dictionary (sheets for the Nacional Regular file and ITENS PROVA): the build script reads DADOS/MICRODADOS_ENCCEJA_NACIONAL_REGULAR_2019.csv and DADOS/MICRODADOS_ENCCEJA_ITENS_PROVA_2019.csv from this zip; it defines the table's item variables TX_RESPOSTAS_CH, CO_PROVA_CH, TP_PRESENCA_CH, TX_GABARITO_CH and the item file's CO_ITEM, CO_POSICAO, SG_AREA, TX_GABARITO; zip is 171 MB",2026-10-05
encceja_2019_em_ch_nom,https://download.inep.gov.br/microdados/microdados_encceja_2019.zip,"DICIONÁRIO/Dicionário de dados.xlsx (inside microdados_encceja_2019.zip, 171 MB)",codebook,ENCCEJA,2019,"INEP ENCCEJA 2019 microdata dictionary (sheets for the Nacional Regular file and ITENS PROVA): the build script reads DADOS/MICRODADOS_ENCCEJA_NACIONAL_REGULAR_2019.csv and DADOS/MICRODADOS_ENCCEJA_ITENS_PROVA_2019.csv from this zip; it defines the table's item variables TX_RESPOSTAS_CH, CO_PROVA_CH, TP_PRESENCA_CH, TX_GABARITO_CH and the item file's CO_ITEM, CO_POSICAO, SG_AREA, TX_GABARITO; zip is 171 MB",2026-10-05
encceja_2019_em_cn,https://download.inep.gov.br/microdados/microdados_encceja_2019.zip,"DICIONÁRIO/Dicionário de dados.xlsx (inside microdados_encceja_2019.zip, 171 MB)",codebook,ENCCEJA,2019,"INEP ENCCEJA 2019 microdata dictionary (sheets for the Nacional Regular file and ITENS PROVA): the build script reads DADOS/MICRODADOS_ENCCEJA_NACIONAL_REGULAR_2019.csv and DADOS/MICRODADOS_ENCCEJA_ITENS_PROVA_2019.csv from this zip; it defines the table's item variables TX_RESPOSTAS_CN, CO_PROVA_CN, TP_PRESENCA_CN, TX_GABARITO_CN and the item file's CO_ITEM, CO_POSICAO, SG_AREA, TX_GABARITO; zip is 171 MB",2026-10-05
encceja_2019_em_cn_nom,https://download.inep.gov.br/microdados/microdados_encceja_2019.zip,"DICIONÁRIO/Dicionário de dados.xlsx (inside microdados_encceja_2019.zip, 171 MB)",codebook,ENCCEJA,2019,"INEP ENCCEJA 2019 microdata dictionary (sheets for the Nacional Regular file and ITENS PROVA): the build script reads DADOS/MICRODADOS_ENCCEJA_NACIONAL_REGULAR_2019.csv and DADOS/MICRODADOS_ENCCEJA_ITENS_PROVA_2019.csv from this zip; it defines the table's item variables TX_RESPOSTAS_CN, CO_PROVA_CN, TP_PRESENCA_CN, TX_GABARITO_CN and the item file's CO_ITEM, CO_POSICAO, SG_AREA, TX_GABARITO; zip is 171 MB",2026-10-05
encceja_2019_em_lc,https://download.inep.gov.br/microdados/microdados_encceja_2019.zip,"DICIONÁRIO/Dicionário de dados.xlsx (inside microdados_encceja_2019.zip, 171 MB)",codebook,ENCCEJA,2019,"INEP ENCCEJA 2019 microdata dictionary (sheets for the Nacional Regular file and ITENS PROVA): the build script reads DADOS/MICRODADOS_ENCCEJA_NACIONAL_REGULAR_2019.csv and DADOS/MICRODADOS_ENCCEJA_ITENS_PROVA_2019.csv from this zip; it defines the table's item variables TX_RESPOSTAS_LC, CO_PROVA_LC, TP_PRESENCA_LC, TX_GABARITO_LC and the item file's CO_ITEM, CO_POSICAO, SG_AREA, TX_GABARITO; zip is 171 MB",2026-10-05
encceja_2019_em_lc_nom,https://download.inep.gov.br/microdados/microdados_encceja_2019.zip,"DICIONÁRIO/Dicionário de dados.xlsx (inside microdados_encceja_2019.zip, 171 MB)",codebook,ENCCEJA,2019,"INEP ENCCEJA 2019 microdata dictionary (sheets for the Nacional Regular file and ITENS PROVA): the build script reads DADOS/MICRODADOS_ENCCEJA_NACIONAL_REGULAR_2019.csv and DADOS/MICRODADOS_ENCCEJA_ITENS_PROVA_2019.csv from this zip; it defines the table's item variables TX_RESPOSTAS_LC, CO_PROVA_LC, TP_PRESENCA_LC, TX_GABARITO_LC and the item file's CO_ITEM, CO_POSICAO, SG_AREA, TX_GABARITO; zip is 171 MB",2026-10-05
encceja_2019_em_mt,https://download.inep.gov.br/microdados/microdados_encceja_2019.zip,"DICIONÁRIO/Dicionário de dados.xlsx (inside microdados_encceja_2019.zip, 171 MB)",codebook,ENCCEJA,2019,"INEP ENCCEJA 2019 microdata dictionary (sheets for the Nacional Regular file and ITENS PROVA): the build script reads DADOS/MICRODADOS_ENCCEJA_NACIONAL_REGULAR_2019.csv and DADOS/MICRODADOS_ENCCEJA_ITENS_PROVA_2019.csv from this zip; it defines the table's item variables TX_RESPOSTAS_MT, CO_PROVA_MT, TP_PRESENCA_MT, TX_GABARITO_MT and the item file's CO_ITEM, CO_POSICAO, SG_AREA, TX_GABARITO; zip is 171 MB",2026-10-05
encceja_2019_em_mt_nom,https://download.inep.gov.br/microdados/microdados_encceja_2019.zip,"DICIONÁRIO/Dicionário de dados.xlsx (inside microdados_encceja_2019.zip, 171 MB)",codebook,ENCCEJA,2019,"INEP ENCCEJA 2019 microdata dictionary (sheets for the Nacional Regular file and ITENS PROVA): the build script reads DADOS/MICRODADOS_ENCCEJA_NACIONAL_REGULAR_2019.csv and DADOS/MICRODADOS_ENCCEJA_ITENS_PROVA_2019.csv from this zip; it defines the table's item variables TX_RESPOSTAS_MT, CO_PROVA_MT, TP_PRESENCA_MT, TX_GABARITO_MT and the item file's CO_ITEM, CO_POSICAO, SG_AREA, TX_GABARITO; zip is 171 MB",2026-10-05
encceja_2020_ef_ci,https://download.inep.gov.br/microdados/microdados_encceja_2020.zip,"DICIONÁRIO/Dicionário_Microdados_ENCCEJA_2020.xlsx (inside microdados_encceja_2020.zip, 82 MB)",codebook,ENCCEJA,2020,"INEP ENCCEJA 2020 microdata dictionary (sheets for the Nacional Regular file and ITENS PROVA): the build script reads DADOS/MICRODADOS_ENCCEJA_NACIONAL_REGULAR_2020.csv and DADOS/MICRODADOS_ENCCEJA_ITENS_PROVA_2020.csv from this zip; it defines the table's item variables TX_RESPOSTAS_CN, CO_PROVA_CN, TP_PRESENCA_CN, TX_GABARITO_CN and the item file's CO_ITEM, CO_POSICAO, SG_AREA, TX_GABARITO; zip is 82 MB",2026-10-05
encceja_2020_ef_ci_nom,https://download.inep.gov.br/microdados/microdados_encceja_2020.zip,"DICIONÁRIO/Dicionário_Microdados_ENCCEJA_2020.xlsx (inside microdados_encceja_2020.zip, 82 MB)",codebook,ENCCEJA,2020,"INEP ENCCEJA 2020 microdata dictionary (sheets for the Nacional Regular file and ITENS PROVA): the build script reads DADOS/MICRODADOS_ENCCEJA_NACIONAL_REGULAR_2020.csv and DADOS/MICRODADOS_ENCCEJA_ITENS_PROVA_2020.csv from this zip; it defines the table's item variables TX_RESPOSTAS_CN, CO_PROVA_CN, TP_PRESENCA_CN, TX_GABARITO_CN and the item file's CO_ITEM, CO_POSICAO, SG_AREA, TX_GABARITO; zip is 82 MB",2026-10-05
encceja_2020_ef_hg,https://download.inep.gov.br/microdados/microdados_encceja_2020.zip,"DICIONÁRIO/Dicionário_Microdados_ENCCEJA_2020.xlsx (inside microdados_encceja_2020.zip, 82 MB)",codebook,ENCCEJA,2020,"INEP ENCCEJA 2020 microdata dictionary (sheets for the Nacional Regular file and ITENS PROVA): the build script reads DADOS/MICRODADOS_ENCCEJA_NACIONAL_REGULAR_2020.csv and DADOS/MICRODADOS_ENCCEJA_ITENS_PROVA_2020.csv from this zip; it defines the table's item variables TX_RESPOSTAS_CH, CO_PROVA_CH, TP_PRESENCA_CH, TX_GABARITO_CH and the item file's CO_ITEM, CO_POSICAO, SG_AREA, TX_GABARITO; zip is 82 MB",2026-10-05
encceja_2020_ef_hg_nom,https://download.inep.gov.br/microdados/microdados_encceja_2020.zip,"DICIONÁRIO/Dicionário_Microdados_ENCCEJA_2020.xlsx (inside microdados_encceja_2020.zip, 82 MB)",codebook,ENCCEJA,2020,"INEP ENCCEJA 2020 microdata dictionary (sheets for the Nacional Regular file and ITENS PROVA): the build script reads DADOS/MICRODADOS_ENCCEJA_NACIONAL_REGULAR_2020.csv and DADOS/MICRODADOS_ENCCEJA_ITENS_PROVA_2020.csv from this zip; it defines the table's item variables TX_RESPOSTAS_CH, CO_PROVA_CH, TP_PRESENCA_CH, TX_GABARITO_CH and the item file's CO_ITEM, CO_POSICAO, SG_AREA, TX_GABARITO; zip is 82 MB",2026-10-05
encceja_2020_ef_lp,https://download.inep.gov.br/microdados/microdados_encceja_2020.zip,"DICIONÁRIO/Dicionário_Microdados_ENCCEJA_2020.xlsx (inside microdados_encceja_2020.zip, 82 MB)",codebook,ENCCEJA,2020,"INEP ENCCEJA 2020 microdata dictionary (sheets for the Nacional Regular file and ITENS PROVA): the build script reads DADOS/MICRODADOS_ENCCEJA_NACIONAL_REGULAR_2020.csv and DADOS/MICRODADOS_ENCCEJA_ITENS_PROVA_2020.csv from this zip; it defines the table's item variables TX_RESPOSTAS_LC, CO_PROVA_LC, TP_PRESENCA_LC, TX_GABARITO_LC and the item file's CO_ITEM, CO_POSICAO, SG_AREA, TX_GABARITO; zip is 82 MB",2026-10-05
encceja_2020_ef_lp_nom,https://download.inep.gov.br/microdados/microdados_encceja_2020.zip,"DICIONÁRIO/Dicionário_Microdados_ENCCEJA_2020.xlsx (inside microdados_encceja_2020.zip, 82 MB)",codebook,ENCCEJA,2020,"INEP ENCCEJA 2020 microdata dictionary (sheets for the Nacional Regular file and ITENS PROVA): the build script reads DADOS/MICRODADOS_ENCCEJA_NACIONAL_REGULAR_2020.csv and DADOS/MICRODADOS_ENCCEJA_ITENS_PROVA_2020.csv from this zip; it defines the table's item variables TX_RESPOSTAS_LC, CO_PROVA_LC, TP_PRESENCA_LC, TX_GABARITO_LC and the item file's CO_ITEM, CO_POSICAO, SG_AREA, TX_GABARITO; zip is 82 MB",2026-10-05
encceja_2020_ef_ma,https://download.inep.gov.br/microdados/microdados_encceja_2020.zip,"DICIONÁRIO/Dicionário_Microdados_ENCCEJA_2020.xlsx (inside microdados_encceja_2020.zip, 82 MB)",codebook,ENCCEJA,2020,"INEP ENCCEJA 2020 microdata dictionary (sheets for the Nacional Regular file and ITENS PROVA): the build script reads DADOS/MICRODADOS_ENCCEJA_NACIONAL_REGULAR_2020.csv and DADOS/MICRODADOS_ENCCEJA_ITENS_PROVA_2020.csv from this zip; it defines the table's item variables TX_RESPOSTAS_MT, CO_PROVA_MT, TP_PRESENCA_MT, TX_GABARITO_MT and the item file's CO_ITEM, CO_POSICAO, SG_AREA, TX_GABARITO; zip is 82 MB",2026-10-05
encceja_2020_ef_ma_nom,https://download.inep.gov.br/microdados/microdados_encceja_2020.zip,"DICIONÁRIO/Dicionário_Microdados_ENCCEJA_2020.xlsx (inside microdados_encceja_2020.zip, 82 MB)",codebook,ENCCEJA,2020,"INEP ENCCEJA 2020 microdata dictionary (sheets for the Nacional Regular file and ITENS PROVA): the build script reads DADOS/MICRODADOS_ENCCEJA_NACIONAL_REGULAR_2020.csv and DADOS/MICRODADOS_ENCCEJA_ITENS_PROVA_2020.csv from this zip; it defines the table's item variables TX_RESPOSTAS_MT, CO_PROVA_MT, TP_PRESENCA_MT, TX_GABARITO_MT and the item file's CO_ITEM, CO_POSICAO, SG_AREA, TX_GABARITO; zip is 82 MB",2026-10-05
encceja_2020_em_ch,https://download.inep.gov.br/microdados/microdados_encceja_2020.zip,"DICIONÁRIO/Dicionário_Microdados_ENCCEJA_2020.xlsx (inside microdados_encceja_2020.zip, 82 MB)",codebook,ENCCEJA,2020,"INEP ENCCEJA 2020 microdata dictionary (sheets for the Nacional Regular file and ITENS PROVA): the build script reads DADOS/MICRODADOS_ENCCEJA_NACIONAL_REGULAR_2020.csv and DADOS/MICRODADOS_ENCCEJA_ITENS_PROVA_2020.csv from this zip; it defines the table's item variables TX_RESPOSTAS_CH, CO_PROVA_CH, TP_PRESENCA_CH, TX_GABARITO_CH and the item file's CO_ITEM, CO_POSICAO, SG_AREA, TX_GABARITO; zip is 82 MB",2026-10-05
encceja_2020_em_ch_nom,https://download.inep.gov.br/microdados/microdados_encceja_2020.zip,"DICIONÁRIO/Dicionário_Microdados_ENCCEJA_2020.xlsx (inside microdados_encceja_2020.zip, 82 MB)",codebook,ENCCEJA,2020,"INEP ENCCEJA 2020 microdata dictionary (sheets for the Nacional Regular file and ITENS PROVA): the build script reads DADOS/MICRODADOS_ENCCEJA_NACIONAL_REGULAR_2020.csv and DADOS/MICRODADOS_ENCCEJA_ITENS_PROVA_2020.csv from this zip; it defines the table's item variables TX_RESPOSTAS_CH, CO_PROVA_CH, TP_PRESENCA_CH, TX_GABARITO_CH and the item file's CO_ITEM, CO_POSICAO, SG_AREA, TX_GABARITO; zip is 82 MB",2026-10-05
encceja_2020_em_cn,https://download.inep.gov.br/microdados/microdados_encceja_2020.zip,"DICIONÁRIO/Dicionário_Microdados_ENCCEJA_2020.xlsx (inside microdados_encceja_2020.zip, 82 MB)",codebook,ENCCEJA,2020,"INEP ENCCEJA 2020 microdata dictionary (sheets for the Nacional Regular file and ITENS PROVA): the build script reads DADOS/MICRODADOS_ENCCEJA_NACIONAL_REGULAR_2020.csv and DADOS/MICRODADOS_ENCCEJA_ITENS_PROVA_2020.csv from this zip; it defines the table's item variables TX_RESPOSTAS_CN, CO_PROVA_CN, TP_PRESENCA_CN, TX_GABARITO_CN and the item file's CO_ITEM, CO_POSICAO, SG_AREA, TX_GABARITO; zip is 82 MB",2026-10-05
encceja_2020_em_cn_nom,https://download.inep.gov.br/microdados/microdados_encceja_2020.zip,"DICIONÁRIO/Dicionário_Microdados_ENCCEJA_2020.xlsx (inside microdados_encceja_2020.zip, 82 MB)",codebook,ENCCEJA,2020,"INEP ENCCEJA 2020 microdata dictionary (sheets for the Nacional Regular file and ITENS PROVA): the build script reads DADOS/MICRODADOS_ENCCEJA_NACIONAL_REGULAR_2020.csv and DADOS/MICRODADOS_ENCCEJA_ITENS_PROVA_2020.csv from this zip; it defines the table's item variables TX_RESPOSTAS_CN, CO_PROVA_CN, TP_PRESENCA_CN, TX_GABARITO_CN and the item file's CO_ITEM, CO_POSICAO, SG_AREA, TX_GABARITO; zip is 82 MB",2026-10-05
encceja_2020_em_lc,https://download.inep.gov.br/microdados/microdados_encceja_2020.zip,"DICIONÁRIO/Dicionário_Microdados_ENCCEJA_2020.xlsx (inside microdados_encceja_2020.zip, 82 MB)",codebook,ENCCEJA,2020,"INEP ENCCEJA 2020 microdata dictionary (sheets for the Nacional Regular file and ITENS PROVA): the build script reads DADOS/MICRODADOS_ENCCEJA_NACIONAL_REGULAR_2020.csv and DADOS/MICRODADOS_ENCCEJA_ITENS_PROVA_2020.csv from this zip; it defines the table's item variables TX_RESPOSTAS_LC, CO_PROVA_LC, TP_PRESENCA_LC, TX_GABARITO_LC and the item file's CO_ITEM, CO_POSICAO, SG_AREA, TX_GABARITO; zip is 82 MB",2026-10-05
encceja_2020_em_lc_nom,https://download.inep.gov.br/microdados/microdados_encceja_2020.zip,"DICIONÁRIO/Dicionário_Microdados_ENCCEJA_2020.xlsx (inside microdados_encceja_2020.zip, 82 MB)",codebook,ENCCEJA,2020,"INEP ENCCEJA 2020 microdata dictionary (sheets for the Nacional Regular file and ITENS PROVA): the build script reads DADOS/MICRODADOS_ENCCEJA_NACIONAL_REGULAR_2020.csv and DADOS/MICRODADOS_ENCCEJA_ITENS_PROVA_2020.csv from this zip; it defines the table's item variables TX_RESPOSTAS_LC, CO_PROVA_LC, TP_PRESENCA_LC, TX_GABARITO_LC and the item file's CO_ITEM, CO_POSICAO, SG_AREA, TX_GABARITO; zip is 82 MB",2026-10-05
encceja_2020_em_mt,https://download.inep.gov.br/microdados/microdados_encceja_2020.zip,"DICIONÁRIO/Dicionário_Microdados_ENCCEJA_2020.xlsx (inside microdados_encceja_2020.zip, 82 MB)",codebook,ENCCEJA,2020,"INEP ENCCEJA 2020 microdata dictionary (sheets for the Nacional Regular file and ITENS PROVA): the build script reads DADOS/MICRODADOS_ENCCEJA_NACIONAL_REGULAR_2020.csv and DADOS/MICRODADOS_ENCCEJA_ITENS_PROVA_2020.csv from this zip; it defines the table's item variables TX_RESPOSTAS_MT, CO_PROVA_MT, TP_PRESENCA_MT, TX_GABARITO_MT and the item file's CO_ITEM, CO_POSICAO, SG_AREA, TX_GABARITO; zip is 82 MB",2026-10-05
encceja_2020_em_mt_nom,https://download.inep.gov.br/microdados/microdados_encceja_2020.zip,"DICIONÁRIO/Dicionário_Microdados_ENCCEJA_2020.xlsx (inside microdados_encceja_2020.zip, 82 MB)",codebook,ENCCEJA,2020,"INEP ENCCEJA 2020 microdata dictionary (sheets for the Nacional Regular file and ITENS PROVA): the build script reads DADOS/MICRODADOS_ENCCEJA_NACIONAL_REGULAR_2020.csv and DADOS/MICRODADOS_ENCCEJA_ITENS_PROVA_2020.csv from this zip; it defines the table's item variables TX_RESPOSTAS_MT, CO_PROVA_MT, TP_PRESENCA_MT, TX_GABARITO_MT and the item file's CO_ITEM, CO_POSICAO, SG_AREA, TX_GABARITO; zip is 82 MB",2026-10-05
encceja_2022_ef_ci,https://download.inep.gov.br/microdados/microdados_encceja_2022.zip,"DICIONÁRIO/Dicionário_Microdados_ENCCEJA_2022.xlsx (inside microdados_encceja_2022.zip, 94 MB)",codebook,ENCCEJA,2022,"INEP ENCCEJA 2022 microdata dictionary (sheets for the Nacional Regular file and ITENS PROVA): the build script reads DADOS/MICRODADOS_ENCCEJA_2022_REG_NAC.csv and DADOS/MICRODADOS_ENCCEJA_2022_ITENS_PROVA.csv from this zip; it defines the table's item variables TX_RESPOSTAS_CN, CO_PROVA_CN, TP_PRESENCA_CN, TX_GABARITO_CN and the item file's CO_ITEM, CO_POSICAO, SG_AREA, TX_GABARITO; zip is 94 MB",2026-10-05
encceja_2022_ef_ci_nom,https://download.inep.gov.br/microdados/microdados_encceja_2022.zip,"DICIONÁRIO/Dicionário_Microdados_ENCCEJA_2022.xlsx (inside microdados_encceja_2022.zip, 94 MB)",codebook,ENCCEJA,2022,"INEP ENCCEJA 2022 microdata dictionary (sheets for the Nacional Regular file and ITENS PROVA): the build script reads DADOS/MICRODADOS_ENCCEJA_2022_REG_NAC.csv and DADOS/MICRODADOS_ENCCEJA_2022_ITENS_PROVA.csv from this zip; it defines the table's item variables TX_RESPOSTAS_CN, CO_PROVA_CN, TP_PRESENCA_CN, TX_GABARITO_CN and the item file's CO_ITEM, CO_POSICAO, SG_AREA, TX_GABARITO; zip is 94 MB",2026-10-05
encceja_2022_ef_hg,https://download.inep.gov.br/microdados/microdados_encceja_2022.zip,"DICIONÁRIO/Dicionário_Microdados_ENCCEJA_2022.xlsx (inside microdados_encceja_2022.zip, 94 MB)",codebook,ENCCEJA,2022,"INEP ENCCEJA 2022 microdata dictionary (sheets for the Nacional Regular file and ITENS PROVA): the build script reads DADOS/MICRODADOS_ENCCEJA_2022_REG_NAC.csv and DADOS/MICRODADOS_ENCCEJA_2022_ITENS_PROVA.csv from this zip; it defines the table's item variables TX_RESPOSTAS_CH, CO_PROVA_CH, TP_PRESENCA_CH, TX_GABARITO_CH and the item file's CO_ITEM, CO_POSICAO, SG_AREA, TX_GABARITO; zip is 94 MB",2026-10-05
encceja_2022_ef_hg_nom,https://download.inep.gov.br/microdados/microdados_encceja_2022.zip,"DICIONÁRIO/Dicionário_Microdados_ENCCEJA_2022.xlsx (inside microdados_encceja_2022.zip, 94 MB)",codebook,ENCCEJA,2022,"INEP ENCCEJA 2022 microdata dictionary (sheets for the Nacional Regular file and ITENS PROVA): the build script reads DADOS/MICRODADOS_ENCCEJA_2022_REG_NAC.csv and DADOS/MICRODADOS_ENCCEJA_2022_ITENS_PROVA.csv from this zip; it defines the table's item variables TX_RESPOSTAS_CH, CO_PROVA_CH, TP_PRESENCA_CH, TX_GABARITO_CH and the item file's CO_ITEM, CO_POSICAO, SG_AREA, TX_GABARITO; zip is 94 MB",2026-10-05
encceja_2022_ef_lp,https://download.inep.gov.br/microdados/microdados_encceja_2022.zip,"DICIONÁRIO/Dicionário_Microdados_ENCCEJA_2022.xlsx (inside microdados_encceja_2022.zip, 94 MB)",codebook,ENCCEJA,2022,"INEP ENCCEJA 2022 microdata dictionary (sheets for the Nacional Regular file and ITENS PROVA): the build script reads DADOS/MICRODADOS_ENCCEJA_2022_REG_NAC.csv and DADOS/MICRODADOS_ENCCEJA_2022_ITENS_PROVA.csv from this zip; it defines the table's item variables TX_RESPOSTAS_LC, CO_PROVA_LC, TP_PRESENCA_LC, TX_GABARITO_LC and the item file's CO_ITEM, CO_POSICAO, SG_AREA, TX_GABARITO; zip is 94 MB",2026-10-05
encceja_2022_ef_lp_nom,https://download.inep.gov.br/microdados/microdados_encceja_2022.zip,"DICIONÁRIO/Dicionário_Microdados_ENCCEJA_2022.xlsx (inside microdados_encceja_2022.zip, 94 MB)",codebook,ENCCEJA,2022,"INEP ENCCEJA 2022 microdata dictionary (sheets for the Nacional Regular file and ITENS PROVA): the build script reads DADOS/MICRODADOS_ENCCEJA_2022_REG_NAC.csv and DADOS/MICRODADOS_ENCCEJA_2022_ITENS_PROVA.csv from this zip; it defines the table's item variables TX_RESPOSTAS_LC, CO_PROVA_LC, TP_PRESENCA_LC, TX_GABARITO_LC and the item file's CO_ITEM, CO_POSICAO, SG_AREA, TX_GABARITO; zip is 94 MB",2026-10-05
encceja_2022_ef_ma,https://download.inep.gov.br/microdados/microdados_encceja_2022.zip,"DICIONÁRIO/Dicionário_Microdados_ENCCEJA_2022.xlsx (inside microdados_encceja_2022.zip, 94 MB)",codebook,ENCCEJA,2022,"INEP ENCCEJA 2022 microdata dictionary (sheets for the Nacional Regular file and ITENS PROVA): the build script reads DADOS/MICRODADOS_ENCCEJA_2022_REG_NAC.csv and DADOS/MICRODADOS_ENCCEJA_2022_ITENS_PROVA.csv from this zip; it defines the table's item variables TX_RESPOSTAS_MT, CO_PROVA_MT, TP_PRESENCA_MT, TX_GABARITO_MT and the item file's CO_ITEM, CO_POSICAO, SG_AREA, TX_GABARITO; zip is 94 MB",2026-10-05
encceja_2022_ef_ma_nom,https://download.inep.gov.br/microdados/microdados_encceja_2022.zip,"DICIONÁRIO/Dicionário_Microdados_ENCCEJA_2022.xlsx (inside microdados_encceja_2022.zip, 94 MB)",codebook,ENCCEJA,2022,"INEP ENCCEJA 2022 microdata dictionary (sheets for the Nacional Regular file and ITENS PROVA): the build script reads DADOS/MICRODADOS_ENCCEJA_2022_REG_NAC.csv and DADOS/MICRODADOS_ENCCEJA_2022_ITENS_PROVA.csv from this zip; it defines the table's item variables TX_RESPOSTAS_MT, CO_PROVA_MT, TP_PRESENCA_MT, TX_GABARITO_MT and the item file's CO_ITEM, CO_POSICAO, SG_AREA, TX_GABARITO; zip is 94 MB",2026-10-05
encceja_2022_em_ch,https://download.inep.gov.br/microdados/microdados_encceja_2022.zip,"DICIONÁRIO/Dicionário_Microdados_ENCCEJA_2022.xlsx (inside microdados_encceja_2022.zip, 94 MB)",codebook,ENCCEJA,2022,"INEP ENCCEJA 2022 microdata dictionary (sheets for the Nacional Regular file and ITENS PROVA): the build script reads DADOS/MICRODADOS_ENCCEJA_2022_REG_NAC.csv and DADOS/MICRODADOS_ENCCEJA_2022_ITENS_PROVA.csv from this zip; it defines the table's item variables TX_RESPOSTAS_CH, CO_PROVA_CH, TP_PRESENCA_CH, TX_GABARITO_CH and the item file's CO_ITEM, CO_POSICAO, SG_AREA, TX_GABARITO; zip is 94 MB",2026-10-05
encceja_2022_em_ch_nom,https://download.inep.gov.br/microdados/microdados_encceja_2022.zip,"DICIONÁRIO/Dicionário_Microdados_ENCCEJA_2022.xlsx (inside microdados_encceja_2022.zip, 94 MB)",codebook,ENCCEJA,2022,"INEP ENCCEJA 2022 microdata dictionary (sheets for the Nacional Regular file and ITENS PROVA): the build script reads DADOS/MICRODADOS_ENCCEJA_2022_REG_NAC.csv and DADOS/MICRODADOS_ENCCEJA_2022_ITENS_PROVA.csv from this zip; it defines the table's item variables TX_RESPOSTAS_CH, CO_PROVA_CH, TP_PRESENCA_CH, TX_GABARITO_CH and the item file's CO_ITEM, CO_POSICAO, SG_AREA, TX_GABARITO; zip is 94 MB",2026-10-05
encceja_2022_em_cn,https://download.inep.gov.br/microdados/microdados_encceja_2022.zip,"DICIONÁRIO/Dicionário_Microdados_ENCCEJA_2022.xlsx (inside microdados_encceja_2022.zip, 94 MB)",codebook,ENCCEJA,2022,"INEP ENCCEJA 2022 microdata dictionary (sheets for the Nacional Regular file and ITENS PROVA): the build script reads DADOS/MICRODADOS_ENCCEJA_2022_REG_NAC.csv and DADOS/MICRODADOS_ENCCEJA_2022_ITENS_PROVA.csv from this zip; it defines the table's item variables TX_RESPOSTAS_CN, CO_PROVA_CN, TP_PRESENCA_CN, TX_GABARITO_CN and the item file's CO_ITEM, CO_POSICAO, SG_AREA, TX_GABARITO; zip is 94 MB",2026-10-05
encceja_2022_em_cn_nom,https://download.inep.gov.br/microdados/microdados_encceja_2022.zip,"DICIONÁRIO/Dicionário_Microdados_ENCCEJA_2022.xlsx (inside microdados_encceja_2022.zip, 94 MB)",codebook,ENCCEJA,2022,"INEP ENCCEJA 2022 microdata dictionary (sheets for the Nacional Regular file and ITENS PROVA): the build script reads DADOS/MICRODADOS_ENCCEJA_2022_REG_NAC.csv and DADOS/MICRODADOS_ENCCEJA_2022_ITENS_PROVA.csv from this zip; it defines the table's item variables TX_RESPOSTAS_CN, CO_PROVA_CN, TP_PRESENCA_CN, TX_GABARITO_CN and the item file's CO_ITEM, CO_POSICAO, SG_AREA, TX_GABARITO; zip is 94 MB",2026-10-05
encceja_2022_em_lc,https://download.inep.gov.br/microdados/microdados_encceja_2022.zip,"DICIONÁRIO/Dicionário_Microdados_ENCCEJA_2022.xlsx (inside microdados_encceja_2022.zip, 94 MB)",codebook,ENCCEJA,2022,"INEP ENCCEJA 2022 microdata dictionary (sheets for the Nacional Regular file and ITENS PROVA): the build script reads DADOS/MICRODADOS_ENCCEJA_2022_REG_NAC.csv and DADOS/MICRODADOS_ENCCEJA_2022_ITENS_PROVA.csv from this zip; it defines the table's item variables TX_RESPOSTAS_LC, CO_PROVA_LC, TP_PRESENCA_LC, TX_GABARITO_LC and the item file's CO_ITEM, CO_POSICAO, SG_AREA, TX_GABARITO; zip is 94 MB",2026-10-05
encceja_2022_em_lc_nom,https://download.inep.gov.br/microdados/microdados_encceja_2022.zip,"DICIONÁRIO/Dicionário_Microdados_ENCCEJA_2022.xlsx (inside microdados_encceja_2022.zip, 94 MB)",codebook,ENCCEJA,2022,"INEP ENCCEJA 2022 microdata dictionary (sheets for the Nacional Regular file and ITENS PROVA): the build script reads DADOS/MICRODADOS_ENCCEJA_2022_REG_NAC.csv and DADOS/MICRODADOS_ENCCEJA_2022_ITENS_PROVA.csv from this zip; it defines the table's item variables TX_RESPOSTAS_LC, CO_PROVA_LC, TP_PRESENCA_LC, TX_GABARITO_LC and the item file's CO_ITEM, CO_POSICAO, SG_AREA, TX_GABARITO; zip is 94 MB",2026-10-05
encceja_2022_em_mt,https://download.inep.gov.br/microdados/microdados_encceja_2022.zip,"DICIONÁRIO/Dicionário_Microdados_ENCCEJA_2022.xlsx (inside microdados_encceja_2022.zip, 94 MB)",codebook,ENCCEJA,2022,"INEP ENCCEJA 2022 microdata dictionary (sheets for the Nacional Regular file and ITENS PROVA): the build script reads DADOS/MICRODADOS_ENCCEJA_2022_REG_NAC.csv and DADOS/MICRODADOS_ENCCEJA_2022_ITENS_PROVA.csv from this zip; it defines the table's item variables TX_RESPOSTAS_MT, CO_PROVA_MT, TP_PRESENCA_MT, TX_GABARITO_MT and the item file's CO_ITEM, CO_POSICAO, SG_AREA, TX_GABARITO; zip is 94 MB",2026-10-05
encceja_2022_em_mt_nom,https://download.inep.gov.br/microdados/microdados_encceja_2022.zip,"DICIONÁRIO/Dicionário_Microdados_ENCCEJA_2022.xlsx (inside microdados_encceja_2022.zip, 94 MB)",codebook,ENCCEJA,2022,"INEP ENCCEJA 2022 microdata dictionary (sheets for the Nacional Regular file and ITENS PROVA): the build script reads DADOS/MICRODADOS_ENCCEJA_2022_REG_NAC.csv and DADOS/MICRODADOS_ENCCEJA_2022_ITENS_PROVA.csv from this zip; it defines the table's item variables TX_RESPOSTAS_MT, CO_PROVA_MT, TP_PRESENCA_MT, TX_GABARITO_MT and the item file's CO_ITEM, CO_POSICAO, SG_AREA, TX_GABARITO; zip is 94 MB",2026-10-05
encceja_2023_ef_ci,https://download.inep.gov.br/microdados/microdados_encceja_2023.zip,"DICIONÁRIO/Dicionário_Microdados_ENCCEJA_2023.xlsx (inside microdados_encceja_2023.zip, 84 MB)",codebook,ENCCEJA,2023,"INEP ENCCEJA 2023 microdata dictionary (sheets for the Nacional Regular file and ITENS PROVA): the build script reads DADOS/MICRODADOS_ENCCEJA_2023_REG_NAC.csv and DADOS/MICRODADOS_ENCCEJA_2023_ITENS_PROVA.csv from this zip; it defines the table's item variables TX_RESPOSTAS_CN, CO_PROVA_CN, TP_PRESENCA_CN, TX_GABARITO_CN and the item file's CO_ITEM, CO_POSICAO, SG_AREA, TX_GABARITO; zip is 84 MB",2026-10-05
encceja_2023_ef_ci_nom,https://download.inep.gov.br/microdados/microdados_encceja_2023.zip,"DICIONÁRIO/Dicionário_Microdados_ENCCEJA_2023.xlsx (inside microdados_encceja_2023.zip, 84 MB)",codebook,ENCCEJA,2023,"INEP ENCCEJA 2023 microdata dictionary (sheets for the Nacional Regular file and ITENS PROVA): the build script reads DADOS/MICRODADOS_ENCCEJA_2023_REG_NAC.csv and DADOS/MICRODADOS_ENCCEJA_2023_ITENS_PROVA.csv from this zip; it defines the table's item variables TX_RESPOSTAS_CN, CO_PROVA_CN, TP_PRESENCA_CN, TX_GABARITO_CN and the item file's CO_ITEM, CO_POSICAO, SG_AREA, TX_GABARITO; zip is 84 MB",2026-10-05
encceja_2023_ef_hg,https://download.inep.gov.br/microdados/microdados_encceja_2023.zip,"DICIONÁRIO/Dicionário_Microdados_ENCCEJA_2023.xlsx (inside microdados_encceja_2023.zip, 84 MB)",codebook,ENCCEJA,2023,"INEP ENCCEJA 2023 microdata dictionary (sheets for the Nacional Regular file and ITENS PROVA): the build script reads DADOS/MICRODADOS_ENCCEJA_2023_REG_NAC.csv and DADOS/MICRODADOS_ENCCEJA_2023_ITENS_PROVA.csv from this zip; it defines the table's item variables TX_RESPOSTAS_CH, CO_PROVA_CH, TP_PRESENCA_CH, TX_GABARITO_CH and the item file's CO_ITEM, CO_POSICAO, SG_AREA, TX_GABARITO; zip is 84 MB",2026-10-05
encceja_2023_ef_hg_nom,https://download.inep.gov.br/microdados/microdados_encceja_2023.zip,"DICIONÁRIO/Dicionário_Microdados_ENCCEJA_2023.xlsx (inside microdados_encceja_2023.zip, 84 MB)",codebook,ENCCEJA,2023,"INEP ENCCEJA 2023 microdata dictionary (sheets for the Nacional Regular file and ITENS PROVA): the build script reads DADOS/MICRODADOS_ENCCEJA_2023_REG_NAC.csv and DADOS/MICRODADOS_ENCCEJA_2023_ITENS_PROVA.csv from this zip; it defines the table's item variables TX_RESPOSTAS_CH, CO_PROVA_CH, TP_PRESENCA_CH, TX_GABARITO_CH and the item file's CO_ITEM, CO_POSICAO, SG_AREA, TX_GABARITO; zip is 84 MB",2026-10-05
encceja_2023_ef_lp,https://download.inep.gov.br/microdados/microdados_encceja_2023.zip,"DICIONÁRIO/Dicionário_Microdados_ENCCEJA_2023.xlsx (inside microdados_encceja_2023.zip, 84 MB)",codebook,ENCCEJA,2023,"INEP ENCCEJA 2023 microdata dictionary (sheets for the Nacional Regular file and ITENS PROVA): the build script reads DADOS/MICRODADOS_ENCCEJA_2023_REG_NAC.csv and DADOS/MICRODADOS_ENCCEJA_2023_ITENS_PROVA.csv from this zip; it defines the table's item variables TX_RESPOSTAS_LC, CO_PROVA_LC, TP_PRESENCA_LC, TX_GABARITO_LC and the item file's CO_ITEM, CO_POSICAO, SG_AREA, TX_GABARITO; zip is 84 MB",2026-10-05
encceja_2023_ef_lp_nom,https://download.inep.gov.br/microdados/microdados_encceja_2023.zip,"DICIONÁRIO/Dicionário_Microdados_ENCCEJA_2023.xlsx (inside microdados_encceja_2023.zip, 84 MB)",codebook,ENCCEJA,2023,"INEP ENCCEJA 2023 microdata dictionary (sheets for the Nacional Regular file and ITENS PROVA): the build script reads DADOS/MICRODADOS_ENCCEJA_2023_REG_NAC.csv and DADOS/MICRODADOS_ENCCEJA_2023_ITENS_PROVA.csv from this zip; it defines the table's item variables TX_RESPOSTAS_LC, CO_PROVA_LC, TP_PRESENCA_LC, TX_GABARITO_LC and the item file's CO_ITEM, CO_POSICAO, SG_AREA, TX_GABARITO; zip is 84 MB",2026-10-05
encceja_2023_ef_ma,https://download.inep.gov.br/microdados/microdados_encceja_2023.zip,"DICIONÁRIO/Dicionário_Microdados_ENCCEJA_2023.xlsx (inside microdados_encceja_2023.zip, 84 MB)",codebook,ENCCEJA,2023,"INEP ENCCEJA 2023 microdata dictionary (sheets for the Nacional Regular file and ITENS PROVA): the build script reads DADOS/MICRODADOS_ENCCEJA_2023_REG_NAC.csv and DADOS/MICRODADOS_ENCCEJA_2023_ITENS_PROVA.csv from this zip; it defines the table's item variables TX_RESPOSTAS_MT, CO_PROVA_MT, TP_PRESENCA_MT, TX_GABARITO_MT and the item file's CO_ITEM, CO_POSICAO, SG_AREA, TX_GABARITO; zip is 84 MB",2026-10-05
encceja_2023_ef_ma_nom,https://download.inep.gov.br/microdados/microdados_encceja_2023.zip,"DICIONÁRIO/Dicionário_Microdados_ENCCEJA_2023.xlsx (inside microdados_encceja_2023.zip, 84 MB)",codebook,ENCCEJA,2023,"INEP ENCCEJA 2023 microdata dictionary (sheets for the Nacional Regular file and ITENS PROVA): the build script reads DADOS/MICRODADOS_ENCCEJA_2023_REG_NAC.csv and DADOS/MICRODADOS_ENCCEJA_2023_ITENS_PROVA.csv from this zip; it defines the table's item variables TX_RESPOSTAS_MT, CO_PROVA_MT, TP_PRESENCA_MT, TX_GABARITO_MT and the item file's CO_ITEM, CO_POSICAO, SG_AREA, TX_GABARITO; zip is 84 MB",2026-10-05
encceja_2023_em_ch,https://download.inep.gov.br/microdados/microdados_encceja_2023.zip,"DICIONÁRIO/Dicionário_Microdados_ENCCEJA_2023.xlsx (inside microdados_encceja_2023.zip, 84 MB)",codebook,ENCCEJA,2023,"INEP ENCCEJA 2023 microdata dictionary (sheets for the Nacional Regular file and ITENS PROVA): the build script reads DADOS/MICRODADOS_ENCCEJA_2023_REG_NAC.csv and DADOS/MICRODADOS_ENCCEJA_2023_ITENS_PROVA.csv from this zip; it defines the table's item variables TX_RESPOSTAS_CH, CO_PROVA_CH, TP_PRESENCA_CH, TX_GABARITO_CH and the item file's CO_ITEM, CO_POSICAO, SG_AREA, TX_GABARITO; zip is 84 MB",2026-10-05
encceja_2023_em_ch_nom,https://download.inep.gov.br/microdados/microdados_encceja_2023.zip,"DICIONÁRIO/Dicionário_Microdados_ENCCEJA_2023.xlsx (inside microdados_encceja_2023.zip, 84 MB)",codebook,ENCCEJA,2023,"INEP ENCCEJA 2023 microdata dictionary (sheets for the Nacional Regular file and ITENS PROVA): the build script reads DADOS/MICRODADOS_ENCCEJA_2023_REG_NAC.csv and DADOS/MICRODADOS_ENCCEJA_2023_ITENS_PROVA.csv from this zip; it defines the table's item variables TX_RESPOSTAS_CH, CO_PROVA_CH, TP_PRESENCA_CH, TX_GABARITO_CH and the item file's CO_ITEM, CO_POSICAO, SG_AREA, TX_GABARITO; zip is 84 MB",2026-10-05
encceja_2023_em_cn,https://download.inep.gov.br/microdados/microdados_encceja_2023.zip,"DICIONÁRIO/Dicionário_Microdados_ENCCEJA_2023.xlsx (inside microdados_encceja_2023.zip, 84 MB)",codebook,ENCCEJA,2023,"INEP ENCCEJA 2023 microdata dictionary (sheets for the Nacional Regular file and ITENS PROVA): the build script reads DADOS/MICRODADOS_ENCCEJA_2023_REG_NAC.csv and DADOS/MICRODADOS_ENCCEJA_2023_ITENS_PROVA.csv from this zip; it defines the table's item variables TX_RESPOSTAS_CN, CO_PROVA_CN, TP_PRESENCA_CN, TX_GABARITO_CN and the item file's CO_ITEM, CO_POSICAO, SG_AREA, TX_GABARITO; zip is 84 MB",2026-10-05
encceja_2023_em_cn_nom,https://download.inep.gov.br/microdados/microdados_encceja_2023.zip,"DICIONÁRIO/Dicionário_Microdados_ENCCEJA_2023.xlsx (inside microdados_encceja_2023.zip, 84 MB)",codebook,ENCCEJA,2023,"INEP ENCCEJA 2023 microdata dictionary (sheets for the Nacional Regular file and ITENS PROVA): the build script reads DADOS/MICRODADOS_ENCCEJA_2023_REG_NAC.csv and DADOS/MICRODADOS_ENCCEJA_2023_ITENS_PROVA.csv from this zip; it defines the table's item variables TX_RESPOSTAS_CN, CO_PROVA_CN, TP_PRESENCA_CN, TX_GABARITO_CN and the item file's CO_ITEM, CO_POSICAO, SG_AREA, TX_GABARITO; zip is 84 MB",2026-10-05
encceja_2023_em_lc,https://download.inep.gov.br/microdados/microdados_encceja_2023.zip,"DICIONÁRIO/Dicionário_Microdados_ENCCEJA_2023.xlsx (inside microdados_encceja_2023.zip, 84 MB)",codebook,ENCCEJA,2023,"INEP ENCCEJA 2023 microdata dictionary (sheets for the Nacional Regular file and ITENS PROVA): the build script reads DADOS/MICRODADOS_ENCCEJA_2023_REG_NAC.csv and DADOS/MICRODADOS_ENCCEJA_2023_ITENS_PROVA.csv from this zip; it defines the table's item variables TX_RESPOSTAS_LC, CO_PROVA_LC, TP_PRESENCA_LC, TX_GABARITO_LC and the item file's CO_ITEM, CO_POSICAO, SG_AREA, TX_GABARITO; zip is 84 MB",2026-10-05
encceja_2023_em_lc_nom,https://download.inep.gov.br/microdados/microdados_encceja_2023.zip,"DICIONÁRIO/Dicionário_Microdados_ENCCEJA_2023.xlsx (inside microdados_encceja_2023.zip, 84 MB)",codebook,ENCCEJA,2023,"INEP ENCCEJA 2023 microdata dictionary (sheets for the Nacional Regular file and ITENS PROVA): the build script reads DADOS/MICRODADOS_ENCCEJA_2023_REG_NAC.csv and DADOS/MICRODADOS_ENCCEJA_2023_ITENS_PROVA.csv from this zip; it defines the table's item variables TX_RESPOSTAS_LC, CO_PROVA_LC, TP_PRESENCA_LC, TX_GABARITO_LC and the item file's CO_ITEM, CO_POSICAO, SG_AREA, TX_GABARITO; zip is 84 MB",2026-10-05
encceja_2023_em_mt,https://download.inep.gov.br/microdados/microdados_encceja_2023.zip,"DICIONÁRIO/Dicionário_Microdados_ENCCEJA_2023.xlsx (inside microdados_encceja_2023.zip, 84 MB)",codebook,ENCCEJA,2023,"INEP ENCCEJA 2023 microdata dictionary (sheets for the Nacional Regular file and ITENS PROVA): the build script reads DADOS/MICRODADOS_ENCCEJA_2023_REG_NAC.csv and DADOS/MICRODADOS_ENCCEJA_2023_ITENS_PROVA.csv from this zip; it defines the table's item variables TX_RESPOSTAS_MT, CO_PROVA_MT, TP_PRESENCA_MT, TX_GABARITO_MT and the item file's CO_ITEM, CO_POSICAO, SG_AREA, TX_GABARITO; zip is 84 MB",2026-10-05
encceja_2023_em_mt_nom,https://download.inep.gov.br/microdados/microdados_encceja_2023.zip,"DICIONÁRIO/Dicionário_Microdados_ENCCEJA_2023.xlsx (inside microdados_encceja_2023.zip, 84 MB)",codebook,ENCCEJA,2023,"INEP ENCCEJA 2023 microdata dictionary (sheets for the Nacional Regular file and ITENS PROVA): the build script reads DADOS/MICRODADOS_ENCCEJA_2023_REG_NAC.csv and DADOS/MICRODADOS_ENCCEJA_2023_ITENS_PROVA.csv from this zip; it defines the table's item variables TX_RESPOSTAS_MT, CO_PROVA_MT, TP_PRESENCA_MT, TX_GABARITO_MT and the item file's CO_ITEM, CO_POSICAO, SG_AREA, TX_GABARITO; zip is 84 MB",2026-10-05
encceja_2024_ef_ci,https://download.inep.gov.br/microdados/microdados_encceja_2024.zip,"DICIONÁRIO/Dicionário_Microdados_ENCCEJA_2024.xlsx (inside microdados_encceja_2024.zip, 63 MB)",codebook,ENCCEJA,2024,"INEP ENCCEJA 2024 microdata dictionary (sheets for the Nacional Regular file and ITENS PROVA): the build script reads DADOS/MICRODADOS_ENCCEJA_2024_REG_NAC.csv and DADOS/MICRODADOS_ENCCEJA_2024_ITENS_PROVA.csv from this zip; it defines the table's item variables TX_RESPOSTAS_CN, CO_PROVA_CN, TP_PRESENCA_CN, TX_GABARITO_CN and the item file's CO_ITEM, CO_POSICAO, SG_AREA, TX_GABARITO; zip is 63 MB",2026-10-05
encceja_2024_ef_ci_nom,https://download.inep.gov.br/microdados/microdados_encceja_2024.zip,"DICIONÁRIO/Dicionário_Microdados_ENCCEJA_2024.xlsx (inside microdados_encceja_2024.zip, 63 MB)",codebook,ENCCEJA,2024,"INEP ENCCEJA 2024 microdata dictionary (sheets for the Nacional Regular file and ITENS PROVA): the build script reads DADOS/MICRODADOS_ENCCEJA_2024_REG_NAC.csv and DADOS/MICRODADOS_ENCCEJA_2024_ITENS_PROVA.csv from this zip; it defines the table's item variables TX_RESPOSTAS_CN, CO_PROVA_CN, TP_PRESENCA_CN, TX_GABARITO_CN and the item file's CO_ITEM, CO_POSICAO, SG_AREA, TX_GABARITO; zip is 63 MB",2026-10-05
encceja_2024_ef_hg,https://download.inep.gov.br/microdados/microdados_encceja_2024.zip,"DICIONÁRIO/Dicionário_Microdados_ENCCEJA_2024.xlsx (inside microdados_encceja_2024.zip, 63 MB)",codebook,ENCCEJA,2024,"INEP ENCCEJA 2024 microdata dictionary (sheets for the Nacional Regular file and ITENS PROVA): the build script reads DADOS/MICRODADOS_ENCCEJA_2024_REG_NAC.csv and DADOS/MICRODADOS_ENCCEJA_2024_ITENS_PROVA.csv from this zip; it defines the table's item variables TX_RESPOSTAS_CH, CO_PROVA_CH, TP_PRESENCA_CH, TX_GABARITO_CH and the item file's CO_ITEM, CO_POSICAO, SG_AREA, TX_GABARITO; zip is 63 MB",2026-10-05
encceja_2024_ef_hg_nom,https://download.inep.gov.br/microdados/microdados_encceja_2024.zip,"DICIONÁRIO/Dicionário_Microdados_ENCCEJA_2024.xlsx (inside microdados_encceja_2024.zip, 63 MB)",codebook,ENCCEJA,2024,"INEP ENCCEJA 2024 microdata dictionary (sheets for the Nacional Regular file and ITENS PROVA): the build script reads DADOS/MICRODADOS_ENCCEJA_2024_REG_NAC.csv and DADOS/MICRODADOS_ENCCEJA_2024_ITENS_PROVA.csv from this zip; it defines the table's item variables TX_RESPOSTAS_CH, CO_PROVA_CH, TP_PRESENCA_CH, TX_GABARITO_CH and the item file's CO_ITEM, CO_POSICAO, SG_AREA, TX_GABARITO; zip is 63 MB",2026-10-05
encceja_2024_ef_lp,https://download.inep.gov.br/microdados/microdados_encceja_2024.zip,"DICIONÁRIO/Dicionário_Microdados_ENCCEJA_2024.xlsx (inside microdados_encceja_2024.zip, 63 MB)",codebook,ENCCEJA,2024,"INEP ENCCEJA 2024 microdata dictionary (sheets for the Nacional Regular file and ITENS PROVA): the build script reads DADOS/MICRODADOS_ENCCEJA_2024_REG_NAC.csv and DADOS/MICRODADOS_ENCCEJA_2024_ITENS_PROVA.csv from this zip; it defines the table's item variables TX_RESPOSTAS_LC, CO_PROVA_LC, TP_PRESENCA_LC, TX_GABARITO_LC and the item file's CO_ITEM, CO_POSICAO, SG_AREA, TX_GABARITO; zip is 63 MB",2026-10-05
encceja_2024_ef_lp_nom,https://download.inep.gov.br/microdados/microdados_encceja_2024.zip,"DICIONÁRIO/Dicionário_Microdados_ENCCEJA_2024.xlsx (inside microdados_encceja_2024.zip, 63 MB)",codebook,ENCCEJA,2024,"INEP ENCCEJA 2024 microdata dictionary (sheets for the Nacional Regular file and ITENS PROVA): the build script reads DADOS/MICRODADOS_ENCCEJA_2024_REG_NAC.csv and DADOS/MICRODADOS_ENCCEJA_2024_ITENS_PROVA.csv from this zip; it defines the table's item variables TX_RESPOSTAS_LC, CO_PROVA_LC, TP_PRESENCA_LC, TX_GABARITO_LC and the item file's CO_ITEM, CO_POSICAO, SG_AREA, TX_GABARITO; zip is 63 MB",2026-10-05
encceja_2024_ef_ma,https://download.inep.gov.br/microdados/microdados_encceja_2024.zip,"DICIONÁRIO/Dicionário_Microdados_ENCCEJA_2024.xlsx (inside microdados_encceja_2024.zip, 63 MB)",codebook,ENCCEJA,2024,"INEP ENCCEJA 2024 microdata dictionary (sheets for the Nacional Regular file and ITENS PROVA): the build script reads DADOS/MICRODADOS_ENCCEJA_2024_REG_NAC.csv and DADOS/MICRODADOS_ENCCEJA_2024_ITENS_PROVA.csv from this zip; it defines the table's item variables TX_RESPOSTAS_MT, CO_PROVA_MT, TP_PRESENCA_MT, TX_GABARITO_MT and the item file's CO_ITEM, CO_POSICAO, SG_AREA, TX_GABARITO; zip is 63 MB",2026-10-05
encceja_2024_ef_ma_nom,https://download.inep.gov.br/microdados/microdados_encceja_2024.zip,"DICIONÁRIO/Dicionário_Microdados_ENCCEJA_2024.xlsx (inside microdados_encceja_2024.zip, 63 MB)",codebook,ENCCEJA,2024,"INEP ENCCEJA 2024 microdata dictionary (sheets for the Nacional Regular file and ITENS PROVA): the build script reads DADOS/MICRODADOS_ENCCEJA_2024_REG_NAC.csv and DADOS/MICRODADOS_ENCCEJA_2024_ITENS_PROVA.csv from this zip; it defines the table's item variables TX_RESPOSTAS_MT, CO_PROVA_MT, TP_PRESENCA_MT, TX_GABARITO_MT and the item file's CO_ITEM, CO_POSICAO, SG_AREA, TX_GABARITO; zip is 63 MB",2026-10-05
encceja_2024_em_ch,https://download.inep.gov.br/microdados/microdados_encceja_2024.zip,"DICIONÁRIO/Dicionário_Microdados_ENCCEJA_2024.xlsx (inside microdados_encceja_2024.zip, 63 MB)",codebook,ENCCEJA,2024,"INEP ENCCEJA 2024 microdata dictionary (sheets for the Nacional Regular file and ITENS PROVA): the build script reads DADOS/MICRODADOS_ENCCEJA_2024_REG_NAC.csv and DADOS/MICRODADOS_ENCCEJA_2024_ITENS_PROVA.csv from this zip; it defines the table's item variables TX_RESPOSTAS_CH, CO_PROVA_CH, TP_PRESENCA_CH, TX_GABARITO_CH and the item file's CO_ITEM, CO_POSICAO, SG_AREA, TX_GABARITO; zip is 63 MB",2026-10-05
encceja_2024_em_ch_nom,https://download.inep.gov.br/microdados/microdados_encceja_2024.zip,"DICIONÁRIO/Dicionário_Microdados_ENCCEJA_2024.xlsx (inside microdados_encceja_2024.zip, 63 MB)",codebook,ENCCEJA,2024,"INEP ENCCEJA 2024 microdata dictionary (sheets for the Nacional Regular file and ITENS PROVA): the build script reads DADOS/MICRODADOS_ENCCEJA_2024_REG_NAC.csv and DADOS/MICRODADOS_ENCCEJA_2024_ITENS_PROVA.csv from this zip; it defines the table's item variables TX_RESPOSTAS_CH, CO_PROVA_CH, TP_PRESENCA_CH, TX_GABARITO_CH and the item file's CO_ITEM, CO_POSICAO, SG_AREA, TX_GABARITO; zip is 63 MB",2026-10-05
encceja_2024_em_cn,https://download.inep.gov.br/microdados/microdados_encceja_2024.zip,"DICIONÁRIO/Dicionário_Microdados_ENCCEJA_2024.xlsx (inside microdados_encceja_2024.zip, 63 MB)",codebook,ENCCEJA,2024,"INEP ENCCEJA 2024 microdata dictionary (sheets for the Nacional Regular file and ITENS PROVA): the build script reads DADOS/MICRODADOS_ENCCEJA_2024_REG_NAC.csv and DADOS/MICRODADOS_ENCCEJA_2024_ITENS_PROVA.csv from this zip; it defines the table's item variables TX_RESPOSTAS_CN, CO_PROVA_CN, TP_PRESENCA_CN, TX_GABARITO_CN and the item file's CO_ITEM, CO_POSICAO, SG_AREA, TX_GABARITO; zip is 63 MB",2026-10-05
encceja_2024_em_cn_nom,https://download.inep.gov.br/microdados/microdados_encceja_2024.zip,"DICIONÁRIO/Dicionário_Microdados_ENCCEJA_2024.xlsx (inside microdados_encceja_2024.zip, 63 MB)",codebook,ENCCEJA,2024,"INEP ENCCEJA 2024 microdata dictionary (sheets for the Nacional Regular file and ITENS PROVA): the build script reads DADOS/MICRODADOS_ENCCEJA_2024_REG_NAC.csv and DADOS/MICRODADOS_ENCCEJA_2024_ITENS_PROVA.csv from this zip; it defines the table's item variables TX_RESPOSTAS_CN, CO_PROVA_CN, TP_PRESENCA_CN, TX_GABARITO_CN and the item file's CO_ITEM, CO_POSICAO, SG_AREA, TX_GABARITO; zip is 63 MB",2026-10-05
encceja_2024_em_lc,https://download.inep.gov.br/microdados/microdados_encceja_2024.zip,"DICIONÁRIO/Dicionário_Microdados_ENCCEJA_2024.xlsx (inside microdados_encceja_2024.zip, 63 MB)",codebook,ENCCEJA,2024,"INEP ENCCEJA 2024 microdata dictionary (sheets for the Nacional Regular file and ITENS PROVA): the build script reads DADOS/MICRODADOS_ENCCEJA_2024_REG_NAC.csv and DADOS/MICRODADOS_ENCCEJA_2024_ITENS_PROVA.csv from this zip; it defines the table's item variables TX_RESPOSTAS_LC, CO_PROVA_LC, TP_PRESENCA_LC, TX_GABARITO_LC and the item file's CO_ITEM, CO_POSICAO, SG_AREA, TX_GABARITO; zip is 63 MB",2026-10-05
encceja_2024_em_lc_nom,https://download.inep.gov.br/microdados/microdados_encceja_2024.zip,"DICIONÁRIO/Dicionário_Microdados_ENCCEJA_2024.xlsx (inside microdados_encceja_2024.zip, 63 MB)",codebook,ENCCEJA,2024,"INEP ENCCEJA 2024 microdata dictionary (sheets for the Nacional Regular file and ITENS PROVA): the build script reads DADOS/MICRODADOS_ENCCEJA_2024_REG_NAC.csv and DADOS/MICRODADOS_ENCCEJA_2024_ITENS_PROVA.csv from this zip; it defines the table's item variables TX_RESPOSTAS_LC, CO_PROVA_LC, TP_PRESENCA_LC, TX_GABARITO_LC and the item file's CO_ITEM, CO_POSICAO, SG_AREA, TX_GABARITO; zip is 63 MB",2026-10-05
encceja_2024_em_mt,https://download.inep.gov.br/microdados/microdados_encceja_2024.zip,"DICIONÁRIO/Dicionário_Microdados_ENCCEJA_2024.xlsx (inside microdados_encceja_2024.zip, 63 MB)",codebook,ENCCEJA,2024,"INEP ENCCEJA 2024 microdata dictionary (sheets for the Nacional Regular file and ITENS PROVA): the build script reads DADOS/MICRODADOS_ENCCEJA_2024_REG_NAC.csv and DADOS/MICRODADOS_ENCCEJA_2024_ITENS_PROVA.csv from this zip; it defines the table's item variables TX_RESPOSTAS_MT, CO_PROVA_MT, TP_PRESENCA_MT, TX_GABARITO_MT and the item file's CO_ITEM, CO_POSICAO, SG_AREA, TX_GABARITO; zip is 63 MB",2026-10-05
encceja_2024_em_mt_nom,https://download.inep.gov.br/microdados/microdados_encceja_2024.zip,"DICIONÁRIO/Dicionário_Microdados_ENCCEJA_2024.xlsx (inside microdados_encceja_2024.zip, 63 MB)",codebook,ENCCEJA,2024,"INEP ENCCEJA 2024 microdata dictionary (sheets for the Nacional Regular file and ITENS PROVA): the build script reads DADOS/MICRODADOS_ENCCEJA_2024_REG_NAC.csv and DADOS/MICRODADOS_ENCCEJA_2024_ITENS_PROVA.csv from this zip; it defines the table's item variables TX_RESPOSTAS_MT, CO_PROVA_MT, TP_PRESENCA_MT, TX_GABARITO_MT and the item file's CO_ITEM, CO_POSICAO, SG_AREA, TX_GABARITO; zip is 63 MB",2026-10-05
encceja_2025_ef_ci,https://download.inep.gov.br/microdados/microdados_encceja_2025.zip,"Microdados_ENCCEJA_2025 (1)/DICIONÁRIO/Dicionário_Microdados_ENCCEJA_2025.xlsx (inside microdados_encceja_2025.zip, 55 MB)",codebook,ENCCEJA,2025,"INEP ENCCEJA 2025 microdata dictionary (sheets for the Nacional Regular file and ITENS PROVA): the build script reads DADOS/MICRODADOS_ENCCEJA_2025_REG_NAC.csv and DADOS/MICRODADOS_ENCCEJA_2025_ITENS_PROVA.csv from this zip; it defines the table's item variables TX_RESPOSTAS_CN, CO_PROVA_CN, TP_PRESENCA_CN, TX_GABARITO_CN and the item file's CO_ITEM, CO_POSICAO, SG_AREA, TX_GABARITO; zip is 55 MB",2026-10-05
encceja_2025_ef_ci_nom,https://download.inep.gov.br/microdados/microdados_encceja_2025.zip,"Microdados_ENCCEJA_2025 (1)/DICIONÁRIO/Dicionário_Microdados_ENCCEJA_2025.xlsx (inside microdados_encceja_2025.zip, 55 MB)",codebook,ENCCEJA,2025,"INEP ENCCEJA 2025 microdata dictionary (sheets for the Nacional Regular file and ITENS PROVA): the build script reads DADOS/MICRODADOS_ENCCEJA_2025_REG_NAC.csv and DADOS/MICRODADOS_ENCCEJA_2025_ITENS_PROVA.csv from this zip; it defines the table's item variables TX_RESPOSTAS_CN, CO_PROVA_CN, TP_PRESENCA_CN, TX_GABARITO_CN and the item file's CO_ITEM, CO_POSICAO, SG_AREA, TX_GABARITO; zip is 55 MB",2026-10-05
encceja_2025_ef_hg,https://download.inep.gov.br/microdados/microdados_encceja_2025.zip,"Microdados_ENCCEJA_2025 (1)/DICIONÁRIO/Dicionário_Microdados_ENCCEJA_2025.xlsx (inside microdados_encceja_2025.zip, 55 MB)",codebook,ENCCEJA,2025,"INEP ENCCEJA 2025 microdata dictionary (sheets for the Nacional Regular file and ITENS PROVA): the build script reads DADOS/MICRODADOS_ENCCEJA_2025_REG_NAC.csv and DADOS/MICRODADOS_ENCCEJA_2025_ITENS_PROVA.csv from this zip; it defines the table's item variables TX_RESPOSTAS_CH, CO_PROVA_CH, TP_PRESENCA_CH, TX_GABARITO_CH and the item file's CO_ITEM, CO_POSICAO, SG_AREA, TX_GABARITO; zip is 55 MB",2026-10-05
encceja_2025_ef_hg_nom,https://download.inep.gov.br/microdados/microdados_encceja_2025.zip,"Microdados_ENCCEJA_2025 (1)/DICIONÁRIO/Dicionário_Microdados_ENCCEJA_2025.xlsx (inside microdados_encceja_2025.zip, 55 MB)",codebook,ENCCEJA,2025,"INEP ENCCEJA 2025 microdata dictionary (sheets for the Nacional Regular file and ITENS PROVA): the build script reads DADOS/MICRODADOS_ENCCEJA_2025_REG_NAC.csv and DADOS/MICRODADOS_ENCCEJA_2025_ITENS_PROVA.csv from this zip; it defines the table's item variables TX_RESPOSTAS_CH, CO_PROVA_CH, TP_PRESENCA_CH, TX_GABARITO_CH and the item file's CO_ITEM, CO_POSICAO, SG_AREA, TX_GABARITO; zip is 55 MB",2026-10-05
encceja_2025_ef_lp,https://download.inep.gov.br/microdados/microdados_encceja_2025.zip,"Microdados_ENCCEJA_2025 (1)/DICIONÁRIO/Dicionário_Microdados_ENCCEJA_2025.xlsx (inside microdados_encceja_2025.zip, 55 MB)",codebook,ENCCEJA,2025,"INEP ENCCEJA 2025 microdata dictionary (sheets for the Nacional Regular file and ITENS PROVA): the build script reads DADOS/MICRODADOS_ENCCEJA_2025_REG_NAC.csv and DADOS/MICRODADOS_ENCCEJA_2025_ITENS_PROVA.csv from this zip; it defines the table's item variables TX_RESPOSTAS_LC, CO_PROVA_LC, TP_PRESENCA_LC, TX_GABARITO_LC and the item file's CO_ITEM, CO_POSICAO, SG_AREA, TX_GABARITO; zip is 55 MB",2026-10-05
encceja_2025_ef_lp_nom,https://download.inep.gov.br/microdados/microdados_encceja_2025.zip,"Microdados_ENCCEJA_2025 (1)/DICIONÁRIO/Dicionário_Microdados_ENCCEJA_2025.xlsx (inside microdados_encceja_2025.zip, 55 MB)",codebook,ENCCEJA,2025,"INEP ENCCEJA 2025 microdata dictionary (sheets for the Nacional Regular file and ITENS PROVA): the build script reads DADOS/MICRODADOS_ENCCEJA_2025_REG_NAC.csv and DADOS/MICRODADOS_ENCCEJA_2025_ITENS_PROVA.csv from this zip; it defines the table's item variables TX_RESPOSTAS_LC, CO_PROVA_LC, TP_PRESENCA_LC, TX_GABARITO_LC and the item file's CO_ITEM, CO_POSICAO, SG_AREA, TX_GABARITO; zip is 55 MB",2026-10-05
encceja_2025_ef_ma,https://download.inep.gov.br/microdados/microdados_encceja_2025.zip,"Microdados_ENCCEJA_2025 (1)/DICIONÁRIO/Dicionário_Microdados_ENCCEJA_2025.xlsx (inside microdados_encceja_2025.zip, 55 MB)",codebook,ENCCEJA,2025,"INEP ENCCEJA 2025 microdata dictionary (sheets for the Nacional Regular file and ITENS PROVA): the build script reads DADOS/MICRODADOS_ENCCEJA_2025_REG_NAC.csv and DADOS/MICRODADOS_ENCCEJA_2025_ITENS_PROVA.csv from this zip; it defines the table's item variables TX_RESPOSTAS_MT, CO_PROVA_MT, TP_PRESENCA_MT, TX_GABARITO_MT and the item file's CO_ITEM, CO_POSICAO, SG_AREA, TX_GABARITO; zip is 55 MB",2026-10-05
encceja_2025_ef_ma_nom,https://download.inep.gov.br/microdados/microdados_encceja_2025.zip,"Microdados_ENCCEJA_2025 (1)/DICIONÁRIO/Dicionário_Microdados_ENCCEJA_2025.xlsx (inside microdados_encceja_2025.zip, 55 MB)",codebook,ENCCEJA,2025,"INEP ENCCEJA 2025 microdata dictionary (sheets for the Nacional Regular file and ITENS PROVA): the build script reads DADOS/MICRODADOS_ENCCEJA_2025_REG_NAC.csv and DADOS/MICRODADOS_ENCCEJA_2025_ITENS_PROVA.csv from this zip; it defines the table's item variables TX_RESPOSTAS_MT, CO_PROVA_MT, TP_PRESENCA_MT, TX_GABARITO_MT and the item file's CO_ITEM, CO_POSICAO, SG_AREA, TX_GABARITO; zip is 55 MB",2026-10-05
encceja_2025_em_ch,https://download.inep.gov.br/microdados/microdados_encceja_2025.zip,"Microdados_ENCCEJA_2025 (1)/DICIONÁRIO/Dicionário_Microdados_ENCCEJA_2025.xlsx (inside microdados_encceja_2025.zip, 55 MB)",codebook,ENCCEJA,2025,"INEP ENCCEJA 2025 microdata dictionary (sheets for the Nacional Regular file and ITENS PROVA): the build script reads DADOS/MICRODADOS_ENCCEJA_2025_REG_NAC.csv and DADOS/MICRODADOS_ENCCEJA_2025_ITENS_PROVA.csv from this zip; it defines the table's item variables TX_RESPOSTAS_CH, CO_PROVA_CH, TP_PRESENCA_CH, TX_GABARITO_CH and the item file's CO_ITEM, CO_POSICAO, SG_AREA, TX_GABARITO; zip is 55 MB",2026-10-05
encceja_2025_em_ch_nom,https://download.inep.gov.br/microdados/microdados_encceja_2025.zip,"Microdados_ENCCEJA_2025 (1)/DICIONÁRIO/Dicionário_Microdados_ENCCEJA_2025.xlsx (inside microdados_encceja_2025.zip, 55 MB)",codebook,ENCCEJA,2025,"INEP ENCCEJA 2025 microdata dictionary (sheets for the Nacional Regular file and ITENS PROVA): the build script reads DADOS/MICRODADOS_ENCCEJA_2025_REG_NAC.csv and DADOS/MICRODADOS_ENCCEJA_2025_ITENS_PROVA.csv from this zip; it defines the table's item variables TX_RESPOSTAS_CH, CO_PROVA_CH, TP_PRESENCA_CH, TX_GABARITO_CH and the item file's CO_ITEM, CO_POSICAO, SG_AREA, TX_GABARITO; zip is 55 MB",2026-10-05
encceja_2025_em_cn,https://download.inep.gov.br/microdados/microdados_encceja_2025.zip,"Microdados_ENCCEJA_2025 (1)/DICIONÁRIO/Dicionário_Microdados_ENCCEJA_2025.xlsx (inside microdados_encceja_2025.zip, 55 MB)",codebook,ENCCEJA,2025,"INEP ENCCEJA 2025 microdata dictionary (sheets for the Nacional Regular file and ITENS PROVA): the build script reads DADOS/MICRODADOS_ENCCEJA_2025_REG_NAC.csv and DADOS/MICRODADOS_ENCCEJA_2025_ITENS_PROVA.csv from this zip; it defines the table's item variables TX_RESPOSTAS_CN, CO_PROVA_CN, TP_PRESENCA_CN, TX_GABARITO_CN and the item file's CO_ITEM, CO_POSICAO, SG_AREA, TX_GABARITO; zip is 55 MB",2026-10-05
encceja_2025_em_cn_nom,https://download.inep.gov.br/microdados/microdados_encceja_2025.zip,"Microdados_ENCCEJA_2025 (1)/DICIONÁRIO/Dicionário_Microdados_ENCCEJA_2025.xlsx (inside microdados_encceja_2025.zip, 55 MB)",codebook,ENCCEJA,2025,"INEP ENCCEJA 2025 microdata dictionary (sheets for the Nacional Regular file and ITENS PROVA): the build script reads DADOS/MICRODADOS_ENCCEJA_2025_REG_NAC.csv and DADOS/MICRODADOS_ENCCEJA_2025_ITENS_PROVA.csv from this zip; it defines the table's item variables TX_RESPOSTAS_CN, CO_PROVA_CN, TP_PRESENCA_CN, TX_GABARITO_CN and the item file's CO_ITEM, CO_POSICAO, SG_AREA, TX_GABARITO; zip is 55 MB",2026-10-05
encceja_2025_em_lc,https://download.inep.gov.br/microdados/microdados_encceja_2025.zip,"Microdados_ENCCEJA_2025 (1)/DICIONÁRIO/Dicionário_Microdados_ENCCEJA_2025.xlsx (inside microdados_encceja_2025.zip, 55 MB)",codebook,ENCCEJA,2025,"INEP ENCCEJA 2025 microdata dictionary (sheets for the Nacional Regular file and ITENS PROVA): the build script reads DADOS/MICRODADOS_ENCCEJA_2025_REG_NAC.csv and DADOS/MICRODADOS_ENCCEJA_2025_ITENS_PROVA.csv from this zip; it defines the table's item variables TX_RESPOSTAS_LC, CO_PROVA_LC, TP_PRESENCA_LC, TX_GABARITO_LC and the item file's CO_ITEM, CO_POSICAO, SG_AREA, TX_GABARITO; zip is 55 MB",2026-10-05
encceja_2025_em_lc_nom,https://download.inep.gov.br/microdados/microdados_encceja_2025.zip,"Microdados_ENCCEJA_2025 (1)/DICIONÁRIO/Dicionário_Microdados_ENCCEJA_2025.xlsx (inside microdados_encceja_2025.zip, 55 MB)",codebook,ENCCEJA,2025,"INEP ENCCEJA 2025 microdata dictionary (sheets for the Nacional Regular file and ITENS PROVA): the build script reads DADOS/MICRODADOS_ENCCEJA_2025_REG_NAC.csv and DADOS/MICRODADOS_ENCCEJA_2025_ITENS_PROVA.csv from this zip; it defines the table's item variables TX_RESPOSTAS_LC, CO_PROVA_LC, TP_PRESENCA_LC, TX_GABARITO_LC and the item file's CO_ITEM, CO_POSICAO, SG_AREA, TX_GABARITO; zip is 55 MB",2026-10-05
encceja_2025_em_mt,https://download.inep.gov.br/microdados/microdados_encceja_2025.zip,"Microdados_ENCCEJA_2025 (1)/DICIONÁRIO/Dicionário_Microdados_ENCCEJA_2025.xlsx (inside microdados_encceja_2025.zip, 55 MB)",codebook,ENCCEJA,2025,"INEP ENCCEJA 2025 microdata dictionary (sheets for the Nacional Regular file and ITENS PROVA): the build script reads DADOS/MICRODADOS_ENCCEJA_2025_REG_NAC.csv and DADOS/MICRODADOS_ENCCEJA_2025_ITENS_PROVA.csv from this zip; it defines the table's item variables TX_RESPOSTAS_MT, CO_PROVA_MT, TP_PRESENCA_MT, TX_GABARITO_MT and the item file's CO_ITEM, CO_POSICAO, SG_AREA, TX_GABARITO; zip is 55 MB",2026-10-05
encceja_2025_em_mt_nom,https://download.inep.gov.br/microdados/microdados_encceja_2025.zip,"Microdados_ENCCEJA_2025 (1)/DICIONÁRIO/Dicionário_Microdados_ENCCEJA_2025.xlsx (inside microdados_encceja_2025.zip, 55 MB)",codebook,ENCCEJA,2025,"INEP ENCCEJA 2025 microdata dictionary (sheets for the Nacional Regular file and ITENS PROVA): the build script reads DADOS/MICRODADOS_ENCCEJA_2025_REG_NAC.csv and DADOS/MICRODADOS_ENCCEJA_2025_ITENS_PROVA.csv from this zip; it defines the table's item variables TX_RESPOSTAS_MT, CO_PROVA_MT, TP_PRESENCA_MT, TX_GABARITO_MT and the item file's CO_ITEM, CO_POSICAO, SG_AREA, TX_GABARITO; zip is 55 MB",2026-10-05
