"table","section_id","item","instrument","instructions","section_prompt","item_text","correct_response","option_text","resp"
"covid_travel_mackenzie_2021","covid_travel_mackenzie_2021_1","avoid_share","PacTrans COVID-19 Survey (Analyzing the Long-Term Impacts of COVID-19 Disruption on Travel Patterns)",NA,NA,"Please rate your agreement with the following statements under today's conditions: I try to use transportation options that allow me to avoid contact with other people",NA,"Strongly disagree",0
"covid_travel_mackenzie_2021","covid_travel_mackenzie_2021_1","avoid_share","PacTrans COVID-19 Survey (Analyzing the Long-Term Impacts of COVID-19 Disruption on Travel Patterns)",NA,NA,"Please rate your agreement with the following statements under today's conditions: I try to use transportation options that allow me to avoid contact with other people",NA,"Disagree",1
"covid_travel_mackenzie_2021","covid_travel_mackenzie_2021_1","avoid_share","PacTrans COVID-19 Survey (Analyzing the Long-Term Impacts of COVID-19 Disruption on Travel Patterns)",NA,NA,"Please rate your agreement with the following statements under today's conditions: I try to use transportation options that allow me to avoid contact with other people",NA,"Somewhat disagree",2
"covid_travel_mackenzie_2021","covid_travel_mackenzie_2021_1","avoid_share","PacTrans COVID-19 Survey (Analyzing the Long-Term Impacts of COVID-19 Disruption on Travel Patterns)",NA,NA,"Please rate your agreement with the following statements under today's conditions: I try to use transportation options that allow me to avoid contact with other people",NA,"Somewhat agree",3
"covid_travel_mackenzie_2021","covid_travel_mackenzie_2021_1","avoid_share","PacTrans COVID-19 Survey (Analyzing the Long-Term Impacts of COVID-19 Disruption on Travel Patterns)",NA,NA,"Please rate your agreement with the following statements under today's conditions: I try to use transportation options that allow me to avoid contact with other people",NA,"Agree",4
"covid_travel_mackenzie_2021","covid_travel_mackenzie_2021_1","avoid_share","PacTrans COVID-19 Survey (Analyzing the Long-Term Impacts of COVID-19 Disruption on Travel Patterns)",NA,NA,"Please rate your agreement with the following statements under today's conditions: I try to use transportation options that allow me to avoid contact with other people",NA,"Strongly agree",5
"covid_travel_mackenzie_2021","covid_travel_mackenzie_2021_1","bike_scooter_ac","PacTrans COVID-19 Survey (Analyzing the Long-Term Impacts of COVID-19 Disruption on Travel Patterns)",NA,NA,"Sometime in the future, when COVID-19 will no longer be a threat,how often do you think you will use the following modes of transportation: Bike or Scooter",NA,"Never",0
"covid_travel_mackenzie_2021","covid_travel_mackenzie_2021_1","bike_scooter_ac","PacTrans COVID-19 Survey (Analyzing the Long-Term Impacts of COVID-19 Disruption on Travel Patterns)",NA,NA,"Sometime in the future, when COVID-19 will no longer be a threat,how often do you think you will use the following modes of transportation: Bike or Scooter",NA,"Once a month or less",1
"covid_travel_mackenzie_2021","covid_travel_mackenzie_2021_1","bike_scooter_ac","PacTrans COVID-19 Survey (Analyzing the Long-Term Impacts of COVID-19 Disruption on Travel Patterns)",NA,NA,"Sometime in the future, when COVID-19 will no longer be a threat,how often do you think you will use the following modes of transportation: Bike or Scooter",NA,"A few times a month",2
"covid_travel_mackenzie_2021","covid_travel_mackenzie_2021_1","bike_scooter_ac","PacTrans COVID-19 Survey (Analyzing the Long-Term Impacts of COVID-19 Disruption on Travel Patterns)",NA,NA,"Sometime in the future, when COVID-19 will no longer be a threat,how often do you think you will use the following modes of transportation: Bike or Scooter",NA,"1-2 days a week",3
"covid_travel_mackenzie_2021","covid_travel_mackenzie_2021_1","bike_scooter_ac","PacTrans COVID-19 Survey (Analyzing the Long-Term Impacts of COVID-19 Disruption on Travel Patterns)",NA,NA,"Sometime in the future, when COVID-19 will no longer be a threat,how often do you think you will use the following modes of transportation: Bike or Scooter",NA,"3-4 days a week",4
"covid_travel_mackenzie_2021","covid_travel_mackenzie_2021_1","bike_scooter_ac","PacTrans COVID-19 Survey (Analyzing the Long-Term Impacts of COVID-19 Disruption on Travel Patterns)",NA,NA,"Sometime in the future, when COVID-19 will no longer be a threat,how often do you think you will use the following modes of transportation: Bike or Scooter",NA,"Everyday",5
"covid_travel_mackenzie_2021","covid_travel_mackenzie_2021_1","bike_scooter_bc","PacTrans COVID-19 Survey (Analyzing the Long-Term Impacts of COVID-19 Disruption on Travel Patterns)",NA,NA,"In a typical month BEFORE the outbreak (e.g. in.January) how often did you use the following modes of transportation: Bike or Scooter",NA,"Never",0
"covid_travel_mackenzie_2021","covid_travel_mackenzie_2021_1","bike_scooter_bc","PacTrans COVID-19 Survey (Analyzing the Long-Term Impacts of COVID-19 Disruption on Travel Patterns)",NA,NA,"In a typical month BEFORE the outbreak (e.g. in.January) how often did you use the following modes of transportation: Bike or Scooter",NA,"Once a month or less",1
"covid_travel_mackenzie_2021","covid_travel_mackenzie_2021_1","bike_scooter_bc","PacTrans COVID-19 Survey (Analyzing the Long-Term Impacts of COVID-19 Disruption on Travel Patterns)",NA,NA,"In a typical month BEFORE the outbreak (e.g. in.January) how often did you use the following modes of transportation: Bike or Scooter",NA,"A few times a month",2
"covid_travel_mackenzie_2021","covid_travel_mackenzie_2021_1","bike_scooter_bc","PacTrans COVID-19 Survey (Analyzing the Long-Term Impacts of COVID-19 Disruption on Travel Patterns)",NA,NA,"In a typical month BEFORE the outbreak (e.g. in.January) how often did you use the following modes of transportation: Bike or Scooter",NA,"1-2 days a week",3
"covid_travel_mackenzie_2021","covid_travel_mackenzie_2021_1","bike_scooter_bc","PacTrans COVID-19 Survey (Analyzing the Long-Term Impacts of COVID-19 Disruption on Travel Patterns)",NA,NA,"In a typical month BEFORE the outbreak (e.g. in.January) how often did you use the following modes of transportation: Bike or Scooter",NA,"3-4 days a week",4
"covid_travel_mackenzie_2021","covid_travel_mackenzie_2021_1","bike_scooter_bc","PacTrans COVID-19 Survey (Analyzing the Long-Term Impacts of COVID-19 Disruption on Travel Patterns)",NA,NA,"In a typical month BEFORE the outbreak (e.g. in.January) how often did you use the following modes of transportation: Bike or Scooter",NA,"Everyday",5
"covid_travel_mackenzie_2021","covid_travel_mackenzie_2021_1","bike_scooter_dr","PacTrans COVID-19 Survey (Analyzing the Long-Term Impacts of COVID-19 Disruption on Travel Patterns)",NA,NA,"In the past month (i.e. DURING the outbreak) how often did you use the following modes of transportation: Bike or Scooter",NA,"Never",0
"covid_travel_mackenzie_2021","covid_travel_mackenzie_2021_1","bike_scooter_dr","PacTrans COVID-19 Survey (Analyzing the Long-Term Impacts of COVID-19 Disruption on Travel Patterns)",NA,NA,"In the past month (i.e. DURING the outbreak) how often did you use the following modes of transportation: Bike or Scooter",NA,"Once a month or less",1
"covid_travel_mackenzie_2021","covid_travel_mackenzie_2021_1","bike_scooter_dr","PacTrans COVID-19 Survey (Analyzing the Long-Term Impacts of COVID-19 Disruption on Travel Patterns)",NA,NA,"In the past month (i.e. DURING the outbreak) how often did you use the following modes of transportation: Bike or Scooter",NA,"A few times a month",2
"covid_travel_mackenzie_2021","covid_travel_mackenzie_2021_1","bike_scooter_dr","PacTrans COVID-19 Survey (Analyzing the Long-Term Impacts of COVID-19 Disruption on Travel Patterns)",NA,NA,"In the past month (i.e. DURING the outbreak) how often did you use the following modes of transportation: Bike or Scooter",NA,"1-2 days a week",3
"covid_travel_mackenzie_2021","covid_travel_mackenzie_2021_1","bike_scooter_dr","PacTrans COVID-19 Survey (Analyzing the Long-Term Impacts of COVID-19 Disruption on Travel Patterns)",NA,NA,"In the past month (i.e. DURING the outbreak) how often did you use the following modes of transportation: Bike or Scooter",NA,"3-4 days a week",4
"covid_travel_mackenzie_2021","covid_travel_mackenzie_2021_1","bike_scooter_dr","PacTrans COVID-19 Survey (Analyzing the Long-Term Impacts of COVID-19 Disruption on Travel Patterns)",NA,NA,"In the past month (i.e. DURING the outbreak) how often did you use the following modes of transportation: Bike or Scooter",NA,"Everyday",5
"covid_travel_mackenzie_2021","covid_travel_mackenzie_2021_1","business_shut_down","PacTrans COVID-19 Survey (Analyzing the Long-Term Impacts of COVID-19 Disruption on Travel Patterns)",NA,NA,"Please rate your agreement with the following statements under today's conditions: Shutting down businesses to prevent the spread of the coronavirus is not worth the economic damage that it causes.",NA,"Strongly disagree",0
"covid_travel_mackenzie_2021","covid_travel_mackenzie_2021_1","business_shut_down","PacTrans COVID-19 Survey (Analyzing the Long-Term Impacts of COVID-19 Disruption on Travel Patterns)",NA,NA,"Please rate your agreement with the following statements under today's conditions: Shutting down businesses to prevent the spread of the coronavirus is not worth the economic damage that it causes.",NA,"Disagree",1
"covid_travel_mackenzie_2021","covid_travel_mackenzie_2021_1","business_shut_down","PacTrans COVID-19 Survey (Analyzing the Long-Term Impacts of COVID-19 Disruption on Travel Patterns)",NA,NA,"Please rate your agreement with the following statements under today's conditions: Shutting down businesses to prevent the spread of the coronavirus is not worth the economic damage that it causes.",NA,"Somewhat disagree",2
"covid_travel_mackenzie_2021","covid_travel_mackenzie_2021_1","business_shut_down","PacTrans COVID-19 Survey (Analyzing the Long-Term Impacts of COVID-19 Disruption on Travel Patterns)",NA,NA,"Please rate your agreement with the following statements under today's conditions: Shutting down businesses to prevent the spread of the coronavirus is not worth the economic damage that it causes.",NA,"Somewhat agree",3
"covid_travel_mackenzie_2021","covid_travel_mackenzie_2021_1","business_shut_down","PacTrans COVID-19 Survey (Analyzing the Long-Term Impacts of COVID-19 Disruption on Travel Patterns)",NA,NA,"Please rate your agreement with the following statements under today's conditions: Shutting down businesses to prevent the spread of the coronavirus is not worth the economic damage that it causes.",NA,"Agree",4
"covid_travel_mackenzie_2021","covid_travel_mackenzie_2021_1","business_shut_down","PacTrans COVID-19 Survey (Analyzing the Long-Term Impacts of COVID-19 Disruption on Travel Patterns)",NA,NA,"Please rate your agreement with the following statements under today's conditions: Shutting down businesses to prevent the spread of the coronavirus is not worth the economic damage that it causes.",NA,"Strongly agree",5
"covid_travel_mackenzie_2021","covid_travel_mackenzie_2021_1","carpool_ac","PacTrans COVID-19 Survey (Analyzing the Long-Term Impacts of COVID-19 Disruption on Travel Patterns)",NA,NA,"Sometime in the future, when COVID-19 will no longer be a threat,how often do you think you will use the following modes of transportation: carpool.",NA,"Never",0
"covid_travel_mackenzie_2021","covid_travel_mackenzie_2021_1","carpool_ac","PacTrans COVID-19 Survey (Analyzing the Long-Term Impacts of COVID-19 Disruption on Travel Patterns)",NA,NA,"Sometime in the future, when COVID-19 will no longer be a threat,how often do you think you will use the following modes of transportation: carpool.",NA,"Once a month or less",1
"covid_travel_mackenzie_2021","covid_travel_mackenzie_2021_1","carpool_ac","PacTrans COVID-19 Survey (Analyzing the Long-Term Impacts of COVID-19 Disruption on Travel Patterns)",NA,NA,"Sometime in the future, when COVID-19 will no longer be a threat,how often do you think you will use the following modes of transportation: carpool.",NA,"A few times a month",2
"covid_travel_mackenzie_2021","covid_travel_mackenzie_2021_1","carpool_ac","PacTrans COVID-19 Survey (Analyzing the Long-Term Impacts of COVID-19 Disruption on Travel Patterns)",NA,NA,"Sometime in the future, when COVID-19 will no longer be a threat,how often do you think you will use the following modes of transportation: carpool.",NA,"1-2 days a week",3
"covid_travel_mackenzie_2021","covid_travel_mackenzie_2021_1","carpool_ac","PacTrans COVID-19 Survey (Analyzing the Long-Term Impacts of COVID-19 Disruption on Travel Patterns)",NA,NA,"Sometime in the future, when COVID-19 will no longer be a threat,how often do you think you will use the following modes of transportation: carpool.",NA,"3-4 days a week",4
"covid_travel_mackenzie_2021","covid_travel_mackenzie_2021_1","carpool_ac","PacTrans COVID-19 Survey (Analyzing the Long-Term Impacts of COVID-19 Disruption on Travel Patterns)",NA,NA,"Sometime in the future, when COVID-19 will no longer be a threat,how often do you think you will use the following modes of transportation: carpool.",NA,"Everyday",5
"covid_travel_mackenzie_2021","covid_travel_mackenzie_2021_1","carpool_bc","PacTrans COVID-19 Survey (Analyzing the Long-Term Impacts of COVID-19 Disruption on Travel Patterns)",NA,NA,"In a typical month BEFORE the outbreak (e.g. in.January) how often did you use the following modes of transportation: carpool.",NA,"Never",0
"covid_travel_mackenzie_2021","covid_travel_mackenzie_2021_1","carpool_bc","PacTrans COVID-19 Survey (Analyzing the Long-Term Impacts of COVID-19 Disruption on Travel Patterns)",NA,NA,"In a typical month BEFORE the outbreak (e.g. in.January) how often did you use the following modes of transportation: carpool.",NA,"Once a month or less",1
"covid_travel_mackenzie_2021","covid_travel_mackenzie_2021_1","carpool_bc","PacTrans COVID-19 Survey (Analyzing the Long-Term Impacts of COVID-19 Disruption on Travel Patterns)",NA,NA,"In a typical month BEFORE the outbreak (e.g. in.January) how often did you use the following modes of transportation: carpool.",NA,"A few times a month",2
"covid_travel_mackenzie_2021","covid_travel_mackenzie_2021_1","carpool_bc","PacTrans COVID-19 Survey (Analyzing the Long-Term Impacts of COVID-19 Disruption on Travel Patterns)",NA,NA,"In a typical month BEFORE the outbreak (e.g. in.January) how often did you use the following modes of transportation: carpool.",NA,"1-2 days a week",3
"covid_travel_mackenzie_2021","covid_travel_mackenzie_2021_1","carpool_bc","PacTrans COVID-19 Survey (Analyzing the Long-Term Impacts of COVID-19 Disruption on Travel Patterns)",NA,NA,"In a typical month BEFORE the outbreak (e.g. in.January) how often did you use the following modes of transportation: carpool.",NA,"3-4 days a week",4
"covid_travel_mackenzie_2021","covid_travel_mackenzie_2021_1","carpool_bc","PacTrans COVID-19 Survey (Analyzing the Long-Term Impacts of COVID-19 Disruption on Travel Patterns)",NA,NA,"In a typical month BEFORE the outbreak (e.g. in.January) how often did you use the following modes of transportation: carpool.",NA,"Everyday",5
"covid_travel_mackenzie_2021","covid_travel_mackenzie_2021_1","carpool_dr","PacTrans COVID-19 Survey (Analyzing the Long-Term Impacts of COVID-19 Disruption on Travel Patterns)",NA,NA,"In the past month (i.e. DURING the outbreak) how often did you use the following modes of transportation: carpool.",NA,"Never",0
"covid_travel_mackenzie_2021","covid_travel_mackenzie_2021_1","carpool_dr","PacTrans COVID-19 Survey (Analyzing the Long-Term Impacts of COVID-19 Disruption on Travel Patterns)",NA,NA,"In the past month (i.e. DURING the outbreak) how often did you use the following modes of transportation: carpool.",NA,"Once a month or less",1
"covid_travel_mackenzie_2021","covid_travel_mackenzie_2021_1","carpool_dr","PacTrans COVID-19 Survey (Analyzing the Long-Term Impacts of COVID-19 Disruption on Travel Patterns)",NA,NA,"In the past month (i.e. DURING the outbreak) how often did you use the following modes of transportation: carpool.",NA,"A few times a month",2
"covid_travel_mackenzie_2021","covid_travel_mackenzie_2021_1","carpool_dr","PacTrans COVID-19 Survey (Analyzing the Long-Term Impacts of COVID-19 Disruption on Travel Patterns)",NA,NA,"In the past month (i.e. DURING the outbreak) how often did you use the following modes of transportation: carpool.",NA,"1-2 days a week",3
"covid_travel_mackenzie_2021","covid_travel_mackenzie_2021_1","carpool_dr","PacTrans COVID-19 Survey (Analyzing the Long-Term Impacts of COVID-19 Disruption on Travel Patterns)",NA,NA,"In the past month (i.e. DURING the outbreak) how often did you use the following modes of transportation: carpool.",NA,"3-4 days a week",4
"covid_travel_mackenzie_2021","covid_travel_mackenzie_2021_1","carpool_dr","PacTrans COVID-19 Survey (Analyzing the Long-Term Impacts of COVID-19 Disruption on Travel Patterns)",NA,NA,"In the past month (i.e. DURING the outbreak) how often did you use the following modes of transportation: carpool.",NA,"Everyday",5
"covid_travel_mackenzie_2021","covid_travel_mackenzie_2021_1","coworker_interact","PacTrans COVID-19 Survey (Analyzing the Long-Term Impacts of COVID-19 Disruption on Travel Patterns)",NA,NA,"Please rate your agreement with the following statements under today's conditions: I perform better when I interact with my co_workers in person",NA,"Strongly disagree",0
"covid_travel_mackenzie_2021","covid_travel_mackenzie_2021_1","coworker_interact","PacTrans COVID-19 Survey (Analyzing the Long-Term Impacts of COVID-19 Disruption on Travel Patterns)",NA,NA,"Please rate your agreement with the following statements under today's conditions: I perform better when I interact with my co_workers in person",NA,"Disagree",1
"covid_travel_mackenzie_2021","covid_travel_mackenzie_2021_1","coworker_interact","PacTrans COVID-19 Survey (Analyzing the Long-Term Impacts of COVID-19 Disruption on Travel Patterns)",NA,NA,"Please rate your agreement with the following statements under today's conditions: I perform better when I interact with my co_workers in person",NA,"Somewhat disagree",2
"covid_travel_mackenzie_2021","covid_travel_mackenzie_2021_1","coworker_interact","PacTrans COVID-19 Survey (Analyzing the Long-Term Impacts of COVID-19 Disruption on Travel Patterns)",NA,NA,"Please rate your agreement with the following statements under today's conditions: I perform better when I interact with my co_workers in person",NA,"Somewhat agree",3
"covid_travel_mackenzie_2021","covid_travel_mackenzie_2021_1","coworker_interact","PacTrans COVID-19 Survey (Analyzing the Long-Term Impacts of COVID-19 Disruption on Travel Patterns)",NA,NA,"Please rate your agreement with the following statements under today's conditions: I perform better when I interact with my co_workers in person",NA,"Agree",4
"covid_travel_mackenzie_2021","covid_travel_mackenzie_2021_1","coworker_interact","PacTrans COVID-19 Survey (Analyzing the Long-Term Impacts of COVID-19 Disruption on Travel Patterns)",NA,NA,"Please rate your agreement with the following statements under today's conditions: I perform better when I interact with my co_workers in person",NA,"Strongly agree",5
"covid_travel_mackenzie_2021","covid_travel_mackenzie_2021_1","crowded_bus","PacTrans COVID-19 Survey (Analyzing the Long-Term Impacts of COVID-19 Disruption on Travel Patterns)",NA,NA,"Please rate your agreement with the following statements under today's conditions: I don't mind traveling on a crowded bus.",NA,"Strongly disagree",0
"covid_travel_mackenzie_2021","covid_travel_mackenzie_2021_1","crowded_bus","PacTrans COVID-19 Survey (Analyzing the Long-Term Impacts of COVID-19 Disruption on Travel Patterns)",NA,NA,"Please rate your agreement with the following statements under today's conditions: I don't mind traveling on a crowded bus.",NA,"Disagree",1
"covid_travel_mackenzie_2021","covid_travel_mackenzie_2021_1","crowded_bus","PacTrans COVID-19 Survey (Analyzing the Long-Term Impacts of COVID-19 Disruption on Travel Patterns)",NA,NA,"Please rate your agreement with the following statements under today's conditions: I don't mind traveling on a crowded bus.",NA,"Somewhat disagree",2
"covid_travel_mackenzie_2021","covid_travel_mackenzie_2021_1","crowded_bus","PacTrans COVID-19 Survey (Analyzing the Long-Term Impacts of COVID-19 Disruption on Travel Patterns)",NA,NA,"Please rate your agreement with the following statements under today's conditions: I don't mind traveling on a crowded bus.",NA,"Somewhat agree",3
"covid_travel_mackenzie_2021","covid_travel_mackenzie_2021_1","crowded_bus","PacTrans COVID-19 Survey (Analyzing the Long-Term Impacts of COVID-19 Disruption on Travel Patterns)",NA,NA,"Please rate your agreement with the following statements under today's conditions: I don't mind traveling on a crowded bus.",NA,"Agree",4
"covid_travel_mackenzie_2021","covid_travel_mackenzie_2021_1","crowded_bus","PacTrans COVID-19 Survey (Analyzing the Long-Term Impacts of COVID-19 Disruption on Travel Patterns)",NA,NA,"Please rate your agreement with the following statements under today's conditions: I don't mind traveling on a crowded bus.",NA,"Strongly agree",5
"covid_travel_mackenzie_2021","covid_travel_mackenzie_2021_1","drive_alone_ac","PacTrans COVID-19 Survey (Analyzing the Long-Term Impacts of COVID-19 Disruption on Travel Patterns)",NA,NA,"Sometime in the future, when COVID-19 will no longer be a threat,how often do you think you will use the following modes of transportation: drive alone.",NA,"Never",0
"covid_travel_mackenzie_2021","covid_travel_mackenzie_2021_1","drive_alone_ac","PacTrans COVID-19 Survey (Analyzing the Long-Term Impacts of COVID-19 Disruption on Travel Patterns)",NA,NA,"Sometime in the future, when COVID-19 will no longer be a threat,how often do you think you will use the following modes of transportation: drive alone.",NA,"Once a month or less",1
"covid_travel_mackenzie_2021","covid_travel_mackenzie_2021_1","drive_alone_ac","PacTrans COVID-19 Survey (Analyzing the Long-Term Impacts of COVID-19 Disruption on Travel Patterns)",NA,NA,"Sometime in the future, when COVID-19 will no longer be a threat,how often do you think you will use the following modes of transportation: drive alone.",NA,"A few times a month",2
"covid_travel_mackenzie_2021","covid_travel_mackenzie_2021_1","drive_alone_ac","PacTrans COVID-19 Survey (Analyzing the Long-Term Impacts of COVID-19 Disruption on Travel Patterns)",NA,NA,"Sometime in the future, when COVID-19 will no longer be a threat,how often do you think you will use the following modes of transportation: drive alone.",NA,"1-2 days a week",3
"covid_travel_mackenzie_2021","covid_travel_mackenzie_2021_1","drive_alone_ac","PacTrans COVID-19 Survey (Analyzing the Long-Term Impacts of COVID-19 Disruption on Travel Patterns)",NA,NA,"Sometime in the future, when COVID-19 will no longer be a threat,how often do you think you will use the following modes of transportation: drive alone.",NA,"3-4 days a week",4
"covid_travel_mackenzie_2021","covid_travel_mackenzie_2021_1","drive_alone_ac","PacTrans COVID-19 Survey (Analyzing the Long-Term Impacts of COVID-19 Disruption on Travel Patterns)",NA,NA,"Sometime in the future, when COVID-19 will no longer be a threat,how often do you think you will use the following modes of transportation: drive alone.",NA,"Everyday",5
"covid_travel_mackenzie_2021","covid_travel_mackenzie_2021_1","drive_alone_bc","PacTrans COVID-19 Survey (Analyzing the Long-Term Impacts of COVID-19 Disruption on Travel Patterns)",NA,NA,"In a typical month BEFORE the outbreak (e.g. in.January) how often did you use the following modes of transportation: drive alone.",NA,"Never",0
"covid_travel_mackenzie_2021","covid_travel_mackenzie_2021_1","drive_alone_bc","PacTrans COVID-19 Survey (Analyzing the Long-Term Impacts of COVID-19 Disruption on Travel Patterns)",NA,NA,"In a typical month BEFORE the outbreak (e.g. in.January) how often did you use the following modes of transportation: drive alone.",NA,"Once a month or less",1
"covid_travel_mackenzie_2021","covid_travel_mackenzie_2021_1","drive_alone_bc","PacTrans COVID-19 Survey (Analyzing the Long-Term Impacts of COVID-19 Disruption on Travel Patterns)",NA,NA,"In a typical month BEFORE the outbreak (e.g. in.January) how often did you use the following modes of transportation: drive alone.",NA,"A few times a month",2
"covid_travel_mackenzie_2021","covid_travel_mackenzie_2021_1","drive_alone_bc","PacTrans COVID-19 Survey (Analyzing the Long-Term Impacts of COVID-19 Disruption on Travel Patterns)",NA,NA,"In a typical month BEFORE the outbreak (e.g. in.January) how often did you use the following modes of transportation: drive alone.",NA,"1-2 days a week",3
"covid_travel_mackenzie_2021","covid_travel_mackenzie_2021_1","drive_alone_bc","PacTrans COVID-19 Survey (Analyzing the Long-Term Impacts of COVID-19 Disruption on Travel Patterns)",NA,NA,"In a typical month BEFORE the outbreak (e.g. in.January) how often did you use the following modes of transportation: drive alone.",NA,"3-4 days a week",4
"covid_travel_mackenzie_2021","covid_travel_mackenzie_2021_1","drive_alone_bc","PacTrans COVID-19 Survey (Analyzing the Long-Term Impacts of COVID-19 Disruption on Travel Patterns)",NA,NA,"In a typical month BEFORE the outbreak (e.g. in.January) how often did you use the following modes of transportation: drive alone.",NA,"Everyday",5
"covid_travel_mackenzie_2021","covid_travel_mackenzie_2021_1","drive_alone_dr","PacTrans COVID-19 Survey (Analyzing the Long-Term Impacts of COVID-19 Disruption on Travel Patterns)",NA,NA,"In the past month (i.e. DURING the outbreak) how often did you use the following modes of transportation: drive alone.",NA,"Never",0
"covid_travel_mackenzie_2021","covid_travel_mackenzie_2021_1","drive_alone_dr","PacTrans COVID-19 Survey (Analyzing the Long-Term Impacts of COVID-19 Disruption on Travel Patterns)",NA,NA,"In the past month (i.e. DURING the outbreak) how often did you use the following modes of transportation: drive alone.",NA,"Once a month or less",1
"covid_travel_mackenzie_2021","covid_travel_mackenzie_2021_1","drive_alone_dr","PacTrans COVID-19 Survey (Analyzing the Long-Term Impacts of COVID-19 Disruption on Travel Patterns)",NA,NA,"In the past month (i.e. DURING the outbreak) how often did you use the following modes of transportation: drive alone.",NA,"A few times a month",2
"covid_travel_mackenzie_2021","covid_travel_mackenzie_2021_1","drive_alone_dr","PacTrans COVID-19 Survey (Analyzing the Long-Term Impacts of COVID-19 Disruption on Travel Patterns)",NA,NA,"In the past month (i.e. DURING the outbreak) how often did you use the following modes of transportation: drive alone.",NA,"1-2 days a week",3
"covid_travel_mackenzie_2021","covid_travel_mackenzie_2021_1","drive_alone_dr","PacTrans COVID-19 Survey (Analyzing the Long-Term Impacts of COVID-19 Disruption on Travel Patterns)",NA,NA,"In the past month (i.e. DURING the outbreak) how often did you use the following modes of transportation: drive alone.",NA,"3-4 days a week",4
"covid_travel_mackenzie_2021","covid_travel_mackenzie_2021_1","drive_alone_dr","PacTrans COVID-19 Survey (Analyzing the Long-Term Impacts of COVID-19 Disruption on Travel Patterns)",NA,NA,"In the past month (i.e. DURING the outbreak) how often did you use the following modes of transportation: drive alone.",NA,"Everyday",5
"covid_travel_mackenzie_2021","covid_travel_mackenzie_2021_1","face_cover_mandatory","PacTrans COVID-19 Survey (Analyzing the Long-Term Impacts of COVID-19 Disruption on Travel Patterns)",NA,NA,"Please rate your agreement with the following statements under today's conditions: Wearing face covering should be mandatory.",NA,"Strongly disagree",0
"covid_travel_mackenzie_2021","covid_travel_mackenzie_2021_1","face_cover_mandatory","PacTrans COVID-19 Survey (Analyzing the Long-Term Impacts of COVID-19 Disruption on Travel Patterns)",NA,NA,"Please rate your agreement with the following statements under today's conditions: Wearing face covering should be mandatory.",NA,"Disagree",1
"covid_travel_mackenzie_2021","covid_travel_mackenzie_2021_1","face_cover_mandatory","PacTrans COVID-19 Survey (Analyzing the Long-Term Impacts of COVID-19 Disruption on Travel Patterns)",NA,NA,"Please rate your agreement with the following statements under today's conditions: Wearing face covering should be mandatory.",NA,"Somewhat disagree",2
"covid_travel_mackenzie_2021","covid_travel_mackenzie_2021_1","face_cover_mandatory","PacTrans COVID-19 Survey (Analyzing the Long-Term Impacts of COVID-19 Disruption on Travel Patterns)",NA,NA,"Please rate your agreement with the following statements under today's conditions: Wearing face covering should be mandatory.",NA,"Somewhat agree",3
"covid_travel_mackenzie_2021","covid_travel_mackenzie_2021_1","face_cover_mandatory","PacTrans COVID-19 Survey (Analyzing the Long-Term Impacts of COVID-19 Disruption on Travel Patterns)",NA,NA,"Please rate your agreement with the following statements under today's conditions: Wearing face covering should be mandatory.",NA,"Agree",4
"covid_travel_mackenzie_2021","covid_travel_mackenzie_2021_1","face_cover_mandatory","PacTrans COVID-19 Survey (Analyzing the Long-Term Impacts of COVID-19 Disruption on Travel Patterns)",NA,NA,"Please rate your agreement with the following statements under today's conditions: Wearing face covering should be mandatory.",NA,"Strongly agree",5
"covid_travel_mackenzie_2021","covid_travel_mackenzie_2021_1","ferry_ac","PacTrans COVID-19 Survey (Analyzing the Long-Term Impacts of COVID-19 Disruption on Travel Patterns)",NA,NA,"Sometime in the future, when COVID-19 will no longer be a threat,how often do you think you will use the following modes of transportation: Ferry or Water Taxi",NA,"Never",0
"covid_travel_mackenzie_2021","covid_travel_mackenzie_2021_1","ferry_ac","PacTrans COVID-19 Survey (Analyzing the Long-Term Impacts of COVID-19 Disruption on Travel Patterns)",NA,NA,"Sometime in the future, when COVID-19 will no longer be a threat,how often do you think you will use the following modes of transportation: Ferry or Water Taxi",NA,"Once a month or less",1
"covid_travel_mackenzie_2021","covid_travel_mackenzie_2021_1","ferry_ac","PacTrans COVID-19 Survey (Analyzing the Long-Term Impacts of COVID-19 Disruption on Travel Patterns)",NA,NA,"Sometime in the future, when COVID-19 will no longer be a threat,how often do you think you will use the following modes of transportation: Ferry or Water Taxi",NA,"A few times a month",2
"covid_travel_mackenzie_2021","covid_travel_mackenzie_2021_1","ferry_ac","PacTrans COVID-19 Survey (Analyzing the Long-Term Impacts of COVID-19 Disruption on Travel Patterns)",NA,NA,"Sometime in the future, when COVID-19 will no longer be a threat,how often do you think you will use the following modes of transportation: Ferry or Water Taxi",NA,"1-2 days a week",3
"covid_travel_mackenzie_2021","covid_travel_mackenzie_2021_1","ferry_ac","PacTrans COVID-19 Survey (Analyzing the Long-Term Impacts of COVID-19 Disruption on Travel Patterns)",NA,NA,"Sometime in the future, when COVID-19 will no longer be a threat,how often do you think you will use the following modes of transportation: Ferry or Water Taxi",NA,"3-4 days a week",4
"covid_travel_mackenzie_2021","covid_travel_mackenzie_2021_1","ferry_ac","PacTrans COVID-19 Survey (Analyzing the Long-Term Impacts of COVID-19 Disruption on Travel Patterns)",NA,NA,"Sometime in the future, when COVID-19 will no longer be a threat,how often do you think you will use the following modes of transportation: Ferry or Water Taxi",NA,"Everyday",5
"covid_travel_mackenzie_2021","covid_travel_mackenzie_2021_1","ferry_bc","PacTrans COVID-19 Survey (Analyzing the Long-Term Impacts of COVID-19 Disruption on Travel Patterns)",NA,NA,"In a typical month BEFORE the outbreak (e.g. in.January) how often did you use the following modes of transportation: Ferry or Water Taxi",NA,"Never",0
"covid_travel_mackenzie_2021","covid_travel_mackenzie_2021_1","ferry_bc","PacTrans COVID-19 Survey (Analyzing the Long-Term Impacts of COVID-19 Disruption on Travel Patterns)",NA,NA,"In a typical month BEFORE the outbreak (e.g. in.January) how often did you use the following modes of transportation: Ferry or Water Taxi",NA,"Once a month or less",1
"covid_travel_mackenzie_2021","covid_travel_mackenzie_2021_1","ferry_bc","PacTrans COVID-19 Survey (Analyzing the Long-Term Impacts of COVID-19 Disruption on Travel Patterns)",NA,NA,"In a typical month BEFORE the outbreak (e.g. in.January) how often did you use the following modes of transportation: Ferry or Water Taxi",NA,"A few times a month",2
"covid_travel_mackenzie_2021","covid_travel_mackenzie_2021_1","ferry_bc","PacTrans COVID-19 Survey (Analyzing the Long-Term Impacts of COVID-19 Disruption on Travel Patterns)",NA,NA,"In a typical month BEFORE the outbreak (e.g. in.January) how often did you use the following modes of transportation: Ferry or Water Taxi",NA,"1-2 days a week",3
"covid_travel_mackenzie_2021","covid_travel_mackenzie_2021_1","ferry_bc","PacTrans COVID-19 Survey (Analyzing the Long-Term Impacts of COVID-19 Disruption on Travel Patterns)",NA,NA,"In a typical month BEFORE the outbreak (e.g. in.January) how often did you use the following modes of transportation: Ferry or Water Taxi",NA,"3-4 days a week",4
"covid_travel_mackenzie_2021","covid_travel_mackenzie_2021_1","ferry_bc","PacTrans COVID-19 Survey (Analyzing the Long-Term Impacts of COVID-19 Disruption on Travel Patterns)",NA,NA,"In a typical month BEFORE the outbreak (e.g. in.January) how often did you use the following modes of transportation: Ferry or Water Taxi",NA,"Everyday",5
"covid_travel_mackenzie_2021","covid_travel_mackenzie_2021_1","ferry_dr","PacTrans COVID-19 Survey (Analyzing the Long-Term Impacts of COVID-19 Disruption on Travel Patterns)",NA,NA,"In the past month (i.e. DURING the outbreak) how often did you use the following modes of transportation: Ferry or Water Taxi",NA,"Never",0
"covid_travel_mackenzie_2021","covid_travel_mackenzie_2021_1","ferry_dr","PacTrans COVID-19 Survey (Analyzing the Long-Term Impacts of COVID-19 Disruption on Travel Patterns)",NA,NA,"In the past month (i.e. DURING the outbreak) how often did you use the following modes of transportation: Ferry or Water Taxi",NA,"Once a month or less",1
"covid_travel_mackenzie_2021","covid_travel_mackenzie_2021_1","ferry_dr","PacTrans COVID-19 Survey (Analyzing the Long-Term Impacts of COVID-19 Disruption on Travel Patterns)",NA,NA,"In the past month (i.e. DURING the outbreak) how often did you use the following modes of transportation: Ferry or Water Taxi",NA,"A few times a month",2
"covid_travel_mackenzie_2021","covid_travel_mackenzie_2021_1","ferry_dr","PacTrans COVID-19 Survey (Analyzing the Long-Term Impacts of COVID-19 Disruption on Travel Patterns)",NA,NA,"In the past month (i.e. DURING the outbreak) how often did you use the following modes of transportation: Ferry or Water Taxi",NA,"1-2 days a week",3
"covid_travel_mackenzie_2021","covid_travel_mackenzie_2021_1","ferry_dr","PacTrans COVID-19 Survey (Analyzing the Long-Term Impacts of COVID-19 Disruption on Travel Patterns)",NA,NA,"In the past month (i.e. DURING the outbreak) how often did you use the following modes of transportation: Ferry or Water Taxi",NA,"3-4 days a week",4
"covid_travel_mackenzie_2021","covid_travel_mackenzie_2021_1","ferry_dr","PacTrans COVID-19 Survey (Analyzing the Long-Term Impacts of COVID-19 Disruption on Travel Patterns)",NA,NA,"In the past month (i.e. DURING the outbreak) how often did you use the following modes of transportation: Ferry or Water Taxi",NA,"Everyday",5
"covid_travel_mackenzie_2021","covid_travel_mackenzie_2021_1","ff_health","PacTrans COVID-19 Survey (Analyzing the Long-Term Impacts of COVID-19 Disruption on Travel Patterns)",NA,NA,"Please rate your agreement with the following statements under today's conditions: I'm concerned that friends or family will experience serious health issues if they catch the coronavirus",NA,"Strongly disagree",0
"covid_travel_mackenzie_2021","covid_travel_mackenzie_2021_1","ff_health","PacTrans COVID-19 Survey (Analyzing the Long-Term Impacts of COVID-19 Disruption on Travel Patterns)",NA,NA,"Please rate your agreement with the following statements under today's conditions: I'm concerned that friends or family will experience serious health issues if they catch the coronavirus",NA,"Disagree",1
"covid_travel_mackenzie_2021","covid_travel_mackenzie_2021_1","ff_health","PacTrans COVID-19 Survey (Analyzing the Long-Term Impacts of COVID-19 Disruption on Travel Patterns)",NA,NA,"Please rate your agreement with the following statements under today's conditions: I'm concerned that friends or family will experience serious health issues if they catch the coronavirus",NA,"Somewhat disagree",2
"covid_travel_mackenzie_2021","covid_travel_mackenzie_2021_1","ff_health","PacTrans COVID-19 Survey (Analyzing the Long-Term Impacts of COVID-19 Disruption on Travel Patterns)",NA,NA,"Please rate your agreement with the following statements under today's conditions: I'm concerned that friends or family will experience serious health issues if they catch the coronavirus",NA,"Somewhat agree",3
"covid_travel_mackenzie_2021","covid_travel_mackenzie_2021_1","ff_health","PacTrans COVID-19 Survey (Analyzing the Long-Term Impacts of COVID-19 Disruption on Travel Patterns)",NA,NA,"Please rate your agreement with the following statements under today's conditions: I'm concerned that friends or family will experience serious health issues if they catch the coronavirus",NA,"Agree",4
"covid_travel_mackenzie_2021","covid_travel_mackenzie_2021_1","ff_health","PacTrans COVID-19 Survey (Analyzing the Long-Term Impacts of COVID-19 Disruption on Travel Patterns)",NA,NA,"Please rate your agreement with the following statements under today's conditions: I'm concerned that friends or family will experience serious health issues if they catch the coronavirus",NA,"Strongly agree",5
"covid_travel_mackenzie_2021","covid_travel_mackenzie_2021_1","ff_stay_home","PacTrans COVID-19 Survey (Analyzing the Long-Term Impacts of COVID-19 Disruption on Travel Patterns)",NA,NA,"Please rate your agreement with the following statements under today's conditions: My friends and family expect me to stay at home until the coronavirus subsides",NA,"Strongly disagree",0
"covid_travel_mackenzie_2021","covid_travel_mackenzie_2021_1","ff_stay_home","PacTrans COVID-19 Survey (Analyzing the Long-Term Impacts of COVID-19 Disruption on Travel Patterns)",NA,NA,"Please rate your agreement with the following statements under today's conditions: My friends and family expect me to stay at home until the coronavirus subsides",NA,"Disagree",1
"covid_travel_mackenzie_2021","covid_travel_mackenzie_2021_1","ff_stay_home","PacTrans COVID-19 Survey (Analyzing the Long-Term Impacts of COVID-19 Disruption on Travel Patterns)",NA,NA,"Please rate your agreement with the following statements under today's conditions: My friends and family expect me to stay at home until the coronavirus subsides",NA,"Somewhat disagree",2
"covid_travel_mackenzie_2021","covid_travel_mackenzie_2021_1","ff_stay_home","PacTrans COVID-19 Survey (Analyzing the Long-Term Impacts of COVID-19 Disruption on Travel Patterns)",NA,NA,"Please rate your agreement with the following statements under today's conditions: My friends and family expect me to stay at home until the coronavirus subsides",NA,"Somewhat agree",3
"covid_travel_mackenzie_2021","covid_travel_mackenzie_2021_1","ff_stay_home","PacTrans COVID-19 Survey (Analyzing the Long-Term Impacts of COVID-19 Disruption on Travel Patterns)",NA,NA,"Please rate your agreement with the following statements under today's conditions: My friends and family expect me to stay at home until the coronavirus subsides",NA,"Agree",4
"covid_travel_mackenzie_2021","covid_travel_mackenzie_2021_1","ff_stay_home","PacTrans COVID-19 Survey (Analyzing the Long-Term Impacts of COVID-19 Disruption on Travel Patterns)",NA,NA,"Please rate your agreement with the following statements under today's conditions: My friends and family expect me to stay at home until the coronavirus subsides",NA,"Strongly agree",5
"covid_travel_mackenzie_2021","covid_travel_mackenzie_2021_1","instore_groc_ac","PacTrans COVID-19 Survey (Analyzing the Long-Term Impacts of COVID-19 Disruption on Travel Patterns)",NA,NA,"Sometime in the future, when COVID-19 will no longer be a threat, how often do you think you will shop in stores for groceries?",NA,"Never",0
"covid_travel_mackenzie_2021","covid_travel_mackenzie_2021_1","instore_groc_ac","PacTrans COVID-19 Survey (Analyzing the Long-Term Impacts of COVID-19 Disruption on Travel Patterns)",NA,NA,"Sometime in the future, when COVID-19 will no longer be a threat, how often do you think you will shop in stores for groceries?",NA,"Once a month or less",1
"covid_travel_mackenzie_2021","covid_travel_mackenzie_2021_1","instore_groc_ac","PacTrans COVID-19 Survey (Analyzing the Long-Term Impacts of COVID-19 Disruption on Travel Patterns)",NA,NA,"Sometime in the future, when COVID-19 will no longer be a threat, how often do you think you will shop in stores for groceries?",NA,"A few times a month",2
"covid_travel_mackenzie_2021","covid_travel_mackenzie_2021_1","instore_groc_ac","PacTrans COVID-19 Survey (Analyzing the Long-Term Impacts of COVID-19 Disruption on Travel Patterns)",NA,NA,"Sometime in the future, when COVID-19 will no longer be a threat, how often do you think you will shop in stores for groceries?",NA,"1-2 days a week",3
"covid_travel_mackenzie_2021","covid_travel_mackenzie_2021_1","instore_groc_ac","PacTrans COVID-19 Survey (Analyzing the Long-Term Impacts of COVID-19 Disruption on Travel Patterns)",NA,NA,"Sometime in the future, when COVID-19 will no longer be a threat, how often do you think you will shop in stores for groceries?",NA,"3-4 days a week",4
"covid_travel_mackenzie_2021","covid_travel_mackenzie_2021_1","instore_groc_ac","PacTrans COVID-19 Survey (Analyzing the Long-Term Impacts of COVID-19 Disruption on Travel Patterns)",NA,NA,"Sometime in the future, when COVID-19 will no longer be a threat, how often do you think you will shop in stores for groceries?",NA,"Everyday",5
"covid_travel_mackenzie_2021","covid_travel_mackenzie_2021_1","instore_groc_bc","PacTrans COVID-19 Survey (Analyzing the Long-Term Impacts of COVID-19 Disruption on Travel Patterns)",NA,NA,"In a typical month BEFORE the outbreak (e.g. in January) how often did you shop in stores for groceries?",NA,"Never",0
"covid_travel_mackenzie_2021","covid_travel_mackenzie_2021_1","instore_groc_bc","PacTrans COVID-19 Survey (Analyzing the Long-Term Impacts of COVID-19 Disruption on Travel Patterns)",NA,NA,"In a typical month BEFORE the outbreak (e.g. in January) how often did you shop in stores for groceries?",NA,"Once a month or less",1
"covid_travel_mackenzie_2021","covid_travel_mackenzie_2021_1","instore_groc_bc","PacTrans COVID-19 Survey (Analyzing the Long-Term Impacts of COVID-19 Disruption on Travel Patterns)",NA,NA,"In a typical month BEFORE the outbreak (e.g. in January) how often did you shop in stores for groceries?",NA,"A few times a month",2
"covid_travel_mackenzie_2021","covid_travel_mackenzie_2021_1","instore_groc_bc","PacTrans COVID-19 Survey (Analyzing the Long-Term Impacts of COVID-19 Disruption on Travel Patterns)",NA,NA,"In a typical month BEFORE the outbreak (e.g. in January) how often did you shop in stores for groceries?",NA,"1-2 days a week",3
"covid_travel_mackenzie_2021","covid_travel_mackenzie_2021_1","instore_groc_bc","PacTrans COVID-19 Survey (Analyzing the Long-Term Impacts of COVID-19 Disruption on Travel Patterns)",NA,NA,"In a typical month BEFORE the outbreak (e.g. in January) how often did you shop in stores for groceries?",NA,"3-4 days a week",4
"covid_travel_mackenzie_2021","covid_travel_mackenzie_2021_1","instore_groc_bc","PacTrans COVID-19 Survey (Analyzing the Long-Term Impacts of COVID-19 Disruption on Travel Patterns)",NA,NA,"In a typical month BEFORE the outbreak (e.g. in January) how often did you shop in stores for groceries?",NA,"Everyday",5
"covid_travel_mackenzie_2021","covid_travel_mackenzie_2021_1","instore_groc_dr","PacTrans COVID-19 Survey (Analyzing the Long-Term Impacts of COVID-19 Disruption on Travel Patterns)",NA,NA,"In the past month (i.e. DURING the outbreak) how often did you shop in stores for groceries?",NA,"Never",0
"covid_travel_mackenzie_2021","covid_travel_mackenzie_2021_1","instore_groc_dr","PacTrans COVID-19 Survey (Analyzing the Long-Term Impacts of COVID-19 Disruption on Travel Patterns)",NA,NA,"In the past month (i.e. DURING the outbreak) how often did you shop in stores for groceries?",NA,"Once a month or less",1
"covid_travel_mackenzie_2021","covid_travel_mackenzie_2021_1","instore_groc_dr","PacTrans COVID-19 Survey (Analyzing the Long-Term Impacts of COVID-19 Disruption on Travel Patterns)",NA,NA,"In the past month (i.e. DURING the outbreak) how often did you shop in stores for groceries?",NA,"A few times a month",2
"covid_travel_mackenzie_2021","covid_travel_mackenzie_2021_1","instore_groc_dr","PacTrans COVID-19 Survey (Analyzing the Long-Term Impacts of COVID-19 Disruption on Travel Patterns)",NA,NA,"In the past month (i.e. DURING the outbreak) how often did you shop in stores for groceries?",NA,"1-2 days a week",3
"covid_travel_mackenzie_2021","covid_travel_mackenzie_2021_1","instore_groc_dr","PacTrans COVID-19 Survey (Analyzing the Long-Term Impacts of COVID-19 Disruption on Travel Patterns)",NA,NA,"In the past month (i.e. DURING the outbreak) how often did you shop in stores for groceries?",NA,"3-4 days a week",4
"covid_travel_mackenzie_2021","covid_travel_mackenzie_2021_1","instore_groc_dr","PacTrans COVID-19 Survey (Analyzing the Long-Term Impacts of COVID-19 Disruption on Travel Patterns)",NA,NA,"In the past month (i.e. DURING the outbreak) how often did you shop in stores for groceries?",NA,"Everyday",5
"covid_travel_mackenzie_2021","covid_travel_mackenzie_2021_1","instore_groc_fun","PacTrans COVID-19 Survey (Analyzing the Long-Term Impacts of COVID-19 Disruption on Travel Patterns)",NA,NA,"Please rate your agreement with the following statements under today's conditions: In store grocery shopping is fun",NA,"Strongly disagree",0
"covid_travel_mackenzie_2021","covid_travel_mackenzie_2021_1","instore_groc_fun","PacTrans COVID-19 Survey (Analyzing the Long-Term Impacts of COVID-19 Disruption on Travel Patterns)",NA,NA,"Please rate your agreement with the following statements under today's conditions: In store grocery shopping is fun",NA,"Disagree",1
"covid_travel_mackenzie_2021","covid_travel_mackenzie_2021_1","instore_groc_fun","PacTrans COVID-19 Survey (Analyzing the Long-Term Impacts of COVID-19 Disruption on Travel Patterns)",NA,NA,"Please rate your agreement with the following statements under today's conditions: In store grocery shopping is fun",NA,"Somewhat disagree",2
"covid_travel_mackenzie_2021","covid_travel_mackenzie_2021_1","instore_groc_fun","PacTrans COVID-19 Survey (Analyzing the Long-Term Impacts of COVID-19 Disruption on Travel Patterns)",NA,NA,"Please rate your agreement with the following statements under today's conditions: In store grocery shopping is fun",NA,"Somewhat agree",3
"covid_travel_mackenzie_2021","covid_travel_mackenzie_2021_1","instore_groc_fun","PacTrans COVID-19 Survey (Analyzing the Long-Term Impacts of COVID-19 Disruption on Travel Patterns)",NA,NA,"Please rate your agreement with the following statements under today's conditions: In store grocery shopping is fun",NA,"Agree",4
"covid_travel_mackenzie_2021","covid_travel_mackenzie_2021_1","instore_groc_fun","PacTrans COVID-19 Survey (Analyzing the Long-Term Impacts of COVID-19 Disruption on Travel Patterns)",NA,NA,"Please rate your agreement with the following statements under today's conditions: In store grocery shopping is fun",NA,"Strongly agree",5
"covid_travel_mackenzie_2021","covid_travel_mackenzie_2021_1","instore_other_ac","PacTrans COVID-19 Survey (Analyzing the Long-Term Impacts of COVID-19 Disruption on Travel Patterns)",NA,NA,"Sometime in the future, when COVID-19 will no longer be a threat, how often do you think you will shop in stores for other items?",NA,"Never",0
"covid_travel_mackenzie_2021","covid_travel_mackenzie_2021_1","instore_other_ac","PacTrans COVID-19 Survey (Analyzing the Long-Term Impacts of COVID-19 Disruption on Travel Patterns)",NA,NA,"Sometime in the future, when COVID-19 will no longer be a threat, how often do you think you will shop in stores for other items?",NA,"Once a month or less",1
"covid_travel_mackenzie_2021","covid_travel_mackenzie_2021_1","instore_other_ac","PacTrans COVID-19 Survey (Analyzing the Long-Term Impacts of COVID-19 Disruption on Travel Patterns)",NA,NA,"Sometime in the future, when COVID-19 will no longer be a threat, how often do you think you will shop in stores for other items?",NA,"A few times a month",2
"covid_travel_mackenzie_2021","covid_travel_mackenzie_2021_1","instore_other_ac","PacTrans COVID-19 Survey (Analyzing the Long-Term Impacts of COVID-19 Disruption on Travel Patterns)",NA,NA,"Sometime in the future, when COVID-19 will no longer be a threat, how often do you think you will shop in stores for other items?",NA,"1-2 days a week",3
"covid_travel_mackenzie_2021","covid_travel_mackenzie_2021_1","instore_other_ac","PacTrans COVID-19 Survey (Analyzing the Long-Term Impacts of COVID-19 Disruption on Travel Patterns)",NA,NA,"Sometime in the future, when COVID-19 will no longer be a threat, how often do you think you will shop in stores for other items?",NA,"3-4 days a week",4
"covid_travel_mackenzie_2021","covid_travel_mackenzie_2021_1","instore_other_ac","PacTrans COVID-19 Survey (Analyzing the Long-Term Impacts of COVID-19 Disruption on Travel Patterns)",NA,NA,"Sometime in the future, when COVID-19 will no longer be a threat, how often do you think you will shop in stores for other items?",NA,"Everyday",5
"covid_travel_mackenzie_2021","covid_travel_mackenzie_2021_1","instore_other_bc","PacTrans COVID-19 Survey (Analyzing the Long-Term Impacts of COVID-19 Disruption on Travel Patterns)",NA,NA,"In a typical month BEFORE the outbreak (e.g. in January) how often did you shop in stores for other items?",NA,"Never",0
"covid_travel_mackenzie_2021","covid_travel_mackenzie_2021_1","instore_other_bc","PacTrans COVID-19 Survey (Analyzing the Long-Term Impacts of COVID-19 Disruption on Travel Patterns)",NA,NA,"In a typical month BEFORE the outbreak (e.g. in January) how often did you shop in stores for other items?",NA,"Once a month or less",1
"covid_travel_mackenzie_2021","covid_travel_mackenzie_2021_1","instore_other_bc","PacTrans COVID-19 Survey (Analyzing the Long-Term Impacts of COVID-19 Disruption on Travel Patterns)",NA,NA,"In a typical month BEFORE the outbreak (e.g. in January) how often did you shop in stores for other items?",NA,"A few times a month",2
"covid_travel_mackenzie_2021","covid_travel_mackenzie_2021_1","instore_other_bc","PacTrans COVID-19 Survey (Analyzing the Long-Term Impacts of COVID-19 Disruption on Travel Patterns)",NA,NA,"In a typical month BEFORE the outbreak (e.g. in January) how often did you shop in stores for other items?",NA,"1-2 days a week",3
"covid_travel_mackenzie_2021","covid_travel_mackenzie_2021_1","instore_other_bc","PacTrans COVID-19 Survey (Analyzing the Long-Term Impacts of COVID-19 Disruption on Travel Patterns)",NA,NA,"In a typical month BEFORE the outbreak (e.g. in January) how often did you shop in stores for other items?",NA,"3-4 days a week",4
"covid_travel_mackenzie_2021","covid_travel_mackenzie_2021_1","instore_other_bc","PacTrans COVID-19 Survey (Analyzing the Long-Term Impacts of COVID-19 Disruption on Travel Patterns)",NA,NA,"In a typical month BEFORE the outbreak (e.g. in January) how often did you shop in stores for other items?",NA,"Everyday",5
"covid_travel_mackenzie_2021","covid_travel_mackenzie_2021_1","instore_other_dr","PacTrans COVID-19 Survey (Analyzing the Long-Term Impacts of COVID-19 Disruption on Travel Patterns)",NA,NA,"In the past month (i.e. DURING the outbreak) how often did you shop in stores for other items?",NA,"Never",0
"covid_travel_mackenzie_2021","covid_travel_mackenzie_2021_1","instore_other_dr","PacTrans COVID-19 Survey (Analyzing the Long-Term Impacts of COVID-19 Disruption on Travel Patterns)",NA,NA,"In the past month (i.e. DURING the outbreak) how often did you shop in stores for other items?",NA,"Once a month or less",1
"covid_travel_mackenzie_2021","covid_travel_mackenzie_2021_1","instore_other_dr","PacTrans COVID-19 Survey (Analyzing the Long-Term Impacts of COVID-19 Disruption on Travel Patterns)",NA,NA,"In the past month (i.e. DURING the outbreak) how often did you shop in stores for other items?",NA,"A few times a month",2
"covid_travel_mackenzie_2021","covid_travel_mackenzie_2021_1","instore_other_dr","PacTrans COVID-19 Survey (Analyzing the Long-Term Impacts of COVID-19 Disruption on Travel Patterns)",NA,NA,"In the past month (i.e. DURING the outbreak) how often did you shop in stores for other items?",NA,"1-2 days a week",3
"covid_travel_mackenzie_2021","covid_travel_mackenzie_2021_1","instore_other_dr","PacTrans COVID-19 Survey (Analyzing the Long-Term Impacts of COVID-19 Disruption on Travel Patterns)",NA,NA,"In the past month (i.e. DURING the outbreak) how often did you shop in stores for other items?",NA,"3-4 days a week",4
"covid_travel_mackenzie_2021","covid_travel_mackenzie_2021_1","instore_other_dr","PacTrans COVID-19 Survey (Analyzing the Long-Term Impacts of COVID-19 Disruption on Travel Patterns)",NA,NA,"In the past month (i.e. DURING the outbreak) how often did you shop in stores for other items?",NA,"Everyday",5
"covid_travel_mackenzie_2021","covid_travel_mackenzie_2021_1","media_exag","PacTrans COVID-19 Survey (Analyzing the Long-Term Impacts of COVID-19 Disruption on Travel Patterns)",NA,NA,"Please rate your agreement with the following statements under today's conditions: Media is exaggerating the spread of the coronavirus.",NA,"Strongly disagree",0
"covid_travel_mackenzie_2021","covid_travel_mackenzie_2021_1","media_exag","PacTrans COVID-19 Survey (Analyzing the Long-Term Impacts of COVID-19 Disruption on Travel Patterns)",NA,NA,"Please rate your agreement with the following statements under today's conditions: Media is exaggerating the spread of the coronavirus.",NA,"Disagree",1
"covid_travel_mackenzie_2021","covid_travel_mackenzie_2021_1","media_exag","PacTrans COVID-19 Survey (Analyzing the Long-Term Impacts of COVID-19 Disruption on Travel Patterns)",NA,NA,"Please rate your agreement with the following statements under today's conditions: Media is exaggerating the spread of the coronavirus.",NA,"Somewhat disagree",2
"covid_travel_mackenzie_2021","covid_travel_mackenzie_2021_1","media_exag","PacTrans COVID-19 Survey (Analyzing the Long-Term Impacts of COVID-19 Disruption on Travel Patterns)",NA,NA,"Please rate your agreement with the following statements under today's conditions: Media is exaggerating the spread of the coronavirus.",NA,"Somewhat agree",3
"covid_travel_mackenzie_2021","covid_travel_mackenzie_2021_1","media_exag","PacTrans COVID-19 Survey (Analyzing the Long-Term Impacts of COVID-19 Disruption on Travel Patterns)",NA,NA,"Please rate your agreement with the following statements under today's conditions: Media is exaggerating the spread of the coronavirus.",NA,"Agree",4
"covid_travel_mackenzie_2021","covid_travel_mackenzie_2021_1","media_exag","PacTrans COVID-19 Survey (Analyzing the Long-Term Impacts of COVID-19 Disruption on Travel Patterns)",NA,NA,"Please rate your agreement with the following statements under today's conditions: Media is exaggerating the spread of the coronavirus.",NA,"Strongly agree",5
"covid_travel_mackenzie_2021","covid_travel_mackenzie_2021_1","miss_commute","PacTrans COVID-19 Survey (Analyzing the Long-Term Impacts of COVID-19 Disruption on Travel Patterns)",NA,NA,"Please rate your agreement with the following statements under today's conditions: I miss my commute",NA,"Strongly disagree",0
"covid_travel_mackenzie_2021","covid_travel_mackenzie_2021_1","miss_commute","PacTrans COVID-19 Survey (Analyzing the Long-Term Impacts of COVID-19 Disruption on Travel Patterns)",NA,NA,"Please rate your agreement with the following statements under today's conditions: I miss my commute",NA,"Disagree",1
"covid_travel_mackenzie_2021","covid_travel_mackenzie_2021_1","miss_commute","PacTrans COVID-19 Survey (Analyzing the Long-Term Impacts of COVID-19 Disruption on Travel Patterns)",NA,NA,"Please rate your agreement with the following statements under today's conditions: I miss my commute",NA,"Somewhat disagree",2
"covid_travel_mackenzie_2021","covid_travel_mackenzie_2021_1","miss_commute","PacTrans COVID-19 Survey (Analyzing the Long-Term Impacts of COVID-19 Disruption on Travel Patterns)",NA,NA,"Please rate your agreement with the following statements under today's conditions: I miss my commute",NA,"Somewhat agree",3
"covid_travel_mackenzie_2021","covid_travel_mackenzie_2021_1","miss_commute","PacTrans COVID-19 Survey (Analyzing the Long-Term Impacts of COVID-19 Disruption on Travel Patterns)",NA,NA,"Please rate your agreement with the following statements under today's conditions: I miss my commute",NA,"Agree",4
"covid_travel_mackenzie_2021","covid_travel_mackenzie_2021_1","miss_commute","PacTrans COVID-19 Survey (Analyzing the Long-Term Impacts of COVID-19 Disruption on Travel Patterns)",NA,NA,"Please rate your agreement with the following statements under today's conditions: I miss my commute",NA,"Strongly agree",5
"covid_travel_mackenzie_2021","covid_travel_mackenzie_2021_1","online_food_ac","PacTrans COVID-19 Survey (Analyzing the Long-Term Impacts of COVID-19 Disruption on Travel Patterns)",NA,NA,"Sometime in the future, when COVID-19 will no longer be a threat, how often do you think you will order food for pick up delivery from a restaurant?",NA,"Never",0
"covid_travel_mackenzie_2021","covid_travel_mackenzie_2021_1","online_food_ac","PacTrans COVID-19 Survey (Analyzing the Long-Term Impacts of COVID-19 Disruption on Travel Patterns)",NA,NA,"Sometime in the future, when COVID-19 will no longer be a threat, how often do you think you will order food for pick up delivery from a restaurant?",NA,"Once a month or less",1
"covid_travel_mackenzie_2021","covid_travel_mackenzie_2021_1","online_food_ac","PacTrans COVID-19 Survey (Analyzing the Long-Term Impacts of COVID-19 Disruption on Travel Patterns)",NA,NA,"Sometime in the future, when COVID-19 will no longer be a threat, how often do you think you will order food for pick up delivery from a restaurant?",NA,"A few times a month",2
"covid_travel_mackenzie_2021","covid_travel_mackenzie_2021_1","online_food_ac","PacTrans COVID-19 Survey (Analyzing the Long-Term Impacts of COVID-19 Disruption on Travel Patterns)",NA,NA,"Sometime in the future, when COVID-19 will no longer be a threat, how often do you think you will order food for pick up delivery from a restaurant?",NA,"1-2 days a week",3
"covid_travel_mackenzie_2021","covid_travel_mackenzie_2021_1","online_food_ac","PacTrans COVID-19 Survey (Analyzing the Long-Term Impacts of COVID-19 Disruption on Travel Patterns)",NA,NA,"Sometime in the future, when COVID-19 will no longer be a threat, how often do you think you will order food for pick up delivery from a restaurant?",NA,"3-4 days a week",4
"covid_travel_mackenzie_2021","covid_travel_mackenzie_2021_1","online_food_ac","PacTrans COVID-19 Survey (Analyzing the Long-Term Impacts of COVID-19 Disruption on Travel Patterns)",NA,NA,"Sometime in the future, when COVID-19 will no longer be a threat, how often do you think you will order food for pick up delivery from a restaurant?",NA,"Everyday",5
"covid_travel_mackenzie_2021","covid_travel_mackenzie_2021_1","online_food_bc","PacTrans COVID-19 Survey (Analyzing the Long-Term Impacts of COVID-19 Disruption on Travel Patterns)",NA,NA,"In a typical month BEFORE the outbreak (e.g. in January) how often did you order food for pick up delivery from a restaurant?",NA,"Never",0
"covid_travel_mackenzie_2021","covid_travel_mackenzie_2021_1","online_food_bc","PacTrans COVID-19 Survey (Analyzing the Long-Term Impacts of COVID-19 Disruption on Travel Patterns)",NA,NA,"In a typical month BEFORE the outbreak (e.g. in January) how often did you order food for pick up delivery from a restaurant?",NA,"Once a month or less",1
"covid_travel_mackenzie_2021","covid_travel_mackenzie_2021_1","online_food_bc","PacTrans COVID-19 Survey (Analyzing the Long-Term Impacts of COVID-19 Disruption on Travel Patterns)",NA,NA,"In a typical month BEFORE the outbreak (e.g. in January) how often did you order food for pick up delivery from a restaurant?",NA,"A few times a month",2
"covid_travel_mackenzie_2021","covid_travel_mackenzie_2021_1","online_food_bc","PacTrans COVID-19 Survey (Analyzing the Long-Term Impacts of COVID-19 Disruption on Travel Patterns)",NA,NA,"In a typical month BEFORE the outbreak (e.g. in January) how often did you order food for pick up delivery from a restaurant?",NA,"1-2 days a week",3
"covid_travel_mackenzie_2021","covid_travel_mackenzie_2021_1","online_food_bc","PacTrans COVID-19 Survey (Analyzing the Long-Term Impacts of COVID-19 Disruption on Travel Patterns)",NA,NA,"In a typical month BEFORE the outbreak (e.g. in January) how often did you order food for pick up delivery from a restaurant?",NA,"3-4 days a week",4
"covid_travel_mackenzie_2021","covid_travel_mackenzie_2021_1","online_food_bc","PacTrans COVID-19 Survey (Analyzing the Long-Term Impacts of COVID-19 Disruption on Travel Patterns)",NA,NA,"In a typical month BEFORE the outbreak (e.g. in January) how often did you order food for pick up delivery from a restaurant?",NA,"Everyday",5
"covid_travel_mackenzie_2021","covid_travel_mackenzie_2021_1","online_food_dr","PacTrans COVID-19 Survey (Analyzing the Long-Term Impacts of COVID-19 Disruption on Travel Patterns)",NA,NA,"In the past month (i.e. DURING the outbreak) how often did you order food for pick up delivery from a restaurant?",NA,"Never",0
"covid_travel_mackenzie_2021","covid_travel_mackenzie_2021_1","online_food_dr","PacTrans COVID-19 Survey (Analyzing the Long-Term Impacts of COVID-19 Disruption on Travel Patterns)",NA,NA,"In the past month (i.e. DURING the outbreak) how often did you order food for pick up delivery from a restaurant?",NA,"Once a month or less",1
"covid_travel_mackenzie_2021","covid_travel_mackenzie_2021_1","online_food_dr","PacTrans COVID-19 Survey (Analyzing the Long-Term Impacts of COVID-19 Disruption on Travel Patterns)",NA,NA,"In the past month (i.e. DURING the outbreak) how often did you order food for pick up delivery from a restaurant?",NA,"A few times a month",2
"covid_travel_mackenzie_2021","covid_travel_mackenzie_2021_1","online_food_dr","PacTrans COVID-19 Survey (Analyzing the Long-Term Impacts of COVID-19 Disruption on Travel Patterns)",NA,NA,"In the past month (i.e. DURING the outbreak) how often did you order food for pick up delivery from a restaurant?",NA,"1-2 days a week",3
"covid_travel_mackenzie_2021","covid_travel_mackenzie_2021_1","online_food_dr","PacTrans COVID-19 Survey (Analyzing the Long-Term Impacts of COVID-19 Disruption on Travel Patterns)",NA,NA,"In the past month (i.e. DURING the outbreak) how often did you order food for pick up delivery from a restaurant?",NA,"3-4 days a week",4
"covid_travel_mackenzie_2021","covid_travel_mackenzie_2021_1","online_food_dr","PacTrans COVID-19 Survey (Analyzing the Long-Term Impacts of COVID-19 Disruption on Travel Patterns)",NA,NA,"In the past month (i.e. DURING the outbreak) how often did you order food for pick up delivery from a restaurant?",NA,"Everyday",5
"covid_travel_mackenzie_2021","covid_travel_mackenzie_2021_1","online_groc_ac","PacTrans COVID-19 Survey (Analyzing the Long-Term Impacts of COVID-19 Disruption on Travel Patterns)",NA,NA,"Sometime in the future, when COVID-19 will no longer be a threat, how often do you think you will order groceries online for pick up/delivery?",NA,"Never",0
"covid_travel_mackenzie_2021","covid_travel_mackenzie_2021_1","online_groc_ac","PacTrans COVID-19 Survey (Analyzing the Long-Term Impacts of COVID-19 Disruption on Travel Patterns)",NA,NA,"Sometime in the future, when COVID-19 will no longer be a threat, how often do you think you will order groceries online for pick up/delivery?",NA,"Once a month or less",1
"covid_travel_mackenzie_2021","covid_travel_mackenzie_2021_1","online_groc_ac","PacTrans COVID-19 Survey (Analyzing the Long-Term Impacts of COVID-19 Disruption on Travel Patterns)",NA,NA,"Sometime in the future, when COVID-19 will no longer be a threat, how often do you think you will order groceries online for pick up/delivery?",NA,"A few times a month",2
"covid_travel_mackenzie_2021","covid_travel_mackenzie_2021_1","online_groc_ac","PacTrans COVID-19 Survey (Analyzing the Long-Term Impacts of COVID-19 Disruption on Travel Patterns)",NA,NA,"Sometime in the future, when COVID-19 will no longer be a threat, how often do you think you will order groceries online for pick up/delivery?",NA,"1-2 days a week",3
"covid_travel_mackenzie_2021","covid_travel_mackenzie_2021_1","online_groc_ac","PacTrans COVID-19 Survey (Analyzing the Long-Term Impacts of COVID-19 Disruption on Travel Patterns)",NA,NA,"Sometime in the future, when COVID-19 will no longer be a threat, how often do you think you will order groceries online for pick up/delivery?",NA,"3-4 days a week",4
"covid_travel_mackenzie_2021","covid_travel_mackenzie_2021_1","online_groc_ac","PacTrans COVID-19 Survey (Analyzing the Long-Term Impacts of COVID-19 Disruption on Travel Patterns)",NA,NA,"Sometime in the future, when COVID-19 will no longer be a threat, how often do you think you will order groceries online for pick up/delivery?",NA,"Everyday",5
"covid_travel_mackenzie_2021","covid_travel_mackenzie_2021_1","online_groc_bc","PacTrans COVID-19 Survey (Analyzing the Long-Term Impacts of COVID-19 Disruption on Travel Patterns)",NA,NA,"In a typical month BEFORE the outbreak (e.g. in January) how often did you order groceries online for pick up/delivery?",NA,"Never",0
"covid_travel_mackenzie_2021","covid_travel_mackenzie_2021_1","online_groc_bc","PacTrans COVID-19 Survey (Analyzing the Long-Term Impacts of COVID-19 Disruption on Travel Patterns)",NA,NA,"In a typical month BEFORE the outbreak (e.g. in January) how often did you order groceries online for pick up/delivery?",NA,"Once a month or less",1
"covid_travel_mackenzie_2021","covid_travel_mackenzie_2021_1","online_groc_bc","PacTrans COVID-19 Survey (Analyzing the Long-Term Impacts of COVID-19 Disruption on Travel Patterns)",NA,NA,"In a typical month BEFORE the outbreak (e.g. in January) how often did you order groceries online for pick up/delivery?",NA,"A few times a month",2
"covid_travel_mackenzie_2021","covid_travel_mackenzie_2021_1","online_groc_bc","PacTrans COVID-19 Survey (Analyzing the Long-Term Impacts of COVID-19 Disruption on Travel Patterns)",NA,NA,"In a typical month BEFORE the outbreak (e.g. in January) how often did you order groceries online for pick up/delivery?",NA,"1-2 days a week",3
"covid_travel_mackenzie_2021","covid_travel_mackenzie_2021_1","online_groc_bc","PacTrans COVID-19 Survey (Analyzing the Long-Term Impacts of COVID-19 Disruption on Travel Patterns)",NA,NA,"In a typical month BEFORE the outbreak (e.g. in January) how often did you order groceries online for pick up/delivery?",NA,"3-4 days a week",4
"covid_travel_mackenzie_2021","covid_travel_mackenzie_2021_1","online_groc_bc","PacTrans COVID-19 Survey (Analyzing the Long-Term Impacts of COVID-19 Disruption on Travel Patterns)",NA,NA,"In a typical month BEFORE the outbreak (e.g. in January) how often did you order groceries online for pick up/delivery?",NA,"Everyday",5
"covid_travel_mackenzie_2021","covid_travel_mackenzie_2021_1","online_groc_dr","PacTrans COVID-19 Survey (Analyzing the Long-Term Impacts of COVID-19 Disruption on Travel Patterns)",NA,NA,"In the past month (i.e. DURING the outbreak) how often did you order groceries online for pick up/delivery?",NA,"Never",0
"covid_travel_mackenzie_2021","covid_travel_mackenzie_2021_1","online_groc_dr","PacTrans COVID-19 Survey (Analyzing the Long-Term Impacts of COVID-19 Disruption on Travel Patterns)",NA,NA,"In the past month (i.e. DURING the outbreak) how often did you order groceries online for pick up/delivery?",NA,"Once a month or less",1
"covid_travel_mackenzie_2021","covid_travel_mackenzie_2021_1","online_groc_dr","PacTrans COVID-19 Survey (Analyzing the Long-Term Impacts of COVID-19 Disruption on Travel Patterns)",NA,NA,"In the past month (i.e. DURING the outbreak) how often did you order groceries online for pick up/delivery?",NA,"A few times a month",2
"covid_travel_mackenzie_2021","covid_travel_mackenzie_2021_1","online_groc_dr","PacTrans COVID-19 Survey (Analyzing the Long-Term Impacts of COVID-19 Disruption on Travel Patterns)",NA,NA,"In the past month (i.e. DURING the outbreak) how often did you order groceries online for pick up/delivery?",NA,"1-2 days a week",3
"covid_travel_mackenzie_2021","covid_travel_mackenzie_2021_1","online_groc_dr","PacTrans COVID-19 Survey (Analyzing the Long-Term Impacts of COVID-19 Disruption on Travel Patterns)",NA,NA,"In the past month (i.e. DURING the outbreak) how often did you order groceries online for pick up/delivery?",NA,"3-4 days a week",4
"covid_travel_mackenzie_2021","covid_travel_mackenzie_2021_1","online_groc_dr","PacTrans COVID-19 Survey (Analyzing the Long-Term Impacts of COVID-19 Disruption on Travel Patterns)",NA,NA,"In the past month (i.e. DURING the outbreak) how often did you order groceries online for pick up/delivery?",NA,"Everyday",5
"covid_travel_mackenzie_2021","covid_travel_mackenzie_2021_1","online_groc_pref","PacTrans COVID-19 Survey (Analyzing the Long-Term Impacts of COVID-19 Disruption on Travel Patterns)",NA,NA,"Please rate your agreement with the following statements under today's conditions: I prefer buying groceries online rather than going to the store",NA,"Strongly disagree",0
"covid_travel_mackenzie_2021","covid_travel_mackenzie_2021_1","online_groc_pref","PacTrans COVID-19 Survey (Analyzing the Long-Term Impacts of COVID-19 Disruption on Travel Patterns)",NA,NA,"Please rate your agreement with the following statements under today's conditions: I prefer buying groceries online rather than going to the store",NA,"Disagree",1
"covid_travel_mackenzie_2021","covid_travel_mackenzie_2021_1","online_groc_pref","PacTrans COVID-19 Survey (Analyzing the Long-Term Impacts of COVID-19 Disruption on Travel Patterns)",NA,NA,"Please rate your agreement with the following statements under today's conditions: I prefer buying groceries online rather than going to the store",NA,"Somewhat disagree",2
"covid_travel_mackenzie_2021","covid_travel_mackenzie_2021_1","online_groc_pref","PacTrans COVID-19 Survey (Analyzing the Long-Term Impacts of COVID-19 Disruption on Travel Patterns)",NA,NA,"Please rate your agreement with the following statements under today's conditions: I prefer buying groceries online rather than going to the store",NA,"Somewhat agree",3
"covid_travel_mackenzie_2021","covid_travel_mackenzie_2021_1","online_groc_pref","PacTrans COVID-19 Survey (Analyzing the Long-Term Impacts of COVID-19 Disruption on Travel Patterns)",NA,NA,"Please rate your agreement with the following statements under today's conditions: I prefer buying groceries online rather than going to the store",NA,"Agree",4
"covid_travel_mackenzie_2021","covid_travel_mackenzie_2021_1","online_groc_pref","PacTrans COVID-19 Survey (Analyzing the Long-Term Impacts of COVID-19 Disruption on Travel Patterns)",NA,NA,"Please rate your agreement with the following statements under today's conditions: I prefer buying groceries online rather than going to the store",NA,"Strongly agree",5
"covid_travel_mackenzie_2021","covid_travel_mackenzie_2021_1","online_meeting","PacTrans COVID-19 Survey (Analyzing the Long-Term Impacts of COVID-19 Disruption on Travel Patterns)",NA,NA,"Please rate your agreement with the following statements under today's conditions: I can efficiently replace most of my in person work meetings with online meetings",NA,"Strongly disagree",0
"covid_travel_mackenzie_2021","covid_travel_mackenzie_2021_1","online_meeting","PacTrans COVID-19 Survey (Analyzing the Long-Term Impacts of COVID-19 Disruption on Travel Patterns)",NA,NA,"Please rate your agreement with the following statements under today's conditions: I can efficiently replace most of my in person work meetings with online meetings",NA,"Disagree",1
"covid_travel_mackenzie_2021","covid_travel_mackenzie_2021_1","online_meeting","PacTrans COVID-19 Survey (Analyzing the Long-Term Impacts of COVID-19 Disruption on Travel Patterns)",NA,NA,"Please rate your agreement with the following statements under today's conditions: I can efficiently replace most of my in person work meetings with online meetings",NA,"Somewhat disagree",2
"covid_travel_mackenzie_2021","covid_travel_mackenzie_2021_1","online_meeting","PacTrans COVID-19 Survey (Analyzing the Long-Term Impacts of COVID-19 Disruption on Travel Patterns)",NA,NA,"Please rate your agreement with the following statements under today's conditions: I can efficiently replace most of my in person work meetings with online meetings",NA,"Somewhat agree",3
"covid_travel_mackenzie_2021","covid_travel_mackenzie_2021_1","online_meeting","PacTrans COVID-19 Survey (Analyzing the Long-Term Impacts of COVID-19 Disruption on Travel Patterns)",NA,NA,"Please rate your agreement with the following statements under today's conditions: I can efficiently replace most of my in person work meetings with online meetings",NA,"Agree",4
"covid_travel_mackenzie_2021","covid_travel_mackenzie_2021_1","online_meeting","PacTrans COVID-19 Survey (Analyzing the Long-Term Impacts of COVID-19 Disruption on Travel Patterns)",NA,NA,"Please rate your agreement with the following statements under today's conditions: I can efficiently replace most of my in person work meetings with online meetings",NA,"Strongly agree",5
"covid_travel_mackenzie_2021","covid_travel_mackenzie_2021_1","online_other_ac","PacTrans COVID-19 Survey (Analyzing the Long-Term Impacts of COVID-19 Disruption on Travel Patterns)",NA,NA,"Sometime in the future, when COVID-19 will no longer be a threat, how often do you think you will order other items online for pick up delivery?",NA,"Never",0
"covid_travel_mackenzie_2021","covid_travel_mackenzie_2021_1","online_other_ac","PacTrans COVID-19 Survey (Analyzing the Long-Term Impacts of COVID-19 Disruption on Travel Patterns)",NA,NA,"Sometime in the future, when COVID-19 will no longer be a threat, how often do you think you will order other items online for pick up delivery?",NA,"Once a month or less",1
"covid_travel_mackenzie_2021","covid_travel_mackenzie_2021_1","online_other_ac","PacTrans COVID-19 Survey (Analyzing the Long-Term Impacts of COVID-19 Disruption on Travel Patterns)",NA,NA,"Sometime in the future, when COVID-19 will no longer be a threat, how often do you think you will order other items online for pick up delivery?",NA,"A few times a month",2
"covid_travel_mackenzie_2021","covid_travel_mackenzie_2021_1","online_other_ac","PacTrans COVID-19 Survey (Analyzing the Long-Term Impacts of COVID-19 Disruption on Travel Patterns)",NA,NA,"Sometime in the future, when COVID-19 will no longer be a threat, how often do you think you will order other items online for pick up delivery?",NA,"1-2 days a week",3
"covid_travel_mackenzie_2021","covid_travel_mackenzie_2021_1","online_other_ac","PacTrans COVID-19 Survey (Analyzing the Long-Term Impacts of COVID-19 Disruption on Travel Patterns)",NA,NA,"Sometime in the future, when COVID-19 will no longer be a threat, how often do you think you will order other items online for pick up delivery?",NA,"3-4 days a week",4
"covid_travel_mackenzie_2021","covid_travel_mackenzie_2021_1","online_other_ac","PacTrans COVID-19 Survey (Analyzing the Long-Term Impacts of COVID-19 Disruption on Travel Patterns)",NA,NA,"Sometime in the future, when COVID-19 will no longer be a threat, how often do you think you will order other items online for pick up delivery?",NA,"Everyday",5
"covid_travel_mackenzie_2021","covid_travel_mackenzie_2021_1","online_other_bc","PacTrans COVID-19 Survey (Analyzing the Long-Term Impacts of COVID-19 Disruption on Travel Patterns)",NA,NA,"In a typical month BEFORE the outbreak (e.g. in January) how often did you order other items online for pick up delivery?",NA,"Never",0
"covid_travel_mackenzie_2021","covid_travel_mackenzie_2021_1","online_other_bc","PacTrans COVID-19 Survey (Analyzing the Long-Term Impacts of COVID-19 Disruption on Travel Patterns)",NA,NA,"In a typical month BEFORE the outbreak (e.g. in January) how often did you order other items online for pick up delivery?",NA,"Once a month or less",1
"covid_travel_mackenzie_2021","covid_travel_mackenzie_2021_1","online_other_bc","PacTrans COVID-19 Survey (Analyzing the Long-Term Impacts of COVID-19 Disruption on Travel Patterns)",NA,NA,"In a typical month BEFORE the outbreak (e.g. in January) how often did you order other items online for pick up delivery?",NA,"A few times a month",2
"covid_travel_mackenzie_2021","covid_travel_mackenzie_2021_1","online_other_bc","PacTrans COVID-19 Survey (Analyzing the Long-Term Impacts of COVID-19 Disruption on Travel Patterns)",NA,NA,"In a typical month BEFORE the outbreak (e.g. in January) how often did you order other items online for pick up delivery?",NA,"1-2 days a week",3
"covid_travel_mackenzie_2021","covid_travel_mackenzie_2021_1","online_other_bc","PacTrans COVID-19 Survey (Analyzing the Long-Term Impacts of COVID-19 Disruption on Travel Patterns)",NA,NA,"In a typical month BEFORE the outbreak (e.g. in January) how often did you order other items online for pick up delivery?",NA,"3-4 days a week",4
"covid_travel_mackenzie_2021","covid_travel_mackenzie_2021_1","online_other_bc","PacTrans COVID-19 Survey (Analyzing the Long-Term Impacts of COVID-19 Disruption on Travel Patterns)",NA,NA,"In a typical month BEFORE the outbreak (e.g. in January) how often did you order other items online for pick up delivery?",NA,"Everyday",5
"covid_travel_mackenzie_2021","covid_travel_mackenzie_2021_1","online_other_dr","PacTrans COVID-19 Survey (Analyzing the Long-Term Impacts of COVID-19 Disruption on Travel Patterns)",NA,NA,"In the past month (i.e. DURING the outbreak) how often did you order other items online for pick up delivery?",NA,"Never",0
"covid_travel_mackenzie_2021","covid_travel_mackenzie_2021_1","online_other_dr","PacTrans COVID-19 Survey (Analyzing the Long-Term Impacts of COVID-19 Disruption on Travel Patterns)",NA,NA,"In the past month (i.e. DURING the outbreak) how often did you order other items online for pick up delivery?",NA,"Once a month or less",1
"covid_travel_mackenzie_2021","covid_travel_mackenzie_2021_1","online_other_dr","PacTrans COVID-19 Survey (Analyzing the Long-Term Impacts of COVID-19 Disruption on Travel Patterns)",NA,NA,"In the past month (i.e. DURING the outbreak) how often did you order other items online for pick up delivery?",NA,"A few times a month",2
"covid_travel_mackenzie_2021","covid_travel_mackenzie_2021_1","online_other_dr","PacTrans COVID-19 Survey (Analyzing the Long-Term Impacts of COVID-19 Disruption on Travel Patterns)",NA,NA,"In the past month (i.e. DURING the outbreak) how often did you order other items online for pick up delivery?",NA,"1-2 days a week",3
"covid_travel_mackenzie_2021","covid_travel_mackenzie_2021_1","online_other_dr","PacTrans COVID-19 Survey (Analyzing the Long-Term Impacts of COVID-19 Disruption on Travel Patterns)",NA,NA,"In the past month (i.e. DURING the outbreak) how often did you order other items online for pick up delivery?",NA,"3-4 days a week",4
"covid_travel_mackenzie_2021","covid_travel_mackenzie_2021_1","online_other_dr","PacTrans COVID-19 Survey (Analyzing the Long-Term Impacts of COVID-19 Disruption on Travel Patterns)",NA,NA,"In the past month (i.e. DURING the outbreak) how often did you order other items online for pick up delivery?",NA,"Everyday",5
"covid_travel_mackenzie_2021","covid_travel_mackenzie_2021_1","online_shop_conv","PacTrans COVID-19 Survey (Analyzing the Long-Term Impacts of COVID-19 Disruption on Travel Patterns)",NA,NA,"Please rate your agreement with the following statements under today's conditions: Shopping online is convenient",NA,"Strongly disagree",0
"covid_travel_mackenzie_2021","covid_travel_mackenzie_2021_1","online_shop_conv","PacTrans COVID-19 Survey (Analyzing the Long-Term Impacts of COVID-19 Disruption on Travel Patterns)",NA,NA,"Please rate your agreement with the following statements under today's conditions: Shopping online is convenient",NA,"Disagree",1
"covid_travel_mackenzie_2021","covid_travel_mackenzie_2021_1","online_shop_conv","PacTrans COVID-19 Survey (Analyzing the Long-Term Impacts of COVID-19 Disruption on Travel Patterns)",NA,NA,"Please rate your agreement with the following statements under today's conditions: Shopping online is convenient",NA,"Somewhat disagree",2
"covid_travel_mackenzie_2021","covid_travel_mackenzie_2021_1","online_shop_conv","PacTrans COVID-19 Survey (Analyzing the Long-Term Impacts of COVID-19 Disruption on Travel Patterns)",NA,NA,"Please rate your agreement with the following statements under today's conditions: Shopping online is convenient",NA,"Somewhat agree",3
"covid_travel_mackenzie_2021","covid_travel_mackenzie_2021_1","online_shop_conv","PacTrans COVID-19 Survey (Analyzing the Long-Term Impacts of COVID-19 Disruption on Travel Patterns)",NA,NA,"Please rate your agreement with the following statements under today's conditions: Shopping online is convenient",NA,"Agree",4
"covid_travel_mackenzie_2021","covid_travel_mackenzie_2021_1","online_shop_conv","PacTrans COVID-19 Survey (Analyzing the Long-Term Impacts of COVID-19 Disruption on Travel Patterns)",NA,NA,"Please rate your agreement with the following statements under today's conditions: Shopping online is convenient",NA,"Strongly agree",5
"covid_travel_mackenzie_2021","covid_travel_mackenzie_2021_1","personal_space","PacTrans COVID-19 Survey (Analyzing the Long-Term Impacts of COVID-19 Disruption on Travel Patterns)",NA,NA,"Please rate your agreement with the following statements under today's conditions: Personal space is important to me when I travel",NA,"Strongly disagree",0
"covid_travel_mackenzie_2021","covid_travel_mackenzie_2021_1","personal_space","PacTrans COVID-19 Survey (Analyzing the Long-Term Impacts of COVID-19 Disruption on Travel Patterns)",NA,NA,"Please rate your agreement with the following statements under today's conditions: Personal space is important to me when I travel",NA,"Disagree",1
"covid_travel_mackenzie_2021","covid_travel_mackenzie_2021_1","personal_space","PacTrans COVID-19 Survey (Analyzing the Long-Term Impacts of COVID-19 Disruption on Travel Patterns)",NA,NA,"Please rate your agreement with the following statements under today's conditions: Personal space is important to me when I travel",NA,"Somewhat disagree",2
"covid_travel_mackenzie_2021","covid_travel_mackenzie_2021_1","personal_space","PacTrans COVID-19 Survey (Analyzing the Long-Term Impacts of COVID-19 Disruption on Travel Patterns)",NA,NA,"Please rate your agreement with the following statements under today's conditions: Personal space is important to me when I travel",NA,"Somewhat agree",3
"covid_travel_mackenzie_2021","covid_travel_mackenzie_2021_1","personal_space","PacTrans COVID-19 Survey (Analyzing the Long-Term Impacts of COVID-19 Disruption on Travel Patterns)",NA,NA,"Please rate your agreement with the following statements under today's conditions: Personal space is important to me when I travel",NA,"Agree",4
"covid_travel_mackenzie_2021","covid_travel_mackenzie_2021_1","personal_space","PacTrans COVID-19 Survey (Analyzing the Long-Term Impacts of COVID-19 Disruption on Travel Patterns)",NA,NA,"Please rate your agreement with the following statements under today's conditions: Personal space is important to me when I travel",NA,"Strongly agree",5
"covid_travel_mackenzie_2021","covid_travel_mackenzie_2021_1","physical_dist","PacTrans COVID-19 Survey (Analyzing the Long-Term Impacts of COVID-19 Disruption on Travel Patterns)",NA,NA,"Please rate your agreement with the following statements under today's conditions: Physical distancing is an efficient approach for controlling the coronavirus",NA,"Strongly disagree",0
"covid_travel_mackenzie_2021","covid_travel_mackenzie_2021_1","physical_dist","PacTrans COVID-19 Survey (Analyzing the Long-Term Impacts of COVID-19 Disruption on Travel Patterns)",NA,NA,"Please rate your agreement with the following statements under today's conditions: Physical distancing is an efficient approach for controlling the coronavirus",NA,"Disagree",1
"covid_travel_mackenzie_2021","covid_travel_mackenzie_2021_1","physical_dist","PacTrans COVID-19 Survey (Analyzing the Long-Term Impacts of COVID-19 Disruption on Travel Patterns)",NA,NA,"Please rate your agreement with the following statements under today's conditions: Physical distancing is an efficient approach for controlling the coronavirus",NA,"Somewhat disagree",2
"covid_travel_mackenzie_2021","covid_travel_mackenzie_2021_1","physical_dist","PacTrans COVID-19 Survey (Analyzing the Long-Term Impacts of COVID-19 Disruption on Travel Patterns)",NA,NA,"Please rate your agreement with the following statements under today's conditions: Physical distancing is an efficient approach for controlling the coronavirus",NA,"Somewhat agree",3
"covid_travel_mackenzie_2021","covid_travel_mackenzie_2021_1","physical_dist","PacTrans COVID-19 Survey (Analyzing the Long-Term Impacts of COVID-19 Disruption on Travel Patterns)",NA,NA,"Please rate your agreement with the following statements under today's conditions: Physical distancing is an efficient approach for controlling the coronavirus",NA,"Agree",4
"covid_travel_mackenzie_2021","covid_travel_mackenzie_2021_1","physical_dist","PacTrans COVID-19 Survey (Analyzing the Long-Term Impacts of COVID-19 Disruption on Travel Patterns)",NA,NA,"Please rate your agreement with the following statements under today's conditions: Physical distancing is an efficient approach for controlling the coronavirus",NA,"Strongly agree",5
"covid_travel_mackenzie_2021","covid_travel_mackenzie_2021_1","physical_purchase","PacTrans COVID-19 Survey (Analyzing the Long-Term Impacts of COVID-19 Disruption on Travel Patterns)",NA,NA,"Please rate your agreement with the following statements under today's conditions: It is important to me to physically check out items before buying them",NA,"Strongly disagree",0
"covid_travel_mackenzie_2021","covid_travel_mackenzie_2021_1","physical_purchase","PacTrans COVID-19 Survey (Analyzing the Long-Term Impacts of COVID-19 Disruption on Travel Patterns)",NA,NA,"Please rate your agreement with the following statements under today's conditions: It is important to me to physically check out items before buying them",NA,"Disagree",1
"covid_travel_mackenzie_2021","covid_travel_mackenzie_2021_1","physical_purchase","PacTrans COVID-19 Survey (Analyzing the Long-Term Impacts of COVID-19 Disruption on Travel Patterns)",NA,NA,"Please rate your agreement with the following statements under today's conditions: It is important to me to physically check out items before buying them",NA,"Somewhat disagree",2
"covid_travel_mackenzie_2021","covid_travel_mackenzie_2021_1","physical_purchase","PacTrans COVID-19 Survey (Analyzing the Long-Term Impacts of COVID-19 Disruption on Travel Patterns)",NA,NA,"Please rate your agreement with the following statements under today's conditions: It is important to me to physically check out items before buying them",NA,"Somewhat agree",3
"covid_travel_mackenzie_2021","covid_travel_mackenzie_2021_1","physical_purchase","PacTrans COVID-19 Survey (Analyzing the Long-Term Impacts of COVID-19 Disruption on Travel Patterns)",NA,NA,"Please rate your agreement with the following statements under today's conditions: It is important to me to physically check out items before buying them",NA,"Agree",4
"covid_travel_mackenzie_2021","covid_travel_mackenzie_2021_1","physical_purchase","PacTrans COVID-19 Survey (Analyzing the Long-Term Impacts of COVID-19 Disruption on Travel Patterns)",NA,NA,"Please rate your agreement with the following statements under today's conditions: It is important to me to physically check out items before buying them",NA,"Strongly agree",5
"covid_travel_mackenzie_2021","covid_travel_mackenzie_2021_1","restaurant_ac","PacTrans COVID-19 Survey (Analyzing the Long-Term Impacts of COVID-19 Disruption on Travel Patterns)",NA,NA,"Sometime in the future, when COVID-19 will no longer be a threat, how often do you think you will eat a meal in a restaurant?",NA,"Never",0
"covid_travel_mackenzie_2021","covid_travel_mackenzie_2021_1","restaurant_ac","PacTrans COVID-19 Survey (Analyzing the Long-Term Impacts of COVID-19 Disruption on Travel Patterns)",NA,NA,"Sometime in the future, when COVID-19 will no longer be a threat, how often do you think you will eat a meal in a restaurant?",NA,"Once a month or less",1
"covid_travel_mackenzie_2021","covid_travel_mackenzie_2021_1","restaurant_ac","PacTrans COVID-19 Survey (Analyzing the Long-Term Impacts of COVID-19 Disruption on Travel Patterns)",NA,NA,"Sometime in the future, when COVID-19 will no longer be a threat, how often do you think you will eat a meal in a restaurant?",NA,"A few times a month",2
"covid_travel_mackenzie_2021","covid_travel_mackenzie_2021_1","restaurant_ac","PacTrans COVID-19 Survey (Analyzing the Long-Term Impacts of COVID-19 Disruption on Travel Patterns)",NA,NA,"Sometime in the future, when COVID-19 will no longer be a threat, how often do you think you will eat a meal in a restaurant?",NA,"1-2 days a week",3
"covid_travel_mackenzie_2021","covid_travel_mackenzie_2021_1","restaurant_ac","PacTrans COVID-19 Survey (Analyzing the Long-Term Impacts of COVID-19 Disruption on Travel Patterns)",NA,NA,"Sometime in the future, when COVID-19 will no longer be a threat, how often do you think you will eat a meal in a restaurant?",NA,"3-4 days a week",4
"covid_travel_mackenzie_2021","covid_travel_mackenzie_2021_1","restaurant_ac","PacTrans COVID-19 Survey (Analyzing the Long-Term Impacts of COVID-19 Disruption on Travel Patterns)",NA,NA,"Sometime in the future, when COVID-19 will no longer be a threat, how often do you think you will eat a meal in a restaurant?",NA,"Everyday",5
"covid_travel_mackenzie_2021","covid_travel_mackenzie_2021_1","restaurant_bc","PacTrans COVID-19 Survey (Analyzing the Long-Term Impacts of COVID-19 Disruption on Travel Patterns)",NA,NA,"In a typical month BEFORE the outbreak (e.g. in January) how often did you eat a meal in a restaurant?",NA,"Never",0
"covid_travel_mackenzie_2021","covid_travel_mackenzie_2021_1","restaurant_bc","PacTrans COVID-19 Survey (Analyzing the Long-Term Impacts of COVID-19 Disruption on Travel Patterns)",NA,NA,"In a typical month BEFORE the outbreak (e.g. in January) how often did you eat a meal in a restaurant?",NA,"Once a month or less",1
"covid_travel_mackenzie_2021","covid_travel_mackenzie_2021_1","restaurant_bc","PacTrans COVID-19 Survey (Analyzing the Long-Term Impacts of COVID-19 Disruption on Travel Patterns)",NA,NA,"In a typical month BEFORE the outbreak (e.g. in January) how often did you eat a meal in a restaurant?",NA,"A few times a month",2
"covid_travel_mackenzie_2021","covid_travel_mackenzie_2021_1","restaurant_bc","PacTrans COVID-19 Survey (Analyzing the Long-Term Impacts of COVID-19 Disruption on Travel Patterns)",NA,NA,"In a typical month BEFORE the outbreak (e.g. in January) how often did you eat a meal in a restaurant?",NA,"1-2 days a week",3
"covid_travel_mackenzie_2021","covid_travel_mackenzie_2021_1","restaurant_bc","PacTrans COVID-19 Survey (Analyzing the Long-Term Impacts of COVID-19 Disruption on Travel Patterns)",NA,NA,"In a typical month BEFORE the outbreak (e.g. in January) how often did you eat a meal in a restaurant?",NA,"3-4 days a week",4
"covid_travel_mackenzie_2021","covid_travel_mackenzie_2021_1","restaurant_bc","PacTrans COVID-19 Survey (Analyzing the Long-Term Impacts of COVID-19 Disruption on Travel Patterns)",NA,NA,"In a typical month BEFORE the outbreak (e.g. in January) how often did you eat a meal in a restaurant?",NA,"Everyday",5
"covid_travel_mackenzie_2021","covid_travel_mackenzie_2021_1","restaurant_dr","PacTrans COVID-19 Survey (Analyzing the Long-Term Impacts of COVID-19 Disruption on Travel Patterns)",NA,NA,"In the past month (i.e. DURING the outbreak) how often did you eat a meal in a restaurant?",NA,"Never",0
"covid_travel_mackenzie_2021","covid_travel_mackenzie_2021_1","restaurant_dr","PacTrans COVID-19 Survey (Analyzing the Long-Term Impacts of COVID-19 Disruption on Travel Patterns)",NA,NA,"In the past month (i.e. DURING the outbreak) how often did you eat a meal in a restaurant?",NA,"Once a month or less",1
"covid_travel_mackenzie_2021","covid_travel_mackenzie_2021_1","restaurant_dr","PacTrans COVID-19 Survey (Analyzing the Long-Term Impacts of COVID-19 Disruption on Travel Patterns)",NA,NA,"In the past month (i.e. DURING the outbreak) how often did you eat a meal in a restaurant?",NA,"A few times a month",2
"covid_travel_mackenzie_2021","covid_travel_mackenzie_2021_1","restaurant_dr","PacTrans COVID-19 Survey (Analyzing the Long-Term Impacts of COVID-19 Disruption on Travel Patterns)",NA,NA,"In the past month (i.e. DURING the outbreak) how often did you eat a meal in a restaurant?",NA,"1-2 days a week",3
"covid_travel_mackenzie_2021","covid_travel_mackenzie_2021_1","restaurant_dr","PacTrans COVID-19 Survey (Analyzing the Long-Term Impacts of COVID-19 Disruption on Travel Patterns)",NA,NA,"In the past month (i.e. DURING the outbreak) how often did you eat a meal in a restaurant?",NA,"3-4 days a week",4
"covid_travel_mackenzie_2021","covid_travel_mackenzie_2021_1","restaurant_dr","PacTrans COVID-19 Survey (Analyzing the Long-Term Impacts of COVID-19 Disruption on Travel Patterns)",NA,NA,"In the past month (i.e. DURING the outbreak) how often did you eat a meal in a restaurant?",NA,"Everyday",5
"covid_travel_mackenzie_2021","covid_travel_mackenzie_2021_1","restaurant_fun","PacTrans COVID-19 Survey (Analyzing the Long-Term Impacts of COVID-19 Disruption on Travel Patterns)",NA,NA,"Please rate your agreement with the following statements under today's conditions:  Eating in restaurants is a fun leisure activity",NA,"Strongly disagree",0
"covid_travel_mackenzie_2021","covid_travel_mackenzie_2021_1","restaurant_fun","PacTrans COVID-19 Survey (Analyzing the Long-Term Impacts of COVID-19 Disruption on Travel Patterns)",NA,NA,"Please rate your agreement with the following statements under today's conditions:  Eating in restaurants is a fun leisure activity",NA,"Disagree",1
"covid_travel_mackenzie_2021","covid_travel_mackenzie_2021_1","restaurant_fun","PacTrans COVID-19 Survey (Analyzing the Long-Term Impacts of COVID-19 Disruption on Travel Patterns)",NA,NA,"Please rate your agreement with the following statements under today's conditions:  Eating in restaurants is a fun leisure activity",NA,"Somewhat disagree",2
"covid_travel_mackenzie_2021","covid_travel_mackenzie_2021_1","restaurant_fun","PacTrans COVID-19 Survey (Analyzing the Long-Term Impacts of COVID-19 Disruption on Travel Patterns)",NA,NA,"Please rate your agreement with the following statements under today's conditions:  Eating in restaurants is a fun leisure activity",NA,"Somewhat agree",3
"covid_travel_mackenzie_2021","covid_travel_mackenzie_2021_1","restaurant_fun","PacTrans COVID-19 Survey (Analyzing the Long-Term Impacts of COVID-19 Disruption on Travel Patterns)",NA,NA,"Please rate your agreement with the following statements under today's conditions:  Eating in restaurants is a fun leisure activity",NA,"Agree",4
"covid_travel_mackenzie_2021","covid_travel_mackenzie_2021_1","restaurant_fun","PacTrans COVID-19 Survey (Analyzing the Long-Term Impacts of COVID-19 Disruption on Travel Patterns)",NA,NA,"Please rate your agreement with the following statements under today's conditions:  Eating in restaurants is a fun leisure activity",NA,"Strongly agree",5
"covid_travel_mackenzie_2021","covid_travel_mackenzie_2021_1","rideshare_stranger","PacTrans COVID-19 Survey (Analyzing the Long-Term Impacts of COVID-19 Disruption on Travel Patterns)",NA,NA,"Please rate your agreement with the following statements under today's conditions: I'm comfortable sharing a ride with a stranger",NA,"Strongly disagree",0
"covid_travel_mackenzie_2021","covid_travel_mackenzie_2021_1","rideshare_stranger","PacTrans COVID-19 Survey (Analyzing the Long-Term Impacts of COVID-19 Disruption on Travel Patterns)",NA,NA,"Please rate your agreement with the following statements under today's conditions: I'm comfortable sharing a ride with a stranger",NA,"Disagree",1
"covid_travel_mackenzie_2021","covid_travel_mackenzie_2021_1","rideshare_stranger","PacTrans COVID-19 Survey (Analyzing the Long-Term Impacts of COVID-19 Disruption on Travel Patterns)",NA,NA,"Please rate your agreement with the following statements under today's conditions: I'm comfortable sharing a ride with a stranger",NA,"Somewhat disagree",2
"covid_travel_mackenzie_2021","covid_travel_mackenzie_2021_1","rideshare_stranger","PacTrans COVID-19 Survey (Analyzing the Long-Term Impacts of COVID-19 Disruption on Travel Patterns)",NA,NA,"Please rate your agreement with the following statements under today's conditions: I'm comfortable sharing a ride with a stranger",NA,"Somewhat agree",3
"covid_travel_mackenzie_2021","covid_travel_mackenzie_2021_1","rideshare_stranger","PacTrans COVID-19 Survey (Analyzing the Long-Term Impacts of COVID-19 Disruption on Travel Patterns)",NA,NA,"Please rate your agreement with the following statements under today's conditions: I'm comfortable sharing a ride with a stranger",NA,"Agree",4
"covid_travel_mackenzie_2021","covid_travel_mackenzie_2021_1","rideshare_stranger","PacTrans COVID-19 Survey (Analyzing the Long-Term Impacts of COVID-19 Disruption on Travel Patterns)",NA,NA,"Please rate your agreement with the following statements under today's conditions: I'm comfortable sharing a ride with a stranger",NA,"Strongly agree",5
"covid_travel_mackenzie_2021","covid_travel_mackenzie_2021_1","save_money","PacTrans COVID-19 Survey (Analyzing the Long-Term Impacts of COVID-19 Disruption on Travel Patterns)",NA,NA,"Please rate your agreement with the following statements under today's conditions: I would like to share rides with others if it saves money",NA,"Strongly disagree",0
"covid_travel_mackenzie_2021","covid_travel_mackenzie_2021_1","save_money","PacTrans COVID-19 Survey (Analyzing the Long-Term Impacts of COVID-19 Disruption on Travel Patterns)",NA,NA,"Please rate your agreement with the following statements under today's conditions: I would like to share rides with others if it saves money",NA,"Disagree",1
"covid_travel_mackenzie_2021","covid_travel_mackenzie_2021_1","save_money","PacTrans COVID-19 Survey (Analyzing the Long-Term Impacts of COVID-19 Disruption on Travel Patterns)",NA,NA,"Please rate your agreement with the following statements under today's conditions: I would like to share rides with others if it saves money",NA,"Somewhat disagree",2
"covid_travel_mackenzie_2021","covid_travel_mackenzie_2021_1","save_money","PacTrans COVID-19 Survey (Analyzing the Long-Term Impacts of COVID-19 Disruption on Travel Patterns)",NA,NA,"Please rate your agreement with the following statements under today's conditions: I would like to share rides with others if it saves money",NA,"Somewhat agree",3
"covid_travel_mackenzie_2021","covid_travel_mackenzie_2021_1","save_money","PacTrans COVID-19 Survey (Analyzing the Long-Term Impacts of COVID-19 Disruption on Travel Patterns)",NA,NA,"Please rate your agreement with the following statements under today's conditions: I would like to share rides with others if it saves money",NA,"Agree",4
"covid_travel_mackenzie_2021","covid_travel_mackenzie_2021_1","save_money","PacTrans COVID-19 Survey (Analyzing the Long-Term Impacts of COVID-19 Disruption on Travel Patterns)",NA,NA,"Please rate your agreement with the following statements under today's conditions: I would like to share rides with others if it saves money",NA,"Strongly agree",5
"covid_travel_mackenzie_2021","covid_travel_mackenzie_2021_1","shareach_ac","PacTrans COVID-19 Survey (Analyzing the Long-Term Impacts of COVID-19 Disruption on Travel Patterns)",NA,NA,"Sometime in the future, when COVID-19 will no longer be a threat,how often do you think you will use the following modes of transportation: Shared Ridehail (e.g. UberPool, Lyft Shared)",NA,"Never",0
"covid_travel_mackenzie_2021","covid_travel_mackenzie_2021_1","shareach_ac","PacTrans COVID-19 Survey (Analyzing the Long-Term Impacts of COVID-19 Disruption on Travel Patterns)",NA,NA,"Sometime in the future, when COVID-19 will no longer be a threat,how often do you think you will use the following modes of transportation: Shared Ridehail (e.g. UberPool, Lyft Shared)",NA,"Once a month or less",1
"covid_travel_mackenzie_2021","covid_travel_mackenzie_2021_1","shareach_ac","PacTrans COVID-19 Survey (Analyzing the Long-Term Impacts of COVID-19 Disruption on Travel Patterns)",NA,NA,"Sometime in the future, when COVID-19 will no longer be a threat,how often do you think you will use the following modes of transportation: Shared Ridehail (e.g. UberPool, Lyft Shared)",NA,"A few times a month",2
"covid_travel_mackenzie_2021","covid_travel_mackenzie_2021_1","shareach_ac","PacTrans COVID-19 Survey (Analyzing the Long-Term Impacts of COVID-19 Disruption on Travel Patterns)",NA,NA,"Sometime in the future, when COVID-19 will no longer be a threat,how often do you think you will use the following modes of transportation: Shared Ridehail (e.g. UberPool, Lyft Shared)",NA,"1-2 days a week",3
"covid_travel_mackenzie_2021","covid_travel_mackenzie_2021_1","shareach_ac","PacTrans COVID-19 Survey (Analyzing the Long-Term Impacts of COVID-19 Disruption on Travel Patterns)",NA,NA,"Sometime in the future, when COVID-19 will no longer be a threat,how often do you think you will use the following modes of transportation: Shared Ridehail (e.g. UberPool, Lyft Shared)",NA,"3-4 days a week",4
"covid_travel_mackenzie_2021","covid_travel_mackenzie_2021_1","shareach_ac","PacTrans COVID-19 Survey (Analyzing the Long-Term Impacts of COVID-19 Disruption on Travel Patterns)",NA,NA,"Sometime in the future, when COVID-19 will no longer be a threat,how often do you think you will use the following modes of transportation: Shared Ridehail (e.g. UberPool, Lyft Shared)",NA,"Everyday",5
"covid_travel_mackenzie_2021","covid_travel_mackenzie_2021_1","shared_bike_scooter_ac","PacTrans COVID-19 Survey (Analyzing the Long-Term Impacts of COVID-19 Disruption on Travel Patterns)",NA,NA,"Sometime in the future, when COVID-19 will no longer be a threat,how often do you think you will use the following modes of transportation: Shared bike or scooter (Lime, JUMP, etc)",NA,"Never",0
"covid_travel_mackenzie_2021","covid_travel_mackenzie_2021_1","shared_bike_scooter_ac","PacTrans COVID-19 Survey (Analyzing the Long-Term Impacts of COVID-19 Disruption on Travel Patterns)",NA,NA,"Sometime in the future, when COVID-19 will no longer be a threat,how often do you think you will use the following modes of transportation: Shared bike or scooter (Lime, JUMP, etc)",NA,"Once a month or less",1
"covid_travel_mackenzie_2021","covid_travel_mackenzie_2021_1","shared_bike_scooter_ac","PacTrans COVID-19 Survey (Analyzing the Long-Term Impacts of COVID-19 Disruption on Travel Patterns)",NA,NA,"Sometime in the future, when COVID-19 will no longer be a threat,how often do you think you will use the following modes of transportation: Shared bike or scooter (Lime, JUMP, etc)",NA,"A few times a month",2
"covid_travel_mackenzie_2021","covid_travel_mackenzie_2021_1","shared_bike_scooter_ac","PacTrans COVID-19 Survey (Analyzing the Long-Term Impacts of COVID-19 Disruption on Travel Patterns)",NA,NA,"Sometime in the future, when COVID-19 will no longer be a threat,how often do you think you will use the following modes of transportation: Shared bike or scooter (Lime, JUMP, etc)",NA,"1-2 days a week",3
"covid_travel_mackenzie_2021","covid_travel_mackenzie_2021_1","shared_bike_scooter_ac","PacTrans COVID-19 Survey (Analyzing the Long-Term Impacts of COVID-19 Disruption on Travel Patterns)",NA,NA,"Sometime in the future, when COVID-19 will no longer be a threat,how often do you think you will use the following modes of transportation: Shared bike or scooter (Lime, JUMP, etc)",NA,"3-4 days a week",4
"covid_travel_mackenzie_2021","covid_travel_mackenzie_2021_1","shared_bike_scooter_ac","PacTrans COVID-19 Survey (Analyzing the Long-Term Impacts of COVID-19 Disruption on Travel Patterns)",NA,NA,"Sometime in the future, when COVID-19 will no longer be a threat,how often do you think you will use the following modes of transportation: Shared bike or scooter (Lime, JUMP, etc)",NA,"Everyday",5
"covid_travel_mackenzie_2021","covid_travel_mackenzie_2021_1","shared_bike_scooter_bc","PacTrans COVID-19 Survey (Analyzing the Long-Term Impacts of COVID-19 Disruption on Travel Patterns)",NA,NA,"In a typical month BEFORE the outbreak (e.g. in.January) how often did you use the following modes of transportation: Shared bike or scooter (Lime, JUMP, etc)",NA,"Never",0
"covid_travel_mackenzie_2021","covid_travel_mackenzie_2021_1","shared_bike_scooter_bc","PacTrans COVID-19 Survey (Analyzing the Long-Term Impacts of COVID-19 Disruption on Travel Patterns)",NA,NA,"In a typical month BEFORE the outbreak (e.g. in.January) how often did you use the following modes of transportation: Shared bike or scooter (Lime, JUMP, etc)",NA,"Once a month or less",1
"covid_travel_mackenzie_2021","covid_travel_mackenzie_2021_1","shared_bike_scooter_bc","PacTrans COVID-19 Survey (Analyzing the Long-Term Impacts of COVID-19 Disruption on Travel Patterns)",NA,NA,"In a typical month BEFORE the outbreak (e.g. in.January) how often did you use the following modes of transportation: Shared bike or scooter (Lime, JUMP, etc)",NA,"A few times a month",2
"covid_travel_mackenzie_2021","covid_travel_mackenzie_2021_1","shared_bike_scooter_bc","PacTrans COVID-19 Survey (Analyzing the Long-Term Impacts of COVID-19 Disruption on Travel Patterns)",NA,NA,"In a typical month BEFORE the outbreak (e.g. in.January) how often did you use the following modes of transportation: Shared bike or scooter (Lime, JUMP, etc)",NA,"1-2 days a week",3
"covid_travel_mackenzie_2021","covid_travel_mackenzie_2021_1","shared_bike_scooter_bc","PacTrans COVID-19 Survey (Analyzing the Long-Term Impacts of COVID-19 Disruption on Travel Patterns)",NA,NA,"In a typical month BEFORE the outbreak (e.g. in.January) how often did you use the following modes of transportation: Shared bike or scooter (Lime, JUMP, etc)",NA,"3-4 days a week",4
"covid_travel_mackenzie_2021","covid_travel_mackenzie_2021_1","shared_bike_scooter_bc","PacTrans COVID-19 Survey (Analyzing the Long-Term Impacts of COVID-19 Disruption on Travel Patterns)",NA,NA,"In a typical month BEFORE the outbreak (e.g. in.January) how often did you use the following modes of transportation: Shared bike or scooter (Lime, JUMP, etc)",NA,"Everyday",5
"covid_travel_mackenzie_2021","covid_travel_mackenzie_2021_1","shared_bike_scooter_dr","PacTrans COVID-19 Survey (Analyzing the Long-Term Impacts of COVID-19 Disruption on Travel Patterns)",NA,NA,"In the past month (i.e. DURING the outbreak) how often did you use the following modes of transportation: Shared bike or scooter (Lime, JUMP, etc)",NA,"Never",0
"covid_travel_mackenzie_2021","covid_travel_mackenzie_2021_1","shared_bike_scooter_dr","PacTrans COVID-19 Survey (Analyzing the Long-Term Impacts of COVID-19 Disruption on Travel Patterns)",NA,NA,"In the past month (i.e. DURING the outbreak) how often did you use the following modes of transportation: Shared bike or scooter (Lime, JUMP, etc)",NA,"Once a month or less",1
"covid_travel_mackenzie_2021","covid_travel_mackenzie_2021_1","shared_bike_scooter_dr","PacTrans COVID-19 Survey (Analyzing the Long-Term Impacts of COVID-19 Disruption on Travel Patterns)",NA,NA,"In the past month (i.e. DURING the outbreak) how often did you use the following modes of transportation: Shared bike or scooter (Lime, JUMP, etc)",NA,"A few times a month",2
"covid_travel_mackenzie_2021","covid_travel_mackenzie_2021_1","shared_bike_scooter_dr","PacTrans COVID-19 Survey (Analyzing the Long-Term Impacts of COVID-19 Disruption on Travel Patterns)",NA,NA,"In the past month (i.e. DURING the outbreak) how often did you use the following modes of transportation: Shared bike or scooter (Lime, JUMP, etc)",NA,"1-2 days a week",3
"covid_travel_mackenzie_2021","covid_travel_mackenzie_2021_1","shared_bike_scooter_dr","PacTrans COVID-19 Survey (Analyzing the Long-Term Impacts of COVID-19 Disruption on Travel Patterns)",NA,NA,"In the past month (i.e. DURING the outbreak) how often did you use the following modes of transportation: Shared bike or scooter (Lime, JUMP, etc)",NA,"3-4 days a week",4
"covid_travel_mackenzie_2021","covid_travel_mackenzie_2021_1","shared_bike_scooter_dr","PacTrans COVID-19 Survey (Analyzing the Long-Term Impacts of COVID-19 Disruption on Travel Patterns)",NA,NA,"In the past month (i.e. DURING the outbreak) how often did you use the following modes of transportation: Shared bike or scooter (Lime, JUMP, etc)",NA,"Everyday",5
"covid_travel_mackenzie_2021","covid_travel_mackenzie_2021_1","sharedrh_bc","PacTrans COVID-19 Survey (Analyzing the Long-Term Impacts of COVID-19 Disruption on Travel Patterns)",NA,NA,"In a typical month BEFORE the outbreak (e.g. in.January) how often did you use the following modes of transportation: Shared Ridehail (e.g. UberPool, Lyft Shared)",NA,"Never",0
"covid_travel_mackenzie_2021","covid_travel_mackenzie_2021_1","sharedrh_bc","PacTrans COVID-19 Survey (Analyzing the Long-Term Impacts of COVID-19 Disruption on Travel Patterns)",NA,NA,"In a typical month BEFORE the outbreak (e.g. in.January) how often did you use the following modes of transportation: Shared Ridehail (e.g. UberPool, Lyft Shared)",NA,"Once a month or less",1
"covid_travel_mackenzie_2021","covid_travel_mackenzie_2021_1","sharedrh_bc","PacTrans COVID-19 Survey (Analyzing the Long-Term Impacts of COVID-19 Disruption on Travel Patterns)",NA,NA,"In a typical month BEFORE the outbreak (e.g. in.January) how often did you use the following modes of transportation: Shared Ridehail (e.g. UberPool, Lyft Shared)",NA,"A few times a month",2
"covid_travel_mackenzie_2021","covid_travel_mackenzie_2021_1","sharedrh_bc","PacTrans COVID-19 Survey (Analyzing the Long-Term Impacts of COVID-19 Disruption on Travel Patterns)",NA,NA,"In a typical month BEFORE the outbreak (e.g. in.January) how often did you use the following modes of transportation: Shared Ridehail (e.g. UberPool, Lyft Shared)",NA,"1-2 days a week",3
"covid_travel_mackenzie_2021","covid_travel_mackenzie_2021_1","sharedrh_bc","PacTrans COVID-19 Survey (Analyzing the Long-Term Impacts of COVID-19 Disruption on Travel Patterns)",NA,NA,"In a typical month BEFORE the outbreak (e.g. in.January) how often did you use the following modes of transportation: Shared Ridehail (e.g. UberPool, Lyft Shared)",NA,"3-4 days a week",4
"covid_travel_mackenzie_2021","covid_travel_mackenzie_2021_1","sharedrh_bc","PacTrans COVID-19 Survey (Analyzing the Long-Term Impacts of COVID-19 Disruption on Travel Patterns)",NA,NA,"In a typical month BEFORE the outbreak (e.g. in.January) how often did you use the following modes of transportation: Shared Ridehail (e.g. UberPool, Lyft Shared)",NA,"Everyday",5
"covid_travel_mackenzie_2021","covid_travel_mackenzie_2021_1","sharedrh_dr","PacTrans COVID-19 Survey (Analyzing the Long-Term Impacts of COVID-19 Disruption on Travel Patterns)",NA,NA,"In the past month (i.e. DURING the outbreak) how often did you use the following modes of transportation: Shared Ridehail (e.g. UberPool, Lyft Shared)",NA,"Never",0
"covid_travel_mackenzie_2021","covid_travel_mackenzie_2021_1","sharedrh_dr","PacTrans COVID-19 Survey (Analyzing the Long-Term Impacts of COVID-19 Disruption on Travel Patterns)",NA,NA,"In the past month (i.e. DURING the outbreak) how often did you use the following modes of transportation: Shared Ridehail (e.g. UberPool, Lyft Shared)",NA,"Once a month or less",1
"covid_travel_mackenzie_2021","covid_travel_mackenzie_2021_1","sharedrh_dr","PacTrans COVID-19 Survey (Analyzing the Long-Term Impacts of COVID-19 Disruption on Travel Patterns)",NA,NA,"In the past month (i.e. DURING the outbreak) how often did you use the following modes of transportation: Shared Ridehail (e.g. UberPool, Lyft Shared)",NA,"A few times a month",2
"covid_travel_mackenzie_2021","covid_travel_mackenzie_2021_1","sharedrh_dr","PacTrans COVID-19 Survey (Analyzing the Long-Term Impacts of COVID-19 Disruption on Travel Patterns)",NA,NA,"In the past month (i.e. DURING the outbreak) how often did you use the following modes of transportation: Shared Ridehail (e.g. UberPool, Lyft Shared)",NA,"1-2 days a week",3
"covid_travel_mackenzie_2021","covid_travel_mackenzie_2021_1","sharedrh_dr","PacTrans COVID-19 Survey (Analyzing the Long-Term Impacts of COVID-19 Disruption on Travel Patterns)",NA,NA,"In the past month (i.e. DURING the outbreak) how often did you use the following modes of transportation: Shared Ridehail (e.g. UberPool, Lyft Shared)",NA,"3-4 days a week",4
"covid_travel_mackenzie_2021","covid_travel_mackenzie_2021_1","sharedrh_dr","PacTrans COVID-19 Survey (Analyzing the Long-Term Impacts of COVID-19 Disruption on Travel Patterns)",NA,NA,"In the past month (i.e. DURING the outbreak) how often did you use the following modes of transportation: Shared Ridehail (e.g. UberPool, Lyft Shared)",NA,"Everyday",5
"covid_travel_mackenzie_2021","covid_travel_mackenzie_2021_1","social_interact","PacTrans COVID-19 Survey (Analyzing the Long-Term Impacts of COVID-19 Disruption on Travel Patterns)",NA,NA,"Please rate your agreement with the following statements under today's conditions: I enjoy social interactions with my colleagues",NA,"Strongly disagree",0
"covid_travel_mackenzie_2021","covid_travel_mackenzie_2021_1","social_interact","PacTrans COVID-19 Survey (Analyzing the Long-Term Impacts of COVID-19 Disruption on Travel Patterns)",NA,NA,"Please rate your agreement with the following statements under today's conditions: I enjoy social interactions with my colleagues",NA,"Disagree",1
"covid_travel_mackenzie_2021","covid_travel_mackenzie_2021_1","social_interact","PacTrans COVID-19 Survey (Analyzing the Long-Term Impacts of COVID-19 Disruption on Travel Patterns)",NA,NA,"Please rate your agreement with the following statements under today's conditions: I enjoy social interactions with my colleagues",NA,"Somewhat disagree",2
"covid_travel_mackenzie_2021","covid_travel_mackenzie_2021_1","social_interact","PacTrans COVID-19 Survey (Analyzing the Long-Term Impacts of COVID-19 Disruption on Travel Patterns)",NA,NA,"Please rate your agreement with the following statements under today's conditions: I enjoy social interactions with my colleagues",NA,"Somewhat agree",3
"covid_travel_mackenzie_2021","covid_travel_mackenzie_2021_1","social_interact","PacTrans COVID-19 Survey (Analyzing the Long-Term Impacts of COVID-19 Disruption on Travel Patterns)",NA,NA,"Please rate your agreement with the following statements under today's conditions: I enjoy social interactions with my colleagues",NA,"Agree",4
"covid_travel_mackenzie_2021","covid_travel_mackenzie_2021_1","social_interact","PacTrans COVID-19 Survey (Analyzing the Long-Term Impacts of COVID-19 Disruption on Travel Patterns)",NA,NA,"Please rate your agreement with the following statements under today's conditions: I enjoy social interactions with my colleagues",NA,"Strongly agree",5
"covid_travel_mackenzie_2021","covid_travel_mackenzie_2021_1","solorh_taxi_ac","PacTrans COVID-19 Survey (Analyzing the Long-Term Impacts of COVID-19 Disruption on Travel Patterns)",NA,NA,"Sometime in the future, when COVID-19 will no longer be a threat,how often do you think you will use the following modes of transportation: Solo Ridehail (UberX, Lyft) or Taxi",NA,"Never",0
"covid_travel_mackenzie_2021","covid_travel_mackenzie_2021_1","solorh_taxi_ac","PacTrans COVID-19 Survey (Analyzing the Long-Term Impacts of COVID-19 Disruption on Travel Patterns)",NA,NA,"Sometime in the future, when COVID-19 will no longer be a threat,how often do you think you will use the following modes of transportation: Solo Ridehail (UberX, Lyft) or Taxi",NA,"Once a month or less",1
"covid_travel_mackenzie_2021","covid_travel_mackenzie_2021_1","solorh_taxi_ac","PacTrans COVID-19 Survey (Analyzing the Long-Term Impacts of COVID-19 Disruption on Travel Patterns)",NA,NA,"Sometime in the future, when COVID-19 will no longer be a threat,how often do you think you will use the following modes of transportation: Solo Ridehail (UberX, Lyft) or Taxi",NA,"A few times a month",2
"covid_travel_mackenzie_2021","covid_travel_mackenzie_2021_1","solorh_taxi_ac","PacTrans COVID-19 Survey (Analyzing the Long-Term Impacts of COVID-19 Disruption on Travel Patterns)",NA,NA,"Sometime in the future, when COVID-19 will no longer be a threat,how often do you think you will use the following modes of transportation: Solo Ridehail (UberX, Lyft) or Taxi",NA,"1-2 days a week",3
"covid_travel_mackenzie_2021","covid_travel_mackenzie_2021_1","solorh_taxi_ac","PacTrans COVID-19 Survey (Analyzing the Long-Term Impacts of COVID-19 Disruption on Travel Patterns)",NA,NA,"Sometime in the future, when COVID-19 will no longer be a threat,how often do you think you will use the following modes of transportation: Solo Ridehail (UberX, Lyft) or Taxi",NA,"3-4 days a week",4
"covid_travel_mackenzie_2021","covid_travel_mackenzie_2021_1","solorh_taxi_ac","PacTrans COVID-19 Survey (Analyzing the Long-Term Impacts of COVID-19 Disruption on Travel Patterns)",NA,NA,"Sometime in the future, when COVID-19 will no longer be a threat,how often do you think you will use the following modes of transportation: Solo Ridehail (UberX, Lyft) or Taxi",NA,"Everyday",5
"covid_travel_mackenzie_2021","covid_travel_mackenzie_2021_1","solorh_taxi_bc","PacTrans COVID-19 Survey (Analyzing the Long-Term Impacts of COVID-19 Disruption on Travel Patterns)",NA,NA,"In a typical month BEFORE the outbreak (e.g. in.January) how often did you use the following modes of transportation: Solo Ridehail (UberX, Lyft) or Taxi",NA,"Never",0
"covid_travel_mackenzie_2021","covid_travel_mackenzie_2021_1","solorh_taxi_bc","PacTrans COVID-19 Survey (Analyzing the Long-Term Impacts of COVID-19 Disruption on Travel Patterns)",NA,NA,"In a typical month BEFORE the outbreak (e.g. in.January) how often did you use the following modes of transportation: Solo Ridehail (UberX, Lyft) or Taxi",NA,"Once a month or less",1
"covid_travel_mackenzie_2021","covid_travel_mackenzie_2021_1","solorh_taxi_bc","PacTrans COVID-19 Survey (Analyzing the Long-Term Impacts of COVID-19 Disruption on Travel Patterns)",NA,NA,"In a typical month BEFORE the outbreak (e.g. in.January) how often did you use the following modes of transportation: Solo Ridehail (UberX, Lyft) or Taxi",NA,"A few times a month",2
"covid_travel_mackenzie_2021","covid_travel_mackenzie_2021_1","solorh_taxi_bc","PacTrans COVID-19 Survey (Analyzing the Long-Term Impacts of COVID-19 Disruption on Travel Patterns)",NA,NA,"In a typical month BEFORE the outbreak (e.g. in.January) how often did you use the following modes of transportation: Solo Ridehail (UberX, Lyft) or Taxi",NA,"1-2 days a week",3
"covid_travel_mackenzie_2021","covid_travel_mackenzie_2021_1","solorh_taxi_bc","PacTrans COVID-19 Survey (Analyzing the Long-Term Impacts of COVID-19 Disruption on Travel Patterns)",NA,NA,"In a typical month BEFORE the outbreak (e.g. in.January) how often did you use the following modes of transportation: Solo Ridehail (UberX, Lyft) or Taxi",NA,"3-4 days a week",4
"covid_travel_mackenzie_2021","covid_travel_mackenzie_2021_1","solorh_taxi_bc","PacTrans COVID-19 Survey (Analyzing the Long-Term Impacts of COVID-19 Disruption on Travel Patterns)",NA,NA,"In a typical month BEFORE the outbreak (e.g. in.January) how often did you use the following modes of transportation: Solo Ridehail (UberX, Lyft) or Taxi",NA,"Everyday",5
"covid_travel_mackenzie_2021","covid_travel_mackenzie_2021_1","solorh_taxi_dr","PacTrans COVID-19 Survey (Analyzing the Long-Term Impacts of COVID-19 Disruption on Travel Patterns)",NA,NA,"In the past month (i.e. DURING the outbreak) how often did you use the following modes of transportation: Solo Ridehail (UberX, Lyft) or Taxi",NA,"Never",0
"covid_travel_mackenzie_2021","covid_travel_mackenzie_2021_1","solorh_taxi_dr","PacTrans COVID-19 Survey (Analyzing the Long-Term Impacts of COVID-19 Disruption on Travel Patterns)",NA,NA,"In the past month (i.e. DURING the outbreak) how often did you use the following modes of transportation: Solo Ridehail (UberX, Lyft) or Taxi",NA,"Once a month or less",1
"covid_travel_mackenzie_2021","covid_travel_mackenzie_2021_1","solorh_taxi_dr","PacTrans COVID-19 Survey (Analyzing the Long-Term Impacts of COVID-19 Disruption on Travel Patterns)",NA,NA,"In the past month (i.e. DURING the outbreak) how often did you use the following modes of transportation: Solo Ridehail (UberX, Lyft) or Taxi",NA,"A few times a month",2
"covid_travel_mackenzie_2021","covid_travel_mackenzie_2021_1","solorh_taxi_dr","PacTrans COVID-19 Survey (Analyzing the Long-Term Impacts of COVID-19 Disruption on Travel Patterns)",NA,NA,"In the past month (i.e. DURING the outbreak) how often did you use the following modes of transportation: Solo Ridehail (UberX, Lyft) or Taxi",NA,"1-2 days a week",3
"covid_travel_mackenzie_2021","covid_travel_mackenzie_2021_1","solorh_taxi_dr","PacTrans COVID-19 Survey (Analyzing the Long-Term Impacts of COVID-19 Disruption on Travel Patterns)",NA,NA,"In the past month (i.e. DURING the outbreak) how often did you use the following modes of transportation: Solo Ridehail (UberX, Lyft) or Taxi",NA,"3-4 days a week",4
"covid_travel_mackenzie_2021","covid_travel_mackenzie_2021_1","solorh_taxi_dr","PacTrans COVID-19 Survey (Analyzing the Long-Term Impacts of COVID-19 Disruption on Travel Patterns)",NA,NA,"In the past month (i.e. DURING the outbreak) how often did you use the following modes of transportation: Solo Ridehail (UberX, Lyft) or Taxi",NA,"Everyday",5
"covid_travel_mackenzie_2021","covid_travel_mackenzie_2021_1","stay_home","PacTrans COVID-19 Survey (Analyzing the Long-Term Impacts of COVID-19 Disruption on Travel Patterns)",NA,NA,"Please rate your agreement with the following statements under today's conditions: Everyone should stay at home as much as possible until the coronavirus has subsided",NA,"Strongly disagree",0
"covid_travel_mackenzie_2021","covid_travel_mackenzie_2021_1","stay_home","PacTrans COVID-19 Survey (Analyzing the Long-Term Impacts of COVID-19 Disruption on Travel Patterns)",NA,NA,"Please rate your agreement with the following statements under today's conditions: Everyone should stay at home as much as possible until the coronavirus has subsided",NA,"Disagree",1
"covid_travel_mackenzie_2021","covid_travel_mackenzie_2021_1","stay_home","PacTrans COVID-19 Survey (Analyzing the Long-Term Impacts of COVID-19 Disruption on Travel Patterns)",NA,NA,"Please rate your agreement with the following statements under today's conditions: Everyone should stay at home as much as possible until the coronavirus has subsided",NA,"Somewhat disagree",2
"covid_travel_mackenzie_2021","covid_travel_mackenzie_2021_1","stay_home","PacTrans COVID-19 Survey (Analyzing the Long-Term Impacts of COVID-19 Disruption on Travel Patterns)",NA,NA,"Please rate your agreement with the following statements under today's conditions: Everyone should stay at home as much as possible until the coronavirus has subsided",NA,"Somewhat agree",3
"covid_travel_mackenzie_2021","covid_travel_mackenzie_2021_1","stay_home","PacTrans COVID-19 Survey (Analyzing the Long-Term Impacts of COVID-19 Disruption on Travel Patterns)",NA,NA,"Please rate your agreement with the following statements under today's conditions: Everyone should stay at home as much as possible until the coronavirus has subsided",NA,"Agree",4
"covid_travel_mackenzie_2021","covid_travel_mackenzie_2021_1","stay_home","PacTrans COVID-19 Survey (Analyzing the Long-Term Impacts of COVID-19 Disruption on Travel Patterns)",NA,NA,"Please rate your agreement with the following statements under today's conditions: Everyone should stay at home as much as possible until the coronavirus has subsided",NA,"Strongly agree",5
"covid_travel_mackenzie_2021","covid_travel_mackenzie_2021_1","store_enjoy","PacTrans COVID-19 Survey (Analyzing the Long-Term Impacts of COVID-19 Disruption on Travel Patterns)",NA,NA,"Please rate your agreement with the following statements under today's conditions: Even if I don't end up buying anything, I still enjoy going to stores and browsing",NA,"Strongly disagree",0
"covid_travel_mackenzie_2021","covid_travel_mackenzie_2021_1","store_enjoy","PacTrans COVID-19 Survey (Analyzing the Long-Term Impacts of COVID-19 Disruption on Travel Patterns)",NA,NA,"Please rate your agreement with the following statements under today's conditions: Even if I don't end up buying anything, I still enjoy going to stores and browsing",NA,"Disagree",1
"covid_travel_mackenzie_2021","covid_travel_mackenzie_2021_1","store_enjoy","PacTrans COVID-19 Survey (Analyzing the Long-Term Impacts of COVID-19 Disruption on Travel Patterns)",NA,NA,"Please rate your agreement with the following statements under today's conditions: Even if I don't end up buying anything, I still enjoy going to stores and browsing",NA,"Somewhat disagree",2
"covid_travel_mackenzie_2021","covid_travel_mackenzie_2021_1","store_enjoy","PacTrans COVID-19 Survey (Analyzing the Long-Term Impacts of COVID-19 Disruption on Travel Patterns)",NA,NA,"Please rate your agreement with the following statements under today's conditions: Even if I don't end up buying anything, I still enjoy going to stores and browsing",NA,"Somewhat agree",3
"covid_travel_mackenzie_2021","covid_travel_mackenzie_2021_1","store_enjoy","PacTrans COVID-19 Survey (Analyzing the Long-Term Impacts of COVID-19 Disruption on Travel Patterns)",NA,NA,"Please rate your agreement with the following statements under today's conditions: Even if I don't end up buying anything, I still enjoy going to stores and browsing",NA,"Agree",4
"covid_travel_mackenzie_2021","covid_travel_mackenzie_2021_1","store_enjoy","PacTrans COVID-19 Survey (Analyzing the Long-Term Impacts of COVID-19 Disruption on Travel Patterns)",NA,NA,"Please rate your agreement with the following statements under today's conditions: Even if I don't end up buying anything, I still enjoy going to stores and browsing",NA,"Strongly agree",5
"covid_travel_mackenzie_2021","covid_travel_mackenzie_2021_1","transit_ac","PacTrans COVID-19 Survey (Analyzing the Long-Term Impacts of COVID-19 Disruption on Travel Patterns)",NA,NA,"Sometime in the future, when COVID-19 will no longer be a threat,how often do you think you will use the following modes of transportation: Public Transit(Bus, Light Rail, Streetcar)",NA,"Never",0
"covid_travel_mackenzie_2021","covid_travel_mackenzie_2021_1","transit_ac","PacTrans COVID-19 Survey (Analyzing the Long-Term Impacts of COVID-19 Disruption on Travel Patterns)",NA,NA,"Sometime in the future, when COVID-19 will no longer be a threat,how often do you think you will use the following modes of transportation: Public Transit(Bus, Light Rail, Streetcar)",NA,"Once a month or less",1
"covid_travel_mackenzie_2021","covid_travel_mackenzie_2021_1","transit_ac","PacTrans COVID-19 Survey (Analyzing the Long-Term Impacts of COVID-19 Disruption on Travel Patterns)",NA,NA,"Sometime in the future, when COVID-19 will no longer be a threat,how often do you think you will use the following modes of transportation: Public Transit(Bus, Light Rail, Streetcar)",NA,"A few times a month",2
"covid_travel_mackenzie_2021","covid_travel_mackenzie_2021_1","transit_ac","PacTrans COVID-19 Survey (Analyzing the Long-Term Impacts of COVID-19 Disruption on Travel Patterns)",NA,NA,"Sometime in the future, when COVID-19 will no longer be a threat,how often do you think you will use the following modes of transportation: Public Transit(Bus, Light Rail, Streetcar)",NA,"1-2 days a week",3
"covid_travel_mackenzie_2021","covid_travel_mackenzie_2021_1","transit_ac","PacTrans COVID-19 Survey (Analyzing the Long-Term Impacts of COVID-19 Disruption on Travel Patterns)",NA,NA,"Sometime in the future, when COVID-19 will no longer be a threat,how often do you think you will use the following modes of transportation: Public Transit(Bus, Light Rail, Streetcar)",NA,"3-4 days a week",4
"covid_travel_mackenzie_2021","covid_travel_mackenzie_2021_1","transit_ac","PacTrans COVID-19 Survey (Analyzing the Long-Term Impacts of COVID-19 Disruption on Travel Patterns)",NA,NA,"Sometime in the future, when COVID-19 will no longer be a threat,how often do you think you will use the following modes of transportation: Public Transit(Bus, Light Rail, Streetcar)",NA,"Everyday",5
"covid_travel_mackenzie_2021","covid_travel_mackenzie_2021_1","transit_bc","PacTrans COVID-19 Survey (Analyzing the Long-Term Impacts of COVID-19 Disruption on Travel Patterns)",NA,NA,"In a typical month BEFORE the outbreak (e.g. in.January) how often did you use the following modes of transportation: Public Transit(Bus, Light Rail, Streetcar)",NA,"Never",0
"covid_travel_mackenzie_2021","covid_travel_mackenzie_2021_1","transit_bc","PacTrans COVID-19 Survey (Analyzing the Long-Term Impacts of COVID-19 Disruption on Travel Patterns)",NA,NA,"In a typical month BEFORE the outbreak (e.g. in.January) how often did you use the following modes of transportation: Public Transit(Bus, Light Rail, Streetcar)",NA,"Once a month or less",1
"covid_travel_mackenzie_2021","covid_travel_mackenzie_2021_1","transit_bc","PacTrans COVID-19 Survey (Analyzing the Long-Term Impacts of COVID-19 Disruption on Travel Patterns)",NA,NA,"In a typical month BEFORE the outbreak (e.g. in.January) how often did you use the following modes of transportation: Public Transit(Bus, Light Rail, Streetcar)",NA,"A few times a month",2
"covid_travel_mackenzie_2021","covid_travel_mackenzie_2021_1","transit_bc","PacTrans COVID-19 Survey (Analyzing the Long-Term Impacts of COVID-19 Disruption on Travel Patterns)",NA,NA,"In a typical month BEFORE the outbreak (e.g. in.January) how often did you use the following modes of transportation: Public Transit(Bus, Light Rail, Streetcar)",NA,"1-2 days a week",3
"covid_travel_mackenzie_2021","covid_travel_mackenzie_2021_1","transit_bc","PacTrans COVID-19 Survey (Analyzing the Long-Term Impacts of COVID-19 Disruption on Travel Patterns)",NA,NA,"In a typical month BEFORE the outbreak (e.g. in.January) how often did you use the following modes of transportation: Public Transit(Bus, Light Rail, Streetcar)",NA,"3-4 days a week",4
"covid_travel_mackenzie_2021","covid_travel_mackenzie_2021_1","transit_bc","PacTrans COVID-19 Survey (Analyzing the Long-Term Impacts of COVID-19 Disruption on Travel Patterns)",NA,NA,"In a typical month BEFORE the outbreak (e.g. in.January) how often did you use the following modes of transportation: Public Transit(Bus, Light Rail, Streetcar)",NA,"Everyday",5
"covid_travel_mackenzie_2021","covid_travel_mackenzie_2021_1","transit_dr","PacTrans COVID-19 Survey (Analyzing the Long-Term Impacts of COVID-19 Disruption on Travel Patterns)",NA,NA,"In the past month (i.e. DURING the outbreak) how often did you use the following modes of transportation: Public Transit(Bus, Light Rail, Streetcar)",NA,"Never",0
"covid_travel_mackenzie_2021","covid_travel_mackenzie_2021_1","transit_dr","PacTrans COVID-19 Survey (Analyzing the Long-Term Impacts of COVID-19 Disruption on Travel Patterns)",NA,NA,"In the past month (i.e. DURING the outbreak) how often did you use the following modes of transportation: Public Transit(Bus, Light Rail, Streetcar)",NA,"Once a month or less",1
"covid_travel_mackenzie_2021","covid_travel_mackenzie_2021_1","transit_dr","PacTrans COVID-19 Survey (Analyzing the Long-Term Impacts of COVID-19 Disruption on Travel Patterns)",NA,NA,"In the past month (i.e. DURING the outbreak) how often did you use the following modes of transportation: Public Transit(Bus, Light Rail, Streetcar)",NA,"A few times a month",2
"covid_travel_mackenzie_2021","covid_travel_mackenzie_2021_1","transit_dr","PacTrans COVID-19 Survey (Analyzing the Long-Term Impacts of COVID-19 Disruption on Travel Patterns)",NA,NA,"In the past month (i.e. DURING the outbreak) how often did you use the following modes of transportation: Public Transit(Bus, Light Rail, Streetcar)",NA,"1-2 days a week",3
"covid_travel_mackenzie_2021","covid_travel_mackenzie_2021_1","transit_dr","PacTrans COVID-19 Survey (Analyzing the Long-Term Impacts of COVID-19 Disruption on Travel Patterns)",NA,NA,"In the past month (i.e. DURING the outbreak) how often did you use the following modes of transportation: Public Transit(Bus, Light Rail, Streetcar)",NA,"3-4 days a week",4
"covid_travel_mackenzie_2021","covid_travel_mackenzie_2021_1","transit_dr","PacTrans COVID-19 Survey (Analyzing the Long-Term Impacts of COVID-19 Disruption on Travel Patterns)",NA,NA,"In the past month (i.e. DURING the outbreak) how often did you use the following modes of transportation: Public Transit(Bus, Light Rail, Streetcar)",NA,"Everyday",5
"covid_travel_mackenzie_2021","covid_travel_mackenzie_2021_1","transit_health","PacTrans COVID-19 Survey (Analyzing the Long-Term Impacts of COVID-19 Disruption on Travel Patterns)",NA,NA,"Please rate your agreement with the following statements under today's conditions: Traveling by bus or light rail poses a risk to my health",NA,"Strongly disagree",0
"covid_travel_mackenzie_2021","covid_travel_mackenzie_2021_1","transit_health","PacTrans COVID-19 Survey (Analyzing the Long-Term Impacts of COVID-19 Disruption on Travel Patterns)",NA,NA,"Please rate your agreement with the following statements under today's conditions: Traveling by bus or light rail poses a risk to my health",NA,"Disagree",1
"covid_travel_mackenzie_2021","covid_travel_mackenzie_2021_1","transit_health","PacTrans COVID-19 Survey (Analyzing the Long-Term Impacts of COVID-19 Disruption on Travel Patterns)",NA,NA,"Please rate your agreement with the following statements under today's conditions: Traveling by bus or light rail poses a risk to my health",NA,"Somewhat disagree",2
"covid_travel_mackenzie_2021","covid_travel_mackenzie_2021_1","transit_health","PacTrans COVID-19 Survey (Analyzing the Long-Term Impacts of COVID-19 Disruption on Travel Patterns)",NA,NA,"Please rate your agreement with the following statements under today's conditions: Traveling by bus or light rail poses a risk to my health",NA,"Somewhat agree",3
"covid_travel_mackenzie_2021","covid_travel_mackenzie_2021_1","transit_health","PacTrans COVID-19 Survey (Analyzing the Long-Term Impacts of COVID-19 Disruption on Travel Patterns)",NA,NA,"Please rate your agreement with the following statements under today's conditions: Traveling by bus or light rail poses a risk to my health",NA,"Agree",4
"covid_travel_mackenzie_2021","covid_travel_mackenzie_2021_1","transit_health","PacTrans COVID-19 Survey (Analyzing the Long-Term Impacts of COVID-19 Disruption on Travel Patterns)",NA,NA,"Please rate your agreement with the following statements under today's conditions: Traveling by bus or light rail poses a risk to my health",NA,"Strongly agree",5
"covid_travel_mackenzie_2021","covid_travel_mackenzie_2021_1","transit_physical_distance","PacTrans COVID-19 Survey (Analyzing the Long-Term Impacts of COVID-19 Disruption on Travel Patterns)",NA,NA,"Please rate your agreement with the following statements under today's conditions: I would travel on a bus or light rail if physical distancing measures are enforced",NA,"Strongly disagree",0
"covid_travel_mackenzie_2021","covid_travel_mackenzie_2021_1","transit_physical_distance","PacTrans COVID-19 Survey (Analyzing the Long-Term Impacts of COVID-19 Disruption on Travel Patterns)",NA,NA,"Please rate your agreement with the following statements under today's conditions: I would travel on a bus or light rail if physical distancing measures are enforced",NA,"Disagree",1
"covid_travel_mackenzie_2021","covid_travel_mackenzie_2021_1","transit_physical_distance","PacTrans COVID-19 Survey (Analyzing the Long-Term Impacts of COVID-19 Disruption on Travel Patterns)",NA,NA,"Please rate your agreement with the following statements under today's conditions: I would travel on a bus or light rail if physical distancing measures are enforced",NA,"Somewhat disagree",2
"covid_travel_mackenzie_2021","covid_travel_mackenzie_2021_1","transit_physical_distance","PacTrans COVID-19 Survey (Analyzing the Long-Term Impacts of COVID-19 Disruption on Travel Patterns)",NA,NA,"Please rate your agreement with the following statements under today's conditions: I would travel on a bus or light rail if physical distancing measures are enforced",NA,"Somewhat agree",3
"covid_travel_mackenzie_2021","covid_travel_mackenzie_2021_1","transit_physical_distance","PacTrans COVID-19 Survey (Analyzing the Long-Term Impacts of COVID-19 Disruption on Travel Patterns)",NA,NA,"Please rate your agreement with the following statements under today's conditions: I would travel on a bus or light rail if physical distancing measures are enforced",NA,"Agree",4
"covid_travel_mackenzie_2021","covid_travel_mackenzie_2021_1","transit_physical_distance","PacTrans COVID-19 Survey (Analyzing the Long-Term Impacts of COVID-19 Disruption on Travel Patterns)",NA,NA,"Please rate your agreement with the following statements under today's conditions: I would travel on a bus or light rail if physical distancing measures are enforced",NA,"Strongly agree",5
"covid_travel_mackenzie_2021","covid_travel_mackenzie_2021_1","walk_ac","PacTrans COVID-19 Survey (Analyzing the Long-Term Impacts of COVID-19 Disruption on Travel Patterns)",NA,NA,"Sometime in the future, when COVID-19 will no longer be a threat,how often do you think you will use the following modes of transportation: Walk",NA,"Never",0
"covid_travel_mackenzie_2021","covid_travel_mackenzie_2021_1","walk_ac","PacTrans COVID-19 Survey (Analyzing the Long-Term Impacts of COVID-19 Disruption on Travel Patterns)",NA,NA,"Sometime in the future, when COVID-19 will no longer be a threat,how often do you think you will use the following modes of transportation: Walk",NA,"Once a month or less",1
"covid_travel_mackenzie_2021","covid_travel_mackenzie_2021_1","walk_ac","PacTrans COVID-19 Survey (Analyzing the Long-Term Impacts of COVID-19 Disruption on Travel Patterns)",NA,NA,"Sometime in the future, when COVID-19 will no longer be a threat,how often do you think you will use the following modes of transportation: Walk",NA,"A few times a month",2
"covid_travel_mackenzie_2021","covid_travel_mackenzie_2021_1","walk_ac","PacTrans COVID-19 Survey (Analyzing the Long-Term Impacts of COVID-19 Disruption on Travel Patterns)",NA,NA,"Sometime in the future, when COVID-19 will no longer be a threat,how often do you think you will use the following modes of transportation: Walk",NA,"1-2 days a week",3
"covid_travel_mackenzie_2021","covid_travel_mackenzie_2021_1","walk_ac","PacTrans COVID-19 Survey (Analyzing the Long-Term Impacts of COVID-19 Disruption on Travel Patterns)",NA,NA,"Sometime in the future, when COVID-19 will no longer be a threat,how often do you think you will use the following modes of transportation: Walk",NA,"3-4 days a week",4
"covid_travel_mackenzie_2021","covid_travel_mackenzie_2021_1","walk_ac","PacTrans COVID-19 Survey (Analyzing the Long-Term Impacts of COVID-19 Disruption on Travel Patterns)",NA,NA,"Sometime in the future, when COVID-19 will no longer be a threat,how often do you think you will use the following modes of transportation: Walk",NA,"Everyday",5
"covid_travel_mackenzie_2021","covid_travel_mackenzie_2021_1","walk_bc","PacTrans COVID-19 Survey (Analyzing the Long-Term Impacts of COVID-19 Disruption on Travel Patterns)",NA,NA,"In a typical month BEFORE the outbreak (e.g. in.January) how often did you use the following modes of transportation: Walk",NA,"Never",0
"covid_travel_mackenzie_2021","covid_travel_mackenzie_2021_1","walk_bc","PacTrans COVID-19 Survey (Analyzing the Long-Term Impacts of COVID-19 Disruption on Travel Patterns)",NA,NA,"In a typical month BEFORE the outbreak (e.g. in.January) how often did you use the following modes of transportation: Walk",NA,"Once a month or less",1
"covid_travel_mackenzie_2021","covid_travel_mackenzie_2021_1","walk_bc","PacTrans COVID-19 Survey (Analyzing the Long-Term Impacts of COVID-19 Disruption on Travel Patterns)",NA,NA,"In a typical month BEFORE the outbreak (e.g. in.January) how often did you use the following modes of transportation: Walk",NA,"A few times a month",2
"covid_travel_mackenzie_2021","covid_travel_mackenzie_2021_1","walk_bc","PacTrans COVID-19 Survey (Analyzing the Long-Term Impacts of COVID-19 Disruption on Travel Patterns)",NA,NA,"In a typical month BEFORE the outbreak (e.g. in.January) how often did you use the following modes of transportation: Walk",NA,"1-2 days a week",3
"covid_travel_mackenzie_2021","covid_travel_mackenzie_2021_1","walk_bc","PacTrans COVID-19 Survey (Analyzing the Long-Term Impacts of COVID-19 Disruption on Travel Patterns)",NA,NA,"In a typical month BEFORE the outbreak (e.g. in.January) how often did you use the following modes of transportation: Walk",NA,"3-4 days a week",4
"covid_travel_mackenzie_2021","covid_travel_mackenzie_2021_1","walk_bc","PacTrans COVID-19 Survey (Analyzing the Long-Term Impacts of COVID-19 Disruption on Travel Patterns)",NA,NA,"In a typical month BEFORE the outbreak (e.g. in.January) how often did you use the following modes of transportation: Walk",NA,"Everyday",5
"covid_travel_mackenzie_2021","covid_travel_mackenzie_2021_1","walk_dr","PacTrans COVID-19 Survey (Analyzing the Long-Term Impacts of COVID-19 Disruption on Travel Patterns)",NA,NA,"In the past month (i.e. DURING the outbreak) how often did you use the following modes of transportation: Walk",NA,"Never",0
"covid_travel_mackenzie_2021","covid_travel_mackenzie_2021_1","walk_dr","PacTrans COVID-19 Survey (Analyzing the Long-Term Impacts of COVID-19 Disruption on Travel Patterns)",NA,NA,"In the past month (i.e. DURING the outbreak) how often did you use the following modes of transportation: Walk",NA,"Once a month or less",1
"covid_travel_mackenzie_2021","covid_travel_mackenzie_2021_1","walk_dr","PacTrans COVID-19 Survey (Analyzing the Long-Term Impacts of COVID-19 Disruption on Travel Patterns)",NA,NA,"In the past month (i.e. DURING the outbreak) how often did you use the following modes of transportation: Walk",NA,"A few times a month",2
"covid_travel_mackenzie_2021","covid_travel_mackenzie_2021_1","walk_dr","PacTrans COVID-19 Survey (Analyzing the Long-Term Impacts of COVID-19 Disruption on Travel Patterns)",NA,NA,"In the past month (i.e. DURING the outbreak) how often did you use the following modes of transportation: Walk",NA,"1-2 days a week",3
"covid_travel_mackenzie_2021","covid_travel_mackenzie_2021_1","walk_dr","PacTrans COVID-19 Survey (Analyzing the Long-Term Impacts of COVID-19 Disruption on Travel Patterns)",NA,NA,"In the past month (i.e. DURING the outbreak) how often did you use the following modes of transportation: Walk",NA,"3-4 days a week",4
"covid_travel_mackenzie_2021","covid_travel_mackenzie_2021_1","walk_dr","PacTrans COVID-19 Survey (Analyzing the Long-Term Impacts of COVID-19 Disruption on Travel Patterns)",NA,NA,"In the past month (i.e. DURING the outbreak) how often did you use the following modes of transportation: Walk",NA,"Everyday",5
"covid_travel_mackenzie_2021","covid_travel_mackenzie_2021_1","wfh_ac","PacTrans COVID-19 Survey (Analyzing the Long-Term Impacts of COVID-19 Disruption on Travel Patterns)",NA,NA,"Sometime in the future, when COVID-19 will no longer be a threat, how often do you think you will work from home?",NA,"Never",0
"covid_travel_mackenzie_2021","covid_travel_mackenzie_2021_1","wfh_ac","PacTrans COVID-19 Survey (Analyzing the Long-Term Impacts of COVID-19 Disruption on Travel Patterns)",NA,NA,"Sometime in the future, when COVID-19 will no longer be a threat, how often do you think you will work from home?",NA,"Once a month or less",1
"covid_travel_mackenzie_2021","covid_travel_mackenzie_2021_1","wfh_ac","PacTrans COVID-19 Survey (Analyzing the Long-Term Impacts of COVID-19 Disruption on Travel Patterns)",NA,NA,"Sometime in the future, when COVID-19 will no longer be a threat, how often do you think you will work from home?",NA,"A few times a month",2
"covid_travel_mackenzie_2021","covid_travel_mackenzie_2021_1","wfh_ac","PacTrans COVID-19 Survey (Analyzing the Long-Term Impacts of COVID-19 Disruption on Travel Patterns)",NA,NA,"Sometime in the future, when COVID-19 will no longer be a threat, how often do you think you will work from home?",NA,"1-2 days a week",3
"covid_travel_mackenzie_2021","covid_travel_mackenzie_2021_1","wfh_ac","PacTrans COVID-19 Survey (Analyzing the Long-Term Impacts of COVID-19 Disruption on Travel Patterns)",NA,NA,"Sometime in the future, when COVID-19 will no longer be a threat, how often do you think you will work from home?",NA,"3-4 days a week",4
"covid_travel_mackenzie_2021","covid_travel_mackenzie_2021_1","wfh_ac","PacTrans COVID-19 Survey (Analyzing the Long-Term Impacts of COVID-19 Disruption on Travel Patterns)",NA,NA,"Sometime in the future, when COVID-19 will no longer be a threat, how often do you think you will work from home?",NA,"Everyday",5
"covid_travel_mackenzie_2021","covid_travel_mackenzie_2021_1","wfh_bc","PacTrans COVID-19 Survey (Analyzing the Long-Term Impacts of COVID-19 Disruption on Travel Patterns)",NA,NA,"In a typical month BEFORE the outbreak (e.g. in January) how often did you work from home?",NA,"Never",0
"covid_travel_mackenzie_2021","covid_travel_mackenzie_2021_1","wfh_bc","PacTrans COVID-19 Survey (Analyzing the Long-Term Impacts of COVID-19 Disruption on Travel Patterns)",NA,NA,"In a typical month BEFORE the outbreak (e.g. in January) how often did you work from home?",NA,"Once a month or less",1
"covid_travel_mackenzie_2021","covid_travel_mackenzie_2021_1","wfh_bc","PacTrans COVID-19 Survey (Analyzing the Long-Term Impacts of COVID-19 Disruption on Travel Patterns)",NA,NA,"In a typical month BEFORE the outbreak (e.g. in January) how often did you work from home?",NA,"A few times a month",2
"covid_travel_mackenzie_2021","covid_travel_mackenzie_2021_1","wfh_bc","PacTrans COVID-19 Survey (Analyzing the Long-Term Impacts of COVID-19 Disruption on Travel Patterns)",NA,NA,"In a typical month BEFORE the outbreak (e.g. in January) how often did you work from home?",NA,"1-2 days a week",3
"covid_travel_mackenzie_2021","covid_travel_mackenzie_2021_1","wfh_bc","PacTrans COVID-19 Survey (Analyzing the Long-Term Impacts of COVID-19 Disruption on Travel Patterns)",NA,NA,"In a typical month BEFORE the outbreak (e.g. in January) how often did you work from home?",NA,"3-4 days a week",4
"covid_travel_mackenzie_2021","covid_travel_mackenzie_2021_1","wfh_bc","PacTrans COVID-19 Survey (Analyzing the Long-Term Impacts of COVID-19 Disruption on Travel Patterns)",NA,NA,"In a typical month BEFORE the outbreak (e.g. in January) how often did you work from home?",NA,"Everyday",5
"covid_travel_mackenzie_2021","covid_travel_mackenzie_2021_1","wfh_discipline","PacTrans COVID-19 Survey (Analyzing the Long-Term Impacts of COVID-19 Disruption on Travel Patterns)",NA,NA,"Please rate your agreement with the following statements under today's conditions: Working from home makes me less disciplined self controlled",NA,"Strongly disagree",0
"covid_travel_mackenzie_2021","covid_travel_mackenzie_2021_1","wfh_discipline","PacTrans COVID-19 Survey (Analyzing the Long-Term Impacts of COVID-19 Disruption on Travel Patterns)",NA,NA,"Please rate your agreement with the following statements under today's conditions: Working from home makes me less disciplined self controlled",NA,"Disagree",1
"covid_travel_mackenzie_2021","covid_travel_mackenzie_2021_1","wfh_discipline","PacTrans COVID-19 Survey (Analyzing the Long-Term Impacts of COVID-19 Disruption on Travel Patterns)",NA,NA,"Please rate your agreement with the following statements under today's conditions: Working from home makes me less disciplined self controlled",NA,"Somewhat disagree",2
"covid_travel_mackenzie_2021","covid_travel_mackenzie_2021_1","wfh_discipline","PacTrans COVID-19 Survey (Analyzing the Long-Term Impacts of COVID-19 Disruption on Travel Patterns)",NA,NA,"Please rate your agreement with the following statements under today's conditions: Working from home makes me less disciplined self controlled",NA,"Somewhat agree",3
"covid_travel_mackenzie_2021","covid_travel_mackenzie_2021_1","wfh_discipline","PacTrans COVID-19 Survey (Analyzing the Long-Term Impacts of COVID-19 Disruption on Travel Patterns)",NA,NA,"Please rate your agreement with the following statements under today's conditions: Working from home makes me less disciplined self controlled",NA,"Agree",4
"covid_travel_mackenzie_2021","covid_travel_mackenzie_2021_1","wfh_discipline","PacTrans COVID-19 Survey (Analyzing the Long-Term Impacts of COVID-19 Disruption on Travel Patterns)",NA,NA,"Please rate your agreement with the following statements under today's conditions: Working from home makes me less disciplined self controlled",NA,"Strongly agree",5
"covid_travel_mackenzie_2021","covid_travel_mackenzie_2021_1","wfh_dr","PacTrans COVID-19 Survey (Analyzing the Long-Term Impacts of COVID-19 Disruption on Travel Patterns)",NA,NA,"In the past month (i.e. DURING the outbreak) how often did you work from home?",NA,"Never",0
"covid_travel_mackenzie_2021","covid_travel_mackenzie_2021_1","wfh_dr","PacTrans COVID-19 Survey (Analyzing the Long-Term Impacts of COVID-19 Disruption on Travel Patterns)",NA,NA,"In the past month (i.e. DURING the outbreak) how often did you work from home?",NA,"Once a month or less",1
"covid_travel_mackenzie_2021","covid_travel_mackenzie_2021_1","wfh_dr","PacTrans COVID-19 Survey (Analyzing the Long-Term Impacts of COVID-19 Disruption on Travel Patterns)",NA,NA,"In the past month (i.e. DURING the outbreak) how often did you work from home?",NA,"A few times a month",2
"covid_travel_mackenzie_2021","covid_travel_mackenzie_2021_1","wfh_dr","PacTrans COVID-19 Survey (Analyzing the Long-Term Impacts of COVID-19 Disruption on Travel Patterns)",NA,NA,"In the past month (i.e. DURING the outbreak) how often did you work from home?",NA,"1-2 days a week",3
"covid_travel_mackenzie_2021","covid_travel_mackenzie_2021_1","wfh_dr","PacTrans COVID-19 Survey (Analyzing the Long-Term Impacts of COVID-19 Disruption on Travel Patterns)",NA,NA,"In the past month (i.e. DURING the outbreak) how often did you work from home?",NA,"3-4 days a week",4
"covid_travel_mackenzie_2021","covid_travel_mackenzie_2021_1","wfh_dr","PacTrans COVID-19 Survey (Analyzing the Long-Term Impacts of COVID-19 Disruption on Travel Patterns)",NA,NA,"In the past month (i.e. DURING the outbreak) how often did you work from home?",NA,"Everyday",5
"covid_travel_mackenzie_2021","covid_travel_mackenzie_2021_1","wfh_family","PacTrans COVID-19 Survey (Analyzing the Long-Term Impacts of COVID-19 Disruption on Travel Patterns)",NA,NA,"Please rate your agreement with the following statements under today's conditions: Working from home increases family conflicts",NA,"Strongly disagree",0
"covid_travel_mackenzie_2021","covid_travel_mackenzie_2021_1","wfh_family","PacTrans COVID-19 Survey (Analyzing the Long-Term Impacts of COVID-19 Disruption on Travel Patterns)",NA,NA,"Please rate your agreement with the following statements under today's conditions: Working from home increases family conflicts",NA,"Disagree",1
"covid_travel_mackenzie_2021","covid_travel_mackenzie_2021_1","wfh_family","PacTrans COVID-19 Survey (Analyzing the Long-Term Impacts of COVID-19 Disruption on Travel Patterns)",NA,NA,"Please rate your agreement with the following statements under today's conditions: Working from home increases family conflicts",NA,"Somewhat disagree",2
"covid_travel_mackenzie_2021","covid_travel_mackenzie_2021_1","wfh_family","PacTrans COVID-19 Survey (Analyzing the Long-Term Impacts of COVID-19 Disruption on Travel Patterns)",NA,NA,"Please rate your agreement with the following statements under today's conditions: Working from home increases family conflicts",NA,"Somewhat agree",3
"covid_travel_mackenzie_2021","covid_travel_mackenzie_2021_1","wfh_family","PacTrans COVID-19 Survey (Analyzing the Long-Term Impacts of COVID-19 Disruption on Travel Patterns)",NA,NA,"Please rate your agreement with the following statements under today's conditions: Working from home increases family conflicts",NA,"Agree",4
"covid_travel_mackenzie_2021","covid_travel_mackenzie_2021_1","wfh_family","PacTrans COVID-19 Survey (Analyzing the Long-Term Impacts of COVID-19 Disruption on Travel Patterns)",NA,NA,"Please rate your agreement with the following statements under today's conditions: Working from home increases family conflicts",NA,"Strongly agree",5
