"table","section_id","item","instrument","language","instructions","section_prompt","item_text","correct_response","option_text","resp","instructions_translated","section_prompt_translated","item_text_translated","option_text_translated"
"idas_machado2024","main","IDAS41","Brazilian Version of the Inventory of Depression and Anxiety Symptoms","Portuguese","Abaixo estão listados sentimentos, sensações, problemas e experiências que as pessoas têm em alguns momentos. Leia cada item para determinar o quanto eles descrevem seus sentimentos e experiências atuais. Selecione a opção que melhor descreve o quanto você sentiu ou experienciou as coisas durante as duas últimas semanas, incluindo hoje. Use a seguinte escala para responder:","NA","Eu tive dificuldades em manter contato visual com as pessoas.","","Extremamente","5","Listed below are feelings, sensations, problems and experiences that people have at times. Read each item to decide how well it describes your current feelings and experiences. Select the option that best describes how much you felt or experienced these things during the past two weeks, including today. Use the following scale to answer:","","I had trouble making eye contact with people.","Extremely"
"idas_machado2024","main","IDAS21","Brazilian Version of the Inventory of Depression and Anxiety Symptoms","Portuguese","Abaixo estão listados sentimentos, sensações, problemas e experiências que as pessoas têm em alguns momentos. Leia cada item para determinar o quanto eles descrevem seus sentimentos e experiências atuais. Selecione a opção que melhor descreve o quanto você sentiu ou experienciou as coisas durante as duas últimas semanas, incluindo hoje. Use a seguinte escala para responder:","NA","Eu me culpei por coisas que aconteceram.","","Extremamente","5","Listed below are feelings, sensations, problems and experiences that people have at times. Read each item to decide how well it describes your current feelings and experiences. Select the option that best describes how much you felt or experienced these things during the past two weeks, including today. Use the following scale to answer:","","I blamed myself for things that happened.","Extremely"
"idas_machado2024","main","IDAS72","Brazilian Version of the Inventory of Depression and Anxiety Symptoms","Portuguese","Abaixo estão listados sentimentos, sensações, problemas e experiências que as pessoas têm em alguns momentos. Leia cada item para determinar o quanto eles descrevem seus sentimentos e experiências atuais. Selecione a opção que melhor descreve o quanto você sentiu ou experienciou as coisas durante as duas últimas semanas, incluindo hoje. Use a seguinte escala para responder:","NA","Eu me senti muito animado e feliz sem nenhum motivo especial.","","Extremamente","5","Listed below are feelings, sensations, problems and experiences that people have at times. Read each item to decide how well it describes your current feelings and experiences. Select the option that best describes how much you felt or experienced these things during the past two weeks, including today. Use the following scale to answer:","","I felt very excited and happy for no particular reason.","Extremely"
"idas_machado2024","main","IDAS73","Brazilian Version of the Inventory of Depression and Anxiety Symptoms","Portuguese","Abaixo estão listados sentimentos, sensações, problemas e experiências que as pessoas têm em alguns momentos. Leia cada item para determinar o quanto eles descrevem seus sentimentos e experiências atuais. Selecione a opção que melhor descreve o quanto você sentiu ou experienciou as coisas durante as duas últimas semanas, incluindo hoje. Use a seguinte escala para responder:","NA","Eu tentei não pensar sobre coisas ruins do meu passado.","","Extremamente","5","Listed below are feelings, sensations, problems and experiences that people have at times. Read each item to decide how well it describes your current feelings and experiences. Select the option that best describes how much you felt or experienced these things during the past two weeks, including today. Use the following scale to answer:","","I tried not to think about bad things from my past.","Extremely"
"idas_machado2024","main","IDAS98","Brazilian Version of the Inventory of Depression and Anxiety Symptoms","Portuguese","Abaixo estão listados sentimentos, sensações, problemas e experiências que as pessoas têm em alguns momentos. Leia cada item para determinar o quanto eles descrevem seus sentimentos e experiências atuais. Selecione a opção que melhor descreve o quanto você sentiu ou experienciou as coisas durante as duas últimas semanas, incluindo hoje. Use a seguinte escala para responder:","NA","Eu usei objetos (como uma toalha) para evitar tocar diretamente nas coisas.","","Extremamente","5","Listed below are feelings, sensations, problems and experiences that people have at times. Read each item to decide how well it describes your current feelings and experiences. Select the option that best describes how much you felt or experienced these things during the past two weeks, including today. Use the following scale to answer:","","I used objects (such as a towel) to avoid touching things directly.","Extremely"
"idas_machado2024","main","IDAS16","Brazilian Version of the Inventory of Depression and Anxiety Symptoms","Portuguese","Abaixo estão listados sentimentos, sensações, problemas e experiências que as pessoas têm em alguns momentos. Leia cada item para determinar o quanto eles descrevem seus sentimentos e experiências atuais. Selecione a opção que melhor descreve o quanto você sentiu ou experienciou as coisas durante as duas últimas semanas, incluindo hoje. Use a seguinte escala para responder:","NA","Eu me senti zonzo ou tive vertigens.","","Extremamente","5","Listed below are feelings, sensations, problems and experiences that people have at times. Read each item to decide how well it describes your current feelings and experiences. Select the option that best describes how much you felt or experienced these things during the past two weeks, including today. Use the following scale to answer:","","I felt dizzy or light-headed.","Extremely"
"idas_machado2024","main","IDAS14","Brazilian Version of the Inventory of Depression and Anxiety Symptoms","Portuguese","Abaixo estão listados sentimentos, sensações, problemas e experiências que as pessoas têm em alguns momentos. Leia cada item para determinar o quanto eles descrevem seus sentimentos e experiências atuais. Selecione a opção que melhor descreve o quanto você sentiu ou experienciou as coisas durante as duas últimas semanas, incluindo hoje. Use a seguinte escala para responder:","NA","Eu tive pensamentos perturbadores sobre coisas ruins que aconteceram comigo.","","Extremamente","5","Listed below are feelings, sensations, problems and experiences that people have at times. Read each item to decide how well it describes your current feelings and experiences. Select the option that best describes how much you felt or experienced these things during the past two weeks, including today. Use the following scale to answer:","","I had disturbing thoughts about bad things that happened to me.","Extremely"
"idas_machado2024","main","IDAS87","Brazilian Version of the Inventory of Depression and Anxiety Symptoms","Portuguese","Abaixo estão listados sentimentos, sensações, problemas e experiências que as pessoas têm em alguns momentos. Leia cada item para determinar o quanto eles descrevem seus sentimentos e experiências atuais. Selecione a opção que melhor descreve o quanto você sentiu ou experienciou as coisas durante as duas últimas semanas, incluindo hoje. Use a seguinte escala para responder:","NA","Foi difícil acompanhar meus pensamentos, pois eles estavam acontecendo muito rapidamente.","","Extremamente","5","Listed below are feelings, sensations, problems and experiences that people have at times. Read each item to decide how well it describes your current feelings and experiences. Select the option that best describes how much you felt or experienced these things during the past two weeks, including today. Use the following scale to answer:","","It was hard to keep up with my thoughts, they were coming so fast.","Extremely"
"idas_machado2024","main","IDAS20","Brazilian Version of the Inventory of Depression and Anxiety Symptoms","Portuguese","Abaixo estão listados sentimentos, sensações, problemas e experiências que as pessoas têm em alguns momentos. Leia cada item para determinar o quanto eles descrevem seus sentimentos e experiências atuais. Selecione a opção que melhor descreve o quanto você sentiu ou experienciou as coisas durante as duas últimas semanas, incluindo hoje. Use a seguinte escala para responder:","NA","Eu fiquei ansioso em ambientes públicos com muitas pessoas.","","Extremamente","5","Listed below are feelings, sensations, problems and experiences that people have at times. Read each item to decide how well it describes your current feelings and experiences. Select the option that best describes how much you felt or experienced these things during the past two weeks, including today. Use the following scale to answer:","","I felt anxious in public places with a lot of people.","Extremely"
"idas_machado2024","main","IDAS10","Brazilian Version of the Inventory of Depression and Anxiety Symptoms","Portuguese","Abaixo estão listados sentimentos, sensações, problemas e experiências que as pessoas têm em alguns momentos. Leia cada item para determinar o quanto eles descrevem seus sentimentos e experiências atuais. Selecione a opção que melhor descreve o quanto você sentiu ou experienciou as coisas durante as duas últimas semanas, incluindo hoje. Use a seguinte escala para responder:","NA","Eu tive orgulho de mim.","","Extremamente","5","Listed below are feelings, sensations, problems and experiences that people have at times. Read each item to decide how well it describes your current feelings and experiences. Select the option that best describes how much you felt or experienced these things during the past two weeks, including today. Use the following scale to answer:","","I felt proud of myself.","Extremely"
"idas_machado2024","main","IDAS34","Brazilian Version of the Inventory of Depression and Anxiety Symptoms","Portuguese","Abaixo estão listados sentimentos, sensações, problemas e experiências que as pessoas têm em alguns momentos. Leia cada item para determinar o quanto eles descrevem seus sentimentos e experiências atuais. Selecione a opção que melhor descreve o quanto você sentiu ou experienciou as coisas durante as duas últimas semanas, incluindo hoje. Use a seguinte escala para responder:","NA","Eu tive lembranças de uma coisa assustadora que aconteceu.","","Extremamente","5","Listed below are feelings, sensations, problems and experiences that people have at times. Read each item to decide how well it describes your current feelings and experiences. Select the option that best describes how much you felt or experienced these things during the past two weeks, including today. Use the following scale to answer:","","I had memories of something frightening that happened.","Extremely"
"idas_machado2024","main","IDAS52","Brazilian Version of the Inventory of Depression and Anxiety Symptoms","Portuguese","Abaixo estão listados sentimentos, sensações, problemas e experiências que as pessoas têm em alguns momentos. Leia cada item para determinar o quanto eles descrevem seus sentimentos e experiências atuais. Selecione a opção que melhor descreve o quanto você sentiu ou experienciou as coisas durante as duas últimas semanas, incluindo hoje. Use a seguinte escala para responder:","NA","Eu pensei em me machucar.","","Extremamente","5","Listed below are feelings, sensations, problems and experiences that people have at times. Read each item to decide how well it describes your current feelings and experiences. Select the option that best describes how much you felt or experienced these things during the past two weeks, including today. Use the following scale to answer:","","I thought about hurting myself.","Extremely"
"idas_machado2024","main","IDAS68","Brazilian Version of the Inventory of Depression and Anxiety Symptoms","Portuguese","Abaixo estão listados sentimentos, sensações, problemas e experiências que as pessoas têm em alguns momentos. Leia cada item para determinar o quanto eles descrevem seus sentimentos e experiências atuais. Selecione a opção que melhor descreve o quanto você sentiu ou experienciou as coisas durante as duas últimas semanas, incluindo hoje. Use a seguinte escala para responder:","NA","Eu fiquei checando as coisas de novo, e de novo.","","Extremamente","5","Listed below are feelings, sensations, problems and experiences that people have at times. Read each item to decide how well it describes your current feelings and experiences. Select the option that best describes how much you felt or experienced these things during the past two weeks, including today. Use the following scale to answer:","","I checked things over and over again.","Extremely"
"idas_machado2024","main","IDAS24","Brazilian Version of the Inventory of Depression and Anxiety Symptoms","Portuguese","Abaixo estão listados sentimentos, sensações, problemas e experiências que as pessoas têm em alguns momentos. Leia cada item para determinar o quanto eles descrevem seus sentimentos e experiências atuais. Selecione a opção que melhor descreve o quanto você sentiu ou experienciou as coisas durante as duas últimas semanas, incluindo hoje. Use a seguinte escala para responder:","NA","Eu comi quando não estava sentindo fome.","","Extremamente","5","Listed below are feelings, sensations, problems and experiences that people have at times. Read each item to decide how well it describes your current feelings and experiences. Select the option that best describes how much you felt or experienced these things during the past two weeks, including today. Use the following scale to answer:","","I ate when I was not hungry.","Extremely"
"idas_machado2024","main","IDAS13","Brazilian Version of the Inventory of Depression and Anxiety Symptoms","Portuguese","Abaixo estão listados sentimentos, sensações, problemas e experiências que as pessoas têm em alguns momentos. Leia cada item para determinar o quanto eles descrevem seus sentimentos e experiências atuais. Selecione a opção que melhor descreve o quanto você sentiu ou experienciou as coisas durante as duas últimas semanas, incluindo hoje. Use a seguinte escala para responder:","NA","Eu tive pensamentos sobre suicídio.","","Extremamente","5","Listed below are feelings, sensations, problems and experiences that people have at times. Read each item to decide how well it describes your current feelings and experiences. Select the option that best describes how much you felt or experienced these things during the past two weeks, including today. Use the following scale to answer:","","I had thoughts of suicide.","Extremely"
"idas_machado2024","main","IDAS97","Brazilian Version of the Inventory of Depression and Anxiety Symptoms","Portuguese","Abaixo estão listados sentimentos, sensações, problemas e experiências que as pessoas têm em alguns momentos. Leia cada item para determinar o quanto eles descrevem seus sentimentos e experiências atuais. Selecione a opção que melhor descreve o quanto você sentiu ou experienciou as coisas durante as duas últimas semanas, incluindo hoje. Use a seguinte escala para responder:","NA","Eu tive muito mais energia do que o habitual.","","Extremamente","5","Listed below are feelings, sensations, problems and experiences that people have at times. Read each item to decide how well it describes your current feelings and experiences. Select the option that best describes how much you felt or experienced these things during the past two weeks, including today. Use the following scale to answer:","","I had much more energy than usual.","Extremely"
"idas_machado2024","main","IDAS45","Brazilian Version of the Inventory of Depression and Anxiety Symptoms","Portuguese","Abaixo estão listados sentimentos, sensações, problemas e experiências que as pessoas têm em alguns momentos. Leia cada item para determinar o quanto eles descrevem seus sentimentos e experiências atuais. Selecione a opção que melhor descreve o quanto você sentiu ou experienciou as coisas durante as duas últimas semanas, incluindo hoje. Use a seguinte escala para responder:","NA","Meu coração disparou ou bateu forte.","","Extremamente","5","Listed below are feelings, sensations, problems and experiences that people have at times. Read each item to decide how well it describes your current feelings and experiences. Select the option that best describes how much you felt or experienced these things during the past two weeks, including today. Use the following scale to answer:","","My heart raced or pounded.","Extremely"
"idas_machado2024","main","IDAS69","Brazilian Version of the Inventory of Depression and Anxiety Symptoms","Portuguese","Abaixo estão listados sentimentos, sensações, problemas e experiências que as pessoas têm em alguns momentos. Leia cada item para determinar o quanto eles descrevem seus sentimentos e experiências atuais. Selecione a opção que melhor descreve o quanto você sentiu ou experienciou as coisas durante as duas últimas semanas, incluindo hoje. Use a seguinte escala para responder:","NA","Eu senti urgência em reorganizar coisas para que eles ficassem ""certas"".","","Extremamente","5","Listed below are feelings, sensations, problems and experiences that people have at times. Read each item to decide how well it describes your current feelings and experiences. Select the option that best describes how much you felt or experienced these things during the past two weeks, including today. Use the following scale to answer:","","I felt an urge to rearrange things so that they were ""just right"".","Extremely"
"idas_machado2024","main","IDAS1","Brazilian Version of the Inventory of Depression and Anxiety Symptoms","Portuguese","Abaixo estão listados sentimentos, sensações, problemas e experiências que as pessoas têm em alguns momentos. Leia cada item para determinar o quanto eles descrevem seus sentimentos e experiências atuais. Selecione a opção que melhor descreve o quanto você sentiu ou experienciou as coisas durante as duas últimas semanas, incluindo hoje. Use a seguinte escala para responder:","NA","Eu não tive muito apetite.","","Extremamente","5","Listed below are feelings, sensations, problems and experiences that people have at times. Read each item to decide how well it describes your current feelings and experiences. Select the option that best describes how much you felt or experienced these things during the past two weeks, including today. Use the following scale to answer:","","I did not have much of an appetite.","Extremely"
"idas_machado2024","main","IDAS27","Brazilian Version of the Inventory of Depression and Anxiety Symptoms","Portuguese","Abaixo estão listados sentimentos, sensações, problemas e experiências que as pessoas têm em alguns momentos. Leia cada item para determinar o quanto eles descrevem seus sentimentos e experiências atuais. Selecione a opção que melhor descreve o quanto você sentiu ou experienciou as coisas durante as duas últimas semanas, incluindo hoje. Use a seguinte escala para responder:","NA","Eu esperei ansiosamente para fazer coisas prazerosas.","","Extremamente","5","Listed below are feelings, sensations, problems and experiences that people have at times. Read each item to decide how well it describes your current feelings and experiences. Select the option that best describes how much you felt or experienced these things during the past two weeks, including today. Use the following scale to answer:","","I looked forward to doing enjoyable things.","Extremely"
"idas_machado2024","main","IDAS96","Brazilian Version of the Inventory of Depression and Anxiety Symptoms","Portuguese","Abaixo estão listados sentimentos, sensações, problemas e experiências que as pessoas têm em alguns momentos. Leia cada item para determinar o quanto eles descrevem seus sentimentos e experiências atuais. Selecione a opção que melhor descreve o quanto você sentiu ou experienciou as coisas durante as duas últimas semanas, incluindo hoje. Use a seguinte escala para responder:","NA","Eu evitei usar banheiros públicos.","","Extremamente","5","Listed below are feelings, sensations, problems and experiences that people have at times. Read each item to decide how well it describes your current feelings and experiences. Select the option that best describes how much you felt or experienced these things during the past two weeks, including today. Use the following scale to answer:","","I avoided using public toilets.","Extremely"
"idas_machado2024","main","IDAS32","Brazilian Version of the Inventory of Depression and Anxiety Symptoms","Portuguese","Abaixo estão listados sentimentos, sensações, problemas e experiências que as pessoas têm em alguns momentos. Leia cada item para determinar o quanto eles descrevem seus sentimentos e experiências atuais. Selecione a opção que melhor descreve o quanto você sentiu ou experienciou as coisas durante as duas últimas semanas, incluindo hoje. Use a seguinte escala para responder:","NA","Eu tive tremores.","","Extremamente","5","Listed below are feelings, sensations, problems and experiences that people have at times. Read each item to decide how well it describes your current feelings and experiences. Select the option that best describes how much you felt or experienced these things during the past two weeks, including today. Use the following scale to answer:","","I had tremors or shaking.","Extremely"
"idas_machado2024","main","IDAS74","Brazilian Version of the Inventory of Depression and Anxiety Symptoms","Portuguese","Abaixo estão listados sentimentos, sensações, problemas e experiências que as pessoas têm em alguns momentos. Leia cada item para determinar o quanto eles descrevem seus sentimentos e experiências atuais. Selecione a opção que melhor descreve o quanto você sentiu ou experienciou as coisas durante as duas últimas semanas, incluindo hoje. Use a seguinte escala para responder:","NA","Eu evitei lugares pequenos.","","Extremamente","5","Listed below are feelings, sensations, problems and experiences that people have at times. Read each item to decide how well it describes your current feelings and experiences. Select the option that best describes how much you felt or experienced these things during the past two weeks, including today. Use the following scale to answer:","","I avoided small spaces.","Extremely"
"idas_machado2024","main","IDAS90","Brazilian Version of the Inventory of Depression and Anxiety Symptoms","Portuguese","Abaixo estão listados sentimentos, sensações, problemas e experiências que as pessoas têm em alguns momentos. Leia cada item para determinar o quanto eles descrevem seus sentimentos e experiências atuais. Selecione a opção que melhor descreve o quanto você sentiu ou experienciou as coisas durante as duas últimas semanas, incluindo hoje. Use a seguinte escala para responder:","NA","Eu tive medo de tuneis.","","Extremamente","5","Listed below are feelings, sensations, problems and experiences that people have at times. Read each item to decide how well it describes your current feelings and experiences. Select the option that best describes how much you felt or experienced these things during the past two weeks, including today. Use the following scale to answer:","","I was afraid of tunnels.","Extremely"
"idas_machado2024","main","IDAS11","Brazilian Version of the Inventory of Depression and Anxiety Symptoms","Portuguese","Abaixo estão listados sentimentos, sensações, problemas e experiências que as pessoas têm em alguns momentos. Leia cada item para determinar o quanto eles descrevem seus sentimentos e experiências atuais. Selecione a opção que melhor descreve o quanto você sentiu ou experienciou as coisas durante as duas últimas semanas, incluindo hoje. Use a seguinte escala para responder:","NA","Eu tive problemas para pegar no sono.","","Extremamente","5","Listed below are feelings, sensations, problems and experiences that people have at times. Read each item to decide how well it describes your current feelings and experiences. Select the option that best describes how much you felt or experienced these things during the past two weeks, including today. Use the following scale to answer:","","I had trouble falling asleep.","Extremely"
"idas_machado2024","main","IDAS84","Brazilian Version of the Inventory of Depression and Anxiety Symptoms","Portuguese","Abaixo estão listados sentimentos, sensações, problemas e experiências que as pessoas têm em alguns momentos. Leia cada item para determinar o quanto eles descrevem seus sentimentos e experiências atuais. Selecione a opção que melhor descreve o quanto você sentiu ou experienciou as coisas durante as duas últimas semanas, incluindo hoje. Use a seguinte escala para responder:","NA","Eu me senti ansioso em lugares pequenos.","","Extremamente","5","Listed below are feelings, sensations, problems and experiences that people have at times. Read each item to decide how well it describes your current feelings and experiences. Select the option that best describes how much you felt or experienced these things during the past two weeks, including today. Use the following scale to answer:","","I felt anxious in small spaces.","Extremely"
"idas_machado2024","main","IDAS91","Brazilian Version of the Inventory of Depression and Anxiety Symptoms","Portuguese","Abaixo estão listados sentimentos, sensações, problemas e experiências que as pessoas têm em alguns momentos. Leia cada item para determinar o quanto eles descrevem seus sentimentos e experiências atuais. Selecione a opção que melhor descreve o quanto você sentiu ou experienciou as coisas durante as duas últimas semanas, incluindo hoje. Use a seguinte escala para responder:","NA","Eu tive que me limpar, pois me senti contaminado.","","Extremamente","5","Listed below are feelings, sensations, problems and experiences that people have at times. Read each item to decide how well it describes your current feelings and experiences. Select the option that best describes how much you felt or experienced these things during the past two weeks, including today. Use the following scale to answer:","","I had to clean myself because I felt contaminated.","Extremely"
"idas_machado2024","main","IDAS62","Brazilian Version of the Inventory of Depression and Anxiety Symptoms","Portuguese","Abaixo estão listados sentimentos, sensações, problemas e experiências que as pessoas têm em alguns momentos. Leia cada item para determinar o quanto eles descrevem seus sentimentos e experiências atuais. Selecione a opção que melhor descreve o quanto você sentiu ou experienciou as coisas durante as duas últimas semanas, incluindo hoje. Use a seguinte escala para responder:","NA","Até mesmo pequenas coisas me deixaram bravo.","","Extremamente","5","Listed below are feelings, sensations, problems and experiences that people have at times. Read each item to decide how well it describes your current feelings and experiences. Select the option that best describes how much you felt or experienced these things during the past two weeks, including today. Use the following scale to answer:","","Even little things made me angry.","Extremely"
"idas_machado2024","main","IDAS92","Brazilian Version of the Inventory of Depression and Anxiety Symptoms","Portuguese","Abaixo estão listados sentimentos, sensações, problemas e experiências que as pessoas têm em alguns momentos. Leia cada item para determinar o quanto eles descrevem seus sentimentos e experiências atuais. Selecione a opção que melhor descreve o quanto você sentiu ou experienciou as coisas durante as duas últimas semanas, incluindo hoje. Use a seguinte escala para responder:","NA","Eu senti que podia fazer coisas que as outras pessoas não conseguem.","","Extremamente","5","Listed below are feelings, sensations, problems and experiences that people have at times. Read each item to decide how well it describes your current feelings and experiences. Select the option that best describes how much you felt or experienced these things during the past two weeks, including today. Use the following scale to answer:","","I felt I could do things other people cannot.","Extremely"
"idas_machado2024","main","IDAS12","Brazilian Version of the Inventory of Depression and Anxiety Symptoms","Portuguese","Abaixo estão listados sentimentos, sensações, problemas e experiências que as pessoas têm em alguns momentos. Leia cada item para determinar o quanto eles descrevem seus sentimentos e experiências atuais. Selecione a opção que melhor descreve o quanto você sentiu ou experienciou as coisas durante as duas últimas semanas, incluindo hoje. Use a seguinte escala para responder:","NA","Eu estive furioso.","","Extremamente","5","Listed below are feelings, sensations, problems and experiences that people have at times. Read each item to decide how well it describes your current feelings and experiences. Select the option that best describes how much you felt or experienced these things during the past two weeks, including today. Use the following scale to answer:","","I was furious.","Extremely"
"idas_machado2024","main","IDAS28","Brazilian Version of the Inventory of Depression and Anxiety Symptoms","Portuguese","Abaixo estão listados sentimentos, sensações, problemas e experiências que as pessoas têm em alguns momentos. Leia cada item para determinar o quanto eles descrevem seus sentimentos e experiências atuais. Selecione a opção que melhor descreve o quanto você sentiu ou experienciou as coisas durante as duas últimas semanas, incluindo hoje. Use a seguinte escala para responder:","NA","Eu tive pesadelos que me lembraram de uma coisa ruim que aconteceu.","","Extremamente","5","Listed below are feelings, sensations, problems and experiences that people have at times. Read each item to decide how well it describes your current feelings and experiences. Select the option that best describes how much you felt or experienced these things during the past two weeks, including today. Use the following scale to answer:","","I had nightmares that reminded me of something bad that happened.","Extremely"
"idas_machado2024","main","IDAS44","Brazilian Version of the Inventory of Depression and Anxiety Symptoms","Portuguese","Abaixo estão listados sentimentos, sensações, problemas e experiências que as pessoas têm em alguns momentos. Leia cada item para determinar o quanto eles descrevem seus sentimentos e experiências atuais. Selecione a opção que melhor descreve o quanto você sentiu ou experienciou as coisas durante as duas últimas semanas, incluindo hoje. Use a seguinte escala para responder:","NA","Eu perdi a paciência e gritei com pessoas.","","Extremamente","5","Listed below are feelings, sensations, problems and experiences that people have at times. Read each item to decide how well it describes your current feelings and experiences. Select the option that best describes how much you felt or experienced these things during the past two weeks, including today. Use the following scale to answer:","","I lost my temper and shouted at people.","Extremely"
"idas_machado2024","main","IDAS5","Brazilian Version of the Inventory of Depression and Anxiety Symptoms","Portuguese","Abaixo estão listados sentimentos, sensações, problemas e experiências que as pessoas têm em alguns momentos. Leia cada item para determinar o quanto eles descrevem seus sentimentos e experiências atuais. Selecione a opção que melhor descreve o quanto você sentiu ou experienciou as coisas durante as duas últimas semanas, incluindo hoje. Use a seguinte escala para responder:","NA","Eu me senti agitado, inquieto.","","Extremamente","5","Listed below are feelings, sensations, problems and experiences that people have at times. Read each item to decide how well it describes your current feelings and experiences. Select the option that best describes how much you felt or experienced these things during the past two weeks, including today. Use the following scale to answer:","","I felt agitated, restless.","Extremely"
"idas_machado2024","main","IDAS95","Brazilian Version of the Inventory of Depression and Anxiety Symptoms","Portuguese","Abaixo estão listados sentimentos, sensações, problemas e experiências que as pessoas têm em alguns momentos. Leia cada item para determinar o quanto eles descrevem seus sentimentos e experiências atuais. Selecione a opção que melhor descreve o quanto você sentiu ou experienciou as coisas durante as duas últimas semanas, incluindo hoje. Use a seguinte escala para responder:","NA","Eu tive pequenos rituais ou hábitos que tomaram muito do meu tempo.","","Extremamente","5","Listed below are feelings, sensations, problems and experiences that people have at times. Read each item to decide how well it describes your current feelings and experiences. Select the option that best describes how much you felt or experienced these things during the past two weeks, including today. Use the following scale to answer:","","I had small rituals or habits that took up a lot of my time.","Extremely"
"idas_machado2024","main","IDAS57","Brazilian Version of the Inventory of Depression and Anxiety Symptoms","Portuguese","Abaixo estão listados sentimentos, sensações, problemas e experiências que as pessoas têm em alguns momentos. Leia cada item para determinar o quanto eles descrevem seus sentimentos e experiências atuais. Selecione a opção que melhor descreve o quanto você sentiu ou experienciou as coisas durante as duas últimas semanas, incluindo hoje. Use a seguinte escala para responder:","NA","Eu falei mais devagar do que falo geralmente.","","Extremamente","5","Listed below are feelings, sensations, problems and experiences that people have at times. Read each item to decide how well it describes your current feelings and experiences. Select the option that best describes how much you felt or experienced these things during the past two weeks, including today. Use the following scale to answer:","","I spoke more slowly than I usually do.","Extremely"
"idas_machado2024","main","IDAS70","Brazilian Version of the Inventory of Depression and Anxiety Symptoms","Portuguese","Abaixo estão listados sentimentos, sensações, problemas e experiências que as pessoas têm em alguns momentos. Leia cada item para determinar o quanto eles descrevem seus sentimentos e experiências atuais. Selecione a opção que melhor descreve o quanto você sentiu ou experienciou as coisas durante as duas últimas semanas, incluindo hoje. Use a seguinte escala para responder:","NA","Eu me preocupei muito com germes.","","Extremamente","5","Listed below are feelings, sensations, problems and experiences that people have at times. Read each item to decide how well it describes your current feelings and experiences. Select the option that best describes how much you felt or experienced these things during the past two weeks, including today. Use the following scale to answer:","","I worried a lot about germs.","Extremely"
"idas_machado2024","main","IDAS93","Brazilian Version of the Inventory of Depression and Anxiety Symptoms","Portuguese","Abaixo estão listados sentimentos, sensações, problemas e experiências que as pessoas têm em alguns momentos. Leia cada item para determinar o quanto eles descrevem seus sentimentos e experiências atuais. Selecione a opção que melhor descreve o quanto você sentiu ou experienciou as coisas durante as duas últimas semanas, incluindo hoje. Use a seguinte escala para responder:","NA","Eu evitei falar de experiências ruins do meu passado.","","Extremamente","5","Listed below are feelings, sensations, problems and experiences that people have at times. Read each item to decide how well it describes your current feelings and experiences. Select the option that best describes how much you felt or experienced these things during the past two weeks, including today. Use the following scale to answer:","","I avoided talking about bad experiences from my past.","Extremely"
"idas_machado2024","main","IDAS50","Brazilian Version of the Inventory of Depression and Anxiety Symptoms","Portuguese","Abaixo estão listados sentimentos, sensações, problemas e experiências que as pessoas têm em alguns momentos. Leia cada item para determinar o quanto eles descrevem seus sentimentos e experiências atuais. Selecione a opção que melhor descreve o quanto você sentiu ou experienciou as coisas durante as duas últimas semanas, incluindo hoje. Use a seguinte escala para responder:","NA","Eu me senti esperançoso sobre o futuro.","","Extremamente","5","Listed below are feelings, sensations, problems and experiences that people have at times. Read each item to decide how well it describes your current feelings and experiences. Select the option that best describes how much you felt or experienced these things during the past two weeks, including today. Use the following scale to answer:","","I felt hopeful about the future.","Extremely"
"idas_machado2024","main","IDAS19","Brazilian Version of the Inventory of Depression and Anxiety Symptoms","Portuguese","Abaixo estão listados sentimentos, sensações, problemas e experiências que as pessoas têm em alguns momentos. Leia cada item para determinar o quanto eles descrevem seus sentimentos e experiências atuais. Selecione a opção que melhor descreve o quanto você sentiu ou experienciou as coisas durante as duas últimas semanas, incluindo hoje. Use a seguinte escala para responder:","NA","Eu pensei muito em comida.","","Extremamente","5","Listed below are feelings, sensations, problems and experiences that people have at times. Read each item to decide how well it describes your current feelings and experiences. Select the option that best describes how much you felt or experienced these things during the past two weeks, including today. Use the following scale to answer:","","I thought about food a lot.","Extremely"
"idas_machado2024","main","IDAS22","Brazilian Version of the Inventory of Depression and Anxiety Symptoms","Portuguese","Abaixo estão listados sentimentos, sensações, problemas e experiências que as pessoas têm em alguns momentos. Leia cada item para determinar o quanto eles descrevem seus sentimentos e experiências atuais. Selecione a opção que melhor descreve o quanto você sentiu ou experienciou as coisas durante as duas últimas semanas, incluindo hoje. Use a seguinte escala para responder:","NA","Eu me cortei ou me queimei de propósito.","","Extremamente","5","Listed below are feelings, sensations, problems and experiences that people have at times. Read each item to decide how well it describes your current feelings and experiences. Select the option that best describes how much you felt or experienced these things during the past two weeks, including today. Use the following scale to answer:","","I cut or burned myself on purpose.","Extremely"
"idas_machado2024","main","IDAS77","Brazilian Version of the Inventory of Depression and Anxiety Symptoms","Portuguese","Abaixo estão listados sentimentos, sensações, problemas e experiências que as pessoas têm em alguns momentos. Leia cada item para determinar o quanto eles descrevem seus sentimentos e experiências atuais. Selecione a opção que melhor descreve o quanto você sentiu ou experienciou as coisas durante as duas últimas semanas, incluindo hoje. Use a seguinte escala para responder:","NA","Eu senti como se minha mente estivesse muito rápida.","","Extremamente","5","Listed below are feelings, sensations, problems and experiences that people have at times. Read each item to decide how well it describes your current feelings and experiences. Select the option that best describes how much you felt or experienced these things during the past two weeks, including today. Use the following scale to answer:","","I felt as if my mind was racing.","Extremely"
"idas_machado2024","main","IDAS82","Brazilian Version of the Inventory of Depression and Anxiety Symptoms","Portuguese","Abaixo estão listados sentimentos, sensações, problemas e experiências que as pessoas têm em alguns momentos. Leia cada item para determinar o quanto eles descrevem seus sentimentos e experiências atuais. Selecione a opção que melhor descreve o quanto você sentiu ou experienciou as coisas durante as duas últimas semanas, incluindo hoje. Use a seguinte escala para responder:","NA","Eu segui a mesma ordem fixa de realizar tarefas.","","Extremamente","5","Listed below are feelings, sensations, problems and experiences that people have at times. Read each item to decide how well it describes your current feelings and experiences. Select the option that best describes how much you felt or experienced these things during the past two weeks, including today. Use the following scale to answer:","","I followed the same fixed order of doing things.","Extremely"
"idas_machado2024","main","IDAS30","Brazilian Version of the Inventory of Depression and Anxiety Symptoms","Portuguese","Abaixo estão listados sentimentos, sensações, problemas e experiências que as pessoas têm em alguns momentos. Leia cada item para determinar o quanto eles descrevem seus sentimentos e experiências atuais. Selecione a opção que melhor descreve o quanto você sentiu ou experienciou as coisas durante as duas últimas semanas, incluindo hoje. Use a seguinte escala para responder:","NA","Eu tive dificuldades para me motivar a fazer as coisas.","","Extremamente","5","Listed below are feelings, sensations, problems and experiences that people have at times. Read each item to decide how well it describes your current feelings and experiences. Select the option that best describes how much you felt or experienced these things during the past two weeks, including today. Use the following scale to answer:","","I had trouble motivating myself to do things.","Extremely"
"idas_machado2024","main","IDAS47","Brazilian Version of the Inventory of Depression and Anxiety Symptoms","Portuguese","Abaixo estão listados sentimentos, sensações, problemas e experiências que as pessoas têm em alguns momentos. Leia cada item para determinar o quanto eles descrevem seus sentimentos e experiências atuais. Selecione a opção que melhor descreve o quanto você sentiu ou experienciou as coisas durante as duas últimas semanas, incluindo hoje. Use a seguinte escala para responder:","NA","Eu tive dificuldade para falar com pessoas que eu não conheço bem.","","Extremamente","5","Listed below are feelings, sensations, problems and experiences that people have at times. Read each item to decide how well it describes your current feelings and experiences. Select the option that best describes how much you felt or experienced these things during the past two weeks, including today. Use the following scale to answer:","","I had trouble talking to people I do not know well.","Extremely"
"idas_machado2024","main","IDAS35","Brazilian Version of the Inventory of Depression and Anxiety Symptoms","Portuguese","Abaixo estão listados sentimentos, sensações, problemas e experiências que as pessoas têm em alguns momentos. Leia cada item para determinar o quanto eles descrevem seus sentimentos e experiências atuais. Selecione a opção que melhor descreve o quanto você sentiu ou experienciou as coisas durante as duas últimas semanas, incluindo hoje. Use a seguinte escala para responder:","NA","Eu senti vontade de quebrar coisas.","","Extremamente","5","Listed below are feelings, sensations, problems and experiences that people have at times. Read each item to decide how well it describes your current feelings and experiences. Select the option that best describes how much you felt or experienced these things during the past two weeks, including today. Use the following scale to answer:","","I felt like breaking things.","Extremely"
"idas_machado2024","main","IDAS36","Brazilian Version of the Inventory of Depression and Anxiety Symptoms","Portuguese","Abaixo estão listados sentimentos, sensações, problemas e experiências que as pessoas têm em alguns momentos. Leia cada item para determinar o quanto eles descrevem seus sentimentos e experiências atuais. Selecione a opção que melhor descreve o quanto você sentiu ou experienciou as coisas durante as duas últimas semanas, incluindo hoje. Use a seguinte escala para responder:","NA","Eu acordei frequentemente durante a noite.","","Extremamente","5","Listed below are feelings, sensations, problems and experiences that people have at times. Read each item to decide how well it describes your current feelings and experiences. Select the option that best describes how much you felt or experienced these things during the past two weeks, including today. Use the following scale to answer:","","I woke up frequently during the night.","Extremely"
"idas_machado2024","main","IDAS94","Brazilian Version of the Inventory of Depression and Anxiety Symptoms","Portuguese","Abaixo estão listados sentimentos, sensações, problemas e experiências que as pessoas têm em alguns momentos. Leia cada item para determinar o quanto eles descrevem seus sentimentos e experiências atuais. Selecione a opção que melhor descreve o quanto você sentiu ou experienciou as coisas durante as duas últimas semanas, incluindo hoje. Use a seguinte escala para responder:","NA","Eu evitei ligares apertados, fechados.","","Extremamente","5","Listed below are feelings, sensations, problems and experiences that people have at times. Read each item to decide how well it describes your current feelings and experiences. Select the option that best describes how much you felt or experienced these things during the past two weeks, including today. Use the following scale to answer:","","I avoided cramped, closed-in places.","Extremely"
"idas_machado2024","main","IDAS18","Brazilian Version of the Inventory of Depression and Anxiety Symptoms","Portuguese","Abaixo estão listados sentimentos, sensações, problemas e experiências que as pessoas têm em alguns momentos. Leia cada item para determinar o quanto eles descrevem seus sentimentos e experiências atuais. Selecione a opção que melhor descreve o quanto você sentiu ou experienciou as coisas durante as duas últimas semanas, incluindo hoje. Use a seguinte escala para responder:","NA","Eu fiquei preocupado em me envergonhar socialmente.","","Extremamente","5","Listed below are feelings, sensations, problems and experiences that people have at times. Read each item to decide how well it describes your current feelings and experiences. Select the option that best describes how much you felt or experienced these things during the past two weeks, including today. Use the following scale to answer:","","I worried about embarrassing myself socially.","Extremely"
"idas_machado2024","main","IDAS78","Brazilian Version of the Inventory of Depression and Anxiety Symptoms","Portuguese","Abaixo estão listados sentimentos, sensações, problemas e experiências que as pessoas têm em alguns momentos. Leia cada item para determinar o quanto eles descrevem seus sentimentos e experiências atuais. Selecione a opção que melhor descreve o quanto você sentiu ou experienciou as coisas durante as duas últimas semanas, incluindo hoje. Use a seguinte escala para responder:","NA","Eu senti como se eu estivesse ""no topo do mundo"".","","Extremamente","5","Listed below are feelings, sensations, problems and experiences that people have at times. Read each item to decide how well it describes your current feelings and experiences. Select the option that best describes how much you felt or experienced these things during the past two weeks, including today. Use the following scale to answer:","","I felt as if I were ""on top of the world"".","Extremely"
"idas_machado2024","main","IDAS25","Brazilian Version of the Inventory of Depression and Anxiety Symptoms","Portuguese","Abaixo estão listados sentimentos, sensações, problemas e experiências que as pessoas têm em alguns momentos. Leia cada item para determinar o quanto eles descrevem seus sentimentos e experiências atuais. Selecione a opção que melhor descreve o quanto você sentiu ou experienciou as coisas durante as duas últimas semanas, incluindo hoje. Use a seguinte escala para responder:","NA","Eu acordei muito mais cedo que o habitual.","","Extremamente","5","Listed below are feelings, sensations, problems and experiences that people have at times. Read each item to decide how well it describes your current feelings and experiences. Select the option that best describes how much you felt or experienced these things during the past two weeks, including today. Use the following scale to answer:","","I woke up much earlier than usual.","Extremely"
"idas_machado2024","main","IDAS46","Brazilian Version of the Inventory of Depression and Anxiety Symptoms","Portuguese","Abaixo estão listados sentimentos, sensações, problemas e experiências que as pessoas têm em alguns momentos. Leia cada item para determinar o quanto eles descrevem seus sentimentos e experiências atuais. Selecione a opção que melhor descreve o quanto você sentiu ou experienciou as coisas durante as duas últimas semanas, incluindo hoje. Use a seguinte escala para responder:","NA","Eu pensei na minha própria morte.","","Extremamente","5","Listed below are feelings, sensations, problems and experiences that people have at times. Read each item to decide how well it describes your current feelings and experiences. Select the option that best describes how much you felt or experienced these things during the past two weeks, including today. Use the following scale to answer:","","I thought about my own death.","Extremely"
"idas_machado2024","main","IDAS8","Brazilian Version of the Inventory of Depression and Anxiety Symptoms","Portuguese","Abaixo estão listados sentimentos, sensações, problemas e experiências que as pessoas têm em alguns momentos. Leia cada item para determinar o quanto eles descrevem seus sentimentos e experiências atuais. Selecione a opção que melhor descreve o quanto você sentiu ou experienciou as coisas durante as duas últimas semanas, incluindo hoje. Use a seguinte escala para responder:","NA","Eu me senti deprimido.","","Extremamente","5","Listed below are feelings, sensations, problems and experiences that people have at times. Read each item to decide how well it describes your current feelings and experiences. Select the option that best describes how much you felt or experienced these things during the past two weeks, including today. Use the following scale to answer:","","I felt depressed.","Extremely"
"idas_machado2024","main","IDAS40","Brazilian Version of the Inventory of Depression and Anxiety Symptoms","Portuguese","Abaixo estão listados sentimentos, sensações, problemas e experiências que as pessoas têm em alguns momentos. Leia cada item para determinar o quanto eles descrevem seus sentimentos e experiências atuais. Selecione a opção que melhor descreve o quanto você sentiu ou experienciou as coisas durante as duas últimas semanas, incluindo hoje. Use a seguinte escala para responder:","NA","Eu me senti desencorajado em relação às coisas.","","Extremamente","5","Listed below are feelings, sensations, problems and experiences that people have at times. Read each item to decide how well it describes your current feelings and experiences. Select the option that best describes how much you felt or experienced these things during the past two weeks, including today. Use the following scale to answer:","","I felt discouraged about things.","Extremely"
"idas_machado2024","main","IDAS76","Brazilian Version of the Inventory of Depression and Anxiety Symptoms","Portuguese","Abaixo estão listados sentimentos, sensações, problemas e experiências que as pessoas têm em alguns momentos. Leia cada item para determinar o quanto eles descrevem seus sentimentos e experiências atuais. Selecione a opção que melhor descreve o quanto você sentiu ou experienciou as coisas durante as duas últimas semanas, incluindo hoje. Use a seguinte escala para responder:","NA","Eu evitei manusear coisas sujas.","","Extremamente","5","Listed below are feelings, sensations, problems and experiences that people have at times. Read each item to decide how well it describes your current feelings and experiences. Select the option that best describes how much you felt or experienced these things during the past two weeks, including today. Use the following scale to answer:","","I avoided handling dirty things.","Extremely"
"idas_machado2024","main","IDAS64","Brazilian Version of the Inventory of Depression and Anxiety Symptoms","Portuguese","Abaixo estão listados sentimentos, sensações, problemas e experiências que as pessoas têm em alguns momentos. Leia cada item para determinar o quanto eles descrevem seus sentimentos e experiências atuais. Selecione a opção que melhor descreve o quanto você sentiu ou experienciou as coisas durante as duas últimas semanas, incluindo hoje. Use a seguinte escala para responder:","NA","Eu senti como se eu tivesse muita energia.","","Extremamente","5","Listed below are feelings, sensations, problems and experiences that people have at times. Read each item to decide how well it describes your current feelings and experiences. Select the option that best describes how much you felt or experienced these things during the past two weeks, including today. Use the following scale to answer:","","I felt as if I had a lot of energy.","Extremely"
"idas_machado2024","main","IDAS51","Brazilian Version of the Inventory of Depression and Anxiety Symptoms","Portuguese","Abaixo estão listados sentimentos, sensações, problemas e experiências que as pessoas têm em alguns momentos. Leia cada item para determinar o quanto eles descrevem seus sentimentos e experiências atuais. Selecione a opção que melhor descreve o quanto você sentiu ou experienciou as coisas durante as duas últimas semanas, incluindo hoje. Use a seguinte escala para responder:","NA","Eu dormi muito mal.","","Extremamente","5","Listed below are feelings, sensations, problems and experiences that people have at times. Read each item to decide how well it describes your current feelings and experiences. Select the option that best describes how much you felt or experienced these things during the past two weeks, including today. Use the following scale to answer:","","I slept very badly.","Extremely"
"idas_machado2024","main","IDAS42","Brazilian Version of the Inventory of Depression and Anxiety Symptoms","Portuguese","Abaixo estão listados sentimentos, sensações, problemas e experiências que as pessoas têm em alguns momentos. Leia cada item para determinar o quanto eles descrevem seus sentimentos e experiências atuais. Selecione a opção que melhor descreve o quanto você sentiu ou experienciou as coisas durante as duas últimas semanas, incluindo hoje. Use a seguinte escala para responder:","NA","Eu fiquei chateado pensando sobre uma coisa ruim que aconteceu.","","Extremamente","5","Listed below are feelings, sensations, problems and experiences that people have at times. Read each item to decide how well it describes your current feelings and experiences. Select the option that best describes how much you felt or experienced these things during the past two weeks, including today. Use the following scale to answer:","","I got upset thinking about something bad that happened.","Extremely"
"idas_machado2024","main","IDAS7","Brazilian Version of the Inventory of Depression and Anxiety Symptoms","Portuguese","Abaixo estão listados sentimentos, sensações, problemas e experiências que as pessoas têm em alguns momentos. Leia cada item para determinar o quanto eles descrevem seus sentimentos e experiências atuais. Selecione a opção que melhor descreve o quanto você sentiu ou experienciou as coisas durante as duas últimas semanas, incluindo hoje. Use a seguinte escala para responder:","NA","Eu senti dores no peito.","","Extremamente","5","Listed below are feelings, sensations, problems and experiences that people have at times. Read each item to decide how well it describes your current feelings and experiences. Select the option that best describes how much you felt or experienced these things during the past two weeks, including today. Use the following scale to answer:","","I had chest pains.","Extremely"
"idas_machado2024","main","IDAS65","Brazilian Version of the Inventory of Depression and Anxiety Symptoms","Portuguese","Abaixo estão listados sentimentos, sensações, problemas e experiências que as pessoas têm em alguns momentos. Leia cada item para determinar o quanto eles descrevem seus sentimentos e experiências atuais. Selecione a opção que melhor descreve o quanto você sentiu ou experienciou as coisas durante as duas últimas semanas, incluindo hoje. Use a seguinte escala para responder:","NA","Eu reorganizei coisas para que elas ficassem em uma determinada ordem.","","Extremamente","5","Listed below are feelings, sensations, problems and experiences that people have at times. Read each item to decide how well it describes your current feelings and experiences. Select the option that best describes how much you felt or experienced these things during the past two weeks, including today. Use the following scale to answer:","","I rearranged things so that they were in a particular order.","Extremely"
"idas_machado2024","main","IDAS17","Brazilian Version of the Inventory of Depression and Anxiety Symptoms","Portuguese","Abaixo estão listados sentimentos, sensações, problemas e experiências que as pessoas têm em alguns momentos. Leia cada item para determinar o quanto eles descrevem seus sentimentos e experiências atuais. Selecione a opção que melhor descreve o quanto você sentiu ou experienciou as coisas durante as duas últimas semanas, incluindo hoje. Use a seguinte escala para responder:","NA","Eu acordei cedo e não consegui voltar a dormir.","","Extremamente","5","Listed below are feelings, sensations, problems and experiences that people have at times. Read each item to decide how well it describes your current feelings and experiences. Select the option that best describes how much you felt or experienced these things during the past two weeks, including today. Use the following scale to answer:","","I woke early and could not get back to sleep.","Extremely"
"idas_machado2024","main","IDAS15","Brazilian Version of the Inventory of Depression and Anxiety Symptoms","Portuguese","Abaixo estão listados sentimentos, sensações, problemas e experiências que as pessoas têm em alguns momentos. Leia cada item para determinar o quanto eles descrevem seus sentimentos e experiências atuais. Selecione a opção que melhor descreve o quanto você sentiu ou experienciou as coisas durante as duas últimas semanas, incluindo hoje. Use a seguinte escala para responder:","NA","Eu me senti constrangido sabendo que pessoas estavam me observando.","","Extremamente","5","Listed below are feelings, sensations, problems and experiences that people have at times. Read each item to decide how well it describes your current feelings and experiences. Select the option that best describes how much you felt or experienced these things during the past two weeks, including today. Use the following scale to answer:","","I felt self-conscious knowing that people were watching me.","Extremely"
"idas_machado2024","main","IDAS4","Brazilian Version of the Inventory of Depression and Anxiety Symptoms","Portuguese","Abaixo estão listados sentimentos, sensações, problemas e experiências que as pessoas têm em alguns momentos. Leia cada item para determinar o quanto eles descrevem seus sentimentos e experiências atuais. Selecione a opção que melhor descreve o quanto você sentiu ou experienciou as coisas durante as duas últimas semanas, incluindo hoje. Use a seguinte escala para responder:","NA","Eu dormi menos que o habitual.","","Extremamente","5","Listed below are feelings, sensations, problems and experiences that people have at times. Read each item to decide how well it describes your current feelings and experiences. Select the option that best describes how much you felt or experienced these things during the past two weeks, including today. Use the following scale to answer:","","I slept less than usual.","Extremely"
"idas_machado2024","main","IDAS55","Brazilian Version of the Inventory of Depression and Anxiety Symptoms","Portuguese","Abaixo estão listados sentimentos, sensações, problemas e experiências que as pessoas têm em alguns momentos. Leia cada item para determinar o quanto eles descrevem seus sentimentos e experiências atuais. Selecione a opção que melhor descreve o quanto você sentiu ou experienciou as coisas durante as duas últimas semanas, incluindo hoje. Use a seguinte escala para responder:","NA","Eu me senti lento, sonolento.","","Extremamente","5","Listed below are feelings, sensations, problems and experiences that people have at times. Read each item to decide how well it describes your current feelings and experiences. Select the option that best describes how much you felt or experienced these things during the past two weeks, including today. Use the following scale to answer:","","I felt slowed down, drowsy.","Extremely"
"idas_machado2024","main","IDAS49","Brazilian Version of the Inventory of Depression and Anxiety Symptoms","Portuguese","Abaixo estão listados sentimentos, sensações, problemas e experiências que as pessoas têm em alguns momentos. Leia cada item para determinar o quanto eles descrevem seus sentimentos e experiências atuais. Selecione a opção que melhor descreve o quanto você sentiu ou experienciou as coisas durante as duas últimas semanas, incluindo hoje. Use a seguinte escala para responder:","NA","Eu estive com a boca muito seca.","","Extremamente","5","Listed below are feelings, sensations, problems and experiences that people have at times. Read each item to decide how well it describes your current feelings and experiences. Select the option that best describes how much you felt or experienced these things during the past two weeks, including today. Use the following scale to answer:","","My mouth was very dry.","Extremely"
"idas_machado2024","main","IDAS3","Brazilian Version of the Inventory of Depression and Anxiety Symptoms","Portuguese","Abaixo estão listados sentimentos, sensações, problemas e experiências que as pessoas têm em alguns momentos. Leia cada item para determinar o quanto eles descrevem seus sentimentos e experiências atuais. Selecione a opção que melhor descreve o quanto você sentiu ou experienciou as coisas durante as duas últimas semanas, incluindo hoje. Use a seguinte escala para responder:","NA","Eu me senti otimista.","","Extremamente","5","Listed below are feelings, sensations, problems and experiences that people have at times. Read each item to decide how well it describes your current feelings and experiences. Select the option that best describes how much you felt or experienced these things during the past two weeks, including today. Use the following scale to answer:","","I felt optimistic.","Extremely"
"idas_machado2024","main","IDAS85","Brazilian Version of the Inventory of Depression and Anxiety Symptoms","Portuguese","Abaixo estão listados sentimentos, sensações, problemas e experiências que as pessoas têm em alguns momentos. Leia cada item para determinar o quanto eles descrevem seus sentimentos e experiências atuais. Selecione a opção que melhor descreve o quanto você sentiu ou experienciou as coisas durante as duas últimas semanas, incluindo hoje. Use a seguinte escala para responder:","NA","Eu me senti obrigado a seguir certos rituais.","","Extremamente","5","Listed below are feelings, sensations, problems and experiences that people have at times. Read each item to decide how well it describes your current feelings and experiences. Select the option that best describes how much you felt or experienced these things during the past two weeks, including today. Use the following scale to answer:","","I felt compelled to follow certain rituals.","Extremely"
"idas_machado2024","main","IDAS9","Brazilian Version of the Inventory of Depression and Anxiety Symptoms","Portuguese","Abaixo estão listados sentimentos, sensações, problemas e experiências que as pessoas têm em alguns momentos. Leia cada item para determinar o quanto eles descrevem seus sentimentos e experiências atuais. Selecione a opção que melhor descreve o quanto você sentiu ou experienciou as coisas durante as duas últimas semanas, incluindo hoje. Use a seguinte escala para responder:","NA","Eu tive dificuldades para tomar decisões.","","Extremamente","5","Listed below are feelings, sensations, problems and experiences that people have at times. Read each item to decide how well it describes your current feelings and experiences. Select the option that best describes how much you felt or experienced these things during the past two weeks, including today. Use the following scale to answer:","","I had trouble making decisions.","Extremely"
"idas_machado2024","main","IDAS60","Brazilian Version of the Inventory of Depression and Anxiety Symptoms","Portuguese","Abaixo estão listados sentimentos, sensações, problemas e experiências que as pessoas têm em alguns momentos. Leia cada item para determinar o quanto eles descrevem seus sentimentos e experiências atuais. Selecione a opção que melhor descreve o quanto você sentiu ou experienciou as coisas durante as duas últimas semanas, incluindo hoje. Use a seguinte escala para responder:","NA","Eu não senti muita vontade de comer.","","Extremamente","5","Listed below are feelings, sensations, problems and experiences that people have at times. Read each item to decide how well it describes your current feelings and experiences. Select the option that best describes how much you felt or experienced these things during the past two weeks, including today. Use the following scale to answer:","","I did not feel much like eating.","Extremely"
"idas_machado2024","main","IDAS38","Brazilian Version of the Inventory of Depression and Anxiety Symptoms","Portuguese","Abaixo estão listados sentimentos, sensações, problemas e experiências que as pessoas têm em alguns momentos. Leia cada item para determinar o quanto eles descrevem seus sentimentos e experiências atuais. Selecione a opção que melhor descreve o quanto você sentiu ou experienciou as coisas durante as duas últimas semanas, incluindo hoje. Use a seguinte escala para responder:","NA","Eu me machuquei de propósito.","","Extremamente","5","Listed below are feelings, sensations, problems and experiences that people have at times. Read each item to decide how well it describes your current feelings and experiences. Select the option that best describes how much you felt or experienced these things during the past two weeks, including today. Use the following scale to answer:","","I hurt myself on purpose.","Extremely"
"idas_machado2024","main","IDAS37","Brazilian Version of the Inventory of Depression and Anxiety Symptoms","Portuguese","Abaixo estão listados sentimentos, sensações, problemas e experiências que as pessoas têm em alguns momentos. Leia cada item para determinar o quanto eles descrevem seus sentimentos e experiências atuais. Selecione a opção que melhor descreve o quanto você sentiu ou experienciou as coisas durante as duas últimas semanas, incluindo hoje. Use a seguinte escala para responder:","NA","Eu senti muita raiva.","","Extremamente","5","Listed below are feelings, sensations, problems and experiences that people have at times. Read each item to decide how well it describes your current feelings and experiences. Select the option that best describes how much you felt or experienced these things during the past two weeks, including today. Use the following scale to answer:","","I felt a lot of anger.","Extremely"
"idas_machado2024","main","IDAS66","Brazilian Version of the Inventory of Depression and Anxiety Symptoms","Portuguese","Abaixo estão listados sentimentos, sensações, problemas e experiências que as pessoas têm em alguns momentos. Leia cada item para determinar o quanto eles descrevem seus sentimentos e experiências atuais. Selecione a opção que melhor descreve o quanto você sentiu ou experienciou as coisas durante as duas últimas semanas, incluindo hoje. Use a seguinte escala para responder:","NA","Eu lavei minhas mãos excessivamente.","","Extremamente","5","Listed below are feelings, sensations, problems and experiences that people have at times. Read each item to decide how well it describes your current feelings and experiences. Select the option that best describes how much you felt or experienced these things during the past two weeks, including today. Use the following scale to answer:","","I washed my hands excessively.","Extremely"
"idas_machado2024","main","IDAS53","Brazilian Version of the Inventory of Depression and Anxiety Symptoms","Portuguese","Abaixo estão listados sentimentos, sensações, problemas e experiências que as pessoas têm em alguns momentos. Leia cada item para determinar o quanto eles descrevem seus sentimentos e experiências atuais. Selecione a opção que melhor descreve o quanto você sentiu ou experienciou as coisas durante as duas últimas semanas, incluindo hoje. Use a seguinte escala para responder:","NA","Eu esperei ansiosamente por muitas coisas.","","Extremamente","5","Listed below are feelings, sensations, problems and experiences that people have at times. Read each item to decide how well it describes your current feelings and experiences. Select the option that best describes how much you felt or experienced these things during the past two weeks, including today. Use the following scale to answer:","","I looked forward to many things.","Extremely"
"idas_machado2024","main","IDAS79","Brazilian Version of the Inventory of Depression and Anxiety Symptoms","Portuguese","Abaixo estão listados sentimentos, sensações, problemas e experiências que as pessoas têm em alguns momentos. Leia cada item para determinar o quanto eles descrevem seus sentimentos e experiências atuais. Selecione a opção que melhor descreve o quanto você sentiu ou experienciou as coisas durante as duas últimas semanas, incluindo hoje. Use a seguinte escala para responder:","NA","Eu evitei situações que me trouxessem memórias ruins.","","Extremamente","5","Listed below are feelings, sensations, problems and experiences that people have at times. Read each item to decide how well it describes your current feelings and experiences. Select the option that best describes how much you felt or experienced these things during the past two weeks, including today. Use the following scale to answer:","","I avoided situations that would bring back bad memories.","Extremely"
"idas_machado2024","main","IDAS2","Brazilian Version of the Inventory of Depression and Anxiety Symptoms","Portuguese","Abaixo estão listados sentimentos, sensações, problemas e experiências que as pessoas têm em alguns momentos. Leia cada item para determinar o quanto eles descrevem seus sentimentos e experiências atuais. Selecione a opção que melhor descreve o quanto você sentiu ou experienciou as coisas durante as duas últimas semanas, incluindo hoje. Use a seguinte escala para responder:","NA","Eu tive pouco interesse em minhas atividades diárias e hobbies.","","Extremamente","5","Listed below are feelings, sensations, problems and experiences that people have at times. Read each item to decide how well it describes your current feelings and experiences. Select the option that best describes how much you felt or experienced these things during the past two weeks, including today. Use the following scale to answer:","","I had little interest in my daily activities and hobbies.","Extremely"
"idas_machado2024","main","IDAS99","Brazilian Version of the Inventory of Depression and Anxiety Symptoms","Portuguese","Abaixo estão listados sentimentos, sensações, problemas e experiências que as pessoas têm em alguns momentos. Leia cada item para determinar o quanto eles descrevem seus sentimentos e experiências atuais. Selecione a opção que melhor descreve o quanto você sentiu ou experienciou as coisas durante as duas últimas semanas, incluindo hoje. Use a seguinte escala para responder:","NA","Eu me senti ansioso sobre falar em público.","","Extremamente","5","Listed below are feelings, sensations, problems and experiences that people have at times. Read each item to decide how well it describes your current feelings and experiences. Select the option that best describes how much you felt or experienced these things during the past two weeks, including today. Use the following scale to answer:","","I felt anxious about speaking in public.","Extremely"
"idas_machado2024","main","IDAS75","Brazilian Version of the Inventory of Depression and Anxiety Symptoms","Portuguese","Abaixo estão listados sentimentos, sensações, problemas e experiências que as pessoas têm em alguns momentos. Leia cada item para determinar o quanto eles descrevem seus sentimentos e experiências atuais. Selecione a opção que melhor descreve o quanto você sentiu ou experienciou as coisas durante as duas últimas semanas, incluindo hoje. Use a seguinte escala para responder:","NA","Eu me peguei checando coisas, mesmo sabendo que não era necessário.","","Extremamente","5","Listed below are feelings, sensations, problems and experiences that people have at times. Read each item to decide how well it describes your current feelings and experiences. Select the option that best describes how much you felt or experienced these things during the past two weeks, including today. Use the following scale to answer:","","I caught myself checking things even though I knew it was not necessary.","Extremely"
"idas_machado2024","main","IDAS31","Brazilian Version of the Inventory of Depression and Anxiety Symptoms","Portuguese","Abaixo estão listados sentimentos, sensações, problemas e experiências que as pessoas têm em alguns momentos. Leia cada item para determinar o quanto eles descrevem seus sentimentos e experiências atuais. Selecione a opção que melhor descreve o quanto você sentiu ou experienciou as coisas durante as duas últimas semanas, incluindo hoje. Use a seguinte escala para responder:","NA","Eu me senti inadequado.","","Extremamente","5","Listed below are feelings, sensations, problems and experiences that people have at times. Read each item to decide how well it describes your current feelings and experiences. Select the option that best describes how much you felt or experienced these things during the past two weeks, including today. Use the following scale to answer:","","I felt inadequate.","Extremely"
"idas_machado2024","main","IDAS23","Brazilian Version of the Inventory of Depression and Anxiety Symptoms","Portuguese","Abaixo estão listados sentimentos, sensações, problemas e experiências que as pessoas têm em alguns momentos. Leia cada item para determinar o quanto eles descrevem seus sentimentos e experiências atuais. Selecione a opção que melhor descreve o quanto você sentiu ou experienciou as coisas durante as duas últimas semanas, incluindo hoje. Use a seguinte escala para responder:","NA","Eu senti que tinha conquistado muitas coisas.","","Extremamente","5","Listed below are feelings, sensations, problems and experiences that people have at times. Read each item to decide how well it describes your current feelings and experiences. Select the option that best describes how much you felt or experienced these things during the past two weeks, including today. Use the following scale to answer:","","I felt that I had accomplished a lot.","Extremely"
"idas_machado2024","main","IDAS89","Brazilian Version of the Inventory of Depression and Anxiety Symptoms","Portuguese","Abaixo estão listados sentimentos, sensações, problemas e experiências que as pessoas têm em alguns momentos. Leia cada item para determinar o quanto eles descrevem seus sentimentos e experiências atuais. Selecione a opção que melhor descreve o quanto você sentiu ou experienciou as coisas durante as duas últimas semanas, incluindo hoje. Use a seguinte escala para responder:","NA","Eu tentei ignorar lembranças que me deixam chateado.","","Extremamente","5","Listed below are feelings, sensations, problems and experiences that people have at times. Read each item to decide how well it describes your current feelings and experiences. Select the option that best describes how much you felt or experienced these things during the past two weeks, including today. Use the following scale to answer:","","I tried to ignore memories that upset me.","Extremely"
"idas_machado2024","main","IDAS71","Brazilian Version of the Inventory of Depression and Anxiety Symptoms","Portuguese","Abaixo estão listados sentimentos, sensações, problemas e experiências que as pessoas têm em alguns momentos. Leia cada item para determinar o quanto eles descrevem seus sentimentos e experiências atuais. Selecione a opção que melhor descreve o quanto você sentiu ou experienciou as coisas durante as duas últimas semanas, incluindo hoje. Use a seguinte escala para responder:","NA","Eu falei tão rápido que as pessoas não conseguiram me entender.","","Extremamente","5","Listed below are feelings, sensations, problems and experiences that people have at times. Read each item to decide how well it describes your current feelings and experiences. Select the option that best describes how much you felt or experienced these things during the past two weeks, including today. Use the following scale to answer:","","I talked so fast that people could not understand me.","Extremely"
"idas_machado2024","main","IDAS6","Brazilian Version of the Inventory of Depression and Anxiety Symptoms","Portuguese","Abaixo estão listados sentimentos, sensações, problemas e experiências que as pessoas têm em alguns momentos. Leia cada item para determinar o quanto eles descrevem seus sentimentos e experiências atuais. Selecione a opção que melhor descreve o quanto você sentiu ou experienciou as coisas durante as duas últimas semanas, incluindo hoje. Use a seguinte escala para responder:","NA","Eu me senti exausto.","","Extremamente","5","Listed below are feelings, sensations, problems and experiences that people have at times. Read each item to decide how well it describes your current feelings and experiences. Select the option that best describes how much you felt or experienced these things during the past two weeks, including today. Use the following scale to answer:","","I felt exhausted.","Extremely"
"idas_machado2024","main","IDAS58","Brazilian Version of the Inventory of Depression and Anxiety Symptoms","Portuguese","Abaixo estão listados sentimentos, sensações, problemas e experiências que as pessoas têm em alguns momentos. Leia cada item para determinar o quanto eles descrevem seus sentimentos e experiências atuais. Selecione a opção que melhor descreve o quanto você sentiu ou experienciou as coisas durante as duas últimas semanas, incluindo hoje. Use a seguinte escala para responder:","NA","Eu senti como se estivesse sufocando.","","Extremamente","5","Listed below are feelings, sensations, problems and experiences that people have at times. Read each item to decide how well it describes your current feelings and experiences. Select the option that best describes how much you felt or experienced these things during the past two weeks, including today. Use the following scale to answer:","","I felt as if I were suffocating.","Extremely"
"idas_machado2024","main","IDAS33","Brazilian Version of the Inventory of Depression and Anxiety Symptoms","Portuguese","Abaixo estão listados sentimentos, sensações, problemas e experiências que as pessoas têm em alguns momentos. Leia cada item para determinar o quanto eles descrevem seus sentimentos e experiências atuais. Selecione a opção que melhor descreve o quanto você sentiu ou experienciou as coisas durante as duas últimas semanas, incluindo hoje. Use a seguinte escala para responder:","NA","Eu pensei que o mundo seria melhor sem mim.","","Extremamente","5","Listed below are feelings, sensations, problems and experiences that people have at times. Read each item to decide how well it describes your current feelings and experiences. Select the option that best describes how much you felt or experienced these things during the past two weeks, including today. Use the following scale to answer:","","I thought the world would be better off without me.","Extremely"
"idas_machado2024","main","IDAS61","Brazilian Version of the Inventory of Depression and Anxiety Symptoms","Portuguese","Abaixo estão listados sentimentos, sensações, problemas e experiências que as pessoas têm em alguns momentos. Leia cada item para determinar o quanto eles descrevem seus sentimentos e experiências atuais. Selecione a opção que melhor descreve o quanto você sentiu ou experienciou as coisas durante as duas últimas semanas, incluindo hoje. Use a seguinte escala para responder:","NA","Eu tive problemas para me concentrar.","","Extremamente","5","Listed below are feelings, sensations, problems and experiences that people have at times. Read each item to decide how well it describes your current feelings and experiences. Select the option that best describes how much you felt or experienced these things during the past two weeks, including today. Use the following scale to answer:","","I had trouble concentrating.","Extremely"
"idas_machado2024","main","IDAS86","Brazilian Version of the Inventory of Depression and Anxiety Symptoms","Portuguese","Abaixo estão listados sentimentos, sensações, problemas e experiências que as pessoas têm em alguns momentos. Leia cada item para determinar o quanto eles descrevem seus sentimentos e experiências atuais. Selecione a opção que melhor descreve o quanto você sentiu ou experienciou as coisas durante as duas últimas semanas, incluindo hoje. Use a seguinte escala para responder:","NA","Eu tive dificuldade em tocar uma coisa que estava suja.","","Extremamente","5","Listed below are feelings, sensations, problems and experiences that people have at times. Read each item to decide how well it describes your current feelings and experiences. Select the option that best describes how much you felt or experienced these things during the past two weeks, including today. Use the following scale to answer:","","I had difficulty touching something that was dirty.","Extremely"
"idas_machado2024","main","IDAS80","Brazilian Version of the Inventory of Depression and Anxiety Symptoms","Portuguese","Abaixo estão listados sentimentos, sensações, problemas e experiências que as pessoas têm em alguns momentos. Leia cada item para determinar o quanto eles descrevem seus sentimentos e experiências atuais. Selecione a opção que melhor descreve o quanto você sentiu ou experienciou as coisas durante as duas últimas semanas, incluindo hoje. Use a seguinte escala para responder:","NA","Eu tive medo de ficar preso no meio de uma multidão.","","Extremamente","5","Listed below are feelings, sensations, problems and experiences that people have at times. Read each item to decide how well it describes your current feelings and experiences. Select the option that best describes how much you felt or experienced these things during the past two weeks, including today. Use the following scale to answer:","","I was afraid of getting trapped in a crowd.","Extremely"
"idas_machado2024","main","IDAS26","Brazilian Version of the Inventory of Depression and Anxiety Symptoms","Portuguese","Abaixo estão listados sentimentos, sensações, problemas e experiências que as pessoas têm em alguns momentos. Leia cada item para determinar o quanto eles descrevem seus sentimentos e experiências atuais. Selecione a opção que melhor descreve o quanto você sentiu ou experienciou as coisas durante as duas últimas semanas, incluindo hoje. Use a seguinte escala para responder:","NA","Eu tive menos apetite do que o habitual.","","Extremamente","5","Listed below are feelings, sensations, problems and experiences that people have at times. Read each item to decide how well it describes your current feelings and experiences. Select the option that best describes how much you felt or experienced these things during the past two weeks, including today. Use the following scale to answer:","","I had less appetite than usual.","Extremely"
"idas_machado2024","main","IDAS29","Brazilian Version of the Inventory of Depression and Anxiety Symptoms","Portuguese","Abaixo estão listados sentimentos, sensações, problemas e experiências que as pessoas têm em alguns momentos. Leia cada item para determinar o quanto eles descrevem seus sentimentos e experiências atuais. Selecione a opção que melhor descreve o quanto você sentiu ou experienciou as coisas durante as duas últimas semanas, incluindo hoje. Use a seguinte escala para responder:","NA","Eu dormi mais do que o habitual.","","Extremamente","5","Listed below are feelings, sensations, problems and experiences that people have at times. Read each item to decide how well it describes your current feelings and experiences. Select the option that best describes how much you felt or experienced these things during the past two weeks, including today. Use the following scale to answer:","","I slept more than usual.","Extremely"
"idas_machado2024","main","IDAS59","Brazilian Version of the Inventory of Depression and Anxiety Symptoms","Portuguese","Abaixo estão listados sentimentos, sensações, problemas e experiências que as pessoas têm em alguns momentos. Leia cada item para determinar o quanto eles descrevem seus sentimentos e experiências atuais. Selecione a opção que melhor descreve o quanto você sentiu ou experienciou as coisas durante as duas últimas semanas, incluindo hoje. Use a seguinte escala para responder:","NA","Eu senti como se tivesse muitas coisas interessantes para fazer.","","Extremamente","5","Listed below are feelings, sensations, problems and experiences that people have at times. Read each item to decide how well it describes your current feelings and experiences. Select the option that best describes how much you felt or experienced these things during the past two weeks, including today. Use the following scale to answer:","","I felt as if I had many interesting things to do.","Extremely"
"idas_machado2024","main","IDAS83","Brazilian Version of the Inventory of Depression and Anxiety Symptoms","Portuguese","Abaixo estão listados sentimentos, sensações, problemas e experiências que as pessoas têm em alguns momentos. Leia cada item para determinar o quanto eles descrevem seus sentimentos e experiências atuais. Selecione a opção que melhor descreve o quanto você sentiu ou experienciou as coisas durante as duas últimas semanas, incluindo hoje. Use a seguinte escala para responder:","NA","Meus pensamentos pularam rapidamente de uma ideia para outra.","","Extremamente","5","Listed below are feelings, sensations, problems and experiences that people have at times. Read each item to decide how well it describes your current feelings and experiences. Select the option that best describes how much you felt or experienced these things during the past two weeks, including today. Use the following scale to answer:","","My thoughts jumped quickly from one idea to another.","Extremely"
"idas_machado2024","main","IDAS56","Brazilian Version of the Inventory of Depression and Anxiety Symptoms","Portuguese","Abaixo estão listados sentimentos, sensações, problemas e experiências que as pessoas têm em alguns momentos. Leia cada item para determinar o quanto eles descrevem seus sentimentos e experiências atuais. Selecione a opção que melhor descreve o quanto você sentiu ou experienciou as coisas durante as duas últimas semanas, incluindo hoje. Use a seguinte escala para responder:","NA","Eu senti falta de ar.","","Extremamente","5","Listed below are feelings, sensations, problems and experiences that people have at times. Read each item to decide how well it describes your current feelings and experiences. Select the option that best describes how much you felt or experienced these things during the past two weeks, including today. Use the following scale to answer:","","I was short of breath.","Extremely"
"idas_machado2024","main","IDAS88","Brazilian Version of the Inventory of Depression and Anxiety Symptoms","Portuguese","Abaixo estão listados sentimentos, sensações, problemas e experiências que as pessoas têm em alguns momentos. Leia cada item para determinar o quanto eles descrevem seus sentimentos e experiências atuais. Selecione a opção que melhor descreve o quanto você sentiu ou experienciou as coisas durante as duas últimas semanas, incluindo hoje. Use a seguinte escala para responder:","NA","Eu tive tanta energia que foi difícil ficar sentado quieto.","","Extremamente","5","Listed below are feelings, sensations, problems and experiences that people have at times. Read each item to decide how well it describes your current feelings and experiences. Select the option that best describes how much you felt or experienced these things during the past two weeks, including today. Use the following scale to answer:","","I had so much energy that it was hard to sit still.","Extremely"
"idas_machado2024","main","IDAS43","Brazilian Version of the Inventory of Depression and Anxiety Symptoms","Portuguese","Abaixo estão listados sentimentos, sensações, problemas e experiências que as pessoas têm em alguns momentos. Leia cada item para determinar o quanto eles descrevem seus sentimentos e experiências atuais. Selecione a opção que melhor descreve o quanto você sentiu ou experienciou as coisas durante as duas últimas semanas, incluindo hoje. Use a seguinte escala para responder:","NA","Eu tive problemas para acordar de manhã.","","Extremamente","5","Listed below are feelings, sensations, problems and experiences that people have at times. Read each item to decide how well it describes your current feelings and experiences. Select the option that best describes how much you felt or experienced these things during the past two weeks, including today. Use the following scale to answer:","","I had trouble waking up in the morning.","Extremely"
"idas_machado2024","main","IDAS81","Brazilian Version of the Inventory of Depression and Anxiety Symptoms","Portuguese","Abaixo estão listados sentimentos, sensações, problemas e experiências que as pessoas têm em alguns momentos. Leia cada item para determinar o quanto eles descrevem seus sentimentos e experiências atuais. Selecione a opção que melhor descreve o quanto você sentiu ou experienciou as coisas durante as duas últimas semanas, incluindo hoje. Use a seguinte escala para responder:","NA","Eu senti a urgência de checar, para ter certeza se eu tinha feito uma coisa.","","Extremamente","5","Listed below are feelings, sensations, problems and experiences that people have at times. Read each item to decide how well it describes your current feelings and experiences. Select the option that best describes how much you felt or experienced these things during the past two weeks, including today. Use the following scale to answer:","","I felt an urge to check, to be sure I had done something.","Extremely"
"idas_machado2024","main","IDAS39","Brazilian Version of the Inventory of Depression and Anxiety Symptoms","Portuguese","Abaixo estão listados sentimentos, sensações, problemas e experiências que as pessoas têm em alguns momentos. Leia cada item para determinar o quanto eles descrevem seus sentimentos e experiências atuais. Selecione a opção que melhor descreve o quanto você sentiu ou experienciou as coisas durante as duas últimas semanas, incluindo hoje. Use a seguinte escala para responder:","NA","Eu senti como se fosse desmaiar.","","Extremamente","5","Listed below are feelings, sensations, problems and experiences that people have at times. Read each item to decide how well it describes your current feelings and experiences. Select the option that best describes how much you felt or experienced these things during the past two weeks, including today. Use the following scale to answer:","","I felt as if I were going to faint.","Extremely"
"idas_machado2024","main","IDAS54","Brazilian Version of the Inventory of Depression and Anxiety Symptoms","Portuguese","Abaixo estão listados sentimentos, sensações, problemas e experiências que as pessoas têm em alguns momentos. Leia cada item para determinar o quanto eles descrevem seus sentimentos e experiências atuais. Selecione a opção que melhor descreve o quanto você sentiu ou experienciou as coisas durante as duas últimas semanas, incluindo hoje. Use a seguinte escala para responder:","NA","Eu me senti muito pior de manhã do que no resto dia.","","Extremamente","5","Listed below are feelings, sensations, problems and experiences that people have at times. Read each item to decide how well it describes your current feelings and experiences. Select the option that best describes how much you felt or experienced these things during the past two weeks, including today. Use the following scale to answer:","","I felt much worse in the morning than during the rest of the day.","Extremely"
"idas_machado2024","main","IDAS63","Brazilian Version of the Inventory of Depression and Anxiety Symptoms","Portuguese","Abaixo estão listados sentimentos, sensações, problemas e experiências que as pessoas têm em alguns momentos. Leia cada item para determinar o quanto eles descrevem seus sentimentos e experiências atuais. Selecione a opção que melhor descreve o quanto você sentiu ou experienciou as coisas durante as duas últimas semanas, incluindo hoje. Use a seguinte escala para responder:","NA","Eu comi mais do que o habitual.","","Extremamente","5","Listed below are feelings, sensations, problems and experiences that people have at times. Read each item to decide how well it describes your current feelings and experiences. Select the option that best describes how much you felt or experienced these things during the past two weeks, including today. Use the following scale to answer:","","I ate more than usual.","Extremely"
"idas_machado2024","main","IDAS48","Brazilian Version of the Inventory of Depression and Anxiety Symptoms","Portuguese","Abaixo estão listados sentimentos, sensações, problemas e experiências que as pessoas têm em alguns momentos. Leia cada item para determinar o quanto eles descrevem seus sentimentos e experiências atuais. Selecione a opção que melhor descreve o quanto você sentiu ou experienciou as coisas durante as duas últimas semanas, incluindo hoje. Use a seguinte escala para responder:","NA","Eu fiquei preocupado o tempo todo.","","Extremamente","5","Listed below are feelings, sensations, problems and experiences that people have at times. Read each item to decide how well it describes your current feelings and experiences. Select the option that best describes how much you felt or experienced these things during the past two weeks, including today. Use the following scale to answer:","","I worried all the time.","Extremely"
"idas_machado2024","main","IDAS67","Brazilian Version of the Inventory of Depression and Anxiety Symptoms","Portuguese","Abaixo estão listados sentimentos, sensações, problemas e experiências que as pessoas têm em alguns momentos. Leia cada item para determinar o quanto eles descrevem seus sentimentos e experiências atuais. Selecione a opção que melhor descreve o quanto você sentiu ou experienciou as coisas durante as duas últimas semanas, incluindo hoje. Use a seguinte escala para responder:","NA","Eu fiquei mudando rapidamente de uma atividade para a próxima.","","Extremamente","5","Listed below are feelings, sensations, problems and experiences that people have at times. Read each item to decide how well it describes your current feelings and experiences. Select the option that best describes how much you felt or experienced these things during the past two weeks, including today. Use the following scale to answer:","","I kept switching quickly from one activity to the next.","Extremely"
"idas_machado2024","main","IDAS53","Brazilian Version of the Inventory of Depression and Anxiety Symptoms","Portuguese","Abaixo estão listados sentimentos, sensações, problemas e experiências que as pessoas têm em alguns momentos. Leia cada item para determinar o quanto eles descrevem seus sentimentos e experiências atuais. Selecione a opção que melhor descreve o quanto você sentiu ou experienciou as coisas durante as duas últimas semanas, incluindo hoje. Use a seguinte escala para responder:","NA","Eu esperei ansiosamente por muitas coisas.","","Moderadamente","3","Listed below are feelings, sensations, problems and experiences that people have at times. Read each item to decide how well it describes your current feelings and experiences. Select the option that best describes how much you felt or experienced these things during the past two weeks, including today. Use the following scale to answer:","","I looked forward to many things.","Moderately"
"idas_machado2024","main","IDAS33","Brazilian Version of the Inventory of Depression and Anxiety Symptoms","Portuguese","Abaixo estão listados sentimentos, sensações, problemas e experiências que as pessoas têm em alguns momentos. Leia cada item para determinar o quanto eles descrevem seus sentimentos e experiências atuais. Selecione a opção que melhor descreve o quanto você sentiu ou experienciou as coisas durante as duas últimas semanas, incluindo hoje. Use a seguinte escala para responder:","NA","Eu pensei que o mundo seria melhor sem mim.","","Moderadamente","3","Listed below are feelings, sensations, problems and experiences that people have at times. Read each item to decide how well it describes your current feelings and experiences. Select the option that best describes how much you felt or experienced these things during the past two weeks, including today. Use the following scale to answer:","","I thought the world would be better off without me.","Moderately"
"idas_machado2024","main","IDAS5","Brazilian Version of the Inventory of Depression and Anxiety Symptoms","Portuguese","Abaixo estão listados sentimentos, sensações, problemas e experiências que as pessoas têm em alguns momentos. Leia cada item para determinar o quanto eles descrevem seus sentimentos e experiências atuais. Selecione a opção que melhor descreve o quanto você sentiu ou experienciou as coisas durante as duas últimas semanas, incluindo hoje. Use a seguinte escala para responder:","NA","Eu me senti agitado, inquieto.","","Moderadamente","3","Listed below are feelings, sensations, problems and experiences that people have at times. Read each item to decide how well it describes your current feelings and experiences. Select the option that best describes how much you felt or experienced these things during the past two weeks, including today. Use the following scale to answer:","","I felt agitated, restless.","Moderately"
"idas_machado2024","main","IDAS14","Brazilian Version of the Inventory of Depression and Anxiety Symptoms","Portuguese","Abaixo estão listados sentimentos, sensações, problemas e experiências que as pessoas têm em alguns momentos. Leia cada item para determinar o quanto eles descrevem seus sentimentos e experiências atuais. Selecione a opção que melhor descreve o quanto você sentiu ou experienciou as coisas durante as duas últimas semanas, incluindo hoje. Use a seguinte escala para responder:","NA","Eu tive pensamentos perturbadores sobre coisas ruins que aconteceram comigo.","","Moderadamente","3","Listed below are feelings, sensations, problems and experiences that people have at times. Read each item to decide how well it describes your current feelings and experiences. Select the option that best describes how much you felt or experienced these things during the past two weeks, including today. Use the following scale to answer:","","I had disturbing thoughts about bad things that happened to me.","Moderately"
"idas_machado2024","main","IDAS21","Brazilian Version of the Inventory of Depression and Anxiety Symptoms","Portuguese","Abaixo estão listados sentimentos, sensações, problemas e experiências que as pessoas têm em alguns momentos. Leia cada item para determinar o quanto eles descrevem seus sentimentos e experiências atuais. Selecione a opção que melhor descreve o quanto você sentiu ou experienciou as coisas durante as duas últimas semanas, incluindo hoje. Use a seguinte escala para responder:","NA","Eu me culpei por coisas que aconteceram.","","Moderadamente","3","Listed below are feelings, sensations, problems and experiences that people have at times. Read each item to decide how well it describes your current feelings and experiences. Select the option that best describes how much you felt or experienced these things during the past two weeks, including today. Use the following scale to answer:","","I blamed myself for things that happened.","Moderately"
"idas_machado2024","main","IDAS39","Brazilian Version of the Inventory of Depression and Anxiety Symptoms","Portuguese","Abaixo estão listados sentimentos, sensações, problemas e experiências que as pessoas têm em alguns momentos. Leia cada item para determinar o quanto eles descrevem seus sentimentos e experiências atuais. Selecione a opção que melhor descreve o quanto você sentiu ou experienciou as coisas durante as duas últimas semanas, incluindo hoje. Use a seguinte escala para responder:","NA","Eu senti como se fosse desmaiar.","","Moderadamente","3","Listed below are feelings, sensations, problems and experiences that people have at times. Read each item to decide how well it describes your current feelings and experiences. Select the option that best describes how much you felt or experienced these things during the past two weeks, including today. Use the following scale to answer:","","I felt as if I were going to faint.","Moderately"
"idas_machado2024","main","IDAS72","Brazilian Version of the Inventory of Depression and Anxiety Symptoms","Portuguese","Abaixo estão listados sentimentos, sensações, problemas e experiências que as pessoas têm em alguns momentos. Leia cada item para determinar o quanto eles descrevem seus sentimentos e experiências atuais. Selecione a opção que melhor descreve o quanto você sentiu ou experienciou as coisas durante as duas últimas semanas, incluindo hoje. Use a seguinte escala para responder:","NA","Eu me senti muito animado e feliz sem nenhum motivo especial.","","Moderadamente","3","Listed below are feelings, sensations, problems and experiences that people have at times. Read each item to decide how well it describes your current feelings and experiences. Select the option that best describes how much you felt or experienced these things during the past two weeks, including today. Use the following scale to answer:","","I felt very excited and happy for no particular reason.","Moderately"
"idas_machado2024","main","IDAS73","Brazilian Version of the Inventory of Depression and Anxiety Symptoms","Portuguese","Abaixo estão listados sentimentos, sensações, problemas e experiências que as pessoas têm em alguns momentos. Leia cada item para determinar o quanto eles descrevem seus sentimentos e experiências atuais. Selecione a opção que melhor descreve o quanto você sentiu ou experienciou as coisas durante as duas últimas semanas, incluindo hoje. Use a seguinte escala para responder:","NA","Eu tentei não pensar sobre coisas ruins do meu passado.","","Moderadamente","3","Listed below are feelings, sensations, problems and experiences that people have at times. Read each item to decide how well it describes your current feelings and experiences. Select the option that best describes how much you felt or experienced these things during the past two weeks, including today. Use the following scale to answer:","","I tried not to think about bad things from my past.","Moderately"
"idas_machado2024","main","IDAS54","Brazilian Version of the Inventory of Depression and Anxiety Symptoms","Portuguese","Abaixo estão listados sentimentos, sensações, problemas e experiências que as pessoas têm em alguns momentos. Leia cada item para determinar o quanto eles descrevem seus sentimentos e experiências atuais. Selecione a opção que melhor descreve o quanto você sentiu ou experienciou as coisas durante as duas últimas semanas, incluindo hoje. Use a seguinte escala para responder:","NA","Eu me senti muito pior de manhã do que no resto dia.","","Moderadamente","3","Listed below are feelings, sensations, problems and experiences that people have at times. Read each item to decide how well it describes your current feelings and experiences. Select the option that best describes how much you felt or experienced these things during the past two weeks, including today. Use the following scale to answer:","","I felt much worse in the morning than during the rest of the day.","Moderately"
"idas_machado2024","main","IDAS8","Brazilian Version of the Inventory of Depression and Anxiety Symptoms","Portuguese","Abaixo estão listados sentimentos, sensações, problemas e experiências que as pessoas têm em alguns momentos. Leia cada item para determinar o quanto eles descrevem seus sentimentos e experiências atuais. Selecione a opção que melhor descreve o quanto você sentiu ou experienciou as coisas durante as duas últimas semanas, incluindo hoje. Use a seguinte escala para responder:","NA","Eu me senti deprimido.","","Moderadamente","3","Listed below are feelings, sensations, problems and experiences that people have at times. Read each item to decide how well it describes your current feelings and experiences. Select the option that best describes how much you felt or experienced these things during the past two weeks, including today. Use the following scale to answer:","","I felt depressed.","Moderately"
"idas_machado2024","main","IDAS97","Brazilian Version of the Inventory of Depression and Anxiety Symptoms","Portuguese","Abaixo estão listados sentimentos, sensações, problemas e experiências que as pessoas têm em alguns momentos. Leia cada item para determinar o quanto eles descrevem seus sentimentos e experiências atuais. Selecione a opção que melhor descreve o quanto você sentiu ou experienciou as coisas durante as duas últimas semanas, incluindo hoje. Use a seguinte escala para responder:","NA","Eu tive muito mais energia do que o habitual.","","Moderadamente","3","Listed below are feelings, sensations, problems and experiences that people have at times. Read each item to decide how well it describes your current feelings and experiences. Select the option that best describes how much you felt or experienced these things during the past two weeks, including today. Use the following scale to answer:","","I had much more energy than usual.","Moderately"
"idas_machado2024","main","IDAS65","Brazilian Version of the Inventory of Depression and Anxiety Symptoms","Portuguese","Abaixo estão listados sentimentos, sensações, problemas e experiências que as pessoas têm em alguns momentos. Leia cada item para determinar o quanto eles descrevem seus sentimentos e experiências atuais. Selecione a opção que melhor descreve o quanto você sentiu ou experienciou as coisas durante as duas últimas semanas, incluindo hoje. Use a seguinte escala para responder:","NA","Eu reorganizei coisas para que elas ficassem em uma determinada ordem.","","Moderadamente","3","Listed below are feelings, sensations, problems and experiences that people have at times. Read each item to decide how well it describes your current feelings and experiences. Select the option that best describes how much you felt or experienced these things during the past two weeks, including today. Use the following scale to answer:","","I rearranged things so that they were in a particular order.","Moderately"
"idas_machado2024","main","IDAS75","Brazilian Version of the Inventory of Depression and Anxiety Symptoms","Portuguese","Abaixo estão listados sentimentos, sensações, problemas e experiências que as pessoas têm em alguns momentos. Leia cada item para determinar o quanto eles descrevem seus sentimentos e experiências atuais. Selecione a opção que melhor descreve o quanto você sentiu ou experienciou as coisas durante as duas últimas semanas, incluindo hoje. Use a seguinte escala para responder:","NA","Eu me peguei checando coisas, mesmo sabendo que não era necessário.","","Moderadamente","3","Listed below are feelings, sensations, problems and experiences that people have at times. Read each item to decide how well it describes your current feelings and experiences. Select the option that best describes how much you felt or experienced these things during the past two weeks, including today. Use the following scale to answer:","","I caught myself checking things even though I knew it was not necessary.","Moderately"
"idas_machado2024","main","IDAS18","Brazilian Version of the Inventory of Depression and Anxiety Symptoms","Portuguese","Abaixo estão listados sentimentos, sensações, problemas e experiências que as pessoas têm em alguns momentos. Leia cada item para determinar o quanto eles descrevem seus sentimentos e experiências atuais. Selecione a opção que melhor descreve o quanto você sentiu ou experienciou as coisas durante as duas últimas semanas, incluindo hoje. Use a seguinte escala para responder:","NA","Eu fiquei preocupado em me envergonhar socialmente.","","Moderadamente","3","Listed below are feelings, sensations, problems and experiences that people have at times. Read each item to decide how well it describes your current feelings and experiences. Select the option that best describes how much you felt or experienced these things during the past two weeks, including today. Use the following scale to answer:","","I worried about embarrassing myself socially.","Moderately"
"idas_machado2024","main","IDAS68","Brazilian Version of the Inventory of Depression and Anxiety Symptoms","Portuguese","Abaixo estão listados sentimentos, sensações, problemas e experiências que as pessoas têm em alguns momentos. Leia cada item para determinar o quanto eles descrevem seus sentimentos e experiências atuais. Selecione a opção que melhor descreve o quanto você sentiu ou experienciou as coisas durante as duas últimas semanas, incluindo hoje. Use a seguinte escala para responder:","NA","Eu fiquei checando as coisas de novo, e de novo.","","Moderadamente","3","Listed below are feelings, sensations, problems and experiences that people have at times. Read each item to decide how well it describes your current feelings and experiences. Select the option that best describes how much you felt or experienced these things during the past two weeks, including today. Use the following scale to answer:","","I checked things over and over again.","Moderately"
"idas_machado2024","main","IDAS23","Brazilian Version of the Inventory of Depression and Anxiety Symptoms","Portuguese","Abaixo estão listados sentimentos, sensações, problemas e experiências que as pessoas têm em alguns momentos. Leia cada item para determinar o quanto eles descrevem seus sentimentos e experiências atuais. Selecione a opção que melhor descreve o quanto você sentiu ou experienciou as coisas durante as duas últimas semanas, incluindo hoje. Use a seguinte escala para responder:","NA","Eu senti que tinha conquistado muitas coisas.","","Moderadamente","3","Listed below are feelings, sensations, problems and experiences that people have at times. Read each item to decide how well it describes your current feelings and experiences. Select the option that best describes how much you felt or experienced these things during the past two weeks, including today. Use the following scale to answer:","","I felt that I had accomplished a lot.","Moderately"
"idas_machado2024","main","IDAS4","Brazilian Version of the Inventory of Depression and Anxiety Symptoms","Portuguese","Abaixo estão listados sentimentos, sensações, problemas e experiências que as pessoas têm em alguns momentos. Leia cada item para determinar o quanto eles descrevem seus sentimentos e experiências atuais. Selecione a opção que melhor descreve o quanto você sentiu ou experienciou as coisas durante as duas últimas semanas, incluindo hoje. Use a seguinte escala para responder:","NA","Eu dormi menos que o habitual.","","Moderadamente","3","Listed below are feelings, sensations, problems and experiences that people have at times. Read each item to decide how well it describes your current feelings and experiences. Select the option that best describes how much you felt or experienced these things during the past two weeks, including today. Use the following scale to answer:","","I slept less than usual.","Moderately"
"idas_machado2024","main","IDAS12","Brazilian Version of the Inventory of Depression and Anxiety Symptoms","Portuguese","Abaixo estão listados sentimentos, sensações, problemas e experiências que as pessoas têm em alguns momentos. Leia cada item para determinar o quanto eles descrevem seus sentimentos e experiências atuais. Selecione a opção que melhor descreve o quanto você sentiu ou experienciou as coisas durante as duas últimas semanas, incluindo hoje. Use a seguinte escala para responder:","NA","Eu estive furioso.","","Moderadamente","3","Listed below are feelings, sensations, problems and experiences that people have at times. Read each item to decide how well it describes your current feelings and experiences. Select the option that best describes how much you felt or experienced these things during the past two weeks, including today. Use the following scale to answer:","","I was furious.","Moderately"
"idas_machado2024","main","IDAS74","Brazilian Version of the Inventory of Depression and Anxiety Symptoms","Portuguese","Abaixo estão listados sentimentos, sensações, problemas e experiências que as pessoas têm em alguns momentos. Leia cada item para determinar o quanto eles descrevem seus sentimentos e experiências atuais. Selecione a opção que melhor descreve o quanto você sentiu ou experienciou as coisas durante as duas últimas semanas, incluindo hoje. Use a seguinte escala para responder:","NA","Eu evitei lugares pequenos.","","Moderadamente","3","Listed below are feelings, sensations, problems and experiences that people have at times. Read each item to decide how well it describes your current feelings and experiences. Select the option that best describes how much you felt or experienced these things during the past two weeks, including today. Use the following scale to answer:","","I avoided small spaces.","Moderately"
"idas_machado2024","main","IDAS43","Brazilian Version of the Inventory of Depression and Anxiety Symptoms","Portuguese","Abaixo estão listados sentimentos, sensações, problemas e experiências que as pessoas têm em alguns momentos. Leia cada item para determinar o quanto eles descrevem seus sentimentos e experiências atuais. Selecione a opção que melhor descreve o quanto você sentiu ou experienciou as coisas durante as duas últimas semanas, incluindo hoje. Use a seguinte escala para responder:","NA","Eu tive problemas para acordar de manhã.","","Moderadamente","3","Listed below are feelings, sensations, problems and experiences that people have at times. Read each item to decide how well it describes your current feelings and experiences. Select the option that best describes how much you felt or experienced these things during the past two weeks, including today. Use the following scale to answer:","","I had trouble waking up in the morning.","Moderately"
"idas_machado2024","main","IDAS28","Brazilian Version of the Inventory of Depression and Anxiety Symptoms","Portuguese","Abaixo estão listados sentimentos, sensações, problemas e experiências que as pessoas têm em alguns momentos. Leia cada item para determinar o quanto eles descrevem seus sentimentos e experiências atuais. Selecione a opção que melhor descreve o quanto você sentiu ou experienciou as coisas durante as duas últimas semanas, incluindo hoje. Use a seguinte escala para responder:","NA","Eu tive pesadelos que me lembraram de uma coisa ruim que aconteceu.","","Moderadamente","3","Listed below are feelings, sensations, problems and experiences that people have at times. Read each item to decide how well it describes your current feelings and experiences. Select the option that best describes how much you felt or experienced these things during the past two weeks, including today. Use the following scale to answer:","","I had nightmares that reminded me of something bad that happened.","Moderately"
"idas_machado2024","main","IDAS59","Brazilian Version of the Inventory of Depression and Anxiety Symptoms","Portuguese","Abaixo estão listados sentimentos, sensações, problemas e experiências que as pessoas têm em alguns momentos. Leia cada item para determinar o quanto eles descrevem seus sentimentos e experiências atuais. Selecione a opção que melhor descreve o quanto você sentiu ou experienciou as coisas durante as duas últimas semanas, incluindo hoje. Use a seguinte escala para responder:","NA","Eu senti como se tivesse muitas coisas interessantes para fazer.","","Moderadamente","3","Listed below are feelings, sensations, problems and experiences that people have at times. Read each item to decide how well it describes your current feelings and experiences. Select the option that best describes how much you felt or experienced these things during the past two weeks, including today. Use the following scale to answer:","","I felt as if I had many interesting things to do.","Moderately"
"idas_machado2024","main","IDAS94","Brazilian Version of the Inventory of Depression and Anxiety Symptoms","Portuguese","Abaixo estão listados sentimentos, sensações, problemas e experiências que as pessoas têm em alguns momentos. Leia cada item para determinar o quanto eles descrevem seus sentimentos e experiências atuais. Selecione a opção que melhor descreve o quanto você sentiu ou experienciou as coisas durante as duas últimas semanas, incluindo hoje. Use a seguinte escala para responder:","NA","Eu evitei ligares apertados, fechados.","","Moderadamente","3","Listed below are feelings, sensations, problems and experiences that people have at times. Read each item to decide how well it describes your current feelings and experiences. Select the option that best describes how much you felt or experienced these things during the past two weeks, including today. Use the following scale to answer:","","I avoided cramped, closed-in places.","Moderately"
"idas_machado2024","main","IDAS64","Brazilian Version of the Inventory of Depression and Anxiety Symptoms","Portuguese","Abaixo estão listados sentimentos, sensações, problemas e experiências que as pessoas têm em alguns momentos. Leia cada item para determinar o quanto eles descrevem seus sentimentos e experiências atuais. Selecione a opção que melhor descreve o quanto você sentiu ou experienciou as coisas durante as duas últimas semanas, incluindo hoje. Use a seguinte escala para responder:","NA","Eu senti como se eu tivesse muita energia.","","Moderadamente","3","Listed below are feelings, sensations, problems and experiences that people have at times. Read each item to decide how well it describes your current feelings and experiences. Select the option that best describes how much you felt or experienced these things during the past two weeks, including today. Use the following scale to answer:","","I felt as if I had a lot of energy.","Moderately"
"idas_machado2024","main","IDAS79","Brazilian Version of the Inventory of Depression and Anxiety Symptoms","Portuguese","Abaixo estão listados sentimentos, sensações, problemas e experiências que as pessoas têm em alguns momentos. Leia cada item para determinar o quanto eles descrevem seus sentimentos e experiências atuais. Selecione a opção que melhor descreve o quanto você sentiu ou experienciou as coisas durante as duas últimas semanas, incluindo hoje. Use a seguinte escala para responder:","NA","Eu evitei situações que me trouxessem memórias ruins.","","Moderadamente","3","Listed below are feelings, sensations, problems and experiences that people have at times. Read each item to decide how well it describes your current feelings and experiences. Select the option that best describes how much you felt or experienced these things during the past two weeks, including today. Use the following scale to answer:","","I avoided situations that would bring back bad memories.","Moderately"
"idas_machado2024","main","IDAS84","Brazilian Version of the Inventory of Depression and Anxiety Symptoms","Portuguese","Abaixo estão listados sentimentos, sensações, problemas e experiências que as pessoas têm em alguns momentos. Leia cada item para determinar o quanto eles descrevem seus sentimentos e experiências atuais. Selecione a opção que melhor descreve o quanto você sentiu ou experienciou as coisas durante as duas últimas semanas, incluindo hoje. Use a seguinte escala para responder:","NA","Eu me senti ansioso em lugares pequenos.","","Moderadamente","3","Listed below are feelings, sensations, problems and experiences that people have at times. Read each item to decide how well it describes your current feelings and experiences. Select the option that best describes how much you felt or experienced these things during the past two weeks, including today. Use the following scale to answer:","","I felt anxious in small spaces.","Moderately"
"idas_machado2024","main","IDAS66","Brazilian Version of the Inventory of Depression and Anxiety Symptoms","Portuguese","Abaixo estão listados sentimentos, sensações, problemas e experiências que as pessoas têm em alguns momentos. Leia cada item para determinar o quanto eles descrevem seus sentimentos e experiências atuais. Selecione a opção que melhor descreve o quanto você sentiu ou experienciou as coisas durante as duas últimas semanas, incluindo hoje. Use a seguinte escala para responder:","NA","Eu lavei minhas mãos excessivamente.","","Moderadamente","3","Listed below are feelings, sensations, problems and experiences that people have at times. Read each item to decide how well it describes your current feelings and experiences. Select the option that best describes how much you felt or experienced these things during the past two weeks, including today. Use the following scale to answer:","","I washed my hands excessively.","Moderately"
"idas_machado2024","main","IDAS70","Brazilian Version of the Inventory of Depression and Anxiety Symptoms","Portuguese","Abaixo estão listados sentimentos, sensações, problemas e experiências que as pessoas têm em alguns momentos. Leia cada item para determinar o quanto eles descrevem seus sentimentos e experiências atuais. Selecione a opção que melhor descreve o quanto você sentiu ou experienciou as coisas durante as duas últimas semanas, incluindo hoje. Use a seguinte escala para responder:","NA","Eu me preocupei muito com germes.","","Moderadamente","3","Listed below are feelings, sensations, problems and experiences that people have at times. Read each item to decide how well it describes your current feelings and experiences. Select the option that best describes how much you felt or experienced these things during the past two weeks, including today. Use the following scale to answer:","","I worried a lot about germs.","Moderately"
"idas_machado2024","main","IDAS88","Brazilian Version of the Inventory of Depression and Anxiety Symptoms","Portuguese","Abaixo estão listados sentimentos, sensações, problemas e experiências que as pessoas têm em alguns momentos. Leia cada item para determinar o quanto eles descrevem seus sentimentos e experiências atuais. Selecione a opção que melhor descreve o quanto você sentiu ou experienciou as coisas durante as duas últimas semanas, incluindo hoje. Use a seguinte escala para responder:","NA","Eu tive tanta energia que foi difícil ficar sentado quieto.","","Moderadamente","3","Listed below are feelings, sensations, problems and experiences that people have at times. Read each item to decide how well it describes your current feelings and experiences. Select the option that best describes how much you felt or experienced these things during the past two weeks, including today. Use the following scale to answer:","","I had so much energy that it was hard to sit still.","Moderately"
"idas_machado2024","main","IDAS41","Brazilian Version of the Inventory of Depression and Anxiety Symptoms","Portuguese","Abaixo estão listados sentimentos, sensações, problemas e experiências que as pessoas têm em alguns momentos. Leia cada item para determinar o quanto eles descrevem seus sentimentos e experiências atuais. Selecione a opção que melhor descreve o quanto você sentiu ou experienciou as coisas durante as duas últimas semanas, incluindo hoje. Use a seguinte escala para responder:","NA","Eu tive dificuldades em manter contato visual com as pessoas.","","Moderadamente","3","Listed below are feelings, sensations, problems and experiences that people have at times. Read each item to decide how well it describes your current feelings and experiences. Select the option that best describes how much you felt or experienced these things during the past two weeks, including today. Use the following scale to answer:","","I had trouble making eye contact with people.","Moderately"
"idas_machado2024","main","IDAS52","Brazilian Version of the Inventory of Depression and Anxiety Symptoms","Portuguese","Abaixo estão listados sentimentos, sensações, problemas e experiências que as pessoas têm em alguns momentos. Leia cada item para determinar o quanto eles descrevem seus sentimentos e experiências atuais. Selecione a opção que melhor descreve o quanto você sentiu ou experienciou as coisas durante as duas últimas semanas, incluindo hoje. Use a seguinte escala para responder:","NA","Eu pensei em me machucar.","","Moderadamente","3","Listed below are feelings, sensations, problems and experiences that people have at times. Read each item to decide how well it describes your current feelings and experiences. Select the option that best describes how much you felt or experienced these things during the past two weeks, including today. Use the following scale to answer:","","I thought about hurting myself.","Moderately"
"idas_machado2024","main","IDAS89","Brazilian Version of the Inventory of Depression and Anxiety Symptoms","Portuguese","Abaixo estão listados sentimentos, sensações, problemas e experiências que as pessoas têm em alguns momentos. Leia cada item para determinar o quanto eles descrevem seus sentimentos e experiências atuais. Selecione a opção que melhor descreve o quanto você sentiu ou experienciou as coisas durante as duas últimas semanas, incluindo hoje. Use a seguinte escala para responder:","NA","Eu tentei ignorar lembranças que me deixam chateado.","","Moderadamente","3","Listed below are feelings, sensations, problems and experiences that people have at times. Read each item to decide how well it describes your current feelings and experiences. Select the option that best describes how much you felt or experienced these things during the past two weeks, including today. Use the following scale to answer:","","I tried to ignore memories that upset me.","Moderately"
"idas_machado2024","main","IDAS63","Brazilian Version of the Inventory of Depression and Anxiety Symptoms","Portuguese","Abaixo estão listados sentimentos, sensações, problemas e experiências que as pessoas têm em alguns momentos. Leia cada item para determinar o quanto eles descrevem seus sentimentos e experiências atuais. Selecione a opção que melhor descreve o quanto você sentiu ou experienciou as coisas durante as duas últimas semanas, incluindo hoje. Use a seguinte escala para responder:","NA","Eu comi mais do que o habitual.","","Moderadamente","3","Listed below are feelings, sensations, problems and experiences that people have at times. Read each item to decide how well it describes your current feelings and experiences. Select the option that best describes how much you felt or experienced these things during the past two weeks, including today. Use the following scale to answer:","","I ate more than usual.","Moderately"
"idas_machado2024","main","IDAS36","Brazilian Version of the Inventory of Depression and Anxiety Symptoms","Portuguese","Abaixo estão listados sentimentos, sensações, problemas e experiências que as pessoas têm em alguns momentos. Leia cada item para determinar o quanto eles descrevem seus sentimentos e experiências atuais. Selecione a opção que melhor descreve o quanto você sentiu ou experienciou as coisas durante as duas últimas semanas, incluindo hoje. Use a seguinte escala para responder:","NA","Eu acordei frequentemente durante a noite.","","Moderadamente","3","Listed below are feelings, sensations, problems and experiences that people have at times. Read each item to decide how well it describes your current feelings and experiences. Select the option that best describes how much you felt or experienced these things during the past two weeks, including today. Use the following scale to answer:","","I woke up frequently during the night.","Moderately"
"idas_machado2024","main","IDAS92","Brazilian Version of the Inventory of Depression and Anxiety Symptoms","Portuguese","Abaixo estão listados sentimentos, sensações, problemas e experiências que as pessoas têm em alguns momentos. Leia cada item para determinar o quanto eles descrevem seus sentimentos e experiências atuais. Selecione a opção que melhor descreve o quanto você sentiu ou experienciou as coisas durante as duas últimas semanas, incluindo hoje. Use a seguinte escala para responder:","NA","Eu senti que podia fazer coisas que as outras pessoas não conseguem.","","Moderadamente","3","Listed below are feelings, sensations, problems and experiences that people have at times. Read each item to decide how well it describes your current feelings and experiences. Select the option that best describes how much you felt or experienced these things during the past two weeks, including today. Use the following scale to answer:","","I felt I could do things other people cannot.","Moderately"
"idas_machado2024","main","IDAS17","Brazilian Version of the Inventory of Depression and Anxiety Symptoms","Portuguese","Abaixo estão listados sentimentos, sensações, problemas e experiências que as pessoas têm em alguns momentos. Leia cada item para determinar o quanto eles descrevem seus sentimentos e experiências atuais. Selecione a opção que melhor descreve o quanto você sentiu ou experienciou as coisas durante as duas últimas semanas, incluindo hoje. Use a seguinte escala para responder:","NA","Eu acordei cedo e não consegui voltar a dormir.","","Moderadamente","3","Listed below are feelings, sensations, problems and experiences that people have at times. Read each item to decide how well it describes your current feelings and experiences. Select the option that best describes how much you felt or experienced these things during the past two weeks, including today. Use the following scale to answer:","","I woke early and could not get back to sleep.","Moderately"
"idas_machado2024","main","IDAS10","Brazilian Version of the Inventory of Depression and Anxiety Symptoms","Portuguese","Abaixo estão listados sentimentos, sensações, problemas e experiências que as pessoas têm em alguns momentos. Leia cada item para determinar o quanto eles descrevem seus sentimentos e experiências atuais. Selecione a opção que melhor descreve o quanto você sentiu ou experienciou as coisas durante as duas últimas semanas, incluindo hoje. Use a seguinte escala para responder:","NA","Eu tive orgulho de mim.","","Moderadamente","3","Listed below are feelings, sensations, problems and experiences that people have at times. Read each item to decide how well it describes your current feelings and experiences. Select the option that best describes how much you felt or experienced these things during the past two weeks, including today. Use the following scale to answer:","","I felt proud of myself.","Moderately"
"idas_machado2024","main","IDAS24","Brazilian Version of the Inventory of Depression and Anxiety Symptoms","Portuguese","Abaixo estão listados sentimentos, sensações, problemas e experiências que as pessoas têm em alguns momentos. Leia cada item para determinar o quanto eles descrevem seus sentimentos e experiências atuais. Selecione a opção que melhor descreve o quanto você sentiu ou experienciou as coisas durante as duas últimas semanas, incluindo hoje. Use a seguinte escala para responder:","NA","Eu comi quando não estava sentindo fome.","","Moderadamente","3","Listed below are feelings, sensations, problems and experiences that people have at times. Read each item to decide how well it describes your current feelings and experiences. Select the option that best describes how much you felt or experienced these things during the past two weeks, including today. Use the following scale to answer:","","I ate when I was not hungry.","Moderately"
"idas_machado2024","main","IDAS35","Brazilian Version of the Inventory of Depression and Anxiety Symptoms","Portuguese","Abaixo estão listados sentimentos, sensações, problemas e experiências que as pessoas têm em alguns momentos. Leia cada item para determinar o quanto eles descrevem seus sentimentos e experiências atuais. Selecione a opção que melhor descreve o quanto você sentiu ou experienciou as coisas durante as duas últimas semanas, incluindo hoje. Use a seguinte escala para responder:","NA","Eu senti vontade de quebrar coisas.","","Moderadamente","3","Listed below are feelings, sensations, problems and experiences that people have at times. Read each item to decide how well it describes your current feelings and experiences. Select the option that best describes how much you felt or experienced these things during the past two weeks, including today. Use the following scale to answer:","","I felt like breaking things.","Moderately"
"idas_machado2024","main","IDAS61","Brazilian Version of the Inventory of Depression and Anxiety Symptoms","Portuguese","Abaixo estão listados sentimentos, sensações, problemas e experiências que as pessoas têm em alguns momentos. Leia cada item para determinar o quanto eles descrevem seus sentimentos e experiências atuais. Selecione a opção que melhor descreve o quanto você sentiu ou experienciou as coisas durante as duas últimas semanas, incluindo hoje. Use a seguinte escala para responder:","NA","Eu tive problemas para me concentrar.","","Moderadamente","3","Listed below are feelings, sensations, problems and experiences that people have at times. Read each item to decide how well it describes your current feelings and experiences. Select the option that best describes how much you felt or experienced these things during the past two weeks, including today. Use the following scale to answer:","","I had trouble concentrating.","Moderately"
"idas_machado2024","main","IDAS58","Brazilian Version of the Inventory of Depression and Anxiety Symptoms","Portuguese","Abaixo estão listados sentimentos, sensações, problemas e experiências que as pessoas têm em alguns momentos. Leia cada item para determinar o quanto eles descrevem seus sentimentos e experiências atuais. Selecione a opção que melhor descreve o quanto você sentiu ou experienciou as coisas durante as duas últimas semanas, incluindo hoje. Use a seguinte escala para responder:","NA","Eu senti como se estivesse sufocando.","","Moderadamente","3","Listed below are feelings, sensations, problems and experiences that people have at times. Read each item to decide how well it describes your current feelings and experiences. Select the option that best describes how much you felt or experienced these things during the past two weeks, including today. Use the following scale to answer:","","I felt as if I were suffocating.","Moderately"
"idas_machado2024","main","IDAS93","Brazilian Version of the Inventory of Depression and Anxiety Symptoms","Portuguese","Abaixo estão listados sentimentos, sensações, problemas e experiências que as pessoas têm em alguns momentos. Leia cada item para determinar o quanto eles descrevem seus sentimentos e experiências atuais. Selecione a opção que melhor descreve o quanto você sentiu ou experienciou as coisas durante as duas últimas semanas, incluindo hoje. Use a seguinte escala para responder:","NA","Eu evitei falar de experiências ruins do meu passado.","","Moderadamente","3","Listed below are feelings, sensations, problems and experiences that people have at times. Read each item to decide how well it describes your current feelings and experiences. Select the option that best describes how much you felt or experienced these things during the past two weeks, including today. Use the following scale to answer:","","I avoided talking about bad experiences from my past.","Moderately"
"idas_machado2024","main","IDAS69","Brazilian Version of the Inventory of Depression and Anxiety Symptoms","Portuguese","Abaixo estão listados sentimentos, sensações, problemas e experiências que as pessoas têm em alguns momentos. Leia cada item para determinar o quanto eles descrevem seus sentimentos e experiências atuais. Selecione a opção que melhor descreve o quanto você sentiu ou experienciou as coisas durante as duas últimas semanas, incluindo hoje. Use a seguinte escala para responder:","NA","Eu senti urgência em reorganizar coisas para que eles ficassem ""certas"".","","Moderadamente","3","Listed below are feelings, sensations, problems and experiences that people have at times. Read each item to decide how well it describes your current feelings and experiences. Select the option that best describes how much you felt or experienced these things during the past two weeks, including today. Use the following scale to answer:","","I felt an urge to rearrange things so that they were ""just right"".","Moderately"
"idas_machado2024","main","IDAS98","Brazilian Version of the Inventory of Depression and Anxiety Symptoms","Portuguese","Abaixo estão listados sentimentos, sensações, problemas e experiências que as pessoas têm em alguns momentos. Leia cada item para determinar o quanto eles descrevem seus sentimentos e experiências atuais. Selecione a opção que melhor descreve o quanto você sentiu ou experienciou as coisas durante as duas últimas semanas, incluindo hoje. Use a seguinte escala para responder:","NA","Eu usei objetos (como uma toalha) para evitar tocar diretamente nas coisas.","","Moderadamente","3","Listed below are feelings, sensations, problems and experiences that people have at times. Read each item to decide how well it describes your current feelings and experiences. Select the option that best describes how much you felt or experienced these things during the past two weeks, including today. Use the following scale to answer:","","I used objects (such as a towel) to avoid touching things directly.","Moderately"
"idas_machado2024","main","IDAS3","Brazilian Version of the Inventory of Depression and Anxiety Symptoms","Portuguese","Abaixo estão listados sentimentos, sensações, problemas e experiências que as pessoas têm em alguns momentos. Leia cada item para determinar o quanto eles descrevem seus sentimentos e experiências atuais. Selecione a opção que melhor descreve o quanto você sentiu ou experienciou as coisas durante as duas últimas semanas, incluindo hoje. Use a seguinte escala para responder:","NA","Eu me senti otimista.","","Moderadamente","3","Listed below are feelings, sensations, problems and experiences that people have at times. Read each item to decide how well it describes your current feelings and experiences. Select the option that best describes how much you felt or experienced these things during the past two weeks, including today. Use the following scale to answer:","","I felt optimistic.","Moderately"
"idas_machado2024","main","IDAS38","Brazilian Version of the Inventory of Depression and Anxiety Symptoms","Portuguese","Abaixo estão listados sentimentos, sensações, problemas e experiências que as pessoas têm em alguns momentos. Leia cada item para determinar o quanto eles descrevem seus sentimentos e experiências atuais. Selecione a opção que melhor descreve o quanto você sentiu ou experienciou as coisas durante as duas últimas semanas, incluindo hoje. Use a seguinte escala para responder:","NA","Eu me machuquei de propósito.","","Moderadamente","3","Listed below are feelings, sensations, problems and experiences that people have at times. Read each item to decide how well it describes your current feelings and experiences. Select the option that best describes how much you felt or experienced these things during the past two weeks, including today. Use the following scale to answer:","","I hurt myself on purpose.","Moderately"
"idas_machado2024","main","IDAS31","Brazilian Version of the Inventory of Depression and Anxiety Symptoms","Portuguese","Abaixo estão listados sentimentos, sensações, problemas e experiências que as pessoas têm em alguns momentos. Leia cada item para determinar o quanto eles descrevem seus sentimentos e experiências atuais. Selecione a opção que melhor descreve o quanto você sentiu ou experienciou as coisas durante as duas últimas semanas, incluindo hoje. Use a seguinte escala para responder:","NA","Eu me senti inadequado.","","Moderadamente","3","Listed below are feelings, sensations, problems and experiences that people have at times. Read each item to decide how well it describes your current feelings and experiences. Select the option that best describes how much you felt or experienced these things during the past two weeks, including today. Use the following scale to answer:","","I felt inadequate.","Moderately"
"idas_machado2024","main","IDAS37","Brazilian Version of the Inventory of Depression and Anxiety Symptoms","Portuguese","Abaixo estão listados sentimentos, sensações, problemas e experiências que as pessoas têm em alguns momentos. Leia cada item para determinar o quanto eles descrevem seus sentimentos e experiências atuais. Selecione a opção que melhor descreve o quanto você sentiu ou experienciou as coisas durante as duas últimas semanas, incluindo hoje. Use a seguinte escala para responder:","NA","Eu senti muita raiva.","","Moderadamente","3","Listed below are feelings, sensations, problems and experiences that people have at times. Read each item to decide how well it describes your current feelings and experiences. Select the option that best describes how much you felt or experienced these things during the past two weeks, including today. Use the following scale to answer:","","I felt a lot of anger.","Moderately"
"idas_machado2024","main","IDAS40","Brazilian Version of the Inventory of Depression and Anxiety Symptoms","Portuguese","Abaixo estão listados sentimentos, sensações, problemas e experiências que as pessoas têm em alguns momentos. Leia cada item para determinar o quanto eles descrevem seus sentimentos e experiências atuais. Selecione a opção que melhor descreve o quanto você sentiu ou experienciou as coisas durante as duas últimas semanas, incluindo hoje. Use a seguinte escala para responder:","NA","Eu me senti desencorajado em relação às coisas.","","Moderadamente","3","Listed below are feelings, sensations, problems and experiences that people have at times. Read each item to decide how well it describes your current feelings and experiences. Select the option that best describes how much you felt or experienced these things during the past two weeks, including today. Use the following scale to answer:","","I felt discouraged about things.","Moderately"
"idas_machado2024","main","IDAS42","Brazilian Version of the Inventory of Depression and Anxiety Symptoms","Portuguese","Abaixo estão listados sentimentos, sensações, problemas e experiências que as pessoas têm em alguns momentos. Leia cada item para determinar o quanto eles descrevem seus sentimentos e experiências atuais. Selecione a opção que melhor descreve o quanto você sentiu ou experienciou as coisas durante as duas últimas semanas, incluindo hoje. Use a seguinte escala para responder:","NA","Eu fiquei chateado pensando sobre uma coisa ruim que aconteceu.","","Moderadamente","3","Listed below are feelings, sensations, problems and experiences that people have at times. Read each item to decide how well it describes your current feelings and experiences. Select the option that best describes how much you felt or experienced these things during the past two weeks, including today. Use the following scale to answer:","","I got upset thinking about something bad that happened.","Moderately"
"idas_machado2024","main","IDAS44","Brazilian Version of the Inventory of Depression and Anxiety Symptoms","Portuguese","Abaixo estão listados sentimentos, sensações, problemas e experiências que as pessoas têm em alguns momentos. Leia cada item para determinar o quanto eles descrevem seus sentimentos e experiências atuais. Selecione a opção que melhor descreve o quanto você sentiu ou experienciou as coisas durante as duas últimas semanas, incluindo hoje. Use a seguinte escala para responder:","NA","Eu perdi a paciência e gritei com pessoas.","","Moderadamente","3","Listed below are feelings, sensations, problems and experiences that people have at times. Read each item to decide how well it describes your current feelings and experiences. Select the option that best describes how much you felt or experienced these things during the past two weeks, including today. Use the following scale to answer:","","I lost my temper and shouted at people.","Moderately"
"idas_machado2024","main","IDAS46","Brazilian Version of the Inventory of Depression and Anxiety Symptoms","Portuguese","Abaixo estão listados sentimentos, sensações, problemas e experiências que as pessoas têm em alguns momentos. Leia cada item para determinar o quanto eles descrevem seus sentimentos e experiências atuais. Selecione a opção que melhor descreve o quanto você sentiu ou experienciou as coisas durante as duas últimas semanas, incluindo hoje. Use a seguinte escala para responder:","NA","Eu pensei na minha própria morte.","","Moderadamente","3","Listed below are feelings, sensations, problems and experiences that people have at times. Read each item to decide how well it describes your current feelings and experiences. Select the option that best describes how much you felt or experienced these things during the past two weeks, including today. Use the following scale to answer:","","I thought about my own death.","Moderately"
"idas_machado2024","main","IDAS55","Brazilian Version of the Inventory of Depression and Anxiety Symptoms","Portuguese","Abaixo estão listados sentimentos, sensações, problemas e experiências que as pessoas têm em alguns momentos. Leia cada item para determinar o quanto eles descrevem seus sentimentos e experiências atuais. Selecione a opção que melhor descreve o quanto você sentiu ou experienciou as coisas durante as duas últimas semanas, incluindo hoje. Use a seguinte escala para responder:","NA","Eu me senti lento, sonolento.","","Moderadamente","3","Listed below are feelings, sensations, problems and experiences that people have at times. Read each item to decide how well it describes your current feelings and experiences. Select the option that best describes how much you felt or experienced these things during the past two weeks, including today. Use the following scale to answer:","","I felt slowed down, drowsy.","Moderately"
"idas_machado2024","main","IDAS29","Brazilian Version of the Inventory of Depression and Anxiety Symptoms","Portuguese","Abaixo estão listados sentimentos, sensações, problemas e experiências que as pessoas têm em alguns momentos. Leia cada item para determinar o quanto eles descrevem seus sentimentos e experiências atuais. Selecione a opção que melhor descreve o quanto você sentiu ou experienciou as coisas durante as duas últimas semanas, incluindo hoje. Use a seguinte escala para responder:","NA","Eu dormi mais do que o habitual.","","Moderadamente","3","Listed below are feelings, sensations, problems and experiences that people have at times. Read each item to decide how well it describes your current feelings and experiences. Select the option that best describes how much you felt or experienced these things during the past two weeks, including today. Use the following scale to answer:","","I slept more than usual.","Moderately"
"idas_machado2024","main","IDAS20","Brazilian Version of the Inventory of Depression and Anxiety Symptoms","Portuguese","Abaixo estão listados sentimentos, sensações, problemas e experiências que as pessoas têm em alguns momentos. Leia cada item para determinar o quanto eles descrevem seus sentimentos e experiências atuais. Selecione a opção que melhor descreve o quanto você sentiu ou experienciou as coisas durante as duas últimas semanas, incluindo hoje. Use a seguinte escala para responder:","NA","Eu fiquei ansioso em ambientes públicos com muitas pessoas.","","Moderadamente","3","Listed below are feelings, sensations, problems and experiences that people have at times. Read each item to decide how well it describes your current feelings and experiences. Select the option that best describes how much you felt or experienced these things during the past two weeks, including today. Use the following scale to answer:","","I felt anxious in public places with a lot of people.","Moderately"
"idas_machado2024","main","IDAS13","Brazilian Version of the Inventory of Depression and Anxiety Symptoms","Portuguese","Abaixo estão listados sentimentos, sensações, problemas e experiências que as pessoas têm em alguns momentos. Leia cada item para determinar o quanto eles descrevem seus sentimentos e experiências atuais. Selecione a opção que melhor descreve o quanto você sentiu ou experienciou as coisas durante as duas últimas semanas, incluindo hoje. Use a seguinte escala para responder:","NA","Eu tive pensamentos sobre suicídio.","","Moderadamente","3","Listed below are feelings, sensations, problems and experiences that people have at times. Read each item to decide how well it describes your current feelings and experiences. Select the option that best describes how much you felt or experienced these things during the past two weeks, including today. Use the following scale to answer:","","I had thoughts of suicide.","Moderately"
"idas_machado2024","main","IDAS7","Brazilian Version of the Inventory of Depression and Anxiety Symptoms","Portuguese","Abaixo estão listados sentimentos, sensações, problemas e experiências que as pessoas têm em alguns momentos. Leia cada item para determinar o quanto eles descrevem seus sentimentos e experiências atuais. Selecione a opção que melhor descreve o quanto você sentiu ou experienciou as coisas durante as duas últimas semanas, incluindo hoje. Use a seguinte escala para responder:","NA","Eu senti dores no peito.","","Moderadamente","3","Listed below are feelings, sensations, problems and experiences that people have at times. Read each item to decide how well it describes your current feelings and experiences. Select the option that best describes how much you felt or experienced these things during the past two weeks, including today. Use the following scale to answer:","","I had chest pains.","Moderately"
"idas_machado2024","main","IDAS71","Brazilian Version of the Inventory of Depression and Anxiety Symptoms","Portuguese","Abaixo estão listados sentimentos, sensações, problemas e experiências que as pessoas têm em alguns momentos. Leia cada item para determinar o quanto eles descrevem seus sentimentos e experiências atuais. Selecione a opção que melhor descreve o quanto você sentiu ou experienciou as coisas durante as duas últimas semanas, incluindo hoje. Use a seguinte escala para responder:","NA","Eu falei tão rápido que as pessoas não conseguiram me entender.","","Moderadamente","3","Listed below are feelings, sensations, problems and experiences that people have at times. Read each item to decide how well it describes your current feelings and experiences. Select the option that best describes how much you felt or experienced these things during the past two weeks, including today. Use the following scale to answer:","","I talked so fast that people could not understand me.","Moderately"
"idas_machado2024","main","IDAS1","Brazilian Version of the Inventory of Depression and Anxiety Symptoms","Portuguese","Abaixo estão listados sentimentos, sensações, problemas e experiências que as pessoas têm em alguns momentos. Leia cada item para determinar o quanto eles descrevem seus sentimentos e experiências atuais. Selecione a opção que melhor descreve o quanto você sentiu ou experienciou as coisas durante as duas últimas semanas, incluindo hoje. Use a seguinte escala para responder:","NA","Eu não tive muito apetite.","","Moderadamente","3","Listed below are feelings, sensations, problems and experiences that people have at times. Read each item to decide how well it describes your current feelings and experiences. Select the option that best describes how much you felt or experienced these things during the past two weeks, including today. Use the following scale to answer:","","I did not have much of an appetite.","Moderately"
"idas_machado2024","main","IDAS78","Brazilian Version of the Inventory of Depression and Anxiety Symptoms","Portuguese","Abaixo estão listados sentimentos, sensações, problemas e experiências que as pessoas têm em alguns momentos. Leia cada item para determinar o quanto eles descrevem seus sentimentos e experiências atuais. Selecione a opção que melhor descreve o quanto você sentiu ou experienciou as coisas durante as duas últimas semanas, incluindo hoje. Use a seguinte escala para responder:","NA","Eu senti como se eu estivesse ""no topo do mundo"".","","Moderadamente","3","Listed below are feelings, sensations, problems and experiences that people have at times. Read each item to decide how well it describes your current feelings and experiences. Select the option that best describes how much you felt or experienced these things during the past two weeks, including today. Use the following scale to answer:","","I felt as if I were ""on top of the world"".","Moderately"
"idas_machado2024","main","IDAS91","Brazilian Version of the Inventory of Depression and Anxiety Symptoms","Portuguese","Abaixo estão listados sentimentos, sensações, problemas e experiências que as pessoas têm em alguns momentos. Leia cada item para determinar o quanto eles descrevem seus sentimentos e experiências atuais. Selecione a opção que melhor descreve o quanto você sentiu ou experienciou as coisas durante as duas últimas semanas, incluindo hoje. Use a seguinte escala para responder:","NA","Eu tive que me limpar, pois me senti contaminado.","","Moderadamente","3","Listed below are feelings, sensations, problems and experiences that people have at times. Read each item to decide how well it describes your current feelings and experiences. Select the option that best describes how much you felt or experienced these things during the past two weeks, including today. Use the following scale to answer:","","I had to clean myself because I felt contaminated.","Moderately"
"idas_machado2024","main","IDAS62","Brazilian Version of the Inventory of Depression and Anxiety Symptoms","Portuguese","Abaixo estão listados sentimentos, sensações, problemas e experiências que as pessoas têm em alguns momentos. Leia cada item para determinar o quanto eles descrevem seus sentimentos e experiências atuais. Selecione a opção que melhor descreve o quanto você sentiu ou experienciou as coisas durante as duas últimas semanas, incluindo hoje. Use a seguinte escala para responder:","NA","Até mesmo pequenas coisas me deixaram bravo.","","Moderadamente","3","Listed below are feelings, sensations, problems and experiences that people have at times. Read each item to decide how well it describes your current feelings and experiences. Select the option that best describes how much you felt or experienced these things during the past two weeks, including today. Use the following scale to answer:","","Even little things made me angry.","Moderately"
"idas_machado2024","main","IDAS85","Brazilian Version of the Inventory of Depression and Anxiety Symptoms","Portuguese","Abaixo estão listados sentimentos, sensações, problemas e experiências que as pessoas têm em alguns momentos. Leia cada item para determinar o quanto eles descrevem seus sentimentos e experiências atuais. Selecione a opção que melhor descreve o quanto você sentiu ou experienciou as coisas durante as duas últimas semanas, incluindo hoje. Use a seguinte escala para responder:","NA","Eu me senti obrigado a seguir certos rituais.","","Moderadamente","3","Listed below are feelings, sensations, problems and experiences that people have at times. Read each item to decide how well it describes your current feelings and experiences. Select the option that best describes how much you felt or experienced these things during the past two weeks, including today. Use the following scale to answer:","","I felt compelled to follow certain rituals.","Moderately"
"idas_machado2024","main","IDAS11","Brazilian Version of the Inventory of Depression and Anxiety Symptoms","Portuguese","Abaixo estão listados sentimentos, sensações, problemas e experiências que as pessoas têm em alguns momentos. Leia cada item para determinar o quanto eles descrevem seus sentimentos e experiências atuais. Selecione a opção que melhor descreve o quanto você sentiu ou experienciou as coisas durante as duas últimas semanas, incluindo hoje. Use a seguinte escala para responder:","NA","Eu tive problemas para pegar no sono.","","Moderadamente","3","Listed below are feelings, sensations, problems and experiences that people have at times. Read each item to decide how well it describes your current feelings and experiences. Select the option that best describes how much you felt or experienced these things during the past two weeks, including today. Use the following scale to answer:","","I had trouble falling asleep.","Moderately"
"idas_machado2024","main","IDAS30","Brazilian Version of the Inventory of Depression and Anxiety Symptoms","Portuguese","Abaixo estão listados sentimentos, sensações, problemas e experiências que as pessoas têm em alguns momentos. Leia cada item para determinar o quanto eles descrevem seus sentimentos e experiências atuais. Selecione a opção que melhor descreve o quanto você sentiu ou experienciou as coisas durante as duas últimas semanas, incluindo hoje. Use a seguinte escala para responder:","NA","Eu tive dificuldades para me motivar a fazer as coisas.","","Moderadamente","3","Listed below are feelings, sensations, problems and experiences that people have at times. Read each item to decide how well it describes your current feelings and experiences. Select the option that best describes how much you felt or experienced these things during the past two weeks, including today. Use the following scale to answer:","","I had trouble motivating myself to do things.","Moderately"
"idas_machado2024","main","IDAS22","Brazilian Version of the Inventory of Depression and Anxiety Symptoms","Portuguese","Abaixo estão listados sentimentos, sensações, problemas e experiências que as pessoas têm em alguns momentos. Leia cada item para determinar o quanto eles descrevem seus sentimentos e experiências atuais. Selecione a opção que melhor descreve o quanto você sentiu ou experienciou as coisas durante as duas últimas semanas, incluindo hoje. Use a seguinte escala para responder:","NA","Eu me cortei ou me queimei de propósito.","","Moderadamente","3","Listed below are feelings, sensations, problems and experiences that people have at times. Read each item to decide how well it describes your current feelings and experiences. Select the option that best describes how much you felt or experienced these things during the past two weeks, including today. Use the following scale to answer:","","I cut or burned myself on purpose.","Moderately"
"idas_machado2024","main","IDAS16","Brazilian Version of the Inventory of Depression and Anxiety Symptoms","Portuguese","Abaixo estão listados sentimentos, sensações, problemas e experiências que as pessoas têm em alguns momentos. Leia cada item para determinar o quanto eles descrevem seus sentimentos e experiências atuais. Selecione a opção que melhor descreve o quanto você sentiu ou experienciou as coisas durante as duas últimas semanas, incluindo hoje. Use a seguinte escala para responder:","NA","Eu me senti zonzo ou tive vertigens.","","Moderadamente","3","Listed below are feelings, sensations, problems and experiences that people have at times. Read each item to decide how well it describes your current feelings and experiences. Select the option that best describes how much you felt or experienced these things during the past two weeks, including today. Use the following scale to answer:","","I felt dizzy or light-headed.","Moderately"
"idas_machado2024","main","IDAS26","Brazilian Version of the Inventory of Depression and Anxiety Symptoms","Portuguese","Abaixo estão listados sentimentos, sensações, problemas e experiências que as pessoas têm em alguns momentos. Leia cada item para determinar o quanto eles descrevem seus sentimentos e experiências atuais. Selecione a opção que melhor descreve o quanto você sentiu ou experienciou as coisas durante as duas últimas semanas, incluindo hoje. Use a seguinte escala para responder:","NA","Eu tive menos apetite do que o habitual.","","Moderadamente","3","Listed below are feelings, sensations, problems and experiences that people have at times. Read each item to decide how well it describes your current feelings and experiences. Select the option that best describes how much you felt or experienced these things during the past two weeks, including today. Use the following scale to answer:","","I had less appetite than usual.","Moderately"
"idas_machado2024","main","IDAS81","Brazilian Version of the Inventory of Depression and Anxiety Symptoms","Portuguese","Abaixo estão listados sentimentos, sensações, problemas e experiências que as pessoas têm em alguns momentos. Leia cada item para determinar o quanto eles descrevem seus sentimentos e experiências atuais. Selecione a opção que melhor descreve o quanto você sentiu ou experienciou as coisas durante as duas últimas semanas, incluindo hoje. Use a seguinte escala para responder:","NA","Eu senti a urgência de checar, para ter certeza se eu tinha feito uma coisa.","","Moderadamente","3","Listed below are feelings, sensations, problems and experiences that people have at times. Read each item to decide how well it describes your current feelings and experiences. Select the option that best describes how much you felt or experienced these things during the past two weeks, including today. Use the following scale to answer:","","I felt an urge to check, to be sure I had done something.","Moderately"
"idas_machado2024","main","IDAS67","Brazilian Version of the Inventory of Depression and Anxiety Symptoms","Portuguese","Abaixo estão listados sentimentos, sensações, problemas e experiências que as pessoas têm em alguns momentos. Leia cada item para determinar o quanto eles descrevem seus sentimentos e experiências atuais. Selecione a opção que melhor descreve o quanto você sentiu ou experienciou as coisas durante as duas últimas semanas, incluindo hoje. Use a seguinte escala para responder:","NA","Eu fiquei mudando rapidamente de uma atividade para a próxima.","","Moderadamente","3","Listed below are feelings, sensations, problems and experiences that people have at times. Read each item to decide how well it describes your current feelings and experiences. Select the option that best describes how much you felt or experienced these things during the past two weeks, including today. Use the following scale to answer:","","I kept switching quickly from one activity to the next.","Moderately"
"idas_machado2024","main","IDAS76","Brazilian Version of the Inventory of Depression and Anxiety Symptoms","Portuguese","Abaixo estão listados sentimentos, sensações, problemas e experiências que as pessoas têm em alguns momentos. Leia cada item para determinar o quanto eles descrevem seus sentimentos e experiências atuais. Selecione a opção que melhor descreve o quanto você sentiu ou experienciou as coisas durante as duas últimas semanas, incluindo hoje. Use a seguinte escala para responder:","NA","Eu evitei manusear coisas sujas.","","Moderadamente","3","Listed below are feelings, sensations, problems and experiences that people have at times. Read each item to decide how well it describes your current feelings and experiences. Select the option that best describes how much you felt or experienced these things during the past two weeks, including today. Use the following scale to answer:","","I avoided handling dirty things.","Moderately"
"idas_machado2024","main","IDAS49","Brazilian Version of the Inventory of Depression and Anxiety Symptoms","Portuguese","Abaixo estão listados sentimentos, sensações, problemas e experiências que as pessoas têm em alguns momentos. Leia cada item para determinar o quanto eles descrevem seus sentimentos e experiências atuais. Selecione a opção que melhor descreve o quanto você sentiu ou experienciou as coisas durante as duas últimas semanas, incluindo hoje. Use a seguinte escala para responder:","NA","Eu estive com a boca muito seca.","","Moderadamente","3","Listed below are feelings, sensations, problems and experiences that people have at times. Read each item to decide how well it describes your current feelings and experiences. Select the option that best describes how much you felt or experienced these things during the past two weeks, including today. Use the following scale to answer:","","My mouth was very dry.","Moderately"
"idas_machado2024","main","IDAS25","Brazilian Version of the Inventory of Depression and Anxiety Symptoms","Portuguese","Abaixo estão listados sentimentos, sensações, problemas e experiências que as pessoas têm em alguns momentos. Leia cada item para determinar o quanto eles descrevem seus sentimentos e experiências atuais. Selecione a opção que melhor descreve o quanto você sentiu ou experienciou as coisas durante as duas últimas semanas, incluindo hoje. Use a seguinte escala para responder:","NA","Eu acordei muito mais cedo que o habitual.","","Moderadamente","3","Listed below are feelings, sensations, problems and experiences that people have at times. Read each item to decide how well it describes your current feelings and experiences. Select the option that best describes how much you felt or experienced these things during the past two weeks, including today. Use the following scale to answer:","","I woke up much earlier than usual.","Moderately"
"idas_machado2024","main","IDAS95","Brazilian Version of the Inventory of Depression and Anxiety Symptoms","Portuguese","Abaixo estão listados sentimentos, sensações, problemas e experiências que as pessoas têm em alguns momentos. Leia cada item para determinar o quanto eles descrevem seus sentimentos e experiências atuais. Selecione a opção que melhor descreve o quanto você sentiu ou experienciou as coisas durante as duas últimas semanas, incluindo hoje. Use a seguinte escala para responder:","NA","Eu tive pequenos rituais ou hábitos que tomaram muito do meu tempo.","","Moderadamente","3","Listed below are feelings, sensations, problems and experiences that people have at times. Read each item to decide how well it describes your current feelings and experiences. Select the option that best describes how much you felt or experienced these things during the past two weeks, including today. Use the following scale to answer:","","I had small rituals or habits that took up a lot of my time.","Moderately"
"idas_machado2024","main","IDAS6","Brazilian Version of the Inventory of Depression and Anxiety Symptoms","Portuguese","Abaixo estão listados sentimentos, sensações, problemas e experiências que as pessoas têm em alguns momentos. Leia cada item para determinar o quanto eles descrevem seus sentimentos e experiências atuais. Selecione a opção que melhor descreve o quanto você sentiu ou experienciou as coisas durante as duas últimas semanas, incluindo hoje. Use a seguinte escala para responder:","NA","Eu me senti exausto.","","Moderadamente","3","Listed below are feelings, sensations, problems and experiences that people have at times. Read each item to decide how well it describes your current feelings and experiences. Select the option that best describes how much you felt or experienced these things during the past two weeks, including today. Use the following scale to answer:","","I felt exhausted.","Moderately"
"idas_machado2024","main","IDAS19","Brazilian Version of the Inventory of Depression and Anxiety Symptoms","Portuguese","Abaixo estão listados sentimentos, sensações, problemas e experiências que as pessoas têm em alguns momentos. Leia cada item para determinar o quanto eles descrevem seus sentimentos e experiências atuais. Selecione a opção que melhor descreve o quanto você sentiu ou experienciou as coisas durante as duas últimas semanas, incluindo hoje. Use a seguinte escala para responder:","NA","Eu pensei muito em comida.","","Moderadamente","3","Listed below are feelings, sensations, problems and experiences that people have at times. Read each item to decide how well it describes your current feelings and experiences. Select the option that best describes how much you felt or experienced these things during the past two weeks, including today. Use the following scale to answer:","","I thought about food a lot.","Moderately"
"idas_machado2024","main","IDAS77","Brazilian Version of the Inventory of Depression and Anxiety Symptoms","Portuguese","Abaixo estão listados sentimentos, sensações, problemas e experiências que as pessoas têm em alguns momentos. Leia cada item para determinar o quanto eles descrevem seus sentimentos e experiências atuais. Selecione a opção que melhor descreve o quanto você sentiu ou experienciou as coisas durante as duas últimas semanas, incluindo hoje. Use a seguinte escala para responder:","NA","Eu senti como se minha mente estivesse muito rápida.","","Moderadamente","3","Listed below are feelings, sensations, problems and experiences that people have at times. Read each item to decide how well it describes your current feelings and experiences. Select the option that best describes how much you felt or experienced these things during the past two weeks, including today. Use the following scale to answer:","","I felt as if my mind was racing.","Moderately"
"idas_machado2024","main","IDAS99","Brazilian Version of the Inventory of Depression and Anxiety Symptoms","Portuguese","Abaixo estão listados sentimentos, sensações, problemas e experiências que as pessoas têm em alguns momentos. Leia cada item para determinar o quanto eles descrevem seus sentimentos e experiências atuais. Selecione a opção que melhor descreve o quanto você sentiu ou experienciou as coisas durante as duas últimas semanas, incluindo hoje. Use a seguinte escala para responder:","NA","Eu me senti ansioso sobre falar em público.","","Moderadamente","3","Listed below are feelings, sensations, problems and experiences that people have at times. Read each item to decide how well it describes your current feelings and experiences. Select the option that best describes how much you felt or experienced these things during the past two weeks, including today. Use the following scale to answer:","","I felt anxious about speaking in public.","Moderately"
"idas_machado2024","main","IDAS57","Brazilian Version of the Inventory of Depression and Anxiety Symptoms","Portuguese","Abaixo estão listados sentimentos, sensações, problemas e experiências que as pessoas têm em alguns momentos. Leia cada item para determinar o quanto eles descrevem seus sentimentos e experiências atuais. Selecione a opção que melhor descreve o quanto você sentiu ou experienciou as coisas durante as duas últimas semanas, incluindo hoje. Use a seguinte escala para responder:","NA","Eu falei mais devagar do que falo geralmente.","","Moderadamente","3","Listed below are feelings, sensations, problems and experiences that people have at times. Read each item to decide how well it describes your current feelings and experiences. Select the option that best describes how much you felt or experienced these things during the past two weeks, including today. Use the following scale to answer:","","I spoke more slowly than I usually do.","Moderately"
"idas_machado2024","main","IDAS2","Brazilian Version of the Inventory of Depression and Anxiety Symptoms","Portuguese","Abaixo estão listados sentimentos, sensações, problemas e experiências que as pessoas têm em alguns momentos. Leia cada item para determinar o quanto eles descrevem seus sentimentos e experiências atuais. Selecione a opção que melhor descreve o quanto você sentiu ou experienciou as coisas durante as duas últimas semanas, incluindo hoje. Use a seguinte escala para responder:","NA","Eu tive pouco interesse em minhas atividades diárias e hobbies.","","Moderadamente","3","Listed below are feelings, sensations, problems and experiences that people have at times. Read each item to decide how well it describes your current feelings and experiences. Select the option that best describes how much you felt or experienced these things during the past two weeks, including today. Use the following scale to answer:","","I had little interest in my daily activities and hobbies.","Moderately"
"idas_machado2024","main","IDAS60","Brazilian Version of the Inventory of Depression and Anxiety Symptoms","Portuguese","Abaixo estão listados sentimentos, sensações, problemas e experiências que as pessoas têm em alguns momentos. Leia cada item para determinar o quanto eles descrevem seus sentimentos e experiências atuais. Selecione a opção que melhor descreve o quanto você sentiu ou experienciou as coisas durante as duas últimas semanas, incluindo hoje. Use a seguinte escala para responder:","NA","Eu não senti muita vontade de comer.","","Moderadamente","3","Listed below are feelings, sensations, problems and experiences that people have at times. Read each item to decide how well it describes your current feelings and experiences. Select the option that best describes how much you felt or experienced these things during the past two weeks, including today. Use the following scale to answer:","","I did not feel much like eating.","Moderately"
"idas_machado2024","main","IDAS90","Brazilian Version of the Inventory of Depression and Anxiety Symptoms","Portuguese","Abaixo estão listados sentimentos, sensações, problemas e experiências que as pessoas têm em alguns momentos. Leia cada item para determinar o quanto eles descrevem seus sentimentos e experiências atuais. Selecione a opção que melhor descreve o quanto você sentiu ou experienciou as coisas durante as duas últimas semanas, incluindo hoje. Use a seguinte escala para responder:","NA","Eu tive medo de tuneis.","","Moderadamente","3","Listed below are feelings, sensations, problems and experiences that people have at times. Read each item to decide how well it describes your current feelings and experiences. Select the option that best describes how much you felt or experienced these things during the past two weeks, including today. Use the following scale to answer:","","I was afraid of tunnels.","Moderately"
"idas_machado2024","main","IDAS47","Brazilian Version of the Inventory of Depression and Anxiety Symptoms","Portuguese","Abaixo estão listados sentimentos, sensações, problemas e experiências que as pessoas têm em alguns momentos. Leia cada item para determinar o quanto eles descrevem seus sentimentos e experiências atuais. Selecione a opção que melhor descreve o quanto você sentiu ou experienciou as coisas durante as duas últimas semanas, incluindo hoje. Use a seguinte escala para responder:","NA","Eu tive dificuldade para falar com pessoas que eu não conheço bem.","","Moderadamente","3","Listed below are feelings, sensations, problems and experiences that people have at times. Read each item to decide how well it describes your current feelings and experiences. Select the option that best describes how much you felt or experienced these things during the past two weeks, including today. Use the following scale to answer:","","I had trouble talking to people I do not know well.","Moderately"
"idas_machado2024","main","IDAS56","Brazilian Version of the Inventory of Depression and Anxiety Symptoms","Portuguese","Abaixo estão listados sentimentos, sensações, problemas e experiências que as pessoas têm em alguns momentos. Leia cada item para determinar o quanto eles descrevem seus sentimentos e experiências atuais. Selecione a opção que melhor descreve o quanto você sentiu ou experienciou as coisas durante as duas últimas semanas, incluindo hoje. Use a seguinte escala para responder:","NA","Eu senti falta de ar.","","Moderadamente","3","Listed below are feelings, sensations, problems and experiences that people have at times. Read each item to decide how well it describes your current feelings and experiences. Select the option that best describes how much you felt or experienced these things during the past two weeks, including today. Use the following scale to answer:","","I was short of breath.","Moderately"
"idas_machado2024","main","IDAS83","Brazilian Version of the Inventory of Depression and Anxiety Symptoms","Portuguese","Abaixo estão listados sentimentos, sensações, problemas e experiências que as pessoas têm em alguns momentos. Leia cada item para determinar o quanto eles descrevem seus sentimentos e experiências atuais. Selecione a opção que melhor descreve o quanto você sentiu ou experienciou as coisas durante as duas últimas semanas, incluindo hoje. Use a seguinte escala para responder:","NA","Meus pensamentos pularam rapidamente de uma ideia para outra.","","Moderadamente","3","Listed below are feelings, sensations, problems and experiences that people have at times. Read each item to decide how well it describes your current feelings and experiences. Select the option that best describes how much you felt or experienced these things during the past two weeks, including today. Use the following scale to answer:","","My thoughts jumped quickly from one idea to another.","Moderately"
"idas_machado2024","main","IDAS86","Brazilian Version of the Inventory of Depression and Anxiety Symptoms","Portuguese","Abaixo estão listados sentimentos, sensações, problemas e experiências que as pessoas têm em alguns momentos. Leia cada item para determinar o quanto eles descrevem seus sentimentos e experiências atuais. Selecione a opção que melhor descreve o quanto você sentiu ou experienciou as coisas durante as duas últimas semanas, incluindo hoje. Use a seguinte escala para responder:","NA","Eu tive dificuldade em tocar uma coisa que estava suja.","","Moderadamente","3","Listed below are feelings, sensations, problems and experiences that people have at times. Read each item to decide how well it describes your current feelings and experiences. Select the option that best describes how much you felt or experienced these things during the past two weeks, including today. Use the following scale to answer:","","I had difficulty touching something that was dirty.","Moderately"
"idas_machado2024","main","IDAS87","Brazilian Version of the Inventory of Depression and Anxiety Symptoms","Portuguese","Abaixo estão listados sentimentos, sensações, problemas e experiências que as pessoas têm em alguns momentos. Leia cada item para determinar o quanto eles descrevem seus sentimentos e experiências atuais. Selecione a opção que melhor descreve o quanto você sentiu ou experienciou as coisas durante as duas últimas semanas, incluindo hoje. Use a seguinte escala para responder:","NA","Foi difícil acompanhar meus pensamentos, pois eles estavam acontecendo muito rapidamente.","","Moderadamente","3","Listed below are feelings, sensations, problems and experiences that people have at times. Read each item to decide how well it describes your current feelings and experiences. Select the option that best describes how much you felt or experienced these things during the past two weeks, including today. Use the following scale to answer:","","It was hard to keep up with my thoughts, they were coming so fast.","Moderately"
"idas_machado2024","main","IDAS82","Brazilian Version of the Inventory of Depression and Anxiety Symptoms","Portuguese","Abaixo estão listados sentimentos, sensações, problemas e experiências que as pessoas têm em alguns momentos. Leia cada item para determinar o quanto eles descrevem seus sentimentos e experiências atuais. Selecione a opção que melhor descreve o quanto você sentiu ou experienciou as coisas durante as duas últimas semanas, incluindo hoje. Use a seguinte escala para responder:","NA","Eu segui a mesma ordem fixa de realizar tarefas.","","Moderadamente","3","Listed below are feelings, sensations, problems and experiences that people have at times. Read each item to decide how well it describes your current feelings and experiences. Select the option that best describes how much you felt or experienced these things during the past two weeks, including today. Use the following scale to answer:","","I followed the same fixed order of doing things.","Moderately"
"idas_machado2024","main","IDAS32","Brazilian Version of the Inventory of Depression and Anxiety Symptoms","Portuguese","Abaixo estão listados sentimentos, sensações, problemas e experiências que as pessoas têm em alguns momentos. Leia cada item para determinar o quanto eles descrevem seus sentimentos e experiências atuais. Selecione a opção que melhor descreve o quanto você sentiu ou experienciou as coisas durante as duas últimas semanas, incluindo hoje. Use a seguinte escala para responder:","NA","Eu tive tremores.","","Moderadamente","3","Listed below are feelings, sensations, problems and experiences that people have at times. Read each item to decide how well it describes your current feelings and experiences. Select the option that best describes how much you felt or experienced these things during the past two weeks, including today. Use the following scale to answer:","","I had tremors or shaking.","Moderately"
"idas_machado2024","main","IDAS27","Brazilian Version of the Inventory of Depression and Anxiety Symptoms","Portuguese","Abaixo estão listados sentimentos, sensações, problemas e experiências que as pessoas têm em alguns momentos. Leia cada item para determinar o quanto eles descrevem seus sentimentos e experiências atuais. Selecione a opção que melhor descreve o quanto você sentiu ou experienciou as coisas durante as duas últimas semanas, incluindo hoje. Use a seguinte escala para responder:","NA","Eu esperei ansiosamente para fazer coisas prazerosas.","","Moderadamente","3","Listed below are feelings, sensations, problems and experiences that people have at times. Read each item to decide how well it describes your current feelings and experiences. Select the option that best describes how much you felt or experienced these things during the past two weeks, including today. Use the following scale to answer:","","I looked forward to doing enjoyable things.","Moderately"
"idas_machado2024","main","IDAS80","Brazilian Version of the Inventory of Depression and Anxiety Symptoms","Portuguese","Abaixo estão listados sentimentos, sensações, problemas e experiências que as pessoas têm em alguns momentos. Leia cada item para determinar o quanto eles descrevem seus sentimentos e experiências atuais. Selecione a opção que melhor descreve o quanto você sentiu ou experienciou as coisas durante as duas últimas semanas, incluindo hoje. Use a seguinte escala para responder:","NA","Eu tive medo de ficar preso no meio de uma multidão.","","Moderadamente","3","Listed below are feelings, sensations, problems and experiences that people have at times. Read each item to decide how well it describes your current feelings and experiences. Select the option that best describes how much you felt or experienced these things during the past two weeks, including today. Use the following scale to answer:","","I was afraid of getting trapped in a crowd.","Moderately"
"idas_machado2024","main","IDAS51","Brazilian Version of the Inventory of Depression and Anxiety Symptoms","Portuguese","Abaixo estão listados sentimentos, sensações, problemas e experiências que as pessoas têm em alguns momentos. Leia cada item para determinar o quanto eles descrevem seus sentimentos e experiências atuais. Selecione a opção que melhor descreve o quanto você sentiu ou experienciou as coisas durante as duas últimas semanas, incluindo hoje. Use a seguinte escala para responder:","NA","Eu dormi muito mal.","","Moderadamente","3","Listed below are feelings, sensations, problems and experiences that people have at times. Read each item to decide how well it describes your current feelings and experiences. Select the option that best describes how much you felt or experienced these things during the past two weeks, including today. Use the following scale to answer:","","I slept very badly.","Moderately"
"idas_machado2024","main","IDAS15","Brazilian Version of the Inventory of Depression and Anxiety Symptoms","Portuguese","Abaixo estão listados sentimentos, sensações, problemas e experiências que as pessoas têm em alguns momentos. Leia cada item para determinar o quanto eles descrevem seus sentimentos e experiências atuais. Selecione a opção que melhor descreve o quanto você sentiu ou experienciou as coisas durante as duas últimas semanas, incluindo hoje. Use a seguinte escala para responder:","NA","Eu me senti constrangido sabendo que pessoas estavam me observando.","","Moderadamente","3","Listed below are feelings, sensations, problems and experiences that people have at times. Read each item to decide how well it describes your current feelings and experiences. Select the option that best describes how much you felt or experienced these things during the past two weeks, including today. Use the following scale to answer:","","I felt self-conscious knowing that people were watching me.","Moderately"
"idas_machado2024","main","IDAS50","Brazilian Version of the Inventory of Depression and Anxiety Symptoms","Portuguese","Abaixo estão listados sentimentos, sensações, problemas e experiências que as pessoas têm em alguns momentos. Leia cada item para determinar o quanto eles descrevem seus sentimentos e experiências atuais. Selecione a opção que melhor descreve o quanto você sentiu ou experienciou as coisas durante as duas últimas semanas, incluindo hoje. Use a seguinte escala para responder:","NA","Eu me senti esperançoso sobre o futuro.","","Moderadamente","3","Listed below are feelings, sensations, problems and experiences that people have at times. Read each item to decide how well it describes your current feelings and experiences. Select the option that best describes how much you felt or experienced these things during the past two weeks, including today. Use the following scale to answer:","","I felt hopeful about the future.","Moderately"
"idas_machado2024","main","IDAS34","Brazilian Version of the Inventory of Depression and Anxiety Symptoms","Portuguese","Abaixo estão listados sentimentos, sensações, problemas e experiências que as pessoas têm em alguns momentos. Leia cada item para determinar o quanto eles descrevem seus sentimentos e experiências atuais. Selecione a opção que melhor descreve o quanto você sentiu ou experienciou as coisas durante as duas últimas semanas, incluindo hoje. Use a seguinte escala para responder:","NA","Eu tive lembranças de uma coisa assustadora que aconteceu.","","Moderadamente","3","Listed below are feelings, sensations, problems and experiences that people have at times. Read each item to decide how well it describes your current feelings and experiences. Select the option that best describes how much you felt or experienced these things during the past two weeks, including today. Use the following scale to answer:","","I had memories of something frightening that happened.","Moderately"
"idas_machado2024","main","IDAS48","Brazilian Version of the Inventory of Depression and Anxiety Symptoms","Portuguese","Abaixo estão listados sentimentos, sensações, problemas e experiências que as pessoas têm em alguns momentos. Leia cada item para determinar o quanto eles descrevem seus sentimentos e experiências atuais. Selecione a opção que melhor descreve o quanto você sentiu ou experienciou as coisas durante as duas últimas semanas, incluindo hoje. Use a seguinte escala para responder:","NA","Eu fiquei preocupado o tempo todo.","","Moderadamente","3","Listed below are feelings, sensations, problems and experiences that people have at times. Read each item to decide how well it describes your current feelings and experiences. Select the option that best describes how much you felt or experienced these things during the past two weeks, including today. Use the following scale to answer:","","I worried all the time.","Moderately"
"idas_machado2024","main","IDAS45","Brazilian Version of the Inventory of Depression and Anxiety Symptoms","Portuguese","Abaixo estão listados sentimentos, sensações, problemas e experiências que as pessoas têm em alguns momentos. Leia cada item para determinar o quanto eles descrevem seus sentimentos e experiências atuais. Selecione a opção que melhor descreve o quanto você sentiu ou experienciou as coisas durante as duas últimas semanas, incluindo hoje. Use a seguinte escala para responder:","NA","Meu coração disparou ou bateu forte.","","Moderadamente","3","Listed below are feelings, sensations, problems and experiences that people have at times. Read each item to decide how well it describes your current feelings and experiences. Select the option that best describes how much you felt or experienced these things during the past two weeks, including today. Use the following scale to answer:","","My heart raced or pounded.","Moderately"
"idas_machado2024","main","IDAS96","Brazilian Version of the Inventory of Depression and Anxiety Symptoms","Portuguese","Abaixo estão listados sentimentos, sensações, problemas e experiências que as pessoas têm em alguns momentos. Leia cada item para determinar o quanto eles descrevem seus sentimentos e experiências atuais. Selecione a opção que melhor descreve o quanto você sentiu ou experienciou as coisas durante as duas últimas semanas, incluindo hoje. Use a seguinte escala para responder:","NA","Eu evitei usar banheiros públicos.","","Moderadamente","3","Listed below are feelings, sensations, problems and experiences that people have at times. Read each item to decide how well it describes your current feelings and experiences. Select the option that best describes how much you felt or experienced these things during the past two weeks, including today. Use the following scale to answer:","","I avoided using public toilets.","Moderately"
"idas_machado2024","main","IDAS9","Brazilian Version of the Inventory of Depression and Anxiety Symptoms","Portuguese","Abaixo estão listados sentimentos, sensações, problemas e experiências que as pessoas têm em alguns momentos. Leia cada item para determinar o quanto eles descrevem seus sentimentos e experiências atuais. Selecione a opção que melhor descreve o quanto você sentiu ou experienciou as coisas durante as duas últimas semanas, incluindo hoje. Use a seguinte escala para responder:","NA","Eu tive dificuldades para tomar decisões.","","Moderadamente","3","Listed below are feelings, sensations, problems and experiences that people have at times. Read each item to decide how well it describes your current feelings and experiences. Select the option that best describes how much you felt or experienced these things during the past two weeks, including today. Use the following scale to answer:","","I had trouble making decisions.","Moderately"
"idas_machado2024","main","IDAS21","Brazilian Version of the Inventory of Depression and Anxiety Symptoms","Portuguese","Abaixo estão listados sentimentos, sensações, problemas e experiências que as pessoas têm em alguns momentos. Leia cada item para determinar o quanto eles descrevem seus sentimentos e experiências atuais. Selecione a opção que melhor descreve o quanto você sentiu ou experienciou as coisas durante as duas últimas semanas, incluindo hoje. Use a seguinte escala para responder:","NA","Eu me culpei por coisas que aconteceram.","","Muito","4","Listed below are feelings, sensations, problems and experiences that people have at times. Read each item to decide how well it describes your current feelings and experiences. Select the option that best describes how much you felt or experienced these things during the past two weeks, including today. Use the following scale to answer:","","I blamed myself for things that happened.","Very much"
"idas_machado2024","main","IDAS99","Brazilian Version of the Inventory of Depression and Anxiety Symptoms","Portuguese","Abaixo estão listados sentimentos, sensações, problemas e experiências que as pessoas têm em alguns momentos. Leia cada item para determinar o quanto eles descrevem seus sentimentos e experiências atuais. Selecione a opção que melhor descreve o quanto você sentiu ou experienciou as coisas durante as duas últimas semanas, incluindo hoje. Use a seguinte escala para responder:","NA","Eu me senti ansioso sobre falar em público.","","Muito","4","Listed below are feelings, sensations, problems and experiences that people have at times. Read each item to decide how well it describes your current feelings and experiences. Select the option that best describes how much you felt or experienced these things during the past two weeks, including today. Use the following scale to answer:","","I felt anxious about speaking in public.","Very much"
"idas_machado2024","main","IDAS6","Brazilian Version of the Inventory of Depression and Anxiety Symptoms","Portuguese","Abaixo estão listados sentimentos, sensações, problemas e experiências que as pessoas têm em alguns momentos. Leia cada item para determinar o quanto eles descrevem seus sentimentos e experiências atuais. Selecione a opção que melhor descreve o quanto você sentiu ou experienciou as coisas durante as duas últimas semanas, incluindo hoje. Use a seguinte escala para responder:","NA","Eu me senti exausto.","","Muito","4","Listed below are feelings, sensations, problems and experiences that people have at times. Read each item to decide how well it describes your current feelings and experiences. Select the option that best describes how much you felt or experienced these things during the past two weeks, including today. Use the following scale to answer:","","I felt exhausted.","Very much"
"idas_machado2024","main","IDAS59","Brazilian Version of the Inventory of Depression and Anxiety Symptoms","Portuguese","Abaixo estão listados sentimentos, sensações, problemas e experiências que as pessoas têm em alguns momentos. Leia cada item para determinar o quanto eles descrevem seus sentimentos e experiências atuais. Selecione a opção que melhor descreve o quanto você sentiu ou experienciou as coisas durante as duas últimas semanas, incluindo hoje. Use a seguinte escala para responder:","NA","Eu senti como se tivesse muitas coisas interessantes para fazer.","","Muito","4","Listed below are feelings, sensations, problems and experiences that people have at times. Read each item to decide how well it describes your current feelings and experiences. Select the option that best describes how much you felt or experienced these things during the past two weeks, including today. Use the following scale to answer:","","I felt as if I had many interesting things to do.","Very much"
"idas_machado2024","main","IDAS52","Brazilian Version of the Inventory of Depression and Anxiety Symptoms","Portuguese","Abaixo estão listados sentimentos, sensações, problemas e experiências que as pessoas têm em alguns momentos. Leia cada item para determinar o quanto eles descrevem seus sentimentos e experiências atuais. Selecione a opção que melhor descreve o quanto você sentiu ou experienciou as coisas durante as duas últimas semanas, incluindo hoje. Use a seguinte escala para responder:","NA","Eu pensei em me machucar.","","Muito","4","Listed below are feelings, sensations, problems and experiences that people have at times. Read each item to decide how well it describes your current feelings and experiences. Select the option that best describes how much you felt or experienced these things during the past two weeks, including today. Use the following scale to answer:","","I thought about hurting myself.","Very much"
"idas_machado2024","main","IDAS43","Brazilian Version of the Inventory of Depression and Anxiety Symptoms","Portuguese","Abaixo estão listados sentimentos, sensações, problemas e experiências que as pessoas têm em alguns momentos. Leia cada item para determinar o quanto eles descrevem seus sentimentos e experiências atuais. Selecione a opção que melhor descreve o quanto você sentiu ou experienciou as coisas durante as duas últimas semanas, incluindo hoje. Use a seguinte escala para responder:","NA","Eu tive problemas para acordar de manhã.","","Muito","4","Listed below are feelings, sensations, problems and experiences that people have at times. Read each item to decide how well it describes your current feelings and experiences. Select the option that best describes how much you felt or experienced these things during the past two weeks, including today. Use the following scale to answer:","","I had trouble waking up in the morning.","Very much"
"idas_machado2024","main","IDAS41","Brazilian Version of the Inventory of Depression and Anxiety Symptoms","Portuguese","Abaixo estão listados sentimentos, sensações, problemas e experiências que as pessoas têm em alguns momentos. Leia cada item para determinar o quanto eles descrevem seus sentimentos e experiências atuais. Selecione a opção que melhor descreve o quanto você sentiu ou experienciou as coisas durante as duas últimas semanas, incluindo hoje. Use a seguinte escala para responder:","NA","Eu tive dificuldades em manter contato visual com as pessoas.","","Muito","4","Listed below are feelings, sensations, problems and experiences that people have at times. Read each item to decide how well it describes your current feelings and experiences. Select the option that best describes how much you felt or experienced these things during the past two weeks, including today. Use the following scale to answer:","","I had trouble making eye contact with people.","Very much"
"idas_machado2024","main","IDAS89","Brazilian Version of the Inventory of Depression and Anxiety Symptoms","Portuguese","Abaixo estão listados sentimentos, sensações, problemas e experiências que as pessoas têm em alguns momentos. Leia cada item para determinar o quanto eles descrevem seus sentimentos e experiências atuais. Selecione a opção que melhor descreve o quanto você sentiu ou experienciou as coisas durante as duas últimas semanas, incluindo hoje. Use a seguinte escala para responder:","NA","Eu tentei ignorar lembranças que me deixam chateado.","","Muito","4","Listed below are feelings, sensations, problems and experiences that people have at times. Read each item to decide how well it describes your current feelings and experiences. Select the option that best describes how much you felt or experienced these things during the past two weeks, including today. Use the following scale to answer:","","I tried to ignore memories that upset me.","Very much"
"idas_machado2024","main","IDAS68","Brazilian Version of the Inventory of Depression and Anxiety Symptoms","Portuguese","Abaixo estão listados sentimentos, sensações, problemas e experiências que as pessoas têm em alguns momentos. Leia cada item para determinar o quanto eles descrevem seus sentimentos e experiências atuais. Selecione a opção que melhor descreve o quanto você sentiu ou experienciou as coisas durante as duas últimas semanas, incluindo hoje. Use a seguinte escala para responder:","NA","Eu fiquei checando as coisas de novo, e de novo.","","Muito","4","Listed below are feelings, sensations, problems and experiences that people have at times. Read each item to decide how well it describes your current feelings and experiences. Select the option that best describes how much you felt or experienced these things during the past two weeks, including today. Use the following scale to answer:","","I checked things over and over again.","Very much"
"idas_machado2024","main","IDAS82","Brazilian Version of the Inventory of Depression and Anxiety Symptoms","Portuguese","Abaixo estão listados sentimentos, sensações, problemas e experiências que as pessoas têm em alguns momentos. Leia cada item para determinar o quanto eles descrevem seus sentimentos e experiências atuais. Selecione a opção que melhor descreve o quanto você sentiu ou experienciou as coisas durante as duas últimas semanas, incluindo hoje. Use a seguinte escala para responder:","NA","Eu segui a mesma ordem fixa de realizar tarefas.","","Muito","4","Listed below are feelings, sensations, problems and experiences that people have at times. Read each item to decide how well it describes your current feelings and experiences. Select the option that best describes how much you felt or experienced these things during the past two weeks, including today. Use the following scale to answer:","","I followed the same fixed order of doing things.","Very much"
"idas_machado2024","main","IDAS24","Brazilian Version of the Inventory of Depression and Anxiety Symptoms","Portuguese","Abaixo estão listados sentimentos, sensações, problemas e experiências que as pessoas têm em alguns momentos. Leia cada item para determinar o quanto eles descrevem seus sentimentos e experiências atuais. Selecione a opção que melhor descreve o quanto você sentiu ou experienciou as coisas durante as duas últimas semanas, incluindo hoje. Use a seguinte escala para responder:","NA","Eu comi quando não estava sentindo fome.","","Muito","4","Listed below are feelings, sensations, problems and experiences that people have at times. Read each item to decide how well it describes your current feelings and experiences. Select the option that best describes how much you felt or experienced these things during the past two weeks, including today. Use the following scale to answer:","","I ate when I was not hungry.","Very much"
"idas_machado2024","main","IDAS14","Brazilian Version of the Inventory of Depression and Anxiety Symptoms","Portuguese","Abaixo estão listados sentimentos, sensações, problemas e experiências que as pessoas têm em alguns momentos. Leia cada item para determinar o quanto eles descrevem seus sentimentos e experiências atuais. Selecione a opção que melhor descreve o quanto você sentiu ou experienciou as coisas durante as duas últimas semanas, incluindo hoje. Use a seguinte escala para responder:","NA","Eu tive pensamentos perturbadores sobre coisas ruins que aconteceram comigo.","","Muito","4","Listed below are feelings, sensations, problems and experiences that people have at times. Read each item to decide how well it describes your current feelings and experiences. Select the option that best describes how much you felt or experienced these things during the past two weeks, including today. Use the following scale to answer:","","I had disturbing thoughts about bad things that happened to me.","Very much"
"idas_machado2024","main","IDAS84","Brazilian Version of the Inventory of Depression and Anxiety Symptoms","Portuguese","Abaixo estão listados sentimentos, sensações, problemas e experiências que as pessoas têm em alguns momentos. Leia cada item para determinar o quanto eles descrevem seus sentimentos e experiências atuais. Selecione a opção que melhor descreve o quanto você sentiu ou experienciou as coisas durante as duas últimas semanas, incluindo hoje. Use a seguinte escala para responder:","NA","Eu me senti ansioso em lugares pequenos.","","Muito","4","Listed below are feelings, sensations, problems and experiences that people have at times. Read each item to decide how well it describes your current feelings and experiences. Select the option that best describes how much you felt or experienced these things during the past two weeks, including today. Use the following scale to answer:","","I felt anxious in small spaces.","Very much"
"idas_machado2024","main","IDAS57","Brazilian Version of the Inventory of Depression and Anxiety Symptoms","Portuguese","Abaixo estão listados sentimentos, sensações, problemas e experiências que as pessoas têm em alguns momentos. Leia cada item para determinar o quanto eles descrevem seus sentimentos e experiências atuais. Selecione a opção que melhor descreve o quanto você sentiu ou experienciou as coisas durante as duas últimas semanas, incluindo hoje. Use a seguinte escala para responder:","NA","Eu falei mais devagar do que falo geralmente.","","Muito","4","Listed below are feelings, sensations, problems and experiences that people have at times. Read each item to decide how well it describes your current feelings and experiences. Select the option that best describes how much you felt or experienced these things during the past two weeks, including today. Use the following scale to answer:","","I spoke more slowly than I usually do.","Very much"
"idas_machado2024","main","IDAS35","Brazilian Version of the Inventory of Depression and Anxiety Symptoms","Portuguese","Abaixo estão listados sentimentos, sensações, problemas e experiências que as pessoas têm em alguns momentos. Leia cada item para determinar o quanto eles descrevem seus sentimentos e experiências atuais. Selecione a opção que melhor descreve o quanto você sentiu ou experienciou as coisas durante as duas últimas semanas, incluindo hoje. Use a seguinte escala para responder:","NA","Eu senti vontade de quebrar coisas.","","Muito","4","Listed below are feelings, sensations, problems and experiences that people have at times. Read each item to decide how well it describes your current feelings and experiences. Select the option that best describes how much you felt or experienced these things during the past two weeks, including today. Use the following scale to answer:","","I felt like breaking things.","Very much"
"idas_machado2024","main","IDAS27","Brazilian Version of the Inventory of Depression and Anxiety Symptoms","Portuguese","Abaixo estão listados sentimentos, sensações, problemas e experiências que as pessoas têm em alguns momentos. Leia cada item para determinar o quanto eles descrevem seus sentimentos e experiências atuais. Selecione a opção que melhor descreve o quanto você sentiu ou experienciou as coisas durante as duas últimas semanas, incluindo hoje. Use a seguinte escala para responder:","NA","Eu esperei ansiosamente para fazer coisas prazerosas.","","Muito","4","Listed below are feelings, sensations, problems and experiences that people have at times. Read each item to decide how well it describes your current feelings and experiences. Select the option that best describes how much you felt or experienced these things during the past two weeks, including today. Use the following scale to answer:","","I looked forward to doing enjoyable things.","Very much"
"idas_machado2024","main","IDAS48","Brazilian Version of the Inventory of Depression and Anxiety Symptoms","Portuguese","Abaixo estão listados sentimentos, sensações, problemas e experiências que as pessoas têm em alguns momentos. Leia cada item para determinar o quanto eles descrevem seus sentimentos e experiências atuais. Selecione a opção que melhor descreve o quanto você sentiu ou experienciou as coisas durante as duas últimas semanas, incluindo hoje. Use a seguinte escala para responder:","NA","Eu fiquei preocupado o tempo todo.","","Muito","4","Listed below are feelings, sensations, problems and experiences that people have at times. Read each item to decide how well it describes your current feelings and experiences. Select the option that best describes how much you felt or experienced these things during the past two weeks, including today. Use the following scale to answer:","","I worried all the time.","Very much"
"idas_machado2024","main","IDAS85","Brazilian Version of the Inventory of Depression and Anxiety Symptoms","Portuguese","Abaixo estão listados sentimentos, sensações, problemas e experiências que as pessoas têm em alguns momentos. Leia cada item para determinar o quanto eles descrevem seus sentimentos e experiências atuais. Selecione a opção que melhor descreve o quanto você sentiu ou experienciou as coisas durante as duas últimas semanas, incluindo hoje. Use a seguinte escala para responder:","NA","Eu me senti obrigado a seguir certos rituais.","","Muito","4","Listed below are feelings, sensations, problems and experiences that people have at times. Read each item to decide how well it describes your current feelings and experiences. Select the option that best describes how much you felt or experienced these things during the past two weeks, including today. Use the following scale to answer:","","I felt compelled to follow certain rituals.","Very much"
"idas_machado2024","main","IDAS96","Brazilian Version of the Inventory of Depression and Anxiety Symptoms","Portuguese","Abaixo estão listados sentimentos, sensações, problemas e experiências que as pessoas têm em alguns momentos. Leia cada item para determinar o quanto eles descrevem seus sentimentos e experiências atuais. Selecione a opção que melhor descreve o quanto você sentiu ou experienciou as coisas durante as duas últimas semanas, incluindo hoje. Use a seguinte escala para responder:","NA","Eu evitei usar banheiros públicos.","","Muito","4","Listed below are feelings, sensations, problems and experiences that people have at times. Read each item to decide how well it describes your current feelings and experiences. Select the option that best describes how much you felt or experienced these things during the past two weeks, including today. Use the following scale to answer:","","I avoided using public toilets.","Very much"
"idas_machado2024","main","IDAS28","Brazilian Version of the Inventory of Depression and Anxiety Symptoms","Portuguese","Abaixo estão listados sentimentos, sensações, problemas e experiências que as pessoas têm em alguns momentos. Leia cada item para determinar o quanto eles descrevem seus sentimentos e experiências atuais. Selecione a opção que melhor descreve o quanto você sentiu ou experienciou as coisas durante as duas últimas semanas, incluindo hoje. Use a seguinte escala para responder:","NA","Eu tive pesadelos que me lembraram de uma coisa ruim que aconteceu.","","Muito","4","Listed below are feelings, sensations, problems and experiences that people have at times. Read each item to decide how well it describes your current feelings and experiences. Select the option that best describes how much you felt or experienced these things during the past two weeks, including today. Use the following scale to answer:","","I had nightmares that reminded me of something bad that happened.","Very much"
"idas_machado2024","main","IDAS78","Brazilian Version of the Inventory of Depression and Anxiety Symptoms","Portuguese","Abaixo estão listados sentimentos, sensações, problemas e experiências que as pessoas têm em alguns momentos. Leia cada item para determinar o quanto eles descrevem seus sentimentos e experiências atuais. Selecione a opção que melhor descreve o quanto você sentiu ou experienciou as coisas durante as duas últimas semanas, incluindo hoje. Use a seguinte escala para responder:","NA","Eu senti como se eu estivesse ""no topo do mundo"".","","Muito","4","Listed below are feelings, sensations, problems and experiences that people have at times. Read each item to decide how well it describes your current feelings and experiences. Select the option that best describes how much you felt or experienced these things during the past two weeks, including today. Use the following scale to answer:","","I felt as if I were ""on top of the world"".","Very much"
"idas_machado2024","main","IDAS18","Brazilian Version of the Inventory of Depression and Anxiety Symptoms","Portuguese","Abaixo estão listados sentimentos, sensações, problemas e experiências que as pessoas têm em alguns momentos. Leia cada item para determinar o quanto eles descrevem seus sentimentos e experiências atuais. Selecione a opção que melhor descreve o quanto você sentiu ou experienciou as coisas durante as duas últimas semanas, incluindo hoje. Use a seguinte escala para responder:","NA","Eu fiquei preocupado em me envergonhar socialmente.","","Muito","4","Listed below are feelings, sensations, problems and experiences that people have at times. Read each item to decide how well it describes your current feelings and experiences. Select the option that best describes how much you felt or experienced these things during the past two weeks, including today. Use the following scale to answer:","","I worried about embarrassing myself socially.","Very much"
"idas_machado2024","main","IDAS13","Brazilian Version of the Inventory of Depression and Anxiety Symptoms","Portuguese","Abaixo estão listados sentimentos, sensações, problemas e experiências que as pessoas têm em alguns momentos. Leia cada item para determinar o quanto eles descrevem seus sentimentos e experiências atuais. Selecione a opção que melhor descreve o quanto você sentiu ou experienciou as coisas durante as duas últimas semanas, incluindo hoje. Use a seguinte escala para responder:","NA","Eu tive pensamentos sobre suicídio.","","Muito","4","Listed below are feelings, sensations, problems and experiences that people have at times. Read each item to decide how well it describes your current feelings and experiences. Select the option that best describes how much you felt or experienced these things during the past two weeks, including today. Use the following scale to answer:","","I had thoughts of suicide.","Very much"
"idas_machado2024","main","IDAS1","Brazilian Version of the Inventory of Depression and Anxiety Symptoms","Portuguese","Abaixo estão listados sentimentos, sensações, problemas e experiências que as pessoas têm em alguns momentos. Leia cada item para determinar o quanto eles descrevem seus sentimentos e experiências atuais. Selecione a opção que melhor descreve o quanto você sentiu ou experienciou as coisas durante as duas últimas semanas, incluindo hoje. Use a seguinte escala para responder:","NA","Eu não tive muito apetite.","","Muito","4","Listed below are feelings, sensations, problems and experiences that people have at times. Read each item to decide how well it describes your current feelings and experiences. Select the option that best describes how much you felt or experienced these things during the past two weeks, including today. Use the following scale to answer:","","I did not have much of an appetite.","Very much"
"idas_machado2024","main","IDAS26","Brazilian Version of the Inventory of Depression and Anxiety Symptoms","Portuguese","Abaixo estão listados sentimentos, sensações, problemas e experiências que as pessoas têm em alguns momentos. Leia cada item para determinar o quanto eles descrevem seus sentimentos e experiências atuais. Selecione a opção que melhor descreve o quanto você sentiu ou experienciou as coisas durante as duas últimas semanas, incluindo hoje. Use a seguinte escala para responder:","NA","Eu tive menos apetite do que o habitual.","","Muito","4","Listed below are feelings, sensations, problems and experiences that people have at times. Read each item to decide how well it describes your current feelings and experiences. Select the option that best describes how much you felt or experienced these things during the past two weeks, including today. Use the following scale to answer:","","I had less appetite than usual.","Very much"
"idas_machado2024","main","IDAS34","Brazilian Version of the Inventory of Depression and Anxiety Symptoms","Portuguese","Abaixo estão listados sentimentos, sensações, problemas e experiências que as pessoas têm em alguns momentos. Leia cada item para determinar o quanto eles descrevem seus sentimentos e experiências atuais. Selecione a opção que melhor descreve o quanto você sentiu ou experienciou as coisas durante as duas últimas semanas, incluindo hoje. Use a seguinte escala para responder:","NA","Eu tive lembranças de uma coisa assustadora que aconteceu.","","Muito","4","Listed below are feelings, sensations, problems and experiences that people have at times. Read each item to decide how well it describes your current feelings and experiences. Select the option that best describes how much you felt or experienced these things during the past two weeks, including today. Use the following scale to answer:","","I had memories of something frightening that happened.","Very much"
"idas_machado2024","main","IDAS17","Brazilian Version of the Inventory of Depression and Anxiety Symptoms","Portuguese","Abaixo estão listados sentimentos, sensações, problemas e experiências que as pessoas têm em alguns momentos. Leia cada item para determinar o quanto eles descrevem seus sentimentos e experiências atuais. Selecione a opção que melhor descreve o quanto você sentiu ou experienciou as coisas durante as duas últimas semanas, incluindo hoje. Use a seguinte escala para responder:","NA","Eu acordei cedo e não consegui voltar a dormir.","","Muito","4","Listed below are feelings, sensations, problems and experiences that people have at times. Read each item to decide how well it describes your current feelings and experiences. Select the option that best describes how much you felt or experienced these things during the past two weeks, including today. Use the following scale to answer:","","I woke early and could not get back to sleep.","Very much"
"idas_machado2024","main","IDAS79","Brazilian Version of the Inventory of Depression and Anxiety Symptoms","Portuguese","Abaixo estão listados sentimentos, sensações, problemas e experiências que as pessoas têm em alguns momentos. Leia cada item para determinar o quanto eles descrevem seus sentimentos e experiências atuais. Selecione a opção que melhor descreve o quanto você sentiu ou experienciou as coisas durante as duas últimas semanas, incluindo hoje. Use a seguinte escala para responder:","NA","Eu evitei situações que me trouxessem memórias ruins.","","Muito","4","Listed below are feelings, sensations, problems and experiences that people have at times. Read each item to decide how well it describes your current feelings and experiences. Select the option that best describes how much you felt or experienced these things during the past two weeks, including today. Use the following scale to answer:","","I avoided situations that would bring back bad memories.","Very much"
"idas_machado2024","main","IDAS83","Brazilian Version of the Inventory of Depression and Anxiety Symptoms","Portuguese","Abaixo estão listados sentimentos, sensações, problemas e experiências que as pessoas têm em alguns momentos. Leia cada item para determinar o quanto eles descrevem seus sentimentos e experiências atuais. Selecione a opção que melhor descreve o quanto você sentiu ou experienciou as coisas durante as duas últimas semanas, incluindo hoje. Use a seguinte escala para responder:","NA","Meus pensamentos pularam rapidamente de uma ideia para outra.","","Muito","4","Listed below are feelings, sensations, problems and experiences that people have at times. Read each item to decide how well it describes your current feelings and experiences. Select the option that best describes how much you felt or experienced these things during the past two weeks, including today. Use the following scale to answer:","","My thoughts jumped quickly from one idea to another.","Very much"
"idas_machado2024","main","IDAS66","Brazilian Version of the Inventory of Depression and Anxiety Symptoms","Portuguese","Abaixo estão listados sentimentos, sensações, problemas e experiências que as pessoas têm em alguns momentos. Leia cada item para determinar o quanto eles descrevem seus sentimentos e experiências atuais. Selecione a opção que melhor descreve o quanto você sentiu ou experienciou as coisas durante as duas últimas semanas, incluindo hoje. Use a seguinte escala para responder:","NA","Eu lavei minhas mãos excessivamente.","","Muito","4","Listed below are feelings, sensations, problems and experiences that people have at times. Read each item to decide how well it describes your current feelings and experiences. Select the option that best describes how much you felt or experienced these things during the past two weeks, including today. Use the following scale to answer:","","I washed my hands excessively.","Very much"
"idas_machado2024","main","IDAS90","Brazilian Version of the Inventory of Depression and Anxiety Symptoms","Portuguese","Abaixo estão listados sentimentos, sensações, problemas e experiências que as pessoas têm em alguns momentos. Leia cada item para determinar o quanto eles descrevem seus sentimentos e experiências atuais. Selecione a opção que melhor descreve o quanto você sentiu ou experienciou as coisas durante as duas últimas semanas, incluindo hoje. Use a seguinte escala para responder:","NA","Eu tive medo de tuneis.","","Muito","4","Listed below are feelings, sensations, problems and experiences that people have at times. Read each item to decide how well it describes your current feelings and experiences. Select the option that best describes how much you felt or experienced these things during the past two weeks, including today. Use the following scale to answer:","","I was afraid of tunnels.","Very much"
"idas_machado2024","main","IDAS97","Brazilian Version of the Inventory of Depression and Anxiety Symptoms","Portuguese","Abaixo estão listados sentimentos, sensações, problemas e experiências que as pessoas têm em alguns momentos. Leia cada item para determinar o quanto eles descrevem seus sentimentos e experiências atuais. Selecione a opção que melhor descreve o quanto você sentiu ou experienciou as coisas durante as duas últimas semanas, incluindo hoje. Use a seguinte escala para responder:","NA","Eu tive muito mais energia do que o habitual.","","Muito","4","Listed below are feelings, sensations, problems and experiences that people have at times. Read each item to decide how well it describes your current feelings and experiences. Select the option that best describes how much you felt or experienced these things during the past two weeks, including today. Use the following scale to answer:","","I had much more energy than usual.","Very much"
"idas_machado2024","main","IDAS95","Brazilian Version of the Inventory of Depression and Anxiety Symptoms","Portuguese","Abaixo estão listados sentimentos, sensações, problemas e experiências que as pessoas têm em alguns momentos. Leia cada item para determinar o quanto eles descrevem seus sentimentos e experiências atuais. Selecione a opção que melhor descreve o quanto você sentiu ou experienciou as coisas durante as duas últimas semanas, incluindo hoje. Use a seguinte escala para responder:","NA","Eu tive pequenos rituais ou hábitos que tomaram muito do meu tempo.","","Muito","4","Listed below are feelings, sensations, problems and experiences that people have at times. Read each item to decide how well it describes your current feelings and experiences. Select the option that best describes how much you felt or experienced these things during the past two weeks, including today. Use the following scale to answer:","","I had small rituals or habits that took up a lot of my time.","Very much"
"idas_machado2024","main","IDAS70","Brazilian Version of the Inventory of Depression and Anxiety Symptoms","Portuguese","Abaixo estão listados sentimentos, sensações, problemas e experiências que as pessoas têm em alguns momentos. Leia cada item para determinar o quanto eles descrevem seus sentimentos e experiências atuais. Selecione a opção que melhor descreve o quanto você sentiu ou experienciou as coisas durante as duas últimas semanas, incluindo hoje. Use a seguinte escala para responder:","NA","Eu me preocupei muito com germes.","","Muito","4","Listed below are feelings, sensations, problems and experiences that people have at times. Read each item to decide how well it describes your current feelings and experiences. Select the option that best describes how much you felt or experienced these things during the past two weeks, including today. Use the following scale to answer:","","I worried a lot about germs.","Very much"
"idas_machado2024","main","IDAS72","Brazilian Version of the Inventory of Depression and Anxiety Symptoms","Portuguese","Abaixo estão listados sentimentos, sensações, problemas e experiências que as pessoas têm em alguns momentos. Leia cada item para determinar o quanto eles descrevem seus sentimentos e experiências atuais. Selecione a opção que melhor descreve o quanto você sentiu ou experienciou as coisas durante as duas últimas semanas, incluindo hoje. Use a seguinte escala para responder:","NA","Eu me senti muito animado e feliz sem nenhum motivo especial.","","Muito","4","Listed below are feelings, sensations, problems and experiences that people have at times. Read each item to decide how well it describes your current feelings and experiences. Select the option that best describes how much you felt or experienced these things during the past two weeks, including today. Use the following scale to answer:","","I felt very excited and happy for no particular reason.","Very much"
"idas_machado2024","main","IDAS98","Brazilian Version of the Inventory of Depression and Anxiety Symptoms","Portuguese","Abaixo estão listados sentimentos, sensações, problemas e experiências que as pessoas têm em alguns momentos. Leia cada item para determinar o quanto eles descrevem seus sentimentos e experiências atuais. Selecione a opção que melhor descreve o quanto você sentiu ou experienciou as coisas durante as duas últimas semanas, incluindo hoje. Use a seguinte escala para responder:","NA","Eu usei objetos (como uma toalha) para evitar tocar diretamente nas coisas.","","Muito","4","Listed below are feelings, sensations, problems and experiences that people have at times. Read each item to decide how well it describes your current feelings and experiences. Select the option that best describes how much you felt or experienced these things during the past two weeks, including today. Use the following scale to answer:","","I used objects (such as a towel) to avoid touching things directly.","Very much"
"idas_machado2024","main","IDAS92","Brazilian Version of the Inventory of Depression and Anxiety Symptoms","Portuguese","Abaixo estão listados sentimentos, sensações, problemas e experiências que as pessoas têm em alguns momentos. Leia cada item para determinar o quanto eles descrevem seus sentimentos e experiências atuais. Selecione a opção que melhor descreve o quanto você sentiu ou experienciou as coisas durante as duas últimas semanas, incluindo hoje. Use a seguinte escala para responder:","NA","Eu senti que podia fazer coisas que as outras pessoas não conseguem.","","Muito","4","Listed below are feelings, sensations, problems and experiences that people have at times. Read each item to decide how well it describes your current feelings and experiences. Select the option that best describes how much you felt or experienced these things during the past two weeks, including today. Use the following scale to answer:","","I felt I could do things other people cannot.","Very much"
"idas_machado2024","main","IDAS42","Brazilian Version of the Inventory of Depression and Anxiety Symptoms","Portuguese","Abaixo estão listados sentimentos, sensações, problemas e experiências que as pessoas têm em alguns momentos. Leia cada item para determinar o quanto eles descrevem seus sentimentos e experiências atuais. Selecione a opção que melhor descreve o quanto você sentiu ou experienciou as coisas durante as duas últimas semanas, incluindo hoje. Use a seguinte escala para responder:","NA","Eu fiquei chateado pensando sobre uma coisa ruim que aconteceu.","","Muito","4","Listed below are feelings, sensations, problems and experiences that people have at times. Read each item to decide how well it describes your current feelings and experiences. Select the option that best describes how much you felt or experienced these things during the past two weeks, including today. Use the following scale to answer:","","I got upset thinking about something bad that happened.","Very much"
"idas_machado2024","main","IDAS5","Brazilian Version of the Inventory of Depression and Anxiety Symptoms","Portuguese","Abaixo estão listados sentimentos, sensações, problemas e experiências que as pessoas têm em alguns momentos. Leia cada item para determinar o quanto eles descrevem seus sentimentos e experiências atuais. Selecione a opção que melhor descreve o quanto você sentiu ou experienciou as coisas durante as duas últimas semanas, incluindo hoje. Use a seguinte escala para responder:","NA","Eu me senti agitado, inquieto.","","Muito","4","Listed below are feelings, sensations, problems and experiences that people have at times. Read each item to decide how well it describes your current feelings and experiences. Select the option that best describes how much you felt or experienced these things during the past two weeks, including today. Use the following scale to answer:","","I felt agitated, restless.","Very much"
"idas_machado2024","main","IDAS86","Brazilian Version of the Inventory of Depression and Anxiety Symptoms","Portuguese","Abaixo estão listados sentimentos, sensações, problemas e experiências que as pessoas têm em alguns momentos. Leia cada item para determinar o quanto eles descrevem seus sentimentos e experiências atuais. Selecione a opção que melhor descreve o quanto você sentiu ou experienciou as coisas durante as duas últimas semanas, incluindo hoje. Use a seguinte escala para responder:","NA","Eu tive dificuldade em tocar uma coisa que estava suja.","","Muito","4","Listed below are feelings, sensations, problems and experiences that people have at times. Read each item to decide how well it describes your current feelings and experiences. Select the option that best describes how much you felt or experienced these things during the past two weeks, including today. Use the following scale to answer:","","I had difficulty touching something that was dirty.","Very much"
"idas_machado2024","main","IDAS7","Brazilian Version of the Inventory of Depression and Anxiety Symptoms","Portuguese","Abaixo estão listados sentimentos, sensações, problemas e experiências que as pessoas têm em alguns momentos. Leia cada item para determinar o quanto eles descrevem seus sentimentos e experiências atuais. Selecione a opção que melhor descreve o quanto você sentiu ou experienciou as coisas durante as duas últimas semanas, incluindo hoje. Use a seguinte escala para responder:","NA","Eu senti dores no peito.","","Muito","4","Listed below are feelings, sensations, problems and experiences that people have at times. Read each item to decide how well it describes your current feelings and experiences. Select the option that best describes how much you felt or experienced these things during the past two weeks, including today. Use the following scale to answer:","","I had chest pains.","Very much"
"idas_machado2024","main","IDAS61","Brazilian Version of the Inventory of Depression and Anxiety Symptoms","Portuguese","Abaixo estão listados sentimentos, sensações, problemas e experiências que as pessoas têm em alguns momentos. Leia cada item para determinar o quanto eles descrevem seus sentimentos e experiências atuais. Selecione a opção que melhor descreve o quanto você sentiu ou experienciou as coisas durante as duas últimas semanas, incluindo hoje. Use a seguinte escala para responder:","NA","Eu tive problemas para me concentrar.","","Muito","4","Listed below are feelings, sensations, problems and experiences that people have at times. Read each item to decide how well it describes your current feelings and experiences. Select the option that best describes how much you felt or experienced these things during the past two weeks, including today. Use the following scale to answer:","","I had trouble concentrating.","Very much"
"idas_machado2024","main","IDAS77","Brazilian Version of the Inventory of Depression and Anxiety Symptoms","Portuguese","Abaixo estão listados sentimentos, sensações, problemas e experiências que as pessoas têm em alguns momentos. Leia cada item para determinar o quanto eles descrevem seus sentimentos e experiências atuais. Selecione a opção que melhor descreve o quanto você sentiu ou experienciou as coisas durante as duas últimas semanas, incluindo hoje. Use a seguinte escala para responder:","NA","Eu senti como se minha mente estivesse muito rápida.","","Muito","4","Listed below are feelings, sensations, problems and experiences that people have at times. Read each item to decide how well it describes your current feelings and experiences. Select the option that best describes how much you felt or experienced these things during the past two weeks, including today. Use the following scale to answer:","","I felt as if my mind was racing.","Very much"
"idas_machado2024","main","IDAS80","Brazilian Version of the Inventory of Depression and Anxiety Symptoms","Portuguese","Abaixo estão listados sentimentos, sensações, problemas e experiências que as pessoas têm em alguns momentos. Leia cada item para determinar o quanto eles descrevem seus sentimentos e experiências atuais. Selecione a opção que melhor descreve o quanto você sentiu ou experienciou as coisas durante as duas últimas semanas, incluindo hoje. Use a seguinte escala para responder:","NA","Eu tive medo de ficar preso no meio de uma multidão.","","Muito","4","Listed below are feelings, sensations, problems and experiences that people have at times. Read each item to decide how well it describes your current feelings and experiences. Select the option that best describes how much you felt or experienced these things during the past two weeks, including today. Use the following scale to answer:","","I was afraid of getting trapped in a crowd.","Very much"
"idas_machado2024","main","IDAS93","Brazilian Version of the Inventory of Depression and Anxiety Symptoms","Portuguese","Abaixo estão listados sentimentos, sensações, problemas e experiências que as pessoas têm em alguns momentos. Leia cada item para determinar o quanto eles descrevem seus sentimentos e experiências atuais. Selecione a opção que melhor descreve o quanto você sentiu ou experienciou as coisas durante as duas últimas semanas, incluindo hoje. Use a seguinte escala para responder:","NA","Eu evitei falar de experiências ruins do meu passado.","","Muito","4","Listed below are feelings, sensations, problems and experiences that people have at times. Read each item to decide how well it describes your current feelings and experiences. Select the option that best describes how much you felt or experienced these things during the past two weeks, including today. Use the following scale to answer:","","I avoided talking about bad experiences from my past.","Very much"
"idas_machado2024","main","IDAS46","Brazilian Version of the Inventory of Depression and Anxiety Symptoms","Portuguese","Abaixo estão listados sentimentos, sensações, problemas e experiências que as pessoas têm em alguns momentos. Leia cada item para determinar o quanto eles descrevem seus sentimentos e experiências atuais. Selecione a opção que melhor descreve o quanto você sentiu ou experienciou as coisas durante as duas últimas semanas, incluindo hoje. Use a seguinte escala para responder:","NA","Eu pensei na minha própria morte.","","Muito","4","Listed below are feelings, sensations, problems and experiences that people have at times. Read each item to decide how well it describes your current feelings and experiences. Select the option that best describes how much you felt or experienced these things during the past two weeks, including today. Use the following scale to answer:","","I thought about my own death.","Very much"
"idas_machado2024","main","IDAS50","Brazilian Version of the Inventory of Depression and Anxiety Symptoms","Portuguese","Abaixo estão listados sentimentos, sensações, problemas e experiências que as pessoas têm em alguns momentos. Leia cada item para determinar o quanto eles descrevem seus sentimentos e experiências atuais. Selecione a opção que melhor descreve o quanto você sentiu ou experienciou as coisas durante as duas últimas semanas, incluindo hoje. Use a seguinte escala para responder:","NA","Eu me senti esperançoso sobre o futuro.","","Muito","4","Listed below are feelings, sensations, problems and experiences that people have at times. Read each item to decide how well it describes your current feelings and experiences. Select the option that best describes how much you felt or experienced these things during the past two weeks, including today. Use the following scale to answer:","","I felt hopeful about the future.","Very much"
"idas_machado2024","main","IDAS40","Brazilian Version of the Inventory of Depression and Anxiety Symptoms","Portuguese","Abaixo estão listados sentimentos, sensações, problemas e experiências que as pessoas têm em alguns momentos. Leia cada item para determinar o quanto eles descrevem seus sentimentos e experiências atuais. Selecione a opção que melhor descreve o quanto você sentiu ou experienciou as coisas durante as duas últimas semanas, incluindo hoje. Use a seguinte escala para responder:","NA","Eu me senti desencorajado em relação às coisas.","","Muito","4","Listed below are feelings, sensations, problems and experiences that people have at times. Read each item to decide how well it describes your current feelings and experiences. Select the option that best describes how much you felt or experienced these things during the past two weeks, including today. Use the following scale to answer:","","I felt discouraged about things.","Very much"
"idas_machado2024","main","IDAS64","Brazilian Version of the Inventory of Depression and Anxiety Symptoms","Portuguese","Abaixo estão listados sentimentos, sensações, problemas e experiências que as pessoas têm em alguns momentos. Leia cada item para determinar o quanto eles descrevem seus sentimentos e experiências atuais. Selecione a opção que melhor descreve o quanto você sentiu ou experienciou as coisas durante as duas últimas semanas, incluindo hoje. Use a seguinte escala para responder:","NA","Eu senti como se eu tivesse muita energia.","","Muito","4","Listed below are feelings, sensations, problems and experiences that people have at times. Read each item to decide how well it describes your current feelings and experiences. Select the option that best describes how much you felt or experienced these things during the past two weeks, including today. Use the following scale to answer:","","I felt as if I had a lot of energy.","Very much"
"idas_machado2024","main","IDAS39","Brazilian Version of the Inventory of Depression and Anxiety Symptoms","Portuguese","Abaixo estão listados sentimentos, sensações, problemas e experiências que as pessoas têm em alguns momentos. Leia cada item para determinar o quanto eles descrevem seus sentimentos e experiências atuais. Selecione a opção que melhor descreve o quanto você sentiu ou experienciou as coisas durante as duas últimas semanas, incluindo hoje. Use a seguinte escala para responder:","NA","Eu senti como se fosse desmaiar.","","Muito","4","Listed below are feelings, sensations, problems and experiences that people have at times. Read each item to decide how well it describes your current feelings and experiences. Select the option that best describes how much you felt or experienced these things during the past two weeks, including today. Use the following scale to answer:","","I felt as if I were going to faint.","Very much"
"idas_machado2024","main","IDAS76","Brazilian Version of the Inventory of Depression and Anxiety Symptoms","Portuguese","Abaixo estão listados sentimentos, sensações, problemas e experiências que as pessoas têm em alguns momentos. Leia cada item para determinar o quanto eles descrevem seus sentimentos e experiências atuais. Selecione a opção que melhor descreve o quanto você sentiu ou experienciou as coisas durante as duas últimas semanas, incluindo hoje. Use a seguinte escala para responder:","NA","Eu evitei manusear coisas sujas.","","Muito","4","Listed below are feelings, sensations, problems and experiences that people have at times. Read each item to decide how well it describes your current feelings and experiences. Select the option that best describes how much you felt or experienced these things during the past two weeks, including today. Use the following scale to answer:","","I avoided handling dirty things.","Very much"
"idas_machado2024","main","IDAS81","Brazilian Version of the Inventory of Depression and Anxiety Symptoms","Portuguese","Abaixo estão listados sentimentos, sensações, problemas e experiências que as pessoas têm em alguns momentos. Leia cada item para determinar o quanto eles descrevem seus sentimentos e experiências atuais. Selecione a opção que melhor descreve o quanto você sentiu ou experienciou as coisas durante as duas últimas semanas, incluindo hoje. Use a seguinte escala para responder:","NA","Eu senti a urgência de checar, para ter certeza se eu tinha feito uma coisa.","","Muito","4","Listed below are feelings, sensations, problems and experiences that people have at times. Read each item to decide how well it describes your current feelings and experiences. Select the option that best describes how much you felt or experienced these things during the past two weeks, including today. Use the following scale to answer:","","I felt an urge to check, to be sure I had done something.","Very much"
"idas_machado2024","main","IDAS16","Brazilian Version of the Inventory of Depression and Anxiety Symptoms","Portuguese","Abaixo estão listados sentimentos, sensações, problemas e experiências que as pessoas têm em alguns momentos. Leia cada item para determinar o quanto eles descrevem seus sentimentos e experiências atuais. Selecione a opção que melhor descreve o quanto você sentiu ou experienciou as coisas durante as duas últimas semanas, incluindo hoje. Use a seguinte escala para responder:","NA","Eu me senti zonzo ou tive vertigens.","","Muito","4","Listed below are feelings, sensations, problems and experiences that people have at times. Read each item to decide how well it describes your current feelings and experiences. Select the option that best describes how much you felt or experienced these things during the past two weeks, including today. Use the following scale to answer:","","I felt dizzy or light-headed.","Very much"
"idas_machado2024","main","IDAS53","Brazilian Version of the Inventory of Depression and Anxiety Symptoms","Portuguese","Abaixo estão listados sentimentos, sensações, problemas e experiências que as pessoas têm em alguns momentos. Leia cada item para determinar o quanto eles descrevem seus sentimentos e experiências atuais. Selecione a opção que melhor descreve o quanto você sentiu ou experienciou as coisas durante as duas últimas semanas, incluindo hoje. Use a seguinte escala para responder:","NA","Eu esperei ansiosamente por muitas coisas.","","Muito","4","Listed below are feelings, sensations, problems and experiences that people have at times. Read each item to decide how well it describes your current feelings and experiences. Select the option that best describes how much you felt or experienced these things during the past two weeks, including today. Use the following scale to answer:","","I looked forward to many things.","Very much"
"idas_machado2024","main","IDAS11","Brazilian Version of the Inventory of Depression and Anxiety Symptoms","Portuguese","Abaixo estão listados sentimentos, sensações, problemas e experiências que as pessoas têm em alguns momentos. Leia cada item para determinar o quanto eles descrevem seus sentimentos e experiências atuais. Selecione a opção que melhor descreve o quanto você sentiu ou experienciou as coisas durante as duas últimas semanas, incluindo hoje. Use a seguinte escala para responder:","NA","Eu tive problemas para pegar no sono.","","Muito","4","Listed below are feelings, sensations, problems and experiences that people have at times. Read each item to decide how well it describes your current feelings and experiences. Select the option that best describes how much you felt or experienced these things during the past two weeks, including today. Use the following scale to answer:","","I had trouble falling asleep.","Very much"
"idas_machado2024","main","IDAS23","Brazilian Version of the Inventory of Depression and Anxiety Symptoms","Portuguese","Abaixo estão listados sentimentos, sensações, problemas e experiências que as pessoas têm em alguns momentos. Leia cada item para determinar o quanto eles descrevem seus sentimentos e experiências atuais. Selecione a opção que melhor descreve o quanto você sentiu ou experienciou as coisas durante as duas últimas semanas, incluindo hoje. Use a seguinte escala para responder:","NA","Eu senti que tinha conquistado muitas coisas.","","Muito","4","Listed below are feelings, sensations, problems and experiences that people have at times. Read each item to decide how well it describes your current feelings and experiences. Select the option that best describes how much you felt or experienced these things during the past two weeks, including today. Use the following scale to answer:","","I felt that I had accomplished a lot.","Very much"
"idas_machado2024","main","IDAS75","Brazilian Version of the Inventory of Depression and Anxiety Symptoms","Portuguese","Abaixo estão listados sentimentos, sensações, problemas e experiências que as pessoas têm em alguns momentos. Leia cada item para determinar o quanto eles descrevem seus sentimentos e experiências atuais. Selecione a opção que melhor descreve o quanto você sentiu ou experienciou as coisas durante as duas últimas semanas, incluindo hoje. Use a seguinte escala para responder:","NA","Eu me peguei checando coisas, mesmo sabendo que não era necessário.","","Muito","4","Listed below are feelings, sensations, problems and experiences that people have at times. Read each item to decide how well it describes your current feelings and experiences. Select the option that best describes how much you felt or experienced these things during the past two weeks, including today. Use the following scale to answer:","","I caught myself checking things even though I knew it was not necessary.","Very much"
"idas_machado2024","main","IDAS3","Brazilian Version of the Inventory of Depression and Anxiety Symptoms","Portuguese","Abaixo estão listados sentimentos, sensações, problemas e experiências que as pessoas têm em alguns momentos. Leia cada item para determinar o quanto eles descrevem seus sentimentos e experiências atuais. Selecione a opção que melhor descreve o quanto você sentiu ou experienciou as coisas durante as duas últimas semanas, incluindo hoje. Use a seguinte escala para responder:","NA","Eu me senti otimista.","","Muito","4","Listed below are feelings, sensations, problems and experiences that people have at times. Read each item to decide how well it describes your current feelings and experiences. Select the option that best describes how much you felt or experienced these things during the past two weeks, including today. Use the following scale to answer:","","I felt optimistic.","Very much"
"idas_machado2024","main","IDAS49","Brazilian Version of the Inventory of Depression and Anxiety Symptoms","Portuguese","Abaixo estão listados sentimentos, sensações, problemas e experiências que as pessoas têm em alguns momentos. Leia cada item para determinar o quanto eles descrevem seus sentimentos e experiências atuais. Selecione a opção que melhor descreve o quanto você sentiu ou experienciou as coisas durante as duas últimas semanas, incluindo hoje. Use a seguinte escala para responder:","NA","Eu estive com a boca muito seca.","","Muito","4","Listed below are feelings, sensations, problems and experiences that people have at times. Read each item to decide how well it describes your current feelings and experiences. Select the option that best describes how much you felt or experienced these things during the past two weeks, including today. Use the following scale to answer:","","My mouth was very dry.","Very much"
"idas_machado2024","main","IDAS67","Brazilian Version of the Inventory of Depression and Anxiety Symptoms","Portuguese","Abaixo estão listados sentimentos, sensações, problemas e experiências que as pessoas têm em alguns momentos. Leia cada item para determinar o quanto eles descrevem seus sentimentos e experiências atuais. Selecione a opção que melhor descreve o quanto você sentiu ou experienciou as coisas durante as duas últimas semanas, incluindo hoje. Use a seguinte escala para responder:","NA","Eu fiquei mudando rapidamente de uma atividade para a próxima.","","Muito","4","Listed below are feelings, sensations, problems and experiences that people have at times. Read each item to decide how well it describes your current feelings and experiences. Select the option that best describes how much you felt or experienced these things during the past two weeks, including today. Use the following scale to answer:","","I kept switching quickly from one activity to the next.","Very much"
"idas_machado2024","main","IDAS74","Brazilian Version of the Inventory of Depression and Anxiety Symptoms","Portuguese","Abaixo estão listados sentimentos, sensações, problemas e experiências que as pessoas têm em alguns momentos. Leia cada item para determinar o quanto eles descrevem seus sentimentos e experiências atuais. Selecione a opção que melhor descreve o quanto você sentiu ou experienciou as coisas durante as duas últimas semanas, incluindo hoje. Use a seguinte escala para responder:","NA","Eu evitei lugares pequenos.","","Muito","4","Listed below are feelings, sensations, problems and experiences that people have at times. Read each item to decide how well it describes your current feelings and experiences. Select the option that best describes how much you felt or experienced these things during the past two weeks, including today. Use the following scale to answer:","","I avoided small spaces.","Very much"
"idas_machado2024","main","IDAS73","Brazilian Version of the Inventory of Depression and Anxiety Symptoms","Portuguese","Abaixo estão listados sentimentos, sensações, problemas e experiências que as pessoas têm em alguns momentos. Leia cada item para determinar o quanto eles descrevem seus sentimentos e experiências atuais. Selecione a opção que melhor descreve o quanto você sentiu ou experienciou as coisas durante as duas últimas semanas, incluindo hoje. Use a seguinte escala para responder:","NA","Eu tentei não pensar sobre coisas ruins do meu passado.","","Muito","4","Listed below are feelings, sensations, problems and experiences that people have at times. Read each item to decide how well it describes your current feelings and experiences. Select the option that best describes how much you felt or experienced these things during the past two weeks, including today. Use the following scale to answer:","","I tried not to think about bad things from my past.","Very much"
"idas_machado2024","main","IDAS32","Brazilian Version of the Inventory of Depression and Anxiety Symptoms","Portuguese","Abaixo estão listados sentimentos, sensações, problemas e experiências que as pessoas têm em alguns momentos. Leia cada item para determinar o quanto eles descrevem seus sentimentos e experiências atuais. Selecione a opção que melhor descreve o quanto você sentiu ou experienciou as coisas durante as duas últimas semanas, incluindo hoje. Use a seguinte escala para responder:","NA","Eu tive tremores.","","Muito","4","Listed below are feelings, sensations, problems and experiences that people have at times. Read each item to decide how well it describes your current feelings and experiences. Select the option that best describes how much you felt or experienced these things during the past two weeks, including today. Use the following scale to answer:","","I had tremors or shaking.","Very much"
"idas_machado2024","main","IDAS20","Brazilian Version of the Inventory of Depression and Anxiety Symptoms","Portuguese","Abaixo estão listados sentimentos, sensações, problemas e experiências que as pessoas têm em alguns momentos. Leia cada item para determinar o quanto eles descrevem seus sentimentos e experiências atuais. Selecione a opção que melhor descreve o quanto você sentiu ou experienciou as coisas durante as duas últimas semanas, incluindo hoje. Use a seguinte escala para responder:","NA","Eu fiquei ansioso em ambientes públicos com muitas pessoas.","","Muito","4","Listed below are feelings, sensations, problems and experiences that people have at times. Read each item to decide how well it describes your current feelings and experiences. Select the option that best describes how much you felt or experienced these things during the past two weeks, including today. Use the following scale to answer:","","I felt anxious in public places with a lot of people.","Very much"
"idas_machado2024","main","IDAS8","Brazilian Version of the Inventory of Depression and Anxiety Symptoms","Portuguese","Abaixo estão listados sentimentos, sensações, problemas e experiências que as pessoas têm em alguns momentos. Leia cada item para determinar o quanto eles descrevem seus sentimentos e experiências atuais. Selecione a opção que melhor descreve o quanto você sentiu ou experienciou as coisas durante as duas últimas semanas, incluindo hoje. Use a seguinte escala para responder:","NA","Eu me senti deprimido.","","Muito","4","Listed below are feelings, sensations, problems and experiences that people have at times. Read each item to decide how well it describes your current feelings and experiences. Select the option that best describes how much you felt or experienced these things during the past two weeks, including today. Use the following scale to answer:","","I felt depressed.","Very much"
"idas_machado2024","main","IDAS36","Brazilian Version of the Inventory of Depression and Anxiety Symptoms","Portuguese","Abaixo estão listados sentimentos, sensações, problemas e experiências que as pessoas têm em alguns momentos. Leia cada item para determinar o quanto eles descrevem seus sentimentos e experiências atuais. Selecione a opção que melhor descreve o quanto você sentiu ou experienciou as coisas durante as duas últimas semanas, incluindo hoje. Use a seguinte escala para responder:","NA","Eu acordei frequentemente durante a noite.","","Muito","4","Listed below are feelings, sensations, problems and experiences that people have at times. Read each item to decide how well it describes your current feelings and experiences. Select the option that best describes how much you felt or experienced these things during the past two weeks, including today. Use the following scale to answer:","","I woke up frequently during the night.","Very much"
"idas_machado2024","main","IDAS65","Brazilian Version of the Inventory of Depression and Anxiety Symptoms","Portuguese","Abaixo estão listados sentimentos, sensações, problemas e experiências que as pessoas têm em alguns momentos. Leia cada item para determinar o quanto eles descrevem seus sentimentos e experiências atuais. Selecione a opção que melhor descreve o quanto você sentiu ou experienciou as coisas durante as duas últimas semanas, incluindo hoje. Use a seguinte escala para responder:","NA","Eu reorganizei coisas para que elas ficassem em uma determinada ordem.","","Muito","4","Listed below are feelings, sensations, problems and experiences that people have at times. Read each item to decide how well it describes your current feelings and experiences. Select the option that best describes how much you felt or experienced these things during the past two weeks, including today. Use the following scale to answer:","","I rearranged things so that they were in a particular order.","Very much"
"idas_machado2024","main","IDAS56","Brazilian Version of the Inventory of Depression and Anxiety Symptoms","Portuguese","Abaixo estão listados sentimentos, sensações, problemas e experiências que as pessoas têm em alguns momentos. Leia cada item para determinar o quanto eles descrevem seus sentimentos e experiências atuais. Selecione a opção que melhor descreve o quanto você sentiu ou experienciou as coisas durante as duas últimas semanas, incluindo hoje. Use a seguinte escala para responder:","NA","Eu senti falta de ar.","","Muito","4","Listed below are feelings, sensations, problems and experiences that people have at times. Read each item to decide how well it describes your current feelings and experiences. Select the option that best describes how much you felt or experienced these things during the past two weeks, including today. Use the following scale to answer:","","I was short of breath.","Very much"
"idas_machado2024","main","IDAS38","Brazilian Version of the Inventory of Depression and Anxiety Symptoms","Portuguese","Abaixo estão listados sentimentos, sensações, problemas e experiências que as pessoas têm em alguns momentos. Leia cada item para determinar o quanto eles descrevem seus sentimentos e experiências atuais. Selecione a opção que melhor descreve o quanto você sentiu ou experienciou as coisas durante as duas últimas semanas, incluindo hoje. Use a seguinte escala para responder:","NA","Eu me machuquei de propósito.","","Muito","4","Listed below are feelings, sensations, problems and experiences that people have at times. Read each item to decide how well it describes your current feelings and experiences. Select the option that best describes how much you felt or experienced these things during the past two weeks, including today. Use the following scale to answer:","","I hurt myself on purpose.","Very much"
"idas_machado2024","main","IDAS12","Brazilian Version of the Inventory of Depression and Anxiety Symptoms","Portuguese","Abaixo estão listados sentimentos, sensações, problemas e experiências que as pessoas têm em alguns momentos. Leia cada item para determinar o quanto eles descrevem seus sentimentos e experiências atuais. Selecione a opção que melhor descreve o quanto você sentiu ou experienciou as coisas durante as duas últimas semanas, incluindo hoje. Use a seguinte escala para responder:","NA","Eu estive furioso.","","Muito","4","Listed below are feelings, sensations, problems and experiences that people have at times. Read each item to decide how well it describes your current feelings and experiences. Select the option that best describes how much you felt or experienced these things during the past two weeks, including today. Use the following scale to answer:","","I was furious.","Very much"
"idas_machado2024","main","IDAS31","Brazilian Version of the Inventory of Depression and Anxiety Symptoms","Portuguese","Abaixo estão listados sentimentos, sensações, problemas e experiências que as pessoas têm em alguns momentos. Leia cada item para determinar o quanto eles descrevem seus sentimentos e experiências atuais. Selecione a opção que melhor descreve o quanto você sentiu ou experienciou as coisas durante as duas últimas semanas, incluindo hoje. Use a seguinte escala para responder:","NA","Eu me senti inadequado.","","Muito","4","Listed below are feelings, sensations, problems and experiences that people have at times. Read each item to decide how well it describes your current feelings and experiences. Select the option that best describes how much you felt or experienced these things during the past two weeks, including today. Use the following scale to answer:","","I felt inadequate.","Very much"
"idas_machado2024","main","IDAS87","Brazilian Version of the Inventory of Depression and Anxiety Symptoms","Portuguese","Abaixo estão listados sentimentos, sensações, problemas e experiências que as pessoas têm em alguns momentos. Leia cada item para determinar o quanto eles descrevem seus sentimentos e experiências atuais. Selecione a opção que melhor descreve o quanto você sentiu ou experienciou as coisas durante as duas últimas semanas, incluindo hoje. Use a seguinte escala para responder:","NA","Foi difícil acompanhar meus pensamentos, pois eles estavam acontecendo muito rapidamente.","","Muito","4","Listed below are feelings, sensations, problems and experiences that people have at times. Read each item to decide how well it describes your current feelings and experiences. Select the option that best describes how much you felt or experienced these things during the past two weeks, including today. Use the following scale to answer:","","It was hard to keep up with my thoughts, they were coming so fast.","Very much"
"idas_machado2024","main","IDAS37","Brazilian Version of the Inventory of Depression and Anxiety Symptoms","Portuguese","Abaixo estão listados sentimentos, sensações, problemas e experiências que as pessoas têm em alguns momentos. Leia cada item para determinar o quanto eles descrevem seus sentimentos e experiências atuais. Selecione a opção que melhor descreve o quanto você sentiu ou experienciou as coisas durante as duas últimas semanas, incluindo hoje. Use a seguinte escala para responder:","NA","Eu senti muita raiva.","","Muito","4","Listed below are feelings, sensations, problems and experiences that people have at times. Read each item to decide how well it describes your current feelings and experiences. Select the option that best describes how much you felt or experienced these things during the past two weeks, including today. Use the following scale to answer:","","I felt a lot of anger.","Very much"
"idas_machado2024","main","IDAS91","Brazilian Version of the Inventory of Depression and Anxiety Symptoms","Portuguese","Abaixo estão listados sentimentos, sensações, problemas e experiências que as pessoas têm em alguns momentos. Leia cada item para determinar o quanto eles descrevem seus sentimentos e experiências atuais. Selecione a opção que melhor descreve o quanto você sentiu ou experienciou as coisas durante as duas últimas semanas, incluindo hoje. Use a seguinte escala para responder:","NA","Eu tive que me limpar, pois me senti contaminado.","","Muito","4","Listed below are feelings, sensations, problems and experiences that people have at times. Read each item to decide how well it describes your current feelings and experiences. Select the option that best describes how much you felt or experienced these things during the past two weeks, including today. Use the following scale to answer:","","I had to clean myself because I felt contaminated.","Very much"
"idas_machado2024","main","IDAS69","Brazilian Version of the Inventory of Depression and Anxiety Symptoms","Portuguese","Abaixo estão listados sentimentos, sensações, problemas e experiências que as pessoas têm em alguns momentos. Leia cada item para determinar o quanto eles descrevem seus sentimentos e experiências atuais. Selecione a opção que melhor descreve o quanto você sentiu ou experienciou as coisas durante as duas últimas semanas, incluindo hoje. Use a seguinte escala para responder:","NA","Eu senti urgência em reorganizar coisas para que eles ficassem ""certas"".","","Muito","4","Listed below are feelings, sensations, problems and experiences that people have at times. Read each item to decide how well it describes your current feelings and experiences. Select the option that best describes how much you felt or experienced these things during the past two weeks, including today. Use the following scale to answer:","","I felt an urge to rearrange things so that they were ""just right"".","Very much"
"idas_machado2024","main","IDAS58","Brazilian Version of the Inventory of Depression and Anxiety Symptoms","Portuguese","Abaixo estão listados sentimentos, sensações, problemas e experiências que as pessoas têm em alguns momentos. Leia cada item para determinar o quanto eles descrevem seus sentimentos e experiências atuais. Selecione a opção que melhor descreve o quanto você sentiu ou experienciou as coisas durante as duas últimas semanas, incluindo hoje. Use a seguinte escala para responder:","NA","Eu senti como se estivesse sufocando.","","Muito","4","Listed below are feelings, sensations, problems and experiences that people have at times. Read each item to decide how well it describes your current feelings and experiences. Select the option that best describes how much you felt or experienced these things during the past two weeks, including today. Use the following scale to answer:","","I felt as if I were suffocating.","Very much"
"idas_machado2024","main","IDAS54","Brazilian Version of the Inventory of Depression and Anxiety Symptoms","Portuguese","Abaixo estão listados sentimentos, sensações, problemas e experiências que as pessoas têm em alguns momentos. Leia cada item para determinar o quanto eles descrevem seus sentimentos e experiências atuais. Selecione a opção que melhor descreve o quanto você sentiu ou experienciou as coisas durante as duas últimas semanas, incluindo hoje. Use a seguinte escala para responder:","NA","Eu me senti muito pior de manhã do que no resto dia.","","Muito","4","Listed below are feelings, sensations, problems and experiences that people have at times. Read each item to decide how well it describes your current feelings and experiences. Select the option that best describes how much you felt or experienced these things during the past two weeks, including today. Use the following scale to answer:","","I felt much worse in the morning than during the rest of the day.","Very much"
"idas_machado2024","main","IDAS33","Brazilian Version of the Inventory of Depression and Anxiety Symptoms","Portuguese","Abaixo estão listados sentimentos, sensações, problemas e experiências que as pessoas têm em alguns momentos. Leia cada item para determinar o quanto eles descrevem seus sentimentos e experiências atuais. Selecione a opção que melhor descreve o quanto você sentiu ou experienciou as coisas durante as duas últimas semanas, incluindo hoje. Use a seguinte escala para responder:","NA","Eu pensei que o mundo seria melhor sem mim.","","Muito","4","Listed below are feelings, sensations, problems and experiences that people have at times. Read each item to decide how well it describes your current feelings and experiences. Select the option that best describes how much you felt or experienced these things during the past two weeks, including today. Use the following scale to answer:","","I thought the world would be better off without me.","Very much"
"idas_machado2024","main","IDAS60","Brazilian Version of the Inventory of Depression and Anxiety Symptoms","Portuguese","Abaixo estão listados sentimentos, sensações, problemas e experiências que as pessoas têm em alguns momentos. Leia cada item para determinar o quanto eles descrevem seus sentimentos e experiências atuais. Selecione a opção que melhor descreve o quanto você sentiu ou experienciou as coisas durante as duas últimas semanas, incluindo hoje. Use a seguinte escala para responder:","NA","Eu não senti muita vontade de comer.","","Muito","4","Listed below are feelings, sensations, problems and experiences that people have at times. Read each item to decide how well it describes your current feelings and experiences. Select the option that best describes how much you felt or experienced these things during the past two weeks, including today. Use the following scale to answer:","","I did not feel much like eating.","Very much"
"idas_machado2024","main","IDAS25","Brazilian Version of the Inventory of Depression and Anxiety Symptoms","Portuguese","Abaixo estão listados sentimentos, sensações, problemas e experiências que as pessoas têm em alguns momentos. Leia cada item para determinar o quanto eles descrevem seus sentimentos e experiências atuais. Selecione a opção que melhor descreve o quanto você sentiu ou experienciou as coisas durante as duas últimas semanas, incluindo hoje. Use a seguinte escala para responder:","NA","Eu acordei muito mais cedo que o habitual.","","Muito","4","Listed below are feelings, sensations, problems and experiences that people have at times. Read each item to decide how well it describes your current feelings and experiences. Select the option that best describes how much you felt or experienced these things during the past two weeks, including today. Use the following scale to answer:","","I woke up much earlier than usual.","Very much"
"idas_machado2024","main","IDAS9","Brazilian Version of the Inventory of Depression and Anxiety Symptoms","Portuguese","Abaixo estão listados sentimentos, sensações, problemas e experiências que as pessoas têm em alguns momentos. Leia cada item para determinar o quanto eles descrevem seus sentimentos e experiências atuais. Selecione a opção que melhor descreve o quanto você sentiu ou experienciou as coisas durante as duas últimas semanas, incluindo hoje. Use a seguinte escala para responder:","NA","Eu tive dificuldades para tomar decisões.","","Muito","4","Listed below are feelings, sensations, problems and experiences that people have at times. Read each item to decide how well it describes your current feelings and experiences. Select the option that best describes how much you felt or experienced these things during the past two weeks, including today. Use the following scale to answer:","","I had trouble making decisions.","Very much"
"idas_machado2024","main","IDAS19","Brazilian Version of the Inventory of Depression and Anxiety Symptoms","Portuguese","Abaixo estão listados sentimentos, sensações, problemas e experiências que as pessoas têm em alguns momentos. Leia cada item para determinar o quanto eles descrevem seus sentimentos e experiências atuais. Selecione a opção que melhor descreve o quanto você sentiu ou experienciou as coisas durante as duas últimas semanas, incluindo hoje. Use a seguinte escala para responder:","NA","Eu pensei muito em comida.","","Muito","4","Listed below are feelings, sensations, problems and experiences that people have at times. Read each item to decide how well it describes your current feelings and experiences. Select the option that best describes how much you felt or experienced these things during the past two weeks, including today. Use the following scale to answer:","","I thought about food a lot.","Very much"
"idas_machado2024","main","IDAS71","Brazilian Version of the Inventory of Depression and Anxiety Symptoms","Portuguese","Abaixo estão listados sentimentos, sensações, problemas e experiências que as pessoas têm em alguns momentos. Leia cada item para determinar o quanto eles descrevem seus sentimentos e experiências atuais. Selecione a opção que melhor descreve o quanto você sentiu ou experienciou as coisas durante as duas últimas semanas, incluindo hoje. Use a seguinte escala para responder:","NA","Eu falei tão rápido que as pessoas não conseguiram me entender.","","Muito","4","Listed below are feelings, sensations, problems and experiences that people have at times. Read each item to decide how well it describes your current feelings and experiences. Select the option that best describes how much you felt or experienced these things during the past two weeks, including today. Use the following scale to answer:","","I talked so fast that people could not understand me.","Very much"
"idas_machado2024","main","IDAS44","Brazilian Version of the Inventory of Depression and Anxiety Symptoms","Portuguese","Abaixo estão listados sentimentos, sensações, problemas e experiências que as pessoas têm em alguns momentos. Leia cada item para determinar o quanto eles descrevem seus sentimentos e experiências atuais. Selecione a opção que melhor descreve o quanto você sentiu ou experienciou as coisas durante as duas últimas semanas, incluindo hoje. Use a seguinte escala para responder:","NA","Eu perdi a paciência e gritei com pessoas.","","Muito","4","Listed below are feelings, sensations, problems and experiences that people have at times. Read each item to decide how well it describes your current feelings and experiences. Select the option that best describes how much you felt or experienced these things during the past two weeks, including today. Use the following scale to answer:","","I lost my temper and shouted at people.","Very much"
"idas_machado2024","main","IDAS45","Brazilian Version of the Inventory of Depression and Anxiety Symptoms","Portuguese","Abaixo estão listados sentimentos, sensações, problemas e experiências que as pessoas têm em alguns momentos. Leia cada item para determinar o quanto eles descrevem seus sentimentos e experiências atuais. Selecione a opção que melhor descreve o quanto você sentiu ou experienciou as coisas durante as duas últimas semanas, incluindo hoje. Use a seguinte escala para responder:","NA","Meu coração disparou ou bateu forte.","","Muito","4","Listed below are feelings, sensations, problems and experiences that people have at times. Read each item to decide how well it describes your current feelings and experiences. Select the option that best describes how much you felt or experienced these things during the past two weeks, including today. Use the following scale to answer:","","My heart raced or pounded.","Very much"
"idas_machado2024","main","IDAS55","Brazilian Version of the Inventory of Depression and Anxiety Symptoms","Portuguese","Abaixo estão listados sentimentos, sensações, problemas e experiências que as pessoas têm em alguns momentos. Leia cada item para determinar o quanto eles descrevem seus sentimentos e experiências atuais. Selecione a opção que melhor descreve o quanto você sentiu ou experienciou as coisas durante as duas últimas semanas, incluindo hoje. Use a seguinte escala para responder:","NA","Eu me senti lento, sonolento.","","Muito","4","Listed below are feelings, sensations, problems and experiences that people have at times. Read each item to decide how well it describes your current feelings and experiences. Select the option that best describes how much you felt or experienced these things during the past two weeks, including today. Use the following scale to answer:","","I felt slowed down, drowsy.","Very much"
"idas_machado2024","main","IDAS63","Brazilian Version of the Inventory of Depression and Anxiety Symptoms","Portuguese","Abaixo estão listados sentimentos, sensações, problemas e experiências que as pessoas têm em alguns momentos. Leia cada item para determinar o quanto eles descrevem seus sentimentos e experiências atuais. Selecione a opção que melhor descreve o quanto você sentiu ou experienciou as coisas durante as duas últimas semanas, incluindo hoje. Use a seguinte escala para responder:","NA","Eu comi mais do que o habitual.","","Muito","4","Listed below are feelings, sensations, problems and experiences that people have at times. Read each item to decide how well it describes your current feelings and experiences. Select the option that best describes how much you felt or experienced these things during the past two weeks, including today. Use the following scale to answer:","","I ate more than usual.","Very much"
"idas_machado2024","main","IDAS4","Brazilian Version of the Inventory of Depression and Anxiety Symptoms","Portuguese","Abaixo estão listados sentimentos, sensações, problemas e experiências que as pessoas têm em alguns momentos. Leia cada item para determinar o quanto eles descrevem seus sentimentos e experiências atuais. Selecione a opção que melhor descreve o quanto você sentiu ou experienciou as coisas durante as duas últimas semanas, incluindo hoje. Use a seguinte escala para responder:","NA","Eu dormi menos que o habitual.","","Muito","4","Listed below are feelings, sensations, problems and experiences that people have at times. Read each item to decide how well it describes your current feelings and experiences. Select the option that best describes how much you felt or experienced these things during the past two weeks, including today. Use the following scale to answer:","","I slept less than usual.","Very much"
"idas_machado2024","main","IDAS47","Brazilian Version of the Inventory of Depression and Anxiety Symptoms","Portuguese","Abaixo estão listados sentimentos, sensações, problemas e experiências que as pessoas têm em alguns momentos. Leia cada item para determinar o quanto eles descrevem seus sentimentos e experiências atuais. Selecione a opção que melhor descreve o quanto você sentiu ou experienciou as coisas durante as duas últimas semanas, incluindo hoje. Use a seguinte escala para responder:","NA","Eu tive dificuldade para falar com pessoas que eu não conheço bem.","","Muito","4","Listed below are feelings, sensations, problems and experiences that people have at times. Read each item to decide how well it describes your current feelings and experiences. Select the option that best describes how much you felt or experienced these things during the past two weeks, including today. Use the following scale to answer:","","I had trouble talking to people I do not know well.","Very much"
"idas_machado2024","main","IDAS88","Brazilian Version of the Inventory of Depression and Anxiety Symptoms","Portuguese","Abaixo estão listados sentimentos, sensações, problemas e experiências que as pessoas têm em alguns momentos. Leia cada item para determinar o quanto eles descrevem seus sentimentos e experiências atuais. Selecione a opção que melhor descreve o quanto você sentiu ou experienciou as coisas durante as duas últimas semanas, incluindo hoje. Use a seguinte escala para responder:","NA","Eu tive tanta energia que foi difícil ficar sentado quieto.","","Muito","4","Listed below are feelings, sensations, problems and experiences that people have at times. Read each item to decide how well it describes your current feelings and experiences. Select the option that best describes how much you felt or experienced these things during the past two weeks, including today. Use the following scale to answer:","","I had so much energy that it was hard to sit still.","Very much"
"idas_machado2024","main","IDAS2","Brazilian Version of the Inventory of Depression and Anxiety Symptoms","Portuguese","Abaixo estão listados sentimentos, sensações, problemas e experiências que as pessoas têm em alguns momentos. Leia cada item para determinar o quanto eles descrevem seus sentimentos e experiências atuais. Selecione a opção que melhor descreve o quanto você sentiu ou experienciou as coisas durante as duas últimas semanas, incluindo hoje. Use a seguinte escala para responder:","NA","Eu tive pouco interesse em minhas atividades diárias e hobbies.","","Muito","4","Listed below are feelings, sensations, problems and experiences that people have at times. Read each item to decide how well it describes your current feelings and experiences. Select the option that best describes how much you felt or experienced these things during the past two weeks, including today. Use the following scale to answer:","","I had little interest in my daily activities and hobbies.","Very much"
"idas_machado2024","main","IDAS10","Brazilian Version of the Inventory of Depression and Anxiety Symptoms","Portuguese","Abaixo estão listados sentimentos, sensações, problemas e experiências que as pessoas têm em alguns momentos. Leia cada item para determinar o quanto eles descrevem seus sentimentos e experiências atuais. Selecione a opção que melhor descreve o quanto você sentiu ou experienciou as coisas durante as duas últimas semanas, incluindo hoje. Use a seguinte escala para responder:","NA","Eu tive orgulho de mim.","","Muito","4","Listed below are feelings, sensations, problems and experiences that people have at times. Read each item to decide how well it describes your current feelings and experiences. Select the option that best describes how much you felt or experienced these things during the past two weeks, including today. Use the following scale to answer:","","I felt proud of myself.","Very much"
"idas_machado2024","main","IDAS30","Brazilian Version of the Inventory of Depression and Anxiety Symptoms","Portuguese","Abaixo estão listados sentimentos, sensações, problemas e experiências que as pessoas têm em alguns momentos. Leia cada item para determinar o quanto eles descrevem seus sentimentos e experiências atuais. Selecione a opção que melhor descreve o quanto você sentiu ou experienciou as coisas durante as duas últimas semanas, incluindo hoje. Use a seguinte escala para responder:","NA","Eu tive dificuldades para me motivar a fazer as coisas.","","Muito","4","Listed below are feelings, sensations, problems and experiences that people have at times. Read each item to decide how well it describes your current feelings and experiences. Select the option that best describes how much you felt or experienced these things during the past two weeks, including today. Use the following scale to answer:","","I had trouble motivating myself to do things.","Very much"
"idas_machado2024","main","IDAS29","Brazilian Version of the Inventory of Depression and Anxiety Symptoms","Portuguese","Abaixo estão listados sentimentos, sensações, problemas e experiências que as pessoas têm em alguns momentos. Leia cada item para determinar o quanto eles descrevem seus sentimentos e experiências atuais. Selecione a opção que melhor descreve o quanto você sentiu ou experienciou as coisas durante as duas últimas semanas, incluindo hoje. Use a seguinte escala para responder:","NA","Eu dormi mais do que o habitual.","","Muito","4","Listed below are feelings, sensations, problems and experiences that people have at times. Read each item to decide how well it describes your current feelings and experiences. Select the option that best describes how much you felt or experienced these things during the past two weeks, including today. Use the following scale to answer:","","I slept more than usual.","Very much"
"idas_machado2024","main","IDAS51","Brazilian Version of the Inventory of Depression and Anxiety Symptoms","Portuguese","Abaixo estão listados sentimentos, sensações, problemas e experiências que as pessoas têm em alguns momentos. Leia cada item para determinar o quanto eles descrevem seus sentimentos e experiências atuais. Selecione a opção que melhor descreve o quanto você sentiu ou experienciou as coisas durante as duas últimas semanas, incluindo hoje. Use a seguinte escala para responder:","NA","Eu dormi muito mal.","","Muito","4","Listed below are feelings, sensations, problems and experiences that people have at times. Read each item to decide how well it describes your current feelings and experiences. Select the option that best describes how much you felt or experienced these things during the past two weeks, including today. Use the following scale to answer:","","I slept very badly.","Very much"
"idas_machado2024","main","IDAS94","Brazilian Version of the Inventory of Depression and Anxiety Symptoms","Portuguese","Abaixo estão listados sentimentos, sensações, problemas e experiências que as pessoas têm em alguns momentos. Leia cada item para determinar o quanto eles descrevem seus sentimentos e experiências atuais. Selecione a opção que melhor descreve o quanto você sentiu ou experienciou as coisas durante as duas últimas semanas, incluindo hoje. Use a seguinte escala para responder:","NA","Eu evitei ligares apertados, fechados.","","Muito","4","Listed below are feelings, sensations, problems and experiences that people have at times. Read each item to decide how well it describes your current feelings and experiences. Select the option that best describes how much you felt or experienced these things during the past two weeks, including today. Use the following scale to answer:","","I avoided cramped, closed-in places.","Very much"
"idas_machado2024","main","IDAS62","Brazilian Version of the Inventory of Depression and Anxiety Symptoms","Portuguese","Abaixo estão listados sentimentos, sensações, problemas e experiências que as pessoas têm em alguns momentos. Leia cada item para determinar o quanto eles descrevem seus sentimentos e experiências atuais. Selecione a opção que melhor descreve o quanto você sentiu ou experienciou as coisas durante as duas últimas semanas, incluindo hoje. Use a seguinte escala para responder:","NA","Até mesmo pequenas coisas me deixaram bravo.","","Muito","4","Listed below are feelings, sensations, problems and experiences that people have at times. Read each item to decide how well it describes your current feelings and experiences. Select the option that best describes how much you felt or experienced these things during the past two weeks, including today. Use the following scale to answer:","","Even little things made me angry.","Very much"
"idas_machado2024","main","IDAS15","Brazilian Version of the Inventory of Depression and Anxiety Symptoms","Portuguese","Abaixo estão listados sentimentos, sensações, problemas e experiências que as pessoas têm em alguns momentos. Leia cada item para determinar o quanto eles descrevem seus sentimentos e experiências atuais. Selecione a opção que melhor descreve o quanto você sentiu ou experienciou as coisas durante as duas últimas semanas, incluindo hoje. Use a seguinte escala para responder:","NA","Eu me senti constrangido sabendo que pessoas estavam me observando.","","Muito","4","Listed below are feelings, sensations, problems and experiences that people have at times. Read each item to decide how well it describes your current feelings and experiences. Select the option that best describes how much you felt or experienced these things during the past two weeks, including today. Use the following scale to answer:","","I felt self-conscious knowing that people were watching me.","Very much"
"idas_machado2024","main","IDAS22","Brazilian Version of the Inventory of Depression and Anxiety Symptoms","Portuguese","Abaixo estão listados sentimentos, sensações, problemas e experiências que as pessoas têm em alguns momentos. Leia cada item para determinar o quanto eles descrevem seus sentimentos e experiências atuais. Selecione a opção que melhor descreve o quanto você sentiu ou experienciou as coisas durante as duas últimas semanas, incluindo hoje. Use a seguinte escala para responder:","NA","Eu me cortei ou me queimei de propósito.","","Muito","4","Listed below are feelings, sensations, problems and experiences that people have at times. Read each item to decide how well it describes your current feelings and experiences. Select the option that best describes how much you felt or experienced these things during the past two weeks, including today. Use the following scale to answer:","","I cut or burned myself on purpose.","Very much"
"idas_machado2024","main","IDAS27r","Brazilian Version of the Inventory of Depression and Anxiety Symptoms","Portuguese","Abaixo estão listados sentimentos, sensações, problemas e experiências que as pessoas têm em alguns momentos. Leia cada item para determinar o quanto eles descrevem seus sentimentos e experiências atuais. Selecione a opção que melhor descreve o quanto você sentiu ou experienciou as coisas durante as duas últimas semanas, incluindo hoje. Use a seguinte escala para responder:","NA","reversed scoring of item 27","","NA","2","Listed below are feelings, sensations, problems and experiences that people have at times. Read each item to decide how well it describes your current feelings and experiences. Select the option that best describes how much you felt or experienced these things during the past two weeks, including today. Use the following scale to answer:","","reversed scoring of item 27",""
"idas_machado2024","main","IDAS27r","Brazilian Version of the Inventory of Depression and Anxiety Symptoms","Portuguese","Abaixo estão listados sentimentos, sensações, problemas e experiências que as pessoas têm em alguns momentos. Leia cada item para determinar o quanto eles descrevem seus sentimentos e experiências atuais. Selecione a opção que melhor descreve o quanto você sentiu ou experienciou as coisas durante as duas últimas semanas, incluindo hoje. Use a seguinte escala para responder:","NA","reversed scoring of item 27","","NA","5","Listed below are feelings, sensations, problems and experiences that people have at times. Read each item to decide how well it describes your current feelings and experiences. Select the option that best describes how much you felt or experienced these things during the past two weeks, including today. Use the following scale to answer:","","reversed scoring of item 27",""
"idas_machado2024","main","IDAS64r","Brazilian Version of the Inventory of Depression and Anxiety Symptoms","Portuguese","Abaixo estão listados sentimentos, sensações, problemas e experiências que as pessoas têm em alguns momentos. Leia cada item para determinar o quanto eles descrevem seus sentimentos e experiências atuais. Selecione a opção que melhor descreve o quanto você sentiu ou experienciou as coisas durante as duas últimas semanas, incluindo hoje. Use a seguinte escala para responder:","NA","reversed scoring of item 64","","NA","5","Listed below are feelings, sensations, problems and experiences that people have at times. Read each item to decide how well it describes your current feelings and experiences. Select the option that best describes how much you felt or experienced these things during the past two weeks, including today. Use the following scale to answer:","","reversed scoring of item 64",""
"idas_machado2024","main","IDAS27r","Brazilian Version of the Inventory of Depression and Anxiety Symptoms","Portuguese","Abaixo estão listados sentimentos, sensações, problemas e experiências que as pessoas têm em alguns momentos. Leia cada item para determinar o quanto eles descrevem seus sentimentos e experiências atuais. Selecione a opção que melhor descreve o quanto você sentiu ou experienciou as coisas durante as duas últimas semanas, incluindo hoje. Use a seguinte escala para responder:","NA","reversed scoring of item 27","","NA","1","Listed below are feelings, sensations, problems and experiences that people have at times. Read each item to decide how well it describes your current feelings and experiences. Select the option that best describes how much you felt or experienced these things during the past two weeks, including today. Use the following scale to answer:","","reversed scoring of item 27",""
"idas_machado2024","main","IDAS64r","Brazilian Version of the Inventory of Depression and Anxiety Symptoms","Portuguese","Abaixo estão listados sentimentos, sensações, problemas e experiências que as pessoas têm em alguns momentos. Leia cada item para determinar o quanto eles descrevem seus sentimentos e experiências atuais. Selecione a opção que melhor descreve o quanto você sentiu ou experienciou as coisas durante as duas últimas semanas, incluindo hoje. Use a seguinte escala para responder:","NA","reversed scoring of item 64","","NA","4","Listed below are feelings, sensations, problems and experiences that people have at times. Read each item to decide how well it describes your current feelings and experiences. Select the option that best describes how much you felt or experienced these things during the past two weeks, including today. Use the following scale to answer:","","reversed scoring of item 64",""
"idas_machado2024","main","IDAS64r","Brazilian Version of the Inventory of Depression and Anxiety Symptoms","Portuguese","Abaixo estão listados sentimentos, sensações, problemas e experiências que as pessoas têm em alguns momentos. Leia cada item para determinar o quanto eles descrevem seus sentimentos e experiências atuais. Selecione a opção que melhor descreve o quanto você sentiu ou experienciou as coisas durante as duas últimas semanas, incluindo hoje. Use a seguinte escala para responder:","NA","reversed scoring of item 64","","NA","1","Listed below are feelings, sensations, problems and experiences that people have at times. Read each item to decide how well it describes your current feelings and experiences. Select the option that best describes how much you felt or experienced these things during the past two weeks, including today. Use the following scale to answer:","","reversed scoring of item 64",""
"idas_machado2024","main","IDAS64r","Brazilian Version of the Inventory of Depression and Anxiety Symptoms","Portuguese","Abaixo estão listados sentimentos, sensações, problemas e experiências que as pessoas têm em alguns momentos. Leia cada item para determinar o quanto eles descrevem seus sentimentos e experiências atuais. Selecione a opção que melhor descreve o quanto você sentiu ou experienciou as coisas durante as duas últimas semanas, incluindo hoje. Use a seguinte escala para responder:","NA","reversed scoring of item 64","","NA","3","Listed below are feelings, sensations, problems and experiences that people have at times. Read each item to decide how well it describes your current feelings and experiences. Select the option that best describes how much you felt or experienced these things during the past two weeks, including today. Use the following scale to answer:","","reversed scoring of item 64",""
"idas_machado2024","main","IDAS27r","Brazilian Version of the Inventory of Depression and Anxiety Symptoms","Portuguese","Abaixo estão listados sentimentos, sensações, problemas e experiências que as pessoas têm em alguns momentos. Leia cada item para determinar o quanto eles descrevem seus sentimentos e experiências atuais. Selecione a opção que melhor descreve o quanto você sentiu ou experienciou as coisas durante as duas últimas semanas, incluindo hoje. Use a seguinte escala para responder:","NA","reversed scoring of item 27","","NA","3","Listed below are feelings, sensations, problems and experiences that people have at times. Read each item to decide how well it describes your current feelings and experiences. Select the option that best describes how much you felt or experienced these things during the past two weeks, including today. Use the following scale to answer:","","reversed scoring of item 27",""
"idas_machado2024","main","IDAS27r","Brazilian Version of the Inventory of Depression and Anxiety Symptoms","Portuguese","Abaixo estão listados sentimentos, sensações, problemas e experiências que as pessoas têm em alguns momentos. Leia cada item para determinar o quanto eles descrevem seus sentimentos e experiências atuais. Selecione a opção que melhor descreve o quanto você sentiu ou experienciou as coisas durante as duas últimas semanas, incluindo hoje. Use a seguinte escala para responder:","NA","reversed scoring of item 27","","NA","4","Listed below are feelings, sensations, problems and experiences that people have at times. Read each item to decide how well it describes your current feelings and experiences. Select the option that best describes how much you felt or experienced these things during the past two weeks, including today. Use the following scale to answer:","","reversed scoring of item 27",""
"idas_machado2024","main","IDAS64r","Brazilian Version of the Inventory of Depression and Anxiety Symptoms","Portuguese","Abaixo estão listados sentimentos, sensações, problemas e experiências que as pessoas têm em alguns momentos. Leia cada item para determinar o quanto eles descrevem seus sentimentos e experiências atuais. Selecione a opção que melhor descreve o quanto você sentiu ou experienciou as coisas durante as duas últimas semanas, incluindo hoje. Use a seguinte escala para responder:","NA","reversed scoring of item 64","","NA","2","Listed below are feelings, sensations, problems and experiences that people have at times. Read each item to decide how well it describes your current feelings and experiences. Select the option that best describes how much you felt or experienced these things during the past two weeks, including today. Use the following scale to answer:","","reversed scoring of item 64",""
"idas_machado2024","main","IDAS15","Brazilian Version of the Inventory of Depression and Anxiety Symptoms","Portuguese","Abaixo estão listados sentimentos, sensações, problemas e experiências que as pessoas têm em alguns momentos. Leia cada item para determinar o quanto eles descrevem seus sentimentos e experiências atuais. Selecione a opção que melhor descreve o quanto você sentiu ou experienciou as coisas durante as duas últimas semanas, incluindo hoje. Use a seguinte escala para responder:","NA","Eu me senti constrangido sabendo que pessoas estavam me observando.","","Nada","1","Listed below are feelings, sensations, problems and experiences that people have at times. Read each item to decide how well it describes your current feelings and experiences. Select the option that best describes how much you felt or experienced these things during the past two weeks, including today. Use the following scale to answer:","","I felt self-conscious knowing that people were watching me.","Not at all"
"idas_machado2024","main","IDAS69","Brazilian Version of the Inventory of Depression and Anxiety Symptoms","Portuguese","Abaixo estão listados sentimentos, sensações, problemas e experiências que as pessoas têm em alguns momentos. Leia cada item para determinar o quanto eles descrevem seus sentimentos e experiências atuais. Selecione a opção que melhor descreve o quanto você sentiu ou experienciou as coisas durante as duas últimas semanas, incluindo hoje. Use a seguinte escala para responder:","NA","Eu senti urgência em reorganizar coisas para que eles ficassem ""certas"".","","Nada","1","Listed below are feelings, sensations, problems and experiences that people have at times. Read each item to decide how well it describes your current feelings and experiences. Select the option that best describes how much you felt or experienced these things during the past two weeks, including today. Use the following scale to answer:","","I felt an urge to rearrange things so that they were ""just right"".","Not at all"
"idas_machado2024","main","IDAS68","Brazilian Version of the Inventory of Depression and Anxiety Symptoms","Portuguese","Abaixo estão listados sentimentos, sensações, problemas e experiências que as pessoas têm em alguns momentos. Leia cada item para determinar o quanto eles descrevem seus sentimentos e experiências atuais. Selecione a opção que melhor descreve o quanto você sentiu ou experienciou as coisas durante as duas últimas semanas, incluindo hoje. Use a seguinte escala para responder:","NA","Eu fiquei checando as coisas de novo, e de novo.","","Nada","1","Listed below are feelings, sensations, problems and experiences that people have at times. Read each item to decide how well it describes your current feelings and experiences. Select the option that best describes how much you felt or experienced these things during the past two weeks, including today. Use the following scale to answer:","","I checked things over and over again.","Not at all"
"idas_machado2024","main","IDAS59","Brazilian Version of the Inventory of Depression and Anxiety Symptoms","Portuguese","Abaixo estão listados sentimentos, sensações, problemas e experiências que as pessoas têm em alguns momentos. Leia cada item para determinar o quanto eles descrevem seus sentimentos e experiências atuais. Selecione a opção que melhor descreve o quanto você sentiu ou experienciou as coisas durante as duas últimas semanas, incluindo hoje. Use a seguinte escala para responder:","NA","Eu senti como se tivesse muitas coisas interessantes para fazer.","","Nada","1","Listed below are feelings, sensations, problems and experiences that people have at times. Read each item to decide how well it describes your current feelings and experiences. Select the option that best describes how much you felt or experienced these things during the past two weeks, including today. Use the following scale to answer:","","I felt as if I had many interesting things to do.","Not at all"
"idas_machado2024","main","IDAS56","Brazilian Version of the Inventory of Depression and Anxiety Symptoms","Portuguese","Abaixo estão listados sentimentos, sensações, problemas e experiências que as pessoas têm em alguns momentos. Leia cada item para determinar o quanto eles descrevem seus sentimentos e experiências atuais. Selecione a opção que melhor descreve o quanto você sentiu ou experienciou as coisas durante as duas últimas semanas, incluindo hoje. Use a seguinte escala para responder:","NA","Eu senti falta de ar.","","Nada","1","Listed below are feelings, sensations, problems and experiences that people have at times. Read each item to decide how well it describes your current feelings and experiences. Select the option that best describes how much you felt or experienced these things during the past two weeks, including today. Use the following scale to answer:","","I was short of breath.","Not at all"
"idas_machado2024","main","IDAS31","Brazilian Version of the Inventory of Depression and Anxiety Symptoms","Portuguese","Abaixo estão listados sentimentos, sensações, problemas e experiências que as pessoas têm em alguns momentos. Leia cada item para determinar o quanto eles descrevem seus sentimentos e experiências atuais. Selecione a opção que melhor descreve o quanto você sentiu ou experienciou as coisas durante as duas últimas semanas, incluindo hoje. Use a seguinte escala para responder:","NA","Eu me senti inadequado.","","Nada","1","Listed below are feelings, sensations, problems and experiences that people have at times. Read each item to decide how well it describes your current feelings and experiences. Select the option that best describes how much you felt or experienced these things during the past two weeks, including today. Use the following scale to answer:","","I felt inadequate.","Not at all"
"idas_machado2024","main","IDAS7","Brazilian Version of the Inventory of Depression and Anxiety Symptoms","Portuguese","Abaixo estão listados sentimentos, sensações, problemas e experiências que as pessoas têm em alguns momentos. Leia cada item para determinar o quanto eles descrevem seus sentimentos e experiências atuais. Selecione a opção que melhor descreve o quanto você sentiu ou experienciou as coisas durante as duas últimas semanas, incluindo hoje. Use a seguinte escala para responder:","NA","Eu senti dores no peito.","","Nada","1","Listed below are feelings, sensations, problems and experiences that people have at times. Read each item to decide how well it describes your current feelings and experiences. Select the option that best describes how much you felt or experienced these things during the past two weeks, including today. Use the following scale to answer:","","I had chest pains.","Not at all"
"idas_machado2024","main","IDAS5","Brazilian Version of the Inventory of Depression and Anxiety Symptoms","Portuguese","Abaixo estão listados sentimentos, sensações, problemas e experiências que as pessoas têm em alguns momentos. Leia cada item para determinar o quanto eles descrevem seus sentimentos e experiências atuais. Selecione a opção que melhor descreve o quanto você sentiu ou experienciou as coisas durante as duas últimas semanas, incluindo hoje. Use a seguinte escala para responder:","NA","Eu me senti agitado, inquieto.","","Nada","1","Listed below are feelings, sensations, problems and experiences that people have at times. Read each item to decide how well it describes your current feelings and experiences. Select the option that best describes how much you felt or experienced these things during the past two weeks, including today. Use the following scale to answer:","","I felt agitated, restless.","Not at all"
"idas_machado2024","main","IDAS61","Brazilian Version of the Inventory of Depression and Anxiety Symptoms","Portuguese","Abaixo estão listados sentimentos, sensações, problemas e experiências que as pessoas têm em alguns momentos. Leia cada item para determinar o quanto eles descrevem seus sentimentos e experiências atuais. Selecione a opção que melhor descreve o quanto você sentiu ou experienciou as coisas durante as duas últimas semanas, incluindo hoje. Use a seguinte escala para responder:","NA","Eu tive problemas para me concentrar.","","Nada","1","Listed below are feelings, sensations, problems and experiences that people have at times. Read each item to decide how well it describes your current feelings and experiences. Select the option that best describes how much you felt or experienced these things during the past two weeks, including today. Use the following scale to answer:","","I had trouble concentrating.","Not at all"
"idas_machado2024","main","IDAS62","Brazilian Version of the Inventory of Depression and Anxiety Symptoms","Portuguese","Abaixo estão listados sentimentos, sensações, problemas e experiências que as pessoas têm em alguns momentos. Leia cada item para determinar o quanto eles descrevem seus sentimentos e experiências atuais. Selecione a opção que melhor descreve o quanto você sentiu ou experienciou as coisas durante as duas últimas semanas, incluindo hoje. Use a seguinte escala para responder:","NA","Até mesmo pequenas coisas me deixaram bravo.","","Nada","1","Listed below are feelings, sensations, problems and experiences that people have at times. Read each item to decide how well it describes your current feelings and experiences. Select the option that best describes how much you felt or experienced these things during the past two weeks, including today. Use the following scale to answer:","","Even little things made me angry.","Not at all"
"idas_machado2024","main","IDAS44","Brazilian Version of the Inventory of Depression and Anxiety Symptoms","Portuguese","Abaixo estão listados sentimentos, sensações, problemas e experiências que as pessoas têm em alguns momentos. Leia cada item para determinar o quanto eles descrevem seus sentimentos e experiências atuais. Selecione a opção que melhor descreve o quanto você sentiu ou experienciou as coisas durante as duas últimas semanas, incluindo hoje. Use a seguinte escala para responder:","NA","Eu perdi a paciência e gritei com pessoas.","","Nada","1","Listed below are feelings, sensations, problems and experiences that people have at times. Read each item to decide how well it describes your current feelings and experiences. Select the option that best describes how much you felt or experienced these things during the past two weeks, including today. Use the following scale to answer:","","I lost my temper and shouted at people.","Not at all"
"idas_machado2024","main","IDAS77","Brazilian Version of the Inventory of Depression and Anxiety Symptoms","Portuguese","Abaixo estão listados sentimentos, sensações, problemas e experiências que as pessoas têm em alguns momentos. Leia cada item para determinar o quanto eles descrevem seus sentimentos e experiências atuais. Selecione a opção que melhor descreve o quanto você sentiu ou experienciou as coisas durante as duas últimas semanas, incluindo hoje. Use a seguinte escala para responder:","NA","Eu senti como se minha mente estivesse muito rápida.","","Nada","1","Listed below are feelings, sensations, problems and experiences that people have at times. Read each item to decide how well it describes your current feelings and experiences. Select the option that best describes how much you felt or experienced these things during the past two weeks, including today. Use the following scale to answer:","","I felt as if my mind was racing.","Not at all"
"idas_machado2024","main","IDAS37","Brazilian Version of the Inventory of Depression and Anxiety Symptoms","Portuguese","Abaixo estão listados sentimentos, sensações, problemas e experiências que as pessoas têm em alguns momentos. Leia cada item para determinar o quanto eles descrevem seus sentimentos e experiências atuais. Selecione a opção que melhor descreve o quanto você sentiu ou experienciou as coisas durante as duas últimas semanas, incluindo hoje. Use a seguinte escala para responder:","NA","Eu senti muita raiva.","","Nada","1","Listed below are feelings, sensations, problems and experiences that people have at times. Read each item to decide how well it describes your current feelings and experiences. Select the option that best describes how much you felt or experienced these things during the past two weeks, including today. Use the following scale to answer:","","I felt a lot of anger.","Not at all"
"idas_machado2024","main","IDAS33","Brazilian Version of the Inventory of Depression and Anxiety Symptoms","Portuguese","Abaixo estão listados sentimentos, sensações, problemas e experiências que as pessoas têm em alguns momentos. Leia cada item para determinar o quanto eles descrevem seus sentimentos e experiências atuais. Selecione a opção que melhor descreve o quanto você sentiu ou experienciou as coisas durante as duas últimas semanas, incluindo hoje. Use a seguinte escala para responder:","NA","Eu pensei que o mundo seria melhor sem mim.","","Nada","1","Listed below are feelings, sensations, problems and experiences that people have at times. Read each item to decide how well it describes your current feelings and experiences. Select the option that best describes how much you felt or experienced these things during the past two weeks, including today. Use the following scale to answer:","","I thought the world would be better off without me.","Not at all"
"idas_machado2024","main","IDAS26","Brazilian Version of the Inventory of Depression and Anxiety Symptoms","Portuguese","Abaixo estão listados sentimentos, sensações, problemas e experiências que as pessoas têm em alguns momentos. Leia cada item para determinar o quanto eles descrevem seus sentimentos e experiências atuais. Selecione a opção que melhor descreve o quanto você sentiu ou experienciou as coisas durante as duas últimas semanas, incluindo hoje. Use a seguinte escala para responder:","NA","Eu tive menos apetite do que o habitual.","","Nada","1","Listed below are feelings, sensations, problems and experiences that people have at times. Read each item to decide how well it describes your current feelings and experiences. Select the option that best describes how much you felt or experienced these things during the past two weeks, including today. Use the following scale to answer:","","I had less appetite than usual.","Not at all"
"idas_machado2024","main","IDAS49","Brazilian Version of the Inventory of Depression and Anxiety Symptoms","Portuguese","Abaixo estão listados sentimentos, sensações, problemas e experiências que as pessoas têm em alguns momentos. Leia cada item para determinar o quanto eles descrevem seus sentimentos e experiências atuais. Selecione a opção que melhor descreve o quanto você sentiu ou experienciou as coisas durante as duas últimas semanas, incluindo hoje. Use a seguinte escala para responder:","NA","Eu estive com a boca muito seca.","","Nada","1","Listed below are feelings, sensations, problems and experiences that people have at times. Read each item to decide how well it describes your current feelings and experiences. Select the option that best describes how much you felt or experienced these things during the past two weeks, including today. Use the following scale to answer:","","My mouth was very dry.","Not at all"
"idas_machado2024","main","IDAS81","Brazilian Version of the Inventory of Depression and Anxiety Symptoms","Portuguese","Abaixo estão listados sentimentos, sensações, problemas e experiências que as pessoas têm em alguns momentos. Leia cada item para determinar o quanto eles descrevem seus sentimentos e experiências atuais. Selecione a opção que melhor descreve o quanto você sentiu ou experienciou as coisas durante as duas últimas semanas, incluindo hoje. Use a seguinte escala para responder:","NA","Eu senti a urgência de checar, para ter certeza se eu tinha feito uma coisa.","","Nada","1","Listed below are feelings, sensations, problems and experiences that people have at times. Read each item to decide how well it describes your current feelings and experiences. Select the option that best describes how much you felt or experienced these things during the past two weeks, including today. Use the following scale to answer:","","I felt an urge to check, to be sure I had done something.","Not at all"
"idas_machado2024","main","IDAS84","Brazilian Version of the Inventory of Depression and Anxiety Symptoms","Portuguese","Abaixo estão listados sentimentos, sensações, problemas e experiências que as pessoas têm em alguns momentos. Leia cada item para determinar o quanto eles descrevem seus sentimentos e experiências atuais. Selecione a opção que melhor descreve o quanto você sentiu ou experienciou as coisas durante as duas últimas semanas, incluindo hoje. Use a seguinte escala para responder:","NA","Eu me senti ansioso em lugares pequenos.","","Nada","1","Listed below are feelings, sensations, problems and experiences that people have at times. Read each item to decide how well it describes your current feelings and experiences. Select the option that best describes how much you felt or experienced these things during the past two weeks, including today. Use the following scale to answer:","","I felt anxious in small spaces.","Not at all"
"idas_machado2024","main","IDAS58","Brazilian Version of the Inventory of Depression and Anxiety Symptoms","Portuguese","Abaixo estão listados sentimentos, sensações, problemas e experiências que as pessoas têm em alguns momentos. Leia cada item para determinar o quanto eles descrevem seus sentimentos e experiências atuais. Selecione a opção que melhor descreve o quanto você sentiu ou experienciou as coisas durante as duas últimas semanas, incluindo hoje. Use a seguinte escala para responder:","NA","Eu senti como se estivesse sufocando.","","Nada","1","Listed below are feelings, sensations, problems and experiences that people have at times. Read each item to decide how well it describes your current feelings and experiences. Select the option that best describes how much you felt or experienced these things during the past two weeks, including today. Use the following scale to answer:","","I felt as if I were suffocating.","Not at all"
"idas_machado2024","main","IDAS85","Brazilian Version of the Inventory of Depression and Anxiety Symptoms","Portuguese","Abaixo estão listados sentimentos, sensações, problemas e experiências que as pessoas têm em alguns momentos. Leia cada item para determinar o quanto eles descrevem seus sentimentos e experiências atuais. Selecione a opção que melhor descreve o quanto você sentiu ou experienciou as coisas durante as duas últimas semanas, incluindo hoje. Use a seguinte escala para responder:","NA","Eu me senti obrigado a seguir certos rituais.","","Nada","1","Listed below are feelings, sensations, problems and experiences that people have at times. Read each item to decide how well it describes your current feelings and experiences. Select the option that best describes how much you felt or experienced these things during the past two weeks, including today. Use the following scale to answer:","","I felt compelled to follow certain rituals.","Not at all"
"idas_machado2024","main","IDAS92","Brazilian Version of the Inventory of Depression and Anxiety Symptoms","Portuguese","Abaixo estão listados sentimentos, sensações, problemas e experiências que as pessoas têm em alguns momentos. Leia cada item para determinar o quanto eles descrevem seus sentimentos e experiências atuais. Selecione a opção que melhor descreve o quanto você sentiu ou experienciou as coisas durante as duas últimas semanas, incluindo hoje. Use a seguinte escala para responder:","NA","Eu senti que podia fazer coisas que as outras pessoas não conseguem.","","Nada","1","Listed below are feelings, sensations, problems and experiences that people have at times. Read each item to decide how well it describes your current feelings and experiences. Select the option that best describes how much you felt or experienced these things during the past two weeks, including today. Use the following scale to answer:","","I felt I could do things other people cannot.","Not at all"
"idas_machado2024","main","IDAS76","Brazilian Version of the Inventory of Depression and Anxiety Symptoms","Portuguese","Abaixo estão listados sentimentos, sensações, problemas e experiências que as pessoas têm em alguns momentos. Leia cada item para determinar o quanto eles descrevem seus sentimentos e experiências atuais. Selecione a opção que melhor descreve o quanto você sentiu ou experienciou as coisas durante as duas últimas semanas, incluindo hoje. Use a seguinte escala para responder:","NA","Eu evitei manusear coisas sujas.","","Nada","1","Listed below are feelings, sensations, problems and experiences that people have at times. Read each item to decide how well it describes your current feelings and experiences. Select the option that best describes how much you felt or experienced these things during the past two weeks, including today. Use the following scale to answer:","","I avoided handling dirty things.","Not at all"
"idas_machado2024","main","IDAS27","Brazilian Version of the Inventory of Depression and Anxiety Symptoms","Portuguese","Abaixo estão listados sentimentos, sensações, problemas e experiências que as pessoas têm em alguns momentos. Leia cada item para determinar o quanto eles descrevem seus sentimentos e experiências atuais. Selecione a opção que melhor descreve o quanto você sentiu ou experienciou as coisas durante as duas últimas semanas, incluindo hoje. Use a seguinte escala para responder:","NA","Eu esperei ansiosamente para fazer coisas prazerosas.","","Nada","1","Listed below are feelings, sensations, problems and experiences that people have at times. Read each item to decide how well it describes your current feelings and experiences. Select the option that best describes how much you felt or experienced these things during the past two weeks, including today. Use the following scale to answer:","","I looked forward to doing enjoyable things.","Not at all"
"idas_machado2024","main","IDAS60","Brazilian Version of the Inventory of Depression and Anxiety Symptoms","Portuguese","Abaixo estão listados sentimentos, sensações, problemas e experiências que as pessoas têm em alguns momentos. Leia cada item para determinar o quanto eles descrevem seus sentimentos e experiências atuais. Selecione a opção que melhor descreve o quanto você sentiu ou experienciou as coisas durante as duas últimas semanas, incluindo hoje. Use a seguinte escala para responder:","NA","Eu não senti muita vontade de comer.","","Nada","1","Listed below are feelings, sensations, problems and experiences that people have at times. Read each item to decide how well it describes your current feelings and experiences. Select the option that best describes how much you felt or experienced these things during the past two weeks, including today. Use the following scale to answer:","","I did not feel much like eating.","Not at all"
"idas_machado2024","main","IDAS4","Brazilian Version of the Inventory of Depression and Anxiety Symptoms","Portuguese","Abaixo estão listados sentimentos, sensações, problemas e experiências que as pessoas têm em alguns momentos. Leia cada item para determinar o quanto eles descrevem seus sentimentos e experiências atuais. Selecione a opção que melhor descreve o quanto você sentiu ou experienciou as coisas durante as duas últimas semanas, incluindo hoje. Use a seguinte escala para responder:","NA","Eu dormi menos que o habitual.","","Nada","1","Listed below are feelings, sensations, problems and experiences that people have at times. Read each item to decide how well it describes your current feelings and experiences. Select the option that best describes how much you felt or experienced these things during the past two weeks, including today. Use the following scale to answer:","","I slept less than usual.","Not at all"
"idas_machado2024","main","IDAS90","Brazilian Version of the Inventory of Depression and Anxiety Symptoms","Portuguese","Abaixo estão listados sentimentos, sensações, problemas e experiências que as pessoas têm em alguns momentos. Leia cada item para determinar o quanto eles descrevem seus sentimentos e experiências atuais. Selecione a opção que melhor descreve o quanto você sentiu ou experienciou as coisas durante as duas últimas semanas, incluindo hoje. Use a seguinte escala para responder:","NA","Eu tive medo de tuneis.","","Nada","1","Listed below are feelings, sensations, problems and experiences that people have at times. Read each item to decide how well it describes your current feelings and experiences. Select the option that best describes how much you felt or experienced these things during the past two weeks, including today. Use the following scale to answer:","","I was afraid of tunnels.","Not at all"
"idas_machado2024","main","IDAS38","Brazilian Version of the Inventory of Depression and Anxiety Symptoms","Portuguese","Abaixo estão listados sentimentos, sensações, problemas e experiências que as pessoas têm em alguns momentos. Leia cada item para determinar o quanto eles descrevem seus sentimentos e experiências atuais. Selecione a opção que melhor descreve o quanto você sentiu ou experienciou as coisas durante as duas últimas semanas, incluindo hoje. Use a seguinte escala para responder:","NA","Eu me machuquei de propósito.","","Nada","1","Listed below are feelings, sensations, problems and experiences that people have at times. Read each item to decide how well it describes your current feelings and experiences. Select the option that best describes how much you felt or experienced these things during the past two weeks, including today. Use the following scale to answer:","","I hurt myself on purpose.","Not at all"
"idas_machado2024","main","IDAS67","Brazilian Version of the Inventory of Depression and Anxiety Symptoms","Portuguese","Abaixo estão listados sentimentos, sensações, problemas e experiências que as pessoas têm em alguns momentos. Leia cada item para determinar o quanto eles descrevem seus sentimentos e experiências atuais. Selecione a opção que melhor descreve o quanto você sentiu ou experienciou as coisas durante as duas últimas semanas, incluindo hoje. Use a seguinte escala para responder:","NA","Eu fiquei mudando rapidamente de uma atividade para a próxima.","","Nada","1","Listed below are feelings, sensations, problems and experiences that people have at times. Read each item to decide how well it describes your current feelings and experiences. Select the option that best describes how much you felt or experienced these things during the past two weeks, including today. Use the following scale to answer:","","I kept switching quickly from one activity to the next.","Not at all"
"idas_machado2024","main","IDAS18","Brazilian Version of the Inventory of Depression and Anxiety Symptoms","Portuguese","Abaixo estão listados sentimentos, sensações, problemas e experiências que as pessoas têm em alguns momentos. Leia cada item para determinar o quanto eles descrevem seus sentimentos e experiências atuais. Selecione a opção que melhor descreve o quanto você sentiu ou experienciou as coisas durante as duas últimas semanas, incluindo hoje. Use a seguinte escala para responder:","NA","Eu fiquei preocupado em me envergonhar socialmente.","","Nada","1","Listed below are feelings, sensations, problems and experiences that people have at times. Read each item to decide how well it describes your current feelings and experiences. Select the option that best describes how much you felt or experienced these things during the past two weeks, including today. Use the following scale to answer:","","I worried about embarrassing myself socially.","Not at all"
"idas_machado2024","main","IDAS87","Brazilian Version of the Inventory of Depression and Anxiety Symptoms","Portuguese","Abaixo estão listados sentimentos, sensações, problemas e experiências que as pessoas têm em alguns momentos. Leia cada item para determinar o quanto eles descrevem seus sentimentos e experiências atuais. Selecione a opção que melhor descreve o quanto você sentiu ou experienciou as coisas durante as duas últimas semanas, incluindo hoje. Use a seguinte escala para responder:","NA","Foi difícil acompanhar meus pensamentos, pois eles estavam acontecendo muito rapidamente.","","Nada","1","Listed below are feelings, sensations, problems and experiences that people have at times. Read each item to decide how well it describes your current feelings and experiences. Select the option that best describes how much you felt or experienced these things during the past two weeks, including today. Use the following scale to answer:","","It was hard to keep up with my thoughts, they were coming so fast.","Not at all"
"idas_machado2024","main","IDAS36","Brazilian Version of the Inventory of Depression and Anxiety Symptoms","Portuguese","Abaixo estão listados sentimentos, sensações, problemas e experiências que as pessoas têm em alguns momentos. Leia cada item para determinar o quanto eles descrevem seus sentimentos e experiências atuais. Selecione a opção que melhor descreve o quanto você sentiu ou experienciou as coisas durante as duas últimas semanas, incluindo hoje. Use a seguinte escala para responder:","NA","Eu acordei frequentemente durante a noite.","","Nada","1","Listed below are feelings, sensations, problems and experiences that people have at times. Read each item to decide how well it describes your current feelings and experiences. Select the option that best describes how much you felt or experienced these things during the past two weeks, including today. Use the following scale to answer:","","I woke up frequently during the night.","Not at all"
"idas_machado2024","main","IDAS13","Brazilian Version of the Inventory of Depression and Anxiety Symptoms","Portuguese","Abaixo estão listados sentimentos, sensações, problemas e experiências que as pessoas têm em alguns momentos. Leia cada item para determinar o quanto eles descrevem seus sentimentos e experiências atuais. Selecione a opção que melhor descreve o quanto você sentiu ou experienciou as coisas durante as duas últimas semanas, incluindo hoje. Use a seguinte escala para responder:","NA","Eu tive pensamentos sobre suicídio.","","Nada","1","Listed below are feelings, sensations, problems and experiences that people have at times. Read each item to decide how well it describes your current feelings and experiences. Select the option that best describes how much you felt or experienced these things during the past two weeks, including today. Use the following scale to answer:","","I had thoughts of suicide.","Not at all"
"idas_machado2024","main","IDAS30","Brazilian Version of the Inventory of Depression and Anxiety Symptoms","Portuguese","Abaixo estão listados sentimentos, sensações, problemas e experiências que as pessoas têm em alguns momentos. Leia cada item para determinar o quanto eles descrevem seus sentimentos e experiências atuais. Selecione a opção que melhor descreve o quanto você sentiu ou experienciou as coisas durante as duas últimas semanas, incluindo hoje. Use a seguinte escala para responder:","NA","Eu tive dificuldades para me motivar a fazer as coisas.","","Nada","1","Listed below are feelings, sensations, problems and experiences that people have at times. Read each item to decide how well it describes your current feelings and experiences. Select the option that best describes how much you felt or experienced these things during the past two weeks, including today. Use the following scale to answer:","","I had trouble motivating myself to do things.","Not at all"
"idas_machado2024","main","IDAS34","Brazilian Version of the Inventory of Depression and Anxiety Symptoms","Portuguese","Abaixo estão listados sentimentos, sensações, problemas e experiências que as pessoas têm em alguns momentos. Leia cada item para determinar o quanto eles descrevem seus sentimentos e experiências atuais. Selecione a opção que melhor descreve o quanto você sentiu ou experienciou as coisas durante as duas últimas semanas, incluindo hoje. Use a seguinte escala para responder:","NA","Eu tive lembranças de uma coisa assustadora que aconteceu.","","Nada","1","Listed below are feelings, sensations, problems and experiences that people have at times. Read each item to decide how well it describes your current feelings and experiences. Select the option that best describes how much you felt or experienced these things during the past two weeks, including today. Use the following scale to answer:","","I had memories of something frightening that happened.","Not at all"
"idas_machado2024","main","IDAS52","Brazilian Version of the Inventory of Depression and Anxiety Symptoms","Portuguese","Abaixo estão listados sentimentos, sensações, problemas e experiências que as pessoas têm em alguns momentos. Leia cada item para determinar o quanto eles descrevem seus sentimentos e experiências atuais. Selecione a opção que melhor descreve o quanto você sentiu ou experienciou as coisas durante as duas últimas semanas, incluindo hoje. Use a seguinte escala para responder:","NA","Eu pensei em me machucar.","","Nada","1","Listed below are feelings, sensations, problems and experiences that people have at times. Read each item to decide how well it describes your current feelings and experiences. Select the option that best describes how much you felt or experienced these things during the past two weeks, including today. Use the following scale to answer:","","I thought about hurting myself.","Not at all"
"idas_machado2024","main","IDAS46","Brazilian Version of the Inventory of Depression and Anxiety Symptoms","Portuguese","Abaixo estão listados sentimentos, sensações, problemas e experiências que as pessoas têm em alguns momentos. Leia cada item para determinar o quanto eles descrevem seus sentimentos e experiências atuais. Selecione a opção que melhor descreve o quanto você sentiu ou experienciou as coisas durante as duas últimas semanas, incluindo hoje. Use a seguinte escala para responder:","NA","Eu pensei na minha própria morte.","","Nada","1","Listed below are feelings, sensations, problems and experiences that people have at times. Read each item to decide how well it describes your current feelings and experiences. Select the option that best describes how much you felt or experienced these things during the past two weeks, including today. Use the following scale to answer:","","I thought about my own death.","Not at all"
"idas_machado2024","main","IDAS74","Brazilian Version of the Inventory of Depression and Anxiety Symptoms","Portuguese","Abaixo estão listados sentimentos, sensações, problemas e experiências que as pessoas têm em alguns momentos. Leia cada item para determinar o quanto eles descrevem seus sentimentos e experiências atuais. Selecione a opção que melhor descreve o quanto você sentiu ou experienciou as coisas durante as duas últimas semanas, incluindo hoje. Use a seguinte escala para responder:","NA","Eu evitei lugares pequenos.","","Nada","1","Listed below are feelings, sensations, problems and experiences that people have at times. Read each item to decide how well it describes your current feelings and experiences. Select the option that best describes how much you felt or experienced these things during the past two weeks, including today. Use the following scale to answer:","","I avoided small spaces.","Not at all"
"idas_machado2024","main","IDAS22","Brazilian Version of the Inventory of Depression and Anxiety Symptoms","Portuguese","Abaixo estão listados sentimentos, sensações, problemas e experiências que as pessoas têm em alguns momentos. Leia cada item para determinar o quanto eles descrevem seus sentimentos e experiências atuais. Selecione a opção que melhor descreve o quanto você sentiu ou experienciou as coisas durante as duas últimas semanas, incluindo hoje. Use a seguinte escala para responder:","NA","Eu me cortei ou me queimei de propósito.","","Nada","1","Listed below are feelings, sensations, problems and experiences that people have at times. Read each item to decide how well it describes your current feelings and experiences. Select the option that best describes how much you felt or experienced these things during the past two weeks, including today. Use the following scale to answer:","","I cut or burned myself on purpose.","Not at all"
"idas_machado2024","main","IDAS12","Brazilian Version of the Inventory of Depression and Anxiety Symptoms","Portuguese","Abaixo estão listados sentimentos, sensações, problemas e experiências que as pessoas têm em alguns momentos. Leia cada item para determinar o quanto eles descrevem seus sentimentos e experiências atuais. Selecione a opção que melhor descreve o quanto você sentiu ou experienciou as coisas durante as duas últimas semanas, incluindo hoje. Use a seguinte escala para responder:","NA","Eu estive furioso.","","Nada","1","Listed below are feelings, sensations, problems and experiences that people have at times. Read each item to decide how well it describes your current feelings and experiences. Select the option that best describes how much you felt or experienced these things during the past two weeks, including today. Use the following scale to answer:","","I was furious.","Not at all"
"idas_machado2024","main","IDAS42","Brazilian Version of the Inventory of Depression and Anxiety Symptoms","Portuguese","Abaixo estão listados sentimentos, sensações, problemas e experiências que as pessoas têm em alguns momentos. Leia cada item para determinar o quanto eles descrevem seus sentimentos e experiências atuais. Selecione a opção que melhor descreve o quanto você sentiu ou experienciou as coisas durante as duas últimas semanas, incluindo hoje. Use a seguinte escala para responder:","NA","Eu fiquei chateado pensando sobre uma coisa ruim que aconteceu.","","Nada","1","Listed below are feelings, sensations, problems and experiences that people have at times. Read each item to decide how well it describes your current feelings and experiences. Select the option that best describes how much you felt or experienced these things during the past two weeks, including today. Use the following scale to answer:","","I got upset thinking about something bad that happened.","Not at all"
"idas_machado2024","main","IDAS51","Brazilian Version of the Inventory of Depression and Anxiety Symptoms","Portuguese","Abaixo estão listados sentimentos, sensações, problemas e experiências que as pessoas têm em alguns momentos. Leia cada item para determinar o quanto eles descrevem seus sentimentos e experiências atuais. Selecione a opção que melhor descreve o quanto você sentiu ou experienciou as coisas durante as duas últimas semanas, incluindo hoje. Use a seguinte escala para responder:","NA","Eu dormi muito mal.","","Nada","1","Listed below are feelings, sensations, problems and experiences that people have at times. Read each item to decide how well it describes your current feelings and experiences. Select the option that best describes how much you felt or experienced these things during the past two weeks, including today. Use the following scale to answer:","","I slept very badly.","Not at all"
"idas_machado2024","main","IDAS78","Brazilian Version of the Inventory of Depression and Anxiety Symptoms","Portuguese","Abaixo estão listados sentimentos, sensações, problemas e experiências que as pessoas têm em alguns momentos. Leia cada item para determinar o quanto eles descrevem seus sentimentos e experiências atuais. Selecione a opção que melhor descreve o quanto você sentiu ou experienciou as coisas durante as duas últimas semanas, incluindo hoje. Use a seguinte escala para responder:","NA","Eu senti como se eu estivesse ""no topo do mundo"".","","Nada","1","Listed below are feelings, sensations, problems and experiences that people have at times. Read each item to decide how well it describes your current feelings and experiences. Select the option that best describes how much you felt or experienced these things during the past two weeks, including today. Use the following scale to answer:","","I felt as if I were ""on top of the world"".","Not at all"
"idas_machado2024","main","IDAS97","Brazilian Version of the Inventory of Depression and Anxiety Symptoms","Portuguese","Abaixo estão listados sentimentos, sensações, problemas e experiências que as pessoas têm em alguns momentos. Leia cada item para determinar o quanto eles descrevem seus sentimentos e experiências atuais. Selecione a opção que melhor descreve o quanto você sentiu ou experienciou as coisas durante as duas últimas semanas, incluindo hoje. Use a seguinte escala para responder:","NA","Eu tive muito mais energia do que o habitual.","","Nada","1","Listed below are feelings, sensations, problems and experiences that people have at times. Read each item to decide how well it describes your current feelings and experiences. Select the option that best describes how much you felt or experienced these things during the past two weeks, including today. Use the following scale to answer:","","I had much more energy than usual.","Not at all"
"idas_machado2024","main","IDAS70","Brazilian Version of the Inventory of Depression and Anxiety Symptoms","Portuguese","Abaixo estão listados sentimentos, sensações, problemas e experiências que as pessoas têm em alguns momentos. Leia cada item para determinar o quanto eles descrevem seus sentimentos e experiências atuais. Selecione a opção que melhor descreve o quanto você sentiu ou experienciou as coisas durante as duas últimas semanas, incluindo hoje. Use a seguinte escala para responder:","NA","Eu me preocupei muito com germes.","","Nada","1","Listed below are feelings, sensations, problems and experiences that people have at times. Read each item to decide how well it describes your current feelings and experiences. Select the option that best describes how much you felt or experienced these things during the past two weeks, including today. Use the following scale to answer:","","I worried a lot about germs.","Not at all"
"idas_machado2024","main","IDAS50","Brazilian Version of the Inventory of Depression and Anxiety Symptoms","Portuguese","Abaixo estão listados sentimentos, sensações, problemas e experiências que as pessoas têm em alguns momentos. Leia cada item para determinar o quanto eles descrevem seus sentimentos e experiências atuais. Selecione a opção que melhor descreve o quanto você sentiu ou experienciou as coisas durante as duas últimas semanas, incluindo hoje. Use a seguinte escala para responder:","NA","Eu me senti esperançoso sobre o futuro.","","Nada","1","Listed below are feelings, sensations, problems and experiences that people have at times. Read each item to decide how well it describes your current feelings and experiences. Select the option that best describes how much you felt or experienced these things during the past two weeks, including today. Use the following scale to answer:","","I felt hopeful about the future.","Not at all"
"idas_machado2024","main","IDAS43","Brazilian Version of the Inventory of Depression and Anxiety Symptoms","Portuguese","Abaixo estão listados sentimentos, sensações, problemas e experiências que as pessoas têm em alguns momentos. Leia cada item para determinar o quanto eles descrevem seus sentimentos e experiências atuais. Selecione a opção que melhor descreve o quanto você sentiu ou experienciou as coisas durante as duas últimas semanas, incluindo hoje. Use a seguinte escala para responder:","NA","Eu tive problemas para acordar de manhã.","","Nada","1","Listed below are feelings, sensations, problems and experiences that people have at times. Read each item to decide how well it describes your current feelings and experiences. Select the option that best describes how much you felt or experienced these things during the past two weeks, including today. Use the following scale to answer:","","I had trouble waking up in the morning.","Not at all"
"idas_machado2024","main","IDAS99","Brazilian Version of the Inventory of Depression and Anxiety Symptoms","Portuguese","Abaixo estão listados sentimentos, sensações, problemas e experiências que as pessoas têm em alguns momentos. Leia cada item para determinar o quanto eles descrevem seus sentimentos e experiências atuais. Selecione a opção que melhor descreve o quanto você sentiu ou experienciou as coisas durante as duas últimas semanas, incluindo hoje. Use a seguinte escala para responder:","NA","Eu me senti ansioso sobre falar em público.","","Nada","1","Listed below are feelings, sensations, problems and experiences that people have at times. Read each item to decide how well it describes your current feelings and experiences. Select the option that best describes how much you felt or experienced these things during the past two weeks, including today. Use the following scale to answer:","","I felt anxious about speaking in public.","Not at all"
"idas_machado2024","main","IDAS35","Brazilian Version of the Inventory of Depression and Anxiety Symptoms","Portuguese","Abaixo estão listados sentimentos, sensações, problemas e experiências que as pessoas têm em alguns momentos. Leia cada item para determinar o quanto eles descrevem seus sentimentos e experiências atuais. Selecione a opção que melhor descreve o quanto você sentiu ou experienciou as coisas durante as duas últimas semanas, incluindo hoje. Use a seguinte escala para responder:","NA","Eu senti vontade de quebrar coisas.","","Nada","1","Listed below are feelings, sensations, problems and experiences that people have at times. Read each item to decide how well it describes your current feelings and experiences. Select the option that best describes how much you felt or experienced these things during the past two weeks, including today. Use the following scale to answer:","","I felt like breaking things.","Not at all"
"idas_machado2024","main","IDAS11","Brazilian Version of the Inventory of Depression and Anxiety Symptoms","Portuguese","Abaixo estão listados sentimentos, sensações, problemas e experiências que as pessoas têm em alguns momentos. Leia cada item para determinar o quanto eles descrevem seus sentimentos e experiências atuais. Selecione a opção que melhor descreve o quanto você sentiu ou experienciou as coisas durante as duas últimas semanas, incluindo hoje. Use a seguinte escala para responder:","NA","Eu tive problemas para pegar no sono.","","Nada","1","Listed below are feelings, sensations, problems and experiences that people have at times. Read each item to decide how well it describes your current feelings and experiences. Select the option that best describes how much you felt or experienced these things during the past two weeks, including today. Use the following scale to answer:","","I had trouble falling asleep.","Not at all"
"idas_machado2024","main","IDAS1","Brazilian Version of the Inventory of Depression and Anxiety Symptoms","Portuguese","Abaixo estão listados sentimentos, sensações, problemas e experiências que as pessoas têm em alguns momentos. Leia cada item para determinar o quanto eles descrevem seus sentimentos e experiências atuais. Selecione a opção que melhor descreve o quanto você sentiu ou experienciou as coisas durante as duas últimas semanas, incluindo hoje. Use a seguinte escala para responder:","NA","Eu não tive muito apetite.","","Nada","1","Listed below are feelings, sensations, problems and experiences that people have at times. Read each item to decide how well it describes your current feelings and experiences. Select the option that best describes how much you felt or experienced these things during the past two weeks, including today. Use the following scale to answer:","","I did not have much of an appetite.","Not at all"
"idas_machado2024","main","IDAS63","Brazilian Version of the Inventory of Depression and Anxiety Symptoms","Portuguese","Abaixo estão listados sentimentos, sensações, problemas e experiências que as pessoas têm em alguns momentos. Leia cada item para determinar o quanto eles descrevem seus sentimentos e experiências atuais. Selecione a opção que melhor descreve o quanto você sentiu ou experienciou as coisas durante as duas últimas semanas, incluindo hoje. Use a seguinte escala para responder:","NA","Eu comi mais do que o habitual.","","Nada","1","Listed below are feelings, sensations, problems and experiences that people have at times. Read each item to decide how well it describes your current feelings and experiences. Select the option that best describes how much you felt or experienced these things during the past two weeks, including today. Use the following scale to answer:","","I ate more than usual.","Not at all"
"idas_machado2024","main","IDAS9","Brazilian Version of the Inventory of Depression and Anxiety Symptoms","Portuguese","Abaixo estão listados sentimentos, sensações, problemas e experiências que as pessoas têm em alguns momentos. Leia cada item para determinar o quanto eles descrevem seus sentimentos e experiências atuais. Selecione a opção que melhor descreve o quanto você sentiu ou experienciou as coisas durante as duas últimas semanas, incluindo hoje. Use a seguinte escala para responder:","NA","Eu tive dificuldades para tomar decisões.","","Nada","1","Listed below are feelings, sensations, problems and experiences that people have at times. Read each item to decide how well it describes your current feelings and experiences. Select the option that best describes how much you felt or experienced these things during the past two weeks, including today. Use the following scale to answer:","","I had trouble making decisions.","Not at all"
"idas_machado2024","main","IDAS94","Brazilian Version of the Inventory of Depression and Anxiety Symptoms","Portuguese","Abaixo estão listados sentimentos, sensações, problemas e experiências que as pessoas têm em alguns momentos. Leia cada item para determinar o quanto eles descrevem seus sentimentos e experiências atuais. Selecione a opção que melhor descreve o quanto você sentiu ou experienciou as coisas durante as duas últimas semanas, incluindo hoje. Use a seguinte escala para responder:","NA","Eu evitei ligares apertados, fechados.","","Nada","1","Listed below are feelings, sensations, problems and experiences that people have at times. Read each item to decide how well it describes your current feelings and experiences. Select the option that best describes how much you felt or experienced these things during the past two weeks, including today. Use the following scale to answer:","","I avoided cramped, closed-in places.","Not at all"
"idas_machado2024","main","IDAS16","Brazilian Version of the Inventory of Depression and Anxiety Symptoms","Portuguese","Abaixo estão listados sentimentos, sensações, problemas e experiências que as pessoas têm em alguns momentos. Leia cada item para determinar o quanto eles descrevem seus sentimentos e experiências atuais. Selecione a opção que melhor descreve o quanto você sentiu ou experienciou as coisas durante as duas últimas semanas, incluindo hoje. Use a seguinte escala para responder:","NA","Eu me senti zonzo ou tive vertigens.","","Nada","1","Listed below are feelings, sensations, problems and experiences that people have at times. Read each item to decide how well it describes your current feelings and experiences. Select the option that best describes how much you felt or experienced these things during the past two weeks, including today. Use the following scale to answer:","","I felt dizzy or light-headed.","Not at all"
"idas_machado2024","main","IDAS71","Brazilian Version of the Inventory of Depression and Anxiety Symptoms","Portuguese","Abaixo estão listados sentimentos, sensações, problemas e experiências que as pessoas têm em alguns momentos. Leia cada item para determinar o quanto eles descrevem seus sentimentos e experiências atuais. Selecione a opção que melhor descreve o quanto você sentiu ou experienciou as coisas durante as duas últimas semanas, incluindo hoje. Use a seguinte escala para responder:","NA","Eu falei tão rápido que as pessoas não conseguiram me entender.","","Nada","1","Listed below are feelings, sensations, problems and experiences that people have at times. Read each item to decide how well it describes your current feelings and experiences. Select the option that best describes how much you felt or experienced these things during the past two weeks, including today. Use the following scale to answer:","","I talked so fast that people could not understand me.","Not at all"
"idas_machado2024","main","IDAS98","Brazilian Version of the Inventory of Depression and Anxiety Symptoms","Portuguese","Abaixo estão listados sentimentos, sensações, problemas e experiências que as pessoas têm em alguns momentos. Leia cada item para determinar o quanto eles descrevem seus sentimentos e experiências atuais. Selecione a opção que melhor descreve o quanto você sentiu ou experienciou as coisas durante as duas últimas semanas, incluindo hoje. Use a seguinte escala para responder:","NA","Eu usei objetos (como uma toalha) para evitar tocar diretamente nas coisas.","","Nada","1","Listed below are feelings, sensations, problems and experiences that people have at times. Read each item to decide how well it describes your current feelings and experiences. Select the option that best describes how much you felt or experienced these things during the past two weeks, including today. Use the following scale to answer:","","I used objects (such as a towel) to avoid touching things directly.","Not at all"
"idas_machado2024","main","IDAS21","Brazilian Version of the Inventory of Depression and Anxiety Symptoms","Portuguese","Abaixo estão listados sentimentos, sensações, problemas e experiências que as pessoas têm em alguns momentos. Leia cada item para determinar o quanto eles descrevem seus sentimentos e experiências atuais. Selecione a opção que melhor descreve o quanto você sentiu ou experienciou as coisas durante as duas últimas semanas, incluindo hoje. Use a seguinte escala para responder:","NA","Eu me culpei por coisas que aconteceram.","","Nada","1","Listed below are feelings, sensations, problems and experiences that people have at times. Read each item to decide how well it describes your current feelings and experiences. Select the option that best describes how much you felt or experienced these things during the past two weeks, including today. Use the following scale to answer:","","I blamed myself for things that happened.","Not at all"
"idas_machado2024","main","IDAS65","Brazilian Version of the Inventory of Depression and Anxiety Symptoms","Portuguese","Abaixo estão listados sentimentos, sensações, problemas e experiências que as pessoas têm em alguns momentos. Leia cada item para determinar o quanto eles descrevem seus sentimentos e experiências atuais. Selecione a opção que melhor descreve o quanto você sentiu ou experienciou as coisas durante as duas últimas semanas, incluindo hoje. Use a seguinte escala para responder:","NA","Eu reorganizei coisas para que elas ficassem em uma determinada ordem.","","Nada","1","Listed below are feelings, sensations, problems and experiences that people have at times. Read each item to decide how well it describes your current feelings and experiences. Select the option that best describes how much you felt or experienced these things during the past two weeks, including today. Use the following scale to answer:","","I rearranged things so that they were in a particular order.","Not at all"
"idas_machado2024","main","IDAS28","Brazilian Version of the Inventory of Depression and Anxiety Symptoms","Portuguese","Abaixo estão listados sentimentos, sensações, problemas e experiências que as pessoas têm em alguns momentos. Leia cada item para determinar o quanto eles descrevem seus sentimentos e experiências atuais. Selecione a opção que melhor descreve o quanto você sentiu ou experienciou as coisas durante as duas últimas semanas, incluindo hoje. Use a seguinte escala para responder:","NA","Eu tive pesadelos que me lembraram de uma coisa ruim que aconteceu.","","Nada","1","Listed below are feelings, sensations, problems and experiences that people have at times. Read each item to decide how well it describes your current feelings and experiences. Select the option that best describes how much you felt or experienced these things during the past two weeks, including today. Use the following scale to answer:","","I had nightmares that reminded me of something bad that happened.","Not at all"
"idas_machado2024","main","IDAS29","Brazilian Version of the Inventory of Depression and Anxiety Symptoms","Portuguese","Abaixo estão listados sentimentos, sensações, problemas e experiências que as pessoas têm em alguns momentos. Leia cada item para determinar o quanto eles descrevem seus sentimentos e experiências atuais. Selecione a opção que melhor descreve o quanto você sentiu ou experienciou as coisas durante as duas últimas semanas, incluindo hoje. Use a seguinte escala para responder:","NA","Eu dormi mais do que o habitual.","","Nada","1","Listed below are feelings, sensations, problems and experiences that people have at times. Read each item to decide how well it describes your current feelings and experiences. Select the option that best describes how much you felt or experienced these things during the past two weeks, including today. Use the following scale to answer:","","I slept more than usual.","Not at all"
"idas_machado2024","main","IDAS75","Brazilian Version of the Inventory of Depression and Anxiety Symptoms","Portuguese","Abaixo estão listados sentimentos, sensações, problemas e experiências que as pessoas têm em alguns momentos. Leia cada item para determinar o quanto eles descrevem seus sentimentos e experiências atuais. Selecione a opção que melhor descreve o quanto você sentiu ou experienciou as coisas durante as duas últimas semanas, incluindo hoje. Use a seguinte escala para responder:","NA","Eu me peguei checando coisas, mesmo sabendo que não era necessário.","","Nada","1","Listed below are feelings, sensations, problems and experiences that people have at times. Read each item to decide how well it describes your current feelings and experiences. Select the option that best describes how much you felt or experienced these things during the past two weeks, including today. Use the following scale to answer:","","I caught myself checking things even though I knew it was not necessary.","Not at all"
"idas_machado2024","main","IDAS95","Brazilian Version of the Inventory of Depression and Anxiety Symptoms","Portuguese","Abaixo estão listados sentimentos, sensações, problemas e experiências que as pessoas têm em alguns momentos. Leia cada item para determinar o quanto eles descrevem seus sentimentos e experiências atuais. Selecione a opção que melhor descreve o quanto você sentiu ou experienciou as coisas durante as duas últimas semanas, incluindo hoje. Use a seguinte escala para responder:","NA","Eu tive pequenos rituais ou hábitos que tomaram muito do meu tempo.","","Nada","1","Listed below are feelings, sensations, problems and experiences that people have at times. Read each item to decide how well it describes your current feelings and experiences. Select the option that best describes how much you felt or experienced these things during the past two weeks, including today. Use the following scale to answer:","","I had small rituals or habits that took up a lot of my time.","Not at all"
"idas_machado2024","main","IDAS73","Brazilian Version of the Inventory of Depression and Anxiety Symptoms","Portuguese","Abaixo estão listados sentimentos, sensações, problemas e experiências que as pessoas têm em alguns momentos. Leia cada item para determinar o quanto eles descrevem seus sentimentos e experiências atuais. Selecione a opção que melhor descreve o quanto você sentiu ou experienciou as coisas durante as duas últimas semanas, incluindo hoje. Use a seguinte escala para responder:","NA","Eu tentei não pensar sobre coisas ruins do meu passado.","","Nada","1","Listed below are feelings, sensations, problems and experiences that people have at times. Read each item to decide how well it describes your current feelings and experiences. Select the option that best describes how much you felt or experienced these things during the past two weeks, including today. Use the following scale to answer:","","I tried not to think about bad things from my past.","Not at all"
"idas_machado2024","main","IDAS39","Brazilian Version of the Inventory of Depression and Anxiety Symptoms","Portuguese","Abaixo estão listados sentimentos, sensações, problemas e experiências que as pessoas têm em alguns momentos. Leia cada item para determinar o quanto eles descrevem seus sentimentos e experiências atuais. Selecione a opção que melhor descreve o quanto você sentiu ou experienciou as coisas durante as duas últimas semanas, incluindo hoje. Use a seguinte escala para responder:","NA","Eu senti como se fosse desmaiar.","","Nada","1","Listed below are feelings, sensations, problems and experiences that people have at times. Read each item to decide how well it describes your current feelings and experiences. Select the option that best describes how much you felt or experienced these things during the past two weeks, including today. Use the following scale to answer:","","I felt as if I were going to faint.","Not at all"
"idas_machado2024","main","IDAS8","Brazilian Version of the Inventory of Depression and Anxiety Symptoms","Portuguese","Abaixo estão listados sentimentos, sensações, problemas e experiências que as pessoas têm em alguns momentos. Leia cada item para determinar o quanto eles descrevem seus sentimentos e experiências atuais. Selecione a opção que melhor descreve o quanto você sentiu ou experienciou as coisas durante as duas últimas semanas, incluindo hoje. Use a seguinte escala para responder:","NA","Eu me senti deprimido.","","Nada","1","Listed below are feelings, sensations, problems and experiences that people have at times. Read each item to decide how well it describes your current feelings and experiences. Select the option that best describes how much you felt or experienced these things during the past two weeks, including today. Use the following scale to answer:","","I felt depressed.","Not at all"
"idas_machado2024","main","IDAS45","Brazilian Version of the Inventory of Depression and Anxiety Symptoms","Portuguese","Abaixo estão listados sentimentos, sensações, problemas e experiências que as pessoas têm em alguns momentos. Leia cada item para determinar o quanto eles descrevem seus sentimentos e experiências atuais. Selecione a opção que melhor descreve o quanto você sentiu ou experienciou as coisas durante as duas últimas semanas, incluindo hoje. Use a seguinte escala para responder:","NA","Meu coração disparou ou bateu forte.","","Nada","1","Listed below are feelings, sensations, problems and experiences that people have at times. Read each item to decide how well it describes your current feelings and experiences. Select the option that best describes how much you felt or experienced these things during the past two weeks, including today. Use the following scale to answer:","","My heart raced or pounded.","Not at all"
"idas_machado2024","main","IDAS82","Brazilian Version of the Inventory of Depression and Anxiety Symptoms","Portuguese","Abaixo estão listados sentimentos, sensações, problemas e experiências que as pessoas têm em alguns momentos. Leia cada item para determinar o quanto eles descrevem seus sentimentos e experiências atuais. Selecione a opção que melhor descreve o quanto você sentiu ou experienciou as coisas durante as duas últimas semanas, incluindo hoje. Use a seguinte escala para responder:","NA","Eu segui a mesma ordem fixa de realizar tarefas.","","Nada","1","Listed below are feelings, sensations, problems and experiences that people have at times. Read each item to decide how well it describes your current feelings and experiences. Select the option that best describes how much you felt or experienced these things during the past two weeks, including today. Use the following scale to answer:","","I followed the same fixed order of doing things.","Not at all"
"idas_machado2024","main","IDAS3","Brazilian Version of the Inventory of Depression and Anxiety Symptoms","Portuguese","Abaixo estão listados sentimentos, sensações, problemas e experiências que as pessoas têm em alguns momentos. Leia cada item para determinar o quanto eles descrevem seus sentimentos e experiências atuais. Selecione a opção que melhor descreve o quanto você sentiu ou experienciou as coisas durante as duas últimas semanas, incluindo hoje. Use a seguinte escala para responder:","NA","Eu me senti otimista.","","Nada","1","Listed below are feelings, sensations, problems and experiences that people have at times. Read each item to decide how well it describes your current feelings and experiences. Select the option that best describes how much you felt or experienced these things during the past two weeks, including today. Use the following scale to answer:","","I felt optimistic.","Not at all"
"idas_machado2024","main","IDAS54","Brazilian Version of the Inventory of Depression and Anxiety Symptoms","Portuguese","Abaixo estão listados sentimentos, sensações, problemas e experiências que as pessoas têm em alguns momentos. Leia cada item para determinar o quanto eles descrevem seus sentimentos e experiências atuais. Selecione a opção que melhor descreve o quanto você sentiu ou experienciou as coisas durante as duas últimas semanas, incluindo hoje. Use a seguinte escala para responder:","NA","Eu me senti muito pior de manhã do que no resto dia.","","Nada","1","Listed below are feelings, sensations, problems and experiences that people have at times. Read each item to decide how well it describes your current feelings and experiences. Select the option that best describes how much you felt or experienced these things during the past two weeks, including today. Use the following scale to answer:","","I felt much worse in the morning than during the rest of the day.","Not at all"
"idas_machado2024","main","IDAS6","Brazilian Version of the Inventory of Depression and Anxiety Symptoms","Portuguese","Abaixo estão listados sentimentos, sensações, problemas e experiências que as pessoas têm em alguns momentos. Leia cada item para determinar o quanto eles descrevem seus sentimentos e experiências atuais. Selecione a opção que melhor descreve o quanto você sentiu ou experienciou as coisas durante as duas últimas semanas, incluindo hoje. Use a seguinte escala para responder:","NA","Eu me senti exausto.","","Nada","1","Listed below are feelings, sensations, problems and experiences that people have at times. Read each item to decide how well it describes your current feelings and experiences. Select the option that best describes how much you felt or experienced these things during the past two weeks, including today. Use the following scale to answer:","","I felt exhausted.","Not at all"
"idas_machado2024","main","IDAS40","Brazilian Version of the Inventory of Depression and Anxiety Symptoms","Portuguese","Abaixo estão listados sentimentos, sensações, problemas e experiências que as pessoas têm em alguns momentos. Leia cada item para determinar o quanto eles descrevem seus sentimentos e experiências atuais. Selecione a opção que melhor descreve o quanto você sentiu ou experienciou as coisas durante as duas últimas semanas, incluindo hoje. Use a seguinte escala para responder:","NA","Eu me senti desencorajado em relação às coisas.","","Nada","1","Listed below are feelings, sensations, problems and experiences that people have at times. Read each item to decide how well it describes your current feelings and experiences. Select the option that best describes how much you felt or experienced these things during the past two weeks, including today. Use the following scale to answer:","","I felt discouraged about things.","Not at all"
"idas_machado2024","main","IDAS83","Brazilian Version of the Inventory of Depression and Anxiety Symptoms","Portuguese","Abaixo estão listados sentimentos, sensações, problemas e experiências que as pessoas têm em alguns momentos. Leia cada item para determinar o quanto eles descrevem seus sentimentos e experiências atuais. Selecione a opção que melhor descreve o quanto você sentiu ou experienciou as coisas durante as duas últimas semanas, incluindo hoje. Use a seguinte escala para responder:","NA","Meus pensamentos pularam rapidamente de uma ideia para outra.","","Nada","1","Listed below are feelings, sensations, problems and experiences that people have at times. Read each item to decide how well it describes your current feelings and experiences. Select the option that best describes how much you felt or experienced these things during the past two weeks, including today. Use the following scale to answer:","","My thoughts jumped quickly from one idea to another.","Not at all"
"idas_machado2024","main","IDAS47","Brazilian Version of the Inventory of Depression and Anxiety Symptoms","Portuguese","Abaixo estão listados sentimentos, sensações, problemas e experiências que as pessoas têm em alguns momentos. Leia cada item para determinar o quanto eles descrevem seus sentimentos e experiências atuais. Selecione a opção que melhor descreve o quanto você sentiu ou experienciou as coisas durante as duas últimas semanas, incluindo hoje. Use a seguinte escala para responder:","NA","Eu tive dificuldade para falar com pessoas que eu não conheço bem.","","Nada","1","Listed below are feelings, sensations, problems and experiences that people have at times. Read each item to decide how well it describes your current feelings and experiences. Select the option that best describes how much you felt or experienced these things during the past two weeks, including today. Use the following scale to answer:","","I had trouble talking to people I do not know well.","Not at all"
"idas_machado2024","main","IDAS20","Brazilian Version of the Inventory of Depression and Anxiety Symptoms","Portuguese","Abaixo estão listados sentimentos, sensações, problemas e experiências que as pessoas têm em alguns momentos. Leia cada item para determinar o quanto eles descrevem seus sentimentos e experiências atuais. Selecione a opção que melhor descreve o quanto você sentiu ou experienciou as coisas durante as duas últimas semanas, incluindo hoje. Use a seguinte escala para responder:","NA","Eu fiquei ansioso em ambientes públicos com muitas pessoas.","","Nada","1","Listed below are feelings, sensations, problems and experiences that people have at times. Read each item to decide how well it describes your current feelings and experiences. Select the option that best describes how much you felt or experienced these things during the past two weeks, including today. Use the following scale to answer:","","I felt anxious in public places with a lot of people.","Not at all"
"idas_machado2024","main","IDAS88","Brazilian Version of the Inventory of Depression and Anxiety Symptoms","Portuguese","Abaixo estão listados sentimentos, sensações, problemas e experiências que as pessoas têm em alguns momentos. Leia cada item para determinar o quanto eles descrevem seus sentimentos e experiências atuais. Selecione a opção que melhor descreve o quanto você sentiu ou experienciou as coisas durante as duas últimas semanas, incluindo hoje. Use a seguinte escala para responder:","NA","Eu tive tanta energia que foi difícil ficar sentado quieto.","","Nada","1","Listed below are feelings, sensations, problems and experiences that people have at times. Read each item to decide how well it describes your current feelings and experiences. Select the option that best describes how much you felt or experienced these things during the past two weeks, including today. Use the following scale to answer:","","I had so much energy that it was hard to sit still.","Not at all"
"idas_machado2024","main","IDAS79","Brazilian Version of the Inventory of Depression and Anxiety Symptoms","Portuguese","Abaixo estão listados sentimentos, sensações, problemas e experiências que as pessoas têm em alguns momentos. Leia cada item para determinar o quanto eles descrevem seus sentimentos e experiências atuais. Selecione a opção que melhor descreve o quanto você sentiu ou experienciou as coisas durante as duas últimas semanas, incluindo hoje. Use a seguinte escala para responder:","NA","Eu evitei situações que me trouxessem memórias ruins.","","Nada","1","Listed below are feelings, sensations, problems and experiences that people have at times. Read each item to decide how well it describes your current feelings and experiences. Select the option that best describes how much you felt or experienced these things during the past two weeks, including today. Use the following scale to answer:","","I avoided situations that would bring back bad memories.","Not at all"
"idas_machado2024","main","IDAS96","Brazilian Version of the Inventory of Depression and Anxiety Symptoms","Portuguese","Abaixo estão listados sentimentos, sensações, problemas e experiências que as pessoas têm em alguns momentos. Leia cada item para determinar o quanto eles descrevem seus sentimentos e experiências atuais. Selecione a opção que melhor descreve o quanto você sentiu ou experienciou as coisas durante as duas últimas semanas, incluindo hoje. Use a seguinte escala para responder:","NA","Eu evitei usar banheiros públicos.","","Nada","1","Listed below are feelings, sensations, problems and experiences that people have at times. Read each item to decide how well it describes your current feelings and experiences. Select the option that best describes how much you felt or experienced these things during the past two weeks, including today. Use the following scale to answer:","","I avoided using public toilets.","Not at all"
"idas_machado2024","main","IDAS24","Brazilian Version of the Inventory of Depression and Anxiety Symptoms","Portuguese","Abaixo estão listados sentimentos, sensações, problemas e experiências que as pessoas têm em alguns momentos. Leia cada item para determinar o quanto eles descrevem seus sentimentos e experiências atuais. Selecione a opção que melhor descreve o quanto você sentiu ou experienciou as coisas durante as duas últimas semanas, incluindo hoje. Use a seguinte escala para responder:","NA","Eu comi quando não estava sentindo fome.","","Nada","1","Listed below are feelings, sensations, problems and experiences that people have at times. Read each item to decide how well it describes your current feelings and experiences. Select the option that best describes how much you felt or experienced these things during the past two weeks, including today. Use the following scale to answer:","","I ate when I was not hungry.","Not at all"
"idas_machado2024","main","IDAS19","Brazilian Version of the Inventory of Depression and Anxiety Symptoms","Portuguese","Abaixo estão listados sentimentos, sensações, problemas e experiências que as pessoas têm em alguns momentos. Leia cada item para determinar o quanto eles descrevem seus sentimentos e experiências atuais. Selecione a opção que melhor descreve o quanto você sentiu ou experienciou as coisas durante as duas últimas semanas, incluindo hoje. Use a seguinte escala para responder:","NA","Eu pensei muito em comida.","","Nada","1","Listed below are feelings, sensations, problems and experiences that people have at times. Read each item to decide how well it describes your current feelings and experiences. Select the option that best describes how much you felt or experienced these things during the past two weeks, including today. Use the following scale to answer:","","I thought about food a lot.","Not at all"
"idas_machado2024","main","IDAS23","Brazilian Version of the Inventory of Depression and Anxiety Symptoms","Portuguese","Abaixo estão listados sentimentos, sensações, problemas e experiências que as pessoas têm em alguns momentos. Leia cada item para determinar o quanto eles descrevem seus sentimentos e experiências atuais. Selecione a opção que melhor descreve o quanto você sentiu ou experienciou as coisas durante as duas últimas semanas, incluindo hoje. Use a seguinte escala para responder:","NA","Eu senti que tinha conquistado muitas coisas.","","Nada","1","Listed below are feelings, sensations, problems and experiences that people have at times. Read each item to decide how well it describes your current feelings and experiences. Select the option that best describes how much you felt or experienced these things during the past two weeks, including today. Use the following scale to answer:","","I felt that I had accomplished a lot.","Not at all"
"idas_machado2024","main","IDAS91","Brazilian Version of the Inventory of Depression and Anxiety Symptoms","Portuguese","Abaixo estão listados sentimentos, sensações, problemas e experiências que as pessoas têm em alguns momentos. Leia cada item para determinar o quanto eles descrevem seus sentimentos e experiências atuais. Selecione a opção que melhor descreve o quanto você sentiu ou experienciou as coisas durante as duas últimas semanas, incluindo hoje. Use a seguinte escala para responder:","NA","Eu tive que me limpar, pois me senti contaminado.","","Nada","1","Listed below are feelings, sensations, problems and experiences that people have at times. Read each item to decide how well it describes your current feelings and experiences. Select the option that best describes how much you felt or experienced these things during the past two weeks, including today. Use the following scale to answer:","","I had to clean myself because I felt contaminated.","Not at all"
"idas_machado2024","main","IDAS25","Brazilian Version of the Inventory of Depression and Anxiety Symptoms","Portuguese","Abaixo estão listados sentimentos, sensações, problemas e experiências que as pessoas têm em alguns momentos. Leia cada item para determinar o quanto eles descrevem seus sentimentos e experiências atuais. Selecione a opção que melhor descreve o quanto você sentiu ou experienciou as coisas durante as duas últimas semanas, incluindo hoje. Use a seguinte escala para responder:","NA","Eu acordei muito mais cedo que o habitual.","","Nada","1","Listed below are feelings, sensations, problems and experiences that people have at times. Read each item to decide how well it describes your current feelings and experiences. Select the option that best describes how much you felt or experienced these things during the past two weeks, including today. Use the following scale to answer:","","I woke up much earlier than usual.","Not at all"
"idas_machado2024","main","IDAS14","Brazilian Version of the Inventory of Depression and Anxiety Symptoms","Portuguese","Abaixo estão listados sentimentos, sensações, problemas e experiências que as pessoas têm em alguns momentos. Leia cada item para determinar o quanto eles descrevem seus sentimentos e experiências atuais. Selecione a opção que melhor descreve o quanto você sentiu ou experienciou as coisas durante as duas últimas semanas, incluindo hoje. Use a seguinte escala para responder:","NA","Eu tive pensamentos perturbadores sobre coisas ruins que aconteceram comigo.","","Nada","1","Listed below are feelings, sensations, problems and experiences that people have at times. Read each item to decide how well it describes your current feelings and experiences. Select the option that best describes how much you felt or experienced these things during the past two weeks, including today. Use the following scale to answer:","","I had disturbing thoughts about bad things that happened to me.","Not at all"
"idas_machado2024","main","IDAS93","Brazilian Version of the Inventory of Depression and Anxiety Symptoms","Portuguese","Abaixo estão listados sentimentos, sensações, problemas e experiências que as pessoas têm em alguns momentos. Leia cada item para determinar o quanto eles descrevem seus sentimentos e experiências atuais. Selecione a opção que melhor descreve o quanto você sentiu ou experienciou as coisas durante as duas últimas semanas, incluindo hoje. Use a seguinte escala para responder:","NA","Eu evitei falar de experiências ruins do meu passado.","","Nada","1","Listed below are feelings, sensations, problems and experiences that people have at times. Read each item to decide how well it describes your current feelings and experiences. Select the option that best describes how much you felt or experienced these things during the past two weeks, including today. Use the following scale to answer:","","I avoided talking about bad experiences from my past.","Not at all"
"idas_machado2024","main","IDAS53","Brazilian Version of the Inventory of Depression and Anxiety Symptoms","Portuguese","Abaixo estão listados sentimentos, sensações, problemas e experiências que as pessoas têm em alguns momentos. Leia cada item para determinar o quanto eles descrevem seus sentimentos e experiências atuais. Selecione a opção que melhor descreve o quanto você sentiu ou experienciou as coisas durante as duas últimas semanas, incluindo hoje. Use a seguinte escala para responder:","NA","Eu esperei ansiosamente por muitas coisas.","","Nada","1","Listed below are feelings, sensations, problems and experiences that people have at times. Read each item to decide how well it describes your current feelings and experiences. Select the option that best describes how much you felt or experienced these things during the past two weeks, including today. Use the following scale to answer:","","I looked forward to many things.","Not at all"
"idas_machado2024","main","IDAS86","Brazilian Version of the Inventory of Depression and Anxiety Symptoms","Portuguese","Abaixo estão listados sentimentos, sensações, problemas e experiências que as pessoas têm em alguns momentos. Leia cada item para determinar o quanto eles descrevem seus sentimentos e experiências atuais. Selecione a opção que melhor descreve o quanto você sentiu ou experienciou as coisas durante as duas últimas semanas, incluindo hoje. Use a seguinte escala para responder:","NA","Eu tive dificuldade em tocar uma coisa que estava suja.","","Nada","1","Listed below are feelings, sensations, problems and experiences that people have at times. Read each item to decide how well it describes your current feelings and experiences. Select the option that best describes how much you felt or experienced these things during the past two weeks, including today. Use the following scale to answer:","","I had difficulty touching something that was dirty.","Not at all"
"idas_machado2024","main","IDAS57","Brazilian Version of the Inventory of Depression and Anxiety Symptoms","Portuguese","Abaixo estão listados sentimentos, sensações, problemas e experiências que as pessoas têm em alguns momentos. Leia cada item para determinar o quanto eles descrevem seus sentimentos e experiências atuais. Selecione a opção que melhor descreve o quanto você sentiu ou experienciou as coisas durante as duas últimas semanas, incluindo hoje. Use a seguinte escala para responder:","NA","Eu falei mais devagar do que falo geralmente.","","Nada","1","Listed below are feelings, sensations, problems and experiences that people have at times. Read each item to decide how well it describes your current feelings and experiences. Select the option that best describes how much you felt or experienced these things during the past two weeks, including today. Use the following scale to answer:","","I spoke more slowly than I usually do.","Not at all"
"idas_machado2024","main","IDAS66","Brazilian Version of the Inventory of Depression and Anxiety Symptoms","Portuguese","Abaixo estão listados sentimentos, sensações, problemas e experiências que as pessoas têm em alguns momentos. Leia cada item para determinar o quanto eles descrevem seus sentimentos e experiências atuais. Selecione a opção que melhor descreve o quanto você sentiu ou experienciou as coisas durante as duas últimas semanas, incluindo hoje. Use a seguinte escala para responder:","NA","Eu lavei minhas mãos excessivamente.","","Nada","1","Listed below are feelings, sensations, problems and experiences that people have at times. Read each item to decide how well it describes your current feelings and experiences. Select the option that best describes how much you felt or experienced these things during the past two weeks, including today. Use the following scale to answer:","","I washed my hands excessively.","Not at all"
"idas_machado2024","main","IDAS17","Brazilian Version of the Inventory of Depression and Anxiety Symptoms","Portuguese","Abaixo estão listados sentimentos, sensações, problemas e experiências que as pessoas têm em alguns momentos. Leia cada item para determinar o quanto eles descrevem seus sentimentos e experiências atuais. Selecione a opção que melhor descreve o quanto você sentiu ou experienciou as coisas durante as duas últimas semanas, incluindo hoje. Use a seguinte escala para responder:","NA","Eu acordei cedo e não consegui voltar a dormir.","","Nada","1","Listed below are feelings, sensations, problems and experiences that people have at times. Read each item to decide how well it describes your current feelings and experiences. Select the option that best describes how much you felt or experienced these things during the past two weeks, including today. Use the following scale to answer:","","I woke early and could not get back to sleep.","Not at all"
"idas_machado2024","main","IDAS32","Brazilian Version of the Inventory of Depression and Anxiety Symptoms","Portuguese","Abaixo estão listados sentimentos, sensações, problemas e experiências que as pessoas têm em alguns momentos. Leia cada item para determinar o quanto eles descrevem seus sentimentos e experiências atuais. Selecione a opção que melhor descreve o quanto você sentiu ou experienciou as coisas durante as duas últimas semanas, incluindo hoje. Use a seguinte escala para responder:","NA","Eu tive tremores.","","Nada","1","Listed below are feelings, sensations, problems and experiences that people have at times. Read each item to decide how well it describes your current feelings and experiences. Select the option that best describes how much you felt or experienced these things during the past two weeks, including today. Use the following scale to answer:","","I had tremors or shaking.","Not at all"
"idas_machado2024","main","IDAS72","Brazilian Version of the Inventory of Depression and Anxiety Symptoms","Portuguese","Abaixo estão listados sentimentos, sensações, problemas e experiências que as pessoas têm em alguns momentos. Leia cada item para determinar o quanto eles descrevem seus sentimentos e experiências atuais. Selecione a opção que melhor descreve o quanto você sentiu ou experienciou as coisas durante as duas últimas semanas, incluindo hoje. Use a seguinte escala para responder:","NA","Eu me senti muito animado e feliz sem nenhum motivo especial.","","Nada","1","Listed below are feelings, sensations, problems and experiences that people have at times. Read each item to decide how well it describes your current feelings and experiences. Select the option that best describes how much you felt or experienced these things during the past two weeks, including today. Use the following scale to answer:","","I felt very excited and happy for no particular reason.","Not at all"
"idas_machado2024","main","IDAS55","Brazilian Version of the Inventory of Depression and Anxiety Symptoms","Portuguese","Abaixo estão listados sentimentos, sensações, problemas e experiências que as pessoas têm em alguns momentos. Leia cada item para determinar o quanto eles descrevem seus sentimentos e experiências atuais. Selecione a opção que melhor descreve o quanto você sentiu ou experienciou as coisas durante as duas últimas semanas, incluindo hoje. Use a seguinte escala para responder:","NA","Eu me senti lento, sonolento.","","Nada","1","Listed below are feelings, sensations, problems and experiences that people have at times. Read each item to decide how well it describes your current feelings and experiences. Select the option that best describes how much you felt or experienced these things during the past two weeks, including today. Use the following scale to answer:","","I felt slowed down, drowsy.","Not at all"
"idas_machado2024","main","IDAS2","Brazilian Version of the Inventory of Depression and Anxiety Symptoms","Portuguese","Abaixo estão listados sentimentos, sensações, problemas e experiências que as pessoas têm em alguns momentos. Leia cada item para determinar o quanto eles descrevem seus sentimentos e experiências atuais. Selecione a opção que melhor descreve o quanto você sentiu ou experienciou as coisas durante as duas últimas semanas, incluindo hoje. Use a seguinte escala para responder:","NA","Eu tive pouco interesse em minhas atividades diárias e hobbies.","","Nada","1","Listed below are feelings, sensations, problems and experiences that people have at times. Read each item to decide how well it describes your current feelings and experiences. Select the option that best describes how much you felt or experienced these things during the past two weeks, including today. Use the following scale to answer:","","I had little interest in my daily activities and hobbies.","Not at all"
"idas_machado2024","main","IDAS64","Brazilian Version of the Inventory of Depression and Anxiety Symptoms","Portuguese","Abaixo estão listados sentimentos, sensações, problemas e experiências que as pessoas têm em alguns momentos. Leia cada item para determinar o quanto eles descrevem seus sentimentos e experiências atuais. Selecione a opção que melhor descreve o quanto você sentiu ou experienciou as coisas durante as duas últimas semanas, incluindo hoje. Use a seguinte escala para responder:","NA","Eu senti como se eu tivesse muita energia.","","Nada","1","Listed below are feelings, sensations, problems and experiences that people have at times. Read each item to decide how well it describes your current feelings and experiences. Select the option that best describes how much you felt or experienced these things during the past two weeks, including today. Use the following scale to answer:","","I felt as if I had a lot of energy.","Not at all"
"idas_machado2024","main","IDAS80","Brazilian Version of the Inventory of Depression and Anxiety Symptoms","Portuguese","Abaixo estão listados sentimentos, sensações, problemas e experiências que as pessoas têm em alguns momentos. Leia cada item para determinar o quanto eles descrevem seus sentimentos e experiências atuais. Selecione a opção que melhor descreve o quanto você sentiu ou experienciou as coisas durante as duas últimas semanas, incluindo hoje. Use a seguinte escala para responder:","NA","Eu tive medo de ficar preso no meio de uma multidão.","","Nada","1","Listed below are feelings, sensations, problems and experiences that people have at times. Read each item to decide how well it describes your current feelings and experiences. Select the option that best describes how much you felt or experienced these things during the past two weeks, including today. Use the following scale to answer:","","I was afraid of getting trapped in a crowd.","Not at all"
"idas_machado2024","main","IDAS89","Brazilian Version of the Inventory of Depression and Anxiety Symptoms","Portuguese","Abaixo estão listados sentimentos, sensações, problemas e experiências que as pessoas têm em alguns momentos. Leia cada item para determinar o quanto eles descrevem seus sentimentos e experiências atuais. Selecione a opção que melhor descreve o quanto você sentiu ou experienciou as coisas durante as duas últimas semanas, incluindo hoje. Use a seguinte escala para responder:","NA","Eu tentei ignorar lembranças que me deixam chateado.","","Nada","1","Listed below are feelings, sensations, problems and experiences that people have at times. Read each item to decide how well it describes your current feelings and experiences. Select the option that best describes how much you felt or experienced these things during the past two weeks, including today. Use the following scale to answer:","","I tried to ignore memories that upset me.","Not at all"
"idas_machado2024","main","IDAS10","Brazilian Version of the Inventory of Depression and Anxiety Symptoms","Portuguese","Abaixo estão listados sentimentos, sensações, problemas e experiências que as pessoas têm em alguns momentos. Leia cada item para determinar o quanto eles descrevem seus sentimentos e experiências atuais. Selecione a opção que melhor descreve o quanto você sentiu ou experienciou as coisas durante as duas últimas semanas, incluindo hoje. Use a seguinte escala para responder:","NA","Eu tive orgulho de mim.","","Nada","1","Listed below are feelings, sensations, problems and experiences that people have at times. Read each item to decide how well it describes your current feelings and experiences. Select the option that best describes how much you felt or experienced these things during the past two weeks, including today. Use the following scale to answer:","","I felt proud of myself.","Not at all"
"idas_machado2024","main","IDAS41","Brazilian Version of the Inventory of Depression and Anxiety Symptoms","Portuguese","Abaixo estão listados sentimentos, sensações, problemas e experiências que as pessoas têm em alguns momentos. Leia cada item para determinar o quanto eles descrevem seus sentimentos e experiências atuais. Selecione a opção que melhor descreve o quanto você sentiu ou experienciou as coisas durante as duas últimas semanas, incluindo hoje. Use a seguinte escala para responder:","NA","Eu tive dificuldades em manter contato visual com as pessoas.","","Nada","1","Listed below are feelings, sensations, problems and experiences that people have at times. Read each item to decide how well it describes your current feelings and experiences. Select the option that best describes how much you felt or experienced these things during the past two weeks, including today. Use the following scale to answer:","","I had trouble making eye contact with people.","Not at all"
"idas_machado2024","main","IDAS48","Brazilian Version of the Inventory of Depression and Anxiety Symptoms","Portuguese","Abaixo estão listados sentimentos, sensações, problemas e experiências que as pessoas têm em alguns momentos. Leia cada item para determinar o quanto eles descrevem seus sentimentos e experiências atuais. Selecione a opção que melhor descreve o quanto você sentiu ou experienciou as coisas durante as duas últimas semanas, incluindo hoje. Use a seguinte escala para responder:","NA","Eu fiquei preocupado o tempo todo.","","Nada","1","Listed below are feelings, sensations, problems and experiences that people have at times. Read each item to decide how well it describes your current feelings and experiences. Select the option that best describes how much you felt or experienced these things during the past two weeks, including today. Use the following scale to answer:","","I worried all the time.","Not at all"
"idas_machado2024","main","IDAS95","Brazilian Version of the Inventory of Depression and Anxiety Symptoms","Portuguese","Abaixo estão listados sentimentos, sensações, problemas e experiências que as pessoas têm em alguns momentos. Leia cada item para determinar o quanto eles descrevem seus sentimentos e experiências atuais. Selecione a opção que melhor descreve o quanto você sentiu ou experienciou as coisas durante as duas últimas semanas, incluindo hoje. Use a seguinte escala para responder:","NA","Eu tive pequenos rituais ou hábitos que tomaram muito do meu tempo.","","Um pouco","2","Listed below are feelings, sensations, problems and experiences that people have at times. Read each item to decide how well it describes your current feelings and experiences. Select the option that best describes how much you felt or experienced these things during the past two weeks, including today. Use the following scale to answer:","","I had small rituals or habits that took up a lot of my time.","A little"
"idas_machado2024","main","IDAS50","Brazilian Version of the Inventory of Depression and Anxiety Symptoms","Portuguese","Abaixo estão listados sentimentos, sensações, problemas e experiências que as pessoas têm em alguns momentos. Leia cada item para determinar o quanto eles descrevem seus sentimentos e experiências atuais. Selecione a opção que melhor descreve o quanto você sentiu ou experienciou as coisas durante as duas últimas semanas, incluindo hoje. Use a seguinte escala para responder:","NA","Eu me senti esperançoso sobre o futuro.","","Um pouco","2","Listed below are feelings, sensations, problems and experiences that people have at times. Read each item to decide how well it describes your current feelings and experiences. Select the option that best describes how much you felt or experienced these things during the past two weeks, including today. Use the following scale to answer:","","I felt hopeful about the future.","A little"
"idas_machado2024","main","IDAS89","Brazilian Version of the Inventory of Depression and Anxiety Symptoms","Portuguese","Abaixo estão listados sentimentos, sensações, problemas e experiências que as pessoas têm em alguns momentos. Leia cada item para determinar o quanto eles descrevem seus sentimentos e experiências atuais. Selecione a opção que melhor descreve o quanto você sentiu ou experienciou as coisas durante as duas últimas semanas, incluindo hoje. Use a seguinte escala para responder:","NA","Eu tentei ignorar lembranças que me deixam chateado.","","Um pouco","2","Listed below are feelings, sensations, problems and experiences that people have at times. Read each item to decide how well it describes your current feelings and experiences. Select the option that best describes how much you felt or experienced these things during the past two weeks, including today. Use the following scale to answer:","","I tried to ignore memories that upset me.","A little"
"idas_machado2024","main","IDAS87","Brazilian Version of the Inventory of Depression and Anxiety Symptoms","Portuguese","Abaixo estão listados sentimentos, sensações, problemas e experiências que as pessoas têm em alguns momentos. Leia cada item para determinar o quanto eles descrevem seus sentimentos e experiências atuais. Selecione a opção que melhor descreve o quanto você sentiu ou experienciou as coisas durante as duas últimas semanas, incluindo hoje. Use a seguinte escala para responder:","NA","Foi difícil acompanhar meus pensamentos, pois eles estavam acontecendo muito rapidamente.","","Um pouco","2","Listed below are feelings, sensations, problems and experiences that people have at times. Read each item to decide how well it describes your current feelings and experiences. Select the option that best describes how much you felt or experienced these things during the past two weeks, including today. Use the following scale to answer:","","It was hard to keep up with my thoughts, they were coming so fast.","A little"
"idas_machado2024","main","IDAS70","Brazilian Version of the Inventory of Depression and Anxiety Symptoms","Portuguese","Abaixo estão listados sentimentos, sensações, problemas e experiências que as pessoas têm em alguns momentos. Leia cada item para determinar o quanto eles descrevem seus sentimentos e experiências atuais. Selecione a opção que melhor descreve o quanto você sentiu ou experienciou as coisas durante as duas últimas semanas, incluindo hoje. Use a seguinte escala para responder:","NA","Eu me preocupei muito com germes.","","Um pouco","2","Listed below are feelings, sensations, problems and experiences that people have at times. Read each item to decide how well it describes your current feelings and experiences. Select the option that best describes how much you felt or experienced these things during the past two weeks, including today. Use the following scale to answer:","","I worried a lot about germs.","A little"
"idas_machado2024","main","IDAS79","Brazilian Version of the Inventory of Depression and Anxiety Symptoms","Portuguese","Abaixo estão listados sentimentos, sensações, problemas e experiências que as pessoas têm em alguns momentos. Leia cada item para determinar o quanto eles descrevem seus sentimentos e experiências atuais. Selecione a opção que melhor descreve o quanto você sentiu ou experienciou as coisas durante as duas últimas semanas, incluindo hoje. Use a seguinte escala para responder:","NA","Eu evitei situações que me trouxessem memórias ruins.","","Um pouco","2","Listed below are feelings, sensations, problems and experiences that people have at times. Read each item to decide how well it describes your current feelings and experiences. Select the option that best describes how much you felt or experienced these things during the past two weeks, including today. Use the following scale to answer:","","I avoided situations that would bring back bad memories.","A little"
"idas_machado2024","main","IDAS47","Brazilian Version of the Inventory of Depression and Anxiety Symptoms","Portuguese","Abaixo estão listados sentimentos, sensações, problemas e experiências que as pessoas têm em alguns momentos. Leia cada item para determinar o quanto eles descrevem seus sentimentos e experiências atuais. Selecione a opção que melhor descreve o quanto você sentiu ou experienciou as coisas durante as duas últimas semanas, incluindo hoje. Use a seguinte escala para responder:","NA","Eu tive dificuldade para falar com pessoas que eu não conheço bem.","","Um pouco","2","Listed below are feelings, sensations, problems and experiences that people have at times. Read each item to decide how well it describes your current feelings and experiences. Select the option that best describes how much you felt or experienced these things during the past two weeks, including today. Use the following scale to answer:","","I had trouble talking to people I do not know well.","A little"
"idas_machado2024","main","IDAS93","Brazilian Version of the Inventory of Depression and Anxiety Symptoms","Portuguese","Abaixo estão listados sentimentos, sensações, problemas e experiências que as pessoas têm em alguns momentos. Leia cada item para determinar o quanto eles descrevem seus sentimentos e experiências atuais. Selecione a opção que melhor descreve o quanto você sentiu ou experienciou as coisas durante as duas últimas semanas, incluindo hoje. Use a seguinte escala para responder:","NA","Eu evitei falar de experiências ruins do meu passado.","","Um pouco","2","Listed below are feelings, sensations, problems and experiences that people have at times. Read each item to decide how well it describes your current feelings and experiences. Select the option that best describes how much you felt or experienced these things during the past two weeks, including today. Use the following scale to answer:","","I avoided talking about bad experiences from my past.","A little"
"idas_machado2024","main","IDAS67","Brazilian Version of the Inventory of Depression and Anxiety Symptoms","Portuguese","Abaixo estão listados sentimentos, sensações, problemas e experiências que as pessoas têm em alguns momentos. Leia cada item para determinar o quanto eles descrevem seus sentimentos e experiências atuais. Selecione a opção que melhor descreve o quanto você sentiu ou experienciou as coisas durante as duas últimas semanas, incluindo hoje. Use a seguinte escala para responder:","NA","Eu fiquei mudando rapidamente de uma atividade para a próxima.","","Um pouco","2","Listed below are feelings, sensations, problems and experiences that people have at times. Read each item to decide how well it describes your current feelings and experiences. Select the option that best describes how much you felt or experienced these things during the past two weeks, including today. Use the following scale to answer:","","I kept switching quickly from one activity to the next.","A little"
"idas_machado2024","main","IDAS99","Brazilian Version of the Inventory of Depression and Anxiety Symptoms","Portuguese","Abaixo estão listados sentimentos, sensações, problemas e experiências que as pessoas têm em alguns momentos. Leia cada item para determinar o quanto eles descrevem seus sentimentos e experiências atuais. Selecione a opção que melhor descreve o quanto você sentiu ou experienciou as coisas durante as duas últimas semanas, incluindo hoje. Use a seguinte escala para responder:","NA","Eu me senti ansioso sobre falar em público.","","Um pouco","2","Listed below are feelings, sensations, problems and experiences that people have at times. Read each item to decide how well it describes your current feelings and experiences. Select the option that best describes how much you felt or experienced these things during the past two weeks, including today. Use the following scale to answer:","","I felt anxious about speaking in public.","A little"
"idas_machado2024","main","IDAS68","Brazilian Version of the Inventory of Depression and Anxiety Symptoms","Portuguese","Abaixo estão listados sentimentos, sensações, problemas e experiências que as pessoas têm em alguns momentos. Leia cada item para determinar o quanto eles descrevem seus sentimentos e experiências atuais. Selecione a opção que melhor descreve o quanto você sentiu ou experienciou as coisas durante as duas últimas semanas, incluindo hoje. Use a seguinte escala para responder:","NA","Eu fiquei checando as coisas de novo, e de novo.","","Um pouco","2","Listed below are feelings, sensations, problems and experiences that people have at times. Read each item to decide how well it describes your current feelings and experiences. Select the option that best describes how much you felt or experienced these things during the past two weeks, including today. Use the following scale to answer:","","I checked things over and over again.","A little"
"idas_machado2024","main","IDAS57","Brazilian Version of the Inventory of Depression and Anxiety Symptoms","Portuguese","Abaixo estão listados sentimentos, sensações, problemas e experiências que as pessoas têm em alguns momentos. Leia cada item para determinar o quanto eles descrevem seus sentimentos e experiências atuais. Selecione a opção que melhor descreve o quanto você sentiu ou experienciou as coisas durante as duas últimas semanas, incluindo hoje. Use a seguinte escala para responder:","NA","Eu falei mais devagar do que falo geralmente.","","Um pouco","2","Listed below are feelings, sensations, problems and experiences that people have at times. Read each item to decide how well it describes your current feelings and experiences. Select the option that best describes how much you felt or experienced these things during the past two weeks, including today. Use the following scale to answer:","","I spoke more slowly than I usually do.","A little"
"idas_machado2024","main","IDAS28","Brazilian Version of the Inventory of Depression and Anxiety Symptoms","Portuguese","Abaixo estão listados sentimentos, sensações, problemas e experiências que as pessoas têm em alguns momentos. Leia cada item para determinar o quanto eles descrevem seus sentimentos e experiências atuais. Selecione a opção que melhor descreve o quanto você sentiu ou experienciou as coisas durante as duas últimas semanas, incluindo hoje. Use a seguinte escala para responder:","NA","Eu tive pesadelos que me lembraram de uma coisa ruim que aconteceu.","","Um pouco","2","Listed below are feelings, sensations, problems and experiences that people have at times. Read each item to decide how well it describes your current feelings and experiences. Select the option that best describes how much you felt or experienced these things during the past two weeks, including today. Use the following scale to answer:","","I had nightmares that reminded me of something bad that happened.","A little"
"idas_machado2024","main","IDAS34","Brazilian Version of the Inventory of Depression and Anxiety Symptoms","Portuguese","Abaixo estão listados sentimentos, sensações, problemas e experiências que as pessoas têm em alguns momentos. Leia cada item para determinar o quanto eles descrevem seus sentimentos e experiências atuais. Selecione a opção que melhor descreve o quanto você sentiu ou experienciou as coisas durante as duas últimas semanas, incluindo hoje. Use a seguinte escala para responder:","NA","Eu tive lembranças de uma coisa assustadora que aconteceu.","","Um pouco","2","Listed below are feelings, sensations, problems and experiences that people have at times. Read each item to decide how well it describes your current feelings and experiences. Select the option that best describes how much you felt or experienced these things during the past two weeks, including today. Use the following scale to answer:","","I had memories of something frightening that happened.","A little"
"idas_machado2024","main","IDAS39","Brazilian Version of the Inventory of Depression and Anxiety Symptoms","Portuguese","Abaixo estão listados sentimentos, sensações, problemas e experiências que as pessoas têm em alguns momentos. Leia cada item para determinar o quanto eles descrevem seus sentimentos e experiências atuais. Selecione a opção que melhor descreve o quanto você sentiu ou experienciou as coisas durante as duas últimas semanas, incluindo hoje. Use a seguinte escala para responder:","NA","Eu senti como se fosse desmaiar.","","Um pouco","2","Listed below are feelings, sensations, problems and experiences that people have at times. Read each item to decide how well it describes your current feelings and experiences. Select the option that best describes how much you felt or experienced these things during the past two weeks, including today. Use the following scale to answer:","","I felt as if I were going to faint.","A little"
"idas_machado2024","main","IDAS63","Brazilian Version of the Inventory of Depression and Anxiety Symptoms","Portuguese","Abaixo estão listados sentimentos, sensações, problemas e experiências que as pessoas têm em alguns momentos. Leia cada item para determinar o quanto eles descrevem seus sentimentos e experiências atuais. Selecione a opção que melhor descreve o quanto você sentiu ou experienciou as coisas durante as duas últimas semanas, incluindo hoje. Use a seguinte escala para responder:","NA","Eu comi mais do que o habitual.","","Um pouco","2","Listed below are feelings, sensations, problems and experiences that people have at times. Read each item to decide how well it describes your current feelings and experiences. Select the option that best describes how much you felt or experienced these things during the past two weeks, including today. Use the following scale to answer:","","I ate more than usual.","A little"
"idas_machado2024","main","IDAS80","Brazilian Version of the Inventory of Depression and Anxiety Symptoms","Portuguese","Abaixo estão listados sentimentos, sensações, problemas e experiências que as pessoas têm em alguns momentos. Leia cada item para determinar o quanto eles descrevem seus sentimentos e experiências atuais. Selecione a opção que melhor descreve o quanto você sentiu ou experienciou as coisas durante as duas últimas semanas, incluindo hoje. Use a seguinte escala para responder:","NA","Eu tive medo de ficar preso no meio de uma multidão.","","Um pouco","2","Listed below are feelings, sensations, problems and experiences that people have at times. Read each item to decide how well it describes your current feelings and experiences. Select the option that best describes how much you felt or experienced these things during the past two weeks, including today. Use the following scale to answer:","","I was afraid of getting trapped in a crowd.","A little"
"idas_machado2024","main","IDAS61","Brazilian Version of the Inventory of Depression and Anxiety Symptoms","Portuguese","Abaixo estão listados sentimentos, sensações, problemas e experiências que as pessoas têm em alguns momentos. Leia cada item para determinar o quanto eles descrevem seus sentimentos e experiências atuais. Selecione a opção que melhor descreve o quanto você sentiu ou experienciou as coisas durante as duas últimas semanas, incluindo hoje. Use a seguinte escala para responder:","NA","Eu tive problemas para me concentrar.","","Um pouco","2","Listed below are feelings, sensations, problems and experiences that people have at times. Read each item to decide how well it describes your current feelings and experiences. Select the option that best describes how much you felt or experienced these things during the past two weeks, including today. Use the following scale to answer:","","I had trouble concentrating.","A little"
"idas_machado2024","main","IDAS86","Brazilian Version of the Inventory of Depression and Anxiety Symptoms","Portuguese","Abaixo estão listados sentimentos, sensações, problemas e experiências que as pessoas têm em alguns momentos. Leia cada item para determinar o quanto eles descrevem seus sentimentos e experiências atuais. Selecione a opção que melhor descreve o quanto você sentiu ou experienciou as coisas durante as duas últimas semanas, incluindo hoje. Use a seguinte escala para responder:","NA","Eu tive dificuldade em tocar uma coisa que estava suja.","","Um pouco","2","Listed below are feelings, sensations, problems and experiences that people have at times. Read each item to decide how well it describes your current feelings and experiences. Select the option that best describes how much you felt or experienced these things during the past two weeks, including today. Use the following scale to answer:","","I had difficulty touching something that was dirty.","A little"
"idas_machado2024","main","IDAS81","Brazilian Version of the Inventory of Depression and Anxiety Symptoms","Portuguese","Abaixo estão listados sentimentos, sensações, problemas e experiências que as pessoas têm em alguns momentos. Leia cada item para determinar o quanto eles descrevem seus sentimentos e experiências atuais. Selecione a opção que melhor descreve o quanto você sentiu ou experienciou as coisas durante as duas últimas semanas, incluindo hoje. Use a seguinte escala para responder:","NA","Eu senti a urgência de checar, para ter certeza se eu tinha feito uma coisa.","","Um pouco","2","Listed below are feelings, sensations, problems and experiences that people have at times. Read each item to decide how well it describes your current feelings and experiences. Select the option that best describes how much you felt or experienced these things during the past two weeks, including today. Use the following scale to answer:","","I felt an urge to check, to be sure I had done something.","A little"
"idas_machado2024","main","IDAS98","Brazilian Version of the Inventory of Depression and Anxiety Symptoms","Portuguese","Abaixo estão listados sentimentos, sensações, problemas e experiências que as pessoas têm em alguns momentos. Leia cada item para determinar o quanto eles descrevem seus sentimentos e experiências atuais. Selecione a opção que melhor descreve o quanto você sentiu ou experienciou as coisas durante as duas últimas semanas, incluindo hoje. Use a seguinte escala para responder:","NA","Eu usei objetos (como uma toalha) para evitar tocar diretamente nas coisas.","","Um pouco","2","Listed below are feelings, sensations, problems and experiences that people have at times. Read each item to decide how well it describes your current feelings and experiences. Select the option that best describes how much you felt or experienced these things during the past two weeks, including today. Use the following scale to answer:","","I used objects (such as a towel) to avoid touching things directly.","A little"
"idas_machado2024","main","IDAS23","Brazilian Version of the Inventory of Depression and Anxiety Symptoms","Portuguese","Abaixo estão listados sentimentos, sensações, problemas e experiências que as pessoas têm em alguns momentos. Leia cada item para determinar o quanto eles descrevem seus sentimentos e experiências atuais. Selecione a opção que melhor descreve o quanto você sentiu ou experienciou as coisas durante as duas últimas semanas, incluindo hoje. Use a seguinte escala para responder:","NA","Eu senti que tinha conquistado muitas coisas.","","Um pouco","2","Listed below are feelings, sensations, problems and experiences that people have at times. Read each item to decide how well it describes your current feelings and experiences. Select the option that best describes how much you felt or experienced these things during the past two weeks, including today. Use the following scale to answer:","","I felt that I had accomplished a lot.","A little"
"idas_machado2024","main","IDAS32","Brazilian Version of the Inventory of Depression and Anxiety Symptoms","Portuguese","Abaixo estão listados sentimentos, sensações, problemas e experiências que as pessoas têm em alguns momentos. Leia cada item para determinar o quanto eles descrevem seus sentimentos e experiências atuais. Selecione a opção que melhor descreve o quanto você sentiu ou experienciou as coisas durante as duas últimas semanas, incluindo hoje. Use a seguinte escala para responder:","NA","Eu tive tremores.","","Um pouco","2","Listed below are feelings, sensations, problems and experiences that people have at times. Read each item to decide how well it describes your current feelings and experiences. Select the option that best describes how much you felt or experienced these things during the past two weeks, including today. Use the following scale to answer:","","I had tremors or shaking.","A little"
"idas_machado2024","main","IDAS49","Brazilian Version of the Inventory of Depression and Anxiety Symptoms","Portuguese","Abaixo estão listados sentimentos, sensações, problemas e experiências que as pessoas têm em alguns momentos. Leia cada item para determinar o quanto eles descrevem seus sentimentos e experiências atuais. Selecione a opção que melhor descreve o quanto você sentiu ou experienciou as coisas durante as duas últimas semanas, incluindo hoje. Use a seguinte escala para responder:","NA","Eu estive com a boca muito seca.","","Um pouco","2","Listed below are feelings, sensations, problems and experiences that people have at times. Read each item to decide how well it describes your current feelings and experiences. Select the option that best describes how much you felt or experienced these things during the past two weeks, including today. Use the following scale to answer:","","My mouth was very dry.","A little"
"idas_machado2024","main","IDAS21","Brazilian Version of the Inventory of Depression and Anxiety Symptoms","Portuguese","Abaixo estão listados sentimentos, sensações, problemas e experiências que as pessoas têm em alguns momentos. Leia cada item para determinar o quanto eles descrevem seus sentimentos e experiências atuais. Selecione a opção que melhor descreve o quanto você sentiu ou experienciou as coisas durante as duas últimas semanas, incluindo hoje. Use a seguinte escala para responder:","NA","Eu me culpei por coisas que aconteceram.","","Um pouco","2","Listed below are feelings, sensations, problems and experiences that people have at times. Read each item to decide how well it describes your current feelings and experiences. Select the option that best describes how much you felt or experienced these things during the past two weeks, including today. Use the following scale to answer:","","I blamed myself for things that happened.","A little"
"idas_machado2024","main","IDAS12","Brazilian Version of the Inventory of Depression and Anxiety Symptoms","Portuguese","Abaixo estão listados sentimentos, sensações, problemas e experiências que as pessoas têm em alguns momentos. Leia cada item para determinar o quanto eles descrevem seus sentimentos e experiências atuais. Selecione a opção que melhor descreve o quanto você sentiu ou experienciou as coisas durante as duas últimas semanas, incluindo hoje. Use a seguinte escala para responder:","NA","Eu estive furioso.","","Um pouco","2","Listed below are feelings, sensations, problems and experiences that people have at times. Read each item to decide how well it describes your current feelings and experiences. Select the option that best describes how much you felt or experienced these things during the past two weeks, including today. Use the following scale to answer:","","I was furious.","A little"
"idas_machado2024","main","IDAS42","Brazilian Version of the Inventory of Depression and Anxiety Symptoms","Portuguese","Abaixo estão listados sentimentos, sensações, problemas e experiências que as pessoas têm em alguns momentos. Leia cada item para determinar o quanto eles descrevem seus sentimentos e experiências atuais. Selecione a opção que melhor descreve o quanto você sentiu ou experienciou as coisas durante as duas últimas semanas, incluindo hoje. Use a seguinte escala para responder:","NA","Eu fiquei chateado pensando sobre uma coisa ruim que aconteceu.","","Um pouco","2","Listed below are feelings, sensations, problems and experiences that people have at times. Read each item to decide how well it describes your current feelings and experiences. Select the option that best describes how much you felt or experienced these things during the past two weeks, including today. Use the following scale to answer:","","I got upset thinking about something bad that happened.","A little"
"idas_machado2024","main","IDAS17","Brazilian Version of the Inventory of Depression and Anxiety Symptoms","Portuguese","Abaixo estão listados sentimentos, sensações, problemas e experiências que as pessoas têm em alguns momentos. Leia cada item para determinar o quanto eles descrevem seus sentimentos e experiências atuais. Selecione a opção que melhor descreve o quanto você sentiu ou experienciou as coisas durante as duas últimas semanas, incluindo hoje. Use a seguinte escala para responder:","NA","Eu acordei cedo e não consegui voltar a dormir.","","Um pouco","2","Listed below are feelings, sensations, problems and experiences that people have at times. Read each item to decide how well it describes your current feelings and experiences. Select the option that best describes how much you felt or experienced these things during the past two weeks, including today. Use the following scale to answer:","","I woke early and could not get back to sleep.","A little"
"idas_machado2024","main","IDAS78","Brazilian Version of the Inventory of Depression and Anxiety Symptoms","Portuguese","Abaixo estão listados sentimentos, sensações, problemas e experiências que as pessoas têm em alguns momentos. Leia cada item para determinar o quanto eles descrevem seus sentimentos e experiências atuais. Selecione a opção que melhor descreve o quanto você sentiu ou experienciou as coisas durante as duas últimas semanas, incluindo hoje. Use a seguinte escala para responder:","NA","Eu senti como se eu estivesse ""no topo do mundo"".","","Um pouco","2","Listed below are feelings, sensations, problems and experiences that people have at times. Read each item to decide how well it describes your current feelings and experiences. Select the option that best describes how much you felt or experienced these things during the past two weeks, including today. Use the following scale to answer:","","I felt as if I were ""on top of the world"".","A little"
"idas_machado2024","main","IDAS19","Brazilian Version of the Inventory of Depression and Anxiety Symptoms","Portuguese","Abaixo estão listados sentimentos, sensações, problemas e experiências que as pessoas têm em alguns momentos. Leia cada item para determinar o quanto eles descrevem seus sentimentos e experiências atuais. Selecione a opção que melhor descreve o quanto você sentiu ou experienciou as coisas durante as duas últimas semanas, incluindo hoje. Use a seguinte escala para responder:","NA","Eu pensei muito em comida.","","Um pouco","2","Listed below are feelings, sensations, problems and experiences that people have at times. Read each item to decide how well it describes your current feelings and experiences. Select the option that best describes how much you felt or experienced these things during the past two weeks, including today. Use the following scale to answer:","","I thought about food a lot.","A little"
"idas_machado2024","main","IDAS25","Brazilian Version of the Inventory of Depression and Anxiety Symptoms","Portuguese","Abaixo estão listados sentimentos, sensações, problemas e experiências que as pessoas têm em alguns momentos. Leia cada item para determinar o quanto eles descrevem seus sentimentos e experiências atuais. Selecione a opção que melhor descreve o quanto você sentiu ou experienciou as coisas durante as duas últimas semanas, incluindo hoje. Use a seguinte escala para responder:","NA","Eu acordei muito mais cedo que o habitual.","","Um pouco","2","Listed below are feelings, sensations, problems and experiences that people have at times. Read each item to decide how well it describes your current feelings and experiences. Select the option that best describes how much you felt or experienced these things during the past two weeks, including today. Use the following scale to answer:","","I woke up much earlier than usual.","A little"
"idas_machado2024","main","IDAS13","Brazilian Version of the Inventory of Depression and Anxiety Symptoms","Portuguese","Abaixo estão listados sentimentos, sensações, problemas e experiências que as pessoas têm em alguns momentos. Leia cada item para determinar o quanto eles descrevem seus sentimentos e experiências atuais. Selecione a opção que melhor descreve o quanto você sentiu ou experienciou as coisas durante as duas últimas semanas, incluindo hoje. Use a seguinte escala para responder:","NA","Eu tive pensamentos sobre suicídio.","","Um pouco","2","Listed below are feelings, sensations, problems and experiences that people have at times. Read each item to decide how well it describes your current feelings and experiences. Select the option that best describes how much you felt or experienced these things during the past two weeks, including today. Use the following scale to answer:","","I had thoughts of suicide.","A little"
"idas_machado2024","main","IDAS51","Brazilian Version of the Inventory of Depression and Anxiety Symptoms","Portuguese","Abaixo estão listados sentimentos, sensações, problemas e experiências que as pessoas têm em alguns momentos. Leia cada item para determinar o quanto eles descrevem seus sentimentos e experiências atuais. Selecione a opção que melhor descreve o quanto você sentiu ou experienciou as coisas durante as duas últimas semanas, incluindo hoje. Use a seguinte escala para responder:","NA","Eu dormi muito mal.","","Um pouco","2","Listed below are feelings, sensations, problems and experiences that people have at times. Read each item to decide how well it describes your current feelings and experiences. Select the option that best describes how much you felt or experienced these things during the past two weeks, including today. Use the following scale to answer:","","I slept very badly.","A little"
"idas_machado2024","main","IDAS1","Brazilian Version of the Inventory of Depression and Anxiety Symptoms","Portuguese","Abaixo estão listados sentimentos, sensações, problemas e experiências que as pessoas têm em alguns momentos. Leia cada item para determinar o quanto eles descrevem seus sentimentos e experiências atuais. Selecione a opção que melhor descreve o quanto você sentiu ou experienciou as coisas durante as duas últimas semanas, incluindo hoje. Use a seguinte escala para responder:","NA","Eu não tive muito apetite.","","Um pouco","2","Listed below are feelings, sensations, problems and experiences that people have at times. Read each item to decide how well it describes your current feelings and experiences. Select the option that best describes how much you felt or experienced these things during the past two weeks, including today. Use the following scale to answer:","","I did not have much of an appetite.","A little"
"idas_machado2024","main","IDAS3","Brazilian Version of the Inventory of Depression and Anxiety Symptoms","Portuguese","Abaixo estão listados sentimentos, sensações, problemas e experiências que as pessoas têm em alguns momentos. Leia cada item para determinar o quanto eles descrevem seus sentimentos e experiências atuais. Selecione a opção que melhor descreve o quanto você sentiu ou experienciou as coisas durante as duas últimas semanas, incluindo hoje. Use a seguinte escala para responder:","NA","Eu me senti otimista.","","Um pouco","2","Listed below are feelings, sensations, problems and experiences that people have at times. Read each item to decide how well it describes your current feelings and experiences. Select the option that best describes how much you felt or experienced these things during the past two weeks, including today. Use the following scale to answer:","","I felt optimistic.","A little"
"idas_machado2024","main","IDAS18","Brazilian Version of the Inventory of Depression and Anxiety Symptoms","Portuguese","Abaixo estão listados sentimentos, sensações, problemas e experiências que as pessoas têm em alguns momentos. Leia cada item para determinar o quanto eles descrevem seus sentimentos e experiências atuais. Selecione a opção que melhor descreve o quanto você sentiu ou experienciou as coisas durante as duas últimas semanas, incluindo hoje. Use a seguinte escala para responder:","NA","Eu fiquei preocupado em me envergonhar socialmente.","","Um pouco","2","Listed below are feelings, sensations, problems and experiences that people have at times. Read each item to decide how well it describes your current feelings and experiences. Select the option that best describes how much you felt or experienced these things during the past two weeks, including today. Use the following scale to answer:","","I worried about embarrassing myself socially.","A little"
"idas_machado2024","main","IDAS75","Brazilian Version of the Inventory of Depression and Anxiety Symptoms","Portuguese","Abaixo estão listados sentimentos, sensações, problemas e experiências que as pessoas têm em alguns momentos. Leia cada item para determinar o quanto eles descrevem seus sentimentos e experiências atuais. Selecione a opção que melhor descreve o quanto você sentiu ou experienciou as coisas durante as duas últimas semanas, incluindo hoje. Use a seguinte escala para responder:","NA","Eu me peguei checando coisas, mesmo sabendo que não era necessário.","","Um pouco","2","Listed below are feelings, sensations, problems and experiences that people have at times. Read each item to decide how well it describes your current feelings and experiences. Select the option that best describes how much you felt or experienced these things during the past two weeks, including today. Use the following scale to answer:","","I caught myself checking things even though I knew it was not necessary.","A little"
"idas_machado2024","main","IDAS16","Brazilian Version of the Inventory of Depression and Anxiety Symptoms","Portuguese","Abaixo estão listados sentimentos, sensações, problemas e experiências que as pessoas têm em alguns momentos. Leia cada item para determinar o quanto eles descrevem seus sentimentos e experiências atuais. Selecione a opção que melhor descreve o quanto você sentiu ou experienciou as coisas durante as duas últimas semanas, incluindo hoje. Use a seguinte escala para responder:","NA","Eu me senti zonzo ou tive vertigens.","","Um pouco","2","Listed below are feelings, sensations, problems and experiences that people have at times. Read each item to decide how well it describes your current feelings and experiences. Select the option that best describes how much you felt or experienced these things during the past two weeks, including today. Use the following scale to answer:","","I felt dizzy or light-headed.","A little"
"idas_machado2024","main","IDAS6","Brazilian Version of the Inventory of Depression and Anxiety Symptoms","Portuguese","Abaixo estão listados sentimentos, sensações, problemas e experiências que as pessoas têm em alguns momentos. Leia cada item para determinar o quanto eles descrevem seus sentimentos e experiências atuais. Selecione a opção que melhor descreve o quanto você sentiu ou experienciou as coisas durante as duas últimas semanas, incluindo hoje. Use a seguinte escala para responder:","NA","Eu me senti exausto.","","Um pouco","2","Listed below are feelings, sensations, problems and experiences that people have at times. Read each item to decide how well it describes your current feelings and experiences. Select the option that best describes how much you felt or experienced these things during the past two weeks, including today. Use the following scale to answer:","","I felt exhausted.","A little"
"idas_machado2024","main","IDAS91","Brazilian Version of the Inventory of Depression and Anxiety Symptoms","Portuguese","Abaixo estão listados sentimentos, sensações, problemas e experiências que as pessoas têm em alguns momentos. Leia cada item para determinar o quanto eles descrevem seus sentimentos e experiências atuais. Selecione a opção que melhor descreve o quanto você sentiu ou experienciou as coisas durante as duas últimas semanas, incluindo hoje. Use a seguinte escala para responder:","NA","Eu tive que me limpar, pois me senti contaminado.","","Um pouco","2","Listed below are feelings, sensations, problems and experiences that people have at times. Read each item to decide how well it describes your current feelings and experiences. Select the option that best describes how much you felt or experienced these things during the past two weeks, including today. Use the following scale to answer:","","I had to clean myself because I felt contaminated.","A little"
"idas_machado2024","main","IDAS48","Brazilian Version of the Inventory of Depression and Anxiety Symptoms","Portuguese","Abaixo estão listados sentimentos, sensações, problemas e experiências que as pessoas têm em alguns momentos. Leia cada item para determinar o quanto eles descrevem seus sentimentos e experiências atuais. Selecione a opção que melhor descreve o quanto você sentiu ou experienciou as coisas durante as duas últimas semanas, incluindo hoje. Use a seguinte escala para responder:","NA","Eu fiquei preocupado o tempo todo.","","Um pouco","2","Listed below are feelings, sensations, problems and experiences that people have at times. Read each item to decide how well it describes your current feelings and experiences. Select the option that best describes how much you felt or experienced these things during the past two weeks, including today. Use the following scale to answer:","","I worried all the time.","A little"
"idas_machado2024","main","IDAS35","Brazilian Version of the Inventory of Depression and Anxiety Symptoms","Portuguese","Abaixo estão listados sentimentos, sensações, problemas e experiências que as pessoas têm em alguns momentos. Leia cada item para determinar o quanto eles descrevem seus sentimentos e experiências atuais. Selecione a opção que melhor descreve o quanto você sentiu ou experienciou as coisas durante as duas últimas semanas, incluindo hoje. Use a seguinte escala para responder:","NA","Eu senti vontade de quebrar coisas.","","Um pouco","2","Listed below are feelings, sensations, problems and experiences that people have at times. Read each item to decide how well it describes your current feelings and experiences. Select the option that best describes how much you felt or experienced these things during the past two weeks, including today. Use the following scale to answer:","","I felt like breaking things.","A little"
"idas_machado2024","main","IDAS11","Brazilian Version of the Inventory of Depression and Anxiety Symptoms","Portuguese","Abaixo estão listados sentimentos, sensações, problemas e experiências que as pessoas têm em alguns momentos. Leia cada item para determinar o quanto eles descrevem seus sentimentos e experiências atuais. Selecione a opção que melhor descreve o quanto você sentiu ou experienciou as coisas durante as duas últimas semanas, incluindo hoje. Use a seguinte escala para responder:","NA","Eu tive problemas para pegar no sono.","","Um pouco","2","Listed below are feelings, sensations, problems and experiences that people have at times. Read each item to decide how well it describes your current feelings and experiences. Select the option that best describes how much you felt or experienced these things during the past two weeks, including today. Use the following scale to answer:","","I had trouble falling asleep.","A little"
"idas_machado2024","main","IDAS53","Brazilian Version of the Inventory of Depression and Anxiety Symptoms","Portuguese","Abaixo estão listados sentimentos, sensações, problemas e experiências que as pessoas têm em alguns momentos. Leia cada item para determinar o quanto eles descrevem seus sentimentos e experiências atuais. Selecione a opção que melhor descreve o quanto você sentiu ou experienciou as coisas durante as duas últimas semanas, incluindo hoje. Use a seguinte escala para responder:","NA","Eu esperei ansiosamente por muitas coisas.","","Um pouco","2","Listed below are feelings, sensations, problems and experiences that people have at times. Read each item to decide how well it describes your current feelings and experiences. Select the option that best describes how much you felt or experienced these things during the past two weeks, including today. Use the following scale to answer:","","I looked forward to many things.","A little"
"idas_machado2024","main","IDAS33","Brazilian Version of the Inventory of Depression and Anxiety Symptoms","Portuguese","Abaixo estão listados sentimentos, sensações, problemas e experiências que as pessoas têm em alguns momentos. Leia cada item para determinar o quanto eles descrevem seus sentimentos e experiências atuais. Selecione a opção que melhor descreve o quanto você sentiu ou experienciou as coisas durante as duas últimas semanas, incluindo hoje. Use a seguinte escala para responder:","NA","Eu pensei que o mundo seria melhor sem mim.","","Um pouco","2","Listed below are feelings, sensations, problems and experiences that people have at times. Read each item to decide how well it describes your current feelings and experiences. Select the option that best describes how much you felt or experienced these things during the past two weeks, including today. Use the following scale to answer:","","I thought the world would be better off without me.","A little"
"idas_machado2024","main","IDAS20","Brazilian Version of the Inventory of Depression and Anxiety Symptoms","Portuguese","Abaixo estão listados sentimentos, sensações, problemas e experiências que as pessoas têm em alguns momentos. Leia cada item para determinar o quanto eles descrevem seus sentimentos e experiências atuais. Selecione a opção que melhor descreve o quanto você sentiu ou experienciou as coisas durante as duas últimas semanas, incluindo hoje. Use a seguinte escala para responder:","NA","Eu fiquei ansioso em ambientes públicos com muitas pessoas.","","Um pouco","2","Listed below are feelings, sensations, problems and experiences that people have at times. Read each item to decide how well it describes your current feelings and experiences. Select the option that best describes how much you felt or experienced these things during the past two weeks, including today. Use the following scale to answer:","","I felt anxious in public places with a lot of people.","A little"
"idas_machado2024","main","IDAS9","Brazilian Version of the Inventory of Depression and Anxiety Symptoms","Portuguese","Abaixo estão listados sentimentos, sensações, problemas e experiências que as pessoas têm em alguns momentos. Leia cada item para determinar o quanto eles descrevem seus sentimentos e experiências atuais. Selecione a opção que melhor descreve o quanto você sentiu ou experienciou as coisas durante as duas últimas semanas, incluindo hoje. Use a seguinte escala para responder:","NA","Eu tive dificuldades para tomar decisões.","","Um pouco","2","Listed below are feelings, sensations, problems and experiences that people have at times. Read each item to decide how well it describes your current feelings and experiences. Select the option that best describes how much you felt or experienced these things during the past two weeks, including today. Use the following scale to answer:","","I had trouble making decisions.","A little"
"idas_machado2024","main","IDAS29","Brazilian Version of the Inventory of Depression and Anxiety Symptoms","Portuguese","Abaixo estão listados sentimentos, sensações, problemas e experiências que as pessoas têm em alguns momentos. Leia cada item para determinar o quanto eles descrevem seus sentimentos e experiências atuais. Selecione a opção que melhor descreve o quanto você sentiu ou experienciou as coisas durante as duas últimas semanas, incluindo hoje. Use a seguinte escala para responder:","NA","Eu dormi mais do que o habitual.","","Um pouco","2","Listed below are feelings, sensations, problems and experiences that people have at times. Read each item to decide how well it describes your current feelings and experiences. Select the option that best describes how much you felt or experienced these things during the past two weeks, including today. Use the following scale to answer:","","I slept more than usual.","A little"
"idas_machado2024","main","IDAS31","Brazilian Version of the Inventory of Depression and Anxiety Symptoms","Portuguese","Abaixo estão listados sentimentos, sensações, problemas e experiências que as pessoas têm em alguns momentos. Leia cada item para determinar o quanto eles descrevem seus sentimentos e experiências atuais. Selecione a opção que melhor descreve o quanto você sentiu ou experienciou as coisas durante as duas últimas semanas, incluindo hoje. Use a seguinte escala para responder:","NA","Eu me senti inadequado.","","Um pouco","2","Listed below are feelings, sensations, problems and experiences that people have at times. Read each item to decide how well it describes your current feelings and experiences. Select the option that best describes how much you felt or experienced these things during the past two weeks, including today. Use the following scale to answer:","","I felt inadequate.","A little"
"idas_machado2024","main","IDAS40","Brazilian Version of the Inventory of Depression and Anxiety Symptoms","Portuguese","Abaixo estão listados sentimentos, sensações, problemas e experiências que as pessoas têm em alguns momentos. Leia cada item para determinar o quanto eles descrevem seus sentimentos e experiências atuais. Selecione a opção que melhor descreve o quanto você sentiu ou experienciou as coisas durante as duas últimas semanas, incluindo hoje. Use a seguinte escala para responder:","NA","Eu me senti desencorajado em relação às coisas.","","Um pouco","2","Listed below are feelings, sensations, problems and experiences that people have at times. Read each item to decide how well it describes your current feelings and experiences. Select the option that best describes how much you felt or experienced these things during the past two weeks, including today. Use the following scale to answer:","","I felt discouraged about things.","A little"
"idas_machado2024","main","IDAS55","Brazilian Version of the Inventory of Depression and Anxiety Symptoms","Portuguese","Abaixo estão listados sentimentos, sensações, problemas e experiências que as pessoas têm em alguns momentos. Leia cada item para determinar o quanto eles descrevem seus sentimentos e experiências atuais. Selecione a opção que melhor descreve o quanto você sentiu ou experienciou as coisas durante as duas últimas semanas, incluindo hoje. Use a seguinte escala para responder:","NA","Eu me senti lento, sonolento.","","Um pouco","2","Listed below are feelings, sensations, problems and experiences that people have at times. Read each item to decide how well it describes your current feelings and experiences. Select the option that best describes how much you felt or experienced these things during the past two weeks, including today. Use the following scale to answer:","","I felt slowed down, drowsy.","A little"
"idas_machado2024","main","IDAS65","Brazilian Version of the Inventory of Depression and Anxiety Symptoms","Portuguese","Abaixo estão listados sentimentos, sensações, problemas e experiências que as pessoas têm em alguns momentos. Leia cada item para determinar o quanto eles descrevem seus sentimentos e experiências atuais. Selecione a opção que melhor descreve o quanto você sentiu ou experienciou as coisas durante as duas últimas semanas, incluindo hoje. Use a seguinte escala para responder:","NA","Eu reorganizei coisas para que elas ficassem em uma determinada ordem.","","Um pouco","2","Listed below are feelings, sensations, problems and experiences that people have at times. Read each item to decide how well it describes your current feelings and experiences. Select the option that best describes how much you felt or experienced these things during the past two weeks, including today. Use the following scale to answer:","","I rearranged things so that they were in a particular order.","A little"
"idas_machado2024","main","IDAS36","Brazilian Version of the Inventory of Depression and Anxiety Symptoms","Portuguese","Abaixo estão listados sentimentos, sensações, problemas e experiências que as pessoas têm em alguns momentos. Leia cada item para determinar o quanto eles descrevem seus sentimentos e experiências atuais. Selecione a opção que melhor descreve o quanto você sentiu ou experienciou as coisas durante as duas últimas semanas, incluindo hoje. Use a seguinte escala para responder:","NA","Eu acordei frequentemente durante a noite.","","Um pouco","2","Listed below are feelings, sensations, problems and experiences that people have at times. Read each item to decide how well it describes your current feelings and experiences. Select the option that best describes how much you felt or experienced these things during the past two weeks, including today. Use the following scale to answer:","","I woke up frequently during the night.","A little"
"idas_machado2024","main","IDAS62","Brazilian Version of the Inventory of Depression and Anxiety Symptoms","Portuguese","Abaixo estão listados sentimentos, sensações, problemas e experiências que as pessoas têm em alguns momentos. Leia cada item para determinar o quanto eles descrevem seus sentimentos e experiências atuais. Selecione a opção que melhor descreve o quanto você sentiu ou experienciou as coisas durante as duas últimas semanas, incluindo hoje. Use a seguinte escala para responder:","NA","Até mesmo pequenas coisas me deixaram bravo.","","Um pouco","2","Listed below are feelings, sensations, problems and experiences that people have at times. Read each item to decide how well it describes your current feelings and experiences. Select the option that best describes how much you felt or experienced these things during the past two weeks, including today. Use the following scale to answer:","","Even little things made me angry.","A little"
"idas_machado2024","main","IDAS76","Brazilian Version of the Inventory of Depression and Anxiety Symptoms","Portuguese","Abaixo estão listados sentimentos, sensações, problemas e experiências que as pessoas têm em alguns momentos. Leia cada item para determinar o quanto eles descrevem seus sentimentos e experiências atuais. Selecione a opção que melhor descreve o quanto você sentiu ou experienciou as coisas durante as duas últimas semanas, incluindo hoje. Use a seguinte escala para responder:","NA","Eu evitei manusear coisas sujas.","","Um pouco","2","Listed below are feelings, sensations, problems and experiences that people have at times. Read each item to decide how well it describes your current feelings and experiences. Select the option that best describes how much you felt or experienced these things during the past two weeks, including today. Use the following scale to answer:","","I avoided handling dirty things.","A little"
"idas_machado2024","main","IDAS8","Brazilian Version of the Inventory of Depression and Anxiety Symptoms","Portuguese","Abaixo estão listados sentimentos, sensações, problemas e experiências que as pessoas têm em alguns momentos. Leia cada item para determinar o quanto eles descrevem seus sentimentos e experiências atuais. Selecione a opção que melhor descreve o quanto você sentiu ou experienciou as coisas durante as duas últimas semanas, incluindo hoje. Use a seguinte escala para responder:","NA","Eu me senti deprimido.","","Um pouco","2","Listed below are feelings, sensations, problems and experiences that people have at times. Read each item to decide how well it describes your current feelings and experiences. Select the option that best describes how much you felt or experienced these things during the past two weeks, including today. Use the following scale to answer:","","I felt depressed.","A little"
"idas_machado2024","main","IDAS56","Brazilian Version of the Inventory of Depression and Anxiety Symptoms","Portuguese","Abaixo estão listados sentimentos, sensações, problemas e experiências que as pessoas têm em alguns momentos. Leia cada item para determinar o quanto eles descrevem seus sentimentos e experiências atuais. Selecione a opção que melhor descreve o quanto você sentiu ou experienciou as coisas durante as duas últimas semanas, incluindo hoje. Use a seguinte escala para responder:","NA","Eu senti falta de ar.","","Um pouco","2","Listed below are feelings, sensations, problems and experiences that people have at times. Read each item to decide how well it describes your current feelings and experiences. Select the option that best describes how much you felt or experienced these things during the past two weeks, including today. Use the following scale to answer:","","I was short of breath.","A little"
"idas_machado2024","main","IDAS64","Brazilian Version of the Inventory of Depression and Anxiety Symptoms","Portuguese","Abaixo estão listados sentimentos, sensações, problemas e experiências que as pessoas têm em alguns momentos. Leia cada item para determinar o quanto eles descrevem seus sentimentos e experiências atuais. Selecione a opção que melhor descreve o quanto você sentiu ou experienciou as coisas durante as duas últimas semanas, incluindo hoje. Use a seguinte escala para responder:","NA","Eu senti como se eu tivesse muita energia.","","Um pouco","2","Listed below are feelings, sensations, problems and experiences that people have at times. Read each item to decide how well it describes your current feelings and experiences. Select the option that best describes how much you felt or experienced these things during the past two weeks, including today. Use the following scale to answer:","","I felt as if I had a lot of energy.","A little"
"idas_machado2024","main","IDAS60","Brazilian Version of the Inventory of Depression and Anxiety Symptoms","Portuguese","Abaixo estão listados sentimentos, sensações, problemas e experiências que as pessoas têm em alguns momentos. Leia cada item para determinar o quanto eles descrevem seus sentimentos e experiências atuais. Selecione a opção que melhor descreve o quanto você sentiu ou experienciou as coisas durante as duas últimas semanas, incluindo hoje. Use a seguinte escala para responder:","NA","Eu não senti muita vontade de comer.","","Um pouco","2","Listed below are feelings, sensations, problems and experiences that people have at times. Read each item to decide how well it describes your current feelings and experiences. Select the option that best describes how much you felt or experienced these things during the past two weeks, including today. Use the following scale to answer:","","I did not feel much like eating.","A little"
"idas_machado2024","main","IDAS83","Brazilian Version of the Inventory of Depression and Anxiety Symptoms","Portuguese","Abaixo estão listados sentimentos, sensações, problemas e experiências que as pessoas têm em alguns momentos. Leia cada item para determinar o quanto eles descrevem seus sentimentos e experiências atuais. Selecione a opção que melhor descreve o quanto você sentiu ou experienciou as coisas durante as duas últimas semanas, incluindo hoje. Use a seguinte escala para responder:","NA","Meus pensamentos pularam rapidamente de uma ideia para outra.","","Um pouco","2","Listed below are feelings, sensations, problems and experiences that people have at times. Read each item to decide how well it describes your current feelings and experiences. Select the option that best describes how much you felt or experienced these things during the past two weeks, including today. Use the following scale to answer:","","My thoughts jumped quickly from one idea to another.","A little"
"idas_machado2024","main","IDAS43","Brazilian Version of the Inventory of Depression and Anxiety Symptoms","Portuguese","Abaixo estão listados sentimentos, sensações, problemas e experiências que as pessoas têm em alguns momentos. Leia cada item para determinar o quanto eles descrevem seus sentimentos e experiências atuais. Selecione a opção que melhor descreve o quanto você sentiu ou experienciou as coisas durante as duas últimas semanas, incluindo hoje. Use a seguinte escala para responder:","NA","Eu tive problemas para acordar de manhã.","","Um pouco","2","Listed below are feelings, sensations, problems and experiences that people have at times. Read each item to decide how well it describes your current feelings and experiences. Select the option that best describes how much you felt or experienced these things during the past two weeks, including today. Use the following scale to answer:","","I had trouble waking up in the morning.","A little"
"idas_machado2024","main","IDAS88","Brazilian Version of the Inventory of Depression and Anxiety Symptoms","Portuguese","Abaixo estão listados sentimentos, sensações, problemas e experiências que as pessoas têm em alguns momentos. Leia cada item para determinar o quanto eles descrevem seus sentimentos e experiências atuais. Selecione a opção que melhor descreve o quanto você sentiu ou experienciou as coisas durante as duas últimas semanas, incluindo hoje. Use a seguinte escala para responder:","NA","Eu tive tanta energia que foi difícil ficar sentado quieto.","","Um pouco","2","Listed below are feelings, sensations, problems and experiences that people have at times. Read each item to decide how well it describes your current feelings and experiences. Select the option that best describes how much you felt or experienced these things during the past two weeks, including today. Use the following scale to answer:","","I had so much energy that it was hard to sit still.","A little"
"idas_machado2024","main","IDAS4","Brazilian Version of the Inventory of Depression and Anxiety Symptoms","Portuguese","Abaixo estão listados sentimentos, sensações, problemas e experiências que as pessoas têm em alguns momentos. Leia cada item para determinar o quanto eles descrevem seus sentimentos e experiências atuais. Selecione a opção que melhor descreve o quanto você sentiu ou experienciou as coisas durante as duas últimas semanas, incluindo hoje. Use a seguinte escala para responder:","NA","Eu dormi menos que o habitual.","","Um pouco","2","Listed below are feelings, sensations, problems and experiences that people have at times. Read each item to decide how well it describes your current feelings and experiences. Select the option that best describes how much you felt or experienced these things during the past two weeks, including today. Use the following scale to answer:","","I slept less than usual.","A little"
"idas_machado2024","main","IDAS74","Brazilian Version of the Inventory of Depression and Anxiety Symptoms","Portuguese","Abaixo estão listados sentimentos, sensações, problemas e experiências que as pessoas têm em alguns momentos. Leia cada item para determinar o quanto eles descrevem seus sentimentos e experiências atuais. Selecione a opção que melhor descreve o quanto você sentiu ou experienciou as coisas durante as duas últimas semanas, incluindo hoje. Use a seguinte escala para responder:","NA","Eu evitei lugares pequenos.","","Um pouco","2","Listed below are feelings, sensations, problems and experiences that people have at times. Read each item to decide how well it describes your current feelings and experiences. Select the option that best describes how much you felt or experienced these things during the past two weeks, including today. Use the following scale to answer:","","I avoided small spaces.","A little"
"idas_machado2024","main","IDAS84","Brazilian Version of the Inventory of Depression and Anxiety Symptoms","Portuguese","Abaixo estão listados sentimentos, sensações, problemas e experiências que as pessoas têm em alguns momentos. Leia cada item para determinar o quanto eles descrevem seus sentimentos e experiências atuais. Selecione a opção que melhor descreve o quanto você sentiu ou experienciou as coisas durante as duas últimas semanas, incluindo hoje. Use a seguinte escala para responder:","NA","Eu me senti ansioso em lugares pequenos.","","Um pouco","2","Listed below are feelings, sensations, problems and experiences that people have at times. Read each item to decide how well it describes your current feelings and experiences. Select the option that best describes how much you felt or experienced these things during the past two weeks, including today. Use the following scale to answer:","","I felt anxious in small spaces.","A little"
"idas_machado2024","main","IDAS46","Brazilian Version of the Inventory of Depression and Anxiety Symptoms","Portuguese","Abaixo estão listados sentimentos, sensações, problemas e experiências que as pessoas têm em alguns momentos. Leia cada item para determinar o quanto eles descrevem seus sentimentos e experiências atuais. Selecione a opção que melhor descreve o quanto você sentiu ou experienciou as coisas durante as duas últimas semanas, incluindo hoje. Use a seguinte escala para responder:","NA","Eu pensei na minha própria morte.","","Um pouco","2","Listed below are feelings, sensations, problems and experiences that people have at times. Read each item to decide how well it describes your current feelings and experiences. Select the option that best describes how much you felt or experienced these things during the past two weeks, including today. Use the following scale to answer:","","I thought about my own death.","A little"
"idas_machado2024","main","IDAS30","Brazilian Version of the Inventory of Depression and Anxiety Symptoms","Portuguese","Abaixo estão listados sentimentos, sensações, problemas e experiências que as pessoas têm em alguns momentos. Leia cada item para determinar o quanto eles descrevem seus sentimentos e experiências atuais. Selecione a opção que melhor descreve o quanto você sentiu ou experienciou as coisas durante as duas últimas semanas, incluindo hoje. Use a seguinte escala para responder:","NA","Eu tive dificuldades para me motivar a fazer as coisas.","","Um pouco","2","Listed below are feelings, sensations, problems and experiences that people have at times. Read each item to decide how well it describes your current feelings and experiences. Select the option that best describes how much you felt or experienced these things during the past two weeks, including today. Use the following scale to answer:","","I had trouble motivating myself to do things.","A little"
"idas_machado2024","main","IDAS54","Brazilian Version of the Inventory of Depression and Anxiety Symptoms","Portuguese","Abaixo estão listados sentimentos, sensações, problemas e experiências que as pessoas têm em alguns momentos. Leia cada item para determinar o quanto eles descrevem seus sentimentos e experiências atuais. Selecione a opção que melhor descreve o quanto você sentiu ou experienciou as coisas durante as duas últimas semanas, incluindo hoje. Use a seguinte escala para responder:","NA","Eu me senti muito pior de manhã do que no resto dia.","","Um pouco","2","Listed below are feelings, sensations, problems and experiences that people have at times. Read each item to decide how well it describes your current feelings and experiences. Select the option that best describes how much you felt or experienced these things during the past two weeks, including today. Use the following scale to answer:","","I felt much worse in the morning than during the rest of the day.","A little"
"idas_machado2024","main","IDAS37","Brazilian Version of the Inventory of Depression and Anxiety Symptoms","Portuguese","Abaixo estão listados sentimentos, sensações, problemas e experiências que as pessoas têm em alguns momentos. Leia cada item para determinar o quanto eles descrevem seus sentimentos e experiências atuais. Selecione a opção que melhor descreve o quanto você sentiu ou experienciou as coisas durante as duas últimas semanas, incluindo hoje. Use a seguinte escala para responder:","NA","Eu senti muita raiva.","","Um pouco","2","Listed below are feelings, sensations, problems and experiences that people have at times. Read each item to decide how well it describes your current feelings and experiences. Select the option that best describes how much you felt or experienced these things during the past two weeks, including today. Use the following scale to answer:","","I felt a lot of anger.","A little"
"idas_machado2024","main","IDAS15","Brazilian Version of the Inventory of Depression and Anxiety Symptoms","Portuguese","Abaixo estão listados sentimentos, sensações, problemas e experiências que as pessoas têm em alguns momentos. Leia cada item para determinar o quanto eles descrevem seus sentimentos e experiências atuais. Selecione a opção que melhor descreve o quanto você sentiu ou experienciou as coisas durante as duas últimas semanas, incluindo hoje. Use a seguinte escala para responder:","NA","Eu me senti constrangido sabendo que pessoas estavam me observando.","","Um pouco","2","Listed below are feelings, sensations, problems and experiences that people have at times. Read each item to decide how well it describes your current feelings and experiences. Select the option that best describes how much you felt or experienced these things during the past two weeks, including today. Use the following scale to answer:","","I felt self-conscious knowing that people were watching me.","A little"
"idas_machado2024","main","IDAS5","Brazilian Version of the Inventory of Depression and Anxiety Symptoms","Portuguese","Abaixo estão listados sentimentos, sensações, problemas e experiências que as pessoas têm em alguns momentos. Leia cada item para determinar o quanto eles descrevem seus sentimentos e experiências atuais. Selecione a opção que melhor descreve o quanto você sentiu ou experienciou as coisas durante as duas últimas semanas, incluindo hoje. Use a seguinte escala para responder:","NA","Eu me senti agitado, inquieto.","","Um pouco","2","Listed below are feelings, sensations, problems and experiences that people have at times. Read each item to decide how well it describes your current feelings and experiences. Select the option that best describes how much you felt or experienced these things during the past two weeks, including today. Use the following scale to answer:","","I felt agitated, restless.","A little"
"idas_machado2024","main","IDAS90","Brazilian Version of the Inventory of Depression and Anxiety Symptoms","Portuguese","Abaixo estão listados sentimentos, sensações, problemas e experiências que as pessoas têm em alguns momentos. Leia cada item para determinar o quanto eles descrevem seus sentimentos e experiências atuais. Selecione a opção que melhor descreve o quanto você sentiu ou experienciou as coisas durante as duas últimas semanas, incluindo hoje. Use a seguinte escala para responder:","NA","Eu tive medo de tuneis.","","Um pouco","2","Listed below are feelings, sensations, problems and experiences that people have at times. Read each item to decide how well it describes your current feelings and experiences. Select the option that best describes how much you felt or experienced these things during the past two weeks, including today. Use the following scale to answer:","","I was afraid of tunnels.","A little"
"idas_machado2024","main","IDAS24","Brazilian Version of the Inventory of Depression and Anxiety Symptoms","Portuguese","Abaixo estão listados sentimentos, sensações, problemas e experiências que as pessoas têm em alguns momentos. Leia cada item para determinar o quanto eles descrevem seus sentimentos e experiências atuais. Selecione a opção que melhor descreve o quanto você sentiu ou experienciou as coisas durante as duas últimas semanas, incluindo hoje. Use a seguinte escala para responder:","NA","Eu comi quando não estava sentindo fome.","","Um pouco","2","Listed below are feelings, sensations, problems and experiences that people have at times. Read each item to decide how well it describes your current feelings and experiences. Select the option that best describes how much you felt or experienced these things during the past two weeks, including today. Use the following scale to answer:","","I ate when I was not hungry.","A little"
"idas_machado2024","main","IDAS52","Brazilian Version of the Inventory of Depression and Anxiety Symptoms","Portuguese","Abaixo estão listados sentimentos, sensações, problemas e experiências que as pessoas têm em alguns momentos. Leia cada item para determinar o quanto eles descrevem seus sentimentos e experiências atuais. Selecione a opção que melhor descreve o quanto você sentiu ou experienciou as coisas durante as duas últimas semanas, incluindo hoje. Use a seguinte escala para responder:","NA","Eu pensei em me machucar.","","Um pouco","2","Listed below are feelings, sensations, problems and experiences that people have at times. Read each item to decide how well it describes your current feelings and experiences. Select the option that best describes how much you felt or experienced these things during the past two weeks, including today. Use the following scale to answer:","","I thought about hurting myself.","A little"
"idas_machado2024","main","IDAS94","Brazilian Version of the Inventory of Depression and Anxiety Symptoms","Portuguese","Abaixo estão listados sentimentos, sensações, problemas e experiências que as pessoas têm em alguns momentos. Leia cada item para determinar o quanto eles descrevem seus sentimentos e experiências atuais. Selecione a opção que melhor descreve o quanto você sentiu ou experienciou as coisas durante as duas últimas semanas, incluindo hoje. Use a seguinte escala para responder:","NA","Eu evitei ligares apertados, fechados.","","Um pouco","2","Listed below are feelings, sensations, problems and experiences that people have at times. Read each item to decide how well it describes your current feelings and experiences. Select the option that best describes how much you felt or experienced these things during the past two weeks, including today. Use the following scale to answer:","","I avoided cramped, closed-in places.","A little"
"idas_machado2024","main","IDAS69","Brazilian Version of the Inventory of Depression and Anxiety Symptoms","Portuguese","Abaixo estão listados sentimentos, sensações, problemas e experiências que as pessoas têm em alguns momentos. Leia cada item para determinar o quanto eles descrevem seus sentimentos e experiências atuais. Selecione a opção que melhor descreve o quanto você sentiu ou experienciou as coisas durante as duas últimas semanas, incluindo hoje. Use a seguinte escala para responder:","NA","Eu senti urgência em reorganizar coisas para que eles ficassem ""certas"".","","Um pouco","2","Listed below are feelings, sensations, problems and experiences that people have at times. Read each item to decide how well it describes your current feelings and experiences. Select the option that best describes how much you felt or experienced these things during the past two weeks, including today. Use the following scale to answer:","","I felt an urge to rearrange things so that they were ""just right"".","A little"
"idas_machado2024","main","IDAS82","Brazilian Version of the Inventory of Depression and Anxiety Symptoms","Portuguese","Abaixo estão listados sentimentos, sensações, problemas e experiências que as pessoas têm em alguns momentos. Leia cada item para determinar o quanto eles descrevem seus sentimentos e experiências atuais. Selecione a opção que melhor descreve o quanto você sentiu ou experienciou as coisas durante as duas últimas semanas, incluindo hoje. Use a seguinte escala para responder:","NA","Eu segui a mesma ordem fixa de realizar tarefas.","","Um pouco","2","Listed below are feelings, sensations, problems and experiences that people have at times. Read each item to decide how well it describes your current feelings and experiences. Select the option that best describes how much you felt or experienced these things during the past two weeks, including today. Use the following scale to answer:","","I followed the same fixed order of doing things.","A little"
"idas_machado2024","main","IDAS14","Brazilian Version of the Inventory of Depression and Anxiety Symptoms","Portuguese","Abaixo estão listados sentimentos, sensações, problemas e experiências que as pessoas têm em alguns momentos. Leia cada item para determinar o quanto eles descrevem seus sentimentos e experiências atuais. Selecione a opção que melhor descreve o quanto você sentiu ou experienciou as coisas durante as duas últimas semanas, incluindo hoje. Use a seguinte escala para responder:","NA","Eu tive pensamentos perturbadores sobre coisas ruins que aconteceram comigo.","","Um pouco","2","Listed below are feelings, sensations, problems and experiences that people have at times. Read each item to decide how well it describes your current feelings and experiences. Select the option that best describes how much you felt or experienced these things during the past two weeks, including today. Use the following scale to answer:","","I had disturbing thoughts about bad things that happened to me.","A little"
"idas_machado2024","main","IDAS22","Brazilian Version of the Inventory of Depression and Anxiety Symptoms","Portuguese","Abaixo estão listados sentimentos, sensações, problemas e experiências que as pessoas têm em alguns momentos. Leia cada item para determinar o quanto eles descrevem seus sentimentos e experiências atuais. Selecione a opção que melhor descreve o quanto você sentiu ou experienciou as coisas durante as duas últimas semanas, incluindo hoje. Use a seguinte escala para responder:","NA","Eu me cortei ou me queimei de propósito.","","Um pouco","2","Listed below are feelings, sensations, problems and experiences that people have at times. Read each item to decide how well it describes your current feelings and experiences. Select the option that best describes how much you felt or experienced these things during the past two weeks, including today. Use the following scale to answer:","","I cut or burned myself on purpose.","A little"
"idas_machado2024","main","IDAS7","Brazilian Version of the Inventory of Depression and Anxiety Symptoms","Portuguese","Abaixo estão listados sentimentos, sensações, problemas e experiências que as pessoas têm em alguns momentos. Leia cada item para determinar o quanto eles descrevem seus sentimentos e experiências atuais. Selecione a opção que melhor descreve o quanto você sentiu ou experienciou as coisas durante as duas últimas semanas, incluindo hoje. Use a seguinte escala para responder:","NA","Eu senti dores no peito.","","Um pouco","2","Listed below are feelings, sensations, problems and experiences that people have at times. Read each item to decide how well it describes your current feelings and experiences. Select the option that best describes how much you felt or experienced these things during the past two weeks, including today. Use the following scale to answer:","","I had chest pains.","A little"
"idas_machado2024","main","IDAS59","Brazilian Version of the Inventory of Depression and Anxiety Symptoms","Portuguese","Abaixo estão listados sentimentos, sensações, problemas e experiências que as pessoas têm em alguns momentos. Leia cada item para determinar o quanto eles descrevem seus sentimentos e experiências atuais. Selecione a opção que melhor descreve o quanto você sentiu ou experienciou as coisas durante as duas últimas semanas, incluindo hoje. Use a seguinte escala para responder:","NA","Eu senti como se tivesse muitas coisas interessantes para fazer.","","Um pouco","2","Listed below are feelings, sensations, problems and experiences that people have at times. Read each item to decide how well it describes your current feelings and experiences. Select the option that best describes how much you felt or experienced these things during the past two weeks, including today. Use the following scale to answer:","","I felt as if I had many interesting things to do.","A little"
"idas_machado2024","main","IDAS71","Brazilian Version of the Inventory of Depression and Anxiety Symptoms","Portuguese","Abaixo estão listados sentimentos, sensações, problemas e experiências que as pessoas têm em alguns momentos. Leia cada item para determinar o quanto eles descrevem seus sentimentos e experiências atuais. Selecione a opção que melhor descreve o quanto você sentiu ou experienciou as coisas durante as duas últimas semanas, incluindo hoje. Use a seguinte escala para responder:","NA","Eu falei tão rápido que as pessoas não conseguiram me entender.","","Um pouco","2","Listed below are feelings, sensations, problems and experiences that people have at times. Read each item to decide how well it describes your current feelings and experiences. Select the option that best describes how much you felt or experienced these things during the past two weeks, including today. Use the following scale to answer:","","I talked so fast that people could not understand me.","A little"
"idas_machado2024","main","IDAS27","Brazilian Version of the Inventory of Depression and Anxiety Symptoms","Portuguese","Abaixo estão listados sentimentos, sensações, problemas e experiências que as pessoas têm em alguns momentos. Leia cada item para determinar o quanto eles descrevem seus sentimentos e experiências atuais. Selecione a opção que melhor descreve o quanto você sentiu ou experienciou as coisas durante as duas últimas semanas, incluindo hoje. Use a seguinte escala para responder:","NA","Eu esperei ansiosamente para fazer coisas prazerosas.","","Um pouco","2","Listed below are feelings, sensations, problems and experiences that people have at times. Read each item to decide how well it describes your current feelings and experiences. Select the option that best describes how much you felt or experienced these things during the past two weeks, including today. Use the following scale to answer:","","I looked forward to doing enjoyable things.","A little"
"idas_machado2024","main","IDAS41","Brazilian Version of the Inventory of Depression and Anxiety Symptoms","Portuguese","Abaixo estão listados sentimentos, sensações, problemas e experiências que as pessoas têm em alguns momentos. Leia cada item para determinar o quanto eles descrevem seus sentimentos e experiências atuais. Selecione a opção que melhor descreve o quanto você sentiu ou experienciou as coisas durante as duas últimas semanas, incluindo hoje. Use a seguinte escala para responder:","NA","Eu tive dificuldades em manter contato visual com as pessoas.","","Um pouco","2","Listed below are feelings, sensations, problems and experiences that people have at times. Read each item to decide how well it describes your current feelings and experiences. Select the option that best describes how much you felt or experienced these things during the past two weeks, including today. Use the following scale to answer:","","I had trouble making eye contact with people.","A little"
"idas_machado2024","main","IDAS72","Brazilian Version of the Inventory of Depression and Anxiety Symptoms","Portuguese","Abaixo estão listados sentimentos, sensações, problemas e experiências que as pessoas têm em alguns momentos. Leia cada item para determinar o quanto eles descrevem seus sentimentos e experiências atuais. Selecione a opção que melhor descreve o quanto você sentiu ou experienciou as coisas durante as duas últimas semanas, incluindo hoje. Use a seguinte escala para responder:","NA","Eu me senti muito animado e feliz sem nenhum motivo especial.","","Um pouco","2","Listed below are feelings, sensations, problems and experiences that people have at times. Read each item to decide how well it describes your current feelings and experiences. Select the option that best describes how much you felt or experienced these things during the past two weeks, including today. Use the following scale to answer:","","I felt very excited and happy for no particular reason.","A little"
"idas_machado2024","main","IDAS2","Brazilian Version of the Inventory of Depression and Anxiety Symptoms","Portuguese","Abaixo estão listados sentimentos, sensações, problemas e experiências que as pessoas têm em alguns momentos. Leia cada item para determinar o quanto eles descrevem seus sentimentos e experiências atuais. Selecione a opção que melhor descreve o quanto você sentiu ou experienciou as coisas durante as duas últimas semanas, incluindo hoje. Use a seguinte escala para responder:","NA","Eu tive pouco interesse em minhas atividades diárias e hobbies.","","Um pouco","2","Listed below are feelings, sensations, problems and experiences that people have at times. Read each item to decide how well it describes your current feelings and experiences. Select the option that best describes how much you felt or experienced these things during the past two weeks, including today. Use the following scale to answer:","","I had little interest in my daily activities and hobbies.","A little"
"idas_machado2024","main","IDAS58","Brazilian Version of the Inventory of Depression and Anxiety Symptoms","Portuguese","Abaixo estão listados sentimentos, sensações, problemas e experiências que as pessoas têm em alguns momentos. Leia cada item para determinar o quanto eles descrevem seus sentimentos e experiências atuais. Selecione a opção que melhor descreve o quanto você sentiu ou experienciou as coisas durante as duas últimas semanas, incluindo hoje. Use a seguinte escala para responder:","NA","Eu senti como se estivesse sufocando.","","Um pouco","2","Listed below are feelings, sensations, problems and experiences that people have at times. Read each item to decide how well it describes your current feelings and experiences. Select the option that best describes how much you felt or experienced these things during the past two weeks, including today. Use the following scale to answer:","","I felt as if I were suffocating.","A little"
"idas_machado2024","main","IDAS10","Brazilian Version of the Inventory of Depression and Anxiety Symptoms","Portuguese","Abaixo estão listados sentimentos, sensações, problemas e experiências que as pessoas têm em alguns momentos. Leia cada item para determinar o quanto eles descrevem seus sentimentos e experiências atuais. Selecione a opção que melhor descreve o quanto você sentiu ou experienciou as coisas durante as duas últimas semanas, incluindo hoje. Use a seguinte escala para responder:","NA","Eu tive orgulho de mim.","","Um pouco","2","Listed below are feelings, sensations, problems and experiences that people have at times. Read each item to decide how well it describes your current feelings and experiences. Select the option that best describes how much you felt or experienced these things during the past two weeks, including today. Use the following scale to answer:","","I felt proud of myself.","A little"
"idas_machado2024","main","IDAS97","Brazilian Version of the Inventory of Depression and Anxiety Symptoms","Portuguese","Abaixo estão listados sentimentos, sensações, problemas e experiências que as pessoas têm em alguns momentos. Leia cada item para determinar o quanto eles descrevem seus sentimentos e experiências atuais. Selecione a opção que melhor descreve o quanto você sentiu ou experienciou as coisas durante as duas últimas semanas, incluindo hoje. Use a seguinte escala para responder:","NA","Eu tive muito mais energia do que o habitual.","","Um pouco","2","Listed below are feelings, sensations, problems and experiences that people have at times. Read each item to decide how well it describes your current feelings and experiences. Select the option that best describes how much you felt or experienced these things during the past two weeks, including today. Use the following scale to answer:","","I had much more energy than usual.","A little"
"idas_machado2024","main","IDAS73","Brazilian Version of the Inventory of Depression and Anxiety Symptoms","Portuguese","Abaixo estão listados sentimentos, sensações, problemas e experiências que as pessoas têm em alguns momentos. Leia cada item para determinar o quanto eles descrevem seus sentimentos e experiências atuais. Selecione a opção que melhor descreve o quanto você sentiu ou experienciou as coisas durante as duas últimas semanas, incluindo hoje. Use a seguinte escala para responder:","NA","Eu tentei não pensar sobre coisas ruins do meu passado.","","Um pouco","2","Listed below are feelings, sensations, problems and experiences that people have at times. Read each item to decide how well it describes your current feelings and experiences. Select the option that best describes how much you felt or experienced these things during the past two weeks, including today. Use the following scale to answer:","","I tried not to think about bad things from my past.","A little"
"idas_machado2024","main","IDAS77","Brazilian Version of the Inventory of Depression and Anxiety Symptoms","Portuguese","Abaixo estão listados sentimentos, sensações, problemas e experiências que as pessoas têm em alguns momentos. Leia cada item para determinar o quanto eles descrevem seus sentimentos e experiências atuais. Selecione a opção que melhor descreve o quanto você sentiu ou experienciou as coisas durante as duas últimas semanas, incluindo hoje. Use a seguinte escala para responder:","NA","Eu senti como se minha mente estivesse muito rápida.","","Um pouco","2","Listed below are feelings, sensations, problems and experiences that people have at times. Read each item to decide how well it describes your current feelings and experiences. Select the option that best describes how much you felt or experienced these things during the past two weeks, including today. Use the following scale to answer:","","I felt as if my mind was racing.","A little"
"idas_machado2024","main","IDAS26","Brazilian Version of the Inventory of Depression and Anxiety Symptoms","Portuguese","Abaixo estão listados sentimentos, sensações, problemas e experiências que as pessoas têm em alguns momentos. Leia cada item para determinar o quanto eles descrevem seus sentimentos e experiências atuais. Selecione a opção que melhor descreve o quanto você sentiu ou experienciou as coisas durante as duas últimas semanas, incluindo hoje. Use a seguinte escala para responder:","NA","Eu tive menos apetite do que o habitual.","","Um pouco","2","Listed below are feelings, sensations, problems and experiences that people have at times. Read each item to decide how well it describes your current feelings and experiences. Select the option that best describes how much you felt or experienced these things during the past two weeks, including today. Use the following scale to answer:","","I had less appetite than usual.","A little"
"idas_machado2024","main","IDAS38","Brazilian Version of the Inventory of Depression and Anxiety Symptoms","Portuguese","Abaixo estão listados sentimentos, sensações, problemas e experiências que as pessoas têm em alguns momentos. Leia cada item para determinar o quanto eles descrevem seus sentimentos e experiências atuais. Selecione a opção que melhor descreve o quanto você sentiu ou experienciou as coisas durante as duas últimas semanas, incluindo hoje. Use a seguinte escala para responder:","NA","Eu me machuquei de propósito.","","Um pouco","2","Listed below are feelings, sensations, problems and experiences that people have at times. Read each item to decide how well it describes your current feelings and experiences. Select the option that best describes how much you felt or experienced these things during the past two weeks, including today. Use the following scale to answer:","","I hurt myself on purpose.","A little"
"idas_machado2024","main","IDAS45","Brazilian Version of the Inventory of Depression and Anxiety Symptoms","Portuguese","Abaixo estão listados sentimentos, sensações, problemas e experiências que as pessoas têm em alguns momentos. Leia cada item para determinar o quanto eles descrevem seus sentimentos e experiências atuais. Selecione a opção que melhor descreve o quanto você sentiu ou experienciou as coisas durante as duas últimas semanas, incluindo hoje. Use a seguinte escala para responder:","NA","Meu coração disparou ou bateu forte.","","Um pouco","2","Listed below are feelings, sensations, problems and experiences that people have at times. Read each item to decide how well it describes your current feelings and experiences. Select the option that best describes how much you felt or experienced these things during the past two weeks, including today. Use the following scale to answer:","","My heart raced or pounded.","A little"
"idas_machado2024","main","IDAS85","Brazilian Version of the Inventory of Depression and Anxiety Symptoms","Portuguese","Abaixo estão listados sentimentos, sensações, problemas e experiências que as pessoas têm em alguns momentos. Leia cada item para determinar o quanto eles descrevem seus sentimentos e experiências atuais. Selecione a opção que melhor descreve o quanto você sentiu ou experienciou as coisas durante as duas últimas semanas, incluindo hoje. Use a seguinte escala para responder:","NA","Eu me senti obrigado a seguir certos rituais.","","Um pouco","2","Listed below are feelings, sensations, problems and experiences that people have at times. Read each item to decide how well it describes your current feelings and experiences. Select the option that best describes how much you felt or experienced these things during the past two weeks, including today. Use the following scale to answer:","","I felt compelled to follow certain rituals.","A little"
"idas_machado2024","main","IDAS92","Brazilian Version of the Inventory of Depression and Anxiety Symptoms","Portuguese","Abaixo estão listados sentimentos, sensações, problemas e experiências que as pessoas têm em alguns momentos. Leia cada item para determinar o quanto eles descrevem seus sentimentos e experiências atuais. Selecione a opção que melhor descreve o quanto você sentiu ou experienciou as coisas durante as duas últimas semanas, incluindo hoje. Use a seguinte escala para responder:","NA","Eu senti que podia fazer coisas que as outras pessoas não conseguem.","","Um pouco","2","Listed below are feelings, sensations, problems and experiences that people have at times. Read each item to decide how well it describes your current feelings and experiences. Select the option that best describes how much you felt or experienced these things during the past two weeks, including today. Use the following scale to answer:","","I felt I could do things other people cannot.","A little"
"idas_machado2024","main","IDAS96","Brazilian Version of the Inventory of Depression and Anxiety Symptoms","Portuguese","Abaixo estão listados sentimentos, sensações, problemas e experiências que as pessoas têm em alguns momentos. Leia cada item para determinar o quanto eles descrevem seus sentimentos e experiências atuais. Selecione a opção que melhor descreve o quanto você sentiu ou experienciou as coisas durante as duas últimas semanas, incluindo hoje. Use a seguinte escala para responder:","NA","Eu evitei usar banheiros públicos.","","Um pouco","2","Listed below are feelings, sensations, problems and experiences that people have at times. Read each item to decide how well it describes your current feelings and experiences. Select the option that best describes how much you felt or experienced these things during the past two weeks, including today. Use the following scale to answer:","","I avoided using public toilets.","A little"
"idas_machado2024","main","IDAS44","Brazilian Version of the Inventory of Depression and Anxiety Symptoms","Portuguese","Abaixo estão listados sentimentos, sensações, problemas e experiências que as pessoas têm em alguns momentos. Leia cada item para determinar o quanto eles descrevem seus sentimentos e experiências atuais. Selecione a opção que melhor descreve o quanto você sentiu ou experienciou as coisas durante as duas últimas semanas, incluindo hoje. Use a seguinte escala para responder:","NA","Eu perdi a paciência e gritei com pessoas.","","Um pouco","2","Listed below are feelings, sensations, problems and experiences that people have at times. Read each item to decide how well it describes your current feelings and experiences. Select the option that best describes how much you felt or experienced these things during the past two weeks, including today. Use the following scale to answer:","","I lost my temper and shouted at people.","A little"
"idas_machado2024","main","IDAS66","Brazilian Version of the Inventory of Depression and Anxiety Symptoms","Portuguese","Abaixo estão listados sentimentos, sensações, problemas e experiências que as pessoas têm em alguns momentos. Leia cada item para determinar o quanto eles descrevem seus sentimentos e experiências atuais. Selecione a opção que melhor descreve o quanto você sentiu ou experienciou as coisas durante as duas últimas semanas, incluindo hoje. Use a seguinte escala para responder:","NA","Eu lavei minhas mãos excessivamente.","","Um pouco","2","Listed below are feelings, sensations, problems and experiences that people have at times. Read each item to decide how well it describes your current feelings and experiences. Select the option that best describes how much you felt or experienced these things during the past two weeks, including today. Use the following scale to answer:","","I washed my hands excessively.","A little"
