"table","section_id","item","instrument","instructions","section_prompt","item_text","correct_response","option_text","resp","item_text_translated","option_text_translated","instructions_translated","section_prompt_translated","language","resp_raw"
"enem_2025_1mil_ch","enem_2025_1mil_ch_1",140583,"ENEM 2025 - CH","Exame Nacional do Ensino Médio
ENEM 2025
Prova de Linguagens, Códigos e suas Tecnologias e Redação
Prova de Ciências Humanas e suas Tecnologias
1º dia
Caderno 9 – Laranja
INEP
Ministério da Educação
ATENÇÃO: transcreva no espaço apropriado do seu CARTÃO-RESPOSTA, com sua caligrafia usual, considerando as letras maiúsculas e minúsculas, a seguinte frase:
Cada pessoa deve trabalhar para o seu aperfeiçoamento
LEIA ATENTAMENTE AS INSTRUÇÕES SEGUINTES:
1. Este CADERNO DE QUESTÕES contém 90 questões numeradas de 1 a 90 e a Proposta de Redação, dispostas da seguinte maneira:
a) questões de número 1 a 45, relativas à área de Linguagens, Códigos e suas Tecnologias;
b) Proposta de Redação;
c) questões de número 46 a 90, relativas à área de Ciências Humanas e suas Tecnologias.
ATENÇÃO: as questões de 1 a 5 são relativas à língua estrangeira. Você deverá responder apenas às questões relativas à língua estrangeira (inglês ou espanhol) escolhida no ato de sua inscrição.
2. Confira se a quantidade e a ordem das questões do seu CADERNO DE QUESTÕES estão de acordo com as instruções anteriores. Caso o caderno esteja incompleto, tenha defeito ou apresente qualquer divergência, comunique ao aplicador da sala para que ele tome as providências cabíveis.
3. Para cada uma das questões objetivas, são apresentadas 5 opções. Apenas uma responde corretamente à questão.
4. O tempo disponível para estas provas é de cinco horas e trinta minutos.
5. Reserve tempo suficiente para preencher o CARTÃO-RESPOSTA e a FOLHA DE REDAÇÃO.
6. Os rascunhos e as marcações assinaladas no CADERNO DE QUESTÕES não serão considerados na avaliação.
7. Somente serão corrigidas as redações transcritas na FOLHA DE REDAÇÃO.
8. Quando terminar as provas, acene para chamar o aplicador e entregue este CADERNO DE QUESTÕES, o CARTÃO-RESPOSTA/FOLHA DE REDAÇÃO.
9. Você poderá deixar o local de prova somente após decorridas duas horas do início da aplicação e poderá levar seu CADERNO DE QUESTÕES ao deixar em definitivo a sala de prova nos 30 minutos que antecedem o término das provas.
LINGUAGENS, CÓDIGOS E SUAS TECNOLOGIAS
Questões de 1 a 45
Questões de 1 a 5 (opção inglês)",NA,"A máquina de costura e os fios da memória
Dos 10 aos 15 anos de idade, Virgínia adorava acompanhar seu pai, aos domingos, naquela sinestésica Feira de São Cristóvão (RJ), talvez por ser o maior elo que ela experimentava com o mundo exterior à sua casa e, visto assim e agora, tão íntimo e próximo de algo que ela ainda não sabia, mas que seria, no futuro, a sua própria casa: a Paraíba. Dona Didi costurava, sob medida, camisas sociais, bermudas, shorts, vestidos, saias, sempre em casa e rodeada pelos quatro filhos pequenos do casal, desdobrando-se para dar conta de toda a responsabilidade sem trégua que isso demandava.
Os itinerários afetivos e socioespaciais mencionados no texto associam-se à vida dos personagens por apresentarem","A","histórias conectadas e recordações do lugar.",1,NA,NA,NA,NA,"Portuguese","A"
"enem_2025_1mil_ch","enem_2025_1mil_ch_1",140583,"ENEM 2025 - CH","Exame Nacional do Ensino Médio
ENEM 2025
Prova de Linguagens, Códigos e suas Tecnologias e Redação
Prova de Ciências Humanas e suas Tecnologias
1º dia
Caderno 9 – Laranja
INEP
Ministério da Educação
ATENÇÃO: transcreva no espaço apropriado do seu CARTÃO-RESPOSTA, com sua caligrafia usual, considerando as letras maiúsculas e minúsculas, a seguinte frase:
Cada pessoa deve trabalhar para o seu aperfeiçoamento
LEIA ATENTAMENTE AS INSTRUÇÕES SEGUINTES:
1. Este CADERNO DE QUESTÕES contém 90 questões numeradas de 1 a 90 e a Proposta de Redação, dispostas da seguinte maneira:
a) questões de número 1 a 45, relativas à área de Linguagens, Códigos e suas Tecnologias;
b) Proposta de Redação;
c) questões de número 46 a 90, relativas à área de Ciências Humanas e suas Tecnologias.
ATENÇÃO: as questões de 1 a 5 são relativas à língua estrangeira. Você deverá responder apenas às questões relativas à língua estrangeira (inglês ou espanhol) escolhida no ato de sua inscrição.
2. Confira se a quantidade e a ordem das questões do seu CADERNO DE QUESTÕES estão de acordo com as instruções anteriores. Caso o caderno esteja incompleto, tenha defeito ou apresente qualquer divergência, comunique ao aplicador da sala para que ele tome as providências cabíveis.
3. Para cada uma das questões objetivas, são apresentadas 5 opções. Apenas uma responde corretamente à questão.
4. O tempo disponível para estas provas é de cinco horas e trinta minutos.
5. Reserve tempo suficiente para preencher o CARTÃO-RESPOSTA e a FOLHA DE REDAÇÃO.
6. Os rascunhos e as marcações assinaladas no CADERNO DE QUESTÕES não serão considerados na avaliação.
7. Somente serão corrigidas as redações transcritas na FOLHA DE REDAÇÃO.
8. Quando terminar as provas, acene para chamar o aplicador e entregue este CADERNO DE QUESTÕES, o CARTÃO-RESPOSTA/FOLHA DE REDAÇÃO.
9. Você poderá deixar o local de prova somente após decorridas duas horas do início da aplicação e poderá levar seu CADERNO DE QUESTÕES ao deixar em definitivo a sala de prova nos 30 minutos que antecedem o término das provas.
LINGUAGENS, CÓDIGOS E SUAS TECNOLOGIAS
Questões de 1 a 45
Questões de 1 a 5 (opção inglês)",NA,"A máquina de costura e os fios da memória
Dos 10 aos 15 anos de idade, Virgínia adorava acompanhar seu pai, aos domingos, naquela sinestésica Feira de São Cristóvão (RJ), talvez por ser o maior elo que ela experimentava com o mundo exterior à sua casa e, visto assim e agora, tão íntimo e próximo de algo que ela ainda não sabia, mas que seria, no futuro, a sua própria casa: a Paraíba. Dona Didi costurava, sob medida, camisas sociais, bermudas, shorts, vestidos, saias, sempre em casa e rodeada pelos quatro filhos pequenos do casal, desdobrando-se para dar conta de toda a responsabilidade sem trégua que isso demandava.
Os itinerários afetivos e socioespaciais mencionados no texto associam-se à vida dos personagens por apresentarem","A","direitos trabalhistas e produção industrial.",0,NA,NA,NA,NA,"Portuguese","B"
"enem_2025_1mil_ch","enem_2025_1mil_ch_1",140583,"ENEM 2025 - CH","Exame Nacional do Ensino Médio
ENEM 2025
Prova de Linguagens, Códigos e suas Tecnologias e Redação
Prova de Ciências Humanas e suas Tecnologias
1º dia
Caderno 9 – Laranja
INEP
Ministério da Educação
ATENÇÃO: transcreva no espaço apropriado do seu CARTÃO-RESPOSTA, com sua caligrafia usual, considerando as letras maiúsculas e minúsculas, a seguinte frase:
Cada pessoa deve trabalhar para o seu aperfeiçoamento
LEIA ATENTAMENTE AS INSTRUÇÕES SEGUINTES:
1. Este CADERNO DE QUESTÕES contém 90 questões numeradas de 1 a 90 e a Proposta de Redação, dispostas da seguinte maneira:
a) questões de número 1 a 45, relativas à área de Linguagens, Códigos e suas Tecnologias;
b) Proposta de Redação;
c) questões de número 46 a 90, relativas à área de Ciências Humanas e suas Tecnologias.
ATENÇÃO: as questões de 1 a 5 são relativas à língua estrangeira. Você deverá responder apenas às questões relativas à língua estrangeira (inglês ou espanhol) escolhida no ato de sua inscrição.
2. Confira se a quantidade e a ordem das questões do seu CADERNO DE QUESTÕES estão de acordo com as instruções anteriores. Caso o caderno esteja incompleto, tenha defeito ou apresente qualquer divergência, comunique ao aplicador da sala para que ele tome as providências cabíveis.
3. Para cada uma das questões objetivas, são apresentadas 5 opções. Apenas uma responde corretamente à questão.
4. O tempo disponível para estas provas é de cinco horas e trinta minutos.
5. Reserve tempo suficiente para preencher o CARTÃO-RESPOSTA e a FOLHA DE REDAÇÃO.
6. Os rascunhos e as marcações assinaladas no CADERNO DE QUESTÕES não serão considerados na avaliação.
7. Somente serão corrigidas as redações transcritas na FOLHA DE REDAÇÃO.
8. Quando terminar as provas, acene para chamar o aplicador e entregue este CADERNO DE QUESTÕES, o CARTÃO-RESPOSTA/FOLHA DE REDAÇÃO.
9. Você poderá deixar o local de prova somente após decorridas duas horas do início da aplicação e poderá levar seu CADERNO DE QUESTÕES ao deixar em definitivo a sala de prova nos 30 minutos que antecedem o término das provas.
LINGUAGENS, CÓDIGOS E SUAS TECNOLOGIAS
Questões de 1 a 45
Questões de 1 a 5 (opção inglês)",NA,"A máquina de costura e os fios da memória
Dos 10 aos 15 anos de idade, Virgínia adorava acompanhar seu pai, aos domingos, naquela sinestésica Feira de São Cristóvão (RJ), talvez por ser o maior elo que ela experimentava com o mundo exterior à sua casa e, visto assim e agora, tão íntimo e próximo de algo que ela ainda não sabia, mas que seria, no futuro, a sua própria casa: a Paraíba. Dona Didi costurava, sob medida, camisas sociais, bermudas, shorts, vestidos, saias, sempre em casa e rodeada pelos quatro filhos pequenos do casal, desdobrando-se para dar conta de toda a responsabilidade sem trégua que isso demandava.
Os itinerários afetivos e socioespaciais mencionados no texto associam-se à vida dos personagens por apresentarem","A","preconceitos linguísticos e dinâmicas territoriais.",0,NA,NA,NA,NA,"Portuguese","C"
"enem_2025_1mil_ch","enem_2025_1mil_ch_1",140583,"ENEM 2025 - CH","Exame Nacional do Ensino Médio
ENEM 2025
Prova de Linguagens, Códigos e suas Tecnologias e Redação
Prova de Ciências Humanas e suas Tecnologias
1º dia
Caderno 9 – Laranja
INEP
Ministério da Educação
ATENÇÃO: transcreva no espaço apropriado do seu CARTÃO-RESPOSTA, com sua caligrafia usual, considerando as letras maiúsculas e minúsculas, a seguinte frase:
Cada pessoa deve trabalhar para o seu aperfeiçoamento
LEIA ATENTAMENTE AS INSTRUÇÕES SEGUINTES:
1. Este CADERNO DE QUESTÕES contém 90 questões numeradas de 1 a 90 e a Proposta de Redação, dispostas da seguinte maneira:
a) questões de número 1 a 45, relativas à área de Linguagens, Códigos e suas Tecnologias;
b) Proposta de Redação;
c) questões de número 46 a 90, relativas à área de Ciências Humanas e suas Tecnologias.
ATENÇÃO: as questões de 1 a 5 são relativas à língua estrangeira. Você deverá responder apenas às questões relativas à língua estrangeira (inglês ou espanhol) escolhida no ato de sua inscrição.
2. Confira se a quantidade e a ordem das questões do seu CADERNO DE QUESTÕES estão de acordo com as instruções anteriores. Caso o caderno esteja incompleto, tenha defeito ou apresente qualquer divergência, comunique ao aplicador da sala para que ele tome as providências cabíveis.
3. Para cada uma das questões objetivas, são apresentadas 5 opções. Apenas uma responde corretamente à questão.
4. O tempo disponível para estas provas é de cinco horas e trinta minutos.
5. Reserve tempo suficiente para preencher o CARTÃO-RESPOSTA e a FOLHA DE REDAÇÃO.
6. Os rascunhos e as marcações assinaladas no CADERNO DE QUESTÕES não serão considerados na avaliação.
7. Somente serão corrigidas as redações transcritas na FOLHA DE REDAÇÃO.
8. Quando terminar as provas, acene para chamar o aplicador e entregue este CADERNO DE QUESTÕES, o CARTÃO-RESPOSTA/FOLHA DE REDAÇÃO.
9. Você poderá deixar o local de prova somente após decorridas duas horas do início da aplicação e poderá levar seu CADERNO DE QUESTÕES ao deixar em definitivo a sala de prova nos 30 minutos que antecedem o término das provas.
LINGUAGENS, CÓDIGOS E SUAS TECNOLOGIAS
Questões de 1 a 45
Questões de 1 a 5 (opção inglês)",NA,"A máquina de costura e os fios da memória
Dos 10 aos 15 anos de idade, Virgínia adorava acompanhar seu pai, aos domingos, naquela sinestésica Feira de São Cristóvão (RJ), talvez por ser o maior elo que ela experimentava com o mundo exterior à sua casa e, visto assim e agora, tão íntimo e próximo de algo que ela ainda não sabia, mas que seria, no futuro, a sua própria casa: a Paraíba. Dona Didi costurava, sob medida, camisas sociais, bermudas, shorts, vestidos, saias, sempre em casa e rodeada pelos quatro filhos pequenos do casal, desdobrando-se para dar conta de toda a responsabilidade sem trégua que isso demandava.
Os itinerários afetivos e socioespaciais mencionados no texto associam-se à vida dos personagens por apresentarem","A","lembranças fabris e discriminação dos operários.",0,NA,NA,NA,NA,"Portuguese","D"
"enem_2025_1mil_ch","enem_2025_1mil_ch_1",140583,"ENEM 2025 - CH","Exame Nacional do Ensino Médio
ENEM 2025
Prova de Linguagens, Códigos e suas Tecnologias e Redação
Prova de Ciências Humanas e suas Tecnologias
1º dia
Caderno 9 – Laranja
INEP
Ministério da Educação
ATENÇÃO: transcreva no espaço apropriado do seu CARTÃO-RESPOSTA, com sua caligrafia usual, considerando as letras maiúsculas e minúsculas, a seguinte frase:
Cada pessoa deve trabalhar para o seu aperfeiçoamento
LEIA ATENTAMENTE AS INSTRUÇÕES SEGUINTES:
1. Este CADERNO DE QUESTÕES contém 90 questões numeradas de 1 a 90 e a Proposta de Redação, dispostas da seguinte maneira:
a) questões de número 1 a 45, relativas à área de Linguagens, Códigos e suas Tecnologias;
b) Proposta de Redação;
c) questões de número 46 a 90, relativas à área de Ciências Humanas e suas Tecnologias.
ATENÇÃO: as questões de 1 a 5 são relativas à língua estrangeira. Você deverá responder apenas às questões relativas à língua estrangeira (inglês ou espanhol) escolhida no ato de sua inscrição.
2. Confira se a quantidade e a ordem das questões do seu CADERNO DE QUESTÕES estão de acordo com as instruções anteriores. Caso o caderno esteja incompleto, tenha defeito ou apresente qualquer divergência, comunique ao aplicador da sala para que ele tome as providências cabíveis.
3. Para cada uma das questões objetivas, são apresentadas 5 opções. Apenas uma responde corretamente à questão.
4. O tempo disponível para estas provas é de cinco horas e trinta minutos.
5. Reserve tempo suficiente para preencher o CARTÃO-RESPOSTA e a FOLHA DE REDAÇÃO.
6. Os rascunhos e as marcações assinaladas no CADERNO DE QUESTÕES não serão considerados na avaliação.
7. Somente serão corrigidas as redações transcritas na FOLHA DE REDAÇÃO.
8. Quando terminar as provas, acene para chamar o aplicador e entregue este CADERNO DE QUESTÕES, o CARTÃO-RESPOSTA/FOLHA DE REDAÇÃO.
9. Você poderá deixar o local de prova somente após decorridas duas horas do início da aplicação e poderá levar seu CADERNO DE QUESTÕES ao deixar em definitivo a sala de prova nos 30 minutos que antecedem o término das provas.
LINGUAGENS, CÓDIGOS E SUAS TECNOLOGIAS
Questões de 1 a 45
Questões de 1 a 5 (opção inglês)",NA,"A máquina de costura e os fios da memória
Dos 10 aos 15 anos de idade, Virgínia adorava acompanhar seu pai, aos domingos, naquela sinestésica Feira de São Cristóvão (RJ), talvez por ser o maior elo que ela experimentava com o mundo exterior à sua casa e, visto assim e agora, tão íntimo e próximo de algo que ela ainda não sabia, mas que seria, no futuro, a sua própria casa: a Paraíba. Dona Didi costurava, sob medida, camisas sociais, bermudas, shorts, vestidos, saias, sempre em casa e rodeada pelos quatro filhos pequenos do casal, desdobrando-se para dar conta de toda a responsabilidade sem trégua que isso demandava.
Os itinerários afetivos e socioespaciais mencionados no texto associam-se à vida dos personagens por apresentarem","A","experiências profissionais e segregação regional.",0,NA,NA,NA,NA,"Portuguese","E"
"enem_2025_1mil_ch","enem_2025_1mil_ch_1",55300,"ENEM 2025 - CH","Exame Nacional do Ensino Médio
ENEM 2025
Prova de Linguagens, Códigos e suas Tecnologias e Redação
Prova de Ciências Humanas e suas Tecnologias
1º dia
Caderno 9 – Laranja
INEP
Ministério da Educação
ATENÇÃO: transcreva no espaço apropriado do seu CARTÃO-RESPOSTA, com sua caligrafia usual, considerando as letras maiúsculas e minúsculas, a seguinte frase:
Cada pessoa deve trabalhar para o seu aperfeiçoamento
LEIA ATENTAMENTE AS INSTRUÇÕES SEGUINTES:
1. Este CADERNO DE QUESTÕES contém 90 questões numeradas de 1 a 90 e a Proposta de Redação, dispostas da seguinte maneira:
a) questões de número 1 a 45, relativas à área de Linguagens, Códigos e suas Tecnologias;
b) Proposta de Redação;
c) questões de número 46 a 90, relativas à área de Ciências Humanas e suas Tecnologias.
ATENÇÃO: as questões de 1 a 5 são relativas à língua estrangeira. Você deverá responder apenas às questões relativas à língua estrangeira (inglês ou espanhol) escolhida no ato de sua inscrição.
2. Confira se a quantidade e a ordem das questões do seu CADERNO DE QUESTÕES estão de acordo com as instruções anteriores. Caso o caderno esteja incompleto, tenha defeito ou apresente qualquer divergência, comunique ao aplicador da sala para que ele tome as providências cabíveis.
3. Para cada uma das questões objetivas, são apresentadas 5 opções. Apenas uma responde corretamente à questão.
4. O tempo disponível para estas provas é de cinco horas e trinta minutos.
5. Reserve tempo suficiente para preencher o CARTÃO-RESPOSTA e a FOLHA DE REDAÇÃO.
6. Os rascunhos e as marcações assinaladas no CADERNO DE QUESTÕES não serão considerados na avaliação.
7. Somente serão corrigidas as redações transcritas na FOLHA DE REDAÇÃO.
8. Quando terminar as provas, acene para chamar o aplicador e entregue este CADERNO DE QUESTÕES, o CARTÃO-RESPOSTA/FOLHA DE REDAÇÃO.
9. Você poderá deixar o local de prova somente após decorridas duas horas do início da aplicação e poderá levar seu CADERNO DE QUESTÕES ao deixar em definitivo a sala de prova nos 30 minutos que antecedem o término das provas.
LINGUAGENS, CÓDIGOS E SUAS TECNOLOGIAS
Questões de 1 a 45
Questões de 1 a 5 (opção inglês)",NA,"Cidadania no Brasil
José Murilo de Carvalho
Em 1872, havia mais de 1 milhão de votantes, correspondentes a 13 por cento da população livre. Em 1886, votaram nas eleições parlamentares pouco mais de 100 mil eleitores, ou 0,8 por cento da população total. Houve um corte de quase 90 por cento do eleitorado. O dado é chocante, sobretudo se lembrarmos que a tendência de todos os países europeus da época era na direção de ampliar os direitos políticos. O mais grave é que esse retrocesso foi duradouro. A Proclamação da República não alterou o quadro.
De acordo com o texto, a participação no processo eleitoral brasileiro após a Reforma de 1881 sofreu uma variação que se explica pela","D","restrição de gênero.",0,NA,NA,NA,NA,"Portuguese","A"
"enem_2025_1mil_ch","enem_2025_1mil_ch_1",55300,"ENEM 2025 - CH","Exame Nacional do Ensino Médio
ENEM 2025
Prova de Linguagens, Códigos e suas Tecnologias e Redação
Prova de Ciências Humanas e suas Tecnologias
1º dia
Caderno 9 – Laranja
INEP
Ministério da Educação
ATENÇÃO: transcreva no espaço apropriado do seu CARTÃO-RESPOSTA, com sua caligrafia usual, considerando as letras maiúsculas e minúsculas, a seguinte frase:
Cada pessoa deve trabalhar para o seu aperfeiçoamento
LEIA ATENTAMENTE AS INSTRUÇÕES SEGUINTES:
1. Este CADERNO DE QUESTÕES contém 90 questões numeradas de 1 a 90 e a Proposta de Redação, dispostas da seguinte maneira:
a) questões de número 1 a 45, relativas à área de Linguagens, Códigos e suas Tecnologias;
b) Proposta de Redação;
c) questões de número 46 a 90, relativas à área de Ciências Humanas e suas Tecnologias.
ATENÇÃO: as questões de 1 a 5 são relativas à língua estrangeira. Você deverá responder apenas às questões relativas à língua estrangeira (inglês ou espanhol) escolhida no ato de sua inscrição.
2. Confira se a quantidade e a ordem das questões do seu CADERNO DE QUESTÕES estão de acordo com as instruções anteriores. Caso o caderno esteja incompleto, tenha defeito ou apresente qualquer divergência, comunique ao aplicador da sala para que ele tome as providências cabíveis.
3. Para cada uma das questões objetivas, são apresentadas 5 opções. Apenas uma responde corretamente à questão.
4. O tempo disponível para estas provas é de cinco horas e trinta minutos.
5. Reserve tempo suficiente para preencher o CARTÃO-RESPOSTA e a FOLHA DE REDAÇÃO.
6. Os rascunhos e as marcações assinaladas no CADERNO DE QUESTÕES não serão considerados na avaliação.
7. Somente serão corrigidas as redações transcritas na FOLHA DE REDAÇÃO.
8. Quando terminar as provas, acene para chamar o aplicador e entregue este CADERNO DE QUESTÕES, o CARTÃO-RESPOSTA/FOLHA DE REDAÇÃO.
9. Você poderá deixar o local de prova somente após decorridas duas horas do início da aplicação e poderá levar seu CADERNO DE QUESTÕES ao deixar em definitivo a sala de prova nos 30 minutos que antecedem o término das provas.
LINGUAGENS, CÓDIGOS E SUAS TECNOLOGIAS
Questões de 1 a 45
Questões de 1 a 5 (opção inglês)",NA,"Cidadania no Brasil
José Murilo de Carvalho
Em 1872, havia mais de 1 milhão de votantes, correspondentes a 13 por cento da população livre. Em 1886, votaram nas eleições parlamentares pouco mais de 100 mil eleitores, ou 0,8 por cento da população total. Houve um corte de quase 90 por cento do eleitorado. O dado é chocante, sobretudo se lembrarmos que a tendência de todos os países europeus da época era na direção de ampliar os direitos políticos. O mais grave é que esse retrocesso foi duradouro. A Proclamação da República não alterou o quadro.
De acordo com o texto, a participação no processo eleitoral brasileiro após a Reforma de 1881 sofreu uma variação que se explica pela","D","exclusão de imigrantes.",0,NA,NA,NA,NA,"Portuguese","B"
"enem_2025_1mil_ch","enem_2025_1mil_ch_1",55300,"ENEM 2025 - CH","Exame Nacional do Ensino Médio
ENEM 2025
Prova de Linguagens, Códigos e suas Tecnologias e Redação
Prova de Ciências Humanas e suas Tecnologias
1º dia
Caderno 9 – Laranja
INEP
Ministério da Educação
ATENÇÃO: transcreva no espaço apropriado do seu CARTÃO-RESPOSTA, com sua caligrafia usual, considerando as letras maiúsculas e minúsculas, a seguinte frase:
Cada pessoa deve trabalhar para o seu aperfeiçoamento
LEIA ATENTAMENTE AS INSTRUÇÕES SEGUINTES:
1. Este CADERNO DE QUESTÕES contém 90 questões numeradas de 1 a 90 e a Proposta de Redação, dispostas da seguinte maneira:
a) questões de número 1 a 45, relativas à área de Linguagens, Códigos e suas Tecnologias;
b) Proposta de Redação;
c) questões de número 46 a 90, relativas à área de Ciências Humanas e suas Tecnologias.
ATENÇÃO: as questões de 1 a 5 são relativas à língua estrangeira. Você deverá responder apenas às questões relativas à língua estrangeira (inglês ou espanhol) escolhida no ato de sua inscrição.
2. Confira se a quantidade e a ordem das questões do seu CADERNO DE QUESTÕES estão de acordo com as instruções anteriores. Caso o caderno esteja incompleto, tenha defeito ou apresente qualquer divergência, comunique ao aplicador da sala para que ele tome as providências cabíveis.
3. Para cada uma das questões objetivas, são apresentadas 5 opções. Apenas uma responde corretamente à questão.
4. O tempo disponível para estas provas é de cinco horas e trinta minutos.
5. Reserve tempo suficiente para preencher o CARTÃO-RESPOSTA e a FOLHA DE REDAÇÃO.
6. Os rascunhos e as marcações assinaladas no CADERNO DE QUESTÕES não serão considerados na avaliação.
7. Somente serão corrigidas as redações transcritas na FOLHA DE REDAÇÃO.
8. Quando terminar as provas, acene para chamar o aplicador e entregue este CADERNO DE QUESTÕES, o CARTÃO-RESPOSTA/FOLHA DE REDAÇÃO.
9. Você poderá deixar o local de prova somente após decorridas duas horas do início da aplicação e poderá levar seu CADERNO DE QUESTÕES ao deixar em definitivo a sala de prova nos 30 minutos que antecedem o término das provas.
LINGUAGENS, CÓDIGOS E SUAS TECNOLOGIAS
Questões de 1 a 45
Questões de 1 a 5 (opção inglês)",NA,"Cidadania no Brasil
José Murilo de Carvalho
Em 1872, havia mais de 1 milhão de votantes, correspondentes a 13 por cento da população livre. Em 1886, votaram nas eleições parlamentares pouco mais de 100 mil eleitores, ou 0,8 por cento da população total. Houve um corte de quase 90 por cento do eleitorado. O dado é chocante, sobretudo se lembrarmos que a tendência de todos os países europeus da época era na direção de ampliar os direitos políticos. O mais grave é que esse retrocesso foi duradouro. A Proclamação da República não alterou o quadro.
De acordo com o texto, a participação no processo eleitoral brasileiro após a Reforma de 1881 sofreu uma variação que se explica pela","D","comprovação de domicílio.",0,NA,NA,NA,NA,"Portuguese","C"
"enem_2025_1mil_ch","enem_2025_1mil_ch_1",55300,"ENEM 2025 - CH","Exame Nacional do Ensino Médio
ENEM 2025
Prova de Linguagens, Códigos e suas Tecnologias e Redação
Prova de Ciências Humanas e suas Tecnologias
1º dia
Caderno 9 – Laranja
INEP
Ministério da Educação
ATENÇÃO: transcreva no espaço apropriado do seu CARTÃO-RESPOSTA, com sua caligrafia usual, considerando as letras maiúsculas e minúsculas, a seguinte frase:
Cada pessoa deve trabalhar para o seu aperfeiçoamento
LEIA ATENTAMENTE AS INSTRUÇÕES SEGUINTES:
1. Este CADERNO DE QUESTÕES contém 90 questões numeradas de 1 a 90 e a Proposta de Redação, dispostas da seguinte maneira:
a) questões de número 1 a 45, relativas à área de Linguagens, Códigos e suas Tecnologias;
b) Proposta de Redação;
c) questões de número 46 a 90, relativas à área de Ciências Humanas e suas Tecnologias.
ATENÇÃO: as questões de 1 a 5 são relativas à língua estrangeira. Você deverá responder apenas às questões relativas à língua estrangeira (inglês ou espanhol) escolhida no ato de sua inscrição.
2. Confira se a quantidade e a ordem das questões do seu CADERNO DE QUESTÕES estão de acordo com as instruções anteriores. Caso o caderno esteja incompleto, tenha defeito ou apresente qualquer divergência, comunique ao aplicador da sala para que ele tome as providências cabíveis.
3. Para cada uma das questões objetivas, são apresentadas 5 opções. Apenas uma responde corretamente à questão.
4. O tempo disponível para estas provas é de cinco horas e trinta minutos.
5. Reserve tempo suficiente para preencher o CARTÃO-RESPOSTA e a FOLHA DE REDAÇÃO.
6. Os rascunhos e as marcações assinaladas no CADERNO DE QUESTÕES não serão considerados na avaliação.
7. Somente serão corrigidas as redações transcritas na FOLHA DE REDAÇÃO.
8. Quando terminar as provas, acene para chamar o aplicador e entregue este CADERNO DE QUESTÕES, o CARTÃO-RESPOSTA/FOLHA DE REDAÇÃO.
9. Você poderá deixar o local de prova somente após decorridas duas horas do início da aplicação e poderá levar seu CADERNO DE QUESTÕES ao deixar em definitivo a sala de prova nos 30 minutos que antecedem o término das provas.
LINGUAGENS, CÓDIGOS E SUAS TECNOLOGIAS
Questões de 1 a 45
Questões de 1 a 5 (opção inglês)",NA,"Cidadania no Brasil
José Murilo de Carvalho
Em 1872, havia mais de 1 milhão de votantes, correspondentes a 13 por cento da população livre. Em 1886, votaram nas eleições parlamentares pouco mais de 100 mil eleitores, ou 0,8 por cento da população total. Houve um corte de quase 90 por cento do eleitorado. O dado é chocante, sobretudo se lembrarmos que a tendência de todos os países europeus da época era na direção de ampliar os direitos políticos. O mais grave é que esse retrocesso foi duradouro. A Proclamação da República não alterou o quadro.
De acordo com o texto, a participação no processo eleitoral brasileiro após a Reforma de 1881 sofreu uma variação que se explica pela","D","exigência da alfabetização.",1,NA,NA,NA,NA,"Portuguese","D"
"enem_2025_1mil_ch","enem_2025_1mil_ch_1",55300,"ENEM 2025 - CH","Exame Nacional do Ensino Médio
ENEM 2025
Prova de Linguagens, Códigos e suas Tecnologias e Redação
Prova de Ciências Humanas e suas Tecnologias
1º dia
Caderno 9 – Laranja
INEP
Ministério da Educação
ATENÇÃO: transcreva no espaço apropriado do seu CARTÃO-RESPOSTA, com sua caligrafia usual, considerando as letras maiúsculas e minúsculas, a seguinte frase:
Cada pessoa deve trabalhar para o seu aperfeiçoamento
LEIA ATENTAMENTE AS INSTRUÇÕES SEGUINTES:
1. Este CADERNO DE QUESTÕES contém 90 questões numeradas de 1 a 90 e a Proposta de Redação, dispostas da seguinte maneira:
a) questões de número 1 a 45, relativas à área de Linguagens, Códigos e suas Tecnologias;
b) Proposta de Redação;
c) questões de número 46 a 90, relativas à área de Ciências Humanas e suas Tecnologias.
ATENÇÃO: as questões de 1 a 5 são relativas à língua estrangeira. Você deverá responder apenas às questões relativas à língua estrangeira (inglês ou espanhol) escolhida no ato de sua inscrição.
2. Confira se a quantidade e a ordem das questões do seu CADERNO DE QUESTÕES estão de acordo com as instruções anteriores. Caso o caderno esteja incompleto, tenha defeito ou apresente qualquer divergência, comunique ao aplicador da sala para que ele tome as providências cabíveis.
3. Para cada uma das questões objetivas, são apresentadas 5 opções. Apenas uma responde corretamente à questão.
4. O tempo disponível para estas provas é de cinco horas e trinta minutos.
5. Reserve tempo suficiente para preencher o CARTÃO-RESPOSTA e a FOLHA DE REDAÇÃO.
6. Os rascunhos e as marcações assinaladas no CADERNO DE QUESTÕES não serão considerados na avaliação.
7. Somente serão corrigidas as redações transcritas na FOLHA DE REDAÇÃO.
8. Quando terminar as provas, acene para chamar o aplicador e entregue este CADERNO DE QUESTÕES, o CARTÃO-RESPOSTA/FOLHA DE REDAÇÃO.
9. Você poderá deixar o local de prova somente após decorridas duas horas do início da aplicação e poderá levar seu CADERNO DE QUESTÕES ao deixar em definitivo a sala de prova nos 30 minutos que antecedem o término das provas.
LINGUAGENS, CÓDIGOS E SUAS TECNOLOGIAS
Questões de 1 a 45
Questões de 1 a 5 (opção inglês)",NA,"Cidadania no Brasil
José Murilo de Carvalho
Em 1872, havia mais de 1 milhão de votantes, correspondentes a 13 por cento da população livre. Em 1886, votaram nas eleições parlamentares pouco mais de 100 mil eleitores, ou 0,8 por cento da população total. Houve um corte de quase 90 por cento do eleitorado. O dado é chocante, sobretudo se lembrarmos que a tendência de todos os países europeus da época era na direção de ampliar os direitos políticos. O mais grave é que esse retrocesso foi duradouro. A Proclamação da República não alterou o quadro.
De acordo com o texto, a participação no processo eleitoral brasileiro após a Reforma de 1881 sofreu uma variação que se explica pela","D","obrigatoriedade do sufrágio.",0,NA,NA,NA,NA,"Portuguese","E"
"enem_2025_1mil_ch","enem_2025_1mil_ch_1",140491,"ENEM 2025 - CH","Exame Nacional do Ensino Médio
ENEM 2025
Prova de Linguagens, Códigos e suas Tecnologias e Redação
Prova de Ciências Humanas e suas Tecnologias
1º dia
Caderno 9 – Laranja
INEP
Ministério da Educação
ATENÇÃO: transcreva no espaço apropriado do seu CARTÃO-RESPOSTA, com sua caligrafia usual, considerando as letras maiúsculas e minúsculas, a seguinte frase:
Cada pessoa deve trabalhar para o seu aperfeiçoamento
LEIA ATENTAMENTE AS INSTRUÇÕES SEGUINTES:
1. Este CADERNO DE QUESTÕES contém 90 questões numeradas de 1 a 90 e a Proposta de Redação, dispostas da seguinte maneira:
a) questões de número 1 a 45, relativas à área de Linguagens, Códigos e suas Tecnologias;
b) Proposta de Redação;
c) questões de número 46 a 90, relativas à área de Ciências Humanas e suas Tecnologias.
ATENÇÃO: as questões de 1 a 5 são relativas à língua estrangeira. Você deverá responder apenas às questões relativas à língua estrangeira (inglês ou espanhol) escolhida no ato de sua inscrição.
2. Confira se a quantidade e a ordem das questões do seu CADERNO DE QUESTÕES estão de acordo com as instruções anteriores. Caso o caderno esteja incompleto, tenha defeito ou apresente qualquer divergência, comunique ao aplicador da sala para que ele tome as providências cabíveis.
3. Para cada uma das questões objetivas, são apresentadas 5 opções. Apenas uma responde corretamente à questão.
4. O tempo disponível para estas provas é de cinco horas e trinta minutos.
5. Reserve tempo suficiente para preencher o CARTÃO-RESPOSTA e a FOLHA DE REDAÇÃO.
6. Os rascunhos e as marcações assinaladas no CADERNO DE QUESTÕES não serão considerados na avaliação.
7. Somente serão corrigidas as redações transcritas na FOLHA DE REDAÇÃO.
8. Quando terminar as provas, acene para chamar o aplicador e entregue este CADERNO DE QUESTÕES, o CARTÃO-RESPOSTA/FOLHA DE REDAÇÃO.
9. Você poderá deixar o local de prova somente após decorridas duas horas do início da aplicação e poderá levar seu CADERNO DE QUESTÕES ao deixar em definitivo a sala de prova nos 30 minutos que antecedem o término das provas.
LINGUAGENS, CÓDIGOS E SUAS TECNOLOGIAS
Questões de 1 a 45
Questões de 1 a 5 (opção inglês)",NA,"Pela falta de chuvas, a geração de energia eólica, solar e térmica atingiu níveis recordes em agosto de 2021, quando as hidrelétricas ficaram com cerca de 50 por cento do total. Para um professor da Universidade Federal da Bahia, essa queda não é uma surpresa. ""Não aconteceu de uma hora para outra. Se olharmos o mapa do Brasil, um dos grandes provedores de água é a Floresta Amazônica. Se você diminui a floresta, diminui a quantidade de água que vai para a atmosfera"", explica.
De acordo com o texto, a dificuldade na produção de energia é causada pela alteração da(s)","B","variável em pesquisas meteorológicas.",0,NA,NA,NA,NA,"Portuguese","A"
"enem_2025_1mil_ch","enem_2025_1mil_ch_1",140491,"ENEM 2025 - CH","Exame Nacional do Ensino Médio
ENEM 2025
Prova de Linguagens, Códigos e suas Tecnologias e Redação
Prova de Ciências Humanas e suas Tecnologias
1º dia
Caderno 9 – Laranja
INEP
Ministério da Educação
ATENÇÃO: transcreva no espaço apropriado do seu CARTÃO-RESPOSTA, com sua caligrafia usual, considerando as letras maiúsculas e minúsculas, a seguinte frase:
Cada pessoa deve trabalhar para o seu aperfeiçoamento
LEIA ATENTAMENTE AS INSTRUÇÕES SEGUINTES:
1. Este CADERNO DE QUESTÕES contém 90 questões numeradas de 1 a 90 e a Proposta de Redação, dispostas da seguinte maneira:
a) questões de número 1 a 45, relativas à área de Linguagens, Códigos e suas Tecnologias;
b) Proposta de Redação;
c) questões de número 46 a 90, relativas à área de Ciências Humanas e suas Tecnologias.
ATENÇÃO: as questões de 1 a 5 são relativas à língua estrangeira. Você deverá responder apenas às questões relativas à língua estrangeira (inglês ou espanhol) escolhida no ato de sua inscrição.
2. Confira se a quantidade e a ordem das questões do seu CADERNO DE QUESTÕES estão de acordo com as instruções anteriores. Caso o caderno esteja incompleto, tenha defeito ou apresente qualquer divergência, comunique ao aplicador da sala para que ele tome as providências cabíveis.
3. Para cada uma das questões objetivas, são apresentadas 5 opções. Apenas uma responde corretamente à questão.
4. O tempo disponível para estas provas é de cinco horas e trinta minutos.
5. Reserve tempo suficiente para preencher o CARTÃO-RESPOSTA e a FOLHA DE REDAÇÃO.
6. Os rascunhos e as marcações assinaladas no CADERNO DE QUESTÕES não serão considerados na avaliação.
7. Somente serão corrigidas as redações transcritas na FOLHA DE REDAÇÃO.
8. Quando terminar as provas, acene para chamar o aplicador e entregue este CADERNO DE QUESTÕES, o CARTÃO-RESPOSTA/FOLHA DE REDAÇÃO.
9. Você poderá deixar o local de prova somente após decorridas duas horas do início da aplicação e poderá levar seu CADERNO DE QUESTÕES ao deixar em definitivo a sala de prova nos 30 minutos que antecedem o término das provas.
LINGUAGENS, CÓDIGOS E SUAS TECNOLOGIAS
Questões de 1 a 45
Questões de 1 a 5 (opção inglês)",NA,"Pela falta de chuvas, a geração de energia eólica, solar e térmica atingiu níveis recordes em agosto de 2021, quando as hidrelétricas ficaram com cerca de 50 por cento do total. Para um professor da Universidade Federal da Bahia, essa queda não é uma surpresa. ""Não aconteceu de uma hora para outra. Se olharmos o mapa do Brasil, um dos grandes provedores de água é a Floresta Amazônica. Se você diminui a floresta, diminui a quantidade de água que vai para a atmosfera"", explica.
De acordo com o texto, a dificuldade na produção de energia é causada pela alteração da(s)","B","paisagem em locais estratégicos.",1,NA,NA,NA,NA,"Portuguese","B"
"enem_2025_1mil_ch","enem_2025_1mil_ch_1",140491,"ENEM 2025 - CH","Exame Nacional do Ensino Médio
ENEM 2025
Prova de Linguagens, Códigos e suas Tecnologias e Redação
Prova de Ciências Humanas e suas Tecnologias
1º dia
Caderno 9 – Laranja
INEP
Ministério da Educação
ATENÇÃO: transcreva no espaço apropriado do seu CARTÃO-RESPOSTA, com sua caligrafia usual, considerando as letras maiúsculas e minúsculas, a seguinte frase:
Cada pessoa deve trabalhar para o seu aperfeiçoamento
LEIA ATENTAMENTE AS INSTRUÇÕES SEGUINTES:
1. Este CADERNO DE QUESTÕES contém 90 questões numeradas de 1 a 90 e a Proposta de Redação, dispostas da seguinte maneira:
a) questões de número 1 a 45, relativas à área de Linguagens, Códigos e suas Tecnologias;
b) Proposta de Redação;
c) questões de número 46 a 90, relativas à área de Ciências Humanas e suas Tecnologias.
ATENÇÃO: as questões de 1 a 5 são relativas à língua estrangeira. Você deverá responder apenas às questões relativas à língua estrangeira (inglês ou espanhol) escolhida no ato de sua inscrição.
2. Confira se a quantidade e a ordem das questões do seu CADERNO DE QUESTÕES estão de acordo com as instruções anteriores. Caso o caderno esteja incompleto, tenha defeito ou apresente qualquer divergência, comunique ao aplicador da sala para que ele tome as providências cabíveis.
3. Para cada uma das questões objetivas, são apresentadas 5 opções. Apenas uma responde corretamente à questão.
4. O tempo disponível para estas provas é de cinco horas e trinta minutos.
5. Reserve tempo suficiente para preencher o CARTÃO-RESPOSTA e a FOLHA DE REDAÇÃO.
6. Os rascunhos e as marcações assinaladas no CADERNO DE QUESTÕES não serão considerados na avaliação.
7. Somente serão corrigidas as redações transcritas na FOLHA DE REDAÇÃO.
8. Quando terminar as provas, acene para chamar o aplicador e entregue este CADERNO DE QUESTÕES, o CARTÃO-RESPOSTA/FOLHA DE REDAÇÃO.
9. Você poderá deixar o local de prova somente após decorridas duas horas do início da aplicação e poderá levar seu CADERNO DE QUESTÕES ao deixar em definitivo a sala de prova nos 30 minutos que antecedem o término das provas.
LINGUAGENS, CÓDIGOS E SUAS TECNOLOGIAS
Questões de 1 a 45
Questões de 1 a 5 (opção inglês)",NA,"Pela falta de chuvas, a geração de energia eólica, solar e térmica atingiu níveis recordes em agosto de 2021, quando as hidrelétricas ficaram com cerca de 50 por cento do total. Para um professor da Universidade Federal da Bahia, essa queda não é uma surpresa. ""Não aconteceu de uma hora para outra. Se olharmos o mapa do Brasil, um dos grandes provedores de água é a Floresta Amazônica. Se você diminui a floresta, diminui a quantidade de água que vai para a atmosfera"", explica.
De acordo com o texto, a dificuldade na produção de energia é causada pela alteração da(s)","B","demandas em regiões industriais.",0,NA,NA,NA,NA,"Portuguese","C"
"enem_2025_1mil_ch","enem_2025_1mil_ch_1",140491,"ENEM 2025 - CH","Exame Nacional do Ensino Médio
ENEM 2025
Prova de Linguagens, Códigos e suas Tecnologias e Redação
Prova de Ciências Humanas e suas Tecnologias
1º dia
Caderno 9 – Laranja
INEP
Ministério da Educação
ATENÇÃO: transcreva no espaço apropriado do seu CARTÃO-RESPOSTA, com sua caligrafia usual, considerando as letras maiúsculas e minúsculas, a seguinte frase:
Cada pessoa deve trabalhar para o seu aperfeiçoamento
LEIA ATENTAMENTE AS INSTRUÇÕES SEGUINTES:
1. Este CADERNO DE QUESTÕES contém 90 questões numeradas de 1 a 90 e a Proposta de Redação, dispostas da seguinte maneira:
a) questões de número 1 a 45, relativas à área de Linguagens, Códigos e suas Tecnologias;
b) Proposta de Redação;
c) questões de número 46 a 90, relativas à área de Ciências Humanas e suas Tecnologias.
ATENÇÃO: as questões de 1 a 5 são relativas à língua estrangeira. Você deverá responder apenas às questões relativas à língua estrangeira (inglês ou espanhol) escolhida no ato de sua inscrição.
2. Confira se a quantidade e a ordem das questões do seu CADERNO DE QUESTÕES estão de acordo com as instruções anteriores. Caso o caderno esteja incompleto, tenha defeito ou apresente qualquer divergência, comunique ao aplicador da sala para que ele tome as providências cabíveis.
3. Para cada uma das questões objetivas, são apresentadas 5 opções. Apenas uma responde corretamente à questão.
4. O tempo disponível para estas provas é de cinco horas e trinta minutos.
5. Reserve tempo suficiente para preencher o CARTÃO-RESPOSTA e a FOLHA DE REDAÇÃO.
6. Os rascunhos e as marcações assinaladas no CADERNO DE QUESTÕES não serão considerados na avaliação.
7. Somente serão corrigidas as redações transcritas na FOLHA DE REDAÇÃO.
8. Quando terminar as provas, acene para chamar o aplicador e entregue este CADERNO DE QUESTÕES, o CARTÃO-RESPOSTA/FOLHA DE REDAÇÃO.
9. Você poderá deixar o local de prova somente após decorridas duas horas do início da aplicação e poderá levar seu CADERNO DE QUESTÕES ao deixar em definitivo a sala de prova nos 30 minutos que antecedem o término das provas.
LINGUAGENS, CÓDIGOS E SUAS TECNOLOGIAS
Questões de 1 a 45
Questões de 1 a 5 (opção inglês)",NA,"Pela falta de chuvas, a geração de energia eólica, solar e térmica atingiu níveis recordes em agosto de 2021, quando as hidrelétricas ficaram com cerca de 50 por cento do total. Para um professor da Universidade Federal da Bahia, essa queda não é uma surpresa. ""Não aconteceu de uma hora para outra. Se olharmos o mapa do Brasil, um dos grandes provedores de água é a Floresta Amazônica. Se você diminui a floresta, diminui a quantidade de água que vai para a atmosfera"", explica.
De acordo com o texto, a dificuldade na produção de energia é causada pela alteração da(s)","B","metas em acordos climáticos.",0,NA,NA,NA,NA,"Portuguese","D"
"enem_2025_1mil_ch","enem_2025_1mil_ch_1",140491,"ENEM 2025 - CH","Exame Nacional do Ensino Médio
ENEM 2025
Prova de Linguagens, Códigos e suas Tecnologias e Redação
Prova de Ciências Humanas e suas Tecnologias
1º dia
Caderno 9 – Laranja
INEP
Ministério da Educação
ATENÇÃO: transcreva no espaço apropriado do seu CARTÃO-RESPOSTA, com sua caligrafia usual, considerando as letras maiúsculas e minúsculas, a seguinte frase:
Cada pessoa deve trabalhar para o seu aperfeiçoamento
LEIA ATENTAMENTE AS INSTRUÇÕES SEGUINTES:
1. Este CADERNO DE QUESTÕES contém 90 questões numeradas de 1 a 90 e a Proposta de Redação, dispostas da seguinte maneira:
a) questões de número 1 a 45, relativas à área de Linguagens, Códigos e suas Tecnologias;
b) Proposta de Redação;
c) questões de número 46 a 90, relativas à área de Ciências Humanas e suas Tecnologias.
ATENÇÃO: as questões de 1 a 5 são relativas à língua estrangeira. Você deverá responder apenas às questões relativas à língua estrangeira (inglês ou espanhol) escolhida no ato de sua inscrição.
2. Confira se a quantidade e a ordem das questões do seu CADERNO DE QUESTÕES estão de acordo com as instruções anteriores. Caso o caderno esteja incompleto, tenha defeito ou apresente qualquer divergência, comunique ao aplicador da sala para que ele tome as providências cabíveis.
3. Para cada uma das questões objetivas, são apresentadas 5 opções. Apenas uma responde corretamente à questão.
4. O tempo disponível para estas provas é de cinco horas e trinta minutos.
5. Reserve tempo suficiente para preencher o CARTÃO-RESPOSTA e a FOLHA DE REDAÇÃO.
6. Os rascunhos e as marcações assinaladas no CADERNO DE QUESTÕES não serão considerados na avaliação.
7. Somente serão corrigidas as redações transcritas na FOLHA DE REDAÇÃO.
8. Quando terminar as provas, acene para chamar o aplicador e entregue este CADERNO DE QUESTÕES, o CARTÃO-RESPOSTA/FOLHA DE REDAÇÃO.
9. Você poderá deixar o local de prova somente após decorridas duas horas do início da aplicação e poderá levar seu CADERNO DE QUESTÕES ao deixar em definitivo a sala de prova nos 30 minutos que antecedem o término das provas.
LINGUAGENS, CÓDIGOS E SUAS TECNOLOGIAS
Questões de 1 a 45
Questões de 1 a 5 (opção inglês)",NA,"Pela falta de chuvas, a geração de energia eólica, solar e térmica atingiu níveis recordes em agosto de 2021, quando as hidrelétricas ficaram com cerca de 50 por cento do total. Para um professor da Universidade Federal da Bahia, essa queda não é uma surpresa. ""Não aconteceu de uma hora para outra. Se olharmos o mapa do Brasil, um dos grandes provedores de água é a Floresta Amazônica. Se você diminui a floresta, diminui a quantidade de água que vai para a atmosfera"", explica.
De acordo com o texto, a dificuldade na produção de energia é causada pela alteração da(s)","B","geologia em áreas naturais.",0,NA,NA,NA,NA,"Portuguese","E"
"enem_2025_1mil_ch","enem_2025_1mil_ch_1",140201,"ENEM 2025 - CH","Exame Nacional do Ensino Médio
ENEM 2025
Prova de Linguagens, Códigos e suas Tecnologias e Redação
Prova de Ciências Humanas e suas Tecnologias
1º dia
Caderno 9 – Laranja
INEP
Ministério da Educação
ATENÇÃO: transcreva no espaço apropriado do seu CARTÃO-RESPOSTA, com sua caligrafia usual, considerando as letras maiúsculas e minúsculas, a seguinte frase:
Cada pessoa deve trabalhar para o seu aperfeiçoamento
LEIA ATENTAMENTE AS INSTRUÇÕES SEGUINTES:
1. Este CADERNO DE QUESTÕES contém 90 questões numeradas de 1 a 90 e a Proposta de Redação, dispostas da seguinte maneira:
a) questões de número 1 a 45, relativas à área de Linguagens, Códigos e suas Tecnologias;
b) Proposta de Redação;
c) questões de número 46 a 90, relativas à área de Ciências Humanas e suas Tecnologias.
ATENÇÃO: as questões de 1 a 5 são relativas à língua estrangeira. Você deverá responder apenas às questões relativas à língua estrangeira (inglês ou espanhol) escolhida no ato de sua inscrição.
2. Confira se a quantidade e a ordem das questões do seu CADERNO DE QUESTÕES estão de acordo com as instruções anteriores. Caso o caderno esteja incompleto, tenha defeito ou apresente qualquer divergência, comunique ao aplicador da sala para que ele tome as providências cabíveis.
3. Para cada uma das questões objetivas, são apresentadas 5 opções. Apenas uma responde corretamente à questão.
4. O tempo disponível para estas provas é de cinco horas e trinta minutos.
5. Reserve tempo suficiente para preencher o CARTÃO-RESPOSTA e a FOLHA DE REDAÇÃO.
6. Os rascunhos e as marcações assinaladas no CADERNO DE QUESTÕES não serão considerados na avaliação.
7. Somente serão corrigidas as redações transcritas na FOLHA DE REDAÇÃO.
8. Quando terminar as provas, acene para chamar o aplicador e entregue este CADERNO DE QUESTÕES, o CARTÃO-RESPOSTA/FOLHA DE REDAÇÃO.
9. Você poderá deixar o local de prova somente após decorridas duas horas do início da aplicação e poderá levar seu CADERNO DE QUESTÕES ao deixar em definitivo a sala de prova nos 30 minutos que antecedem o término das provas.
LINGUAGENS, CÓDIGOS E SUAS TECNOLOGIAS
Questões de 1 a 45
Questões de 1 a 5 (opção inglês)",NA,"O futuro do capitalismo
Paul Collier
Adam Smith via o açougueiro e o padeiro não só como indivíduos buscando seus interesses financeiros, mas como pessoas moralmente motivadas dentro de uma sociedade. A base da moral era a empatia e o julgamento, instaurando uma distinção entre o que queremos fazer e o que sentimos que devemos fazer.
O texto defende uma motivação capitalista para o campo dos negócios, na qual o lucro se mostra associado à","D","consolidação do poder político.",0,NA,NA,NA,NA,"Portuguese","A"
"enem_2025_1mil_ch","enem_2025_1mil_ch_1",140201,"ENEM 2025 - CH","Exame Nacional do Ensino Médio
ENEM 2025
Prova de Linguagens, Códigos e suas Tecnologias e Redação
Prova de Ciências Humanas e suas Tecnologias
1º dia
Caderno 9 – Laranja
INEP
Ministério da Educação
ATENÇÃO: transcreva no espaço apropriado do seu CARTÃO-RESPOSTA, com sua caligrafia usual, considerando as letras maiúsculas e minúsculas, a seguinte frase:
Cada pessoa deve trabalhar para o seu aperfeiçoamento
LEIA ATENTAMENTE AS INSTRUÇÕES SEGUINTES:
1. Este CADERNO DE QUESTÕES contém 90 questões numeradas de 1 a 90 e a Proposta de Redação, dispostas da seguinte maneira:
a) questões de número 1 a 45, relativas à área de Linguagens, Códigos e suas Tecnologias;
b) Proposta de Redação;
c) questões de número 46 a 90, relativas à área de Ciências Humanas e suas Tecnologias.
ATENÇÃO: as questões de 1 a 5 são relativas à língua estrangeira. Você deverá responder apenas às questões relativas à língua estrangeira (inglês ou espanhol) escolhida no ato de sua inscrição.
2. Confira se a quantidade e a ordem das questões do seu CADERNO DE QUESTÕES estão de acordo com as instruções anteriores. Caso o caderno esteja incompleto, tenha defeito ou apresente qualquer divergência, comunique ao aplicador da sala para que ele tome as providências cabíveis.
3. Para cada uma das questões objetivas, são apresentadas 5 opções. Apenas uma responde corretamente à questão.
4. O tempo disponível para estas provas é de cinco horas e trinta minutos.
5. Reserve tempo suficiente para preencher o CARTÃO-RESPOSTA e a FOLHA DE REDAÇÃO.
6. Os rascunhos e as marcações assinaladas no CADERNO DE QUESTÕES não serão considerados na avaliação.
7. Somente serão corrigidas as redações transcritas na FOLHA DE REDAÇÃO.
8. Quando terminar as provas, acene para chamar o aplicador e entregue este CADERNO DE QUESTÕES, o CARTÃO-RESPOSTA/FOLHA DE REDAÇÃO.
9. Você poderá deixar o local de prova somente após decorridas duas horas do início da aplicação e poderá levar seu CADERNO DE QUESTÕES ao deixar em definitivo a sala de prova nos 30 minutos que antecedem o término das provas.
LINGUAGENS, CÓDIGOS E SUAS TECNOLOGIAS
Questões de 1 a 45
Questões de 1 a 5 (opção inglês)",NA,"O futuro do capitalismo
Paul Collier
Adam Smith via o açougueiro e o padeiro não só como indivíduos buscando seus interesses financeiros, mas como pessoas moralmente motivadas dentro de uma sociedade. A base da moral era a empatia e o julgamento, instaurando uma distinção entre o que queremos fazer e o que sentimos que devemos fazer.
O texto defende uma motivação capitalista para o campo dos negócios, na qual o lucro se mostra associado à","D","procura de satisfação subjetiva.",0,NA,NA,NA,NA,"Portuguese","B"
"enem_2025_1mil_ch","enem_2025_1mil_ch_1",140201,"ENEM 2025 - CH","Exame Nacional do Ensino Médio
ENEM 2025
Prova de Linguagens, Códigos e suas Tecnologias e Redação
Prova de Ciências Humanas e suas Tecnologias
1º dia
Caderno 9 – Laranja
INEP
Ministério da Educação
ATENÇÃO: transcreva no espaço apropriado do seu CARTÃO-RESPOSTA, com sua caligrafia usual, considerando as letras maiúsculas e minúsculas, a seguinte frase:
Cada pessoa deve trabalhar para o seu aperfeiçoamento
LEIA ATENTAMENTE AS INSTRUÇÕES SEGUINTES:
1. Este CADERNO DE QUESTÕES contém 90 questões numeradas de 1 a 90 e a Proposta de Redação, dispostas da seguinte maneira:
a) questões de número 1 a 45, relativas à área de Linguagens, Códigos e suas Tecnologias;
b) Proposta de Redação;
c) questões de número 46 a 90, relativas à área de Ciências Humanas e suas Tecnologias.
ATENÇÃO: as questões de 1 a 5 são relativas à língua estrangeira. Você deverá responder apenas às questões relativas à língua estrangeira (inglês ou espanhol) escolhida no ato de sua inscrição.
2. Confira se a quantidade e a ordem das questões do seu CADERNO DE QUESTÕES estão de acordo com as instruções anteriores. Caso o caderno esteja incompleto, tenha defeito ou apresente qualquer divergência, comunique ao aplicador da sala para que ele tome as providências cabíveis.
3. Para cada uma das questões objetivas, são apresentadas 5 opções. Apenas uma responde corretamente à questão.
4. O tempo disponível para estas provas é de cinco horas e trinta minutos.
5. Reserve tempo suficiente para preencher o CARTÃO-RESPOSTA e a FOLHA DE REDAÇÃO.
6. Os rascunhos e as marcações assinaladas no CADERNO DE QUESTÕES não serão considerados na avaliação.
7. Somente serão corrigidas as redações transcritas na FOLHA DE REDAÇÃO.
8. Quando terminar as provas, acene para chamar o aplicador e entregue este CADERNO DE QUESTÕES, o CARTÃO-RESPOSTA/FOLHA DE REDAÇÃO.
9. Você poderá deixar o local de prova somente após decorridas duas horas do início da aplicação e poderá levar seu CADERNO DE QUESTÕES ao deixar em definitivo a sala de prova nos 30 minutos que antecedem o término das provas.
LINGUAGENS, CÓDIGOS E SUAS TECNOLOGIAS
Questões de 1 a 45
Questões de 1 a 5 (opção inglês)",NA,"O futuro do capitalismo
Paul Collier
Adam Smith via o açougueiro e o padeiro não só como indivíduos buscando seus interesses financeiros, mas como pessoas moralmente motivadas dentro de uma sociedade. A base da moral era a empatia e o julgamento, instaurando uma distinção entre o que queremos fazer e o que sentimos que devemos fazer.
O texto defende uma motivação capitalista para o campo dos negócios, na qual o lucro se mostra associado à","D","estruturação do monopólio comercial.",0,NA,NA,NA,NA,"Portuguese","C"
"enem_2025_1mil_ch","enem_2025_1mil_ch_1",140201,"ENEM 2025 - CH","Exame Nacional do Ensino Médio
ENEM 2025
Prova de Linguagens, Códigos e suas Tecnologias e Redação
Prova de Ciências Humanas e suas Tecnologias
1º dia
Caderno 9 – Laranja
INEP
Ministério da Educação
ATENÇÃO: transcreva no espaço apropriado do seu CARTÃO-RESPOSTA, com sua caligrafia usual, considerando as letras maiúsculas e minúsculas, a seguinte frase:
Cada pessoa deve trabalhar para o seu aperfeiçoamento
LEIA ATENTAMENTE AS INSTRUÇÕES SEGUINTES:
1. Este CADERNO DE QUESTÕES contém 90 questões numeradas de 1 a 90 e a Proposta de Redação, dispostas da seguinte maneira:
a) questões de número 1 a 45, relativas à área de Linguagens, Códigos e suas Tecnologias;
b) Proposta de Redação;
c) questões de número 46 a 90, relativas à área de Ciências Humanas e suas Tecnologias.
ATENÇÃO: as questões de 1 a 5 são relativas à língua estrangeira. Você deverá responder apenas às questões relativas à língua estrangeira (inglês ou espanhol) escolhida no ato de sua inscrição.
2. Confira se a quantidade e a ordem das questões do seu CADERNO DE QUESTÕES estão de acordo com as instruções anteriores. Caso o caderno esteja incompleto, tenha defeito ou apresente qualquer divergência, comunique ao aplicador da sala para que ele tome as providências cabíveis.
3. Para cada uma das questões objetivas, são apresentadas 5 opções. Apenas uma responde corretamente à questão.
4. O tempo disponível para estas provas é de cinco horas e trinta minutos.
5. Reserve tempo suficiente para preencher o CARTÃO-RESPOSTA e a FOLHA DE REDAÇÃO.
6. Os rascunhos e as marcações assinaladas no CADERNO DE QUESTÕES não serão considerados na avaliação.
7. Somente serão corrigidas as redações transcritas na FOLHA DE REDAÇÃO.
8. Quando terminar as provas, acene para chamar o aplicador e entregue este CADERNO DE QUESTÕES, o CARTÃO-RESPOSTA/FOLHA DE REDAÇÃO.
9. Você poderá deixar o local de prova somente após decorridas duas horas do início da aplicação e poderá levar seu CADERNO DE QUESTÕES ao deixar em definitivo a sala de prova nos 30 minutos que antecedem o término das provas.
LINGUAGENS, CÓDIGOS E SUAS TECNOLOGIAS
Questões de 1 a 45
Questões de 1 a 5 (opção inglês)",NA,"O futuro do capitalismo
Paul Collier
Adam Smith via o açougueiro e o padeiro não só como indivíduos buscando seus interesses financeiros, mas como pessoas moralmente motivadas dentro de uma sociedade. A base da moral era a empatia e o julgamento, instaurando uma distinção entre o que queremos fazer e o que sentimos que devemos fazer.
O texto defende uma motivação capitalista para o campo dos negócios, na qual o lucro se mostra associado à","D","percepção de responsabilidade ética.",1,NA,NA,NA,NA,"Portuguese","D"
"enem_2025_1mil_ch","enem_2025_1mil_ch_1",140201,"ENEM 2025 - CH","Exame Nacional do Ensino Médio
ENEM 2025
Prova de Linguagens, Códigos e suas Tecnologias e Redação
Prova de Ciências Humanas e suas Tecnologias
1º dia
Caderno 9 – Laranja
INEP
Ministério da Educação
ATENÇÃO: transcreva no espaço apropriado do seu CARTÃO-RESPOSTA, com sua caligrafia usual, considerando as letras maiúsculas e minúsculas, a seguinte frase:
Cada pessoa deve trabalhar para o seu aperfeiçoamento
LEIA ATENTAMENTE AS INSTRUÇÕES SEGUINTES:
1. Este CADERNO DE QUESTÕES contém 90 questões numeradas de 1 a 90 e a Proposta de Redação, dispostas da seguinte maneira:
a) questões de número 1 a 45, relativas à área de Linguagens, Códigos e suas Tecnologias;
b) Proposta de Redação;
c) questões de número 46 a 90, relativas à área de Ciências Humanas e suas Tecnologias.
ATENÇÃO: as questões de 1 a 5 são relativas à língua estrangeira. Você deverá responder apenas às questões relativas à língua estrangeira (inglês ou espanhol) escolhida no ato de sua inscrição.
2. Confira se a quantidade e a ordem das questões do seu CADERNO DE QUESTÕES estão de acordo com as instruções anteriores. Caso o caderno esteja incompleto, tenha defeito ou apresente qualquer divergência, comunique ao aplicador da sala para que ele tome as providências cabíveis.
3. Para cada uma das questões objetivas, são apresentadas 5 opções. Apenas uma responde corretamente à questão.
4. O tempo disponível para estas provas é de cinco horas e trinta minutos.
5. Reserve tempo suficiente para preencher o CARTÃO-RESPOSTA e a FOLHA DE REDAÇÃO.
6. Os rascunhos e as marcações assinaladas no CADERNO DE QUESTÕES não serão considerados na avaliação.
7. Somente serão corrigidas as redações transcritas na FOLHA DE REDAÇÃO.
8. Quando terminar as provas, acene para chamar o aplicador e entregue este CADERNO DE QUESTÕES, o CARTÃO-RESPOSTA/FOLHA DE REDAÇÃO.
9. Você poderá deixar o local de prova somente após decorridas duas horas do início da aplicação e poderá levar seu CADERNO DE QUESTÕES ao deixar em definitivo a sala de prova nos 30 minutos que antecedem o término das provas.
LINGUAGENS, CÓDIGOS E SUAS TECNOLOGIAS
Questões de 1 a 45
Questões de 1 a 5 (opção inglês)",NA,"O futuro do capitalismo
Paul Collier
Adam Smith via o açougueiro e o padeiro não só como indivíduos buscando seus interesses financeiros, mas como pessoas moralmente motivadas dentro de uma sociedade. A base da moral era a empatia e o julgamento, instaurando uma distinção entre o que queremos fazer e o que sentimos que devemos fazer.
O texto defende uma motivação capitalista para o campo dos negócios, na qual o lucro se mostra associado à","D","conquista do reconhecimento público.",0,NA,NA,NA,NA,"Portuguese","E"
"enem_2025_1mil_ch","enem_2025_1mil_ch_1",85670,"ENEM 2025 - CH","Exame Nacional do Ensino Médio
ENEM 2025
Prova de Linguagens, Códigos e suas Tecnologias e Redação
Prova de Ciências Humanas e suas Tecnologias
1º dia
Caderno 9 – Laranja
INEP
Ministério da Educação
ATENÇÃO: transcreva no espaço apropriado do seu CARTÃO-RESPOSTA, com sua caligrafia usual, considerando as letras maiúsculas e minúsculas, a seguinte frase:
Cada pessoa deve trabalhar para o seu aperfeiçoamento
LEIA ATENTAMENTE AS INSTRUÇÕES SEGUINTES:
1. Este CADERNO DE QUESTÕES contém 90 questões numeradas de 1 a 90 e a Proposta de Redação, dispostas da seguinte maneira:
a) questões de número 1 a 45, relativas à área de Linguagens, Códigos e suas Tecnologias;
b) Proposta de Redação;
c) questões de número 46 a 90, relativas à área de Ciências Humanas e suas Tecnologias.
ATENÇÃO: as questões de 1 a 5 são relativas à língua estrangeira. Você deverá responder apenas às questões relativas à língua estrangeira (inglês ou espanhol) escolhida no ato de sua inscrição.
2. Confira se a quantidade e a ordem das questões do seu CADERNO DE QUESTÕES estão de acordo com as instruções anteriores. Caso o caderno esteja incompleto, tenha defeito ou apresente qualquer divergência, comunique ao aplicador da sala para que ele tome as providências cabíveis.
3. Para cada uma das questões objetivas, são apresentadas 5 opções. Apenas uma responde corretamente à questão.
4. O tempo disponível para estas provas é de cinco horas e trinta minutos.
5. Reserve tempo suficiente para preencher o CARTÃO-RESPOSTA e a FOLHA DE REDAÇÃO.
6. Os rascunhos e as marcações assinaladas no CADERNO DE QUESTÕES não serão considerados na avaliação.
7. Somente serão corrigidas as redações transcritas na FOLHA DE REDAÇÃO.
8. Quando terminar as provas, acene para chamar o aplicador e entregue este CADERNO DE QUESTÕES, o CARTÃO-RESPOSTA/FOLHA DE REDAÇÃO.
9. Você poderá deixar o local de prova somente após decorridas duas horas do início da aplicação e poderá levar seu CADERNO DE QUESTÕES ao deixar em definitivo a sala de prova nos 30 minutos que antecedem o término das provas.
LINGUAGENS, CÓDIGOS E SUAS TECNOLOGIAS
Questões de 1 a 45
Questões de 1 a 5 (opção inglês)",NA,"Política
Aristóteles
O corpo de cidadãos é o poder supremo dos Estados. A supremacia pode residir ou num homem, ou na minoria, ou em todos. Sempre que o Um, ou a Minoria, ou Todos governam, tendo em vista o bem-estar comum, essas constituições são justas; mas se procuram apenas o benefício de uma das partes, seja ela o Um, a Minoria ou Todos, estabelece-se um desvio.
No excerto encontra-se a base da teoria clássica das três formas de governo representadas pela","E","tirania, oligarquia e república.",0,NA,NA,NA,NA,"Portuguese","A"
"enem_2025_1mil_ch","enem_2025_1mil_ch_1",85670,"ENEM 2025 - CH","Exame Nacional do Ensino Médio
ENEM 2025
Prova de Linguagens, Códigos e suas Tecnologias e Redação
Prova de Ciências Humanas e suas Tecnologias
1º dia
Caderno 9 – Laranja
INEP
Ministério da Educação
ATENÇÃO: transcreva no espaço apropriado do seu CARTÃO-RESPOSTA, com sua caligrafia usual, considerando as letras maiúsculas e minúsculas, a seguinte frase:
Cada pessoa deve trabalhar para o seu aperfeiçoamento
LEIA ATENTAMENTE AS INSTRUÇÕES SEGUINTES:
1. Este CADERNO DE QUESTÕES contém 90 questões numeradas de 1 a 90 e a Proposta de Redação, dispostas da seguinte maneira:
a) questões de número 1 a 45, relativas à área de Linguagens, Códigos e suas Tecnologias;
b) Proposta de Redação;
c) questões de número 46 a 90, relativas à área de Ciências Humanas e suas Tecnologias.
ATENÇÃO: as questões de 1 a 5 são relativas à língua estrangeira. Você deverá responder apenas às questões relativas à língua estrangeira (inglês ou espanhol) escolhida no ato de sua inscrição.
2. Confira se a quantidade e a ordem das questões do seu CADERNO DE QUESTÕES estão de acordo com as instruções anteriores. Caso o caderno esteja incompleto, tenha defeito ou apresente qualquer divergência, comunique ao aplicador da sala para que ele tome as providências cabíveis.
3. Para cada uma das questões objetivas, são apresentadas 5 opções. Apenas uma responde corretamente à questão.
4. O tempo disponível para estas provas é de cinco horas e trinta minutos.
5. Reserve tempo suficiente para preencher o CARTÃO-RESPOSTA e a FOLHA DE REDAÇÃO.
6. Os rascunhos e as marcações assinaladas no CADERNO DE QUESTÕES não serão considerados na avaliação.
7. Somente serão corrigidas as redações transcritas na FOLHA DE REDAÇÃO.
8. Quando terminar as provas, acene para chamar o aplicador e entregue este CADERNO DE QUESTÕES, o CARTÃO-RESPOSTA/FOLHA DE REDAÇÃO.
9. Você poderá deixar o local de prova somente após decorridas duas horas do início da aplicação e poderá levar seu CADERNO DE QUESTÕES ao deixar em definitivo a sala de prova nos 30 minutos que antecedem o término das provas.
LINGUAGENS, CÓDIGOS E SUAS TECNOLOGIAS
Questões de 1 a 45
Questões de 1 a 5 (opção inglês)",NA,"Política
Aristóteles
O corpo de cidadãos é o poder supremo dos Estados. A supremacia pode residir ou num homem, ou na minoria, ou em todos. Sempre que o Um, ou a Minoria, ou Todos governam, tendo em vista o bem-estar comum, essas constituições são justas; mas se procuram apenas o benefício de uma das partes, seja ela o Um, a Minoria ou Todos, estabelece-se um desvio.
No excerto encontra-se a base da teoria clássica das três formas de governo representadas pela","E","burocracia, autarquia e império.",0,NA,NA,NA,NA,"Portuguese","B"
"enem_2025_1mil_ch","enem_2025_1mil_ch_1",85670,"ENEM 2025 - CH","Exame Nacional do Ensino Médio
ENEM 2025
Prova de Linguagens, Códigos e suas Tecnologias e Redação
Prova de Ciências Humanas e suas Tecnologias
1º dia
Caderno 9 – Laranja
INEP
Ministério da Educação
ATENÇÃO: transcreva no espaço apropriado do seu CARTÃO-RESPOSTA, com sua caligrafia usual, considerando as letras maiúsculas e minúsculas, a seguinte frase:
Cada pessoa deve trabalhar para o seu aperfeiçoamento
LEIA ATENTAMENTE AS INSTRUÇÕES SEGUINTES:
1. Este CADERNO DE QUESTÕES contém 90 questões numeradas de 1 a 90 e a Proposta de Redação, dispostas da seguinte maneira:
a) questões de número 1 a 45, relativas à área de Linguagens, Códigos e suas Tecnologias;
b) Proposta de Redação;
c) questões de número 46 a 90, relativas à área de Ciências Humanas e suas Tecnologias.
ATENÇÃO: as questões de 1 a 5 são relativas à língua estrangeira. Você deverá responder apenas às questões relativas à língua estrangeira (inglês ou espanhol) escolhida no ato de sua inscrição.
2. Confira se a quantidade e a ordem das questões do seu CADERNO DE QUESTÕES estão de acordo com as instruções anteriores. Caso o caderno esteja incompleto, tenha defeito ou apresente qualquer divergência, comunique ao aplicador da sala para que ele tome as providências cabíveis.
3. Para cada uma das questões objetivas, são apresentadas 5 opções. Apenas uma responde corretamente à questão.
4. O tempo disponível para estas provas é de cinco horas e trinta minutos.
5. Reserve tempo suficiente para preencher o CARTÃO-RESPOSTA e a FOLHA DE REDAÇÃO.
6. Os rascunhos e as marcações assinaladas no CADERNO DE QUESTÕES não serão considerados na avaliação.
7. Somente serão corrigidas as redações transcritas na FOLHA DE REDAÇÃO.
8. Quando terminar as provas, acene para chamar o aplicador e entregue este CADERNO DE QUESTÕES, o CARTÃO-RESPOSTA/FOLHA DE REDAÇÃO.
9. Você poderá deixar o local de prova somente após decorridas duas horas do início da aplicação e poderá levar seu CADERNO DE QUESTÕES ao deixar em definitivo a sala de prova nos 30 minutos que antecedem o término das provas.
LINGUAGENS, CÓDIGOS E SUAS TECNOLOGIAS
Questões de 1 a 45
Questões de 1 a 5 (opção inglês)",NA,"Política
Aristóteles
O corpo de cidadãos é o poder supremo dos Estados. A supremacia pode residir ou num homem, ou na minoria, ou em todos. Sempre que o Um, ou a Minoria, ou Todos governam, tendo em vista o bem-estar comum, essas constituições são justas; mas se procuram apenas o benefício de uma das partes, seja ela o Um, a Minoria ou Todos, estabelece-se um desvio.
No excerto encontra-se a base da teoria clássica das três formas de governo representadas pela","E","ditadura, autocracia e anarquia.",0,NA,NA,NA,NA,"Portuguese","C"
"enem_2025_1mil_ch","enem_2025_1mil_ch_1",85670,"ENEM 2025 - CH","Exame Nacional do Ensino Médio
ENEM 2025
Prova de Linguagens, Códigos e suas Tecnologias e Redação
Prova de Ciências Humanas e suas Tecnologias
1º dia
Caderno 9 – Laranja
INEP
Ministério da Educação
ATENÇÃO: transcreva no espaço apropriado do seu CARTÃO-RESPOSTA, com sua caligrafia usual, considerando as letras maiúsculas e minúsculas, a seguinte frase:
Cada pessoa deve trabalhar para o seu aperfeiçoamento
LEIA ATENTAMENTE AS INSTRUÇÕES SEGUINTES:
1. Este CADERNO DE QUESTÕES contém 90 questões numeradas de 1 a 90 e a Proposta de Redação, dispostas da seguinte maneira:
a) questões de número 1 a 45, relativas à área de Linguagens, Códigos e suas Tecnologias;
b) Proposta de Redação;
c) questões de número 46 a 90, relativas à área de Ciências Humanas e suas Tecnologias.
ATENÇÃO: as questões de 1 a 5 são relativas à língua estrangeira. Você deverá responder apenas às questões relativas à língua estrangeira (inglês ou espanhol) escolhida no ato de sua inscrição.
2. Confira se a quantidade e a ordem das questões do seu CADERNO DE QUESTÕES estão de acordo com as instruções anteriores. Caso o caderno esteja incompleto, tenha defeito ou apresente qualquer divergência, comunique ao aplicador da sala para que ele tome as providências cabíveis.
3. Para cada uma das questões objetivas, são apresentadas 5 opções. Apenas uma responde corretamente à questão.
4. O tempo disponível para estas provas é de cinco horas e trinta minutos.
5. Reserve tempo suficiente para preencher o CARTÃO-RESPOSTA e a FOLHA DE REDAÇÃO.
6. Os rascunhos e as marcações assinaladas no CADERNO DE QUESTÕES não serão considerados na avaliação.
7. Somente serão corrigidas as redações transcritas na FOLHA DE REDAÇÃO.
8. Quando terminar as provas, acene para chamar o aplicador e entregue este CADERNO DE QUESTÕES, o CARTÃO-RESPOSTA/FOLHA DE REDAÇÃO.
9. Você poderá deixar o local de prova somente após decorridas duas horas do início da aplicação e poderá levar seu CADERNO DE QUESTÕES ao deixar em definitivo a sala de prova nos 30 minutos que antecedem o término das provas.
LINGUAGENS, CÓDIGOS E SUAS TECNOLOGIAS
Questões de 1 a 45
Questões de 1 a 5 (opção inglês)",NA,"Política
Aristóteles
O corpo de cidadãos é o poder supremo dos Estados. A supremacia pode residir ou num homem, ou na minoria, ou em todos. Sempre que o Um, ou a Minoria, ou Todos governam, tendo em vista o bem-estar comum, essas constituições são justas; mas se procuram apenas o benefício de uma das partes, seja ela o Um, a Minoria ou Todos, estabelece-se um desvio.
No excerto encontra-se a base da teoria clássica das três formas de governo representadas pela","E","plutocracia, tecnocracia e demagogia.",0,NA,NA,NA,NA,"Portuguese","D"
"enem_2025_1mil_ch","enem_2025_1mil_ch_1",85670,"ENEM 2025 - CH","Exame Nacional do Ensino Médio
ENEM 2025
Prova de Linguagens, Códigos e suas Tecnologias e Redação
Prova de Ciências Humanas e suas Tecnologias
1º dia
Caderno 9 – Laranja
INEP
Ministério da Educação
ATENÇÃO: transcreva no espaço apropriado do seu CARTÃO-RESPOSTA, com sua caligrafia usual, considerando as letras maiúsculas e minúsculas, a seguinte frase:
Cada pessoa deve trabalhar para o seu aperfeiçoamento
LEIA ATENTAMENTE AS INSTRUÇÕES SEGUINTES:
1. Este CADERNO DE QUESTÕES contém 90 questões numeradas de 1 a 90 e a Proposta de Redação, dispostas da seguinte maneira:
a) questões de número 1 a 45, relativas à área de Linguagens, Códigos e suas Tecnologias;
b) Proposta de Redação;
c) questões de número 46 a 90, relativas à área de Ciências Humanas e suas Tecnologias.
ATENÇÃO: as questões de 1 a 5 são relativas à língua estrangeira. Você deverá responder apenas às questões relativas à língua estrangeira (inglês ou espanhol) escolhida no ato de sua inscrição.
2. Confira se a quantidade e a ordem das questões do seu CADERNO DE QUESTÕES estão de acordo com as instruções anteriores. Caso o caderno esteja incompleto, tenha defeito ou apresente qualquer divergência, comunique ao aplicador da sala para que ele tome as providências cabíveis.
3. Para cada uma das questões objetivas, são apresentadas 5 opções. Apenas uma responde corretamente à questão.
4. O tempo disponível para estas provas é de cinco horas e trinta minutos.
5. Reserve tempo suficiente para preencher o CARTÃO-RESPOSTA e a FOLHA DE REDAÇÃO.
6. Os rascunhos e as marcações assinaladas no CADERNO DE QUESTÕES não serão considerados na avaliação.
7. Somente serão corrigidas as redações transcritas na FOLHA DE REDAÇÃO.
8. Quando terminar as provas, acene para chamar o aplicador e entregue este CADERNO DE QUESTÕES, o CARTÃO-RESPOSTA/FOLHA DE REDAÇÃO.
9. Você poderá deixar o local de prova somente após decorridas duas horas do início da aplicação e poderá levar seu CADERNO DE QUESTÕES ao deixar em definitivo a sala de prova nos 30 minutos que antecedem o término das provas.
LINGUAGENS, CÓDIGOS E SUAS TECNOLOGIAS
Questões de 1 a 45
Questões de 1 a 5 (opção inglês)",NA,"Política
Aristóteles
O corpo de cidadãos é o poder supremo dos Estados. A supremacia pode residir ou num homem, ou na minoria, ou em todos. Sempre que o Um, ou a Minoria, ou Todos governam, tendo em vista o bem-estar comum, essas constituições são justas; mas se procuram apenas o benefício de uma das partes, seja ela o Um, a Minoria ou Todos, estabelece-se um desvio.
No excerto encontra-se a base da teoria clássica das três formas de governo representadas pela","E","monarquia, aristocracia e democracia.",1,NA,NA,NA,NA,"Portuguese","E"
"enem_2025_1mil_ch","enem_2025_1mil_ch_1",141102,"ENEM 2025 - CH","Exame Nacional do Ensino Médio
ENEM 2025
Prova de Linguagens, Códigos e suas Tecnologias e Redação
Prova de Ciências Humanas e suas Tecnologias
1º dia
Caderno 9 – Laranja
INEP
Ministério da Educação
ATENÇÃO: transcreva no espaço apropriado do seu CARTÃO-RESPOSTA, com sua caligrafia usual, considerando as letras maiúsculas e minúsculas, a seguinte frase:
Cada pessoa deve trabalhar para o seu aperfeiçoamento
LEIA ATENTAMENTE AS INSTRUÇÕES SEGUINTES:
1. Este CADERNO DE QUESTÕES contém 90 questões numeradas de 1 a 90 e a Proposta de Redação, dispostas da seguinte maneira:
a) questões de número 1 a 45, relativas à área de Linguagens, Códigos e suas Tecnologias;
b) Proposta de Redação;
c) questões de número 46 a 90, relativas à área de Ciências Humanas e suas Tecnologias.
ATENÇÃO: as questões de 1 a 5 são relativas à língua estrangeira. Você deverá responder apenas às questões relativas à língua estrangeira (inglês ou espanhol) escolhida no ato de sua inscrição.
2. Confira se a quantidade e a ordem das questões do seu CADERNO DE QUESTÕES estão de acordo com as instruções anteriores. Caso o caderno esteja incompleto, tenha defeito ou apresente qualquer divergência, comunique ao aplicador da sala para que ele tome as providências cabíveis.
3. Para cada uma das questões objetivas, são apresentadas 5 opções. Apenas uma responde corretamente à questão.
4. O tempo disponível para estas provas é de cinco horas e trinta minutos.
5. Reserve tempo suficiente para preencher o CARTÃO-RESPOSTA e a FOLHA DE REDAÇÃO.
6. Os rascunhos e as marcações assinaladas no CADERNO DE QUESTÕES não serão considerados na avaliação.
7. Somente serão corrigidas as redações transcritas na FOLHA DE REDAÇÃO.
8. Quando terminar as provas, acene para chamar o aplicador e entregue este CADERNO DE QUESTÕES, o CARTÃO-RESPOSTA/FOLHA DE REDAÇÃO.
9. Você poderá deixar o local de prova somente após decorridas duas horas do início da aplicação e poderá levar seu CADERNO DE QUESTÕES ao deixar em definitivo a sala de prova nos 30 minutos que antecedem o término das provas.
LINGUAGENS, CÓDIGOS E SUAS TECNOLOGIAS
Questões de 1 a 45
Questões de 1 a 5 (opção inglês)",NA,"Macedônia do Norte
Acordo entra em vigor e país muda oficialmente de nome
Entrou em vigor, em 2019, o acordo que determina a mudança de nome da Macedônia para Macedônia do Norte. A troca põe fim - ao menos por enquanto - no impasse entre essa antiga república da Iugoslávia e a vizinha Grécia. O governo grego se opunha ao uso do nome Macedônia pelo novo país vizinho porque a Grécia tem uma província no norte com o mesmo nome. Por causa desse impasse, a Grécia bloqueou as negociações de adesão de seu vizinho à União Europeia. Depois de negociações, as duas partes chegaram a um acordo.
Para o país originado da antiga Iugoslávia, a mudança de nome é uma estratégia política para","E","criar a moeda própria.",0,NA,NA,NA,NA,"Portuguese","A"
"enem_2025_1mil_ch","enem_2025_1mil_ch_1",141102,"ENEM 2025 - CH","Exame Nacional do Ensino Médio
ENEM 2025
Prova de Linguagens, Códigos e suas Tecnologias e Redação
Prova de Ciências Humanas e suas Tecnologias
1º dia
Caderno 9 – Laranja
INEP
Ministério da Educação
ATENÇÃO: transcreva no espaço apropriado do seu CARTÃO-RESPOSTA, com sua caligrafia usual, considerando as letras maiúsculas e minúsculas, a seguinte frase:
Cada pessoa deve trabalhar para o seu aperfeiçoamento
LEIA ATENTAMENTE AS INSTRUÇÕES SEGUINTES:
1. Este CADERNO DE QUESTÕES contém 90 questões numeradas de 1 a 90 e a Proposta de Redação, dispostas da seguinte maneira:
a) questões de número 1 a 45, relativas à área de Linguagens, Códigos e suas Tecnologias;
b) Proposta de Redação;
c) questões de número 46 a 90, relativas à área de Ciências Humanas e suas Tecnologias.
ATENÇÃO: as questões de 1 a 5 são relativas à língua estrangeira. Você deverá responder apenas às questões relativas à língua estrangeira (inglês ou espanhol) escolhida no ato de sua inscrição.
2. Confira se a quantidade e a ordem das questões do seu CADERNO DE QUESTÕES estão de acordo com as instruções anteriores. Caso o caderno esteja incompleto, tenha defeito ou apresente qualquer divergência, comunique ao aplicador da sala para que ele tome as providências cabíveis.
3. Para cada uma das questões objetivas, são apresentadas 5 opções. Apenas uma responde corretamente à questão.
4. O tempo disponível para estas provas é de cinco horas e trinta minutos.
5. Reserve tempo suficiente para preencher o CARTÃO-RESPOSTA e a FOLHA DE REDAÇÃO.
6. Os rascunhos e as marcações assinaladas no CADERNO DE QUESTÕES não serão considerados na avaliação.
7. Somente serão corrigidas as redações transcritas na FOLHA DE REDAÇÃO.
8. Quando terminar as provas, acene para chamar o aplicador e entregue este CADERNO DE QUESTÕES, o CARTÃO-RESPOSTA/FOLHA DE REDAÇÃO.
9. Você poderá deixar o local de prova somente após decorridas duas horas do início da aplicação e poderá levar seu CADERNO DE QUESTÕES ao deixar em definitivo a sala de prova nos 30 minutos que antecedem o término das provas.
LINGUAGENS, CÓDIGOS E SUAS TECNOLOGIAS
Questões de 1 a 45
Questões de 1 a 5 (opção inglês)",NA,"Macedônia do Norte
Acordo entra em vigor e país muda oficialmente de nome
Entrou em vigor, em 2019, o acordo que determina a mudança de nome da Macedônia para Macedônia do Norte. A troca põe fim - ao menos por enquanto - no impasse entre essa antiga república da Iugoslávia e a vizinha Grécia. O governo grego se opunha ao uso do nome Macedônia pelo novo país vizinho porque a Grécia tem uma província no norte com o mesmo nome. Por causa desse impasse, a Grécia bloqueou as negociações de adesão de seu vizinho à União Europeia. Depois de negociações, as duas partes chegaram a um acordo.
Para o país originado da antiga Iugoslávia, a mudança de nome é uma estratégia política para","E","proteger a cultura local.",0,NA,NA,NA,NA,"Portuguese","B"
"enem_2025_1mil_ch","enem_2025_1mil_ch_1",141102,"ENEM 2025 - CH","Exame Nacional do Ensino Médio
ENEM 2025
Prova de Linguagens, Códigos e suas Tecnologias e Redação
Prova de Ciências Humanas e suas Tecnologias
1º dia
Caderno 9 – Laranja
INEP
Ministério da Educação
ATENÇÃO: transcreva no espaço apropriado do seu CARTÃO-RESPOSTA, com sua caligrafia usual, considerando as letras maiúsculas e minúsculas, a seguinte frase:
Cada pessoa deve trabalhar para o seu aperfeiçoamento
LEIA ATENTAMENTE AS INSTRUÇÕES SEGUINTES:
1. Este CADERNO DE QUESTÕES contém 90 questões numeradas de 1 a 90 e a Proposta de Redação, dispostas da seguinte maneira:
a) questões de número 1 a 45, relativas à área de Linguagens, Códigos e suas Tecnologias;
b) Proposta de Redação;
c) questões de número 46 a 90, relativas à área de Ciências Humanas e suas Tecnologias.
ATENÇÃO: as questões de 1 a 5 são relativas à língua estrangeira. Você deverá responder apenas às questões relativas à língua estrangeira (inglês ou espanhol) escolhida no ato de sua inscrição.
2. Confira se a quantidade e a ordem das questões do seu CADERNO DE QUESTÕES estão de acordo com as instruções anteriores. Caso o caderno esteja incompleto, tenha defeito ou apresente qualquer divergência, comunique ao aplicador da sala para que ele tome as providências cabíveis.
3. Para cada uma das questões objetivas, são apresentadas 5 opções. Apenas uma responde corretamente à questão.
4. O tempo disponível para estas provas é de cinco horas e trinta minutos.
5. Reserve tempo suficiente para preencher o CARTÃO-RESPOSTA e a FOLHA DE REDAÇÃO.
6. Os rascunhos e as marcações assinaladas no CADERNO DE QUESTÕES não serão considerados na avaliação.
7. Somente serão corrigidas as redações transcritas na FOLHA DE REDAÇÃO.
8. Quando terminar as provas, acene para chamar o aplicador e entregue este CADERNO DE QUESTÕES, o CARTÃO-RESPOSTA/FOLHA DE REDAÇÃO.
9. Você poderá deixar o local de prova somente após decorridas duas horas do início da aplicação e poderá levar seu CADERNO DE QUESTÕES ao deixar em definitivo a sala de prova nos 30 minutos que antecedem o término das provas.
LINGUAGENS, CÓDIGOS E SUAS TECNOLOGIAS
Questões de 1 a 45
Questões de 1 a 5 (opção inglês)",NA,"Macedônia do Norte
Acordo entra em vigor e país muda oficialmente de nome
Entrou em vigor, em 2019, o acordo que determina a mudança de nome da Macedônia para Macedônia do Norte. A troca põe fim - ao menos por enquanto - no impasse entre essa antiga república da Iugoslávia e a vizinha Grécia. O governo grego se opunha ao uso do nome Macedônia pelo novo país vizinho porque a Grécia tem uma província no norte com o mesmo nome. Por causa desse impasse, a Grécia bloqueou as negociações de adesão de seu vizinho à União Europeia. Depois de negociações, as duas partes chegaram a um acordo.
Para o país originado da antiga Iugoslávia, a mudança de nome é uma estratégia política para","E","subjugar a minoria étnica.",0,NA,NA,NA,NA,"Portuguese","C"
"enem_2025_1mil_ch","enem_2025_1mil_ch_1",141102,"ENEM 2025 - CH","Exame Nacional do Ensino Médio
ENEM 2025
Prova de Linguagens, Códigos e suas Tecnologias e Redação
Prova de Ciências Humanas e suas Tecnologias
1º dia
Caderno 9 – Laranja
INEP
Ministério da Educação
ATENÇÃO: transcreva no espaço apropriado do seu CARTÃO-RESPOSTA, com sua caligrafia usual, considerando as letras maiúsculas e minúsculas, a seguinte frase:
Cada pessoa deve trabalhar para o seu aperfeiçoamento
LEIA ATENTAMENTE AS INSTRUÇÕES SEGUINTES:
1. Este CADERNO DE QUESTÕES contém 90 questões numeradas de 1 a 90 e a Proposta de Redação, dispostas da seguinte maneira:
a) questões de número 1 a 45, relativas à área de Linguagens, Códigos e suas Tecnologias;
b) Proposta de Redação;
c) questões de número 46 a 90, relativas à área de Ciências Humanas e suas Tecnologias.
ATENÇÃO: as questões de 1 a 5 são relativas à língua estrangeira. Você deverá responder apenas às questões relativas à língua estrangeira (inglês ou espanhol) escolhida no ato de sua inscrição.
2. Confira se a quantidade e a ordem das questões do seu CADERNO DE QUESTÕES estão de acordo com as instruções anteriores. Caso o caderno esteja incompleto, tenha defeito ou apresente qualquer divergência, comunique ao aplicador da sala para que ele tome as providências cabíveis.
3. Para cada uma das questões objetivas, são apresentadas 5 opções. Apenas uma responde corretamente à questão.
4. O tempo disponível para estas provas é de cinco horas e trinta minutos.
5. Reserve tempo suficiente para preencher o CARTÃO-RESPOSTA e a FOLHA DE REDAÇÃO.
6. Os rascunhos e as marcações assinaladas no CADERNO DE QUESTÕES não serão considerados na avaliação.
7. Somente serão corrigidas as redações transcritas na FOLHA DE REDAÇÃO.
8. Quando terminar as provas, acene para chamar o aplicador e entregue este CADERNO DE QUESTÕES, o CARTÃO-RESPOSTA/FOLHA DE REDAÇÃO.
9. Você poderá deixar o local de prova somente após decorridas duas horas do início da aplicação e poderá levar seu CADERNO DE QUESTÕES ao deixar em definitivo a sala de prova nos 30 minutos que antecedem o término das provas.
LINGUAGENS, CÓDIGOS E SUAS TECNOLOGIAS
Questões de 1 a 45
Questões de 1 a 5 (opção inglês)",NA,"Macedônia do Norte
Acordo entra em vigor e país muda oficialmente de nome
Entrou em vigor, em 2019, o acordo que determina a mudança de nome da Macedônia para Macedônia do Norte. A troca põe fim - ao menos por enquanto - no impasse entre essa antiga república da Iugoslávia e a vizinha Grécia. O governo grego se opunha ao uso do nome Macedônia pelo novo país vizinho porque a Grécia tem uma província no norte com o mesmo nome. Por causa desse impasse, a Grécia bloqueou as negociações de adesão de seu vizinho à União Europeia. Depois de negociações, as duas partes chegaram a um acordo.
Para o país originado da antiga Iugoslávia, a mudança de nome é uma estratégia política para","E","expandir o território nacional.",0,NA,NA,NA,NA,"Portuguese","D"
"enem_2025_1mil_ch","enem_2025_1mil_ch_1",141102,"ENEM 2025 - CH","Exame Nacional do Ensino Médio
ENEM 2025
Prova de Linguagens, Códigos e suas Tecnologias e Redação
Prova de Ciências Humanas e suas Tecnologias
1º dia
Caderno 9 – Laranja
INEP
Ministério da Educação
ATENÇÃO: transcreva no espaço apropriado do seu CARTÃO-RESPOSTA, com sua caligrafia usual, considerando as letras maiúsculas e minúsculas, a seguinte frase:
Cada pessoa deve trabalhar para o seu aperfeiçoamento
LEIA ATENTAMENTE AS INSTRUÇÕES SEGUINTES:
1. Este CADERNO DE QUESTÕES contém 90 questões numeradas de 1 a 90 e a Proposta de Redação, dispostas da seguinte maneira:
a) questões de número 1 a 45, relativas à área de Linguagens, Códigos e suas Tecnologias;
b) Proposta de Redação;
c) questões de número 46 a 90, relativas à área de Ciências Humanas e suas Tecnologias.
ATENÇÃO: as questões de 1 a 5 são relativas à língua estrangeira. Você deverá responder apenas às questões relativas à língua estrangeira (inglês ou espanhol) escolhida no ato de sua inscrição.
2. Confira se a quantidade e a ordem das questões do seu CADERNO DE QUESTÕES estão de acordo com as instruções anteriores. Caso o caderno esteja incompleto, tenha defeito ou apresente qualquer divergência, comunique ao aplicador da sala para que ele tome as providências cabíveis.
3. Para cada uma das questões objetivas, são apresentadas 5 opções. Apenas uma responde corretamente à questão.
4. O tempo disponível para estas provas é de cinco horas e trinta minutos.
5. Reserve tempo suficiente para preencher o CARTÃO-RESPOSTA e a FOLHA DE REDAÇÃO.
6. Os rascunhos e as marcações assinaladas no CADERNO DE QUESTÕES não serão considerados na avaliação.
7. Somente serão corrigidas as redações transcritas na FOLHA DE REDAÇÃO.
8. Quando terminar as provas, acene para chamar o aplicador e entregue este CADERNO DE QUESTÕES, o CARTÃO-RESPOSTA/FOLHA DE REDAÇÃO.
9. Você poderá deixar o local de prova somente após decorridas duas horas do início da aplicação e poderá levar seu CADERNO DE QUESTÕES ao deixar em definitivo a sala de prova nos 30 minutos que antecedem o término das provas.
LINGUAGENS, CÓDIGOS E SUAS TECNOLOGIAS
Questões de 1 a 45
Questões de 1 a 5 (opção inglês)",NA,"Macedônia do Norte
Acordo entra em vigor e país muda oficialmente de nome
Entrou em vigor, em 2019, o acordo que determina a mudança de nome da Macedônia para Macedônia do Norte. A troca põe fim - ao menos por enquanto - no impasse entre essa antiga república da Iugoslávia e a vizinha Grécia. O governo grego se opunha ao uso do nome Macedônia pelo novo país vizinho porque a Grécia tem uma província no norte com o mesmo nome. Por causa desse impasse, a Grécia bloqueou as negociações de adesão de seu vizinho à União Europeia. Depois de negociações, as duas partes chegaram a um acordo.
Para o país originado da antiga Iugoslávia, a mudança de nome é uma estratégia política para","E","intensificar a integração regional.",1,NA,NA,NA,NA,"Portuguese","E"
"enem_2025_1mil_ch","enem_2025_1mil_ch_1",125735,"ENEM 2025 - CH","Exame Nacional do Ensino Médio
ENEM 2025
Prova de Linguagens, Códigos e suas Tecnologias e Redação
Prova de Ciências Humanas e suas Tecnologias
1º dia
Caderno 9 – Laranja
INEP
Ministério da Educação
ATENÇÃO: transcreva no espaço apropriado do seu CARTÃO-RESPOSTA, com sua caligrafia usual, considerando as letras maiúsculas e minúsculas, a seguinte frase:
Cada pessoa deve trabalhar para o seu aperfeiçoamento
LEIA ATENTAMENTE AS INSTRUÇÕES SEGUINTES:
1. Este CADERNO DE QUESTÕES contém 90 questões numeradas de 1 a 90 e a Proposta de Redação, dispostas da seguinte maneira:
a) questões de número 1 a 45, relativas à área de Linguagens, Códigos e suas Tecnologias;
b) Proposta de Redação;
c) questões de número 46 a 90, relativas à área de Ciências Humanas e suas Tecnologias.
ATENÇÃO: as questões de 1 a 5 são relativas à língua estrangeira. Você deverá responder apenas às questões relativas à língua estrangeira (inglês ou espanhol) escolhida no ato de sua inscrição.
2. Confira se a quantidade e a ordem das questões do seu CADERNO DE QUESTÕES estão de acordo com as instruções anteriores. Caso o caderno esteja incompleto, tenha defeito ou apresente qualquer divergência, comunique ao aplicador da sala para que ele tome as providências cabíveis.
3. Para cada uma das questões objetivas, são apresentadas 5 opções. Apenas uma responde corretamente à questão.
4. O tempo disponível para estas provas é de cinco horas e trinta minutos.
5. Reserve tempo suficiente para preencher o CARTÃO-RESPOSTA e a FOLHA DE REDAÇÃO.
6. Os rascunhos e as marcações assinaladas no CADERNO DE QUESTÕES não serão considerados na avaliação.
7. Somente serão corrigidas as redações transcritas na FOLHA DE REDAÇÃO.
8. Quando terminar as provas, acene para chamar o aplicador e entregue este CADERNO DE QUESTÕES, o CARTÃO-RESPOSTA/FOLHA DE REDAÇÃO.
9. Você poderá deixar o local de prova somente após decorridas duas horas do início da aplicação e poderá levar seu CADERNO DE QUESTÕES ao deixar em definitivo a sala de prova nos 30 minutos que antecedem o término das provas.
LINGUAGENS, CÓDIGOS E SUAS TECNOLOGIAS
Questões de 1 a 45
Questões de 1 a 5 (opção inglês)",NA,"Descrição do mapa: Intitulado Concentração de C O2 por queimadas entre África e Brasil em 30 de agosto de 2019, o mapa apresenta, a partir de imagens de satélite, a concentração de C O2, em partes por bilhão de volume, representada por uma grande mancha que cobre parte do continente americano, Oceano Atlântico e continente africano. As cores da legenda indicam que a maior concentração de C O2 está no centro-norte do Brasil e no centro-sul do continente africano. (Fim da descrição)
A dispersão espacial do problema ambiental representado na imagem de satélite é explicada pela seguinte característica geográfica:","D","Amplitude das temperaturas médias.",0,NA,NA,NA,NA,"Portuguese","A"
"enem_2025_1mil_ch","enem_2025_1mil_ch_1",125735,"ENEM 2025 - CH","Exame Nacional do Ensino Médio
ENEM 2025
Prova de Linguagens, Códigos e suas Tecnologias e Redação
Prova de Ciências Humanas e suas Tecnologias
1º dia
Caderno 9 – Laranja
INEP
Ministério da Educação
ATENÇÃO: transcreva no espaço apropriado do seu CARTÃO-RESPOSTA, com sua caligrafia usual, considerando as letras maiúsculas e minúsculas, a seguinte frase:
Cada pessoa deve trabalhar para o seu aperfeiçoamento
LEIA ATENTAMENTE AS INSTRUÇÕES SEGUINTES:
1. Este CADERNO DE QUESTÕES contém 90 questões numeradas de 1 a 90 e a Proposta de Redação, dispostas da seguinte maneira:
a) questões de número 1 a 45, relativas à área de Linguagens, Códigos e suas Tecnologias;
b) Proposta de Redação;
c) questões de número 46 a 90, relativas à área de Ciências Humanas e suas Tecnologias.
ATENÇÃO: as questões de 1 a 5 são relativas à língua estrangeira. Você deverá responder apenas às questões relativas à língua estrangeira (inglês ou espanhol) escolhida no ato de sua inscrição.
2. Confira se a quantidade e a ordem das questões do seu CADERNO DE QUESTÕES estão de acordo com as instruções anteriores. Caso o caderno esteja incompleto, tenha defeito ou apresente qualquer divergência, comunique ao aplicador da sala para que ele tome as providências cabíveis.
3. Para cada uma das questões objetivas, são apresentadas 5 opções. Apenas uma responde corretamente à questão.
4. O tempo disponível para estas provas é de cinco horas e trinta minutos.
5. Reserve tempo suficiente para preencher o CARTÃO-RESPOSTA e a FOLHA DE REDAÇÃO.
6. Os rascunhos e as marcações assinaladas no CADERNO DE QUESTÕES não serão considerados na avaliação.
7. Somente serão corrigidas as redações transcritas na FOLHA DE REDAÇÃO.
8. Quando terminar as provas, acene para chamar o aplicador e entregue este CADERNO DE QUESTÕES, o CARTÃO-RESPOSTA/FOLHA DE REDAÇÃO.
9. Você poderá deixar o local de prova somente após decorridas duas horas do início da aplicação e poderá levar seu CADERNO DE QUESTÕES ao deixar em definitivo a sala de prova nos 30 minutos que antecedem o término das provas.
LINGUAGENS, CÓDIGOS E SUAS TECNOLOGIAS
Questões de 1 a 45
Questões de 1 a 5 (opção inglês)",NA,"Descrição do mapa: Intitulado Concentração de C O2 por queimadas entre África e Brasil em 30 de agosto de 2019, o mapa apresenta, a partir de imagens de satélite, a concentração de C O2, em partes por bilhão de volume, representada por uma grande mancha que cobre parte do continente americano, Oceano Atlântico e continente africano. As cores da legenda indicam que a maior concentração de C O2 está no centro-norte do Brasil e no centro-sul do continente africano. (Fim da descrição)
A dispersão espacial do problema ambiental representado na imagem de satélite é explicada pela seguinte característica geográfica:","D","Homogeneidade da insolação anual.",0,NA,NA,NA,NA,"Portuguese","B"
"enem_2025_1mil_ch","enem_2025_1mil_ch_1",125735,"ENEM 2025 - CH","Exame Nacional do Ensino Médio
ENEM 2025
Prova de Linguagens, Códigos e suas Tecnologias e Redação
Prova de Ciências Humanas e suas Tecnologias
1º dia
Caderno 9 – Laranja
INEP
Ministério da Educação
ATENÇÃO: transcreva no espaço apropriado do seu CARTÃO-RESPOSTA, com sua caligrafia usual, considerando as letras maiúsculas e minúsculas, a seguinte frase:
Cada pessoa deve trabalhar para o seu aperfeiçoamento
LEIA ATENTAMENTE AS INSTRUÇÕES SEGUINTES:
1. Este CADERNO DE QUESTÕES contém 90 questões numeradas de 1 a 90 e a Proposta de Redação, dispostas da seguinte maneira:
a) questões de número 1 a 45, relativas à área de Linguagens, Códigos e suas Tecnologias;
b) Proposta de Redação;
c) questões de número 46 a 90, relativas à área de Ciências Humanas e suas Tecnologias.
ATENÇÃO: as questões de 1 a 5 são relativas à língua estrangeira. Você deverá responder apenas às questões relativas à língua estrangeira (inglês ou espanhol) escolhida no ato de sua inscrição.
2. Confira se a quantidade e a ordem das questões do seu CADERNO DE QUESTÕES estão de acordo com as instruções anteriores. Caso o caderno esteja incompleto, tenha defeito ou apresente qualquer divergência, comunique ao aplicador da sala para que ele tome as providências cabíveis.
3. Para cada uma das questões objetivas, são apresentadas 5 opções. Apenas uma responde corretamente à questão.
4. O tempo disponível para estas provas é de cinco horas e trinta minutos.
5. Reserve tempo suficiente para preencher o CARTÃO-RESPOSTA e a FOLHA DE REDAÇÃO.
6. Os rascunhos e as marcações assinaladas no CADERNO DE QUESTÕES não serão considerados na avaliação.
7. Somente serão corrigidas as redações transcritas na FOLHA DE REDAÇÃO.
8. Quando terminar as provas, acene para chamar o aplicador e entregue este CADERNO DE QUESTÕES, o CARTÃO-RESPOSTA/FOLHA DE REDAÇÃO.
9. Você poderá deixar o local de prova somente após decorridas duas horas do início da aplicação e poderá levar seu CADERNO DE QUESTÕES ao deixar em definitivo a sala de prova nos 30 minutos que antecedem o término das provas.
LINGUAGENS, CÓDIGOS E SUAS TECNOLOGIAS
Questões de 1 a 45
Questões de 1 a 5 (opção inglês)",NA,"Descrição do mapa: Intitulado Concentração de C O2 por queimadas entre África e Brasil em 30 de agosto de 2019, o mapa apresenta, a partir de imagens de satélite, a concentração de C O2, em partes por bilhão de volume, representada por uma grande mancha que cobre parte do continente americano, Oceano Atlântico e continente africano. As cores da legenda indicam que a maior concentração de C O2 está no centro-norte do Brasil e no centro-sul do continente africano. (Fim da descrição)
A dispersão espacial do problema ambiental representado na imagem de satélite é explicada pela seguinte característica geográfica:","D","Ocorrência de chuvas de relevo.",0,NA,NA,NA,NA,"Portuguese","C"
"enem_2025_1mil_ch","enem_2025_1mil_ch_1",125735,"ENEM 2025 - CH","Exame Nacional do Ensino Médio
ENEM 2025
Prova de Linguagens, Códigos e suas Tecnologias e Redação
Prova de Ciências Humanas e suas Tecnologias
1º dia
Caderno 9 – Laranja
INEP
Ministério da Educação
ATENÇÃO: transcreva no espaço apropriado do seu CARTÃO-RESPOSTA, com sua caligrafia usual, considerando as letras maiúsculas e minúsculas, a seguinte frase:
Cada pessoa deve trabalhar para o seu aperfeiçoamento
LEIA ATENTAMENTE AS INSTRUÇÕES SEGUINTES:
1. Este CADERNO DE QUESTÕES contém 90 questões numeradas de 1 a 90 e a Proposta de Redação, dispostas da seguinte maneira:
a) questões de número 1 a 45, relativas à área de Linguagens, Códigos e suas Tecnologias;
b) Proposta de Redação;
c) questões de número 46 a 90, relativas à área de Ciências Humanas e suas Tecnologias.
ATENÇÃO: as questões de 1 a 5 são relativas à língua estrangeira. Você deverá responder apenas às questões relativas à língua estrangeira (inglês ou espanhol) escolhida no ato de sua inscrição.
2. Confira se a quantidade e a ordem das questões do seu CADERNO DE QUESTÕES estão de acordo com as instruções anteriores. Caso o caderno esteja incompleto, tenha defeito ou apresente qualquer divergência, comunique ao aplicador da sala para que ele tome as providências cabíveis.
3. Para cada uma das questões objetivas, são apresentadas 5 opções. Apenas uma responde corretamente à questão.
4. O tempo disponível para estas provas é de cinco horas e trinta minutos.
5. Reserve tempo suficiente para preencher o CARTÃO-RESPOSTA e a FOLHA DE REDAÇÃO.
6. Os rascunhos e as marcações assinaladas no CADERNO DE QUESTÕES não serão considerados na avaliação.
7. Somente serão corrigidas as redações transcritas na FOLHA DE REDAÇÃO.
8. Quando terminar as provas, acene para chamar o aplicador e entregue este CADERNO DE QUESTÕES, o CARTÃO-RESPOSTA/FOLHA DE REDAÇÃO.
9. Você poderá deixar o local de prova somente após decorridas duas horas do início da aplicação e poderá levar seu CADERNO DE QUESTÕES ao deixar em definitivo a sala de prova nos 30 minutos que antecedem o término das provas.
LINGUAGENS, CÓDIGOS E SUAS TECNOLOGIAS
Questões de 1 a 45
Questões de 1 a 5 (opção inglês)",NA,"Descrição do mapa: Intitulado Concentração de C O2 por queimadas entre África e Brasil em 30 de agosto de 2019, o mapa apresenta, a partir de imagens de satélite, a concentração de C O2, em partes por bilhão de volume, representada por uma grande mancha que cobre parte do continente americano, Oceano Atlântico e continente africano. As cores da legenda indicam que a maior concentração de C O2 está no centro-norte do Brasil e no centro-sul do continente africano. (Fim da descrição)
A dispersão espacial do problema ambiental representado na imagem de satélite é explicada pela seguinte característica geográfica:","D","Circulação de massas de ar.",1,NA,NA,NA,NA,"Portuguese","D"
"enem_2025_1mil_ch","enem_2025_1mil_ch_1",125735,"ENEM 2025 - CH","Exame Nacional do Ensino Médio
ENEM 2025
Prova de Linguagens, Códigos e suas Tecnologias e Redação
Prova de Ciências Humanas e suas Tecnologias
1º dia
Caderno 9 – Laranja
INEP
Ministério da Educação
ATENÇÃO: transcreva no espaço apropriado do seu CARTÃO-RESPOSTA, com sua caligrafia usual, considerando as letras maiúsculas e minúsculas, a seguinte frase:
Cada pessoa deve trabalhar para o seu aperfeiçoamento
LEIA ATENTAMENTE AS INSTRUÇÕES SEGUINTES:
1. Este CADERNO DE QUESTÕES contém 90 questões numeradas de 1 a 90 e a Proposta de Redação, dispostas da seguinte maneira:
a) questões de número 1 a 45, relativas à área de Linguagens, Códigos e suas Tecnologias;
b) Proposta de Redação;
c) questões de número 46 a 90, relativas à área de Ciências Humanas e suas Tecnologias.
ATENÇÃO: as questões de 1 a 5 são relativas à língua estrangeira. Você deverá responder apenas às questões relativas à língua estrangeira (inglês ou espanhol) escolhida no ato de sua inscrição.
2. Confira se a quantidade e a ordem das questões do seu CADERNO DE QUESTÕES estão de acordo com as instruções anteriores. Caso o caderno esteja incompleto, tenha defeito ou apresente qualquer divergência, comunique ao aplicador da sala para que ele tome as providências cabíveis.
3. Para cada uma das questões objetivas, são apresentadas 5 opções. Apenas uma responde corretamente à questão.
4. O tempo disponível para estas provas é de cinco horas e trinta minutos.
5. Reserve tempo suficiente para preencher o CARTÃO-RESPOSTA e a FOLHA DE REDAÇÃO.
6. Os rascunhos e as marcações assinaladas no CADERNO DE QUESTÕES não serão considerados na avaliação.
7. Somente serão corrigidas as redações transcritas na FOLHA DE REDAÇÃO.
8. Quando terminar as provas, acene para chamar o aplicador e entregue este CADERNO DE QUESTÕES, o CARTÃO-RESPOSTA/FOLHA DE REDAÇÃO.
9. Você poderá deixar o local de prova somente após decorridas duas horas do início da aplicação e poderá levar seu CADERNO DE QUESTÕES ao deixar em definitivo a sala de prova nos 30 minutos que antecedem o término das provas.
LINGUAGENS, CÓDIGOS E SUAS TECNOLOGIAS
Questões de 1 a 45
Questões de 1 a 5 (opção inglês)",NA,"Descrição do mapa: Intitulado Concentração de C O2 por queimadas entre África e Brasil em 30 de agosto de 2019, o mapa apresenta, a partir de imagens de satélite, a concentração de C O2, em partes por bilhão de volume, representada por uma grande mancha que cobre parte do continente americano, Oceano Atlântico e continente africano. As cores da legenda indicam que a maior concentração de C O2 está no centro-norte do Brasil e no centro-sul do continente africano. (Fim da descrição)
A dispersão espacial do problema ambiental representado na imagem de satélite é explicada pela seguinte característica geográfica:","D","Ausência de frentes frias.",0,NA,NA,NA,NA,"Portuguese","E"
"enem_2025_1mil_ch","enem_2025_1mil_ch_1",87509,"ENEM 2025 - CH","Exame Nacional do Ensino Médio
ENEM 2025
Prova de Linguagens, Códigos e suas Tecnologias e Redação
Prova de Ciências Humanas e suas Tecnologias
1º dia
Caderno 9 – Laranja
INEP
Ministério da Educação
ATENÇÃO: transcreva no espaço apropriado do seu CARTÃO-RESPOSTA, com sua caligrafia usual, considerando as letras maiúsculas e minúsculas, a seguinte frase:
Cada pessoa deve trabalhar para o seu aperfeiçoamento
LEIA ATENTAMENTE AS INSTRUÇÕES SEGUINTES:
1. Este CADERNO DE QUESTÕES contém 90 questões numeradas de 1 a 90 e a Proposta de Redação, dispostas da seguinte maneira:
a) questões de número 1 a 45, relativas à área de Linguagens, Códigos e suas Tecnologias;
b) Proposta de Redação;
c) questões de número 46 a 90, relativas à área de Ciências Humanas e suas Tecnologias.
ATENÇÃO: as questões de 1 a 5 são relativas à língua estrangeira. Você deverá responder apenas às questões relativas à língua estrangeira (inglês ou espanhol) escolhida no ato de sua inscrição.
2. Confira se a quantidade e a ordem das questões do seu CADERNO DE QUESTÕES estão de acordo com as instruções anteriores. Caso o caderno esteja incompleto, tenha defeito ou apresente qualquer divergência, comunique ao aplicador da sala para que ele tome as providências cabíveis.
3. Para cada uma das questões objetivas, são apresentadas 5 opções. Apenas uma responde corretamente à questão.
4. O tempo disponível para estas provas é de cinco horas e trinta minutos.
5. Reserve tempo suficiente para preencher o CARTÃO-RESPOSTA e a FOLHA DE REDAÇÃO.
6. Os rascunhos e as marcações assinaladas no CADERNO DE QUESTÕES não serão considerados na avaliação.
7. Somente serão corrigidas as redações transcritas na FOLHA DE REDAÇÃO.
8. Quando terminar as provas, acene para chamar o aplicador e entregue este CADERNO DE QUESTÕES, o CARTÃO-RESPOSTA/FOLHA DE REDAÇÃO.
9. Você poderá deixar o local de prova somente após decorridas duas horas do início da aplicação e poderá levar seu CADERNO DE QUESTÕES ao deixar em definitivo a sala de prova nos 30 minutos que antecedem o término das provas.
LINGUAGENS, CÓDIGOS E SUAS TECNOLOGIAS
Questões de 1 a 45
Questões de 1 a 5 (opção inglês)",NA,"Uma investigação sobre o entendimento humano e sobre os princípios da moral
David Hume
A credulidade dos ouvintes aumenta o descaramento do narrador, e o descaramento deste conquista-lhes a credulidade. A eloquência, quando levada a seu patamar mais alto, deixa pouco lugar à razão ou à reflexão, mas, dirigindo-se inteiramente à imaginação e aos afetos, cativa os ouvintes condescendentes e subjuga-lhes o entendimento.
No contexto do século 18, o autor propõe uma reflexão radical acerca da arte da eloquência, restringindo-a ao","E","sistema de crenças, conforme a proposta kantiana de objetividade do conhecimento.",0,NA,NA,NA,NA,"Portuguese","A"
"enem_2025_1mil_ch","enem_2025_1mil_ch_1",87509,"ENEM 2025 - CH","Exame Nacional do Ensino Médio
ENEM 2025
Prova de Linguagens, Códigos e suas Tecnologias e Redação
Prova de Ciências Humanas e suas Tecnologias
1º dia
Caderno 9 – Laranja
INEP
Ministério da Educação
ATENÇÃO: transcreva no espaço apropriado do seu CARTÃO-RESPOSTA, com sua caligrafia usual, considerando as letras maiúsculas e minúsculas, a seguinte frase:
Cada pessoa deve trabalhar para o seu aperfeiçoamento
LEIA ATENTAMENTE AS INSTRUÇÕES SEGUINTES:
1. Este CADERNO DE QUESTÕES contém 90 questões numeradas de 1 a 90 e a Proposta de Redação, dispostas da seguinte maneira:
a) questões de número 1 a 45, relativas à área de Linguagens, Códigos e suas Tecnologias;
b) Proposta de Redação;
c) questões de número 46 a 90, relativas à área de Ciências Humanas e suas Tecnologias.
ATENÇÃO: as questões de 1 a 5 são relativas à língua estrangeira. Você deverá responder apenas às questões relativas à língua estrangeira (inglês ou espanhol) escolhida no ato de sua inscrição.
2. Confira se a quantidade e a ordem das questões do seu CADERNO DE QUESTÕES estão de acordo com as instruções anteriores. Caso o caderno esteja incompleto, tenha defeito ou apresente qualquer divergência, comunique ao aplicador da sala para que ele tome as providências cabíveis.
3. Para cada uma das questões objetivas, são apresentadas 5 opções. Apenas uma responde corretamente à questão.
4. O tempo disponível para estas provas é de cinco horas e trinta minutos.
5. Reserve tempo suficiente para preencher o CARTÃO-RESPOSTA e a FOLHA DE REDAÇÃO.
6. Os rascunhos e as marcações assinaladas no CADERNO DE QUESTÕES não serão considerados na avaliação.
7. Somente serão corrigidas as redações transcritas na FOLHA DE REDAÇÃO.
8. Quando terminar as provas, acene para chamar o aplicador e entregue este CADERNO DE QUESTÕES, o CARTÃO-RESPOSTA/FOLHA DE REDAÇÃO.
9. Você poderá deixar o local de prova somente após decorridas duas horas do início da aplicação e poderá levar seu CADERNO DE QUESTÕES ao deixar em definitivo a sala de prova nos 30 minutos que antecedem o término das provas.
LINGUAGENS, CÓDIGOS E SUAS TECNOLOGIAS
Questões de 1 a 45
Questões de 1 a 5 (opção inglês)",NA,"Uma investigação sobre o entendimento humano e sobre os princípios da moral
David Hume
A credulidade dos ouvintes aumenta o descaramento do narrador, e o descaramento deste conquista-lhes a credulidade. A eloquência, quando levada a seu patamar mais alto, deixa pouco lugar à razão ou à reflexão, mas, dirigindo-se inteiramente à imaginação e aos afetos, cativa os ouvintes condescendentes e subjuga-lhes o entendimento.
No contexto do século 18, o autor propõe uma reflexão radical acerca da arte da eloquência, restringindo-a ao","E","campo dos absolutos, semelhante ao entendimento medieval dos Universais.",0,NA,NA,NA,NA,"Portuguese","B"
"enem_2025_1mil_ch","enem_2025_1mil_ch_1",87509,"ENEM 2025 - CH","Exame Nacional do Ensino Médio
ENEM 2025
Prova de Linguagens, Códigos e suas Tecnologias e Redação
Prova de Ciências Humanas e suas Tecnologias
1º dia
Caderno 9 – Laranja
INEP
Ministério da Educação
ATENÇÃO: transcreva no espaço apropriado do seu CARTÃO-RESPOSTA, com sua caligrafia usual, considerando as letras maiúsculas e minúsculas, a seguinte frase:
Cada pessoa deve trabalhar para o seu aperfeiçoamento
LEIA ATENTAMENTE AS INSTRUÇÕES SEGUINTES:
1. Este CADERNO DE QUESTÕES contém 90 questões numeradas de 1 a 90 e a Proposta de Redação, dispostas da seguinte maneira:
a) questões de número 1 a 45, relativas à área de Linguagens, Códigos e suas Tecnologias;
b) Proposta de Redação;
c) questões de número 46 a 90, relativas à área de Ciências Humanas e suas Tecnologias.
ATENÇÃO: as questões de 1 a 5 são relativas à língua estrangeira. Você deverá responder apenas às questões relativas à língua estrangeira (inglês ou espanhol) escolhida no ato de sua inscrição.
2. Confira se a quantidade e a ordem das questões do seu CADERNO DE QUESTÕES estão de acordo com as instruções anteriores. Caso o caderno esteja incompleto, tenha defeito ou apresente qualquer divergência, comunique ao aplicador da sala para que ele tome as providências cabíveis.
3. Para cada uma das questões objetivas, são apresentadas 5 opções. Apenas uma responde corretamente à questão.
4. O tempo disponível para estas provas é de cinco horas e trinta minutos.
5. Reserve tempo suficiente para preencher o CARTÃO-RESPOSTA e a FOLHA DE REDAÇÃO.
6. Os rascunhos e as marcações assinaladas no CADERNO DE QUESTÕES não serão considerados na avaliação.
7. Somente serão corrigidas as redações transcritas na FOLHA DE REDAÇÃO.
8. Quando terminar as provas, acene para chamar o aplicador e entregue este CADERNO DE QUESTÕES, o CARTÃO-RESPOSTA/FOLHA DE REDAÇÃO.
9. Você poderá deixar o local de prova somente após decorridas duas horas do início da aplicação e poderá levar seu CADERNO DE QUESTÕES ao deixar em definitivo a sala de prova nos 30 minutos que antecedem o término das provas.
LINGUAGENS, CÓDIGOS E SUAS TECNOLOGIAS
Questões de 1 a 45
Questões de 1 a 5 (opção inglês)",NA,"Uma investigação sobre o entendimento humano e sobre os princípios da moral
David Hume
A credulidade dos ouvintes aumenta o descaramento do narrador, e o descaramento deste conquista-lhes a credulidade. A eloquência, quando levada a seu patamar mais alto, deixa pouco lugar à razão ou à reflexão, mas, dirigindo-se inteiramente à imaginação e aos afetos, cativa os ouvintes condescendentes e subjuga-lhes o entendimento.
No contexto do século 18, o autor propõe uma reflexão radical acerca da arte da eloquência, restringindo-a ao","E","domínio da lógica, consoante a compreensão aristotélica nos Analíticos.",0,NA,NA,NA,NA,"Portuguese","C"
"enem_2025_1mil_ch","enem_2025_1mil_ch_1",87509,"ENEM 2025 - CH","Exame Nacional do Ensino Médio
ENEM 2025
Prova de Linguagens, Códigos e suas Tecnologias e Redação
Prova de Ciências Humanas e suas Tecnologias
1º dia
Caderno 9 – Laranja
INEP
Ministério da Educação
ATENÇÃO: transcreva no espaço apropriado do seu CARTÃO-RESPOSTA, com sua caligrafia usual, considerando as letras maiúsculas e minúsculas, a seguinte frase:
Cada pessoa deve trabalhar para o seu aperfeiçoamento
LEIA ATENTAMENTE AS INSTRUÇÕES SEGUINTES:
1. Este CADERNO DE QUESTÕES contém 90 questões numeradas de 1 a 90 e a Proposta de Redação, dispostas da seguinte maneira:
a) questões de número 1 a 45, relativas à área de Linguagens, Códigos e suas Tecnologias;
b) Proposta de Redação;
c) questões de número 46 a 90, relativas à área de Ciências Humanas e suas Tecnologias.
ATENÇÃO: as questões de 1 a 5 são relativas à língua estrangeira. Você deverá responder apenas às questões relativas à língua estrangeira (inglês ou espanhol) escolhida no ato de sua inscrição.
2. Confira se a quantidade e a ordem das questões do seu CADERNO DE QUESTÕES estão de acordo com as instruções anteriores. Caso o caderno esteja incompleto, tenha defeito ou apresente qualquer divergência, comunique ao aplicador da sala para que ele tome as providências cabíveis.
3. Para cada uma das questões objetivas, são apresentadas 5 opções. Apenas uma responde corretamente à questão.
4. O tempo disponível para estas provas é de cinco horas e trinta minutos.
5. Reserve tempo suficiente para preencher o CARTÃO-RESPOSTA e a FOLHA DE REDAÇÃO.
6. Os rascunhos e as marcações assinaladas no CADERNO DE QUESTÕES não serão considerados na avaliação.
7. Somente serão corrigidas as redações transcritas na FOLHA DE REDAÇÃO.
8. Quando terminar as provas, acene para chamar o aplicador e entregue este CADERNO DE QUESTÕES, o CARTÃO-RESPOSTA/FOLHA DE REDAÇÃO.
9. Você poderá deixar o local de prova somente após decorridas duas horas do início da aplicação e poderá levar seu CADERNO DE QUESTÕES ao deixar em definitivo a sala de prova nos 30 minutos que antecedem o término das provas.
LINGUAGENS, CÓDIGOS E SUAS TECNOLOGIAS
Questões de 1 a 45
Questões de 1 a 5 (opção inglês)",NA,"Uma investigação sobre o entendimento humano e sobre os princípios da moral
David Hume
A credulidade dos ouvintes aumenta o descaramento do narrador, e o descaramento deste conquista-lhes a credulidade. A eloquência, quando levada a seu patamar mais alto, deixa pouco lugar à razão ou à reflexão, mas, dirigindo-se inteiramente à imaginação e aos afetos, cativa os ouvintes condescendentes e subjuga-lhes o entendimento.
No contexto do século 18, o autor propõe uma reflexão radical acerca da arte da eloquência, restringindo-a ao","E","paradigma da racionalidade, alinhado ao modelo cartesiano de método.",0,NA,NA,NA,NA,"Portuguese","D"
"enem_2025_1mil_ch","enem_2025_1mil_ch_1",87509,"ENEM 2025 - CH","Exame Nacional do Ensino Médio
ENEM 2025
Prova de Linguagens, Códigos e suas Tecnologias e Redação
Prova de Ciências Humanas e suas Tecnologias
1º dia
Caderno 9 – Laranja
INEP
Ministério da Educação
ATENÇÃO: transcreva no espaço apropriado do seu CARTÃO-RESPOSTA, com sua caligrafia usual, considerando as letras maiúsculas e minúsculas, a seguinte frase:
Cada pessoa deve trabalhar para o seu aperfeiçoamento
LEIA ATENTAMENTE AS INSTRUÇÕES SEGUINTES:
1. Este CADERNO DE QUESTÕES contém 90 questões numeradas de 1 a 90 e a Proposta de Redação, dispostas da seguinte maneira:
a) questões de número 1 a 45, relativas à área de Linguagens, Códigos e suas Tecnologias;
b) Proposta de Redação;
c) questões de número 46 a 90, relativas à área de Ciências Humanas e suas Tecnologias.
ATENÇÃO: as questões de 1 a 5 são relativas à língua estrangeira. Você deverá responder apenas às questões relativas à língua estrangeira (inglês ou espanhol) escolhida no ato de sua inscrição.
2. Confira se a quantidade e a ordem das questões do seu CADERNO DE QUESTÕES estão de acordo com as instruções anteriores. Caso o caderno esteja incompleto, tenha defeito ou apresente qualquer divergência, comunique ao aplicador da sala para que ele tome as providências cabíveis.
3. Para cada uma das questões objetivas, são apresentadas 5 opções. Apenas uma responde corretamente à questão.
4. O tempo disponível para estas provas é de cinco horas e trinta minutos.
5. Reserve tempo suficiente para preencher o CARTÃO-RESPOSTA e a FOLHA DE REDAÇÃO.
6. Os rascunhos e as marcações assinaladas no CADERNO DE QUESTÕES não serão considerados na avaliação.
7. Somente serão corrigidas as redações transcritas na FOLHA DE REDAÇÃO.
8. Quando terminar as provas, acene para chamar o aplicador e entregue este CADERNO DE QUESTÕES, o CARTÃO-RESPOSTA/FOLHA DE REDAÇÃO.
9. Você poderá deixar o local de prova somente após decorridas duas horas do início da aplicação e poderá levar seu CADERNO DE QUESTÕES ao deixar em definitivo a sala de prova nos 30 minutos que antecedem o término das provas.
LINGUAGENS, CÓDIGOS E SUAS TECNOLOGIAS
Questões de 1 a 45
Questões de 1 a 5 (opção inglês)",NA,"Uma investigação sobre o entendimento humano e sobre os princípios da moral
David Hume
A credulidade dos ouvintes aumenta o descaramento do narrador, e o descaramento deste conquista-lhes a credulidade. A eloquência, quando levada a seu patamar mais alto, deixa pouco lugar à razão ou à reflexão, mas, dirigindo-se inteiramente à imaginação e aos afetos, cativa os ouvintes condescendentes e subjuga-lhes o entendimento.
No contexto do século 18, o autor propõe uma reflexão radical acerca da arte da eloquência, restringindo-a ao","E","âmbito da persuasão, análogo às críticas platônicas aos sofistas.",1,NA,NA,NA,NA,"Portuguese","E"
"enem_2025_1mil_ch","enem_2025_1mil_ch_1",111982,"ENEM 2025 - CH","Exame Nacional do Ensino Médio
ENEM 2025
Prova de Linguagens, Códigos e suas Tecnologias e Redação
Prova de Ciências Humanas e suas Tecnologias
1º dia
Caderno 9 – Laranja
INEP
Ministério da Educação
ATENÇÃO: transcreva no espaço apropriado do seu CARTÃO-RESPOSTA, com sua caligrafia usual, considerando as letras maiúsculas e minúsculas, a seguinte frase:
Cada pessoa deve trabalhar para o seu aperfeiçoamento
LEIA ATENTAMENTE AS INSTRUÇÕES SEGUINTES:
1. Este CADERNO DE QUESTÕES contém 90 questões numeradas de 1 a 90 e a Proposta de Redação, dispostas da seguinte maneira:
a) questões de número 1 a 45, relativas à área de Linguagens, Códigos e suas Tecnologias;
b) Proposta de Redação;
c) questões de número 46 a 90, relativas à área de Ciências Humanas e suas Tecnologias.
ATENÇÃO: as questões de 1 a 5 são relativas à língua estrangeira. Você deverá responder apenas às questões relativas à língua estrangeira (inglês ou espanhol) escolhida no ato de sua inscrição.
2. Confira se a quantidade e a ordem das questões do seu CADERNO DE QUESTÕES estão de acordo com as instruções anteriores. Caso o caderno esteja incompleto, tenha defeito ou apresente qualquer divergência, comunique ao aplicador da sala para que ele tome as providências cabíveis.
3. Para cada uma das questões objetivas, são apresentadas 5 opções. Apenas uma responde corretamente à questão.
4. O tempo disponível para estas provas é de cinco horas e trinta minutos.
5. Reserve tempo suficiente para preencher o CARTÃO-RESPOSTA e a FOLHA DE REDAÇÃO.
6. Os rascunhos e as marcações assinaladas no CADERNO DE QUESTÕES não serão considerados na avaliação.
7. Somente serão corrigidas as redações transcritas na FOLHA DE REDAÇÃO.
8. Quando terminar as provas, acene para chamar o aplicador e entregue este CADERNO DE QUESTÕES, o CARTÃO-RESPOSTA/FOLHA DE REDAÇÃO.
9. Você poderá deixar o local de prova somente após decorridas duas horas do início da aplicação e poderá levar seu CADERNO DE QUESTÕES ao deixar em definitivo a sala de prova nos 30 minutos que antecedem o término das provas.
LINGUAGENS, CÓDIGOS E SUAS TECNOLOGIAS
Questões de 1 a 45
Questões de 1 a 5 (opção inglês)",NA,"Não há consenso em torno do nome dado à pandemia, tendo, desde o seu início, sido chamada de gripe espanhola provavelmente por causa da desinformação em torno da notícia sobre sua origem. Uma das hipóteses deriva da neutralidade espanhola na Primeira Guerra Mundial e a consequente liberdade de imprensa naquele país, maior do que nos demais países envolvidos no conflito. Hoje existe o consenso entre virologistas e epidemiologistas de que o vírus da gripe não se originou na Espanha. Entretanto, dificilmente essa pandemia deixará de ser conhecida como gripe espanhola.
De acordo com o texto, a denominação recebida pela pandemia do começo do século 20 foi determinada pelo(a)","C","precariedade dos conhecimentos da medicina militar.",0,NA,NA,NA,NA,"Portuguese","A"
"enem_2025_1mil_ch","enem_2025_1mil_ch_1",111982,"ENEM 2025 - CH","Exame Nacional do Ensino Médio
ENEM 2025
Prova de Linguagens, Códigos e suas Tecnologias e Redação
Prova de Ciências Humanas e suas Tecnologias
1º dia
Caderno 9 – Laranja
INEP
Ministério da Educação
ATENÇÃO: transcreva no espaço apropriado do seu CARTÃO-RESPOSTA, com sua caligrafia usual, considerando as letras maiúsculas e minúsculas, a seguinte frase:
Cada pessoa deve trabalhar para o seu aperfeiçoamento
LEIA ATENTAMENTE AS INSTRUÇÕES SEGUINTES:
1. Este CADERNO DE QUESTÕES contém 90 questões numeradas de 1 a 90 e a Proposta de Redação, dispostas da seguinte maneira:
a) questões de número 1 a 45, relativas à área de Linguagens, Códigos e suas Tecnologias;
b) Proposta de Redação;
c) questões de número 46 a 90, relativas à área de Ciências Humanas e suas Tecnologias.
ATENÇÃO: as questões de 1 a 5 são relativas à língua estrangeira. Você deverá responder apenas às questões relativas à língua estrangeira (inglês ou espanhol) escolhida no ato de sua inscrição.
2. Confira se a quantidade e a ordem das questões do seu CADERNO DE QUESTÕES estão de acordo com as instruções anteriores. Caso o caderno esteja incompleto, tenha defeito ou apresente qualquer divergência, comunique ao aplicador da sala para que ele tome as providências cabíveis.
3. Para cada uma das questões objetivas, são apresentadas 5 opções. Apenas uma responde corretamente à questão.
4. O tempo disponível para estas provas é de cinco horas e trinta minutos.
5. Reserve tempo suficiente para preencher o CARTÃO-RESPOSTA e a FOLHA DE REDAÇÃO.
6. Os rascunhos e as marcações assinaladas no CADERNO DE QUESTÕES não serão considerados na avaliação.
7. Somente serão corrigidas as redações transcritas na FOLHA DE REDAÇÃO.
8. Quando terminar as provas, acene para chamar o aplicador e entregue este CADERNO DE QUESTÕES, o CARTÃO-RESPOSTA/FOLHA DE REDAÇÃO.
9. Você poderá deixar o local de prova somente após decorridas duas horas do início da aplicação e poderá levar seu CADERNO DE QUESTÕES ao deixar em definitivo a sala de prova nos 30 minutos que antecedem o término das provas.
LINGUAGENS, CÓDIGOS E SUAS TECNOLOGIAS
Questões de 1 a 45
Questões de 1 a 5 (opção inglês)",NA,"Não há consenso em torno do nome dado à pandemia, tendo, desde o seu início, sido chamada de gripe espanhola provavelmente por causa da desinformação em torno da notícia sobre sua origem. Uma das hipóteses deriva da neutralidade espanhola na Primeira Guerra Mundial e a consequente liberdade de imprensa naquele país, maior do que nos demais países envolvidos no conflito. Hoje existe o consenso entre virologistas e epidemiologistas de que o vírus da gripe não se originou na Espanha. Entretanto, dificilmente essa pandemia deixará de ser conhecida como gripe espanhola.
De acordo com o texto, a denominação recebida pela pandemia do começo do século 20 foi determinada pelo(a)","C","retaliação da tríplice aliança aos soldados desertores.",0,NA,NA,NA,NA,"Portuguese","B"
"enem_2025_1mil_ch","enem_2025_1mil_ch_1",111982,"ENEM 2025 - CH","Exame Nacional do Ensino Médio
ENEM 2025
Prova de Linguagens, Códigos e suas Tecnologias e Redação
Prova de Ciências Humanas e suas Tecnologias
1º dia
Caderno 9 – Laranja
INEP
Ministério da Educação
ATENÇÃO: transcreva no espaço apropriado do seu CARTÃO-RESPOSTA, com sua caligrafia usual, considerando as letras maiúsculas e minúsculas, a seguinte frase:
Cada pessoa deve trabalhar para o seu aperfeiçoamento
LEIA ATENTAMENTE AS INSTRUÇÕES SEGUINTES:
1. Este CADERNO DE QUESTÕES contém 90 questões numeradas de 1 a 90 e a Proposta de Redação, dispostas da seguinte maneira:
a) questões de número 1 a 45, relativas à área de Linguagens, Códigos e suas Tecnologias;
b) Proposta de Redação;
c) questões de número 46 a 90, relativas à área de Ciências Humanas e suas Tecnologias.
ATENÇÃO: as questões de 1 a 5 são relativas à língua estrangeira. Você deverá responder apenas às questões relativas à língua estrangeira (inglês ou espanhol) escolhida no ato de sua inscrição.
2. Confira se a quantidade e a ordem das questões do seu CADERNO DE QUESTÕES estão de acordo com as instruções anteriores. Caso o caderno esteja incompleto, tenha defeito ou apresente qualquer divergência, comunique ao aplicador da sala para que ele tome as providências cabíveis.
3. Para cada uma das questões objetivas, são apresentadas 5 opções. Apenas uma responde corretamente à questão.
4. O tempo disponível para estas provas é de cinco horas e trinta minutos.
5. Reserve tempo suficiente para preencher o CARTÃO-RESPOSTA e a FOLHA DE REDAÇÃO.
6. Os rascunhos e as marcações assinaladas no CADERNO DE QUESTÕES não serão considerados na avaliação.
7. Somente serão corrigidas as redações transcritas na FOLHA DE REDAÇÃO.
8. Quando terminar as provas, acene para chamar o aplicador e entregue este CADERNO DE QUESTÕES, o CARTÃO-RESPOSTA/FOLHA DE REDAÇÃO.
9. Você poderá deixar o local de prova somente após decorridas duas horas do início da aplicação e poderá levar seu CADERNO DE QUESTÕES ao deixar em definitivo a sala de prova nos 30 minutos que antecedem o término das provas.
LINGUAGENS, CÓDIGOS E SUAS TECNOLOGIAS
Questões de 1 a 45
Questões de 1 a 5 (opção inglês)",NA,"Não há consenso em torno do nome dado à pandemia, tendo, desde o seu início, sido chamada de gripe espanhola provavelmente por causa da desinformação em torno da notícia sobre sua origem. Uma das hipóteses deriva da neutralidade espanhola na Primeira Guerra Mundial e a consequente liberdade de imprensa naquele país, maior do que nos demais países envolvidos no conflito. Hoje existe o consenso entre virologistas e epidemiologistas de que o vírus da gripe não se originou na Espanha. Entretanto, dificilmente essa pandemia deixará de ser conhecida como gripe espanhola.
De acordo com o texto, a denominação recebida pela pandemia do começo do século 20 foi determinada pelo(a)","C","controle dos relatos oriundos de campos de batalha.",1,NA,NA,NA,NA,"Portuguese","C"
"enem_2025_1mil_ch","enem_2025_1mil_ch_1",111982,"ENEM 2025 - CH","Exame Nacional do Ensino Médio
ENEM 2025
Prova de Linguagens, Códigos e suas Tecnologias e Redação
Prova de Ciências Humanas e suas Tecnologias
1º dia
Caderno 9 – Laranja
INEP
Ministério da Educação
ATENÇÃO: transcreva no espaço apropriado do seu CARTÃO-RESPOSTA, com sua caligrafia usual, considerando as letras maiúsculas e minúsculas, a seguinte frase:
Cada pessoa deve trabalhar para o seu aperfeiçoamento
LEIA ATENTAMENTE AS INSTRUÇÕES SEGUINTES:
1. Este CADERNO DE QUESTÕES contém 90 questões numeradas de 1 a 90 e a Proposta de Redação, dispostas da seguinte maneira:
a) questões de número 1 a 45, relativas à área de Linguagens, Códigos e suas Tecnologias;
b) Proposta de Redação;
c) questões de número 46 a 90, relativas à área de Ciências Humanas e suas Tecnologias.
ATENÇÃO: as questões de 1 a 5 são relativas à língua estrangeira. Você deverá responder apenas às questões relativas à língua estrangeira (inglês ou espanhol) escolhida no ato de sua inscrição.
2. Confira se a quantidade e a ordem das questões do seu CADERNO DE QUESTÕES estão de acordo com as instruções anteriores. Caso o caderno esteja incompleto, tenha defeito ou apresente qualquer divergência, comunique ao aplicador da sala para que ele tome as providências cabíveis.
3. Para cada uma das questões objetivas, são apresentadas 5 opções. Apenas uma responde corretamente à questão.
4. O tempo disponível para estas provas é de cinco horas e trinta minutos.
5. Reserve tempo suficiente para preencher o CARTÃO-RESPOSTA e a FOLHA DE REDAÇÃO.
6. Os rascunhos e as marcações assinaladas no CADERNO DE QUESTÕES não serão considerados na avaliação.
7. Somente serão corrigidas as redações transcritas na FOLHA DE REDAÇÃO.
8. Quando terminar as provas, acene para chamar o aplicador e entregue este CADERNO DE QUESTÕES, o CARTÃO-RESPOSTA/FOLHA DE REDAÇÃO.
9. Você poderá deixar o local de prova somente após decorridas duas horas do início da aplicação e poderá levar seu CADERNO DE QUESTÕES ao deixar em definitivo a sala de prova nos 30 minutos que antecedem o término das provas.
LINGUAGENS, CÓDIGOS E SUAS TECNOLOGIAS
Questões de 1 a 45
Questões de 1 a 5 (opção inglês)",NA,"Não há consenso em torno do nome dado à pandemia, tendo, desde o seu início, sido chamada de gripe espanhola provavelmente por causa da desinformação em torno da notícia sobre sua origem. Uma das hipóteses deriva da neutralidade espanhola na Primeira Guerra Mundial e a consequente liberdade de imprensa naquele país, maior do que nos demais países envolvidos no conflito. Hoje existe o consenso entre virologistas e epidemiologistas de que o vírus da gripe não se originou na Espanha. Entretanto, dificilmente essa pandemia deixará de ser conhecida como gripe espanhola.
De acordo com o texto, a denominação recebida pela pandemia do começo do século 20 foi determinada pelo(a)","C","emprego de armas biológicas em confrontos transnacionais.",0,NA,NA,NA,NA,"Portuguese","D"
"enem_2025_1mil_ch","enem_2025_1mil_ch_1",111982,"ENEM 2025 - CH","Exame Nacional do Ensino Médio
ENEM 2025
Prova de Linguagens, Códigos e suas Tecnologias e Redação
Prova de Ciências Humanas e suas Tecnologias
1º dia
Caderno 9 – Laranja
INEP
Ministério da Educação
ATENÇÃO: transcreva no espaço apropriado do seu CARTÃO-RESPOSTA, com sua caligrafia usual, considerando as letras maiúsculas e minúsculas, a seguinte frase:
Cada pessoa deve trabalhar para o seu aperfeiçoamento
LEIA ATENTAMENTE AS INSTRUÇÕES SEGUINTES:
1. Este CADERNO DE QUESTÕES contém 90 questões numeradas de 1 a 90 e a Proposta de Redação, dispostas da seguinte maneira:
a) questões de número 1 a 45, relativas à área de Linguagens, Códigos e suas Tecnologias;
b) Proposta de Redação;
c) questões de número 46 a 90, relativas à área de Ciências Humanas e suas Tecnologias.
ATENÇÃO: as questões de 1 a 5 são relativas à língua estrangeira. Você deverá responder apenas às questões relativas à língua estrangeira (inglês ou espanhol) escolhida no ato de sua inscrição.
2. Confira se a quantidade e a ordem das questões do seu CADERNO DE QUESTÕES estão de acordo com as instruções anteriores. Caso o caderno esteja incompleto, tenha defeito ou apresente qualquer divergência, comunique ao aplicador da sala para que ele tome as providências cabíveis.
3. Para cada uma das questões objetivas, são apresentadas 5 opções. Apenas uma responde corretamente à questão.
4. O tempo disponível para estas provas é de cinco horas e trinta minutos.
5. Reserve tempo suficiente para preencher o CARTÃO-RESPOSTA e a FOLHA DE REDAÇÃO.
6. Os rascunhos e as marcações assinaladas no CADERNO DE QUESTÕES não serão considerados na avaliação.
7. Somente serão corrigidas as redações transcritas na FOLHA DE REDAÇÃO.
8. Quando terminar as provas, acene para chamar o aplicador e entregue este CADERNO DE QUESTÕES, o CARTÃO-RESPOSTA/FOLHA DE REDAÇÃO.
9. Você poderá deixar o local de prova somente após decorridas duas horas do início da aplicação e poderá levar seu CADERNO DE QUESTÕES ao deixar em definitivo a sala de prova nos 30 minutos que antecedem o término das provas.
LINGUAGENS, CÓDIGOS E SUAS TECNOLOGIAS
Questões de 1 a 45
Questões de 1 a 5 (opção inglês)",NA,"Não há consenso em torno do nome dado à pandemia, tendo, desde o seu início, sido chamada de gripe espanhola provavelmente por causa da desinformação em torno da notícia sobre sua origem. Uma das hipóteses deriva da neutralidade espanhola na Primeira Guerra Mundial e a consequente liberdade de imprensa naquele país, maior do que nos demais países envolvidos no conflito. Hoje existe o consenso entre virologistas e epidemiologistas de que o vírus da gripe não se originou na Espanha. Entretanto, dificilmente essa pandemia deixará de ser conhecida como gripe espanhola.
De acordo com o texto, a denominação recebida pela pandemia do começo do século 20 foi determinada pelo(a)","C","circulação de refugiados contaminados em áreas conflagradas.",0,NA,NA,NA,NA,"Portuguese","E"
"enem_2025_1mil_ch","enem_2025_1mil_ch_1",149742,"ENEM 2025 - CH","Exame Nacional do Ensino Médio
ENEM 2025
Prova de Linguagens, Códigos e suas Tecnologias e Redação
Prova de Ciências Humanas e suas Tecnologias
1º dia
Caderno 9 – Laranja
INEP
Ministério da Educação
ATENÇÃO: transcreva no espaço apropriado do seu CARTÃO-RESPOSTA, com sua caligrafia usual, considerando as letras maiúsculas e minúsculas, a seguinte frase:
Cada pessoa deve trabalhar para o seu aperfeiçoamento
LEIA ATENTAMENTE AS INSTRUÇÕES SEGUINTES:
1. Este CADERNO DE QUESTÕES contém 90 questões numeradas de 1 a 90 e a Proposta de Redação, dispostas da seguinte maneira:
a) questões de número 1 a 45, relativas à área de Linguagens, Códigos e suas Tecnologias;
b) Proposta de Redação;
c) questões de número 46 a 90, relativas à área de Ciências Humanas e suas Tecnologias.
ATENÇÃO: as questões de 1 a 5 são relativas à língua estrangeira. Você deverá responder apenas às questões relativas à língua estrangeira (inglês ou espanhol) escolhida no ato de sua inscrição.
2. Confira se a quantidade e a ordem das questões do seu CADERNO DE QUESTÕES estão de acordo com as instruções anteriores. Caso o caderno esteja incompleto, tenha defeito ou apresente qualquer divergência, comunique ao aplicador da sala para que ele tome as providências cabíveis.
3. Para cada uma das questões objetivas, são apresentadas 5 opções. Apenas uma responde corretamente à questão.
4. O tempo disponível para estas provas é de cinco horas e trinta minutos.
5. Reserve tempo suficiente para preencher o CARTÃO-RESPOSTA e a FOLHA DE REDAÇÃO.
6. Os rascunhos e as marcações assinaladas no CADERNO DE QUESTÕES não serão considerados na avaliação.
7. Somente serão corrigidas as redações transcritas na FOLHA DE REDAÇÃO.
8. Quando terminar as provas, acene para chamar o aplicador e entregue este CADERNO DE QUESTÕES, o CARTÃO-RESPOSTA/FOLHA DE REDAÇÃO.
9. Você poderá deixar o local de prova somente após decorridas duas horas do início da aplicação e poderá levar seu CADERNO DE QUESTÕES ao deixar em definitivo a sala de prova nos 30 minutos que antecedem o término das provas.
LINGUAGENS, CÓDIGOS E SUAS TECNOLOGIAS
Questões de 1 a 45
Questões de 1 a 5 (opção inglês)",NA,"TEXTO 1
A partir do século 4, com os imperadores ditos cristãos, o teatro e a dança foram condenados. O batismo era recusado aos que atuavam no circo ou na pantomima. E em 398, no Concílio de Cartago, os que iam ao teatro nos dias santos foram excomungados.
TEXTO 2
A dança no ato litúrgico cumpre tanto um papel de adoração quanto mercadológico. Não à toa há aceitação, expansão e investimento nessa prática percebida massivamente pela ampla divulgação principalmente nas redes sociais. A expansão e ampliação por via de festivais, aulas, cursos, palestras etc. consolida a criação de um mercado específico para esse público.
A percepção sobre a dança e a cultura corporal apresenta aspectos relacionados, respectivamente, a","E","segregação social e intolerância eclesiástica.",0,NA,NA,NA,NA,"Portuguese","A"
"enem_2025_1mil_ch","enem_2025_1mil_ch_1",149742,"ENEM 2025 - CH","Exame Nacional do Ensino Médio
ENEM 2025
Prova de Linguagens, Códigos e suas Tecnologias e Redação
Prova de Ciências Humanas e suas Tecnologias
1º dia
Caderno 9 – Laranja
INEP
Ministério da Educação
ATENÇÃO: transcreva no espaço apropriado do seu CARTÃO-RESPOSTA, com sua caligrafia usual, considerando as letras maiúsculas e minúsculas, a seguinte frase:
Cada pessoa deve trabalhar para o seu aperfeiçoamento
LEIA ATENTAMENTE AS INSTRUÇÕES SEGUINTES:
1. Este CADERNO DE QUESTÕES contém 90 questões numeradas de 1 a 90 e a Proposta de Redação, dispostas da seguinte maneira:
a) questões de número 1 a 45, relativas à área de Linguagens, Códigos e suas Tecnologias;
b) Proposta de Redação;
c) questões de número 46 a 90, relativas à área de Ciências Humanas e suas Tecnologias.
ATENÇÃO: as questões de 1 a 5 são relativas à língua estrangeira. Você deverá responder apenas às questões relativas à língua estrangeira (inglês ou espanhol) escolhida no ato de sua inscrição.
2. Confira se a quantidade e a ordem das questões do seu CADERNO DE QUESTÕES estão de acordo com as instruções anteriores. Caso o caderno esteja incompleto, tenha defeito ou apresente qualquer divergência, comunique ao aplicador da sala para que ele tome as providências cabíveis.
3. Para cada uma das questões objetivas, são apresentadas 5 opções. Apenas uma responde corretamente à questão.
4. O tempo disponível para estas provas é de cinco horas e trinta minutos.
5. Reserve tempo suficiente para preencher o CARTÃO-RESPOSTA e a FOLHA DE REDAÇÃO.
6. Os rascunhos e as marcações assinaladas no CADERNO DE QUESTÕES não serão considerados na avaliação.
7. Somente serão corrigidas as redações transcritas na FOLHA DE REDAÇÃO.
8. Quando terminar as provas, acene para chamar o aplicador e entregue este CADERNO DE QUESTÕES, o CARTÃO-RESPOSTA/FOLHA DE REDAÇÃO.
9. Você poderá deixar o local de prova somente após decorridas duas horas do início da aplicação e poderá levar seu CADERNO DE QUESTÕES ao deixar em definitivo a sala de prova nos 30 minutos que antecedem o término das provas.
LINGUAGENS, CÓDIGOS E SUAS TECNOLOGIAS
Questões de 1 a 45
Questões de 1 a 5 (opção inglês)",NA,"TEXTO 1
A partir do século 4, com os imperadores ditos cristãos, o teatro e a dança foram condenados. O batismo era recusado aos que atuavam no circo ou na pantomima. E em 398, no Concílio de Cartago, os que iam ao teatro nos dias santos foram excomungados.
TEXTO 2
A dança no ato litúrgico cumpre tanto um papel de adoração quanto mercadológico. Não à toa há aceitação, expansão e investimento nessa prática percebida massivamente pela ampla divulgação principalmente nas redes sociais. A expansão e ampliação por via de festivais, aulas, cursos, palestras etc. consolida a criação de um mercado específico para esse público.
A percepção sobre a dança e a cultura corporal apresenta aspectos relacionados, respectivamente, a","E","rituais eucarísticos e sacramentos da Igreja.",0,NA,NA,NA,NA,"Portuguese","B"
"enem_2025_1mil_ch","enem_2025_1mil_ch_1",149742,"ENEM 2025 - CH","Exame Nacional do Ensino Médio
ENEM 2025
Prova de Linguagens, Códigos e suas Tecnologias e Redação
Prova de Ciências Humanas e suas Tecnologias
1º dia
Caderno 9 – Laranja
INEP
Ministério da Educação
ATENÇÃO: transcreva no espaço apropriado do seu CARTÃO-RESPOSTA, com sua caligrafia usual, considerando as letras maiúsculas e minúsculas, a seguinte frase:
Cada pessoa deve trabalhar para o seu aperfeiçoamento
LEIA ATENTAMENTE AS INSTRUÇÕES SEGUINTES:
1. Este CADERNO DE QUESTÕES contém 90 questões numeradas de 1 a 90 e a Proposta de Redação, dispostas da seguinte maneira:
a) questões de número 1 a 45, relativas à área de Linguagens, Códigos e suas Tecnologias;
b) Proposta de Redação;
c) questões de número 46 a 90, relativas à área de Ciências Humanas e suas Tecnologias.
ATENÇÃO: as questões de 1 a 5 são relativas à língua estrangeira. Você deverá responder apenas às questões relativas à língua estrangeira (inglês ou espanhol) escolhida no ato de sua inscrição.
2. Confira se a quantidade e a ordem das questões do seu CADERNO DE QUESTÕES estão de acordo com as instruções anteriores. Caso o caderno esteja incompleto, tenha defeito ou apresente qualquer divergência, comunique ao aplicador da sala para que ele tome as providências cabíveis.
3. Para cada uma das questões objetivas, são apresentadas 5 opções. Apenas uma responde corretamente à questão.
4. O tempo disponível para estas provas é de cinco horas e trinta minutos.
5. Reserve tempo suficiente para preencher o CARTÃO-RESPOSTA e a FOLHA DE REDAÇÃO.
6. Os rascunhos e as marcações assinaladas no CADERNO DE QUESTÕES não serão considerados na avaliação.
7. Somente serão corrigidas as redações transcritas na FOLHA DE REDAÇÃO.
8. Quando terminar as provas, acene para chamar o aplicador e entregue este CADERNO DE QUESTÕES, o CARTÃO-RESPOSTA/FOLHA DE REDAÇÃO.
9. Você poderá deixar o local de prova somente após decorridas duas horas do início da aplicação e poderá levar seu CADERNO DE QUESTÕES ao deixar em definitivo a sala de prova nos 30 minutos que antecedem o término das provas.
LINGUAGENS, CÓDIGOS E SUAS TECNOLOGIAS
Questões de 1 a 45
Questões de 1 a 5 (opção inglês)",NA,"TEXTO 1
A partir do século 4, com os imperadores ditos cristãos, o teatro e a dança foram condenados. O batismo era recusado aos que atuavam no circo ou na pantomima. E em 398, no Concílio de Cartago, os que iam ao teatro nos dias santos foram excomungados.
TEXTO 2
A dança no ato litúrgico cumpre tanto um papel de adoração quanto mercadológico. Não à toa há aceitação, expansão e investimento nessa prática percebida massivamente pela ampla divulgação principalmente nas redes sociais. A expansão e ampliação por via de festivais, aulas, cursos, palestras etc. consolida a criação de um mercado específico para esse público.
A percepção sobre a dança e a cultura corporal apresenta aspectos relacionados, respectivamente, a","E","transe individual e progresso intelectual.",0,NA,NA,NA,NA,"Portuguese","C"
"enem_2025_1mil_ch","enem_2025_1mil_ch_1",149742,"ENEM 2025 - CH","Exame Nacional do Ensino Médio
ENEM 2025
Prova de Linguagens, Códigos e suas Tecnologias e Redação
Prova de Ciências Humanas e suas Tecnologias
1º dia
Caderno 9 – Laranja
INEP
Ministério da Educação
ATENÇÃO: transcreva no espaço apropriado do seu CARTÃO-RESPOSTA, com sua caligrafia usual, considerando as letras maiúsculas e minúsculas, a seguinte frase:
Cada pessoa deve trabalhar para o seu aperfeiçoamento
LEIA ATENTAMENTE AS INSTRUÇÕES SEGUINTES:
1. Este CADERNO DE QUESTÕES contém 90 questões numeradas de 1 a 90 e a Proposta de Redação, dispostas da seguinte maneira:
a) questões de número 1 a 45, relativas à área de Linguagens, Códigos e suas Tecnologias;
b) Proposta de Redação;
c) questões de número 46 a 90, relativas à área de Ciências Humanas e suas Tecnologias.
ATENÇÃO: as questões de 1 a 5 são relativas à língua estrangeira. Você deverá responder apenas às questões relativas à língua estrangeira (inglês ou espanhol) escolhida no ato de sua inscrição.
2. Confira se a quantidade e a ordem das questões do seu CADERNO DE QUESTÕES estão de acordo com as instruções anteriores. Caso o caderno esteja incompleto, tenha defeito ou apresente qualquer divergência, comunique ao aplicador da sala para que ele tome as providências cabíveis.
3. Para cada uma das questões objetivas, são apresentadas 5 opções. Apenas uma responde corretamente à questão.
4. O tempo disponível para estas provas é de cinco horas e trinta minutos.
5. Reserve tempo suficiente para preencher o CARTÃO-RESPOSTA e a FOLHA DE REDAÇÃO.
6. Os rascunhos e as marcações assinaladas no CADERNO DE QUESTÕES não serão considerados na avaliação.
7. Somente serão corrigidas as redações transcritas na FOLHA DE REDAÇÃO.
8. Quando terminar as provas, acene para chamar o aplicador e entregue este CADERNO DE QUESTÕES, o CARTÃO-RESPOSTA/FOLHA DE REDAÇÃO.
9. Você poderá deixar o local de prova somente após decorridas duas horas do início da aplicação e poderá levar seu CADERNO DE QUESTÕES ao deixar em definitivo a sala de prova nos 30 minutos que antecedem o término das provas.
LINGUAGENS, CÓDIGOS E SUAS TECNOLOGIAS
Questões de 1 a 45
Questões de 1 a 5 (opção inglês)",NA,"TEXTO 1
A partir do século 4, com os imperadores ditos cristãos, o teatro e a dança foram condenados. O batismo era recusado aos que atuavam no circo ou na pantomima. E em 398, no Concílio de Cartago, os que iam ao teatro nos dias santos foram excomungados.
TEXTO 2
A dança no ato litúrgico cumpre tanto um papel de adoração quanto mercadológico. Não à toa há aceitação, expansão e investimento nessa prática percebida massivamente pela ampla divulgação principalmente nas redes sociais. A expansão e ampliação por via de festivais, aulas, cursos, palestras etc. consolida a criação de um mercado específico para esse público.
A percepção sobre a dança e a cultura corporal apresenta aspectos relacionados, respectivamente, a","E","penitência pessoal e juramento coletivo.",0,NA,NA,NA,NA,"Portuguese","D"
"enem_2025_1mil_ch","enem_2025_1mil_ch_1",149742,"ENEM 2025 - CH","Exame Nacional do Ensino Médio
ENEM 2025
Prova de Linguagens, Códigos e suas Tecnologias e Redação
Prova de Ciências Humanas e suas Tecnologias
1º dia
Caderno 9 – Laranja
INEP
Ministério da Educação
ATENÇÃO: transcreva no espaço apropriado do seu CARTÃO-RESPOSTA, com sua caligrafia usual, considerando as letras maiúsculas e minúsculas, a seguinte frase:
Cada pessoa deve trabalhar para o seu aperfeiçoamento
LEIA ATENTAMENTE AS INSTRUÇÕES SEGUINTES:
1. Este CADERNO DE QUESTÕES contém 90 questões numeradas de 1 a 90 e a Proposta de Redação, dispostas da seguinte maneira:
a) questões de número 1 a 45, relativas à área de Linguagens, Códigos e suas Tecnologias;
b) Proposta de Redação;
c) questões de número 46 a 90, relativas à área de Ciências Humanas e suas Tecnologias.
ATENÇÃO: as questões de 1 a 5 são relativas à língua estrangeira. Você deverá responder apenas às questões relativas à língua estrangeira (inglês ou espanhol) escolhida no ato de sua inscrição.
2. Confira se a quantidade e a ordem das questões do seu CADERNO DE QUESTÕES estão de acordo com as instruções anteriores. Caso o caderno esteja incompleto, tenha defeito ou apresente qualquer divergência, comunique ao aplicador da sala para que ele tome as providências cabíveis.
3. Para cada uma das questões objetivas, são apresentadas 5 opções. Apenas uma responde corretamente à questão.
4. O tempo disponível para estas provas é de cinco horas e trinta minutos.
5. Reserve tempo suficiente para preencher o CARTÃO-RESPOSTA e a FOLHA DE REDAÇÃO.
6. Os rascunhos e as marcações assinaladas no CADERNO DE QUESTÕES não serão considerados na avaliação.
7. Somente serão corrigidas as redações transcritas na FOLHA DE REDAÇÃO.
8. Quando terminar as provas, acene para chamar o aplicador e entregue este CADERNO DE QUESTÕES, o CARTÃO-RESPOSTA/FOLHA DE REDAÇÃO.
9. Você poderá deixar o local de prova somente após decorridas duas horas do início da aplicação e poderá levar seu CADERNO DE QUESTÕES ao deixar em definitivo a sala de prova nos 30 minutos que antecedem o término das provas.
LINGUAGENS, CÓDIGOS E SUAS TECNOLOGIAS
Questões de 1 a 45
Questões de 1 a 5 (opção inglês)",NA,"TEXTO 1
A partir do século 4, com os imperadores ditos cristãos, o teatro e a dança foram condenados. O batismo era recusado aos que atuavam no circo ou na pantomima. E em 398, no Concílio de Cartago, os que iam ao teatro nos dias santos foram excomungados.
TEXTO 2
A dança no ato litúrgico cumpre tanto um papel de adoração quanto mercadológico. Não à toa há aceitação, expansão e investimento nessa prática percebida massivamente pela ampla divulgação principalmente nas redes sociais. A expansão e ampliação por via de festivais, aulas, cursos, palestras etc. consolida a criação de um mercado específico para esse público.
A percepção sobre a dança e a cultura corporal apresenta aspectos relacionados, respectivamente, a","E","dogmatismo religioso e adesão de fiéis.",1,NA,NA,NA,NA,"Portuguese","E"
"enem_2025_1mil_ch","enem_2025_1mil_ch_1",140428,"ENEM 2025 - CH","Exame Nacional do Ensino Médio
ENEM 2025
Prova de Linguagens, Códigos e suas Tecnologias e Redação
Prova de Ciências Humanas e suas Tecnologias
1º dia
Caderno 9 – Laranja
INEP
Ministério da Educação
ATENÇÃO: transcreva no espaço apropriado do seu CARTÃO-RESPOSTA, com sua caligrafia usual, considerando as letras maiúsculas e minúsculas, a seguinte frase:
Cada pessoa deve trabalhar para o seu aperfeiçoamento
LEIA ATENTAMENTE AS INSTRUÇÕES SEGUINTES:
1. Este CADERNO DE QUESTÕES contém 90 questões numeradas de 1 a 90 e a Proposta de Redação, dispostas da seguinte maneira:
a) questões de número 1 a 45, relativas à área de Linguagens, Códigos e suas Tecnologias;
b) Proposta de Redação;
c) questões de número 46 a 90, relativas à área de Ciências Humanas e suas Tecnologias.
ATENÇÃO: as questões de 1 a 5 são relativas à língua estrangeira. Você deverá responder apenas às questões relativas à língua estrangeira (inglês ou espanhol) escolhida no ato de sua inscrição.
2. Confira se a quantidade e a ordem das questões do seu CADERNO DE QUESTÕES estão de acordo com as instruções anteriores. Caso o caderno esteja incompleto, tenha defeito ou apresente qualquer divergência, comunique ao aplicador da sala para que ele tome as providências cabíveis.
3. Para cada uma das questões objetivas, são apresentadas 5 opções. Apenas uma responde corretamente à questão.
4. O tempo disponível para estas provas é de cinco horas e trinta minutos.
5. Reserve tempo suficiente para preencher o CARTÃO-RESPOSTA e a FOLHA DE REDAÇÃO.
6. Os rascunhos e as marcações assinaladas no CADERNO DE QUESTÕES não serão considerados na avaliação.
7. Somente serão corrigidas as redações transcritas na FOLHA DE REDAÇÃO.
8. Quando terminar as provas, acene para chamar o aplicador e entregue este CADERNO DE QUESTÕES, o CARTÃO-RESPOSTA/FOLHA DE REDAÇÃO.
9. Você poderá deixar o local de prova somente após decorridas duas horas do início da aplicação e poderá levar seu CADERNO DE QUESTÕES ao deixar em definitivo a sala de prova nos 30 minutos que antecedem o término das provas.
LINGUAGENS, CÓDIGOS E SUAS TECNOLOGIAS
Questões de 1 a 45
Questões de 1 a 5 (opção inglês)",NA,"A ideia de êxodo urbano assume ares caricaturais. Pega a mais reduzida parte da pirâmide social e projeta para todos seus desejos defensivos. Se o êxodo urbano for compreendido como aquisição de uma segunda residência, então não estamos, de fato, falando de êxodo, mas da reversão de um excedente de renda de uma pequena fração da elite para as franjas metropolitanas. Se o êxodo urbano for compreendido como retorno aos municípios menos povoados, então não estamos, de fato, falando de êxodo urbano, mas de um movimento de migração de pessoas cuja estabilidade no emprego e a elevada renda lhes permitem simular, nas ilhas urbanas do interior agropecuário, a vida urbana metropolitana.
A crítica apresentada no texto evidencia uma dinâmica socioespacial marcada pela","E","valorização de tradições rurais.",0,NA,NA,NA,NA,"Portuguese","A"
"enem_2025_1mil_ch","enem_2025_1mil_ch_1",140428,"ENEM 2025 - CH","Exame Nacional do Ensino Médio
ENEM 2025
Prova de Linguagens, Códigos e suas Tecnologias e Redação
Prova de Ciências Humanas e suas Tecnologias
1º dia
Caderno 9 – Laranja
INEP
Ministério da Educação
ATENÇÃO: transcreva no espaço apropriado do seu CARTÃO-RESPOSTA, com sua caligrafia usual, considerando as letras maiúsculas e minúsculas, a seguinte frase:
Cada pessoa deve trabalhar para o seu aperfeiçoamento
LEIA ATENTAMENTE AS INSTRUÇÕES SEGUINTES:
1. Este CADERNO DE QUESTÕES contém 90 questões numeradas de 1 a 90 e a Proposta de Redação, dispostas da seguinte maneira:
a) questões de número 1 a 45, relativas à área de Linguagens, Códigos e suas Tecnologias;
b) Proposta de Redação;
c) questões de número 46 a 90, relativas à área de Ciências Humanas e suas Tecnologias.
ATENÇÃO: as questões de 1 a 5 são relativas à língua estrangeira. Você deverá responder apenas às questões relativas à língua estrangeira (inglês ou espanhol) escolhida no ato de sua inscrição.
2. Confira se a quantidade e a ordem das questões do seu CADERNO DE QUESTÕES estão de acordo com as instruções anteriores. Caso o caderno esteja incompleto, tenha defeito ou apresente qualquer divergência, comunique ao aplicador da sala para que ele tome as providências cabíveis.
3. Para cada uma das questões objetivas, são apresentadas 5 opções. Apenas uma responde corretamente à questão.
4. O tempo disponível para estas provas é de cinco horas e trinta minutos.
5. Reserve tempo suficiente para preencher o CARTÃO-RESPOSTA e a FOLHA DE REDAÇÃO.
6. Os rascunhos e as marcações assinaladas no CADERNO DE QUESTÕES não serão considerados na avaliação.
7. Somente serão corrigidas as redações transcritas na FOLHA DE REDAÇÃO.
8. Quando terminar as provas, acene para chamar o aplicador e entregue este CADERNO DE QUESTÕES, o CARTÃO-RESPOSTA/FOLHA DE REDAÇÃO.
9. Você poderá deixar o local de prova somente após decorridas duas horas do início da aplicação e poderá levar seu CADERNO DE QUESTÕES ao deixar em definitivo a sala de prova nos 30 minutos que antecedem o término das provas.
LINGUAGENS, CÓDIGOS E SUAS TECNOLOGIAS
Questões de 1 a 45
Questões de 1 a 5 (opção inglês)",NA,"A ideia de êxodo urbano assume ares caricaturais. Pega a mais reduzida parte da pirâmide social e projeta para todos seus desejos defensivos. Se o êxodo urbano for compreendido como aquisição de uma segunda residência, então não estamos, de fato, falando de êxodo, mas da reversão de um excedente de renda de uma pequena fração da elite para as franjas metropolitanas. Se o êxodo urbano for compreendido como retorno aos municípios menos povoados, então não estamos, de fato, falando de êxodo urbano, mas de um movimento de migração de pessoas cuja estabilidade no emprego e a elevada renda lhes permitem simular, nas ilhas urbanas do interior agropecuário, a vida urbana metropolitana.
A crítica apresentada no texto evidencia uma dinâmica socioespacial marcada pela","E","redução de plantações agrícolas.",0,NA,NA,NA,NA,"Portuguese","B"
"enem_2025_1mil_ch","enem_2025_1mil_ch_1",140428,"ENEM 2025 - CH","Exame Nacional do Ensino Médio
ENEM 2025
Prova de Linguagens, Códigos e suas Tecnologias e Redação
Prova de Ciências Humanas e suas Tecnologias
1º dia
Caderno 9 – Laranja
INEP
Ministério da Educação
ATENÇÃO: transcreva no espaço apropriado do seu CARTÃO-RESPOSTA, com sua caligrafia usual, considerando as letras maiúsculas e minúsculas, a seguinte frase:
Cada pessoa deve trabalhar para o seu aperfeiçoamento
LEIA ATENTAMENTE AS INSTRUÇÕES SEGUINTES:
1. Este CADERNO DE QUESTÕES contém 90 questões numeradas de 1 a 90 e a Proposta de Redação, dispostas da seguinte maneira:
a) questões de número 1 a 45, relativas à área de Linguagens, Códigos e suas Tecnologias;
b) Proposta de Redação;
c) questões de número 46 a 90, relativas à área de Ciências Humanas e suas Tecnologias.
ATENÇÃO: as questões de 1 a 5 são relativas à língua estrangeira. Você deverá responder apenas às questões relativas à língua estrangeira (inglês ou espanhol) escolhida no ato de sua inscrição.
2. Confira se a quantidade e a ordem das questões do seu CADERNO DE QUESTÕES estão de acordo com as instruções anteriores. Caso o caderno esteja incompleto, tenha defeito ou apresente qualquer divergência, comunique ao aplicador da sala para que ele tome as providências cabíveis.
3. Para cada uma das questões objetivas, são apresentadas 5 opções. Apenas uma responde corretamente à questão.
4. O tempo disponível para estas provas é de cinco horas e trinta minutos.
5. Reserve tempo suficiente para preencher o CARTÃO-RESPOSTA e a FOLHA DE REDAÇÃO.
6. Os rascunhos e as marcações assinaladas no CADERNO DE QUESTÕES não serão considerados na avaliação.
7. Somente serão corrigidas as redações transcritas na FOLHA DE REDAÇÃO.
8. Quando terminar as provas, acene para chamar o aplicador e entregue este CADERNO DE QUESTÕES, o CARTÃO-RESPOSTA/FOLHA DE REDAÇÃO.
9. Você poderá deixar o local de prova somente após decorridas duas horas do início da aplicação e poderá levar seu CADERNO DE QUESTÕES ao deixar em definitivo a sala de prova nos 30 minutos que antecedem o término das provas.
LINGUAGENS, CÓDIGOS E SUAS TECNOLOGIAS
Questões de 1 a 45
Questões de 1 a 5 (opção inglês)",NA,"A ideia de êxodo urbano assume ares caricaturais. Pega a mais reduzida parte da pirâmide social e projeta para todos seus desejos defensivos. Se o êxodo urbano for compreendido como aquisição de uma segunda residência, então não estamos, de fato, falando de êxodo, mas da reversão de um excedente de renda de uma pequena fração da elite para as franjas metropolitanas. Se o êxodo urbano for compreendido como retorno aos municípios menos povoados, então não estamos, de fato, falando de êxodo urbano, mas de um movimento de migração de pessoas cuja estabilidade no emprego e a elevada renda lhes permitem simular, nas ilhas urbanas do interior agropecuário, a vida urbana metropolitana.
A crítica apresentada no texto evidencia uma dinâmica socioespacial marcada pela","E","estagnação de atividades comerciais.",0,NA,NA,NA,NA,"Portuguese","C"
"enem_2025_1mil_ch","enem_2025_1mil_ch_1",140428,"ENEM 2025 - CH","Exame Nacional do Ensino Médio
ENEM 2025
Prova de Linguagens, Códigos e suas Tecnologias e Redação
Prova de Ciências Humanas e suas Tecnologias
1º dia
Caderno 9 – Laranja
INEP
Ministério da Educação
ATENÇÃO: transcreva no espaço apropriado do seu CARTÃO-RESPOSTA, com sua caligrafia usual, considerando as letras maiúsculas e minúsculas, a seguinte frase:
Cada pessoa deve trabalhar para o seu aperfeiçoamento
LEIA ATENTAMENTE AS INSTRUÇÕES SEGUINTES:
1. Este CADERNO DE QUESTÕES contém 90 questões numeradas de 1 a 90 e a Proposta de Redação, dispostas da seguinte maneira:
a) questões de número 1 a 45, relativas à área de Linguagens, Códigos e suas Tecnologias;
b) Proposta de Redação;
c) questões de número 46 a 90, relativas à área de Ciências Humanas e suas Tecnologias.
ATENÇÃO: as questões de 1 a 5 são relativas à língua estrangeira. Você deverá responder apenas às questões relativas à língua estrangeira (inglês ou espanhol) escolhida no ato de sua inscrição.
2. Confira se a quantidade e a ordem das questões do seu CADERNO DE QUESTÕES estão de acordo com as instruções anteriores. Caso o caderno esteja incompleto, tenha defeito ou apresente qualquer divergência, comunique ao aplicador da sala para que ele tome as providências cabíveis.
3. Para cada uma das questões objetivas, são apresentadas 5 opções. Apenas uma responde corretamente à questão.
4. O tempo disponível para estas provas é de cinco horas e trinta minutos.
5. Reserve tempo suficiente para preencher o CARTÃO-RESPOSTA e a FOLHA DE REDAÇÃO.
6. Os rascunhos e as marcações assinaladas no CADERNO DE QUESTÕES não serão considerados na avaliação.
7. Somente serão corrigidas as redações transcritas na FOLHA DE REDAÇÃO.
8. Quando terminar as provas, acene para chamar o aplicador e entregue este CADERNO DE QUESTÕES, o CARTÃO-RESPOSTA/FOLHA DE REDAÇÃO.
9. Você poderá deixar o local de prova somente após decorridas duas horas do início da aplicação e poderá levar seu CADERNO DE QUESTÕES ao deixar em definitivo a sala de prova nos 30 minutos que antecedem o término das provas.
LINGUAGENS, CÓDIGOS E SUAS TECNOLOGIAS
Questões de 1 a 45
Questões de 1 a 5 (opção inglês)",NA,"A ideia de êxodo urbano assume ares caricaturais. Pega a mais reduzida parte da pirâmide social e projeta para todos seus desejos defensivos. Se o êxodo urbano for compreendido como aquisição de uma segunda residência, então não estamos, de fato, falando de êxodo, mas da reversão de um excedente de renda de uma pequena fração da elite para as franjas metropolitanas. Se o êxodo urbano for compreendido como retorno aos municípios menos povoados, então não estamos, de fato, falando de êxodo urbano, mas de um movimento de migração de pessoas cuja estabilidade no emprego e a elevada renda lhes permitem simular, nas ilhas urbanas do interior agropecuário, a vida urbana metropolitana.
A crítica apresentada no texto evidencia uma dinâmica socioespacial marcada pela","E","precariedade de infraestruturas rodoviárias.",0,NA,NA,NA,NA,"Portuguese","D"
"enem_2025_1mil_ch","enem_2025_1mil_ch_1",140428,"ENEM 2025 - CH","Exame Nacional do Ensino Médio
ENEM 2025
Prova de Linguagens, Códigos e suas Tecnologias e Redação
Prova de Ciências Humanas e suas Tecnologias
1º dia
Caderno 9 – Laranja
INEP
Ministério da Educação
ATENÇÃO: transcreva no espaço apropriado do seu CARTÃO-RESPOSTA, com sua caligrafia usual, considerando as letras maiúsculas e minúsculas, a seguinte frase:
Cada pessoa deve trabalhar para o seu aperfeiçoamento
LEIA ATENTAMENTE AS INSTRUÇÕES SEGUINTES:
1. Este CADERNO DE QUESTÕES contém 90 questões numeradas de 1 a 90 e a Proposta de Redação, dispostas da seguinte maneira:
a) questões de número 1 a 45, relativas à área de Linguagens, Códigos e suas Tecnologias;
b) Proposta de Redação;
c) questões de número 46 a 90, relativas à área de Ciências Humanas e suas Tecnologias.
ATENÇÃO: as questões de 1 a 5 são relativas à língua estrangeira. Você deverá responder apenas às questões relativas à língua estrangeira (inglês ou espanhol) escolhida no ato de sua inscrição.
2. Confira se a quantidade e a ordem das questões do seu CADERNO DE QUESTÕES estão de acordo com as instruções anteriores. Caso o caderno esteja incompleto, tenha defeito ou apresente qualquer divergência, comunique ao aplicador da sala para que ele tome as providências cabíveis.
3. Para cada uma das questões objetivas, são apresentadas 5 opções. Apenas uma responde corretamente à questão.
4. O tempo disponível para estas provas é de cinco horas e trinta minutos.
5. Reserve tempo suficiente para preencher o CARTÃO-RESPOSTA e a FOLHA DE REDAÇÃO.
6. Os rascunhos e as marcações assinaladas no CADERNO DE QUESTÕES não serão considerados na avaliação.
7. Somente serão corrigidas as redações transcritas na FOLHA DE REDAÇÃO.
8. Quando terminar as provas, acene para chamar o aplicador e entregue este CADERNO DE QUESTÕES, o CARTÃO-RESPOSTA/FOLHA DE REDAÇÃO.
9. Você poderá deixar o local de prova somente após decorridas duas horas do início da aplicação e poderá levar seu CADERNO DE QUESTÕES ao deixar em definitivo a sala de prova nos 30 minutos que antecedem o término das provas.
LINGUAGENS, CÓDIGOS E SUAS TECNOLOGIAS
Questões de 1 a 45
Questões de 1 a 5 (opção inglês)",NA,"A ideia de êxodo urbano assume ares caricaturais. Pega a mais reduzida parte da pirâmide social e projeta para todos seus desejos defensivos. Se o êxodo urbano for compreendido como aquisição de uma segunda residência, então não estamos, de fato, falando de êxodo, mas da reversão de um excedente de renda de uma pequena fração da elite para as franjas metropolitanas. Se o êxodo urbano for compreendido como retorno aos municípios menos povoados, então não estamos, de fato, falando de êxodo urbano, mas de um movimento de migração de pessoas cuja estabilidade no emprego e a elevada renda lhes permitem simular, nas ilhas urbanas do interior agropecuário, a vida urbana metropolitana.
A crítica apresentada no texto evidencia uma dinâmica socioespacial marcada pela","E","seletividade de deslocamentos populacionais.",1,NA,NA,NA,NA,"Portuguese","E"
"enem_2025_1mil_ch","enem_2025_1mil_ch_1",95807,"ENEM 2025 - CH","Exame Nacional do Ensino Médio
ENEM 2025
Prova de Linguagens, Códigos e suas Tecnologias e Redação
Prova de Ciências Humanas e suas Tecnologias
1º dia
Caderno 9 – Laranja
INEP
Ministério da Educação
ATENÇÃO: transcreva no espaço apropriado do seu CARTÃO-RESPOSTA, com sua caligrafia usual, considerando as letras maiúsculas e minúsculas, a seguinte frase:
Cada pessoa deve trabalhar para o seu aperfeiçoamento
LEIA ATENTAMENTE AS INSTRUÇÕES SEGUINTES:
1. Este CADERNO DE QUESTÕES contém 90 questões numeradas de 1 a 90 e a Proposta de Redação, dispostas da seguinte maneira:
a) questões de número 1 a 45, relativas à área de Linguagens, Códigos e suas Tecnologias;
b) Proposta de Redação;
c) questões de número 46 a 90, relativas à área de Ciências Humanas e suas Tecnologias.
ATENÇÃO: as questões de 1 a 5 são relativas à língua estrangeira. Você deverá responder apenas às questões relativas à língua estrangeira (inglês ou espanhol) escolhida no ato de sua inscrição.
2. Confira se a quantidade e a ordem das questões do seu CADERNO DE QUESTÕES estão de acordo com as instruções anteriores. Caso o caderno esteja incompleto, tenha defeito ou apresente qualquer divergência, comunique ao aplicador da sala para que ele tome as providências cabíveis.
3. Para cada uma das questões objetivas, são apresentadas 5 opções. Apenas uma responde corretamente à questão.
4. O tempo disponível para estas provas é de cinco horas e trinta minutos.
5. Reserve tempo suficiente para preencher o CARTÃO-RESPOSTA e a FOLHA DE REDAÇÃO.
6. Os rascunhos e as marcações assinaladas no CADERNO DE QUESTÕES não serão considerados na avaliação.
7. Somente serão corrigidas as redações transcritas na FOLHA DE REDAÇÃO.
8. Quando terminar as provas, acene para chamar o aplicador e entregue este CADERNO DE QUESTÕES, o CARTÃO-RESPOSTA/FOLHA DE REDAÇÃO.
9. Você poderá deixar o local de prova somente após decorridas duas horas do início da aplicação e poderá levar seu CADERNO DE QUESTÕES ao deixar em definitivo a sala de prova nos 30 minutos que antecedem o término das provas.
LINGUAGENS, CÓDIGOS E SUAS TECNOLOGIAS
Questões de 1 a 45
Questões de 1 a 5 (opção inglês)",NA,"Vigiar e punir
Michel Foucault
A ""invenção"" dessa nova anatomia política não deve ser entendida como uma descoberta súbita. Mas como uma multiplicidade de processos muitas vezes mínimos, de origens diferentes, de localizações esparsas, que se recordam, que se repetem, ou se imitam, apoiam-se uns sobre os outros e esboçam aos poucos a fachada de um método geral. Encontramo-los em funcionamento nos colégios, muito cedo; mais tarde, nas escolas primárias, no espaço hospitalar e na organização militar.
O texto indica o seguinte aspecto da disciplina como ferramenta política:","D","Expansão das técnicas de suplício.",0,NA,NA,NA,NA,"Portuguese","A"
"enem_2025_1mil_ch","enem_2025_1mil_ch_1",95807,"ENEM 2025 - CH","Exame Nacional do Ensino Médio
ENEM 2025
Prova de Linguagens, Códigos e suas Tecnologias e Redação
Prova de Ciências Humanas e suas Tecnologias
1º dia
Caderno 9 – Laranja
INEP
Ministério da Educação
ATENÇÃO: transcreva no espaço apropriado do seu CARTÃO-RESPOSTA, com sua caligrafia usual, considerando as letras maiúsculas e minúsculas, a seguinte frase:
Cada pessoa deve trabalhar para o seu aperfeiçoamento
LEIA ATENTAMENTE AS INSTRUÇÕES SEGUINTES:
1. Este CADERNO DE QUESTÕES contém 90 questões numeradas de 1 a 90 e a Proposta de Redação, dispostas da seguinte maneira:
a) questões de número 1 a 45, relativas à área de Linguagens, Códigos e suas Tecnologias;
b) Proposta de Redação;
c) questões de número 46 a 90, relativas à área de Ciências Humanas e suas Tecnologias.
ATENÇÃO: as questões de 1 a 5 são relativas à língua estrangeira. Você deverá responder apenas às questões relativas à língua estrangeira (inglês ou espanhol) escolhida no ato de sua inscrição.
2. Confira se a quantidade e a ordem das questões do seu CADERNO DE QUESTÕES estão de acordo com as instruções anteriores. Caso o caderno esteja incompleto, tenha defeito ou apresente qualquer divergência, comunique ao aplicador da sala para que ele tome as providências cabíveis.
3. Para cada uma das questões objetivas, são apresentadas 5 opções. Apenas uma responde corretamente à questão.
4. O tempo disponível para estas provas é de cinco horas e trinta minutos.
5. Reserve tempo suficiente para preencher o CARTÃO-RESPOSTA e a FOLHA DE REDAÇÃO.
6. Os rascunhos e as marcações assinaladas no CADERNO DE QUESTÕES não serão considerados na avaliação.
7. Somente serão corrigidas as redações transcritas na FOLHA DE REDAÇÃO.
8. Quando terminar as provas, acene para chamar o aplicador e entregue este CADERNO DE QUESTÕES, o CARTÃO-RESPOSTA/FOLHA DE REDAÇÃO.
9. Você poderá deixar o local de prova somente após decorridas duas horas do início da aplicação e poderá levar seu CADERNO DE QUESTÕES ao deixar em definitivo a sala de prova nos 30 minutos que antecedem o término das provas.
LINGUAGENS, CÓDIGOS E SUAS TECNOLOGIAS
Questões de 1 a 45
Questões de 1 a 5 (opção inglês)",NA,"Vigiar e punir
Michel Foucault
A ""invenção"" dessa nova anatomia política não deve ser entendida como uma descoberta súbita. Mas como uma multiplicidade de processos muitas vezes mínimos, de origens diferentes, de localizações esparsas, que se recordam, que se repetem, ou se imitam, apoiam-se uns sobre os outros e esboçam aos poucos a fachada de um método geral. Encontramo-los em funcionamento nos colégios, muito cedo; mais tarde, nas escolas primárias, no espaço hospitalar e na organização militar.
O texto indica o seguinte aspecto da disciplina como ferramenta política:","D","Judicialização das relações de poder.",0,NA,NA,NA,NA,"Portuguese","B"
"enem_2025_1mil_ch","enem_2025_1mil_ch_1",95807,"ENEM 2025 - CH","Exame Nacional do Ensino Médio
ENEM 2025
Prova de Linguagens, Códigos e suas Tecnologias e Redação
Prova de Ciências Humanas e suas Tecnologias
1º dia
Caderno 9 – Laranja
INEP
Ministério da Educação
ATENÇÃO: transcreva no espaço apropriado do seu CARTÃO-RESPOSTA, com sua caligrafia usual, considerando as letras maiúsculas e minúsculas, a seguinte frase:
Cada pessoa deve trabalhar para o seu aperfeiçoamento
LEIA ATENTAMENTE AS INSTRUÇÕES SEGUINTES:
1. Este CADERNO DE QUESTÕES contém 90 questões numeradas de 1 a 90 e a Proposta de Redação, dispostas da seguinte maneira:
a) questões de número 1 a 45, relativas à área de Linguagens, Códigos e suas Tecnologias;
b) Proposta de Redação;
c) questões de número 46 a 90, relativas à área de Ciências Humanas e suas Tecnologias.
ATENÇÃO: as questões de 1 a 5 são relativas à língua estrangeira. Você deverá responder apenas às questões relativas à língua estrangeira (inglês ou espanhol) escolhida no ato de sua inscrição.
2. Confira se a quantidade e a ordem das questões do seu CADERNO DE QUESTÕES estão de acordo com as instruções anteriores. Caso o caderno esteja incompleto, tenha defeito ou apresente qualquer divergência, comunique ao aplicador da sala para que ele tome as providências cabíveis.
3. Para cada uma das questões objetivas, são apresentadas 5 opções. Apenas uma responde corretamente à questão.
4. O tempo disponível para estas provas é de cinco horas e trinta minutos.
5. Reserve tempo suficiente para preencher o CARTÃO-RESPOSTA e a FOLHA DE REDAÇÃO.
6. Os rascunhos e as marcações assinaladas no CADERNO DE QUESTÕES não serão considerados na avaliação.
7. Somente serão corrigidas as redações transcritas na FOLHA DE REDAÇÃO.
8. Quando terminar as provas, acene para chamar o aplicador e entregue este CADERNO DE QUESTÕES, o CARTÃO-RESPOSTA/FOLHA DE REDAÇÃO.
9. Você poderá deixar o local de prova somente após decorridas duas horas do início da aplicação e poderá levar seu CADERNO DE QUESTÕES ao deixar em definitivo a sala de prova nos 30 minutos que antecedem o término das provas.
LINGUAGENS, CÓDIGOS E SUAS TECNOLOGIAS
Questões de 1 a 45
Questões de 1 a 5 (opção inglês)",NA,"Vigiar e punir
Michel Foucault
A ""invenção"" dessa nova anatomia política não deve ser entendida como uma descoberta súbita. Mas como uma multiplicidade de processos muitas vezes mínimos, de origens diferentes, de localizações esparsas, que se recordam, que se repetem, ou se imitam, apoiam-se uns sobre os outros e esboçam aos poucos a fachada de um método geral. Encontramo-los em funcionamento nos colégios, muito cedo; mais tarde, nas escolas primárias, no espaço hospitalar e na organização militar.
O texto indica o seguinte aspecto da disciplina como ferramenta política:","D","Dissolução das distinções de nobreza.",0,NA,NA,NA,NA,"Portuguese","C"
"enem_2025_1mil_ch","enem_2025_1mil_ch_1",95807,"ENEM 2025 - CH","Exame Nacional do Ensino Médio
ENEM 2025
Prova de Linguagens, Códigos e suas Tecnologias e Redação
Prova de Ciências Humanas e suas Tecnologias
1º dia
Caderno 9 – Laranja
INEP
Ministério da Educação
ATENÇÃO: transcreva no espaço apropriado do seu CARTÃO-RESPOSTA, com sua caligrafia usual, considerando as letras maiúsculas e minúsculas, a seguinte frase:
Cada pessoa deve trabalhar para o seu aperfeiçoamento
LEIA ATENTAMENTE AS INSTRUÇÕES SEGUINTES:
1. Este CADERNO DE QUESTÕES contém 90 questões numeradas de 1 a 90 e a Proposta de Redação, dispostas da seguinte maneira:
a) questões de número 1 a 45, relativas à área de Linguagens, Códigos e suas Tecnologias;
b) Proposta de Redação;
c) questões de número 46 a 90, relativas à área de Ciências Humanas e suas Tecnologias.
ATENÇÃO: as questões de 1 a 5 são relativas à língua estrangeira. Você deverá responder apenas às questões relativas à língua estrangeira (inglês ou espanhol) escolhida no ato de sua inscrição.
2. Confira se a quantidade e a ordem das questões do seu CADERNO DE QUESTÕES estão de acordo com as instruções anteriores. Caso o caderno esteja incompleto, tenha defeito ou apresente qualquer divergência, comunique ao aplicador da sala para que ele tome as providências cabíveis.
3. Para cada uma das questões objetivas, são apresentadas 5 opções. Apenas uma responde corretamente à questão.
4. O tempo disponível para estas provas é de cinco horas e trinta minutos.
5. Reserve tempo suficiente para preencher o CARTÃO-RESPOSTA e a FOLHA DE REDAÇÃO.
6. Os rascunhos e as marcações assinaladas no CADERNO DE QUESTÕES não serão considerados na avaliação.
7. Somente serão corrigidas as redações transcritas na FOLHA DE REDAÇÃO.
8. Quando terminar as provas, acene para chamar o aplicador e entregue este CADERNO DE QUESTÕES, o CARTÃO-RESPOSTA/FOLHA DE REDAÇÃO.
9. Você poderá deixar o local de prova somente após decorridas duas horas do início da aplicação e poderá levar seu CADERNO DE QUESTÕES ao deixar em definitivo a sala de prova nos 30 minutos que antecedem o término das provas.
LINGUAGENS, CÓDIGOS E SUAS TECNOLOGIAS
Questões de 1 a 45
Questões de 1 a 5 (opção inglês)",NA,"Vigiar e punir
Michel Foucault
A ""invenção"" dessa nova anatomia política não deve ser entendida como uma descoberta súbita. Mas como uma multiplicidade de processos muitas vezes mínimos, de origens diferentes, de localizações esparsas, que se recordam, que se repetem, ou se imitam, apoiam-se uns sobre os outros e esboçam aos poucos a fachada de um método geral. Encontramo-los em funcionamento nos colégios, muito cedo; mais tarde, nas escolas primárias, no espaço hospitalar e na organização militar.
O texto indica o seguinte aspecto da disciplina como ferramenta política:","D","Capilarização das práticas de controle.",1,NA,NA,NA,NA,"Portuguese","D"
"enem_2025_1mil_ch","enem_2025_1mil_ch_1",95807,"ENEM 2025 - CH","Exame Nacional do Ensino Médio
ENEM 2025
Prova de Linguagens, Códigos e suas Tecnologias e Redação
Prova de Ciências Humanas e suas Tecnologias
1º dia
Caderno 9 – Laranja
INEP
Ministério da Educação
ATENÇÃO: transcreva no espaço apropriado do seu CARTÃO-RESPOSTA, com sua caligrafia usual, considerando as letras maiúsculas e minúsculas, a seguinte frase:
Cada pessoa deve trabalhar para o seu aperfeiçoamento
LEIA ATENTAMENTE AS INSTRUÇÕES SEGUINTES:
1. Este CADERNO DE QUESTÕES contém 90 questões numeradas de 1 a 90 e a Proposta de Redação, dispostas da seguinte maneira:
a) questões de número 1 a 45, relativas à área de Linguagens, Códigos e suas Tecnologias;
b) Proposta de Redação;
c) questões de número 46 a 90, relativas à área de Ciências Humanas e suas Tecnologias.
ATENÇÃO: as questões de 1 a 5 são relativas à língua estrangeira. Você deverá responder apenas às questões relativas à língua estrangeira (inglês ou espanhol) escolhida no ato de sua inscrição.
2. Confira se a quantidade e a ordem das questões do seu CADERNO DE QUESTÕES estão de acordo com as instruções anteriores. Caso o caderno esteja incompleto, tenha defeito ou apresente qualquer divergência, comunique ao aplicador da sala para que ele tome as providências cabíveis.
3. Para cada uma das questões objetivas, são apresentadas 5 opções. Apenas uma responde corretamente à questão.
4. O tempo disponível para estas provas é de cinco horas e trinta minutos.
5. Reserve tempo suficiente para preencher o CARTÃO-RESPOSTA e a FOLHA DE REDAÇÃO.
6. Os rascunhos e as marcações assinaladas no CADERNO DE QUESTÕES não serão considerados na avaliação.
7. Somente serão corrigidas as redações transcritas na FOLHA DE REDAÇÃO.
8. Quando terminar as provas, acene para chamar o aplicador e entregue este CADERNO DE QUESTÕES, o CARTÃO-RESPOSTA/FOLHA DE REDAÇÃO.
9. Você poderá deixar o local de prova somente após decorridas duas horas do início da aplicação e poderá levar seu CADERNO DE QUESTÕES ao deixar em definitivo a sala de prova nos 30 minutos que antecedem o término das provas.
LINGUAGENS, CÓDIGOS E SUAS TECNOLOGIAS
Questões de 1 a 45
Questões de 1 a 5 (opção inglês)",NA,"Vigiar e punir
Michel Foucault
A ""invenção"" dessa nova anatomia política não deve ser entendida como uma descoberta súbita. Mas como uma multiplicidade de processos muitas vezes mínimos, de origens diferentes, de localizações esparsas, que se recordam, que se repetem, ou se imitam, apoiam-se uns sobre os outros e esboçam aos poucos a fachada de um método geral. Encontramo-los em funcionamento nos colégios, muito cedo; mais tarde, nas escolas primárias, no espaço hospitalar e na organização militar.
O texto indica o seguinte aspecto da disciplina como ferramenta política:","D","Espetacularização das medidas de penitência.",0,NA,NA,NA,NA,"Portuguese","E"
"enem_2025_1mil_ch","enem_2025_1mil_ch_1",149784,"ENEM 2025 - CH","Exame Nacional do Ensino Médio
ENEM 2025
Prova de Linguagens, Códigos e suas Tecnologias e Redação
Prova de Ciências Humanas e suas Tecnologias
1º dia
Caderno 9 – Laranja
INEP
Ministério da Educação
ATENÇÃO: transcreva no espaço apropriado do seu CARTÃO-RESPOSTA, com sua caligrafia usual, considerando as letras maiúsculas e minúsculas, a seguinte frase:
Cada pessoa deve trabalhar para o seu aperfeiçoamento
LEIA ATENTAMENTE AS INSTRUÇÕES SEGUINTES:
1. Este CADERNO DE QUESTÕES contém 90 questões numeradas de 1 a 90 e a Proposta de Redação, dispostas da seguinte maneira:
a) questões de número 1 a 45, relativas à área de Linguagens, Códigos e suas Tecnologias;
b) Proposta de Redação;
c) questões de número 46 a 90, relativas à área de Ciências Humanas e suas Tecnologias.
ATENÇÃO: as questões de 1 a 5 são relativas à língua estrangeira. Você deverá responder apenas às questões relativas à língua estrangeira (inglês ou espanhol) escolhida no ato de sua inscrição.
2. Confira se a quantidade e a ordem das questões do seu CADERNO DE QUESTÕES estão de acordo com as instruções anteriores. Caso o caderno esteja incompleto, tenha defeito ou apresente qualquer divergência, comunique ao aplicador da sala para que ele tome as providências cabíveis.
3. Para cada uma das questões objetivas, são apresentadas 5 opções. Apenas uma responde corretamente à questão.
4. O tempo disponível para estas provas é de cinco horas e trinta minutos.
5. Reserve tempo suficiente para preencher o CARTÃO-RESPOSTA e a FOLHA DE REDAÇÃO.
6. Os rascunhos e as marcações assinaladas no CADERNO DE QUESTÕES não serão considerados na avaliação.
7. Somente serão corrigidas as redações transcritas na FOLHA DE REDAÇÃO.
8. Quando terminar as provas, acene para chamar o aplicador e entregue este CADERNO DE QUESTÕES, o CARTÃO-RESPOSTA/FOLHA DE REDAÇÃO.
9. Você poderá deixar o local de prova somente após decorridas duas horas do início da aplicação e poderá levar seu CADERNO DE QUESTÕES ao deixar em definitivo a sala de prova nos 30 minutos que antecedem o término das provas.
LINGUAGENS, CÓDIGOS E SUAS TECNOLOGIAS
Questões de 1 a 45
Questões de 1 a 5 (opção inglês)",NA,"Por séculos, o Rio Reno tem sido uma rota de navegação confiável, ajudando a criar gigantes fabris ao longo de suas margens. No entanto, esses dias parecem estar no fim, pois o nível da água tem diminuído regularmente, o que impede a navegação fluvial do final do verão até o outono. Isso mostra como a crise climática atinge as economias dos países ricos.
Qual é o efeito econômico do problema ambiental apresentado no texto?","C","Supressão da extração de minério.",0,NA,NA,NA,NA,"Portuguese","A"
"enem_2025_1mil_ch","enem_2025_1mil_ch_1",149784,"ENEM 2025 - CH","Exame Nacional do Ensino Médio
ENEM 2025
Prova de Linguagens, Códigos e suas Tecnologias e Redação
Prova de Ciências Humanas e suas Tecnologias
1º dia
Caderno 9 – Laranja
INEP
Ministério da Educação
ATENÇÃO: transcreva no espaço apropriado do seu CARTÃO-RESPOSTA, com sua caligrafia usual, considerando as letras maiúsculas e minúsculas, a seguinte frase:
Cada pessoa deve trabalhar para o seu aperfeiçoamento
LEIA ATENTAMENTE AS INSTRUÇÕES SEGUINTES:
1. Este CADERNO DE QUESTÕES contém 90 questões numeradas de 1 a 90 e a Proposta de Redação, dispostas da seguinte maneira:
a) questões de número 1 a 45, relativas à área de Linguagens, Códigos e suas Tecnologias;
b) Proposta de Redação;
c) questões de número 46 a 90, relativas à área de Ciências Humanas e suas Tecnologias.
ATENÇÃO: as questões de 1 a 5 são relativas à língua estrangeira. Você deverá responder apenas às questões relativas à língua estrangeira (inglês ou espanhol) escolhida no ato de sua inscrição.
2. Confira se a quantidade e a ordem das questões do seu CADERNO DE QUESTÕES estão de acordo com as instruções anteriores. Caso o caderno esteja incompleto, tenha defeito ou apresente qualquer divergência, comunique ao aplicador da sala para que ele tome as providências cabíveis.
3. Para cada uma das questões objetivas, são apresentadas 5 opções. Apenas uma responde corretamente à questão.
4. O tempo disponível para estas provas é de cinco horas e trinta minutos.
5. Reserve tempo suficiente para preencher o CARTÃO-RESPOSTA e a FOLHA DE REDAÇÃO.
6. Os rascunhos e as marcações assinaladas no CADERNO DE QUESTÕES não serão considerados na avaliação.
7. Somente serão corrigidas as redações transcritas na FOLHA DE REDAÇÃO.
8. Quando terminar as provas, acene para chamar o aplicador e entregue este CADERNO DE QUESTÕES, o CARTÃO-RESPOSTA/FOLHA DE REDAÇÃO.
9. Você poderá deixar o local de prova somente após decorridas duas horas do início da aplicação e poderá levar seu CADERNO DE QUESTÕES ao deixar em definitivo a sala de prova nos 30 minutos que antecedem o término das provas.
LINGUAGENS, CÓDIGOS E SUAS TECNOLOGIAS
Questões de 1 a 45
Questões de 1 a 5 (opção inglês)",NA,"Por séculos, o Rio Reno tem sido uma rota de navegação confiável, ajudando a criar gigantes fabris ao longo de suas margens. No entanto, esses dias parecem estar no fim, pois o nível da água tem diminuído regularmente, o que impede a navegação fluvial do final do verão até o outono. Isso mostra como a crise climática atinge as economias dos países ricos.
Qual é o efeito econômico do problema ambiental apresentado no texto?","C","Intensificação da atividade de pesca.",0,NA,NA,NA,NA,"Portuguese","B"
"enem_2025_1mil_ch","enem_2025_1mil_ch_1",149784,"ENEM 2025 - CH","Exame Nacional do Ensino Médio
ENEM 2025
Prova de Linguagens, Códigos e suas Tecnologias e Redação
Prova de Ciências Humanas e suas Tecnologias
1º dia
Caderno 9 – Laranja
INEP
Ministério da Educação
ATENÇÃO: transcreva no espaço apropriado do seu CARTÃO-RESPOSTA, com sua caligrafia usual, considerando as letras maiúsculas e minúsculas, a seguinte frase:
Cada pessoa deve trabalhar para o seu aperfeiçoamento
LEIA ATENTAMENTE AS INSTRUÇÕES SEGUINTES:
1. Este CADERNO DE QUESTÕES contém 90 questões numeradas de 1 a 90 e a Proposta de Redação, dispostas da seguinte maneira:
a) questões de número 1 a 45, relativas à área de Linguagens, Códigos e suas Tecnologias;
b) Proposta de Redação;
c) questões de número 46 a 90, relativas à área de Ciências Humanas e suas Tecnologias.
ATENÇÃO: as questões de 1 a 5 são relativas à língua estrangeira. Você deverá responder apenas às questões relativas à língua estrangeira (inglês ou espanhol) escolhida no ato de sua inscrição.
2. Confira se a quantidade e a ordem das questões do seu CADERNO DE QUESTÕES estão de acordo com as instruções anteriores. Caso o caderno esteja incompleto, tenha defeito ou apresente qualquer divergência, comunique ao aplicador da sala para que ele tome as providências cabíveis.
3. Para cada uma das questões objetivas, são apresentadas 5 opções. Apenas uma responde corretamente à questão.
4. O tempo disponível para estas provas é de cinco horas e trinta minutos.
5. Reserve tempo suficiente para preencher o CARTÃO-RESPOSTA e a FOLHA DE REDAÇÃO.
6. Os rascunhos e as marcações assinaladas no CADERNO DE QUESTÕES não serão considerados na avaliação.
7. Somente serão corrigidas as redações transcritas na FOLHA DE REDAÇÃO.
8. Quando terminar as provas, acene para chamar o aplicador e entregue este CADERNO DE QUESTÕES, o CARTÃO-RESPOSTA/FOLHA DE REDAÇÃO.
9. Você poderá deixar o local de prova somente após decorridas duas horas do início da aplicação e poderá levar seu CADERNO DE QUESTÕES ao deixar em definitivo a sala de prova nos 30 minutos que antecedem o término das provas.
LINGUAGENS, CÓDIGOS E SUAS TECNOLOGIAS
Questões de 1 a 45
Questões de 1 a 5 (opção inglês)",NA,"Por séculos, o Rio Reno tem sido uma rota de navegação confiável, ajudando a criar gigantes fabris ao longo de suas margens. No entanto, esses dias parecem estar no fim, pois o nível da água tem diminuído regularmente, o que impede a navegação fluvial do final do verão até o outono. Isso mostra como a crise climática atinge as economias dos países ricos.
Qual é o efeito econômico do problema ambiental apresentado no texto?","C","Encarecimento da logística de transporte.",1,NA,NA,NA,NA,"Portuguese","C"
"enem_2025_1mil_ch","enem_2025_1mil_ch_1",149784,"ENEM 2025 - CH","Exame Nacional do Ensino Médio
ENEM 2025
Prova de Linguagens, Códigos e suas Tecnologias e Redação
Prova de Ciências Humanas e suas Tecnologias
1º dia
Caderno 9 – Laranja
INEP
Ministério da Educação
ATENÇÃO: transcreva no espaço apropriado do seu CARTÃO-RESPOSTA, com sua caligrafia usual, considerando as letras maiúsculas e minúsculas, a seguinte frase:
Cada pessoa deve trabalhar para o seu aperfeiçoamento
LEIA ATENTAMENTE AS INSTRUÇÕES SEGUINTES:
1. Este CADERNO DE QUESTÕES contém 90 questões numeradas de 1 a 90 e a Proposta de Redação, dispostas da seguinte maneira:
a) questões de número 1 a 45, relativas à área de Linguagens, Códigos e suas Tecnologias;
b) Proposta de Redação;
c) questões de número 46 a 90, relativas à área de Ciências Humanas e suas Tecnologias.
ATENÇÃO: as questões de 1 a 5 são relativas à língua estrangeira. Você deverá responder apenas às questões relativas à língua estrangeira (inglês ou espanhol) escolhida no ato de sua inscrição.
2. Confira se a quantidade e a ordem das questões do seu CADERNO DE QUESTÕES estão de acordo com as instruções anteriores. Caso o caderno esteja incompleto, tenha defeito ou apresente qualquer divergência, comunique ao aplicador da sala para que ele tome as providências cabíveis.
3. Para cada uma das questões objetivas, são apresentadas 5 opções. Apenas uma responde corretamente à questão.
4. O tempo disponível para estas provas é de cinco horas e trinta minutos.
5. Reserve tempo suficiente para preencher o CARTÃO-RESPOSTA e a FOLHA DE REDAÇÃO.
6. Os rascunhos e as marcações assinaladas no CADERNO DE QUESTÕES não serão considerados na avaliação.
7. Somente serão corrigidas as redações transcritas na FOLHA DE REDAÇÃO.
8. Quando terminar as provas, acene para chamar o aplicador e entregue este CADERNO DE QUESTÕES, o CARTÃO-RESPOSTA/FOLHA DE REDAÇÃO.
9. Você poderá deixar o local de prova somente após decorridas duas horas do início da aplicação e poderá levar seu CADERNO DE QUESTÕES ao deixar em definitivo a sala de prova nos 30 minutos que antecedem o término das provas.
LINGUAGENS, CÓDIGOS E SUAS TECNOLOGIAS
Questões de 1 a 45
Questões de 1 a 5 (opção inglês)",NA,"Por séculos, o Rio Reno tem sido uma rota de navegação confiável, ajudando a criar gigantes fabris ao longo de suas margens. No entanto, esses dias parecem estar no fim, pois o nível da água tem diminuído regularmente, o que impede a navegação fluvial do final do verão até o outono. Isso mostra como a crise climática atinge as economias dos países ricos.
Qual é o efeito econômico do problema ambiental apresentado no texto?","C","Inviabilização da agricultura de subsistência.",0,NA,NA,NA,NA,"Portuguese","D"
"enem_2025_1mil_ch","enem_2025_1mil_ch_1",149784,"ENEM 2025 - CH","Exame Nacional do Ensino Médio
ENEM 2025
Prova de Linguagens, Códigos e suas Tecnologias e Redação
Prova de Ciências Humanas e suas Tecnologias
1º dia
Caderno 9 – Laranja
INEP
Ministério da Educação
ATENÇÃO: transcreva no espaço apropriado do seu CARTÃO-RESPOSTA, com sua caligrafia usual, considerando as letras maiúsculas e minúsculas, a seguinte frase:
Cada pessoa deve trabalhar para o seu aperfeiçoamento
LEIA ATENTAMENTE AS INSTRUÇÕES SEGUINTES:
1. Este CADERNO DE QUESTÕES contém 90 questões numeradas de 1 a 90 e a Proposta de Redação, dispostas da seguinte maneira:
a) questões de número 1 a 45, relativas à área de Linguagens, Códigos e suas Tecnologias;
b) Proposta de Redação;
c) questões de número 46 a 90, relativas à área de Ciências Humanas e suas Tecnologias.
ATENÇÃO: as questões de 1 a 5 são relativas à língua estrangeira. Você deverá responder apenas às questões relativas à língua estrangeira (inglês ou espanhol) escolhida no ato de sua inscrição.
2. Confira se a quantidade e a ordem das questões do seu CADERNO DE QUESTÕES estão de acordo com as instruções anteriores. Caso o caderno esteja incompleto, tenha defeito ou apresente qualquer divergência, comunique ao aplicador da sala para que ele tome as providências cabíveis.
3. Para cada uma das questões objetivas, são apresentadas 5 opções. Apenas uma responde corretamente à questão.
4. O tempo disponível para estas provas é de cinco horas e trinta minutos.
5. Reserve tempo suficiente para preencher o CARTÃO-RESPOSTA e a FOLHA DE REDAÇÃO.
6. Os rascunhos e as marcações assinaladas no CADERNO DE QUESTÕES não serão considerados na avaliação.
7. Somente serão corrigidas as redações transcritas na FOLHA DE REDAÇÃO.
8. Quando terminar as provas, acene para chamar o aplicador e entregue este CADERNO DE QUESTÕES, o CARTÃO-RESPOSTA/FOLHA DE REDAÇÃO.
9. Você poderá deixar o local de prova somente após decorridas duas horas do início da aplicação e poderá levar seu CADERNO DE QUESTÕES ao deixar em definitivo a sala de prova nos 30 minutos que antecedem o término das provas.
LINGUAGENS, CÓDIGOS E SUAS TECNOLOGIAS
Questões de 1 a 45
Questões de 1 a 5 (opção inglês)",NA,"Por séculos, o Rio Reno tem sido uma rota de navegação confiável, ajudando a criar gigantes fabris ao longo de suas margens. No entanto, esses dias parecem estar no fim, pois o nível da água tem diminuído regularmente, o que impede a navegação fluvial do final do verão até o outono. Isso mostra como a crise climática atinge as economias dos países ricos.
Qual é o efeito econômico do problema ambiental apresentado no texto?","C","Sucateamento da indústria de transformação.",0,NA,NA,NA,NA,"Portuguese","E"
"enem_2025_1mil_ch","enem_2025_1mil_ch_1",112144,"ENEM 2025 - CH","Exame Nacional do Ensino Médio
ENEM 2025
Prova de Linguagens, Códigos e suas Tecnologias e Redação
Prova de Ciências Humanas e suas Tecnologias
1º dia
Caderno 9 – Laranja
INEP
Ministério da Educação
ATENÇÃO: transcreva no espaço apropriado do seu CARTÃO-RESPOSTA, com sua caligrafia usual, considerando as letras maiúsculas e minúsculas, a seguinte frase:
Cada pessoa deve trabalhar para o seu aperfeiçoamento
LEIA ATENTAMENTE AS INSTRUÇÕES SEGUINTES:
1. Este CADERNO DE QUESTÕES contém 90 questões numeradas de 1 a 90 e a Proposta de Redação, dispostas da seguinte maneira:
a) questões de número 1 a 45, relativas à área de Linguagens, Códigos e suas Tecnologias;
b) Proposta de Redação;
c) questões de número 46 a 90, relativas à área de Ciências Humanas e suas Tecnologias.
ATENÇÃO: as questões de 1 a 5 são relativas à língua estrangeira. Você deverá responder apenas às questões relativas à língua estrangeira (inglês ou espanhol) escolhida no ato de sua inscrição.
2. Confira se a quantidade e a ordem das questões do seu CADERNO DE QUESTÕES estão de acordo com as instruções anteriores. Caso o caderno esteja incompleto, tenha defeito ou apresente qualquer divergência, comunique ao aplicador da sala para que ele tome as providências cabíveis.
3. Para cada uma das questões objetivas, são apresentadas 5 opções. Apenas uma responde corretamente à questão.
4. O tempo disponível para estas provas é de cinco horas e trinta minutos.
5. Reserve tempo suficiente para preencher o CARTÃO-RESPOSTA e a FOLHA DE REDAÇÃO.
6. Os rascunhos e as marcações assinaladas no CADERNO DE QUESTÕES não serão considerados na avaliação.
7. Somente serão corrigidas as redações transcritas na FOLHA DE REDAÇÃO.
8. Quando terminar as provas, acene para chamar o aplicador e entregue este CADERNO DE QUESTÕES, o CARTÃO-RESPOSTA/FOLHA DE REDAÇÃO.
9. Você poderá deixar o local de prova somente após decorridas duas horas do início da aplicação e poderá levar seu CADERNO DE QUESTÕES ao deixar em definitivo a sala de prova nos 30 minutos que antecedem o término das provas.
LINGUAGENS, CÓDIGOS E SUAS TECNOLOGIAS
Questões de 1 a 45
Questões de 1 a 5 (opção inglês)",NA,"TEXTO 1
Descrição da pintura: Intitulada La piazetta, a pintura em óleo sobre tela, de Luca Carlevaris (1729), retrata uma cena em uma praça em frente a um prédio com características da arquitetura renascentista. À esquerda da cena, há dois homens com vestes árabes, e à direita, duas pessoas sentadas em volta de uma mesa com livros. Uma delas, sentada com pernas cruzadas, lê um dos livros, enquanto muitas outras pessoas transitam pela praça. (Fim da descrição)
TEXTO 2
O tempo do mundo
Fernand Braudel
Antigo centro da economia mundo-europeia do século 15, no final do século 17 e início do século 18, Veneza ainda era uma cidade cosmopolita onde orientais podiam sentir-se em casa.
Qual elemento da condição cosmopolita de Veneza na Idade Moderna está explicitado nos textos?","C","Avanço do ensino laico.",0,NA,NA,NA,NA,"Portuguese","A"
"enem_2025_1mil_ch","enem_2025_1mil_ch_1",112144,"ENEM 2025 - CH","Exame Nacional do Ensino Médio
ENEM 2025
Prova de Linguagens, Códigos e suas Tecnologias e Redação
Prova de Ciências Humanas e suas Tecnologias
1º dia
Caderno 9 – Laranja
INEP
Ministério da Educação
ATENÇÃO: transcreva no espaço apropriado do seu CARTÃO-RESPOSTA, com sua caligrafia usual, considerando as letras maiúsculas e minúsculas, a seguinte frase:
Cada pessoa deve trabalhar para o seu aperfeiçoamento
LEIA ATENTAMENTE AS INSTRUÇÕES SEGUINTES:
1. Este CADERNO DE QUESTÕES contém 90 questões numeradas de 1 a 90 e a Proposta de Redação, dispostas da seguinte maneira:
a) questões de número 1 a 45, relativas à área de Linguagens, Códigos e suas Tecnologias;
b) Proposta de Redação;
c) questões de número 46 a 90, relativas à área de Ciências Humanas e suas Tecnologias.
ATENÇÃO: as questões de 1 a 5 são relativas à língua estrangeira. Você deverá responder apenas às questões relativas à língua estrangeira (inglês ou espanhol) escolhida no ato de sua inscrição.
2. Confira se a quantidade e a ordem das questões do seu CADERNO DE QUESTÕES estão de acordo com as instruções anteriores. Caso o caderno esteja incompleto, tenha defeito ou apresente qualquer divergência, comunique ao aplicador da sala para que ele tome as providências cabíveis.
3. Para cada uma das questões objetivas, são apresentadas 5 opções. Apenas uma responde corretamente à questão.
4. O tempo disponível para estas provas é de cinco horas e trinta minutos.
5. Reserve tempo suficiente para preencher o CARTÃO-RESPOSTA e a FOLHA DE REDAÇÃO.
6. Os rascunhos e as marcações assinaladas no CADERNO DE QUESTÕES não serão considerados na avaliação.
7. Somente serão corrigidas as redações transcritas na FOLHA DE REDAÇÃO.
8. Quando terminar as provas, acene para chamar o aplicador e entregue este CADERNO DE QUESTÕES, o CARTÃO-RESPOSTA/FOLHA DE REDAÇÃO.
9. Você poderá deixar o local de prova somente após decorridas duas horas do início da aplicação e poderá levar seu CADERNO DE QUESTÕES ao deixar em definitivo a sala de prova nos 30 minutos que antecedem o término das provas.
LINGUAGENS, CÓDIGOS E SUAS TECNOLOGIAS
Questões de 1 a 45
Questões de 1 a 5 (opção inglês)",NA,"TEXTO 1
Descrição da pintura: Intitulada La piazetta, a pintura em óleo sobre tela, de Luca Carlevaris (1729), retrata uma cena em uma praça em frente a um prédio com características da arquitetura renascentista. À esquerda da cena, há dois homens com vestes árabes, e à direita, duas pessoas sentadas em volta de uma mesa com livros. Uma delas, sentada com pernas cruzadas, lê um dos livros, enquanto muitas outras pessoas transitam pela praça. (Fim da descrição)
TEXTO 2
O tempo do mundo
Fernand Braudel
Antigo centro da economia mundo-europeia do século 15, no final do século 17 e início do século 18, Veneza ainda era uma cidade cosmopolita onde orientais podiam sentir-se em casa.
Qual elemento da condição cosmopolita de Veneza na Idade Moderna está explicitado nos textos?","C","Conquista das terras da América.",0,NA,NA,NA,NA,"Portuguese","B"
"enem_2025_1mil_ch","enem_2025_1mil_ch_1",112144,"ENEM 2025 - CH","Exame Nacional do Ensino Médio
ENEM 2025
Prova de Linguagens, Códigos e suas Tecnologias e Redação
Prova de Ciências Humanas e suas Tecnologias
1º dia
Caderno 9 – Laranja
INEP
Ministério da Educação
ATENÇÃO: transcreva no espaço apropriado do seu CARTÃO-RESPOSTA, com sua caligrafia usual, considerando as letras maiúsculas e minúsculas, a seguinte frase:
Cada pessoa deve trabalhar para o seu aperfeiçoamento
LEIA ATENTAMENTE AS INSTRUÇÕES SEGUINTES:
1. Este CADERNO DE QUESTÕES contém 90 questões numeradas de 1 a 90 e a Proposta de Redação, dispostas da seguinte maneira:
a) questões de número 1 a 45, relativas à área de Linguagens, Códigos e suas Tecnologias;
b) Proposta de Redação;
c) questões de número 46 a 90, relativas à área de Ciências Humanas e suas Tecnologias.
ATENÇÃO: as questões de 1 a 5 são relativas à língua estrangeira. Você deverá responder apenas às questões relativas à língua estrangeira (inglês ou espanhol) escolhida no ato de sua inscrição.
2. Confira se a quantidade e a ordem das questões do seu CADERNO DE QUESTÕES estão de acordo com as instruções anteriores. Caso o caderno esteja incompleto, tenha defeito ou apresente qualquer divergência, comunique ao aplicador da sala para que ele tome as providências cabíveis.
3. Para cada uma das questões objetivas, são apresentadas 5 opções. Apenas uma responde corretamente à questão.
4. O tempo disponível para estas provas é de cinco horas e trinta minutos.
5. Reserve tempo suficiente para preencher o CARTÃO-RESPOSTA e a FOLHA DE REDAÇÃO.
6. Os rascunhos e as marcações assinaladas no CADERNO DE QUESTÕES não serão considerados na avaliação.
7. Somente serão corrigidas as redações transcritas na FOLHA DE REDAÇÃO.
8. Quando terminar as provas, acene para chamar o aplicador e entregue este CADERNO DE QUESTÕES, o CARTÃO-RESPOSTA/FOLHA DE REDAÇÃO.
9. Você poderá deixar o local de prova somente após decorridas duas horas do início da aplicação e poderá levar seu CADERNO DE QUESTÕES ao deixar em definitivo a sala de prova nos 30 minutos que antecedem o término das provas.
LINGUAGENS, CÓDIGOS E SUAS TECNOLOGIAS
Questões de 1 a 45
Questões de 1 a 5 (opção inglês)",NA,"TEXTO 1
Descrição da pintura: Intitulada La piazetta, a pintura em óleo sobre tela, de Luca Carlevaris (1729), retrata uma cena em uma praça em frente a um prédio com características da arquitetura renascentista. À esquerda da cena, há dois homens com vestes árabes, e à direita, duas pessoas sentadas em volta de uma mesa com livros. Uma delas, sentada com pernas cruzadas, lê um dos livros, enquanto muitas outras pessoas transitam pela praça. (Fim da descrição)
TEXTO 2
O tempo do mundo
Fernand Braudel
Antigo centro da economia mundo-europeia do século 15, no final do século 17 e início do século 18, Veneza ainda era uma cidade cosmopolita onde orientais podiam sentir-se em casa.
Qual elemento da condição cosmopolita de Veneza na Idade Moderna está explicitado nos textos?","C","Integração do comércio mediterrâneo.",1,NA,NA,NA,NA,"Portuguese","C"
"enem_2025_1mil_ch","enem_2025_1mil_ch_1",112144,"ENEM 2025 - CH","Exame Nacional do Ensino Médio
ENEM 2025
Prova de Linguagens, Códigos e suas Tecnologias e Redação
Prova de Ciências Humanas e suas Tecnologias
1º dia
Caderno 9 – Laranja
INEP
Ministério da Educação
ATENÇÃO: transcreva no espaço apropriado do seu CARTÃO-RESPOSTA, com sua caligrafia usual, considerando as letras maiúsculas e minúsculas, a seguinte frase:
Cada pessoa deve trabalhar para o seu aperfeiçoamento
LEIA ATENTAMENTE AS INSTRUÇÕES SEGUINTES:
1. Este CADERNO DE QUESTÕES contém 90 questões numeradas de 1 a 90 e a Proposta de Redação, dispostas da seguinte maneira:
a) questões de número 1 a 45, relativas à área de Linguagens, Códigos e suas Tecnologias;
b) Proposta de Redação;
c) questões de número 46 a 90, relativas à área de Ciências Humanas e suas Tecnologias.
ATENÇÃO: as questões de 1 a 5 são relativas à língua estrangeira. Você deverá responder apenas às questões relativas à língua estrangeira (inglês ou espanhol) escolhida no ato de sua inscrição.
2. Confira se a quantidade e a ordem das questões do seu CADERNO DE QUESTÕES estão de acordo com as instruções anteriores. Caso o caderno esteja incompleto, tenha defeito ou apresente qualquer divergência, comunique ao aplicador da sala para que ele tome as providências cabíveis.
3. Para cada uma das questões objetivas, são apresentadas 5 opções. Apenas uma responde corretamente à questão.
4. O tempo disponível para estas provas é de cinco horas e trinta minutos.
5. Reserve tempo suficiente para preencher o CARTÃO-RESPOSTA e a FOLHA DE REDAÇÃO.
6. Os rascunhos e as marcações assinaladas no CADERNO DE QUESTÕES não serão considerados na avaliação.
7. Somente serão corrigidas as redações transcritas na FOLHA DE REDAÇÃO.
8. Quando terminar as provas, acene para chamar o aplicador e entregue este CADERNO DE QUESTÕES, o CARTÃO-RESPOSTA/FOLHA DE REDAÇÃO.
9. Você poderá deixar o local de prova somente após decorridas duas horas do início da aplicação e poderá levar seu CADERNO DE QUESTÕES ao deixar em definitivo a sala de prova nos 30 minutos que antecedem o término das provas.
LINGUAGENS, CÓDIGOS E SUAS TECNOLOGIAS
Questões de 1 a 45
Questões de 1 a 5 (opção inglês)",NA,"TEXTO 1
Descrição da pintura: Intitulada La piazetta, a pintura em óleo sobre tela, de Luca Carlevaris (1729), retrata uma cena em uma praça em frente a um prédio com características da arquitetura renascentista. À esquerda da cena, há dois homens com vestes árabes, e à direita, duas pessoas sentadas em volta de uma mesa com livros. Uma delas, sentada com pernas cruzadas, lê um dos livros, enquanto muitas outras pessoas transitam pela praça. (Fim da descrição)
TEXTO 2
O tempo do mundo
Fernand Braudel
Antigo centro da economia mundo-europeia do século 15, no final do século 17 e início do século 18, Veneza ainda era uma cidade cosmopolita onde orientais podiam sentir-se em casa.
Qual elemento da condição cosmopolita de Veneza na Idade Moderna está explicitado nos textos?","C","Popularização do pensamento humanista.",0,NA,NA,NA,NA,"Portuguese","D"
"enem_2025_1mil_ch","enem_2025_1mil_ch_1",112144,"ENEM 2025 - CH","Exame Nacional do Ensino Médio
ENEM 2025
Prova de Linguagens, Códigos e suas Tecnologias e Redação
Prova de Ciências Humanas e suas Tecnologias
1º dia
Caderno 9 – Laranja
INEP
Ministério da Educação
ATENÇÃO: transcreva no espaço apropriado do seu CARTÃO-RESPOSTA, com sua caligrafia usual, considerando as letras maiúsculas e minúsculas, a seguinte frase:
Cada pessoa deve trabalhar para o seu aperfeiçoamento
LEIA ATENTAMENTE AS INSTRUÇÕES SEGUINTES:
1. Este CADERNO DE QUESTÕES contém 90 questões numeradas de 1 a 90 e a Proposta de Redação, dispostas da seguinte maneira:
a) questões de número 1 a 45, relativas à área de Linguagens, Códigos e suas Tecnologias;
b) Proposta de Redação;
c) questões de número 46 a 90, relativas à área de Ciências Humanas e suas Tecnologias.
ATENÇÃO: as questões de 1 a 5 são relativas à língua estrangeira. Você deverá responder apenas às questões relativas à língua estrangeira (inglês ou espanhol) escolhida no ato de sua inscrição.
2. Confira se a quantidade e a ordem das questões do seu CADERNO DE QUESTÕES estão de acordo com as instruções anteriores. Caso o caderno esteja incompleto, tenha defeito ou apresente qualquer divergência, comunique ao aplicador da sala para que ele tome as providências cabíveis.
3. Para cada uma das questões objetivas, são apresentadas 5 opções. Apenas uma responde corretamente à questão.
4. O tempo disponível para estas provas é de cinco horas e trinta minutos.
5. Reserve tempo suficiente para preencher o CARTÃO-RESPOSTA e a FOLHA DE REDAÇÃO.
6. Os rascunhos e as marcações assinaladas no CADERNO DE QUESTÕES não serão considerados na avaliação.
7. Somente serão corrigidas as redações transcritas na FOLHA DE REDAÇÃO.
8. Quando terminar as provas, acene para chamar o aplicador e entregue este CADERNO DE QUESTÕES, o CARTÃO-RESPOSTA/FOLHA DE REDAÇÃO.
9. Você poderá deixar o local de prova somente após decorridas duas horas do início da aplicação e poderá levar seu CADERNO DE QUESTÕES ao deixar em definitivo a sala de prova nos 30 minutos que antecedem o término das provas.
LINGUAGENS, CÓDIGOS E SUAS TECNOLOGIAS
Questões de 1 a 45
Questões de 1 a 5 (opção inglês)",NA,"TEXTO 1
Descrição da pintura: Intitulada La piazetta, a pintura em óleo sobre tela, de Luca Carlevaris (1729), retrata uma cena em uma praça em frente a um prédio com características da arquitetura renascentista. À esquerda da cena, há dois homens com vestes árabes, e à direita, duas pessoas sentadas em volta de uma mesa com livros. Uma delas, sentada com pernas cruzadas, lê um dos livros, enquanto muitas outras pessoas transitam pela praça. (Fim da descrição)
TEXTO 2
O tempo do mundo
Fernand Braudel
Antigo centro da economia mundo-europeia do século 15, no final do século 17 e início do século 18, Veneza ainda era uma cidade cosmopolita onde orientais podiam sentir-se em casa.
Qual elemento da condição cosmopolita de Veneza na Idade Moderna está explicitado nos textos?","C","Desenvolvimento das corporações de ofício.",0,NA,NA,NA,NA,"Portuguese","E"
"enem_2025_1mil_ch","enem_2025_1mil_ch_1",111883,"ENEM 2025 - CH","Exame Nacional do Ensino Médio
ENEM 2025
Prova de Linguagens, Códigos e suas Tecnologias e Redação
Prova de Ciências Humanas e suas Tecnologias
1º dia
Caderno 9 – Laranja
INEP
Ministério da Educação
ATENÇÃO: transcreva no espaço apropriado do seu CARTÃO-RESPOSTA, com sua caligrafia usual, considerando as letras maiúsculas e minúsculas, a seguinte frase:
Cada pessoa deve trabalhar para o seu aperfeiçoamento
LEIA ATENTAMENTE AS INSTRUÇÕES SEGUINTES:
1. Este CADERNO DE QUESTÕES contém 90 questões numeradas de 1 a 90 e a Proposta de Redação, dispostas da seguinte maneira:
a) questões de número 1 a 45, relativas à área de Linguagens, Códigos e suas Tecnologias;
b) Proposta de Redação;
c) questões de número 46 a 90, relativas à área de Ciências Humanas e suas Tecnologias.
ATENÇÃO: as questões de 1 a 5 são relativas à língua estrangeira. Você deverá responder apenas às questões relativas à língua estrangeira (inglês ou espanhol) escolhida no ato de sua inscrição.
2. Confira se a quantidade e a ordem das questões do seu CADERNO DE QUESTÕES estão de acordo com as instruções anteriores. Caso o caderno esteja incompleto, tenha defeito ou apresente qualquer divergência, comunique ao aplicador da sala para que ele tome as providências cabíveis.
3. Para cada uma das questões objetivas, são apresentadas 5 opções. Apenas uma responde corretamente à questão.
4. O tempo disponível para estas provas é de cinco horas e trinta minutos.
5. Reserve tempo suficiente para preencher o CARTÃO-RESPOSTA e a FOLHA DE REDAÇÃO.
6. Os rascunhos e as marcações assinaladas no CADERNO DE QUESTÕES não serão considerados na avaliação.
7. Somente serão corrigidas as redações transcritas na FOLHA DE REDAÇÃO.
8. Quando terminar as provas, acene para chamar o aplicador e entregue este CADERNO DE QUESTÕES, o CARTÃO-RESPOSTA/FOLHA DE REDAÇÃO.
9. Você poderá deixar o local de prova somente após decorridas duas horas do início da aplicação e poderá levar seu CADERNO DE QUESTÕES ao deixar em definitivo a sala de prova nos 30 minutos que antecedem o término das provas.
LINGUAGENS, CÓDIGOS E SUAS TECNOLOGIAS
Questões de 1 a 45
Questões de 1 a 5 (opção inglês)",NA,"Força de lei
Jacques Derrida
O direito não é a justiça. O direito é o elemento do cálculo, é justo que haja um direito, mas a justiça é incalculável, ela exige que se calcule o incalculável; e as experiências aporéticas são experiências tão improváveis quanto necessárias da justiça, isto é, são momentos em que a decisão entre o justo e o injusto nunca é garantida por uma regra.
De acordo com o texto, ainda que estejam em desconformidade com o ordenamento jurídico, são exemplos de ação justa:","A","Casos de desobediência civil.",1,NA,NA,NA,NA,"Portuguese","A"
"enem_2025_1mil_ch","enem_2025_1mil_ch_1",111883,"ENEM 2025 - CH","Exame Nacional do Ensino Médio
ENEM 2025
Prova de Linguagens, Códigos e suas Tecnologias e Redação
Prova de Ciências Humanas e suas Tecnologias
1º dia
Caderno 9 – Laranja
INEP
Ministério da Educação
ATENÇÃO: transcreva no espaço apropriado do seu CARTÃO-RESPOSTA, com sua caligrafia usual, considerando as letras maiúsculas e minúsculas, a seguinte frase:
Cada pessoa deve trabalhar para o seu aperfeiçoamento
LEIA ATENTAMENTE AS INSTRUÇÕES SEGUINTES:
1. Este CADERNO DE QUESTÕES contém 90 questões numeradas de 1 a 90 e a Proposta de Redação, dispostas da seguinte maneira:
a) questões de número 1 a 45, relativas à área de Linguagens, Códigos e suas Tecnologias;
b) Proposta de Redação;
c) questões de número 46 a 90, relativas à área de Ciências Humanas e suas Tecnologias.
ATENÇÃO: as questões de 1 a 5 são relativas à língua estrangeira. Você deverá responder apenas às questões relativas à língua estrangeira (inglês ou espanhol) escolhida no ato de sua inscrição.
2. Confira se a quantidade e a ordem das questões do seu CADERNO DE QUESTÕES estão de acordo com as instruções anteriores. Caso o caderno esteja incompleto, tenha defeito ou apresente qualquer divergência, comunique ao aplicador da sala para que ele tome as providências cabíveis.
3. Para cada uma das questões objetivas, são apresentadas 5 opções. Apenas uma responde corretamente à questão.
4. O tempo disponível para estas provas é de cinco horas e trinta minutos.
5. Reserve tempo suficiente para preencher o CARTÃO-RESPOSTA e a FOLHA DE REDAÇÃO.
6. Os rascunhos e as marcações assinaladas no CADERNO DE QUESTÕES não serão considerados na avaliação.
7. Somente serão corrigidas as redações transcritas na FOLHA DE REDAÇÃO.
8. Quando terminar as provas, acene para chamar o aplicador e entregue este CADERNO DE QUESTÕES, o CARTÃO-RESPOSTA/FOLHA DE REDAÇÃO.
9. Você poderá deixar o local de prova somente após decorridas duas horas do início da aplicação e poderá levar seu CADERNO DE QUESTÕES ao deixar em definitivo a sala de prova nos 30 minutos que antecedem o término das provas.
LINGUAGENS, CÓDIGOS E SUAS TECNOLOGIAS
Questões de 1 a 45
Questões de 1 a 5 (opção inglês)",NA,"Força de lei
Jacques Derrida
O direito não é a justiça. O direito é o elemento do cálculo, é justo que haja um direito, mas a justiça é incalculável, ela exige que se calcule o incalculável; e as experiências aporéticas são experiências tão improváveis quanto necessárias da justiça, isto é, são momentos em que a decisão entre o justo e o injusto nunca é garantida por uma regra.
De acordo com o texto, ainda que estejam em desconformidade com o ordenamento jurídico, são exemplos de ação justa:","A","Repressões do aparato estatal.",0,NA,NA,NA,NA,"Portuguese","B"
"enem_2025_1mil_ch","enem_2025_1mil_ch_1",111883,"ENEM 2025 - CH","Exame Nacional do Ensino Médio
ENEM 2025
Prova de Linguagens, Códigos e suas Tecnologias e Redação
Prova de Ciências Humanas e suas Tecnologias
1º dia
Caderno 9 – Laranja
INEP
Ministério da Educação
ATENÇÃO: transcreva no espaço apropriado do seu CARTÃO-RESPOSTA, com sua caligrafia usual, considerando as letras maiúsculas e minúsculas, a seguinte frase:
Cada pessoa deve trabalhar para o seu aperfeiçoamento
LEIA ATENTAMENTE AS INSTRUÇÕES SEGUINTES:
1. Este CADERNO DE QUESTÕES contém 90 questões numeradas de 1 a 90 e a Proposta de Redação, dispostas da seguinte maneira:
a) questões de número 1 a 45, relativas à área de Linguagens, Códigos e suas Tecnologias;
b) Proposta de Redação;
c) questões de número 46 a 90, relativas à área de Ciências Humanas e suas Tecnologias.
ATENÇÃO: as questões de 1 a 5 são relativas à língua estrangeira. Você deverá responder apenas às questões relativas à língua estrangeira (inglês ou espanhol) escolhida no ato de sua inscrição.
2. Confira se a quantidade e a ordem das questões do seu CADERNO DE QUESTÕES estão de acordo com as instruções anteriores. Caso o caderno esteja incompleto, tenha defeito ou apresente qualquer divergência, comunique ao aplicador da sala para que ele tome as providências cabíveis.
3. Para cada uma das questões objetivas, são apresentadas 5 opções. Apenas uma responde corretamente à questão.
4. O tempo disponível para estas provas é de cinco horas e trinta minutos.
5. Reserve tempo suficiente para preencher o CARTÃO-RESPOSTA e a FOLHA DE REDAÇÃO.
6. Os rascunhos e as marcações assinaladas no CADERNO DE QUESTÕES não serão considerados na avaliação.
7. Somente serão corrigidas as redações transcritas na FOLHA DE REDAÇÃO.
8. Quando terminar as provas, acene para chamar o aplicador e entregue este CADERNO DE QUESTÕES, o CARTÃO-RESPOSTA/FOLHA DE REDAÇÃO.
9. Você poderá deixar o local de prova somente após decorridas duas horas do início da aplicação e poderá levar seu CADERNO DE QUESTÕES ao deixar em definitivo a sala de prova nos 30 minutos que antecedem o término das provas.
LINGUAGENS, CÓDIGOS E SUAS TECNOLOGIAS
Questões de 1 a 45
Questões de 1 a 5 (opção inglês)",NA,"Força de lei
Jacques Derrida
O direito não é a justiça. O direito é o elemento do cálculo, é justo que haja um direito, mas a justiça é incalculável, ela exige que se calcule o incalculável; e as experiências aporéticas são experiências tão improváveis quanto necessárias da justiça, isto é, são momentos em que a decisão entre o justo e o injusto nunca é garantida por uma regra.
De acordo com o texto, ainda que estejam em desconformidade com o ordenamento jurídico, são exemplos de ação justa:","A","Conflitos de natureza intercontinental.",0,NA,NA,NA,NA,"Portuguese","C"
"enem_2025_1mil_ch","enem_2025_1mil_ch_1",111883,"ENEM 2025 - CH","Exame Nacional do Ensino Médio
ENEM 2025
Prova de Linguagens, Códigos e suas Tecnologias e Redação
Prova de Ciências Humanas e suas Tecnologias
1º dia
Caderno 9 – Laranja
INEP
Ministério da Educação
ATENÇÃO: transcreva no espaço apropriado do seu CARTÃO-RESPOSTA, com sua caligrafia usual, considerando as letras maiúsculas e minúsculas, a seguinte frase:
Cada pessoa deve trabalhar para o seu aperfeiçoamento
LEIA ATENTAMENTE AS INSTRUÇÕES SEGUINTES:
1. Este CADERNO DE QUESTÕES contém 90 questões numeradas de 1 a 90 e a Proposta de Redação, dispostas da seguinte maneira:
a) questões de número 1 a 45, relativas à área de Linguagens, Códigos e suas Tecnologias;
b) Proposta de Redação;
c) questões de número 46 a 90, relativas à área de Ciências Humanas e suas Tecnologias.
ATENÇÃO: as questões de 1 a 5 são relativas à língua estrangeira. Você deverá responder apenas às questões relativas à língua estrangeira (inglês ou espanhol) escolhida no ato de sua inscrição.
2. Confira se a quantidade e a ordem das questões do seu CADERNO DE QUESTÕES estão de acordo com as instruções anteriores. Caso o caderno esteja incompleto, tenha defeito ou apresente qualquer divergência, comunique ao aplicador da sala para que ele tome as providências cabíveis.
3. Para cada uma das questões objetivas, são apresentadas 5 opções. Apenas uma responde corretamente à questão.
4. O tempo disponível para estas provas é de cinco horas e trinta minutos.
5. Reserve tempo suficiente para preencher o CARTÃO-RESPOSTA e a FOLHA DE REDAÇÃO.
6. Os rascunhos e as marcações assinaladas no CADERNO DE QUESTÕES não serão considerados na avaliação.
7. Somente serão corrigidas as redações transcritas na FOLHA DE REDAÇÃO.
8. Quando terminar as provas, acene para chamar o aplicador e entregue este CADERNO DE QUESTÕES, o CARTÃO-RESPOSTA/FOLHA DE REDAÇÃO.
9. Você poderá deixar o local de prova somente após decorridas duas horas do início da aplicação e poderá levar seu CADERNO DE QUESTÕES ao deixar em definitivo a sala de prova nos 30 minutos que antecedem o término das provas.
LINGUAGENS, CÓDIGOS E SUAS TECNOLOGIAS
Questões de 1 a 45
Questões de 1 a 5 (opção inglês)",NA,"Força de lei
Jacques Derrida
O direito não é a justiça. O direito é o elemento do cálculo, é justo que haja um direito, mas a justiça é incalculável, ela exige que se calcule o incalculável; e as experiências aporéticas são experiências tão improváveis quanto necessárias da justiça, isto é, são momentos em que a decisão entre o justo e o injusto nunca é garantida por uma regra.
De acordo com o texto, ainda que estejam em desconformidade com o ordenamento jurídico, são exemplos de ação justa:","A","Manifestações do movimento sindical.",0,NA,NA,NA,NA,"Portuguese","D"
"enem_2025_1mil_ch","enem_2025_1mil_ch_1",111883,"ENEM 2025 - CH","Exame Nacional do Ensino Médio
ENEM 2025
Prova de Linguagens, Códigos e suas Tecnologias e Redação
Prova de Ciências Humanas e suas Tecnologias
1º dia
Caderno 9 – Laranja
INEP
Ministério da Educação
ATENÇÃO: transcreva no espaço apropriado do seu CARTÃO-RESPOSTA, com sua caligrafia usual, considerando as letras maiúsculas e minúsculas, a seguinte frase:
Cada pessoa deve trabalhar para o seu aperfeiçoamento
LEIA ATENTAMENTE AS INSTRUÇÕES SEGUINTES:
1. Este CADERNO DE QUESTÕES contém 90 questões numeradas de 1 a 90 e a Proposta de Redação, dispostas da seguinte maneira:
a) questões de número 1 a 45, relativas à área de Linguagens, Códigos e suas Tecnologias;
b) Proposta de Redação;
c) questões de número 46 a 90, relativas à área de Ciências Humanas e suas Tecnologias.
ATENÇÃO: as questões de 1 a 5 são relativas à língua estrangeira. Você deverá responder apenas às questões relativas à língua estrangeira (inglês ou espanhol) escolhida no ato de sua inscrição.
2. Confira se a quantidade e a ordem das questões do seu CADERNO DE QUESTÕES estão de acordo com as instruções anteriores. Caso o caderno esteja incompleto, tenha defeito ou apresente qualquer divergência, comunique ao aplicador da sala para que ele tome as providências cabíveis.
3. Para cada uma das questões objetivas, são apresentadas 5 opções. Apenas uma responde corretamente à questão.
4. O tempo disponível para estas provas é de cinco horas e trinta minutos.
5. Reserve tempo suficiente para preencher o CARTÃO-RESPOSTA e a FOLHA DE REDAÇÃO.
6. Os rascunhos e as marcações assinaladas no CADERNO DE QUESTÕES não serão considerados na avaliação.
7. Somente serão corrigidas as redações transcritas na FOLHA DE REDAÇÃO.
8. Quando terminar as provas, acene para chamar o aplicador e entregue este CADERNO DE QUESTÕES, o CARTÃO-RESPOSTA/FOLHA DE REDAÇÃO.
9. Você poderá deixar o local de prova somente após decorridas duas horas do início da aplicação e poderá levar seu CADERNO DE QUESTÕES ao deixar em definitivo a sala de prova nos 30 minutos que antecedem o término das provas.
LINGUAGENS, CÓDIGOS E SUAS TECNOLOGIAS
Questões de 1 a 45
Questões de 1 a 5 (opção inglês)",NA,"Força de lei
Jacques Derrida
O direito não é a justiça. O direito é o elemento do cálculo, é justo que haja um direito, mas a justiça é incalculável, ela exige que se calcule o incalculável; e as experiências aporéticas são experiências tão improváveis quanto necessárias da justiça, isto é, são momentos em que a decisão entre o justo e o injusto nunca é garantida por uma regra.
De acordo com o texto, ainda que estejam em desconformidade com o ordenamento jurídico, são exemplos de ação justa:","A","Mobilizações de agremiações estudantis.",0,NA,NA,NA,NA,"Portuguese","E"
"enem_2025_1mil_ch","enem_2025_1mil_ch_1",111927,"ENEM 2025 - CH","Exame Nacional do Ensino Médio
ENEM 2025
Prova de Linguagens, Códigos e suas Tecnologias e Redação
Prova de Ciências Humanas e suas Tecnologias
1º dia
Caderno 9 – Laranja
INEP
Ministério da Educação
ATENÇÃO: transcreva no espaço apropriado do seu CARTÃO-RESPOSTA, com sua caligrafia usual, considerando as letras maiúsculas e minúsculas, a seguinte frase:
Cada pessoa deve trabalhar para o seu aperfeiçoamento
LEIA ATENTAMENTE AS INSTRUÇÕES SEGUINTES:
1. Este CADERNO DE QUESTÕES contém 90 questões numeradas de 1 a 90 e a Proposta de Redação, dispostas da seguinte maneira:
a) questões de número 1 a 45, relativas à área de Linguagens, Códigos e suas Tecnologias;
b) Proposta de Redação;
c) questões de número 46 a 90, relativas à área de Ciências Humanas e suas Tecnologias.
ATENÇÃO: as questões de 1 a 5 são relativas à língua estrangeira. Você deverá responder apenas às questões relativas à língua estrangeira (inglês ou espanhol) escolhida no ato de sua inscrição.
2. Confira se a quantidade e a ordem das questões do seu CADERNO DE QUESTÕES estão de acordo com as instruções anteriores. Caso o caderno esteja incompleto, tenha defeito ou apresente qualquer divergência, comunique ao aplicador da sala para que ele tome as providências cabíveis.
3. Para cada uma das questões objetivas, são apresentadas 5 opções. Apenas uma responde corretamente à questão.
4. O tempo disponível para estas provas é de cinco horas e trinta minutos.
5. Reserve tempo suficiente para preencher o CARTÃO-RESPOSTA e a FOLHA DE REDAÇÃO.
6. Os rascunhos e as marcações assinaladas no CADERNO DE QUESTÕES não serão considerados na avaliação.
7. Somente serão corrigidas as redações transcritas na FOLHA DE REDAÇÃO.
8. Quando terminar as provas, acene para chamar o aplicador e entregue este CADERNO DE QUESTÕES, o CARTÃO-RESPOSTA/FOLHA DE REDAÇÃO.
9. Você poderá deixar o local de prova somente após decorridas duas horas do início da aplicação e poderá levar seu CADERNO DE QUESTÕES ao deixar em definitivo a sala de prova nos 30 minutos que antecedem o término das provas.
LINGUAGENS, CÓDIGOS E SUAS TECNOLOGIAS
Questões de 1 a 45
Questões de 1 a 5 (opção inglês)",NA,"Sinal fechado
Paulinho da Viola
Olá, como vai?
Eu vou indo e você, tudo bem?
Tudo bem, eu vou indo, correndo
Pegar meu lugar no futuro, e você?
Tudo bem, eu vou indo em busca
De um sono tranquilo, quem sabe?
Quanto tempo...
Pois é, quanto tempo...
Me perdoe a pressa
É a alma dos nossos negócios...
Oh, não tem de que
Eu também só ando a cem
Quando é que você telefona?
Precisamos nos ver por aí
Pra semana, prometo,
Talvez nos vejamos, quem sabe?
Quanto tempo...
Pois é, quanto tempo...
Tanta coisa que eu tinha a dizer
Mas eu sumi na poeira das ruas
Eu também tenho algo a dizer
Mas me foge a lembrança
Por favor, telefone, eu preciso beber
Alguma coisa rapidamente
Pra semana...
O sinal ...
Eu procuro você...
Vai abrir! Vai abrir!
Prometo, não esqueço
Por favor, não esqueça
Não esqueço, não esqueço
Adeus...
A letra da canção apresenta a permanência de uma situação da vida cotidiana ao destacar a","D","diminuição do comportamento competitivo.",0,NA,NA,NA,NA,"Portuguese","A"
"enem_2025_1mil_ch","enem_2025_1mil_ch_1",111927,"ENEM 2025 - CH","Exame Nacional do Ensino Médio
ENEM 2025
Prova de Linguagens, Códigos e suas Tecnologias e Redação
Prova de Ciências Humanas e suas Tecnologias
1º dia
Caderno 9 – Laranja
INEP
Ministério da Educação
ATENÇÃO: transcreva no espaço apropriado do seu CARTÃO-RESPOSTA, com sua caligrafia usual, considerando as letras maiúsculas e minúsculas, a seguinte frase:
Cada pessoa deve trabalhar para o seu aperfeiçoamento
LEIA ATENTAMENTE AS INSTRUÇÕES SEGUINTES:
1. Este CADERNO DE QUESTÕES contém 90 questões numeradas de 1 a 90 e a Proposta de Redação, dispostas da seguinte maneira:
a) questões de número 1 a 45, relativas à área de Linguagens, Códigos e suas Tecnologias;
b) Proposta de Redação;
c) questões de número 46 a 90, relativas à área de Ciências Humanas e suas Tecnologias.
ATENÇÃO: as questões de 1 a 5 são relativas à língua estrangeira. Você deverá responder apenas às questões relativas à língua estrangeira (inglês ou espanhol) escolhida no ato de sua inscrição.
2. Confira se a quantidade e a ordem das questões do seu CADERNO DE QUESTÕES estão de acordo com as instruções anteriores. Caso o caderno esteja incompleto, tenha defeito ou apresente qualquer divergência, comunique ao aplicador da sala para que ele tome as providências cabíveis.
3. Para cada uma das questões objetivas, são apresentadas 5 opções. Apenas uma responde corretamente à questão.
4. O tempo disponível para estas provas é de cinco horas e trinta minutos.
5. Reserve tempo suficiente para preencher o CARTÃO-RESPOSTA e a FOLHA DE REDAÇÃO.
6. Os rascunhos e as marcações assinaladas no CADERNO DE QUESTÕES não serão considerados na avaliação.
7. Somente serão corrigidas as redações transcritas na FOLHA DE REDAÇÃO.
8. Quando terminar as provas, acene para chamar o aplicador e entregue este CADERNO DE QUESTÕES, o CARTÃO-RESPOSTA/FOLHA DE REDAÇÃO.
9. Você poderá deixar o local de prova somente após decorridas duas horas do início da aplicação e poderá levar seu CADERNO DE QUESTÕES ao deixar em definitivo a sala de prova nos 30 minutos que antecedem o término das provas.
LINGUAGENS, CÓDIGOS E SUAS TECNOLOGIAS
Questões de 1 a 45
Questões de 1 a 5 (opção inglês)",NA,"Sinal fechado
Paulinho da Viola
Olá, como vai?
Eu vou indo e você, tudo bem?
Tudo bem, eu vou indo, correndo
Pegar meu lugar no futuro, e você?
Tudo bem, eu vou indo em busca
De um sono tranquilo, quem sabe?
Quanto tempo...
Pois é, quanto tempo...
Me perdoe a pressa
É a alma dos nossos negócios...
Oh, não tem de que
Eu também só ando a cem
Quando é que você telefona?
Precisamos nos ver por aí
Pra semana, prometo,
Talvez nos vejamos, quem sabe?
Quanto tempo...
Pois é, quanto tempo...
Tanta coisa que eu tinha a dizer
Mas eu sumi na poeira das ruas
Eu também tenho algo a dizer
Mas me foge a lembrança
Por favor, telefone, eu preciso beber
Alguma coisa rapidamente
Pra semana...
O sinal ...
Eu procuro você...
Vai abrir! Vai abrir!
Prometo, não esqueço
Por favor, não esqueça
Não esqueço, não esqueço
Adeus...
A letra da canção apresenta a permanência de uma situação da vida cotidiana ao destacar a","D","importância da memória coletiva.",0,NA,NA,NA,NA,"Portuguese","B"
"enem_2025_1mil_ch","enem_2025_1mil_ch_1",111927,"ENEM 2025 - CH","Exame Nacional do Ensino Médio
ENEM 2025
Prova de Linguagens, Códigos e suas Tecnologias e Redação
Prova de Ciências Humanas e suas Tecnologias
1º dia
Caderno 9 – Laranja
INEP
Ministério da Educação
ATENÇÃO: transcreva no espaço apropriado do seu CARTÃO-RESPOSTA, com sua caligrafia usual, considerando as letras maiúsculas e minúsculas, a seguinte frase:
Cada pessoa deve trabalhar para o seu aperfeiçoamento
LEIA ATENTAMENTE AS INSTRUÇÕES SEGUINTES:
1. Este CADERNO DE QUESTÕES contém 90 questões numeradas de 1 a 90 e a Proposta de Redação, dispostas da seguinte maneira:
a) questões de número 1 a 45, relativas à área de Linguagens, Códigos e suas Tecnologias;
b) Proposta de Redação;
c) questões de número 46 a 90, relativas à área de Ciências Humanas e suas Tecnologias.
ATENÇÃO: as questões de 1 a 5 são relativas à língua estrangeira. Você deverá responder apenas às questões relativas à língua estrangeira (inglês ou espanhol) escolhida no ato de sua inscrição.
2. Confira se a quantidade e a ordem das questões do seu CADERNO DE QUESTÕES estão de acordo com as instruções anteriores. Caso o caderno esteja incompleto, tenha defeito ou apresente qualquer divergência, comunique ao aplicador da sala para que ele tome as providências cabíveis.
3. Para cada uma das questões objetivas, são apresentadas 5 opções. Apenas uma responde corretamente à questão.
4. O tempo disponível para estas provas é de cinco horas e trinta minutos.
5. Reserve tempo suficiente para preencher o CARTÃO-RESPOSTA e a FOLHA DE REDAÇÃO.
6. Os rascunhos e as marcações assinaladas no CADERNO DE QUESTÕES não serão considerados na avaliação.
7. Somente serão corrigidas as redações transcritas na FOLHA DE REDAÇÃO.
8. Quando terminar as provas, acene para chamar o aplicador e entregue este CADERNO DE QUESTÕES, o CARTÃO-RESPOSTA/FOLHA DE REDAÇÃO.
9. Você poderá deixar o local de prova somente após decorridas duas horas do início da aplicação e poderá levar seu CADERNO DE QUESTÕES ao deixar em definitivo a sala de prova nos 30 minutos que antecedem o término das provas.
LINGUAGENS, CÓDIGOS E SUAS TECNOLOGIAS
Questões de 1 a 45
Questões de 1 a 5 (opção inglês)",NA,"Sinal fechado
Paulinho da Viola
Olá, como vai?
Eu vou indo e você, tudo bem?
Tudo bem, eu vou indo, correndo
Pegar meu lugar no futuro, e você?
Tudo bem, eu vou indo em busca
De um sono tranquilo, quem sabe?
Quanto tempo...
Pois é, quanto tempo...
Me perdoe a pressa
É a alma dos nossos negócios...
Oh, não tem de que
Eu também só ando a cem
Quando é que você telefona?
Precisamos nos ver por aí
Pra semana, prometo,
Talvez nos vejamos, quem sabe?
Quanto tempo...
Pois é, quanto tempo...
Tanta coisa que eu tinha a dizer
Mas eu sumi na poeira das ruas
Eu também tenho algo a dizer
Mas me foge a lembrança
Por favor, telefone, eu preciso beber
Alguma coisa rapidamente
Pra semana...
O sinal ...
Eu procuro você...
Vai abrir! Vai abrir!
Prometo, não esqueço
Por favor, não esqueça
Não esqueço, não esqueço
Adeus...
A letra da canção apresenta a permanência de uma situação da vida cotidiana ao destacar a","D","redução da mobilidade urbana.",0,NA,NA,NA,NA,"Portuguese","C"
"enem_2025_1mil_ch","enem_2025_1mil_ch_1",111927,"ENEM 2025 - CH","Exame Nacional do Ensino Médio
ENEM 2025
Prova de Linguagens, Códigos e suas Tecnologias e Redação
Prova de Ciências Humanas e suas Tecnologias
1º dia
Caderno 9 – Laranja
INEP
Ministério da Educação
ATENÇÃO: transcreva no espaço apropriado do seu CARTÃO-RESPOSTA, com sua caligrafia usual, considerando as letras maiúsculas e minúsculas, a seguinte frase:
Cada pessoa deve trabalhar para o seu aperfeiçoamento
LEIA ATENTAMENTE AS INSTRUÇÕES SEGUINTES:
1. Este CADERNO DE QUESTÕES contém 90 questões numeradas de 1 a 90 e a Proposta de Redação, dispostas da seguinte maneira:
a) questões de número 1 a 45, relativas à área de Linguagens, Códigos e suas Tecnologias;
b) Proposta de Redação;
c) questões de número 46 a 90, relativas à área de Ciências Humanas e suas Tecnologias.
ATENÇÃO: as questões de 1 a 5 são relativas à língua estrangeira. Você deverá responder apenas às questões relativas à língua estrangeira (inglês ou espanhol) escolhida no ato de sua inscrição.
2. Confira se a quantidade e a ordem das questões do seu CADERNO DE QUESTÕES estão de acordo com as instruções anteriores. Caso o caderno esteja incompleto, tenha defeito ou apresente qualquer divergência, comunique ao aplicador da sala para que ele tome as providências cabíveis.
3. Para cada uma das questões objetivas, são apresentadas 5 opções. Apenas uma responde corretamente à questão.
4. O tempo disponível para estas provas é de cinco horas e trinta minutos.
5. Reserve tempo suficiente para preencher o CARTÃO-RESPOSTA e a FOLHA DE REDAÇÃO.
6. Os rascunhos e as marcações assinaladas no CADERNO DE QUESTÕES não serão considerados na avaliação.
7. Somente serão corrigidas as redações transcritas na FOLHA DE REDAÇÃO.
8. Quando terminar as provas, acene para chamar o aplicador e entregue este CADERNO DE QUESTÕES, o CARTÃO-RESPOSTA/FOLHA DE REDAÇÃO.
9. Você poderá deixar o local de prova somente após decorridas duas horas do início da aplicação e poderá levar seu CADERNO DE QUESTÕES ao deixar em definitivo a sala de prova nos 30 minutos que antecedem o término das provas.
LINGUAGENS, CÓDIGOS E SUAS TECNOLOGIAS
Questões de 1 a 45
Questões de 1 a 5 (opção inglês)",NA,"Sinal fechado
Paulinho da Viola
Olá, como vai?
Eu vou indo e você, tudo bem?
Tudo bem, eu vou indo, correndo
Pegar meu lugar no futuro, e você?
Tudo bem, eu vou indo em busca
De um sono tranquilo, quem sabe?
Quanto tempo...
Pois é, quanto tempo...
Me perdoe a pressa
É a alma dos nossos negócios...
Oh, não tem de que
Eu também só ando a cem
Quando é que você telefona?
Precisamos nos ver por aí
Pra semana, prometo,
Talvez nos vejamos, quem sabe?
Quanto tempo...
Pois é, quanto tempo...
Tanta coisa que eu tinha a dizer
Mas eu sumi na poeira das ruas
Eu também tenho algo a dizer
Mas me foge a lembrança
Por favor, telefone, eu preciso beber
Alguma coisa rapidamente
Pra semana...
O sinal ...
Eu procuro você...
Vai abrir! Vai abrir!
Prometo, não esqueço
Por favor, não esqueça
Não esqueço, não esqueço
Adeus...
A letra da canção apresenta a permanência de uma situação da vida cotidiana ao destacar a","D","efemeridade dos vínculos de afetividade.",1,NA,NA,NA,NA,"Portuguese","D"
"enem_2025_1mil_ch","enem_2025_1mil_ch_1",111927,"ENEM 2025 - CH","Exame Nacional do Ensino Médio
ENEM 2025
Prova de Linguagens, Códigos e suas Tecnologias e Redação
Prova de Ciências Humanas e suas Tecnologias
1º dia
Caderno 9 – Laranja
INEP
Ministério da Educação
ATENÇÃO: transcreva no espaço apropriado do seu CARTÃO-RESPOSTA, com sua caligrafia usual, considerando as letras maiúsculas e minúsculas, a seguinte frase:
Cada pessoa deve trabalhar para o seu aperfeiçoamento
LEIA ATENTAMENTE AS INSTRUÇÕES SEGUINTES:
1. Este CADERNO DE QUESTÕES contém 90 questões numeradas de 1 a 90 e a Proposta de Redação, dispostas da seguinte maneira:
a) questões de número 1 a 45, relativas à área de Linguagens, Códigos e suas Tecnologias;
b) Proposta de Redação;
c) questões de número 46 a 90, relativas à área de Ciências Humanas e suas Tecnologias.
ATENÇÃO: as questões de 1 a 5 são relativas à língua estrangeira. Você deverá responder apenas às questões relativas à língua estrangeira (inglês ou espanhol) escolhida no ato de sua inscrição.
2. Confira se a quantidade e a ordem das questões do seu CADERNO DE QUESTÕES estão de acordo com as instruções anteriores. Caso o caderno esteja incompleto, tenha defeito ou apresente qualquer divergência, comunique ao aplicador da sala para que ele tome as providências cabíveis.
3. Para cada uma das questões objetivas, são apresentadas 5 opções. Apenas uma responde corretamente à questão.
4. O tempo disponível para estas provas é de cinco horas e trinta minutos.
5. Reserve tempo suficiente para preencher o CARTÃO-RESPOSTA e a FOLHA DE REDAÇÃO.
6. Os rascunhos e as marcações assinaladas no CADERNO DE QUESTÕES não serão considerados na avaliação.
7. Somente serão corrigidas as redações transcritas na FOLHA DE REDAÇÃO.
8. Quando terminar as provas, acene para chamar o aplicador e entregue este CADERNO DE QUESTÕES, o CARTÃO-RESPOSTA/FOLHA DE REDAÇÃO.
9. Você poderá deixar o local de prova somente após decorridas duas horas do início da aplicação e poderá levar seu CADERNO DE QUESTÕES ao deixar em definitivo a sala de prova nos 30 minutos que antecedem o término das provas.
LINGUAGENS, CÓDIGOS E SUAS TECNOLOGIAS
Questões de 1 a 45
Questões de 1 a 5 (opção inglês)",NA,"Sinal fechado
Paulinho da Viola
Olá, como vai?
Eu vou indo e você, tudo bem?
Tudo bem, eu vou indo, correndo
Pegar meu lugar no futuro, e você?
Tudo bem, eu vou indo em busca
De um sono tranquilo, quem sabe?
Quanto tempo...
Pois é, quanto tempo...
Me perdoe a pressa
É a alma dos nossos negócios...
Oh, não tem de que
Eu também só ando a cem
Quando é que você telefona?
Precisamos nos ver por aí
Pra semana, prometo,
Talvez nos vejamos, quem sabe?
Quanto tempo...
Pois é, quanto tempo...
Tanta coisa que eu tinha a dizer
Mas eu sumi na poeira das ruas
Eu também tenho algo a dizer
Mas me foge a lembrança
Por favor, telefone, eu preciso beber
Alguma coisa rapidamente
Pra semana...
O sinal ...
Eu procuro você...
Vai abrir! Vai abrir!
Prometo, não esqueço
Por favor, não esqueça
Não esqueço, não esqueço
Adeus...
A letra da canção apresenta a permanência de uma situação da vida cotidiana ao destacar a","D","obsolescência dos meios de comunicação.",0,NA,NA,NA,NA,"Portuguese","E"
"enem_2025_1mil_ch","enem_2025_1mil_ch_1",56368,"ENEM 2025 - CH","Exame Nacional do Ensino Médio
ENEM 2025
Prova de Linguagens, Códigos e suas Tecnologias e Redação
Prova de Ciências Humanas e suas Tecnologias
1º dia
Caderno 9 – Laranja
INEP
Ministério da Educação
ATENÇÃO: transcreva no espaço apropriado do seu CARTÃO-RESPOSTA, com sua caligrafia usual, considerando as letras maiúsculas e minúsculas, a seguinte frase:
Cada pessoa deve trabalhar para o seu aperfeiçoamento
LEIA ATENTAMENTE AS INSTRUÇÕES SEGUINTES:
1. Este CADERNO DE QUESTÕES contém 90 questões numeradas de 1 a 90 e a Proposta de Redação, dispostas da seguinte maneira:
a) questões de número 1 a 45, relativas à área de Linguagens, Códigos e suas Tecnologias;
b) Proposta de Redação;
c) questões de número 46 a 90, relativas à área de Ciências Humanas e suas Tecnologias.
ATENÇÃO: as questões de 1 a 5 são relativas à língua estrangeira. Você deverá responder apenas às questões relativas à língua estrangeira (inglês ou espanhol) escolhida no ato de sua inscrição.
2. Confira se a quantidade e a ordem das questões do seu CADERNO DE QUESTÕES estão de acordo com as instruções anteriores. Caso o caderno esteja incompleto, tenha defeito ou apresente qualquer divergência, comunique ao aplicador da sala para que ele tome as providências cabíveis.
3. Para cada uma das questões objetivas, são apresentadas 5 opções. Apenas uma responde corretamente à questão.
4. O tempo disponível para estas provas é de cinco horas e trinta minutos.
5. Reserve tempo suficiente para preencher o CARTÃO-RESPOSTA e a FOLHA DE REDAÇÃO.
6. Os rascunhos e as marcações assinaladas no CADERNO DE QUESTÕES não serão considerados na avaliação.
7. Somente serão corrigidas as redações transcritas na FOLHA DE REDAÇÃO.
8. Quando terminar as provas, acene para chamar o aplicador e entregue este CADERNO DE QUESTÕES, o CARTÃO-RESPOSTA/FOLHA DE REDAÇÃO.
9. Você poderá deixar o local de prova somente após decorridas duas horas do início da aplicação e poderá levar seu CADERNO DE QUESTÕES ao deixar em definitivo a sala de prova nos 30 minutos que antecedem o término das provas.
LINGUAGENS, CÓDIGOS E SUAS TECNOLOGIAS
Questões de 1 a 45
Questões de 1 a 5 (opção inglês)",NA,"Nos Estados Unidos, um hotel perto de um parque foi engolido por uma enorme cratera. E não é a primeira vez que esse tipo de incidente acontece na Flórida. Em minutos, uma ala inteira do hotel era engolida pela cratera de 30 metros de diâmetro e cinco de profundidade. O diretor do resort em Clermont, perto dos parques temáticos da Flórida, diz que o prédio tinha 15 anos, e que até então o solo nunca havia apresentado problemas. Os afundamentos são um fenômeno comum na Flórida por causa das formações de calcário e argila no subsolo, mas às vezes chuvas fortes, ou a drenagem do solo para construção, acabam contribuindo para o surgimento desses buracos.
A situação de desmoronamento do solo descrita no texto origina-se da","B","cristalização da estrutura geológica.",0,NA,NA,NA,NA,"Portuguese","A"
"enem_2025_1mil_ch","enem_2025_1mil_ch_1",56368,"ENEM 2025 - CH","Exame Nacional do Ensino Médio
ENEM 2025
Prova de Linguagens, Códigos e suas Tecnologias e Redação
Prova de Ciências Humanas e suas Tecnologias
1º dia
Caderno 9 – Laranja
INEP
Ministério da Educação
ATENÇÃO: transcreva no espaço apropriado do seu CARTÃO-RESPOSTA, com sua caligrafia usual, considerando as letras maiúsculas e minúsculas, a seguinte frase:
Cada pessoa deve trabalhar para o seu aperfeiçoamento
LEIA ATENTAMENTE AS INSTRUÇÕES SEGUINTES:
1. Este CADERNO DE QUESTÕES contém 90 questões numeradas de 1 a 90 e a Proposta de Redação, dispostas da seguinte maneira:
a) questões de número 1 a 45, relativas à área de Linguagens, Códigos e suas Tecnologias;
b) Proposta de Redação;
c) questões de número 46 a 90, relativas à área de Ciências Humanas e suas Tecnologias.
ATENÇÃO: as questões de 1 a 5 são relativas à língua estrangeira. Você deverá responder apenas às questões relativas à língua estrangeira (inglês ou espanhol) escolhida no ato de sua inscrição.
2. Confira se a quantidade e a ordem das questões do seu CADERNO DE QUESTÕES estão de acordo com as instruções anteriores. Caso o caderno esteja incompleto, tenha defeito ou apresente qualquer divergência, comunique ao aplicador da sala para que ele tome as providências cabíveis.
3. Para cada uma das questões objetivas, são apresentadas 5 opções. Apenas uma responde corretamente à questão.
4. O tempo disponível para estas provas é de cinco horas e trinta minutos.
5. Reserve tempo suficiente para preencher o CARTÃO-RESPOSTA e a FOLHA DE REDAÇÃO.
6. Os rascunhos e as marcações assinaladas no CADERNO DE QUESTÕES não serão considerados na avaliação.
7. Somente serão corrigidas as redações transcritas na FOLHA DE REDAÇÃO.
8. Quando terminar as provas, acene para chamar o aplicador e entregue este CADERNO DE QUESTÕES, o CARTÃO-RESPOSTA/FOLHA DE REDAÇÃO.
9. Você poderá deixar o local de prova somente após decorridas duas horas do início da aplicação e poderá levar seu CADERNO DE QUESTÕES ao deixar em definitivo a sala de prova nos 30 minutos que antecedem o término das provas.
LINGUAGENS, CÓDIGOS E SUAS TECNOLOGIAS
Questões de 1 a 45
Questões de 1 a 5 (opção inglês)",NA,"Nos Estados Unidos, um hotel perto de um parque foi engolido por uma enorme cratera. E não é a primeira vez que esse tipo de incidente acontece na Flórida. Em minutos, uma ala inteira do hotel era engolida pela cratera de 30 metros de diâmetro e cinco de profundidade. O diretor do resort em Clermont, perto dos parques temáticos da Flórida, diz que o prédio tinha 15 anos, e que até então o solo nunca havia apresentado problemas. Os afundamentos são um fenômeno comum na Flórida por causa das formações de calcário e argila no subsolo, mas às vezes chuvas fortes, ou a drenagem do solo para construção, acabam contribuindo para o surgimento desses buracos.
A situação de desmoronamento do solo descrita no texto origina-se da","B","ação do intemperismo químico.",1,NA,NA,NA,NA,"Portuguese","B"
"enem_2025_1mil_ch","enem_2025_1mil_ch_1",56368,"ENEM 2025 - CH","Exame Nacional do Ensino Médio
ENEM 2025
Prova de Linguagens, Códigos e suas Tecnologias e Redação
Prova de Ciências Humanas e suas Tecnologias
1º dia
Caderno 9 – Laranja
INEP
Ministério da Educação
ATENÇÃO: transcreva no espaço apropriado do seu CARTÃO-RESPOSTA, com sua caligrafia usual, considerando as letras maiúsculas e minúsculas, a seguinte frase:
Cada pessoa deve trabalhar para o seu aperfeiçoamento
LEIA ATENTAMENTE AS INSTRUÇÕES SEGUINTES:
1. Este CADERNO DE QUESTÕES contém 90 questões numeradas de 1 a 90 e a Proposta de Redação, dispostas da seguinte maneira:
a) questões de número 1 a 45, relativas à área de Linguagens, Códigos e suas Tecnologias;
b) Proposta de Redação;
c) questões de número 46 a 90, relativas à área de Ciências Humanas e suas Tecnologias.
ATENÇÃO: as questões de 1 a 5 são relativas à língua estrangeira. Você deverá responder apenas às questões relativas à língua estrangeira (inglês ou espanhol) escolhida no ato de sua inscrição.
2. Confira se a quantidade e a ordem das questões do seu CADERNO DE QUESTÕES estão de acordo com as instruções anteriores. Caso o caderno esteja incompleto, tenha defeito ou apresente qualquer divergência, comunique ao aplicador da sala para que ele tome as providências cabíveis.
3. Para cada uma das questões objetivas, são apresentadas 5 opções. Apenas uma responde corretamente à questão.
4. O tempo disponível para estas provas é de cinco horas e trinta minutos.
5. Reserve tempo suficiente para preencher o CARTÃO-RESPOSTA e a FOLHA DE REDAÇÃO.
6. Os rascunhos e as marcações assinaladas no CADERNO DE QUESTÕES não serão considerados na avaliação.
7. Somente serão corrigidas as redações transcritas na FOLHA DE REDAÇÃO.
8. Quando terminar as provas, acene para chamar o aplicador e entregue este CADERNO DE QUESTÕES, o CARTÃO-RESPOSTA/FOLHA DE REDAÇÃO.
9. Você poderá deixar o local de prova somente após decorridas duas horas do início da aplicação e poderá levar seu CADERNO DE QUESTÕES ao deixar em definitivo a sala de prova nos 30 minutos que antecedem o término das provas.
LINGUAGENS, CÓDIGOS E SUAS TECNOLOGIAS
Questões de 1 a 45
Questões de 1 a 5 (opção inglês)",NA,"Nos Estados Unidos, um hotel perto de um parque foi engolido por uma enorme cratera. E não é a primeira vez que esse tipo de incidente acontece na Flórida. Em minutos, uma ala inteira do hotel era engolida pela cratera de 30 metros de diâmetro e cinco de profundidade. O diretor do resort em Clermont, perto dos parques temáticos da Flórida, diz que o prédio tinha 15 anos, e que até então o solo nunca havia apresentado problemas. Os afundamentos são um fenômeno comum na Flórida por causa das formações de calcário e argila no subsolo, mas às vezes chuvas fortes, ou a drenagem do solo para construção, acabam contribuindo para o surgimento desses buracos.
A situação de desmoronamento do solo descrita no texto origina-se da","B","recomposição da mata ciliar.",0,NA,NA,NA,NA,"Portuguese","C"
"enem_2025_1mil_ch","enem_2025_1mil_ch_1",56368,"ENEM 2025 - CH","Exame Nacional do Ensino Médio
ENEM 2025
Prova de Linguagens, Códigos e suas Tecnologias e Redação
Prova de Ciências Humanas e suas Tecnologias
1º dia
Caderno 9 – Laranja
INEP
Ministério da Educação
ATENÇÃO: transcreva no espaço apropriado do seu CARTÃO-RESPOSTA, com sua caligrafia usual, considerando as letras maiúsculas e minúsculas, a seguinte frase:
Cada pessoa deve trabalhar para o seu aperfeiçoamento
LEIA ATENTAMENTE AS INSTRUÇÕES SEGUINTES:
1. Este CADERNO DE QUESTÕES contém 90 questões numeradas de 1 a 90 e a Proposta de Redação, dispostas da seguinte maneira:
a) questões de número 1 a 45, relativas à área de Linguagens, Códigos e suas Tecnologias;
b) Proposta de Redação;
c) questões de número 46 a 90, relativas à área de Ciências Humanas e suas Tecnologias.
ATENÇÃO: as questões de 1 a 5 são relativas à língua estrangeira. Você deverá responder apenas às questões relativas à língua estrangeira (inglês ou espanhol) escolhida no ato de sua inscrição.
2. Confira se a quantidade e a ordem das questões do seu CADERNO DE QUESTÕES estão de acordo com as instruções anteriores. Caso o caderno esteja incompleto, tenha defeito ou apresente qualquer divergência, comunique ao aplicador da sala para que ele tome as providências cabíveis.
3. Para cada uma das questões objetivas, são apresentadas 5 opções. Apenas uma responde corretamente à questão.
4. O tempo disponível para estas provas é de cinco horas e trinta minutos.
5. Reserve tempo suficiente para preencher o CARTÃO-RESPOSTA e a FOLHA DE REDAÇÃO.
6. Os rascunhos e as marcações assinaladas no CADERNO DE QUESTÕES não serão considerados na avaliação.
7. Somente serão corrigidas as redações transcritas na FOLHA DE REDAÇÃO.
8. Quando terminar as provas, acene para chamar o aplicador e entregue este CADERNO DE QUESTÕES, o CARTÃO-RESPOSTA/FOLHA DE REDAÇÃO.
9. Você poderá deixar o local de prova somente após decorridas duas horas do início da aplicação e poderá levar seu CADERNO DE QUESTÕES ao deixar em definitivo a sala de prova nos 30 minutos que antecedem o término das provas.
LINGUAGENS, CÓDIGOS E SUAS TECNOLOGIAS
Questões de 1 a 45
Questões de 1 a 5 (opção inglês)",NA,"Nos Estados Unidos, um hotel perto de um parque foi engolido por uma enorme cratera. E não é a primeira vez que esse tipo de incidente acontece na Flórida. Em minutos, uma ala inteira do hotel era engolida pela cratera de 30 metros de diâmetro e cinco de profundidade. O diretor do resort em Clermont, perto dos parques temáticos da Flórida, diz que o prédio tinha 15 anos, e que até então o solo nunca havia apresentado problemas. Os afundamentos são um fenômeno comum na Flórida por causa das formações de calcário e argila no subsolo, mas às vezes chuvas fortes, ou a drenagem do solo para construção, acabam contribuindo para o surgimento desses buracos.
A situação de desmoronamento do solo descrita no texto origina-se da","B","acumulação de sedimentos orgânicos.",0,NA,NA,NA,NA,"Portuguese","D"
"enem_2025_1mil_ch","enem_2025_1mil_ch_1",56368,"ENEM 2025 - CH","Exame Nacional do Ensino Médio
ENEM 2025
Prova de Linguagens, Códigos e suas Tecnologias e Redação
Prova de Ciências Humanas e suas Tecnologias
1º dia
Caderno 9 – Laranja
INEP
Ministério da Educação
ATENÇÃO: transcreva no espaço apropriado do seu CARTÃO-RESPOSTA, com sua caligrafia usual, considerando as letras maiúsculas e minúsculas, a seguinte frase:
Cada pessoa deve trabalhar para o seu aperfeiçoamento
LEIA ATENTAMENTE AS INSTRUÇÕES SEGUINTES:
1. Este CADERNO DE QUESTÕES contém 90 questões numeradas de 1 a 90 e a Proposta de Redação, dispostas da seguinte maneira:
a) questões de número 1 a 45, relativas à área de Linguagens, Códigos e suas Tecnologias;
b) Proposta de Redação;
c) questões de número 46 a 90, relativas à área de Ciências Humanas e suas Tecnologias.
ATENÇÃO: as questões de 1 a 5 são relativas à língua estrangeira. Você deverá responder apenas às questões relativas à língua estrangeira (inglês ou espanhol) escolhida no ato de sua inscrição.
2. Confira se a quantidade e a ordem das questões do seu CADERNO DE QUESTÕES estão de acordo com as instruções anteriores. Caso o caderno esteja incompleto, tenha defeito ou apresente qualquer divergência, comunique ao aplicador da sala para que ele tome as providências cabíveis.
3. Para cada uma das questões objetivas, são apresentadas 5 opções. Apenas uma responde corretamente à questão.
4. O tempo disponível para estas provas é de cinco horas e trinta minutos.
5. Reserve tempo suficiente para preencher o CARTÃO-RESPOSTA e a FOLHA DE REDAÇÃO.
6. Os rascunhos e as marcações assinaladas no CADERNO DE QUESTÕES não serão considerados na avaliação.
7. Somente serão corrigidas as redações transcritas na FOLHA DE REDAÇÃO.
8. Quando terminar as provas, acene para chamar o aplicador e entregue este CADERNO DE QUESTÕES, o CARTÃO-RESPOSTA/FOLHA DE REDAÇÃO.
9. Você poderá deixar o local de prova somente após decorridas duas horas do início da aplicação e poderá levar seu CADERNO DE QUESTÕES ao deixar em definitivo a sala de prova nos 30 minutos que antecedem o término das provas.
LINGUAGENS, CÓDIGOS E SUAS TECNOLOGIAS
Questões de 1 a 45
Questões de 1 a 5 (opção inglês)",NA,"Nos Estados Unidos, um hotel perto de um parque foi engolido por uma enorme cratera. E não é a primeira vez que esse tipo de incidente acontece na Flórida. Em minutos, uma ala inteira do hotel era engolida pela cratera de 30 metros de diâmetro e cinco de profundidade. O diretor do resort em Clermont, perto dos parques temáticos da Flórida, diz que o prédio tinha 15 anos, e que até então o solo nunca havia apresentado problemas. Os afundamentos são um fenômeno comum na Flórida por causa das formações de calcário e argila no subsolo, mas às vezes chuvas fortes, ou a drenagem do solo para construção, acabam contribuindo para o surgimento desses buracos.
A situação de desmoronamento do solo descrita no texto origina-se da","B","impermeabilização da superfície ocupada.",0,NA,NA,NA,NA,"Portuguese","E"
"enem_2025_1mil_ch","enem_2025_1mil_ch_1",83900,"ENEM 2025 - CH","Exame Nacional do Ensino Médio
ENEM 2025
Prova de Linguagens, Códigos e suas Tecnologias e Redação
Prova de Ciências Humanas e suas Tecnologias
1º dia
Caderno 9 – Laranja
INEP
Ministério da Educação
ATENÇÃO: transcreva no espaço apropriado do seu CARTÃO-RESPOSTA, com sua caligrafia usual, considerando as letras maiúsculas e minúsculas, a seguinte frase:
Cada pessoa deve trabalhar para o seu aperfeiçoamento
LEIA ATENTAMENTE AS INSTRUÇÕES SEGUINTES:
1. Este CADERNO DE QUESTÕES contém 90 questões numeradas de 1 a 90 e a Proposta de Redação, dispostas da seguinte maneira:
a) questões de número 1 a 45, relativas à área de Linguagens, Códigos e suas Tecnologias;
b) Proposta de Redação;
c) questões de número 46 a 90, relativas à área de Ciências Humanas e suas Tecnologias.
ATENÇÃO: as questões de 1 a 5 são relativas à língua estrangeira. Você deverá responder apenas às questões relativas à língua estrangeira (inglês ou espanhol) escolhida no ato de sua inscrição.
2. Confira se a quantidade e a ordem das questões do seu CADERNO DE QUESTÕES estão de acordo com as instruções anteriores. Caso o caderno esteja incompleto, tenha defeito ou apresente qualquer divergência, comunique ao aplicador da sala para que ele tome as providências cabíveis.
3. Para cada uma das questões objetivas, são apresentadas 5 opções. Apenas uma responde corretamente à questão.
4. O tempo disponível para estas provas é de cinco horas e trinta minutos.
5. Reserve tempo suficiente para preencher o CARTÃO-RESPOSTA e a FOLHA DE REDAÇÃO.
6. Os rascunhos e as marcações assinaladas no CADERNO DE QUESTÕES não serão considerados na avaliação.
7. Somente serão corrigidas as redações transcritas na FOLHA DE REDAÇÃO.
8. Quando terminar as provas, acene para chamar o aplicador e entregue este CADERNO DE QUESTÕES, o CARTÃO-RESPOSTA/FOLHA DE REDAÇÃO.
9. Você poderá deixar o local de prova somente após decorridas duas horas do início da aplicação e poderá levar seu CADERNO DE QUESTÕES ao deixar em definitivo a sala de prova nos 30 minutos que antecedem o término das provas.
LINGUAGENS, CÓDIGOS E SUAS TECNOLOGIAS
Questões de 1 a 45
Questões de 1 a 5 (opção inglês)",NA,"Moradores de Berlim protestaram contra a demolição de um trecho do muro que dividiu a cidade durante quase três décadas. Tratado como patrimônio cultural e histórico da cidade, o East Side Gallery, repleto de grafites emblemáticos, está na mira de uma construtora que pretende levantar um condomínio de luxo às margens do Rio Spree, que corta a cidade.
A demolição do símbolo histórico mencionado representa uma","A","violação da memória coletiva.",1,NA,NA,NA,NA,"Portuguese","A"
"enem_2025_1mil_ch","enem_2025_1mil_ch_1",83900,"ENEM 2025 - CH","Exame Nacional do Ensino Médio
ENEM 2025
Prova de Linguagens, Códigos e suas Tecnologias e Redação
Prova de Ciências Humanas e suas Tecnologias
1º dia
Caderno 9 – Laranja
INEP
Ministério da Educação
ATENÇÃO: transcreva no espaço apropriado do seu CARTÃO-RESPOSTA, com sua caligrafia usual, considerando as letras maiúsculas e minúsculas, a seguinte frase:
Cada pessoa deve trabalhar para o seu aperfeiçoamento
LEIA ATENTAMENTE AS INSTRUÇÕES SEGUINTES:
1. Este CADERNO DE QUESTÕES contém 90 questões numeradas de 1 a 90 e a Proposta de Redação, dispostas da seguinte maneira:
a) questões de número 1 a 45, relativas à área de Linguagens, Códigos e suas Tecnologias;
b) Proposta de Redação;
c) questões de número 46 a 90, relativas à área de Ciências Humanas e suas Tecnologias.
ATENÇÃO: as questões de 1 a 5 são relativas à língua estrangeira. Você deverá responder apenas às questões relativas à língua estrangeira (inglês ou espanhol) escolhida no ato de sua inscrição.
2. Confira se a quantidade e a ordem das questões do seu CADERNO DE QUESTÕES estão de acordo com as instruções anteriores. Caso o caderno esteja incompleto, tenha defeito ou apresente qualquer divergência, comunique ao aplicador da sala para que ele tome as providências cabíveis.
3. Para cada uma das questões objetivas, são apresentadas 5 opções. Apenas uma responde corretamente à questão.
4. O tempo disponível para estas provas é de cinco horas e trinta minutos.
5. Reserve tempo suficiente para preencher o CARTÃO-RESPOSTA e a FOLHA DE REDAÇÃO.
6. Os rascunhos e as marcações assinaladas no CADERNO DE QUESTÕES não serão considerados na avaliação.
7. Somente serão corrigidas as redações transcritas na FOLHA DE REDAÇÃO.
8. Quando terminar as provas, acene para chamar o aplicador e entregue este CADERNO DE QUESTÕES, o CARTÃO-RESPOSTA/FOLHA DE REDAÇÃO.
9. Você poderá deixar o local de prova somente após decorridas duas horas do início da aplicação e poderá levar seu CADERNO DE QUESTÕES ao deixar em definitivo a sala de prova nos 30 minutos que antecedem o término das provas.
LINGUAGENS, CÓDIGOS E SUAS TECNOLOGIAS
Questões de 1 a 45
Questões de 1 a 5 (opção inglês)",NA,"Moradores de Berlim protestaram contra a demolição de um trecho do muro que dividiu a cidade durante quase três décadas. Tratado como patrimônio cultural e histórico da cidade, o East Side Gallery, repleto de grafites emblemáticos, está na mira de uma construtora que pretende levantar um condomínio de luxo às margens do Rio Spree, que corta a cidade.
A demolição do símbolo histórico mencionado representa uma","A","alteração das fronteiras políticas.",0,NA,NA,NA,NA,"Portuguese","B"
"enem_2025_1mil_ch","enem_2025_1mil_ch_1",83900,"ENEM 2025 - CH","Exame Nacional do Ensino Médio
ENEM 2025
Prova de Linguagens, Códigos e suas Tecnologias e Redação
Prova de Ciências Humanas e suas Tecnologias
1º dia
Caderno 9 – Laranja
INEP
Ministério da Educação
ATENÇÃO: transcreva no espaço apropriado do seu CARTÃO-RESPOSTA, com sua caligrafia usual, considerando as letras maiúsculas e minúsculas, a seguinte frase:
Cada pessoa deve trabalhar para o seu aperfeiçoamento
LEIA ATENTAMENTE AS INSTRUÇÕES SEGUINTES:
1. Este CADERNO DE QUESTÕES contém 90 questões numeradas de 1 a 90 e a Proposta de Redação, dispostas da seguinte maneira:
a) questões de número 1 a 45, relativas à área de Linguagens, Códigos e suas Tecnologias;
b) Proposta de Redação;
c) questões de número 46 a 90, relativas à área de Ciências Humanas e suas Tecnologias.
ATENÇÃO: as questões de 1 a 5 são relativas à língua estrangeira. Você deverá responder apenas às questões relativas à língua estrangeira (inglês ou espanhol) escolhida no ato de sua inscrição.
2. Confira se a quantidade e a ordem das questões do seu CADERNO DE QUESTÕES estão de acordo com as instruções anteriores. Caso o caderno esteja incompleto, tenha defeito ou apresente qualquer divergência, comunique ao aplicador da sala para que ele tome as providências cabíveis.
3. Para cada uma das questões objetivas, são apresentadas 5 opções. Apenas uma responde corretamente à questão.
4. O tempo disponível para estas provas é de cinco horas e trinta minutos.
5. Reserve tempo suficiente para preencher o CARTÃO-RESPOSTA e a FOLHA DE REDAÇÃO.
6. Os rascunhos e as marcações assinaladas no CADERNO DE QUESTÕES não serão considerados na avaliação.
7. Somente serão corrigidas as redações transcritas na FOLHA DE REDAÇÃO.
8. Quando terminar as provas, acene para chamar o aplicador e entregue este CADERNO DE QUESTÕES, o CARTÃO-RESPOSTA/FOLHA DE REDAÇÃO.
9. Você poderá deixar o local de prova somente após decorridas duas horas do início da aplicação e poderá levar seu CADERNO DE QUESTÕES ao deixar em definitivo a sala de prova nos 30 minutos que antecedem o término das provas.
LINGUAGENS, CÓDIGOS E SUAS TECNOLOGIAS
Questões de 1 a 45
Questões de 1 a 5 (opção inglês)",NA,"Moradores de Berlim protestaram contra a demolição de um trecho do muro que dividiu a cidade durante quase três décadas. Tratado como patrimônio cultural e histórico da cidade, o East Side Gallery, repleto de grafites emblemáticos, está na mira de uma construtora que pretende levantar um condomínio de luxo às margens do Rio Spree, que corta a cidade.
A demolição do símbolo histórico mencionado representa uma","A","adesão à arquitetura neoclássica.",0,NA,NA,NA,NA,"Portuguese","C"
"enem_2025_1mil_ch","enem_2025_1mil_ch_1",83900,"ENEM 2025 - CH","Exame Nacional do Ensino Médio
ENEM 2025
Prova de Linguagens, Códigos e suas Tecnologias e Redação
Prova de Ciências Humanas e suas Tecnologias
1º dia
Caderno 9 – Laranja
INEP
Ministério da Educação
ATENÇÃO: transcreva no espaço apropriado do seu CARTÃO-RESPOSTA, com sua caligrafia usual, considerando as letras maiúsculas e minúsculas, a seguinte frase:
Cada pessoa deve trabalhar para o seu aperfeiçoamento
LEIA ATENTAMENTE AS INSTRUÇÕES SEGUINTES:
1. Este CADERNO DE QUESTÕES contém 90 questões numeradas de 1 a 90 e a Proposta de Redação, dispostas da seguinte maneira:
a) questões de número 1 a 45, relativas à área de Linguagens, Códigos e suas Tecnologias;
b) Proposta de Redação;
c) questões de número 46 a 90, relativas à área de Ciências Humanas e suas Tecnologias.
ATENÇÃO: as questões de 1 a 5 são relativas à língua estrangeira. Você deverá responder apenas às questões relativas à língua estrangeira (inglês ou espanhol) escolhida no ato de sua inscrição.
2. Confira se a quantidade e a ordem das questões do seu CADERNO DE QUESTÕES estão de acordo com as instruções anteriores. Caso o caderno esteja incompleto, tenha defeito ou apresente qualquer divergência, comunique ao aplicador da sala para que ele tome as providências cabíveis.
3. Para cada uma das questões objetivas, são apresentadas 5 opções. Apenas uma responde corretamente à questão.
4. O tempo disponível para estas provas é de cinco horas e trinta minutos.
5. Reserve tempo suficiente para preencher o CARTÃO-RESPOSTA e a FOLHA DE REDAÇÃO.
6. Os rascunhos e as marcações assinaladas no CADERNO DE QUESTÕES não serão considerados na avaliação.
7. Somente serão corrigidas as redações transcritas na FOLHA DE REDAÇÃO.
8. Quando terminar as provas, acene para chamar o aplicador e entregue este CADERNO DE QUESTÕES, o CARTÃO-RESPOSTA/FOLHA DE REDAÇÃO.
9. Você poderá deixar o local de prova somente após decorridas duas horas do início da aplicação e poderá levar seu CADERNO DE QUESTÕES ao deixar em definitivo a sala de prova nos 30 minutos que antecedem o término das provas.
LINGUAGENS, CÓDIGOS E SUAS TECNOLOGIAS
Questões de 1 a 45
Questões de 1 a 5 (opção inglês)",NA,"Moradores de Berlim protestaram contra a demolição de um trecho do muro que dividiu a cidade durante quase três décadas. Tratado como patrimônio cultural e histórico da cidade, o East Side Gallery, repleto de grafites emblemáticos, está na mira de uma construtora que pretende levantar um condomínio de luxo às margens do Rio Spree, que corta a cidade.
A demolição do símbolo histórico mencionado representa uma","A","negação das influências orientais.",0,NA,NA,NA,NA,"Portuguese","D"
"enem_2025_1mil_ch","enem_2025_1mil_ch_1",83900,"ENEM 2025 - CH","Exame Nacional do Ensino Médio
ENEM 2025
Prova de Linguagens, Códigos e suas Tecnologias e Redação
Prova de Ciências Humanas e suas Tecnologias
1º dia
Caderno 9 – Laranja
INEP
Ministério da Educação
ATENÇÃO: transcreva no espaço apropriado do seu CARTÃO-RESPOSTA, com sua caligrafia usual, considerando as letras maiúsculas e minúsculas, a seguinte frase:
Cada pessoa deve trabalhar para o seu aperfeiçoamento
LEIA ATENTAMENTE AS INSTRUÇÕES SEGUINTES:
1. Este CADERNO DE QUESTÕES contém 90 questões numeradas de 1 a 90 e a Proposta de Redação, dispostas da seguinte maneira:
a) questões de número 1 a 45, relativas à área de Linguagens, Códigos e suas Tecnologias;
b) Proposta de Redação;
c) questões de número 46 a 90, relativas à área de Ciências Humanas e suas Tecnologias.
ATENÇÃO: as questões de 1 a 5 são relativas à língua estrangeira. Você deverá responder apenas às questões relativas à língua estrangeira (inglês ou espanhol) escolhida no ato de sua inscrição.
2. Confira se a quantidade e a ordem das questões do seu CADERNO DE QUESTÕES estão de acordo com as instruções anteriores. Caso o caderno esteja incompleto, tenha defeito ou apresente qualquer divergência, comunique ao aplicador da sala para que ele tome as providências cabíveis.
3. Para cada uma das questões objetivas, são apresentadas 5 opções. Apenas uma responde corretamente à questão.
4. O tempo disponível para estas provas é de cinco horas e trinta minutos.
5. Reserve tempo suficiente para preencher o CARTÃO-RESPOSTA e a FOLHA DE REDAÇÃO.
6. Os rascunhos e as marcações assinaladas no CADERNO DE QUESTÕES não serão considerados na avaliação.
7. Somente serão corrigidas as redações transcritas na FOLHA DE REDAÇÃO.
8. Quando terminar as provas, acene para chamar o aplicador e entregue este CADERNO DE QUESTÕES, o CARTÃO-RESPOSTA/FOLHA DE REDAÇÃO.
9. Você poderá deixar o local de prova somente após decorridas duas horas do início da aplicação e poderá levar seu CADERNO DE QUESTÕES ao deixar em definitivo a sala de prova nos 30 minutos que antecedem o término das provas.
LINGUAGENS, CÓDIGOS E SUAS TECNOLOGIAS
Questões de 1 a 45
Questões de 1 a 5 (opção inglês)",NA,"Moradores de Berlim protestaram contra a demolição de um trecho do muro que dividiu a cidade durante quase três décadas. Tratado como patrimônio cultural e histórico da cidade, o East Side Gallery, repleto de grafites emblemáticos, está na mira de uma construtora que pretende levantar um condomínio de luxo às margens do Rio Spree, que corta a cidade.
A demolição do símbolo histórico mencionado representa uma","A","reorganização da mobilidade urbana.",0,NA,NA,NA,NA,"Portuguese","E"
"enem_2025_1mil_ch","enem_2025_1mil_ch_1",84812,"ENEM 2025 - CH","Exame Nacional do Ensino Médio
ENEM 2025
Prova de Linguagens, Códigos e suas Tecnologias e Redação
Prova de Ciências Humanas e suas Tecnologias
1º dia
Caderno 9 – Laranja
INEP
Ministério da Educação
ATENÇÃO: transcreva no espaço apropriado do seu CARTÃO-RESPOSTA, com sua caligrafia usual, considerando as letras maiúsculas e minúsculas, a seguinte frase:
Cada pessoa deve trabalhar para o seu aperfeiçoamento
LEIA ATENTAMENTE AS INSTRUÇÕES SEGUINTES:
1. Este CADERNO DE QUESTÕES contém 90 questões numeradas de 1 a 90 e a Proposta de Redação, dispostas da seguinte maneira:
a) questões de número 1 a 45, relativas à área de Linguagens, Códigos e suas Tecnologias;
b) Proposta de Redação;
c) questões de número 46 a 90, relativas à área de Ciências Humanas e suas Tecnologias.
ATENÇÃO: as questões de 1 a 5 são relativas à língua estrangeira. Você deverá responder apenas às questões relativas à língua estrangeira (inglês ou espanhol) escolhida no ato de sua inscrição.
2. Confira se a quantidade e a ordem das questões do seu CADERNO DE QUESTÕES estão de acordo com as instruções anteriores. Caso o caderno esteja incompleto, tenha defeito ou apresente qualquer divergência, comunique ao aplicador da sala para que ele tome as providências cabíveis.
3. Para cada uma das questões objetivas, são apresentadas 5 opções. Apenas uma responde corretamente à questão.
4. O tempo disponível para estas provas é de cinco horas e trinta minutos.
5. Reserve tempo suficiente para preencher o CARTÃO-RESPOSTA e a FOLHA DE REDAÇÃO.
6. Os rascunhos e as marcações assinaladas no CADERNO DE QUESTÕES não serão considerados na avaliação.
7. Somente serão corrigidas as redações transcritas na FOLHA DE REDAÇÃO.
8. Quando terminar as provas, acene para chamar o aplicador e entregue este CADERNO DE QUESTÕES, o CARTÃO-RESPOSTA/FOLHA DE REDAÇÃO.
9. Você poderá deixar o local de prova somente após decorridas duas horas do início da aplicação e poderá levar seu CADERNO DE QUESTÕES ao deixar em definitivo a sala de prova nos 30 minutos que antecedem o término das provas.
LINGUAGENS, CÓDIGOS E SUAS TECNOLOGIAS
Questões de 1 a 45
Questões de 1 a 5 (opção inglês)",NA,"TEXTO 1
Pré-socráticos (Fragmento B10)
Em conjunto: todo e não todo, unido e separado, em consonância e em dissonância. De todos um e de um todos.
TEXTO 2
Pré-socráticos (Fragmento B67)
Deus é dia-noite, inverno-verão, guerra-paz, saciedade-fome.
A característica do pensamento do filósofo Heráclito, registrada nos fragmentos mencionados, é a ênfase na","D","qualidade imperecível do mundo.",0,NA,NA,NA,NA,"Portuguese","A"
"enem_2025_1mil_ch","enem_2025_1mil_ch_1",84812,"ENEM 2025 - CH","Exame Nacional do Ensino Médio
ENEM 2025
Prova de Linguagens, Códigos e suas Tecnologias e Redação
Prova de Ciências Humanas e suas Tecnologias
1º dia
Caderno 9 – Laranja
INEP
Ministério da Educação
ATENÇÃO: transcreva no espaço apropriado do seu CARTÃO-RESPOSTA, com sua caligrafia usual, considerando as letras maiúsculas e minúsculas, a seguinte frase:
Cada pessoa deve trabalhar para o seu aperfeiçoamento
LEIA ATENTAMENTE AS INSTRUÇÕES SEGUINTES:
1. Este CADERNO DE QUESTÕES contém 90 questões numeradas de 1 a 90 e a Proposta de Redação, dispostas da seguinte maneira:
a) questões de número 1 a 45, relativas à área de Linguagens, Códigos e suas Tecnologias;
b) Proposta de Redação;
c) questões de número 46 a 90, relativas à área de Ciências Humanas e suas Tecnologias.
ATENÇÃO: as questões de 1 a 5 são relativas à língua estrangeira. Você deverá responder apenas às questões relativas à língua estrangeira (inglês ou espanhol) escolhida no ato de sua inscrição.
2. Confira se a quantidade e a ordem das questões do seu CADERNO DE QUESTÕES estão de acordo com as instruções anteriores. Caso o caderno esteja incompleto, tenha defeito ou apresente qualquer divergência, comunique ao aplicador da sala para que ele tome as providências cabíveis.
3. Para cada uma das questões objetivas, são apresentadas 5 opções. Apenas uma responde corretamente à questão.
4. O tempo disponível para estas provas é de cinco horas e trinta minutos.
5. Reserve tempo suficiente para preencher o CARTÃO-RESPOSTA e a FOLHA DE REDAÇÃO.
6. Os rascunhos e as marcações assinaladas no CADERNO DE QUESTÕES não serão considerados na avaliação.
7. Somente serão corrigidas as redações transcritas na FOLHA DE REDAÇÃO.
8. Quando terminar as provas, acene para chamar o aplicador e entregue este CADERNO DE QUESTÕES, o CARTÃO-RESPOSTA/FOLHA DE REDAÇÃO.
9. Você poderá deixar o local de prova somente após decorridas duas horas do início da aplicação e poderá levar seu CADERNO DE QUESTÕES ao deixar em definitivo a sala de prova nos 30 minutos que antecedem o término das provas.
LINGUAGENS, CÓDIGOS E SUAS TECNOLOGIAS
Questões de 1 a 45
Questões de 1 a 5 (opção inglês)",NA,"TEXTO 1
Pré-socráticos (Fragmento B10)
Em conjunto: todo e não todo, unido e separado, em consonância e em dissonância. De todos um e de um todos.
TEXTO 2
Pré-socráticos (Fragmento B67)
Deus é dia-noite, inverno-verão, guerra-paz, saciedade-fome.
A característica do pensamento do filósofo Heráclito, registrada nos fragmentos mencionados, é a ênfase na","D","degradação material da natureza.",0,NA,NA,NA,NA,"Portuguese","B"
"enem_2025_1mil_ch","enem_2025_1mil_ch_1",84812,"ENEM 2025 - CH","Exame Nacional do Ensino Médio
ENEM 2025
Prova de Linguagens, Códigos e suas Tecnologias e Redação
Prova de Ciências Humanas e suas Tecnologias
1º dia
Caderno 9 – Laranja
INEP
Ministério da Educação
ATENÇÃO: transcreva no espaço apropriado do seu CARTÃO-RESPOSTA, com sua caligrafia usual, considerando as letras maiúsculas e minúsculas, a seguinte frase:
Cada pessoa deve trabalhar para o seu aperfeiçoamento
LEIA ATENTAMENTE AS INSTRUÇÕES SEGUINTES:
1. Este CADERNO DE QUESTÕES contém 90 questões numeradas de 1 a 90 e a Proposta de Redação, dispostas da seguinte maneira:
a) questões de número 1 a 45, relativas à área de Linguagens, Códigos e suas Tecnologias;
b) Proposta de Redação;
c) questões de número 46 a 90, relativas à área de Ciências Humanas e suas Tecnologias.
ATENÇÃO: as questões de 1 a 5 são relativas à língua estrangeira. Você deverá responder apenas às questões relativas à língua estrangeira (inglês ou espanhol) escolhida no ato de sua inscrição.
2. Confira se a quantidade e a ordem das questões do seu CADERNO DE QUESTÕES estão de acordo com as instruções anteriores. Caso o caderno esteja incompleto, tenha defeito ou apresente qualquer divergência, comunique ao aplicador da sala para que ele tome as providências cabíveis.
3. Para cada uma das questões objetivas, são apresentadas 5 opções. Apenas uma responde corretamente à questão.
4. O tempo disponível para estas provas é de cinco horas e trinta minutos.
5. Reserve tempo suficiente para preencher o CARTÃO-RESPOSTA e a FOLHA DE REDAÇÃO.
6. Os rascunhos e as marcações assinaladas no CADERNO DE QUESTÕES não serão considerados na avaliação.
7. Somente serão corrigidas as redações transcritas na FOLHA DE REDAÇÃO.
8. Quando terminar as provas, acene para chamar o aplicador e entregue este CADERNO DE QUESTÕES, o CARTÃO-RESPOSTA/FOLHA DE REDAÇÃO.
9. Você poderá deixar o local de prova somente após decorridas duas horas do início da aplicação e poderá levar seu CADERNO DE QUESTÕES ao deixar em definitivo a sala de prova nos 30 minutos que antecedem o término das provas.
LINGUAGENS, CÓDIGOS E SUAS TECNOLOGIAS
Questões de 1 a 45
Questões de 1 a 5 (opção inglês)",NA,"TEXTO 1
Pré-socráticos (Fragmento B10)
Em conjunto: todo e não todo, unido e separado, em consonância e em dissonância. De todos um e de um todos.
TEXTO 2
Pré-socráticos (Fragmento B67)
Deus é dia-noite, inverno-verão, guerra-paz, saciedade-fome.
A característica do pensamento do filósofo Heráclito, registrada nos fragmentos mencionados, é a ênfase na","D","imobilidade imanente do universo.",0,NA,NA,NA,NA,"Portuguese","C"
"enem_2025_1mil_ch","enem_2025_1mil_ch_1",84812,"ENEM 2025 - CH","Exame Nacional do Ensino Médio
ENEM 2025
Prova de Linguagens, Códigos e suas Tecnologias e Redação
Prova de Ciências Humanas e suas Tecnologias
1º dia
Caderno 9 – Laranja
INEP
Ministério da Educação
ATENÇÃO: transcreva no espaço apropriado do seu CARTÃO-RESPOSTA, com sua caligrafia usual, considerando as letras maiúsculas e minúsculas, a seguinte frase:
Cada pessoa deve trabalhar para o seu aperfeiçoamento
LEIA ATENTAMENTE AS INSTRUÇÕES SEGUINTES:
1. Este CADERNO DE QUESTÕES contém 90 questões numeradas de 1 a 90 e a Proposta de Redação, dispostas da seguinte maneira:
a) questões de número 1 a 45, relativas à área de Linguagens, Códigos e suas Tecnologias;
b) Proposta de Redação;
c) questões de número 46 a 90, relativas à área de Ciências Humanas e suas Tecnologias.
ATENÇÃO: as questões de 1 a 5 são relativas à língua estrangeira. Você deverá responder apenas às questões relativas à língua estrangeira (inglês ou espanhol) escolhida no ato de sua inscrição.
2. Confira se a quantidade e a ordem das questões do seu CADERNO DE QUESTÕES estão de acordo com as instruções anteriores. Caso o caderno esteja incompleto, tenha defeito ou apresente qualquer divergência, comunique ao aplicador da sala para que ele tome as providências cabíveis.
3. Para cada uma das questões objetivas, são apresentadas 5 opções. Apenas uma responde corretamente à questão.
4. O tempo disponível para estas provas é de cinco horas e trinta minutos.
5. Reserve tempo suficiente para preencher o CARTÃO-RESPOSTA e a FOLHA DE REDAÇÃO.
6. Os rascunhos e as marcações assinaladas no CADERNO DE QUESTÕES não serão considerados na avaliação.
7. Somente serão corrigidas as redações transcritas na FOLHA DE REDAÇÃO.
8. Quando terminar as provas, acene para chamar o aplicador e entregue este CADERNO DE QUESTÕES, o CARTÃO-RESPOSTA/FOLHA DE REDAÇÃO.
9. Você poderá deixar o local de prova somente após decorridas duas horas do início da aplicação e poderá levar seu CADERNO DE QUESTÕES ao deixar em definitivo a sala de prova nos 30 minutos que antecedem o término das provas.
LINGUAGENS, CÓDIGOS E SUAS TECNOLOGIAS
Questões de 1 a 45
Questões de 1 a 5 (opção inglês)",NA,"TEXTO 1
Pré-socráticos (Fragmento B10)
Em conjunto: todo e não todo, unido e separado, em consonância e em dissonância. De todos um e de um todos.
TEXTO 2
Pré-socráticos (Fragmento B67)
Deus é dia-noite, inverno-verão, guerra-paz, saciedade-fome.
A característica do pensamento do filósofo Heráclito, registrada nos fragmentos mencionados, é a ênfase na","D","distribuição dicotômica do cosmos.",1,NA,NA,NA,NA,"Portuguese","D"
"enem_2025_1mil_ch","enem_2025_1mil_ch_1",84812,"ENEM 2025 - CH","Exame Nacional do Ensino Médio
ENEM 2025
Prova de Linguagens, Códigos e suas Tecnologias e Redação
Prova de Ciências Humanas e suas Tecnologias
1º dia
Caderno 9 – Laranja
INEP
Ministério da Educação
ATENÇÃO: transcreva no espaço apropriado do seu CARTÃO-RESPOSTA, com sua caligrafia usual, considerando as letras maiúsculas e minúsculas, a seguinte frase:
Cada pessoa deve trabalhar para o seu aperfeiçoamento
LEIA ATENTAMENTE AS INSTRUÇÕES SEGUINTES:
1. Este CADERNO DE QUESTÕES contém 90 questões numeradas de 1 a 90 e a Proposta de Redação, dispostas da seguinte maneira:
a) questões de número 1 a 45, relativas à área de Linguagens, Códigos e suas Tecnologias;
b) Proposta de Redação;
c) questões de número 46 a 90, relativas à área de Ciências Humanas e suas Tecnologias.
ATENÇÃO: as questões de 1 a 5 são relativas à língua estrangeira. Você deverá responder apenas às questões relativas à língua estrangeira (inglês ou espanhol) escolhida no ato de sua inscrição.
2. Confira se a quantidade e a ordem das questões do seu CADERNO DE QUESTÕES estão de acordo com as instruções anteriores. Caso o caderno esteja incompleto, tenha defeito ou apresente qualquer divergência, comunique ao aplicador da sala para que ele tome as providências cabíveis.
3. Para cada uma das questões objetivas, são apresentadas 5 opções. Apenas uma responde corretamente à questão.
4. O tempo disponível para estas provas é de cinco horas e trinta minutos.
5. Reserve tempo suficiente para preencher o CARTÃO-RESPOSTA e a FOLHA DE REDAÇÃO.
6. Os rascunhos e as marcações assinaladas no CADERNO DE QUESTÕES não serão considerados na avaliação.
7. Somente serão corrigidas as redações transcritas na FOLHA DE REDAÇÃO.
8. Quando terminar as provas, acene para chamar o aplicador e entregue este CADERNO DE QUESTÕES, o CARTÃO-RESPOSTA/FOLHA DE REDAÇÃO.
9. Você poderá deixar o local de prova somente após decorridas duas horas do início da aplicação e poderá levar seu CADERNO DE QUESTÕES ao deixar em definitivo a sala de prova nos 30 minutos que antecedem o término das provas.
LINGUAGENS, CÓDIGOS E SUAS TECNOLOGIAS
Questões de 1 a 45
Questões de 1 a 5 (opção inglês)",NA,"TEXTO 1
Pré-socráticos (Fragmento B10)
Em conjunto: todo e não todo, unido e separado, em consonância e em dissonância. De todos um e de um todos.
TEXTO 2
Pré-socráticos (Fragmento B67)
Deus é dia-noite, inverno-verão, guerra-paz, saciedade-fome.
A característica do pensamento do filósofo Heráclito, registrada nos fragmentos mencionados, é a ênfase na","D","desordem incontornável das coisas.",0,NA,NA,NA,NA,"Portuguese","E"
"enem_2025_1mil_ch","enem_2025_1mil_ch_1",96978,"ENEM 2025 - CH","Exame Nacional do Ensino Médio
ENEM 2025
Prova de Linguagens, Códigos e suas Tecnologias e Redação
Prova de Ciências Humanas e suas Tecnologias
1º dia
Caderno 9 – Laranja
INEP
Ministério da Educação
ATENÇÃO: transcreva no espaço apropriado do seu CARTÃO-RESPOSTA, com sua caligrafia usual, considerando as letras maiúsculas e minúsculas, a seguinte frase:
Cada pessoa deve trabalhar para o seu aperfeiçoamento
LEIA ATENTAMENTE AS INSTRUÇÕES SEGUINTES:
1. Este CADERNO DE QUESTÕES contém 90 questões numeradas de 1 a 90 e a Proposta de Redação, dispostas da seguinte maneira:
a) questões de número 1 a 45, relativas à área de Linguagens, Códigos e suas Tecnologias;
b) Proposta de Redação;
c) questões de número 46 a 90, relativas à área de Ciências Humanas e suas Tecnologias.
ATENÇÃO: as questões de 1 a 5 são relativas à língua estrangeira. Você deverá responder apenas às questões relativas à língua estrangeira (inglês ou espanhol) escolhida no ato de sua inscrição.
2. Confira se a quantidade e a ordem das questões do seu CADERNO DE QUESTÕES estão de acordo com as instruções anteriores. Caso o caderno esteja incompleto, tenha defeito ou apresente qualquer divergência, comunique ao aplicador da sala para que ele tome as providências cabíveis.
3. Para cada uma das questões objetivas, são apresentadas 5 opções. Apenas uma responde corretamente à questão.
4. O tempo disponível para estas provas é de cinco horas e trinta minutos.
5. Reserve tempo suficiente para preencher o CARTÃO-RESPOSTA e a FOLHA DE REDAÇÃO.
6. Os rascunhos e as marcações assinaladas no CADERNO DE QUESTÕES não serão considerados na avaliação.
7. Somente serão corrigidas as redações transcritas na FOLHA DE REDAÇÃO.
8. Quando terminar as provas, acene para chamar o aplicador e entregue este CADERNO DE QUESTÕES, o CARTÃO-RESPOSTA/FOLHA DE REDAÇÃO.
9. Você poderá deixar o local de prova somente após decorridas duas horas do início da aplicação e poderá levar seu CADERNO DE QUESTÕES ao deixar em definitivo a sala de prova nos 30 minutos que antecedem o término das provas.
LINGUAGENS, CÓDIGOS E SUAS TECNOLOGIAS
Questões de 1 a 45
Questões de 1 a 5 (opção inglês)",NA,"Entre esses preconceitos estava o canibalismo. A prática não era, porém, uma mentira, uma invenção europeia, mas um ritual controlado por regras. Entre os tupis, por exemplo, os guerreiros se sentiam honrados quando morriam em um banquete canibal. Para os europeus, no entanto, comer carne humana era abominável, pois nem mesmo os leões ingeriam seus semelhantes. Portanto, para os conquistadores, o canibalismo era sinônimo de barbarismo e da incapacidade de se autogovernar.
No texto, europeus e ameríndios atribuíram à prática relatada, respectivamente, o significado de","A","selvageria - empoderamento.",1,NA,NA,NA,NA,"Portuguese","A"
"enem_2025_1mil_ch","enem_2025_1mil_ch_1",96978,"ENEM 2025 - CH","Exame Nacional do Ensino Médio
ENEM 2025
Prova de Linguagens, Códigos e suas Tecnologias e Redação
Prova de Ciências Humanas e suas Tecnologias
1º dia
Caderno 9 – Laranja
INEP
Ministério da Educação
ATENÇÃO: transcreva no espaço apropriado do seu CARTÃO-RESPOSTA, com sua caligrafia usual, considerando as letras maiúsculas e minúsculas, a seguinte frase:
Cada pessoa deve trabalhar para o seu aperfeiçoamento
LEIA ATENTAMENTE AS INSTRUÇÕES SEGUINTES:
1. Este CADERNO DE QUESTÕES contém 90 questões numeradas de 1 a 90 e a Proposta de Redação, dispostas da seguinte maneira:
a) questões de número 1 a 45, relativas à área de Linguagens, Códigos e suas Tecnologias;
b) Proposta de Redação;
c) questões de número 46 a 90, relativas à área de Ciências Humanas e suas Tecnologias.
ATENÇÃO: as questões de 1 a 5 são relativas à língua estrangeira. Você deverá responder apenas às questões relativas à língua estrangeira (inglês ou espanhol) escolhida no ato de sua inscrição.
2. Confira se a quantidade e a ordem das questões do seu CADERNO DE QUESTÕES estão de acordo com as instruções anteriores. Caso o caderno esteja incompleto, tenha defeito ou apresente qualquer divergência, comunique ao aplicador da sala para que ele tome as providências cabíveis.
3. Para cada uma das questões objetivas, são apresentadas 5 opções. Apenas uma responde corretamente à questão.
4. O tempo disponível para estas provas é de cinco horas e trinta minutos.
5. Reserve tempo suficiente para preencher o CARTÃO-RESPOSTA e a FOLHA DE REDAÇÃO.
6. Os rascunhos e as marcações assinaladas no CADERNO DE QUESTÕES não serão considerados na avaliação.
7. Somente serão corrigidas as redações transcritas na FOLHA DE REDAÇÃO.
8. Quando terminar as provas, acene para chamar o aplicador e entregue este CADERNO DE QUESTÕES, o CARTÃO-RESPOSTA/FOLHA DE REDAÇÃO.
9. Você poderá deixar o local de prova somente após decorridas duas horas do início da aplicação e poderá levar seu CADERNO DE QUESTÕES ao deixar em definitivo a sala de prova nos 30 minutos que antecedem o término das provas.
LINGUAGENS, CÓDIGOS E SUAS TECNOLOGIAS
Questões de 1 a 45
Questões de 1 a 5 (opção inglês)",NA,"Entre esses preconceitos estava o canibalismo. A prática não era, porém, uma mentira, uma invenção europeia, mas um ritual controlado por regras. Entre os tupis, por exemplo, os guerreiros se sentiam honrados quando morriam em um banquete canibal. Para os europeus, no entanto, comer carne humana era abominável, pois nem mesmo os leões ingeriam seus semelhantes. Portanto, para os conquistadores, o canibalismo era sinônimo de barbarismo e da incapacidade de se autogovernar.
No texto, europeus e ameríndios atribuíram à prática relatada, respectivamente, o significado de","A","impetuosidade - resistência.",0,NA,NA,NA,NA,"Portuguese","B"
"enem_2025_1mil_ch","enem_2025_1mil_ch_1",96978,"ENEM 2025 - CH","Exame Nacional do Ensino Médio
ENEM 2025
Prova de Linguagens, Códigos e suas Tecnologias e Redação
Prova de Ciências Humanas e suas Tecnologias
1º dia
Caderno 9 – Laranja
INEP
Ministério da Educação
ATENÇÃO: transcreva no espaço apropriado do seu CARTÃO-RESPOSTA, com sua caligrafia usual, considerando as letras maiúsculas e minúsculas, a seguinte frase:
Cada pessoa deve trabalhar para o seu aperfeiçoamento
LEIA ATENTAMENTE AS INSTRUÇÕES SEGUINTES:
1. Este CADERNO DE QUESTÕES contém 90 questões numeradas de 1 a 90 e a Proposta de Redação, dispostas da seguinte maneira:
a) questões de número 1 a 45, relativas à área de Linguagens, Códigos e suas Tecnologias;
b) Proposta de Redação;
c) questões de número 46 a 90, relativas à área de Ciências Humanas e suas Tecnologias.
ATENÇÃO: as questões de 1 a 5 são relativas à língua estrangeira. Você deverá responder apenas às questões relativas à língua estrangeira (inglês ou espanhol) escolhida no ato de sua inscrição.
2. Confira se a quantidade e a ordem das questões do seu CADERNO DE QUESTÕES estão de acordo com as instruções anteriores. Caso o caderno esteja incompleto, tenha defeito ou apresente qualquer divergência, comunique ao aplicador da sala para que ele tome as providências cabíveis.
3. Para cada uma das questões objetivas, são apresentadas 5 opções. Apenas uma responde corretamente à questão.
4. O tempo disponível para estas provas é de cinco horas e trinta minutos.
5. Reserve tempo suficiente para preencher o CARTÃO-RESPOSTA e a FOLHA DE REDAÇÃO.
6. Os rascunhos e as marcações assinaladas no CADERNO DE QUESTÕES não serão considerados na avaliação.
7. Somente serão corrigidas as redações transcritas na FOLHA DE REDAÇÃO.
8. Quando terminar as provas, acene para chamar o aplicador e entregue este CADERNO DE QUESTÕES, o CARTÃO-RESPOSTA/FOLHA DE REDAÇÃO.
9. Você poderá deixar o local de prova somente após decorridas duas horas do início da aplicação e poderá levar seu CADERNO DE QUESTÕES ao deixar em definitivo a sala de prova nos 30 minutos que antecedem o término das provas.
LINGUAGENS, CÓDIGOS E SUAS TECNOLOGIAS
Questões de 1 a 45
Questões de 1 a 5 (opção inglês)",NA,"Entre esses preconceitos estava o canibalismo. A prática não era, porém, uma mentira, uma invenção europeia, mas um ritual controlado por regras. Entre os tupis, por exemplo, os guerreiros se sentiam honrados quando morriam em um banquete canibal. Para os europeus, no entanto, comer carne humana era abominável, pois nem mesmo os leões ingeriam seus semelhantes. Portanto, para os conquistadores, o canibalismo era sinônimo de barbarismo e da incapacidade de se autogovernar.
No texto, europeus e ameríndios atribuíram à prática relatada, respectivamente, o significado de","A","fanatismo - humilhação.",0,NA,NA,NA,NA,"Portuguese","C"
"enem_2025_1mil_ch","enem_2025_1mil_ch_1",96978,"ENEM 2025 - CH","Exame Nacional do Ensino Médio
ENEM 2025
Prova de Linguagens, Códigos e suas Tecnologias e Redação
Prova de Ciências Humanas e suas Tecnologias
1º dia
Caderno 9 – Laranja
INEP
Ministério da Educação
ATENÇÃO: transcreva no espaço apropriado do seu CARTÃO-RESPOSTA, com sua caligrafia usual, considerando as letras maiúsculas e minúsculas, a seguinte frase:
Cada pessoa deve trabalhar para o seu aperfeiçoamento
LEIA ATENTAMENTE AS INSTRUÇÕES SEGUINTES:
1. Este CADERNO DE QUESTÕES contém 90 questões numeradas de 1 a 90 e a Proposta de Redação, dispostas da seguinte maneira:
a) questões de número 1 a 45, relativas à área de Linguagens, Códigos e suas Tecnologias;
b) Proposta de Redação;
c) questões de número 46 a 90, relativas à área de Ciências Humanas e suas Tecnologias.
ATENÇÃO: as questões de 1 a 5 são relativas à língua estrangeira. Você deverá responder apenas às questões relativas à língua estrangeira (inglês ou espanhol) escolhida no ato de sua inscrição.
2. Confira se a quantidade e a ordem das questões do seu CADERNO DE QUESTÕES estão de acordo com as instruções anteriores. Caso o caderno esteja incompleto, tenha defeito ou apresente qualquer divergência, comunique ao aplicador da sala para que ele tome as providências cabíveis.
3. Para cada uma das questões objetivas, são apresentadas 5 opções. Apenas uma responde corretamente à questão.
4. O tempo disponível para estas provas é de cinco horas e trinta minutos.
5. Reserve tempo suficiente para preencher o CARTÃO-RESPOSTA e a FOLHA DE REDAÇÃO.
6. Os rascunhos e as marcações assinaladas no CADERNO DE QUESTÕES não serão considerados na avaliação.
7. Somente serão corrigidas as redações transcritas na FOLHA DE REDAÇÃO.
8. Quando terminar as provas, acene para chamar o aplicador e entregue este CADERNO DE QUESTÕES, o CARTÃO-RESPOSTA/FOLHA DE REDAÇÃO.
9. Você poderá deixar o local de prova somente após decorridas duas horas do início da aplicação e poderá levar seu CADERNO DE QUESTÕES ao deixar em definitivo a sala de prova nos 30 minutos que antecedem o término das provas.
LINGUAGENS, CÓDIGOS E SUAS TECNOLOGIAS
Questões de 1 a 45
Questões de 1 a 5 (opção inglês)",NA,"Entre esses preconceitos estava o canibalismo. A prática não era, porém, uma mentira, uma invenção europeia, mas um ritual controlado por regras. Entre os tupis, por exemplo, os guerreiros se sentiam honrados quando morriam em um banquete canibal. Para os europeus, no entanto, comer carne humana era abominável, pois nem mesmo os leões ingeriam seus semelhantes. Portanto, para os conquistadores, o canibalismo era sinônimo de barbarismo e da incapacidade de se autogovernar.
No texto, europeus e ameríndios atribuíram à prática relatada, respectivamente, o significado de","A","intolerância - violência.",0,NA,NA,NA,NA,"Portuguese","D"
"enem_2025_1mil_ch","enem_2025_1mil_ch_1",96978,"ENEM 2025 - CH","Exame Nacional do Ensino Médio
ENEM 2025
Prova de Linguagens, Códigos e suas Tecnologias e Redação
Prova de Ciências Humanas e suas Tecnologias
1º dia
Caderno 9 – Laranja
INEP
Ministério da Educação
ATENÇÃO: transcreva no espaço apropriado do seu CARTÃO-RESPOSTA, com sua caligrafia usual, considerando as letras maiúsculas e minúsculas, a seguinte frase:
Cada pessoa deve trabalhar para o seu aperfeiçoamento
LEIA ATENTAMENTE AS INSTRUÇÕES SEGUINTES:
1. Este CADERNO DE QUESTÕES contém 90 questões numeradas de 1 a 90 e a Proposta de Redação, dispostas da seguinte maneira:
a) questões de número 1 a 45, relativas à área de Linguagens, Códigos e suas Tecnologias;
b) Proposta de Redação;
c) questões de número 46 a 90, relativas à área de Ciências Humanas e suas Tecnologias.
ATENÇÃO: as questões de 1 a 5 são relativas à língua estrangeira. Você deverá responder apenas às questões relativas à língua estrangeira (inglês ou espanhol) escolhida no ato de sua inscrição.
2. Confira se a quantidade e a ordem das questões do seu CADERNO DE QUESTÕES estão de acordo com as instruções anteriores. Caso o caderno esteja incompleto, tenha defeito ou apresente qualquer divergência, comunique ao aplicador da sala para que ele tome as providências cabíveis.
3. Para cada uma das questões objetivas, são apresentadas 5 opções. Apenas uma responde corretamente à questão.
4. O tempo disponível para estas provas é de cinco horas e trinta minutos.
5. Reserve tempo suficiente para preencher o CARTÃO-RESPOSTA e a FOLHA DE REDAÇÃO.
6. Os rascunhos e as marcações assinaladas no CADERNO DE QUESTÕES não serão considerados na avaliação.
7. Somente serão corrigidas as redações transcritas na FOLHA DE REDAÇÃO.
8. Quando terminar as provas, acene para chamar o aplicador e entregue este CADERNO DE QUESTÕES, o CARTÃO-RESPOSTA/FOLHA DE REDAÇÃO.
9. Você poderá deixar o local de prova somente após decorridas duas horas do início da aplicação e poderá levar seu CADERNO DE QUESTÕES ao deixar em definitivo a sala de prova nos 30 minutos que antecedem o término das provas.
LINGUAGENS, CÓDIGOS E SUAS TECNOLOGIAS
Questões de 1 a 45
Questões de 1 a 5 (opção inglês)",NA,"Entre esses preconceitos estava o canibalismo. A prática não era, porém, uma mentira, uma invenção europeia, mas um ritual controlado por regras. Entre os tupis, por exemplo, os guerreiros se sentiam honrados quando morriam em um banquete canibal. Para os europeus, no entanto, comer carne humana era abominável, pois nem mesmo os leões ingeriam seus semelhantes. Portanto, para os conquistadores, o canibalismo era sinônimo de barbarismo e da incapacidade de se autogovernar.
No texto, europeus e ameríndios atribuíram à prática relatada, respectivamente, o significado de","A","repressão - justiça.",0,NA,NA,NA,NA,"Portuguese","E"
"enem_2025_1mil_ch","enem_2025_1mil_ch_1",95495,"ENEM 2025 - CH","Exame Nacional do Ensino Médio
ENEM 2025
Prova de Linguagens, Códigos e suas Tecnologias e Redação
Prova de Ciências Humanas e suas Tecnologias
1º dia
Caderno 9 – Laranja
INEP
Ministério da Educação
ATENÇÃO: transcreva no espaço apropriado do seu CARTÃO-RESPOSTA, com sua caligrafia usual, considerando as letras maiúsculas e minúsculas, a seguinte frase:
Cada pessoa deve trabalhar para o seu aperfeiçoamento
LEIA ATENTAMENTE AS INSTRUÇÕES SEGUINTES:
1. Este CADERNO DE QUESTÕES contém 90 questões numeradas de 1 a 90 e a Proposta de Redação, dispostas da seguinte maneira:
a) questões de número 1 a 45, relativas à área de Linguagens, Códigos e suas Tecnologias;
b) Proposta de Redação;
c) questões de número 46 a 90, relativas à área de Ciências Humanas e suas Tecnologias.
ATENÇÃO: as questões de 1 a 5 são relativas à língua estrangeira. Você deverá responder apenas às questões relativas à língua estrangeira (inglês ou espanhol) escolhida no ato de sua inscrição.
2. Confira se a quantidade e a ordem das questões do seu CADERNO DE QUESTÕES estão de acordo com as instruções anteriores. Caso o caderno esteja incompleto, tenha defeito ou apresente qualquer divergência, comunique ao aplicador da sala para que ele tome as providências cabíveis.
3. Para cada uma das questões objetivas, são apresentadas 5 opções. Apenas uma responde corretamente à questão.
4. O tempo disponível para estas provas é de cinco horas e trinta minutos.
5. Reserve tempo suficiente para preencher o CARTÃO-RESPOSTA e a FOLHA DE REDAÇÃO.
6. Os rascunhos e as marcações assinaladas no CADERNO DE QUESTÕES não serão considerados na avaliação.
7. Somente serão corrigidas as redações transcritas na FOLHA DE REDAÇÃO.
8. Quando terminar as provas, acene para chamar o aplicador e entregue este CADERNO DE QUESTÕES, o CARTÃO-RESPOSTA/FOLHA DE REDAÇÃO.
9. Você poderá deixar o local de prova somente após decorridas duas horas do início da aplicação e poderá levar seu CADERNO DE QUESTÕES ao deixar em definitivo a sala de prova nos 30 minutos que antecedem o término das provas.
LINGUAGENS, CÓDIGOS E SUAS TECNOLOGIAS
Questões de 1 a 45
Questões de 1 a 5 (opção inglês)",NA,"O Brasil com axé
Reginaldo Prandi
Fragmentada em pequenos grupos, fragilizada pela ausência de algum tipo de organização ampla, tendo que carregar o peso do preconceito racial que se transfere do negro para a cultura negra, a religião dos orixás tem poucas chances de se sair melhor na competição - desigual - com outras religiões. Silenciosamente, assistimos hoje a um verdadeiro massacre das religiões afro-brasileiras.
No processo de invisibilização dos cultos afro-brasileiros, o texto associa os seguintes elementos essenciais:","B","Ausência de soluções partidárias e rejeição da laicidade.",0,NA,NA,NA,NA,"Portuguese","A"
"enem_2025_1mil_ch","enem_2025_1mil_ch_1",95495,"ENEM 2025 - CH","Exame Nacional do Ensino Médio
ENEM 2025
Prova de Linguagens, Códigos e suas Tecnologias e Redação
Prova de Ciências Humanas e suas Tecnologias
1º dia
Caderno 9 – Laranja
INEP
Ministério da Educação
ATENÇÃO: transcreva no espaço apropriado do seu CARTÃO-RESPOSTA, com sua caligrafia usual, considerando as letras maiúsculas e minúsculas, a seguinte frase:
Cada pessoa deve trabalhar para o seu aperfeiçoamento
LEIA ATENTAMENTE AS INSTRUÇÕES SEGUINTES:
1. Este CADERNO DE QUESTÕES contém 90 questões numeradas de 1 a 90 e a Proposta de Redação, dispostas da seguinte maneira:
a) questões de número 1 a 45, relativas à área de Linguagens, Códigos e suas Tecnologias;
b) Proposta de Redação;
c) questões de número 46 a 90, relativas à área de Ciências Humanas e suas Tecnologias.
ATENÇÃO: as questões de 1 a 5 são relativas à língua estrangeira. Você deverá responder apenas às questões relativas à língua estrangeira (inglês ou espanhol) escolhida no ato de sua inscrição.
2. Confira se a quantidade e a ordem das questões do seu CADERNO DE QUESTÕES estão de acordo com as instruções anteriores. Caso o caderno esteja incompleto, tenha defeito ou apresente qualquer divergência, comunique ao aplicador da sala para que ele tome as providências cabíveis.
3. Para cada uma das questões objetivas, são apresentadas 5 opções. Apenas uma responde corretamente à questão.
4. O tempo disponível para estas provas é de cinco horas e trinta minutos.
5. Reserve tempo suficiente para preencher o CARTÃO-RESPOSTA e a FOLHA DE REDAÇÃO.
6. Os rascunhos e as marcações assinaladas no CADERNO DE QUESTÕES não serão considerados na avaliação.
7. Somente serão corrigidas as redações transcritas na FOLHA DE REDAÇÃO.
8. Quando terminar as provas, acene para chamar o aplicador e entregue este CADERNO DE QUESTÕES, o CARTÃO-RESPOSTA/FOLHA DE REDAÇÃO.
9. Você poderá deixar o local de prova somente após decorridas duas horas do início da aplicação e poderá levar seu CADERNO DE QUESTÕES ao deixar em definitivo a sala de prova nos 30 minutos que antecedem o término das provas.
LINGUAGENS, CÓDIGOS E SUAS TECNOLOGIAS
Questões de 1 a 45
Questões de 1 a 5 (opção inglês)",NA,"O Brasil com axé
Reginaldo Prandi
Fragmentada em pequenos grupos, fragilizada pela ausência de algum tipo de organização ampla, tendo que carregar o peso do preconceito racial que se transfere do negro para a cultura negra, a religião dos orixás tem poucas chances de se sair melhor na competição - desigual - com outras religiões. Silenciosamente, assistimos hoje a um verdadeiro massacre das religiões afro-brasileiras.
No processo de invisibilização dos cultos afro-brasileiros, o texto associa os seguintes elementos essenciais:","B","Precariedade de coesão representativa e recusa da alteridade.",1,NA,NA,NA,NA,"Portuguese","B"
"enem_2025_1mil_ch","enem_2025_1mil_ch_1",95495,"ENEM 2025 - CH","Exame Nacional do Ensino Médio
ENEM 2025
Prova de Linguagens, Códigos e suas Tecnologias e Redação
Prova de Ciências Humanas e suas Tecnologias
1º dia
Caderno 9 – Laranja
INEP
Ministério da Educação
ATENÇÃO: transcreva no espaço apropriado do seu CARTÃO-RESPOSTA, com sua caligrafia usual, considerando as letras maiúsculas e minúsculas, a seguinte frase:
Cada pessoa deve trabalhar para o seu aperfeiçoamento
LEIA ATENTAMENTE AS INSTRUÇÕES SEGUINTES:
1. Este CADERNO DE QUESTÕES contém 90 questões numeradas de 1 a 90 e a Proposta de Redação, dispostas da seguinte maneira:
a) questões de número 1 a 45, relativas à área de Linguagens, Códigos e suas Tecnologias;
b) Proposta de Redação;
c) questões de número 46 a 90, relativas à área de Ciências Humanas e suas Tecnologias.
ATENÇÃO: as questões de 1 a 5 são relativas à língua estrangeira. Você deverá responder apenas às questões relativas à língua estrangeira (inglês ou espanhol) escolhida no ato de sua inscrição.
2. Confira se a quantidade e a ordem das questões do seu CADERNO DE QUESTÕES estão de acordo com as instruções anteriores. Caso o caderno esteja incompleto, tenha defeito ou apresente qualquer divergência, comunique ao aplicador da sala para que ele tome as providências cabíveis.
3. Para cada uma das questões objetivas, são apresentadas 5 opções. Apenas uma responde corretamente à questão.
4. O tempo disponível para estas provas é de cinco horas e trinta minutos.
5. Reserve tempo suficiente para preencher o CARTÃO-RESPOSTA e a FOLHA DE REDAÇÃO.
6. Os rascunhos e as marcações assinaladas no CADERNO DE QUESTÕES não serão considerados na avaliação.
7. Somente serão corrigidas as redações transcritas na FOLHA DE REDAÇÃO.
8. Quando terminar as provas, acene para chamar o aplicador e entregue este CADERNO DE QUESTÕES, o CARTÃO-RESPOSTA/FOLHA DE REDAÇÃO.
9. Você poderá deixar o local de prova somente após decorridas duas horas do início da aplicação e poderá levar seu CADERNO DE QUESTÕES ao deixar em definitivo a sala de prova nos 30 minutos que antecedem o término das provas.
LINGUAGENS, CÓDIGOS E SUAS TECNOLOGIAS
Questões de 1 a 45
Questões de 1 a 5 (opção inglês)",NA,"O Brasil com axé
Reginaldo Prandi
Fragmentada em pequenos grupos, fragilizada pela ausência de algum tipo de organização ampla, tendo que carregar o peso do preconceito racial que se transfere do negro para a cultura negra, a religião dos orixás tem poucas chances de se sair melhor na competição - desigual - com outras religiões. Silenciosamente, assistimos hoje a um verdadeiro massacre das religiões afro-brasileiras.
No processo de invisibilização dos cultos afro-brasileiros, o texto associa os seguintes elementos essenciais:","B","Insuficiência de estruturas decisórias e exclusão da dialogicidade.",0,NA,NA,NA,NA,"Portuguese","C"
"enem_2025_1mil_ch","enem_2025_1mil_ch_1",95495,"ENEM 2025 - CH","Exame Nacional do Ensino Médio
ENEM 2025
Prova de Linguagens, Códigos e suas Tecnologias e Redação
Prova de Ciências Humanas e suas Tecnologias
1º dia
Caderno 9 – Laranja
INEP
Ministério da Educação
ATENÇÃO: transcreva no espaço apropriado do seu CARTÃO-RESPOSTA, com sua caligrafia usual, considerando as letras maiúsculas e minúsculas, a seguinte frase:
Cada pessoa deve trabalhar para o seu aperfeiçoamento
LEIA ATENTAMENTE AS INSTRUÇÕES SEGUINTES:
1. Este CADERNO DE QUESTÕES contém 90 questões numeradas de 1 a 90 e a Proposta de Redação, dispostas da seguinte maneira:
a) questões de número 1 a 45, relativas à área de Linguagens, Códigos e suas Tecnologias;
b) Proposta de Redação;
c) questões de número 46 a 90, relativas à área de Ciências Humanas e suas Tecnologias.
ATENÇÃO: as questões de 1 a 5 são relativas à língua estrangeira. Você deverá responder apenas às questões relativas à língua estrangeira (inglês ou espanhol) escolhida no ato de sua inscrição.
2. Confira se a quantidade e a ordem das questões do seu CADERNO DE QUESTÕES estão de acordo com as instruções anteriores. Caso o caderno esteja incompleto, tenha defeito ou apresente qualquer divergência, comunique ao aplicador da sala para que ele tome as providências cabíveis.
3. Para cada uma das questões objetivas, são apresentadas 5 opções. Apenas uma responde corretamente à questão.
4. O tempo disponível para estas provas é de cinco horas e trinta minutos.
5. Reserve tempo suficiente para preencher o CARTÃO-RESPOSTA e a FOLHA DE REDAÇÃO.
6. Os rascunhos e as marcações assinaladas no CADERNO DE QUESTÕES não serão considerados na avaliação.
7. Somente serão corrigidas as redações transcritas na FOLHA DE REDAÇÃO.
8. Quando terminar as provas, acene para chamar o aplicador e entregue este CADERNO DE QUESTÕES, o CARTÃO-RESPOSTA/FOLHA DE REDAÇÃO.
9. Você poderá deixar o local de prova somente após decorridas duas horas do início da aplicação e poderá levar seu CADERNO DE QUESTÕES ao deixar em definitivo a sala de prova nos 30 minutos que antecedem o término das provas.
LINGUAGENS, CÓDIGOS E SUAS TECNOLOGIAS
Questões de 1 a 45
Questões de 1 a 5 (opção inglês)",NA,"O Brasil com axé
Reginaldo Prandi
Fragmentada em pequenos grupos, fragilizada pela ausência de algum tipo de organização ampla, tendo que carregar o peso do preconceito racial que se transfere do negro para a cultura negra, a religião dos orixás tem poucas chances de se sair melhor na competição - desigual - com outras religiões. Silenciosamente, assistimos hoje a um verdadeiro massacre das religiões afro-brasileiras.
No processo de invisibilização dos cultos afro-brasileiros, o texto associa os seguintes elementos essenciais:","B","Inexistência de direitos constitucionais e negação do ecumenismo.",0,NA,NA,NA,NA,"Portuguese","D"
"enem_2025_1mil_ch","enem_2025_1mil_ch_1",95495,"ENEM 2025 - CH","Exame Nacional do Ensino Médio
ENEM 2025
Prova de Linguagens, Códigos e suas Tecnologias e Redação
Prova de Ciências Humanas e suas Tecnologias
1º dia
Caderno 9 – Laranja
INEP
Ministério da Educação
ATENÇÃO: transcreva no espaço apropriado do seu CARTÃO-RESPOSTA, com sua caligrafia usual, considerando as letras maiúsculas e minúsculas, a seguinte frase:
Cada pessoa deve trabalhar para o seu aperfeiçoamento
LEIA ATENTAMENTE AS INSTRUÇÕES SEGUINTES:
1. Este CADERNO DE QUESTÕES contém 90 questões numeradas de 1 a 90 e a Proposta de Redação, dispostas da seguinte maneira:
a) questões de número 1 a 45, relativas à área de Linguagens, Códigos e suas Tecnologias;
b) Proposta de Redação;
c) questões de número 46 a 90, relativas à área de Ciências Humanas e suas Tecnologias.
ATENÇÃO: as questões de 1 a 5 são relativas à língua estrangeira. Você deverá responder apenas às questões relativas à língua estrangeira (inglês ou espanhol) escolhida no ato de sua inscrição.
2. Confira se a quantidade e a ordem das questões do seu CADERNO DE QUESTÕES estão de acordo com as instruções anteriores. Caso o caderno esteja incompleto, tenha defeito ou apresente qualquer divergência, comunique ao aplicador da sala para que ele tome as providências cabíveis.
3. Para cada uma das questões objetivas, são apresentadas 5 opções. Apenas uma responde corretamente à questão.
4. O tempo disponível para estas provas é de cinco horas e trinta minutos.
5. Reserve tempo suficiente para preencher o CARTÃO-RESPOSTA e a FOLHA DE REDAÇÃO.
6. Os rascunhos e as marcações assinaladas no CADERNO DE QUESTÕES não serão considerados na avaliação.
7. Somente serão corrigidas as redações transcritas na FOLHA DE REDAÇÃO.
8. Quando terminar as provas, acene para chamar o aplicador e entregue este CADERNO DE QUESTÕES, o CARTÃO-RESPOSTA/FOLHA DE REDAÇÃO.
9. Você poderá deixar o local de prova somente após decorridas duas horas do início da aplicação e poderá levar seu CADERNO DE QUESTÕES ao deixar em definitivo a sala de prova nos 30 minutos que antecedem o término das provas.
LINGUAGENS, CÓDIGOS E SUAS TECNOLOGIAS
Questões de 1 a 45
Questões de 1 a 5 (opção inglês)",NA,"O Brasil com axé
Reginaldo Prandi
Fragmentada em pequenos grupos, fragilizada pela ausência de algum tipo de organização ampla, tendo que carregar o peso do preconceito racial que se transfere do negro para a cultura negra, a religião dos orixás tem poucas chances de se sair melhor na competição - desigual - com outras religiões. Silenciosamente, assistimos hoje a um verdadeiro massacre das religiões afro-brasileiras.
No processo de invisibilização dos cultos afro-brasileiros, o texto associa os seguintes elementos essenciais:","B","Efemeridade das relações políticas e debilidade do pertencimento étnico.",0,NA,NA,NA,NA,"Portuguese","E"
"enem_2025_1mil_ch","enem_2025_1mil_ch_1",90024,"ENEM 2025 - CH","Exame Nacional do Ensino Médio
ENEM 2025
Prova de Linguagens, Códigos e suas Tecnologias e Redação
Prova de Ciências Humanas e suas Tecnologias
1º dia
Caderno 9 – Laranja
INEP
Ministério da Educação
ATENÇÃO: transcreva no espaço apropriado do seu CARTÃO-RESPOSTA, com sua caligrafia usual, considerando as letras maiúsculas e minúsculas, a seguinte frase:
Cada pessoa deve trabalhar para o seu aperfeiçoamento
LEIA ATENTAMENTE AS INSTRUÇÕES SEGUINTES:
1. Este CADERNO DE QUESTÕES contém 90 questões numeradas de 1 a 90 e a Proposta de Redação, dispostas da seguinte maneira:
a) questões de número 1 a 45, relativas à área de Linguagens, Códigos e suas Tecnologias;
b) Proposta de Redação;
c) questões de número 46 a 90, relativas à área de Ciências Humanas e suas Tecnologias.
ATENÇÃO: as questões de 1 a 5 são relativas à língua estrangeira. Você deverá responder apenas às questões relativas à língua estrangeira (inglês ou espanhol) escolhida no ato de sua inscrição.
2. Confira se a quantidade e a ordem das questões do seu CADERNO DE QUESTÕES estão de acordo com as instruções anteriores. Caso o caderno esteja incompleto, tenha defeito ou apresente qualquer divergência, comunique ao aplicador da sala para que ele tome as providências cabíveis.
3. Para cada uma das questões objetivas, são apresentadas 5 opções. Apenas uma responde corretamente à questão.
4. O tempo disponível para estas provas é de cinco horas e trinta minutos.
5. Reserve tempo suficiente para preencher o CARTÃO-RESPOSTA e a FOLHA DE REDAÇÃO.
6. Os rascunhos e as marcações assinaladas no CADERNO DE QUESTÕES não serão considerados na avaliação.
7. Somente serão corrigidas as redações transcritas na FOLHA DE REDAÇÃO.
8. Quando terminar as provas, acene para chamar o aplicador e entregue este CADERNO DE QUESTÕES, o CARTÃO-RESPOSTA/FOLHA DE REDAÇÃO.
9. Você poderá deixar o local de prova somente após decorridas duas horas do início da aplicação e poderá levar seu CADERNO DE QUESTÕES ao deixar em definitivo a sala de prova nos 30 minutos que antecedem o término das provas.
LINGUAGENS, CÓDIGOS E SUAS TECNOLOGIAS
Questões de 1 a 45
Questões de 1 a 5 (opção inglês)",NA,"A partir do século 19 e, principalmente, no século 20, iniciou-se o uso de produtos sintéticos na agricultura. No Brasil, a partir da década de 1960 e, posteriormente, nos anos 1970, os inseticidas ampliam sua fatia no mercado dos defensivos agrícolas.
Nos espaços agrícolas, a mudança técnica descrita provocou a diminuição da","B","desagregação de camadas pedológicas.",0,NA,NA,NA,NA,"Portuguese","A"
"enem_2025_1mil_ch","enem_2025_1mil_ch_1",90024,"ENEM 2025 - CH","Exame Nacional do Ensino Médio
ENEM 2025
Prova de Linguagens, Códigos e suas Tecnologias e Redação
Prova de Ciências Humanas e suas Tecnologias
1º dia
Caderno 9 – Laranja
INEP
Ministério da Educação
ATENÇÃO: transcreva no espaço apropriado do seu CARTÃO-RESPOSTA, com sua caligrafia usual, considerando as letras maiúsculas e minúsculas, a seguinte frase:
Cada pessoa deve trabalhar para o seu aperfeiçoamento
LEIA ATENTAMENTE AS INSTRUÇÕES SEGUINTES:
1. Este CADERNO DE QUESTÕES contém 90 questões numeradas de 1 a 90 e a Proposta de Redação, dispostas da seguinte maneira:
a) questões de número 1 a 45, relativas à área de Linguagens, Códigos e suas Tecnologias;
b) Proposta de Redação;
c) questões de número 46 a 90, relativas à área de Ciências Humanas e suas Tecnologias.
ATENÇÃO: as questões de 1 a 5 são relativas à língua estrangeira. Você deverá responder apenas às questões relativas à língua estrangeira (inglês ou espanhol) escolhida no ato de sua inscrição.
2. Confira se a quantidade e a ordem das questões do seu CADERNO DE QUESTÕES estão de acordo com as instruções anteriores. Caso o caderno esteja incompleto, tenha defeito ou apresente qualquer divergência, comunique ao aplicador da sala para que ele tome as providências cabíveis.
3. Para cada uma das questões objetivas, são apresentadas 5 opções. Apenas uma responde corretamente à questão.
4. O tempo disponível para estas provas é de cinco horas e trinta minutos.
5. Reserve tempo suficiente para preencher o CARTÃO-RESPOSTA e a FOLHA DE REDAÇÃO.
6. Os rascunhos e as marcações assinaladas no CADERNO DE QUESTÕES não serão considerados na avaliação.
7. Somente serão corrigidas as redações transcritas na FOLHA DE REDAÇÃO.
8. Quando terminar as provas, acene para chamar o aplicador e entregue este CADERNO DE QUESTÕES, o CARTÃO-RESPOSTA/FOLHA DE REDAÇÃO.
9. Você poderá deixar o local de prova somente após decorridas duas horas do início da aplicação e poderá levar seu CADERNO DE QUESTÕES ao deixar em definitivo a sala de prova nos 30 minutos que antecedem o término das provas.
LINGUAGENS, CÓDIGOS E SUAS TECNOLOGIAS
Questões de 1 a 45
Questões de 1 a 5 (opção inglês)",NA,"A partir do século 19 e, principalmente, no século 20, iniciou-se o uso de produtos sintéticos na agricultura. No Brasil, a partir da década de 1960 e, posteriormente, nos anos 1970, os inseticidas ampliam sua fatia no mercado dos defensivos agrícolas.
Nos espaços agrícolas, a mudança técnica descrita provocou a diminuição da","B","diversidade de polinizadores naturais.",1,NA,NA,NA,NA,"Portuguese","B"
"enem_2025_1mil_ch","enem_2025_1mil_ch_1",90024,"ENEM 2025 - CH","Exame Nacional do Ensino Médio
ENEM 2025
Prova de Linguagens, Códigos e suas Tecnologias e Redação
Prova de Ciências Humanas e suas Tecnologias
1º dia
Caderno 9 – Laranja
INEP
Ministério da Educação
ATENÇÃO: transcreva no espaço apropriado do seu CARTÃO-RESPOSTA, com sua caligrafia usual, considerando as letras maiúsculas e minúsculas, a seguinte frase:
Cada pessoa deve trabalhar para o seu aperfeiçoamento
LEIA ATENTAMENTE AS INSTRUÇÕES SEGUINTES:
1. Este CADERNO DE QUESTÕES contém 90 questões numeradas de 1 a 90 e a Proposta de Redação, dispostas da seguinte maneira:
a) questões de número 1 a 45, relativas à área de Linguagens, Códigos e suas Tecnologias;
b) Proposta de Redação;
c) questões de número 46 a 90, relativas à área de Ciências Humanas e suas Tecnologias.
ATENÇÃO: as questões de 1 a 5 são relativas à língua estrangeira. Você deverá responder apenas às questões relativas à língua estrangeira (inglês ou espanhol) escolhida no ato de sua inscrição.
2. Confira se a quantidade e a ordem das questões do seu CADERNO DE QUESTÕES estão de acordo com as instruções anteriores. Caso o caderno esteja incompleto, tenha defeito ou apresente qualquer divergência, comunique ao aplicador da sala para que ele tome as providências cabíveis.
3. Para cada uma das questões objetivas, são apresentadas 5 opções. Apenas uma responde corretamente à questão.
4. O tempo disponível para estas provas é de cinco horas e trinta minutos.
5. Reserve tempo suficiente para preencher o CARTÃO-RESPOSTA e a FOLHA DE REDAÇÃO.
6. Os rascunhos e as marcações assinaladas no CADERNO DE QUESTÕES não serão considerados na avaliação.
7. Somente serão corrigidas as redações transcritas na FOLHA DE REDAÇÃO.
8. Quando terminar as provas, acene para chamar o aplicador e entregue este CADERNO DE QUESTÕES, o CARTÃO-RESPOSTA/FOLHA DE REDAÇÃO.
9. Você poderá deixar o local de prova somente após decorridas duas horas do início da aplicação e poderá levar seu CADERNO DE QUESTÕES ao deixar em definitivo a sala de prova nos 30 minutos que antecedem o término das provas.
LINGUAGENS, CÓDIGOS E SUAS TECNOLOGIAS
Questões de 1 a 45
Questões de 1 a 5 (opção inglês)",NA,"A partir do século 19 e, principalmente, no século 20, iniciou-se o uso de produtos sintéticos na agricultura. No Brasil, a partir da década de 1960 e, posteriormente, nos anos 1970, os inseticidas ampliam sua fatia no mercado dos defensivos agrícolas.
Nos espaços agrícolas, a mudança técnica descrita provocou a diminuição da","B","contaminação de lençóis freáticos.",0,NA,NA,NA,NA,"Portuguese","C"
"enem_2025_1mil_ch","enem_2025_1mil_ch_1",90024,"ENEM 2025 - CH","Exame Nacional do Ensino Médio
ENEM 2025
Prova de Linguagens, Códigos e suas Tecnologias e Redação
Prova de Ciências Humanas e suas Tecnologias
1º dia
Caderno 9 – Laranja
INEP
Ministério da Educação
ATENÇÃO: transcreva no espaço apropriado do seu CARTÃO-RESPOSTA, com sua caligrafia usual, considerando as letras maiúsculas e minúsculas, a seguinte frase:
Cada pessoa deve trabalhar para o seu aperfeiçoamento
LEIA ATENTAMENTE AS INSTRUÇÕES SEGUINTES:
1. Este CADERNO DE QUESTÕES contém 90 questões numeradas de 1 a 90 e a Proposta de Redação, dispostas da seguinte maneira:
a) questões de número 1 a 45, relativas à área de Linguagens, Códigos e suas Tecnologias;
b) Proposta de Redação;
c) questões de número 46 a 90, relativas à área de Ciências Humanas e suas Tecnologias.
ATENÇÃO: as questões de 1 a 5 são relativas à língua estrangeira. Você deverá responder apenas às questões relativas à língua estrangeira (inglês ou espanhol) escolhida no ato de sua inscrição.
2. Confira se a quantidade e a ordem das questões do seu CADERNO DE QUESTÕES estão de acordo com as instruções anteriores. Caso o caderno esteja incompleto, tenha defeito ou apresente qualquer divergência, comunique ao aplicador da sala para que ele tome as providências cabíveis.
3. Para cada uma das questões objetivas, são apresentadas 5 opções. Apenas uma responde corretamente à questão.
4. O tempo disponível para estas provas é de cinco horas e trinta minutos.
5. Reserve tempo suficiente para preencher o CARTÃO-RESPOSTA e a FOLHA DE REDAÇÃO.
6. Os rascunhos e as marcações assinaladas no CADERNO DE QUESTÕES não serão considerados na avaliação.
7. Somente serão corrigidas as redações transcritas na FOLHA DE REDAÇÃO.
8. Quando terminar as provas, acene para chamar o aplicador e entregue este CADERNO DE QUESTÕES, o CARTÃO-RESPOSTA/FOLHA DE REDAÇÃO.
9. Você poderá deixar o local de prova somente após decorridas duas horas do início da aplicação e poderá levar seu CADERNO DE QUESTÕES ao deixar em definitivo a sala de prova nos 30 minutos que antecedem o término das provas.
LINGUAGENS, CÓDIGOS E SUAS TECNOLOGIAS
Questões de 1 a 45
Questões de 1 a 5 (opção inglês)",NA,"A partir do século 19 e, principalmente, no século 20, iniciou-se o uso de produtos sintéticos na agricultura. No Brasil, a partir da década de 1960 e, posteriormente, nos anos 1970, os inseticidas ampliam sua fatia no mercado dos defensivos agrícolas.
Nos espaços agrícolas, a mudança técnica descrita provocou a diminuição da","B","produtividade da terra cultivada.",0,NA,NA,NA,NA,"Portuguese","D"
"enem_2025_1mil_ch","enem_2025_1mil_ch_1",90024,"ENEM 2025 - CH","Exame Nacional do Ensino Médio
ENEM 2025
Prova de Linguagens, Códigos e suas Tecnologias e Redação
Prova de Ciências Humanas e suas Tecnologias
1º dia
Caderno 9 – Laranja
INEP
Ministério da Educação
ATENÇÃO: transcreva no espaço apropriado do seu CARTÃO-RESPOSTA, com sua caligrafia usual, considerando as letras maiúsculas e minúsculas, a seguinte frase:
Cada pessoa deve trabalhar para o seu aperfeiçoamento
LEIA ATENTAMENTE AS INSTRUÇÕES SEGUINTES:
1. Este CADERNO DE QUESTÕES contém 90 questões numeradas de 1 a 90 e a Proposta de Redação, dispostas da seguinte maneira:
a) questões de número 1 a 45, relativas à área de Linguagens, Códigos e suas Tecnologias;
b) Proposta de Redação;
c) questões de número 46 a 90, relativas à área de Ciências Humanas e suas Tecnologias.
ATENÇÃO: as questões de 1 a 5 são relativas à língua estrangeira. Você deverá responder apenas às questões relativas à língua estrangeira (inglês ou espanhol) escolhida no ato de sua inscrição.
2. Confira se a quantidade e a ordem das questões do seu CADERNO DE QUESTÕES estão de acordo com as instruções anteriores. Caso o caderno esteja incompleto, tenha defeito ou apresente qualquer divergência, comunique ao aplicador da sala para que ele tome as providências cabíveis.
3. Para cada uma das questões objetivas, são apresentadas 5 opções. Apenas uma responde corretamente à questão.
4. O tempo disponível para estas provas é de cinco horas e trinta minutos.
5. Reserve tempo suficiente para preencher o CARTÃO-RESPOSTA e a FOLHA DE REDAÇÃO.
6. Os rascunhos e as marcações assinaladas no CADERNO DE QUESTÕES não serão considerados na avaliação.
7. Somente serão corrigidas as redações transcritas na FOLHA DE REDAÇÃO.
8. Quando terminar as provas, acene para chamar o aplicador e entregue este CADERNO DE QUESTÕES, o CARTÃO-RESPOSTA/FOLHA DE REDAÇÃO.
9. Você poderá deixar o local de prova somente após decorridas duas horas do início da aplicação e poderá levar seu CADERNO DE QUESTÕES ao deixar em definitivo a sala de prova nos 30 minutos que antecedem o término das provas.
LINGUAGENS, CÓDIGOS E SUAS TECNOLOGIAS
Questões de 1 a 45
Questões de 1 a 5 (opção inglês)",NA,"A partir do século 19 e, principalmente, no século 20, iniciou-se o uso de produtos sintéticos na agricultura. No Brasil, a partir da década de 1960 e, posteriormente, nos anos 1970, os inseticidas ampliam sua fatia no mercado dos defensivos agrícolas.
Nos espaços agrícolas, a mudança técnica descrita provocou a diminuição da","B","ocorrência da erosão laminar.",0,NA,NA,NA,NA,"Portuguese","E"
"enem_2025_1mil_ch","enem_2025_1mil_ch_1",141167,"ENEM 2025 - CH","Exame Nacional do Ensino Médio
ENEM 2025
Prova de Linguagens, Códigos e suas Tecnologias e Redação
Prova de Ciências Humanas e suas Tecnologias
1º dia
Caderno 9 – Laranja
INEP
Ministério da Educação
ATENÇÃO: transcreva no espaço apropriado do seu CARTÃO-RESPOSTA, com sua caligrafia usual, considerando as letras maiúsculas e minúsculas, a seguinte frase:
Cada pessoa deve trabalhar para o seu aperfeiçoamento
LEIA ATENTAMENTE AS INSTRUÇÕES SEGUINTES:
1. Este CADERNO DE QUESTÕES contém 90 questões numeradas de 1 a 90 e a Proposta de Redação, dispostas da seguinte maneira:
a) questões de número 1 a 45, relativas à área de Linguagens, Códigos e suas Tecnologias;
b) Proposta de Redação;
c) questões de número 46 a 90, relativas à área de Ciências Humanas e suas Tecnologias.
ATENÇÃO: as questões de 1 a 5 são relativas à língua estrangeira. Você deverá responder apenas às questões relativas à língua estrangeira (inglês ou espanhol) escolhida no ato de sua inscrição.
2. Confira se a quantidade e a ordem das questões do seu CADERNO DE QUESTÕES estão de acordo com as instruções anteriores. Caso o caderno esteja incompleto, tenha defeito ou apresente qualquer divergência, comunique ao aplicador da sala para que ele tome as providências cabíveis.
3. Para cada uma das questões objetivas, são apresentadas 5 opções. Apenas uma responde corretamente à questão.
4. O tempo disponível para estas provas é de cinco horas e trinta minutos.
5. Reserve tempo suficiente para preencher o CARTÃO-RESPOSTA e a FOLHA DE REDAÇÃO.
6. Os rascunhos e as marcações assinaladas no CADERNO DE QUESTÕES não serão considerados na avaliação.
7. Somente serão corrigidas as redações transcritas na FOLHA DE REDAÇÃO.
8. Quando terminar as provas, acene para chamar o aplicador e entregue este CADERNO DE QUESTÕES, o CARTÃO-RESPOSTA/FOLHA DE REDAÇÃO.
9. Você poderá deixar o local de prova somente após decorridas duas horas do início da aplicação e poderá levar seu CADERNO DE QUESTÕES ao deixar em definitivo a sala de prova nos 30 minutos que antecedem o término das provas.
LINGUAGENS, CÓDIGOS E SUAS TECNOLOGIAS
Questões de 1 a 45
Questões de 1 a 5 (opção inglês)",NA,"A era dos direitos
Norberto Bobbio
Os direitos do homem constituem uma classe variável, como a história destes últimos séculos demonstra suficientemente. O elenco dos direitos do homem se modificou, e continua a se modificar, com a mudança das condições históricas, ou seja, dos carecimentos e dos interesses, das classes no poder, dos meios disponíveis para a realização dos mesmos, das transformações técnicas. Direitos que foram declarados absolutos no final do século 18 foram submetidos a radicais limitações nas declarações contemporâneas; direitos que as declarações do século 18 nem sequer mencionavam, como os direitos sociais, são agora proclamados com grande ostentação nas recentes declarações.
Os argumentos apresentados no texto sustentam que os direitos humanos são variáveis porque os considera como","C","fenômenos espontâneos.",0,NA,NA,NA,NA,"Portuguese","A"
"enem_2025_1mil_ch","enem_2025_1mil_ch_1",141167,"ENEM 2025 - CH","Exame Nacional do Ensino Médio
ENEM 2025
Prova de Linguagens, Códigos e suas Tecnologias e Redação
Prova de Ciências Humanas e suas Tecnologias
1º dia
Caderno 9 – Laranja
INEP
Ministério da Educação
ATENÇÃO: transcreva no espaço apropriado do seu CARTÃO-RESPOSTA, com sua caligrafia usual, considerando as letras maiúsculas e minúsculas, a seguinte frase:
Cada pessoa deve trabalhar para o seu aperfeiçoamento
LEIA ATENTAMENTE AS INSTRUÇÕES SEGUINTES:
1. Este CADERNO DE QUESTÕES contém 90 questões numeradas de 1 a 90 e a Proposta de Redação, dispostas da seguinte maneira:
a) questões de número 1 a 45, relativas à área de Linguagens, Códigos e suas Tecnologias;
b) Proposta de Redação;
c) questões de número 46 a 90, relativas à área de Ciências Humanas e suas Tecnologias.
ATENÇÃO: as questões de 1 a 5 são relativas à língua estrangeira. Você deverá responder apenas às questões relativas à língua estrangeira (inglês ou espanhol) escolhida no ato de sua inscrição.
2. Confira se a quantidade e a ordem das questões do seu CADERNO DE QUESTÕES estão de acordo com as instruções anteriores. Caso o caderno esteja incompleto, tenha defeito ou apresente qualquer divergência, comunique ao aplicador da sala para que ele tome as providências cabíveis.
3. Para cada uma das questões objetivas, são apresentadas 5 opções. Apenas uma responde corretamente à questão.
4. O tempo disponível para estas provas é de cinco horas e trinta minutos.
5. Reserve tempo suficiente para preencher o CARTÃO-RESPOSTA e a FOLHA DE REDAÇÃO.
6. Os rascunhos e as marcações assinaladas no CADERNO DE QUESTÕES não serão considerados na avaliação.
7. Somente serão corrigidas as redações transcritas na FOLHA DE REDAÇÃO.
8. Quando terminar as provas, acene para chamar o aplicador e entregue este CADERNO DE QUESTÕES, o CARTÃO-RESPOSTA/FOLHA DE REDAÇÃO.
9. Você poderá deixar o local de prova somente após decorridas duas horas do início da aplicação e poderá levar seu CADERNO DE QUESTÕES ao deixar em definitivo a sala de prova nos 30 minutos que antecedem o término das provas.
LINGUAGENS, CÓDIGOS E SUAS TECNOLOGIAS
Questões de 1 a 45
Questões de 1 a 5 (opção inglês)",NA,"A era dos direitos
Norberto Bobbio
Os direitos do homem constituem uma classe variável, como a história destes últimos séculos demonstra suficientemente. O elenco dos direitos do homem se modificou, e continua a se modificar, com a mudança das condições históricas, ou seja, dos carecimentos e dos interesses, das classes no poder, dos meios disponíveis para a realização dos mesmos, das transformações técnicas. Direitos que foram declarados absolutos no final do século 18 foram submetidos a radicais limitações nas declarações contemporâneas; direitos que as declarações do século 18 nem sequer mencionavam, como os direitos sociais, são agora proclamados com grande ostentação nas recentes declarações.
Os argumentos apresentados no texto sustentam que os direitos humanos são variáveis porque os considera como","C","conquistas atemporais.",0,NA,NA,NA,NA,"Portuguese","B"
"enem_2025_1mil_ch","enem_2025_1mil_ch_1",141167,"ENEM 2025 - CH","Exame Nacional do Ensino Médio
ENEM 2025
Prova de Linguagens, Códigos e suas Tecnologias e Redação
Prova de Ciências Humanas e suas Tecnologias
1º dia
Caderno 9 – Laranja
INEP
Ministério da Educação
ATENÇÃO: transcreva no espaço apropriado do seu CARTÃO-RESPOSTA, com sua caligrafia usual, considerando as letras maiúsculas e minúsculas, a seguinte frase:
Cada pessoa deve trabalhar para o seu aperfeiçoamento
LEIA ATENTAMENTE AS INSTRUÇÕES SEGUINTES:
1. Este CADERNO DE QUESTÕES contém 90 questões numeradas de 1 a 90 e a Proposta de Redação, dispostas da seguinte maneira:
a) questões de número 1 a 45, relativas à área de Linguagens, Códigos e suas Tecnologias;
b) Proposta de Redação;
c) questões de número 46 a 90, relativas à área de Ciências Humanas e suas Tecnologias.
ATENÇÃO: as questões de 1 a 5 são relativas à língua estrangeira. Você deverá responder apenas às questões relativas à língua estrangeira (inglês ou espanhol) escolhida no ato de sua inscrição.
2. Confira se a quantidade e a ordem das questões do seu CADERNO DE QUESTÕES estão de acordo com as instruções anteriores. Caso o caderno esteja incompleto, tenha defeito ou apresente qualquer divergência, comunique ao aplicador da sala para que ele tome as providências cabíveis.
3. Para cada uma das questões objetivas, são apresentadas 5 opções. Apenas uma responde corretamente à questão.
4. O tempo disponível para estas provas é de cinco horas e trinta minutos.
5. Reserve tempo suficiente para preencher o CARTÃO-RESPOSTA e a FOLHA DE REDAÇÃO.
6. Os rascunhos e as marcações assinaladas no CADERNO DE QUESTÕES não serão considerados na avaliação.
7. Somente serão corrigidas as redações transcritas na FOLHA DE REDAÇÃO.
8. Quando terminar as provas, acene para chamar o aplicador e entregue este CADERNO DE QUESTÕES, o CARTÃO-RESPOSTA/FOLHA DE REDAÇÃO.
9. Você poderá deixar o local de prova somente após decorridas duas horas do início da aplicação e poderá levar seu CADERNO DE QUESTÕES ao deixar em definitivo a sala de prova nos 30 minutos que antecedem o término das provas.
LINGUAGENS, CÓDIGOS E SUAS TECNOLOGIAS
Questões de 1 a 45
Questões de 1 a 5 (opção inglês)",NA,"A era dos direitos
Norberto Bobbio
Os direitos do homem constituem uma classe variável, como a história destes últimos séculos demonstra suficientemente. O elenco dos direitos do homem se modificou, e continua a se modificar, com a mudança das condições históricas, ou seja, dos carecimentos e dos interesses, das classes no poder, dos meios disponíveis para a realização dos mesmos, das transformações técnicas. Direitos que foram declarados absolutos no final do século 18 foram submetidos a radicais limitações nas declarações contemporâneas; direitos que as declarações do século 18 nem sequer mencionavam, como os direitos sociais, são agora proclamados com grande ostentação nas recentes declarações.
Os argumentos apresentados no texto sustentam que os direitos humanos são variáveis porque os considera como","C","convenções coletivas.",1,NA,NA,NA,NA,"Portuguese","C"
"enem_2025_1mil_ch","enem_2025_1mil_ch_1",141167,"ENEM 2025 - CH","Exame Nacional do Ensino Médio
ENEM 2025
Prova de Linguagens, Códigos e suas Tecnologias e Redação
Prova de Ciências Humanas e suas Tecnologias
1º dia
Caderno 9 – Laranja
INEP
Ministério da Educação
ATENÇÃO: transcreva no espaço apropriado do seu CARTÃO-RESPOSTA, com sua caligrafia usual, considerando as letras maiúsculas e minúsculas, a seguinte frase:
Cada pessoa deve trabalhar para o seu aperfeiçoamento
LEIA ATENTAMENTE AS INSTRUÇÕES SEGUINTES:
1. Este CADERNO DE QUESTÕES contém 90 questões numeradas de 1 a 90 e a Proposta de Redação, dispostas da seguinte maneira:
a) questões de número 1 a 45, relativas à área de Linguagens, Códigos e suas Tecnologias;
b) Proposta de Redação;
c) questões de número 46 a 90, relativas à área de Ciências Humanas e suas Tecnologias.
ATENÇÃO: as questões de 1 a 5 são relativas à língua estrangeira. Você deverá responder apenas às questões relativas à língua estrangeira (inglês ou espanhol) escolhida no ato de sua inscrição.
2. Confira se a quantidade e a ordem das questões do seu CADERNO DE QUESTÕES estão de acordo com as instruções anteriores. Caso o caderno esteja incompleto, tenha defeito ou apresente qualquer divergência, comunique ao aplicador da sala para que ele tome as providências cabíveis.
3. Para cada uma das questões objetivas, são apresentadas 5 opções. Apenas uma responde corretamente à questão.
4. O tempo disponível para estas provas é de cinco horas e trinta minutos.
5. Reserve tempo suficiente para preencher o CARTÃO-RESPOSTA e a FOLHA DE REDAÇÃO.
6. Os rascunhos e as marcações assinaladas no CADERNO DE QUESTÕES não serão considerados na avaliação.
7. Somente serão corrigidas as redações transcritas na FOLHA DE REDAÇÃO.
8. Quando terminar as provas, acene para chamar o aplicador e entregue este CADERNO DE QUESTÕES, o CARTÃO-RESPOSTA/FOLHA DE REDAÇÃO.
9. Você poderá deixar o local de prova somente após decorridas duas horas do início da aplicação e poderá levar seu CADERNO DE QUESTÕES ao deixar em definitivo a sala de prova nos 30 minutos que antecedem o término das provas.
LINGUAGENS, CÓDIGOS E SUAS TECNOLOGIAS
Questões de 1 a 45
Questões de 1 a 5 (opção inglês)",NA,"A era dos direitos
Norberto Bobbio
Os direitos do homem constituem uma classe variável, como a história destes últimos séculos demonstra suficientemente. O elenco dos direitos do homem se modificou, e continua a se modificar, com a mudança das condições históricas, ou seja, dos carecimentos e dos interesses, das classes no poder, dos meios disponíveis para a realização dos mesmos, das transformações técnicas. Direitos que foram declarados absolutos no final do século 18 foram submetidos a radicais limitações nas declarações contemporâneas; direitos que as declarações do século 18 nem sequer mencionavam, como os direitos sociais, são agora proclamados com grande ostentação nas recentes declarações.
Os argumentos apresentados no texto sustentam que os direitos humanos são variáveis porque os considera como","C","resquícios religiosos.",0,NA,NA,NA,NA,"Portuguese","D"
"enem_2025_1mil_ch","enem_2025_1mil_ch_1",141167,"ENEM 2025 - CH","Exame Nacional do Ensino Médio
ENEM 2025
Prova de Linguagens, Códigos e suas Tecnologias e Redação
Prova de Ciências Humanas e suas Tecnologias
1º dia
Caderno 9 – Laranja
INEP
Ministério da Educação
ATENÇÃO: transcreva no espaço apropriado do seu CARTÃO-RESPOSTA, com sua caligrafia usual, considerando as letras maiúsculas e minúsculas, a seguinte frase:
Cada pessoa deve trabalhar para o seu aperfeiçoamento
LEIA ATENTAMENTE AS INSTRUÇÕES SEGUINTES:
1. Este CADERNO DE QUESTÕES contém 90 questões numeradas de 1 a 90 e a Proposta de Redação, dispostas da seguinte maneira:
a) questões de número 1 a 45, relativas à área de Linguagens, Códigos e suas Tecnologias;
b) Proposta de Redação;
c) questões de número 46 a 90, relativas à área de Ciências Humanas e suas Tecnologias.
ATENÇÃO: as questões de 1 a 5 são relativas à língua estrangeira. Você deverá responder apenas às questões relativas à língua estrangeira (inglês ou espanhol) escolhida no ato de sua inscrição.
2. Confira se a quantidade e a ordem das questões do seu CADERNO DE QUESTÕES estão de acordo com as instruções anteriores. Caso o caderno esteja incompleto, tenha defeito ou apresente qualquer divergência, comunique ao aplicador da sala para que ele tome as providências cabíveis.
3. Para cada uma das questões objetivas, são apresentadas 5 opções. Apenas uma responde corretamente à questão.
4. O tempo disponível para estas provas é de cinco horas e trinta minutos.
5. Reserve tempo suficiente para preencher o CARTÃO-RESPOSTA e a FOLHA DE REDAÇÃO.
6. Os rascunhos e as marcações assinaladas no CADERNO DE QUESTÕES não serão considerados na avaliação.
7. Somente serão corrigidas as redações transcritas na FOLHA DE REDAÇÃO.
8. Quando terminar as provas, acene para chamar o aplicador e entregue este CADERNO DE QUESTÕES, o CARTÃO-RESPOSTA/FOLHA DE REDAÇÃO.
9. Você poderá deixar o local de prova somente após decorridas duas horas do início da aplicação e poderá levar seu CADERNO DE QUESTÕES ao deixar em definitivo a sala de prova nos 30 minutos que antecedem o término das provas.
LINGUAGENS, CÓDIGOS E SUAS TECNOLOGIAS
Questões de 1 a 45
Questões de 1 a 5 (opção inglês)",NA,"A era dos direitos
Norberto Bobbio
Os direitos do homem constituem uma classe variável, como a história destes últimos séculos demonstra suficientemente. O elenco dos direitos do homem se modificou, e continua a se modificar, com a mudança das condições históricas, ou seja, dos carecimentos e dos interesses, das classes no poder, dos meios disponíveis para a realização dos mesmos, das transformações técnicas. Direitos que foram declarados absolutos no final do século 18 foram submetidos a radicais limitações nas declarações contemporâneas; direitos que as declarações do século 18 nem sequer mencionavam, como os direitos sociais, são agora proclamados com grande ostentação nas recentes declarações.
Os argumentos apresentados no texto sustentam que os direitos humanos são variáveis porque os considera como","C","imposições políticas.",0,NA,NA,NA,NA,"Portuguese","E"
"enem_2025_1mil_ch","enem_2025_1mil_ch_1",118062,"ENEM 2025 - CH","Exame Nacional do Ensino Médio
ENEM 2025
Prova de Linguagens, Códigos e suas Tecnologias e Redação
Prova de Ciências Humanas e suas Tecnologias
1º dia
Caderno 9 – Laranja
INEP
Ministério da Educação
ATENÇÃO: transcreva no espaço apropriado do seu CARTÃO-RESPOSTA, com sua caligrafia usual, considerando as letras maiúsculas e minúsculas, a seguinte frase:
Cada pessoa deve trabalhar para o seu aperfeiçoamento
LEIA ATENTAMENTE AS INSTRUÇÕES SEGUINTES:
1. Este CADERNO DE QUESTÕES contém 90 questões numeradas de 1 a 90 e a Proposta de Redação, dispostas da seguinte maneira:
a) questões de número 1 a 45, relativas à área de Linguagens, Códigos e suas Tecnologias;
b) Proposta de Redação;
c) questões de número 46 a 90, relativas à área de Ciências Humanas e suas Tecnologias.
ATENÇÃO: as questões de 1 a 5 são relativas à língua estrangeira. Você deverá responder apenas às questões relativas à língua estrangeira (inglês ou espanhol) escolhida no ato de sua inscrição.
2. Confira se a quantidade e a ordem das questões do seu CADERNO DE QUESTÕES estão de acordo com as instruções anteriores. Caso o caderno esteja incompleto, tenha defeito ou apresente qualquer divergência, comunique ao aplicador da sala para que ele tome as providências cabíveis.
3. Para cada uma das questões objetivas, são apresentadas 5 opções. Apenas uma responde corretamente à questão.
4. O tempo disponível para estas provas é de cinco horas e trinta minutos.
5. Reserve tempo suficiente para preencher o CARTÃO-RESPOSTA e a FOLHA DE REDAÇÃO.
6. Os rascunhos e as marcações assinaladas no CADERNO DE QUESTÕES não serão considerados na avaliação.
7. Somente serão corrigidas as redações transcritas na FOLHA DE REDAÇÃO.
8. Quando terminar as provas, acene para chamar o aplicador e entregue este CADERNO DE QUESTÕES, o CARTÃO-RESPOSTA/FOLHA DE REDAÇÃO.
9. Você poderá deixar o local de prova somente após decorridas duas horas do início da aplicação e poderá levar seu CADERNO DE QUESTÕES ao deixar em definitivo a sala de prova nos 30 minutos que antecedem o término das provas.
LINGUAGENS, CÓDIGOS E SUAS TECNOLOGIAS
Questões de 1 a 45
Questões de 1 a 5 (opção inglês)",NA,"Descrição da charge: Intitulada Carro elétrico, uma miragem ecológica, a charge, do cartunista Adão, está dividida em dois cenários. No primeiro cenário, há um espaço urbano, com prédios, árvores, aves e céu limpo. No centro, há dois personagens, um dentro de um carro e o outro em pé, ao lado do veículo. O carro traz o desenho de um raio simbolizando que é elétrico. Esse primeiro cenário se conecta ao segundo cenário por meio de um cabo elétrico que sai da parte traseira do carro. Nesse segundo cenário, a paisagem é de um ambiente encoberto por fumaça e resíduos sólidos descartados sobre o chão. Nele há outros dois personagens, que estão cobertos de fuligem e tentam conectar o cabo a uma tomada. (Fim da descrição)
Revolução tecnológica, transformação geopolítica
Guillaume Pitron
A mudança para a eletromobilidade de fato promove uma alteração no consumo de recursos naturais. Hoje, amplamente dependentes do petróleo, nossos modais de transporte poderiam se tornar cada vez mais dependentes de trinta metais raros. Gálio, tântalo, cobalto, platinoides, tungstênio, metais de terras-raras: uma mina contém apenas ínfimas quantidades desses metais dotados de fabulosas propriedades eletrônicas, ópticas e magnéticas.
No que se refere ao desenvolvimento sustentável, a charge e o texto indicam uma contradição no uso da tecnologia alternativa derivada do seguinte aspecto:","A","Necessidade de fontes não renováveis.",1,NA,NA,NA,NA,"Portuguese","A"
"enem_2025_1mil_ch","enem_2025_1mil_ch_1",118062,"ENEM 2025 - CH","Exame Nacional do Ensino Médio
ENEM 2025
Prova de Linguagens, Códigos e suas Tecnologias e Redação
Prova de Ciências Humanas e suas Tecnologias
1º dia
Caderno 9 – Laranja
INEP
Ministério da Educação
ATENÇÃO: transcreva no espaço apropriado do seu CARTÃO-RESPOSTA, com sua caligrafia usual, considerando as letras maiúsculas e minúsculas, a seguinte frase:
Cada pessoa deve trabalhar para o seu aperfeiçoamento
LEIA ATENTAMENTE AS INSTRUÇÕES SEGUINTES:
1. Este CADERNO DE QUESTÕES contém 90 questões numeradas de 1 a 90 e a Proposta de Redação, dispostas da seguinte maneira:
a) questões de número 1 a 45, relativas à área de Linguagens, Códigos e suas Tecnologias;
b) Proposta de Redação;
c) questões de número 46 a 90, relativas à área de Ciências Humanas e suas Tecnologias.
ATENÇÃO: as questões de 1 a 5 são relativas à língua estrangeira. Você deverá responder apenas às questões relativas à língua estrangeira (inglês ou espanhol) escolhida no ato de sua inscrição.
2. Confira se a quantidade e a ordem das questões do seu CADERNO DE QUESTÕES estão de acordo com as instruções anteriores. Caso o caderno esteja incompleto, tenha defeito ou apresente qualquer divergência, comunique ao aplicador da sala para que ele tome as providências cabíveis.
3. Para cada uma das questões objetivas, são apresentadas 5 opções. Apenas uma responde corretamente à questão.
4. O tempo disponível para estas provas é de cinco horas e trinta minutos.
5. Reserve tempo suficiente para preencher o CARTÃO-RESPOSTA e a FOLHA DE REDAÇÃO.
6. Os rascunhos e as marcações assinaladas no CADERNO DE QUESTÕES não serão considerados na avaliação.
7. Somente serão corrigidas as redações transcritas na FOLHA DE REDAÇÃO.
8. Quando terminar as provas, acene para chamar o aplicador e entregue este CADERNO DE QUESTÕES, o CARTÃO-RESPOSTA/FOLHA DE REDAÇÃO.
9. Você poderá deixar o local de prova somente após decorridas duas horas do início da aplicação e poderá levar seu CADERNO DE QUESTÕES ao deixar em definitivo a sala de prova nos 30 minutos que antecedem o término das provas.
LINGUAGENS, CÓDIGOS E SUAS TECNOLOGIAS
Questões de 1 a 45
Questões de 1 a 5 (opção inglês)",NA,"Descrição da charge: Intitulada Carro elétrico, uma miragem ecológica, a charge, do cartunista Adão, está dividida em dois cenários. No primeiro cenário, há um espaço urbano, com prédios, árvores, aves e céu limpo. No centro, há dois personagens, um dentro de um carro e o outro em pé, ao lado do veículo. O carro traz o desenho de um raio simbolizando que é elétrico. Esse primeiro cenário se conecta ao segundo cenário por meio de um cabo elétrico que sai da parte traseira do carro. Nesse segundo cenário, a paisagem é de um ambiente encoberto por fumaça e resíduos sólidos descartados sobre o chão. Nele há outros dois personagens, que estão cobertos de fuligem e tentam conectar o cabo a uma tomada. (Fim da descrição)
Revolução tecnológica, transformação geopolítica
Guillaume Pitron
A mudança para a eletromobilidade de fato promove uma alteração no consumo de recursos naturais. Hoje, amplamente dependentes do petróleo, nossos modais de transporte poderiam se tornar cada vez mais dependentes de trinta metais raros. Gálio, tântalo, cobalto, platinoides, tungstênio, metais de terras-raras: uma mina contém apenas ínfimas quantidades desses metais dotados de fabulosas propriedades eletrônicas, ópticas e magnéticas.
No que se refere ao desenvolvimento sustentável, a charge e o texto indicam uma contradição no uso da tecnologia alternativa derivada do seguinte aspecto:","A","Padronização dos modelos produtivos.",0,NA,NA,NA,NA,"Portuguese","B"
"enem_2025_1mil_ch","enem_2025_1mil_ch_1",118062,"ENEM 2025 - CH","Exame Nacional do Ensino Médio
ENEM 2025
Prova de Linguagens, Códigos e suas Tecnologias e Redação
Prova de Ciências Humanas e suas Tecnologias
1º dia
Caderno 9 – Laranja
INEP
Ministério da Educação
ATENÇÃO: transcreva no espaço apropriado do seu CARTÃO-RESPOSTA, com sua caligrafia usual, considerando as letras maiúsculas e minúsculas, a seguinte frase:
Cada pessoa deve trabalhar para o seu aperfeiçoamento
LEIA ATENTAMENTE AS INSTRUÇÕES SEGUINTES:
1. Este CADERNO DE QUESTÕES contém 90 questões numeradas de 1 a 90 e a Proposta de Redação, dispostas da seguinte maneira:
a) questões de número 1 a 45, relativas à área de Linguagens, Códigos e suas Tecnologias;
b) Proposta de Redação;
c) questões de número 46 a 90, relativas à área de Ciências Humanas e suas Tecnologias.
ATENÇÃO: as questões de 1 a 5 são relativas à língua estrangeira. Você deverá responder apenas às questões relativas à língua estrangeira (inglês ou espanhol) escolhida no ato de sua inscrição.
2. Confira se a quantidade e a ordem das questões do seu CADERNO DE QUESTÕES estão de acordo com as instruções anteriores. Caso o caderno esteja incompleto, tenha defeito ou apresente qualquer divergência, comunique ao aplicador da sala para que ele tome as providências cabíveis.
3. Para cada uma das questões objetivas, são apresentadas 5 opções. Apenas uma responde corretamente à questão.
4. O tempo disponível para estas provas é de cinco horas e trinta minutos.
5. Reserve tempo suficiente para preencher o CARTÃO-RESPOSTA e a FOLHA DE REDAÇÃO.
6. Os rascunhos e as marcações assinaladas no CADERNO DE QUESTÕES não serão considerados na avaliação.
7. Somente serão corrigidas as redações transcritas na FOLHA DE REDAÇÃO.
8. Quando terminar as provas, acene para chamar o aplicador e entregue este CADERNO DE QUESTÕES, o CARTÃO-RESPOSTA/FOLHA DE REDAÇÃO.
9. Você poderá deixar o local de prova somente após decorridas duas horas do início da aplicação e poderá levar seu CADERNO DE QUESTÕES ao deixar em definitivo a sala de prova nos 30 minutos que antecedem o término das provas.
LINGUAGENS, CÓDIGOS E SUAS TECNOLOGIAS
Questões de 1 a 45
Questões de 1 a 5 (opção inglês)",NA,"Descrição da charge: Intitulada Carro elétrico, uma miragem ecológica, a charge, do cartunista Adão, está dividida em dois cenários. No primeiro cenário, há um espaço urbano, com prédios, árvores, aves e céu limpo. No centro, há dois personagens, um dentro de um carro e o outro em pé, ao lado do veículo. O carro traz o desenho de um raio simbolizando que é elétrico. Esse primeiro cenário se conecta ao segundo cenário por meio de um cabo elétrico que sai da parte traseira do carro. Nesse segundo cenário, a paisagem é de um ambiente encoberto por fumaça e resíduos sólidos descartados sobre o chão. Nele há outros dois personagens, que estão cobertos de fuligem e tentam conectar o cabo a uma tomada. (Fim da descrição)
Revolução tecnológica, transformação geopolítica
Guillaume Pitron
A mudança para a eletromobilidade de fato promove uma alteração no consumo de recursos naturais. Hoje, amplamente dependentes do petróleo, nossos modais de transporte poderiam se tornar cada vez mais dependentes de trinta metais raros. Gálio, tântalo, cobalto, platinoides, tungstênio, metais de terras-raras: uma mina contém apenas ínfimas quantidades desses metais dotados de fabulosas propriedades eletrônicas, ópticas e magnéticas.
No que se refere ao desenvolvimento sustentável, a charge e o texto indicam uma contradição no uso da tecnologia alternativa derivada do seguinte aspecto:","A","Demanda de mão de obra qualificada.",0,NA,NA,NA,NA,"Portuguese","C"
"enem_2025_1mil_ch","enem_2025_1mil_ch_1",118062,"ENEM 2025 - CH","Exame Nacional do Ensino Médio
ENEM 2025
Prova de Linguagens, Códigos e suas Tecnologias e Redação
Prova de Ciências Humanas e suas Tecnologias
1º dia
Caderno 9 – Laranja
INEP
Ministério da Educação
ATENÇÃO: transcreva no espaço apropriado do seu CARTÃO-RESPOSTA, com sua caligrafia usual, considerando as letras maiúsculas e minúsculas, a seguinte frase:
Cada pessoa deve trabalhar para o seu aperfeiçoamento
LEIA ATENTAMENTE AS INSTRUÇÕES SEGUINTES:
1. Este CADERNO DE QUESTÕES contém 90 questões numeradas de 1 a 90 e a Proposta de Redação, dispostas da seguinte maneira:
a) questões de número 1 a 45, relativas à área de Linguagens, Códigos e suas Tecnologias;
b) Proposta de Redação;
c) questões de número 46 a 90, relativas à área de Ciências Humanas e suas Tecnologias.
ATENÇÃO: as questões de 1 a 5 são relativas à língua estrangeira. Você deverá responder apenas às questões relativas à língua estrangeira (inglês ou espanhol) escolhida no ato de sua inscrição.
2. Confira se a quantidade e a ordem das questões do seu CADERNO DE QUESTÕES estão de acordo com as instruções anteriores. Caso o caderno esteja incompleto, tenha defeito ou apresente qualquer divergência, comunique ao aplicador da sala para que ele tome as providências cabíveis.
3. Para cada uma das questões objetivas, são apresentadas 5 opções. Apenas uma responde corretamente à questão.
4. O tempo disponível para estas provas é de cinco horas e trinta minutos.
5. Reserve tempo suficiente para preencher o CARTÃO-RESPOSTA e a FOLHA DE REDAÇÃO.
6. Os rascunhos e as marcações assinaladas no CADERNO DE QUESTÕES não serão considerados na avaliação.
7. Somente serão corrigidas as redações transcritas na FOLHA DE REDAÇÃO.
8. Quando terminar as provas, acene para chamar o aplicador e entregue este CADERNO DE QUESTÕES, o CARTÃO-RESPOSTA/FOLHA DE REDAÇÃO.
9. Você poderá deixar o local de prova somente após decorridas duas horas do início da aplicação e poderá levar seu CADERNO DE QUESTÕES ao deixar em definitivo a sala de prova nos 30 minutos que antecedem o término das provas.
LINGUAGENS, CÓDIGOS E SUAS TECNOLOGIAS
Questões de 1 a 45
Questões de 1 a 5 (opção inglês)",NA,"Descrição da charge: Intitulada Carro elétrico, uma miragem ecológica, a charge, do cartunista Adão, está dividida em dois cenários. No primeiro cenário, há um espaço urbano, com prédios, árvores, aves e céu limpo. No centro, há dois personagens, um dentro de um carro e o outro em pé, ao lado do veículo. O carro traz o desenho de um raio simbolizando que é elétrico. Esse primeiro cenário se conecta ao segundo cenário por meio de um cabo elétrico que sai da parte traseira do carro. Nesse segundo cenário, a paisagem é de um ambiente encoberto por fumaça e resíduos sólidos descartados sobre o chão. Nele há outros dois personagens, que estão cobertos de fuligem e tentam conectar o cabo a uma tomada. (Fim da descrição)
Revolução tecnológica, transformação geopolítica
Guillaume Pitron
A mudança para a eletromobilidade de fato promove uma alteração no consumo de recursos naturais. Hoje, amplamente dependentes do petróleo, nossos modais de transporte poderiam se tornar cada vez mais dependentes de trinta metais raros. Gálio, tântalo, cobalto, platinoides, tungstênio, metais de terras-raras: uma mina contém apenas ínfimas quantidades desses metais dotados de fabulosas propriedades eletrônicas, ópticas e magnéticas.
No que se refere ao desenvolvimento sustentável, a charge e o texto indicam uma contradição no uso da tecnologia alternativa derivada do seguinte aspecto:","A","Precariedade da legislação industrial.",0,NA,NA,NA,NA,"Portuguese","D"
"enem_2025_1mil_ch","enem_2025_1mil_ch_1",118062,"ENEM 2025 - CH","Exame Nacional do Ensino Médio
ENEM 2025
Prova de Linguagens, Códigos e suas Tecnologias e Redação
Prova de Ciências Humanas e suas Tecnologias
1º dia
Caderno 9 – Laranja
INEP
Ministério da Educação
ATENÇÃO: transcreva no espaço apropriado do seu CARTÃO-RESPOSTA, com sua caligrafia usual, considerando as letras maiúsculas e minúsculas, a seguinte frase:
Cada pessoa deve trabalhar para o seu aperfeiçoamento
LEIA ATENTAMENTE AS INSTRUÇÕES SEGUINTES:
1. Este CADERNO DE QUESTÕES contém 90 questões numeradas de 1 a 90 e a Proposta de Redação, dispostas da seguinte maneira:
a) questões de número 1 a 45, relativas à área de Linguagens, Códigos e suas Tecnologias;
b) Proposta de Redação;
c) questões de número 46 a 90, relativas à área de Ciências Humanas e suas Tecnologias.
ATENÇÃO: as questões de 1 a 5 são relativas à língua estrangeira. Você deverá responder apenas às questões relativas à língua estrangeira (inglês ou espanhol) escolhida no ato de sua inscrição.
2. Confira se a quantidade e a ordem das questões do seu CADERNO DE QUESTÕES estão de acordo com as instruções anteriores. Caso o caderno esteja incompleto, tenha defeito ou apresente qualquer divergência, comunique ao aplicador da sala para que ele tome as providências cabíveis.
3. Para cada uma das questões objetivas, são apresentadas 5 opções. Apenas uma responde corretamente à questão.
4. O tempo disponível para estas provas é de cinco horas e trinta minutos.
5. Reserve tempo suficiente para preencher o CARTÃO-RESPOSTA e a FOLHA DE REDAÇÃO.
6. Os rascunhos e as marcações assinaladas no CADERNO DE QUESTÕES não serão considerados na avaliação.
7. Somente serão corrigidas as redações transcritas na FOLHA DE REDAÇÃO.
8. Quando terminar as provas, acene para chamar o aplicador e entregue este CADERNO DE QUESTÕES, o CARTÃO-RESPOSTA/FOLHA DE REDAÇÃO.
9. Você poderá deixar o local de prova somente após decorridas duas horas do início da aplicação e poderá levar seu CADERNO DE QUESTÕES ao deixar em definitivo a sala de prova nos 30 minutos que antecedem o término das provas.
LINGUAGENS, CÓDIGOS E SUAS TECNOLOGIAS
Questões de 1 a 45
Questões de 1 a 5 (opção inglês)",NA,"Descrição da charge: Intitulada Carro elétrico, uma miragem ecológica, a charge, do cartunista Adão, está dividida em dois cenários. No primeiro cenário, há um espaço urbano, com prédios, árvores, aves e céu limpo. No centro, há dois personagens, um dentro de um carro e o outro em pé, ao lado do veículo. O carro traz o desenho de um raio simbolizando que é elétrico. Esse primeiro cenário se conecta ao segundo cenário por meio de um cabo elétrico que sai da parte traseira do carro. Nesse segundo cenário, a paisagem é de um ambiente encoberto por fumaça e resíduos sólidos descartados sobre o chão. Nele há outros dois personagens, que estão cobertos de fuligem e tentam conectar o cabo a uma tomada. (Fim da descrição)
Revolução tecnológica, transformação geopolítica
Guillaume Pitron
A mudança para a eletromobilidade de fato promove uma alteração no consumo de recursos naturais. Hoje, amplamente dependentes do petróleo, nossos modais de transporte poderiam se tornar cada vez mais dependentes de trinta metais raros. Gálio, tântalo, cobalto, platinoides, tungstênio, metais de terras-raras: uma mina contém apenas ínfimas quantidades desses metais dotados de fabulosas propriedades eletrônicas, ópticas e magnéticas.
No que se refere ao desenvolvimento sustentável, a charge e o texto indicam uma contradição no uso da tecnologia alternativa derivada do seguinte aspecto:","A","Utilização de materiais recicláveis.",0,NA,NA,NA,NA,"Portuguese","E"
"enem_2025_1mil_ch","enem_2025_1mil_ch_1",56054,"ENEM 2025 - CH","Exame Nacional do Ensino Médio
ENEM 2025
Prova de Linguagens, Códigos e suas Tecnologias e Redação
Prova de Ciências Humanas e suas Tecnologias
1º dia
Caderno 9 – Laranja
INEP
Ministério da Educação
ATENÇÃO: transcreva no espaço apropriado do seu CARTÃO-RESPOSTA, com sua caligrafia usual, considerando as letras maiúsculas e minúsculas, a seguinte frase:
Cada pessoa deve trabalhar para o seu aperfeiçoamento
LEIA ATENTAMENTE AS INSTRUÇÕES SEGUINTES:
1. Este CADERNO DE QUESTÕES contém 90 questões numeradas de 1 a 90 e a Proposta de Redação, dispostas da seguinte maneira:
a) questões de número 1 a 45, relativas à área de Linguagens, Códigos e suas Tecnologias;
b) Proposta de Redação;
c) questões de número 46 a 90, relativas à área de Ciências Humanas e suas Tecnologias.
ATENÇÃO: as questões de 1 a 5 são relativas à língua estrangeira. Você deverá responder apenas às questões relativas à língua estrangeira (inglês ou espanhol) escolhida no ato de sua inscrição.
2. Confira se a quantidade e a ordem das questões do seu CADERNO DE QUESTÕES estão de acordo com as instruções anteriores. Caso o caderno esteja incompleto, tenha defeito ou apresente qualquer divergência, comunique ao aplicador da sala para que ele tome as providências cabíveis.
3. Para cada uma das questões objetivas, são apresentadas 5 opções. Apenas uma responde corretamente à questão.
4. O tempo disponível para estas provas é de cinco horas e trinta minutos.
5. Reserve tempo suficiente para preencher o CARTÃO-RESPOSTA e a FOLHA DE REDAÇÃO.
6. Os rascunhos e as marcações assinaladas no CADERNO DE QUESTÕES não serão considerados na avaliação.
7. Somente serão corrigidas as redações transcritas na FOLHA DE REDAÇÃO.
8. Quando terminar as provas, acene para chamar o aplicador e entregue este CADERNO DE QUESTÕES, o CARTÃO-RESPOSTA/FOLHA DE REDAÇÃO.
9. Você poderá deixar o local de prova somente após decorridas duas horas do início da aplicação e poderá levar seu CADERNO DE QUESTÕES ao deixar em definitivo a sala de prova nos 30 minutos que antecedem o término das provas.
LINGUAGENS, CÓDIGOS E SUAS TECNOLOGIAS
Questões de 1 a 45
Questões de 1 a 5 (opção inglês)",NA,"A Roda dos Expostos de Salvador (Bahia) data de 1726 e foi uma das instituições implantadas com o objetivo de acolher e prover um encaminhamento para a criança recém-nascida abandonada. Essa assistência fundamentava-se em práticas caritativas, paternalistas e imediatistas que visavam ao cuidado básico da criança e, especialmente, à salvação da sua alma, via batismo, devido à alta mortalidade.
A instituição apresentada no texto justificava-se pelo(a)","B","defesa de direitos humanos.",0,NA,NA,NA,NA,"Portuguese","A"
"enem_2025_1mil_ch","enem_2025_1mil_ch_1",56054,"ENEM 2025 - CH","Exame Nacional do Ensino Médio
ENEM 2025
Prova de Linguagens, Códigos e suas Tecnologias e Redação
Prova de Ciências Humanas e suas Tecnologias
1º dia
Caderno 9 – Laranja
INEP
Ministério da Educação
ATENÇÃO: transcreva no espaço apropriado do seu CARTÃO-RESPOSTA, com sua caligrafia usual, considerando as letras maiúsculas e minúsculas, a seguinte frase:
Cada pessoa deve trabalhar para o seu aperfeiçoamento
LEIA ATENTAMENTE AS INSTRUÇÕES SEGUINTES:
1. Este CADERNO DE QUESTÕES contém 90 questões numeradas de 1 a 90 e a Proposta de Redação, dispostas da seguinte maneira:
a) questões de número 1 a 45, relativas à área de Linguagens, Códigos e suas Tecnologias;
b) Proposta de Redação;
c) questões de número 46 a 90, relativas à área de Ciências Humanas e suas Tecnologias.
ATENÇÃO: as questões de 1 a 5 são relativas à língua estrangeira. Você deverá responder apenas às questões relativas à língua estrangeira (inglês ou espanhol) escolhida no ato de sua inscrição.
2. Confira se a quantidade e a ordem das questões do seu CADERNO DE QUESTÕES estão de acordo com as instruções anteriores. Caso o caderno esteja incompleto, tenha defeito ou apresente qualquer divergência, comunique ao aplicador da sala para que ele tome as providências cabíveis.
3. Para cada uma das questões objetivas, são apresentadas 5 opções. Apenas uma responde corretamente à questão.
4. O tempo disponível para estas provas é de cinco horas e trinta minutos.
5. Reserve tempo suficiente para preencher o CARTÃO-RESPOSTA e a FOLHA DE REDAÇÃO.
6. Os rascunhos e as marcações assinaladas no CADERNO DE QUESTÕES não serão considerados na avaliação.
7. Somente serão corrigidas as redações transcritas na FOLHA DE REDAÇÃO.
8. Quando terminar as provas, acene para chamar o aplicador e entregue este CADERNO DE QUESTÕES, o CARTÃO-RESPOSTA/FOLHA DE REDAÇÃO.
9. Você poderá deixar o local de prova somente após decorridas duas horas do início da aplicação e poderá levar seu CADERNO DE QUESTÕES ao deixar em definitivo a sala de prova nos 30 minutos que antecedem o término das provas.
LINGUAGENS, CÓDIGOS E SUAS TECNOLOGIAS
Questões de 1 a 45
Questões de 1 a 5 (opção inglês)",NA,"A Roda dos Expostos de Salvador (Bahia) data de 1726 e foi uma das instituições implantadas com o objetivo de acolher e prover um encaminhamento para a criança recém-nascida abandonada. Essa assistência fundamentava-se em práticas caritativas, paternalistas e imediatistas que visavam ao cuidado básico da criança e, especialmente, à salvação da sua alma, via batismo, devido à alta mortalidade.
A instituição apresentada no texto justificava-se pelo(a)","B","preceito de natureza sociorreligiosa.",1,NA,NA,NA,NA,"Portuguese","B"
"enem_2025_1mil_ch","enem_2025_1mil_ch_1",56054,"ENEM 2025 - CH","Exame Nacional do Ensino Médio
ENEM 2025
Prova de Linguagens, Códigos e suas Tecnologias e Redação
Prova de Ciências Humanas e suas Tecnologias
1º dia
Caderno 9 – Laranja
INEP
Ministério da Educação
ATENÇÃO: transcreva no espaço apropriado do seu CARTÃO-RESPOSTA, com sua caligrafia usual, considerando as letras maiúsculas e minúsculas, a seguinte frase:
Cada pessoa deve trabalhar para o seu aperfeiçoamento
LEIA ATENTAMENTE AS INSTRUÇÕES SEGUINTES:
1. Este CADERNO DE QUESTÕES contém 90 questões numeradas de 1 a 90 e a Proposta de Redação, dispostas da seguinte maneira:
a) questões de número 1 a 45, relativas à área de Linguagens, Códigos e suas Tecnologias;
b) Proposta de Redação;
c) questões de número 46 a 90, relativas à área de Ciências Humanas e suas Tecnologias.
ATENÇÃO: as questões de 1 a 5 são relativas à língua estrangeira. Você deverá responder apenas às questões relativas à língua estrangeira (inglês ou espanhol) escolhida no ato de sua inscrição.
2. Confira se a quantidade e a ordem das questões do seu CADERNO DE QUESTÕES estão de acordo com as instruções anteriores. Caso o caderno esteja incompleto, tenha defeito ou apresente qualquer divergência, comunique ao aplicador da sala para que ele tome as providências cabíveis.
3. Para cada uma das questões objetivas, são apresentadas 5 opções. Apenas uma responde corretamente à questão.
4. O tempo disponível para estas provas é de cinco horas e trinta minutos.
5. Reserve tempo suficiente para preencher o CARTÃO-RESPOSTA e a FOLHA DE REDAÇÃO.
6. Os rascunhos e as marcações assinaladas no CADERNO DE QUESTÕES não serão considerados na avaliação.
7. Somente serão corrigidas as redações transcritas na FOLHA DE REDAÇÃO.
8. Quando terminar as provas, acene para chamar o aplicador e entregue este CADERNO DE QUESTÕES, o CARTÃO-RESPOSTA/FOLHA DE REDAÇÃO.
9. Você poderá deixar o local de prova somente após decorridas duas horas do início da aplicação e poderá levar seu CADERNO DE QUESTÕES ao deixar em definitivo a sala de prova nos 30 minutos que antecedem o término das provas.
LINGUAGENS, CÓDIGOS E SUAS TECNOLOGIAS
Questões de 1 a 45
Questões de 1 a 5 (opção inglês)",NA,"A Roda dos Expostos de Salvador (Bahia) data de 1726 e foi uma das instituições implantadas com o objetivo de acolher e prover um encaminhamento para a criança recém-nascida abandonada. Essa assistência fundamentava-se em práticas caritativas, paternalistas e imediatistas que visavam ao cuidado básico da criança e, especialmente, à salvação da sua alma, via batismo, devido à alta mortalidade.
A instituição apresentada no texto justificava-se pelo(a)","B","reconhecimento de vínculos familiares.",0,NA,NA,NA,NA,"Portuguese","C"
"enem_2025_1mil_ch","enem_2025_1mil_ch_1",56054,"ENEM 2025 - CH","Exame Nacional do Ensino Médio
ENEM 2025
Prova de Linguagens, Códigos e suas Tecnologias e Redação
Prova de Ciências Humanas e suas Tecnologias
1º dia
Caderno 9 – Laranja
INEP
Ministério da Educação
ATENÇÃO: transcreva no espaço apropriado do seu CARTÃO-RESPOSTA, com sua caligrafia usual, considerando as letras maiúsculas e minúsculas, a seguinte frase:
Cada pessoa deve trabalhar para o seu aperfeiçoamento
LEIA ATENTAMENTE AS INSTRUÇÕES SEGUINTES:
1. Este CADERNO DE QUESTÕES contém 90 questões numeradas de 1 a 90 e a Proposta de Redação, dispostas da seguinte maneira:
a) questões de número 1 a 45, relativas à área de Linguagens, Códigos e suas Tecnologias;
b) Proposta de Redação;
c) questões de número 46 a 90, relativas à área de Ciências Humanas e suas Tecnologias.
ATENÇÃO: as questões de 1 a 5 são relativas à língua estrangeira. Você deverá responder apenas às questões relativas à língua estrangeira (inglês ou espanhol) escolhida no ato de sua inscrição.
2. Confira se a quantidade e a ordem das questões do seu CADERNO DE QUESTÕES estão de acordo com as instruções anteriores. Caso o caderno esteja incompleto, tenha defeito ou apresente qualquer divergência, comunique ao aplicador da sala para que ele tome as providências cabíveis.
3. Para cada uma das questões objetivas, são apresentadas 5 opções. Apenas uma responde corretamente à questão.
4. O tempo disponível para estas provas é de cinco horas e trinta minutos.
5. Reserve tempo suficiente para preencher o CARTÃO-RESPOSTA e a FOLHA DE REDAÇÃO.
6. Os rascunhos e as marcações assinaladas no CADERNO DE QUESTÕES não serão considerados na avaliação.
7. Somente serão corrigidas as redações transcritas na FOLHA DE REDAÇÃO.
8. Quando terminar as provas, acene para chamar o aplicador e entregue este CADERNO DE QUESTÕES, o CARTÃO-RESPOSTA/FOLHA DE REDAÇÃO.
9. Você poderá deixar o local de prova somente após decorridas duas horas do início da aplicação e poderá levar seu CADERNO DE QUESTÕES ao deixar em definitivo a sala de prova nos 30 minutos que antecedem o término das provas.
LINGUAGENS, CÓDIGOS E SUAS TECNOLOGIAS
Questões de 1 a 45
Questões de 1 a 5 (opção inglês)",NA,"A Roda dos Expostos de Salvador (Bahia) data de 1726 e foi uma das instituições implantadas com o objetivo de acolher e prover um encaminhamento para a criança recém-nascida abandonada. Essa assistência fundamentava-se em práticas caritativas, paternalistas e imediatistas que visavam ao cuidado básico da criança e, especialmente, à salvação da sua alma, via batismo, devido à alta mortalidade.
A instituição apresentada no texto justificava-se pelo(a)","B","discurso de cunho técnico-científico.",0,NA,NA,NA,NA,"Portuguese","D"
"enem_2025_1mil_ch","enem_2025_1mil_ch_1",56054,"ENEM 2025 - CH","Exame Nacional do Ensino Médio
ENEM 2025
Prova de Linguagens, Códigos e suas Tecnologias e Redação
Prova de Ciências Humanas e suas Tecnologias
1º dia
Caderno 9 – Laranja
INEP
Ministério da Educação
ATENÇÃO: transcreva no espaço apropriado do seu CARTÃO-RESPOSTA, com sua caligrafia usual, considerando as letras maiúsculas e minúsculas, a seguinte frase:
Cada pessoa deve trabalhar para o seu aperfeiçoamento
LEIA ATENTAMENTE AS INSTRUÇÕES SEGUINTES:
1. Este CADERNO DE QUESTÕES contém 90 questões numeradas de 1 a 90 e a Proposta de Redação, dispostas da seguinte maneira:
a) questões de número 1 a 45, relativas à área de Linguagens, Códigos e suas Tecnologias;
b) Proposta de Redação;
c) questões de número 46 a 90, relativas à área de Ciências Humanas e suas Tecnologias.
ATENÇÃO: as questões de 1 a 5 são relativas à língua estrangeira. Você deverá responder apenas às questões relativas à língua estrangeira (inglês ou espanhol) escolhida no ato de sua inscrição.
2. Confira se a quantidade e a ordem das questões do seu CADERNO DE QUESTÕES estão de acordo com as instruções anteriores. Caso o caderno esteja incompleto, tenha defeito ou apresente qualquer divergência, comunique ao aplicador da sala para que ele tome as providências cabíveis.
3. Para cada uma das questões objetivas, são apresentadas 5 opções. Apenas uma responde corretamente à questão.
4. O tempo disponível para estas provas é de cinco horas e trinta minutos.
5. Reserve tempo suficiente para preencher o CARTÃO-RESPOSTA e a FOLHA DE REDAÇÃO.
6. Os rascunhos e as marcações assinaladas no CADERNO DE QUESTÕES não serão considerados na avaliação.
7. Somente serão corrigidas as redações transcritas na FOLHA DE REDAÇÃO.
8. Quando terminar as provas, acene para chamar o aplicador e entregue este CADERNO DE QUESTÕES, o CARTÃO-RESPOSTA/FOLHA DE REDAÇÃO.
9. Você poderá deixar o local de prova somente após decorridas duas horas do início da aplicação e poderá levar seu CADERNO DE QUESTÕES ao deixar em definitivo a sala de prova nos 30 minutos que antecedem o término das provas.
LINGUAGENS, CÓDIGOS E SUAS TECNOLOGIAS
Questões de 1 a 45
Questões de 1 a 5 (opção inglês)",NA,"A Roda dos Expostos de Salvador (Bahia) data de 1726 e foi uma das instituições implantadas com o objetivo de acolher e prover um encaminhamento para a criança recém-nascida abandonada. Essa assistência fundamentava-se em práticas caritativas, paternalistas e imediatistas que visavam ao cuidado básico da criança e, especialmente, à salvação da sua alma, via batismo, devido à alta mortalidade.
A instituição apresentada no texto justificava-se pelo(a)","B","ideologia de caráter abolicionista.",0,NA,NA,NA,NA,"Portuguese","E"
"enem_2025_1mil_ch","enem_2025_1mil_ch_1",141162,"ENEM 2025 - CH","Exame Nacional do Ensino Médio
ENEM 2025
Prova de Linguagens, Códigos e suas Tecnologias e Redação
Prova de Ciências Humanas e suas Tecnologias
1º dia
Caderno 9 – Laranja
INEP
Ministério da Educação
ATENÇÃO: transcreva no espaço apropriado do seu CARTÃO-RESPOSTA, com sua caligrafia usual, considerando as letras maiúsculas e minúsculas, a seguinte frase:
Cada pessoa deve trabalhar para o seu aperfeiçoamento
LEIA ATENTAMENTE AS INSTRUÇÕES SEGUINTES:
1. Este CADERNO DE QUESTÕES contém 90 questões numeradas de 1 a 90 e a Proposta de Redação, dispostas da seguinte maneira:
a) questões de número 1 a 45, relativas à área de Linguagens, Códigos e suas Tecnologias;
b) Proposta de Redação;
c) questões de número 46 a 90, relativas à área de Ciências Humanas e suas Tecnologias.
ATENÇÃO: as questões de 1 a 5 são relativas à língua estrangeira. Você deverá responder apenas às questões relativas à língua estrangeira (inglês ou espanhol) escolhida no ato de sua inscrição.
2. Confira se a quantidade e a ordem das questões do seu CADERNO DE QUESTÕES estão de acordo com as instruções anteriores. Caso o caderno esteja incompleto, tenha defeito ou apresente qualquer divergência, comunique ao aplicador da sala para que ele tome as providências cabíveis.
3. Para cada uma das questões objetivas, são apresentadas 5 opções. Apenas uma responde corretamente à questão.
4. O tempo disponível para estas provas é de cinco horas e trinta minutos.
5. Reserve tempo suficiente para preencher o CARTÃO-RESPOSTA e a FOLHA DE REDAÇÃO.
6. Os rascunhos e as marcações assinaladas no CADERNO DE QUESTÕES não serão considerados na avaliação.
7. Somente serão corrigidas as redações transcritas na FOLHA DE REDAÇÃO.
8. Quando terminar as provas, acene para chamar o aplicador e entregue este CADERNO DE QUESTÕES, o CARTÃO-RESPOSTA/FOLHA DE REDAÇÃO.
9. Você poderá deixar o local de prova somente após decorridas duas horas do início da aplicação e poderá levar seu CADERNO DE QUESTÕES ao deixar em definitivo a sala de prova nos 30 minutos que antecedem o término das provas.
LINGUAGENS, CÓDIGOS E SUAS TECNOLOGIAS
Questões de 1 a 45
Questões de 1 a 5 (opção inglês)",NA,"Uma introdução aos princípios da moral e da legislação
Jeremy Bentham
A missão dos governantes consiste em promover a felicidade da sociedade, punindo e recompensando. A parte da missão de governo que consiste em punir constitui mais particularmente o objeto da lei penal. A obrigatoriedade ou necessidade de punir uma ação é proporcional à medida que tal ação tende a perturbar a felicidade e à medida que a tendência do referido ato é perniciosa. A felicidade consiste naquilo que já vimos, ou seja, em desfrutar prazeres e em estar isento de dores.
Qual perspectiva de justiça emerge da relação, estabelecida no texto, entre punição e felicidade?","A","Aplicação de meios para atingir um fim.",1,NA,NA,NA,NA,"Portuguese","A"
"enem_2025_1mil_ch","enem_2025_1mil_ch_1",141162,"ENEM 2025 - CH","Exame Nacional do Ensino Médio
ENEM 2025
Prova de Linguagens, Códigos e suas Tecnologias e Redação
Prova de Ciências Humanas e suas Tecnologias
1º dia
Caderno 9 – Laranja
INEP
Ministério da Educação
ATENÇÃO: transcreva no espaço apropriado do seu CARTÃO-RESPOSTA, com sua caligrafia usual, considerando as letras maiúsculas e minúsculas, a seguinte frase:
Cada pessoa deve trabalhar para o seu aperfeiçoamento
LEIA ATENTAMENTE AS INSTRUÇÕES SEGUINTES:
1. Este CADERNO DE QUESTÕES contém 90 questões numeradas de 1 a 90 e a Proposta de Redação, dispostas da seguinte maneira:
a) questões de número 1 a 45, relativas à área de Linguagens, Códigos e suas Tecnologias;
b) Proposta de Redação;
c) questões de número 46 a 90, relativas à área de Ciências Humanas e suas Tecnologias.
ATENÇÃO: as questões de 1 a 5 são relativas à língua estrangeira. Você deverá responder apenas às questões relativas à língua estrangeira (inglês ou espanhol) escolhida no ato de sua inscrição.
2. Confira se a quantidade e a ordem das questões do seu CADERNO DE QUESTÕES estão de acordo com as instruções anteriores. Caso o caderno esteja incompleto, tenha defeito ou apresente qualquer divergência, comunique ao aplicador da sala para que ele tome as providências cabíveis.
3. Para cada uma das questões objetivas, são apresentadas 5 opções. Apenas uma responde corretamente à questão.
4. O tempo disponível para estas provas é de cinco horas e trinta minutos.
5. Reserve tempo suficiente para preencher o CARTÃO-RESPOSTA e a FOLHA DE REDAÇÃO.
6. Os rascunhos e as marcações assinaladas no CADERNO DE QUESTÕES não serão considerados na avaliação.
7. Somente serão corrigidas as redações transcritas na FOLHA DE REDAÇÃO.
8. Quando terminar as provas, acene para chamar o aplicador e entregue este CADERNO DE QUESTÕES, o CARTÃO-RESPOSTA/FOLHA DE REDAÇÃO.
9. Você poderá deixar o local de prova somente após decorridas duas horas do início da aplicação e poderá levar seu CADERNO DE QUESTÕES ao deixar em definitivo a sala de prova nos 30 minutos que antecedem o término das provas.
LINGUAGENS, CÓDIGOS E SUAS TECNOLOGIAS
Questões de 1 a 45
Questões de 1 a 5 (opção inglês)",NA,"Uma introdução aos princípios da moral e da legislação
Jeremy Bentham
A missão dos governantes consiste em promover a felicidade da sociedade, punindo e recompensando. A parte da missão de governo que consiste em punir constitui mais particularmente o objeto da lei penal. A obrigatoriedade ou necessidade de punir uma ação é proporcional à medida que tal ação tende a perturbar a felicidade e à medida que a tendência do referido ato é perniciosa. A felicidade consiste naquilo que já vimos, ou seja, em desfrutar prazeres e em estar isento de dores.
Qual perspectiva de justiça emerge da relação, estabelecida no texto, entre punição e felicidade?","A","Imposição de regras para estabelecer um dever.",0,NA,NA,NA,NA,"Portuguese","B"
"enem_2025_1mil_ch","enem_2025_1mil_ch_1",141162,"ENEM 2025 - CH","Exame Nacional do Ensino Médio
ENEM 2025
Prova de Linguagens, Códigos e suas Tecnologias e Redação
Prova de Ciências Humanas e suas Tecnologias
1º dia
Caderno 9 – Laranja
INEP
Ministério da Educação
ATENÇÃO: transcreva no espaço apropriado do seu CARTÃO-RESPOSTA, com sua caligrafia usual, considerando as letras maiúsculas e minúsculas, a seguinte frase:
Cada pessoa deve trabalhar para o seu aperfeiçoamento
LEIA ATENTAMENTE AS INSTRUÇÕES SEGUINTES:
1. Este CADERNO DE QUESTÕES contém 90 questões numeradas de 1 a 90 e a Proposta de Redação, dispostas da seguinte maneira:
a) questões de número 1 a 45, relativas à área de Linguagens, Códigos e suas Tecnologias;
b) Proposta de Redação;
c) questões de número 46 a 90, relativas à área de Ciências Humanas e suas Tecnologias.
ATENÇÃO: as questões de 1 a 5 são relativas à língua estrangeira. Você deverá responder apenas às questões relativas à língua estrangeira (inglês ou espanhol) escolhida no ato de sua inscrição.
2. Confira se a quantidade e a ordem das questões do seu CADERNO DE QUESTÕES estão de acordo com as instruções anteriores. Caso o caderno esteja incompleto, tenha defeito ou apresente qualquer divergência, comunique ao aplicador da sala para que ele tome as providências cabíveis.
3. Para cada uma das questões objetivas, são apresentadas 5 opções. Apenas uma responde corretamente à questão.
4. O tempo disponível para estas provas é de cinco horas e trinta minutos.
5. Reserve tempo suficiente para preencher o CARTÃO-RESPOSTA e a FOLHA DE REDAÇÃO.
6. Os rascunhos e as marcações assinaladas no CADERNO DE QUESTÕES não serão considerados na avaliação.
7. Somente serão corrigidas as redações transcritas na FOLHA DE REDAÇÃO.
8. Quando terminar as provas, acene para chamar o aplicador e entregue este CADERNO DE QUESTÕES, o CARTÃO-RESPOSTA/FOLHA DE REDAÇÃO.
9. Você poderá deixar o local de prova somente após decorridas duas horas do início da aplicação e poderá levar seu CADERNO DE QUESTÕES ao deixar em definitivo a sala de prova nos 30 minutos que antecedem o término das provas.
LINGUAGENS, CÓDIGOS E SUAS TECNOLOGIAS
Questões de 1 a 45
Questões de 1 a 5 (opção inglês)",NA,"Uma introdução aos princípios da moral e da legislação
Jeremy Bentham
A missão dos governantes consiste em promover a felicidade da sociedade, punindo e recompensando. A parte da missão de governo que consiste em punir constitui mais particularmente o objeto da lei penal. A obrigatoriedade ou necessidade de punir uma ação é proporcional à medida que tal ação tende a perturbar a felicidade e à medida que a tendência do referido ato é perniciosa. A felicidade consiste naquilo que já vimos, ou seja, em desfrutar prazeres e em estar isento de dores.
Qual perspectiva de justiça emerge da relação, estabelecida no texto, entre punição e felicidade?","A","Sobreposição de princípios para fundamentar um direito.",0,NA,NA,NA,NA,"Portuguese","C"
"enem_2025_1mil_ch","enem_2025_1mil_ch_1",141162,"ENEM 2025 - CH","Exame Nacional do Ensino Médio
ENEM 2025
Prova de Linguagens, Códigos e suas Tecnologias e Redação
Prova de Ciências Humanas e suas Tecnologias
1º dia
Caderno 9 – Laranja
INEP
Ministério da Educação
ATENÇÃO: transcreva no espaço apropriado do seu CARTÃO-RESPOSTA, com sua caligrafia usual, considerando as letras maiúsculas e minúsculas, a seguinte frase:
Cada pessoa deve trabalhar para o seu aperfeiçoamento
LEIA ATENTAMENTE AS INSTRUÇÕES SEGUINTES:
1. Este CADERNO DE QUESTÕES contém 90 questões numeradas de 1 a 90 e a Proposta de Redação, dispostas da seguinte maneira:
a) questões de número 1 a 45, relativas à área de Linguagens, Códigos e suas Tecnologias;
b) Proposta de Redação;
c) questões de número 46 a 90, relativas à área de Ciências Humanas e suas Tecnologias.
ATENÇÃO: as questões de 1 a 5 são relativas à língua estrangeira. Você deverá responder apenas às questões relativas à língua estrangeira (inglês ou espanhol) escolhida no ato de sua inscrição.
2. Confira se a quantidade e a ordem das questões do seu CADERNO DE QUESTÕES estão de acordo com as instruções anteriores. Caso o caderno esteja incompleto, tenha defeito ou apresente qualquer divergência, comunique ao aplicador da sala para que ele tome as providências cabíveis.
3. Para cada uma das questões objetivas, são apresentadas 5 opções. Apenas uma responde corretamente à questão.
4. O tempo disponível para estas provas é de cinco horas e trinta minutos.
5. Reserve tempo suficiente para preencher o CARTÃO-RESPOSTA e a FOLHA DE REDAÇÃO.
6. Os rascunhos e as marcações assinaladas no CADERNO DE QUESTÕES não serão considerados na avaliação.
7. Somente serão corrigidas as redações transcritas na FOLHA DE REDAÇÃO.
8. Quando terminar as provas, acene para chamar o aplicador e entregue este CADERNO DE QUESTÕES, o CARTÃO-RESPOSTA/FOLHA DE REDAÇÃO.
9. Você poderá deixar o local de prova somente após decorridas duas horas do início da aplicação e poderá levar seu CADERNO DE QUESTÕES ao deixar em definitivo a sala de prova nos 30 minutos que antecedem o término das provas.
LINGUAGENS, CÓDIGOS E SUAS TECNOLOGIAS
Questões de 1 a 45
Questões de 1 a 5 (opção inglês)",NA,"Uma introdução aos princípios da moral e da legislação
Jeremy Bentham
A missão dos governantes consiste em promover a felicidade da sociedade, punindo e recompensando. A parte da missão de governo que consiste em punir constitui mais particularmente o objeto da lei penal. A obrigatoriedade ou necessidade de punir uma ação é proporcional à medida que tal ação tende a perturbar a felicidade e à medida que a tendência do referido ato é perniciosa. A felicidade consiste naquilo que já vimos, ou seja, em desfrutar prazeres e em estar isento de dores.
Qual perspectiva de justiça emerge da relação, estabelecida no texto, entre punição e felicidade?","A","Criação de parâmetros para reconhecer uma prescrição.",0,NA,NA,NA,NA,"Portuguese","D"
"enem_2025_1mil_ch","enem_2025_1mil_ch_1",141162,"ENEM 2025 - CH","Exame Nacional do Ensino Médio
ENEM 2025
Prova de Linguagens, Códigos e suas Tecnologias e Redação
Prova de Ciências Humanas e suas Tecnologias
1º dia
Caderno 9 – Laranja
INEP
Ministério da Educação
ATENÇÃO: transcreva no espaço apropriado do seu CARTÃO-RESPOSTA, com sua caligrafia usual, considerando as letras maiúsculas e minúsculas, a seguinte frase:
Cada pessoa deve trabalhar para o seu aperfeiçoamento
LEIA ATENTAMENTE AS INSTRUÇÕES SEGUINTES:
1. Este CADERNO DE QUESTÕES contém 90 questões numeradas de 1 a 90 e a Proposta de Redação, dispostas da seguinte maneira:
a) questões de número 1 a 45, relativas à área de Linguagens, Códigos e suas Tecnologias;
b) Proposta de Redação;
c) questões de número 46 a 90, relativas à área de Ciências Humanas e suas Tecnologias.
ATENÇÃO: as questões de 1 a 5 são relativas à língua estrangeira. Você deverá responder apenas às questões relativas à língua estrangeira (inglês ou espanhol) escolhida no ato de sua inscrição.
2. Confira se a quantidade e a ordem das questões do seu CADERNO DE QUESTÕES estão de acordo com as instruções anteriores. Caso o caderno esteja incompleto, tenha defeito ou apresente qualquer divergência, comunique ao aplicador da sala para que ele tome as providências cabíveis.
3. Para cada uma das questões objetivas, são apresentadas 5 opções. Apenas uma responde corretamente à questão.
4. O tempo disponível para estas provas é de cinco horas e trinta minutos.
5. Reserve tempo suficiente para preencher o CARTÃO-RESPOSTA e a FOLHA DE REDAÇÃO.
6. Os rascunhos e as marcações assinaladas no CADERNO DE QUESTÕES não serão considerados na avaliação.
7. Somente serão corrigidas as redações transcritas na FOLHA DE REDAÇÃO.
8. Quando terminar as provas, acene para chamar o aplicador e entregue este CADERNO DE QUESTÕES, o CARTÃO-RESPOSTA/FOLHA DE REDAÇÃO.
9. Você poderá deixar o local de prova somente após decorridas duas horas do início da aplicação e poderá levar seu CADERNO DE QUESTÕES ao deixar em definitivo a sala de prova nos 30 minutos que antecedem o término das provas.
LINGUAGENS, CÓDIGOS E SUAS TECNOLOGIAS
Questões de 1 a 45
Questões de 1 a 5 (opção inglês)",NA,"Uma introdução aos princípios da moral e da legislação
Jeremy Bentham
A missão dos governantes consiste em promover a felicidade da sociedade, punindo e recompensando. A parte da missão de governo que consiste em punir constitui mais particularmente o objeto da lei penal. A obrigatoriedade ou necessidade de punir uma ação é proporcional à medida que tal ação tende a perturbar a felicidade e à medida que a tendência do referido ato é perniciosa. A felicidade consiste naquilo que já vimos, ou seja, em desfrutar prazeres e em estar isento de dores.
Qual perspectiva de justiça emerge da relação, estabelecida no texto, entre punição e felicidade?","A","Elaboração de convenções para referendar um costume.",0,NA,NA,NA,NA,"Portuguese","E"
"enem_2025_1mil_ch","enem_2025_1mil_ch_1",118057,"ENEM 2025 - CH","Exame Nacional do Ensino Médio
ENEM 2025
Prova de Linguagens, Códigos e suas Tecnologias e Redação
Prova de Ciências Humanas e suas Tecnologias
1º dia
Caderno 9 – Laranja
INEP
Ministério da Educação
ATENÇÃO: transcreva no espaço apropriado do seu CARTÃO-RESPOSTA, com sua caligrafia usual, considerando as letras maiúsculas e minúsculas, a seguinte frase:
Cada pessoa deve trabalhar para o seu aperfeiçoamento
LEIA ATENTAMENTE AS INSTRUÇÕES SEGUINTES:
1. Este CADERNO DE QUESTÕES contém 90 questões numeradas de 1 a 90 e a Proposta de Redação, dispostas da seguinte maneira:
a) questões de número 1 a 45, relativas à área de Linguagens, Códigos e suas Tecnologias;
b) Proposta de Redação;
c) questões de número 46 a 90, relativas à área de Ciências Humanas e suas Tecnologias.
ATENÇÃO: as questões de 1 a 5 são relativas à língua estrangeira. Você deverá responder apenas às questões relativas à língua estrangeira (inglês ou espanhol) escolhida no ato de sua inscrição.
2. Confira se a quantidade e a ordem das questões do seu CADERNO DE QUESTÕES estão de acordo com as instruções anteriores. Caso o caderno esteja incompleto, tenha defeito ou apresente qualquer divergência, comunique ao aplicador da sala para que ele tome as providências cabíveis.
3. Para cada uma das questões objetivas, são apresentadas 5 opções. Apenas uma responde corretamente à questão.
4. O tempo disponível para estas provas é de cinco horas e trinta minutos.
5. Reserve tempo suficiente para preencher o CARTÃO-RESPOSTA e a FOLHA DE REDAÇÃO.
6. Os rascunhos e as marcações assinaladas no CADERNO DE QUESTÕES não serão considerados na avaliação.
7. Somente serão corrigidas as redações transcritas na FOLHA DE REDAÇÃO.
8. Quando terminar as provas, acene para chamar o aplicador e entregue este CADERNO DE QUESTÕES, o CARTÃO-RESPOSTA/FOLHA DE REDAÇÃO.
9. Você poderá deixar o local de prova somente após decorridas duas horas do início da aplicação e poderá levar seu CADERNO DE QUESTÕES ao deixar em definitivo a sala de prova nos 30 minutos que antecedem o término das provas.
LINGUAGENS, CÓDIGOS E SUAS TECNOLOGIAS
Questões de 1 a 45
Questões de 1 a 5 (opção inglês)",NA,"Cidade sustentável é o assentamento humano constituído por uma sociedade com consciência de seu papel de agente transformador dos espaços e cuja relação não se dá pela razão natureza-objeto, e sim por uma ação sinérgica entre prudência ecológica, eficiência energética e equidade socioespacial.
Uma medida pública que contradiz o modelo de cidade exposto no texto é a","C","coleta seletiva de lixo.",0,NA,NA,NA,NA,"Portuguese","A"
"enem_2025_1mil_ch","enem_2025_1mil_ch_1",118057,"ENEM 2025 - CH","Exame Nacional do Ensino Médio
ENEM 2025
Prova de Linguagens, Códigos e suas Tecnologias e Redação
Prova de Ciências Humanas e suas Tecnologias
1º dia
Caderno 9 – Laranja
INEP
Ministério da Educação
ATENÇÃO: transcreva no espaço apropriado do seu CARTÃO-RESPOSTA, com sua caligrafia usual, considerando as letras maiúsculas e minúsculas, a seguinte frase:
Cada pessoa deve trabalhar para o seu aperfeiçoamento
LEIA ATENTAMENTE AS INSTRUÇÕES SEGUINTES:
1. Este CADERNO DE QUESTÕES contém 90 questões numeradas de 1 a 90 e a Proposta de Redação, dispostas da seguinte maneira:
a) questões de número 1 a 45, relativas à área de Linguagens, Códigos e suas Tecnologias;
b) Proposta de Redação;
c) questões de número 46 a 90, relativas à área de Ciências Humanas e suas Tecnologias.
ATENÇÃO: as questões de 1 a 5 são relativas à língua estrangeira. Você deverá responder apenas às questões relativas à língua estrangeira (inglês ou espanhol) escolhida no ato de sua inscrição.
2. Confira se a quantidade e a ordem das questões do seu CADERNO DE QUESTÕES estão de acordo com as instruções anteriores. Caso o caderno esteja incompleto, tenha defeito ou apresente qualquer divergência, comunique ao aplicador da sala para que ele tome as providências cabíveis.
3. Para cada uma das questões objetivas, são apresentadas 5 opções. Apenas uma responde corretamente à questão.
4. O tempo disponível para estas provas é de cinco horas e trinta minutos.
5. Reserve tempo suficiente para preencher o CARTÃO-RESPOSTA e a FOLHA DE REDAÇÃO.
6. Os rascunhos e as marcações assinaladas no CADERNO DE QUESTÕES não serão considerados na avaliação.
7. Somente serão corrigidas as redações transcritas na FOLHA DE REDAÇÃO.
8. Quando terminar as provas, acene para chamar o aplicador e entregue este CADERNO DE QUESTÕES, o CARTÃO-RESPOSTA/FOLHA DE REDAÇÃO.
9. Você poderá deixar o local de prova somente após decorridas duas horas do início da aplicação e poderá levar seu CADERNO DE QUESTÕES ao deixar em definitivo a sala de prova nos 30 minutos que antecedem o término das provas.
LINGUAGENS, CÓDIGOS E SUAS TECNOLOGIAS
Questões de 1 a 45
Questões de 1 a 5 (opção inglês)",NA,"Cidade sustentável é o assentamento humano constituído por uma sociedade com consciência de seu papel de agente transformador dos espaços e cuja relação não se dá pela razão natureza-objeto, e sim por uma ação sinérgica entre prudência ecológica, eficiência energética e equidade socioespacial.
Uma medida pública que contradiz o modelo de cidade exposto no texto é a","C","reutilização das águas pluviais.",0,NA,NA,NA,NA,"Portuguese","B"
"enem_2025_1mil_ch","enem_2025_1mil_ch_1",118057,"ENEM 2025 - CH","Exame Nacional do Ensino Médio
ENEM 2025
Prova de Linguagens, Códigos e suas Tecnologias e Redação
Prova de Ciências Humanas e suas Tecnologias
1º dia
Caderno 9 – Laranja
INEP
Ministério da Educação
ATENÇÃO: transcreva no espaço apropriado do seu CARTÃO-RESPOSTA, com sua caligrafia usual, considerando as letras maiúsculas e minúsculas, a seguinte frase:
Cada pessoa deve trabalhar para o seu aperfeiçoamento
LEIA ATENTAMENTE AS INSTRUÇÕES SEGUINTES:
1. Este CADERNO DE QUESTÕES contém 90 questões numeradas de 1 a 90 e a Proposta de Redação, dispostas da seguinte maneira:
a) questões de número 1 a 45, relativas à área de Linguagens, Códigos e suas Tecnologias;
b) Proposta de Redação;
c) questões de número 46 a 90, relativas à área de Ciências Humanas e suas Tecnologias.
ATENÇÃO: as questões de 1 a 5 são relativas à língua estrangeira. Você deverá responder apenas às questões relativas à língua estrangeira (inglês ou espanhol) escolhida no ato de sua inscrição.
2. Confira se a quantidade e a ordem das questões do seu CADERNO DE QUESTÕES estão de acordo com as instruções anteriores. Caso o caderno esteja incompleto, tenha defeito ou apresente qualquer divergência, comunique ao aplicador da sala para que ele tome as providências cabíveis.
3. Para cada uma das questões objetivas, são apresentadas 5 opções. Apenas uma responde corretamente à questão.
4. O tempo disponível para estas provas é de cinco horas e trinta minutos.
5. Reserve tempo suficiente para preencher o CARTÃO-RESPOSTA e a FOLHA DE REDAÇÃO.
6. Os rascunhos e as marcações assinaladas no CADERNO DE QUESTÕES não serão considerados na avaliação.
7. Somente serão corrigidas as redações transcritas na FOLHA DE REDAÇÃO.
8. Quando terminar as provas, acene para chamar o aplicador e entregue este CADERNO DE QUESTÕES, o CARTÃO-RESPOSTA/FOLHA DE REDAÇÃO.
9. Você poderá deixar o local de prova somente após decorridas duas horas do início da aplicação e poderá levar seu CADERNO DE QUESTÕES ao deixar em definitivo a sala de prova nos 30 minutos que antecedem o término das provas.
LINGUAGENS, CÓDIGOS E SUAS TECNOLOGIAS
Questões de 1 a 45
Questões de 1 a 5 (opção inglês)",NA,"Cidade sustentável é o assentamento humano constituído por uma sociedade com consciência de seu papel de agente transformador dos espaços e cuja relação não se dá pela razão natureza-objeto, e sim por uma ação sinérgica entre prudência ecológica, eficiência energética e equidade socioespacial.
Uma medida pública que contradiz o modelo de cidade exposto no texto é a","C","canalização dos cursos hídricos.",1,NA,NA,NA,NA,"Portuguese","C"
"enem_2025_1mil_ch","enem_2025_1mil_ch_1",118057,"ENEM 2025 - CH","Exame Nacional do Ensino Médio
ENEM 2025
Prova de Linguagens, Códigos e suas Tecnologias e Redação
Prova de Ciências Humanas e suas Tecnologias
1º dia
Caderno 9 – Laranja
INEP
Ministério da Educação
ATENÇÃO: transcreva no espaço apropriado do seu CARTÃO-RESPOSTA, com sua caligrafia usual, considerando as letras maiúsculas e minúsculas, a seguinte frase:
Cada pessoa deve trabalhar para o seu aperfeiçoamento
LEIA ATENTAMENTE AS INSTRUÇÕES SEGUINTES:
1. Este CADERNO DE QUESTÕES contém 90 questões numeradas de 1 a 90 e a Proposta de Redação, dispostas da seguinte maneira:
a) questões de número 1 a 45, relativas à área de Linguagens, Códigos e suas Tecnologias;
b) Proposta de Redação;
c) questões de número 46 a 90, relativas à área de Ciências Humanas e suas Tecnologias.
ATENÇÃO: as questões de 1 a 5 são relativas à língua estrangeira. Você deverá responder apenas às questões relativas à língua estrangeira (inglês ou espanhol) escolhida no ato de sua inscrição.
2. Confira se a quantidade e a ordem das questões do seu CADERNO DE QUESTÕES estão de acordo com as instruções anteriores. Caso o caderno esteja incompleto, tenha defeito ou apresente qualquer divergência, comunique ao aplicador da sala para que ele tome as providências cabíveis.
3. Para cada uma das questões objetivas, são apresentadas 5 opções. Apenas uma responde corretamente à questão.
4. O tempo disponível para estas provas é de cinco horas e trinta minutos.
5. Reserve tempo suficiente para preencher o CARTÃO-RESPOSTA e a FOLHA DE REDAÇÃO.
6. Os rascunhos e as marcações assinaladas no CADERNO DE QUESTÕES não serão considerados na avaliação.
7. Somente serão corrigidas as redações transcritas na FOLHA DE REDAÇÃO.
8. Quando terminar as provas, acene para chamar o aplicador e entregue este CADERNO DE QUESTÕES, o CARTÃO-RESPOSTA/FOLHA DE REDAÇÃO.
9. Você poderá deixar o local de prova somente após decorridas duas horas do início da aplicação e poderá levar seu CADERNO DE QUESTÕES ao deixar em definitivo a sala de prova nos 30 minutos que antecedem o término das provas.
LINGUAGENS, CÓDIGOS E SUAS TECNOLOGIAS
Questões de 1 a 45
Questões de 1 a 5 (opção inglês)",NA,"Cidade sustentável é o assentamento humano constituído por uma sociedade com consciência de seu papel de agente transformador dos espaços e cuja relação não se dá pela razão natureza-objeto, e sim por uma ação sinérgica entre prudência ecológica, eficiência energética e equidade socioespacial.
Uma medida pública que contradiz o modelo de cidade exposto no texto é a","C","arborização das avenidas centrais.",0,NA,NA,NA,NA,"Portuguese","D"
"enem_2025_1mil_ch","enem_2025_1mil_ch_1",118057,"ENEM 2025 - CH","Exame Nacional do Ensino Médio
ENEM 2025
Prova de Linguagens, Códigos e suas Tecnologias e Redação
Prova de Ciências Humanas e suas Tecnologias
1º dia
Caderno 9 – Laranja
INEP
Ministério da Educação
ATENÇÃO: transcreva no espaço apropriado do seu CARTÃO-RESPOSTA, com sua caligrafia usual, considerando as letras maiúsculas e minúsculas, a seguinte frase:
Cada pessoa deve trabalhar para o seu aperfeiçoamento
LEIA ATENTAMENTE AS INSTRUÇÕES SEGUINTES:
1. Este CADERNO DE QUESTÕES contém 90 questões numeradas de 1 a 90 e a Proposta de Redação, dispostas da seguinte maneira:
a) questões de número 1 a 45, relativas à área de Linguagens, Códigos e suas Tecnologias;
b) Proposta de Redação;
c) questões de número 46 a 90, relativas à área de Ciências Humanas e suas Tecnologias.
ATENÇÃO: as questões de 1 a 5 são relativas à língua estrangeira. Você deverá responder apenas às questões relativas à língua estrangeira (inglês ou espanhol) escolhida no ato de sua inscrição.
2. Confira se a quantidade e a ordem das questões do seu CADERNO DE QUESTÕES estão de acordo com as instruções anteriores. Caso o caderno esteja incompleto, tenha defeito ou apresente qualquer divergência, comunique ao aplicador da sala para que ele tome as providências cabíveis.
3. Para cada uma das questões objetivas, são apresentadas 5 opções. Apenas uma responde corretamente à questão.
4. O tempo disponível para estas provas é de cinco horas e trinta minutos.
5. Reserve tempo suficiente para preencher o CARTÃO-RESPOSTA e a FOLHA DE REDAÇÃO.
6. Os rascunhos e as marcações assinaladas no CADERNO DE QUESTÕES não serão considerados na avaliação.
7. Somente serão corrigidas as redações transcritas na FOLHA DE REDAÇÃO.
8. Quando terminar as provas, acene para chamar o aplicador e entregue este CADERNO DE QUESTÕES, o CARTÃO-RESPOSTA/FOLHA DE REDAÇÃO.
9. Você poderá deixar o local de prova somente após decorridas duas horas do início da aplicação e poderá levar seu CADERNO DE QUESTÕES ao deixar em definitivo a sala de prova nos 30 minutos que antecedem o término das provas.
LINGUAGENS, CÓDIGOS E SUAS TECNOLOGIAS
Questões de 1 a 45
Questões de 1 a 5 (opção inglês)",NA,"Cidade sustentável é o assentamento humano constituído por uma sociedade com consciência de seu papel de agente transformador dos espaços e cuja relação não se dá pela razão natureza-objeto, e sim por uma ação sinérgica entre prudência ecológica, eficiência energética e equidade socioespacial.
Uma medida pública que contradiz o modelo de cidade exposto no texto é a","C","educação ambiental da comunidade.",0,NA,NA,NA,NA,"Portuguese","E"
"enem_2025_1mil_ch","enem_2025_1mil_ch_1",141135,"ENEM 2025 - CH","Exame Nacional do Ensino Médio
ENEM 2025
Prova de Linguagens, Códigos e suas Tecnologias e Redação
Prova de Ciências Humanas e suas Tecnologias
1º dia
Caderno 9 – Laranja
INEP
Ministério da Educação
ATENÇÃO: transcreva no espaço apropriado do seu CARTÃO-RESPOSTA, com sua caligrafia usual, considerando as letras maiúsculas e minúsculas, a seguinte frase:
Cada pessoa deve trabalhar para o seu aperfeiçoamento
LEIA ATENTAMENTE AS INSTRUÇÕES SEGUINTES:
1. Este CADERNO DE QUESTÕES contém 90 questões numeradas de 1 a 90 e a Proposta de Redação, dispostas da seguinte maneira:
a) questões de número 1 a 45, relativas à área de Linguagens, Códigos e suas Tecnologias;
b) Proposta de Redação;
c) questões de número 46 a 90, relativas à área de Ciências Humanas e suas Tecnologias.
ATENÇÃO: as questões de 1 a 5 são relativas à língua estrangeira. Você deverá responder apenas às questões relativas à língua estrangeira (inglês ou espanhol) escolhida no ato de sua inscrição.
2. Confira se a quantidade e a ordem das questões do seu CADERNO DE QUESTÕES estão de acordo com as instruções anteriores. Caso o caderno esteja incompleto, tenha defeito ou apresente qualquer divergência, comunique ao aplicador da sala para que ele tome as providências cabíveis.
3. Para cada uma das questões objetivas, são apresentadas 5 opções. Apenas uma responde corretamente à questão.
4. O tempo disponível para estas provas é de cinco horas e trinta minutos.
5. Reserve tempo suficiente para preencher o CARTÃO-RESPOSTA e a FOLHA DE REDAÇÃO.
6. Os rascunhos e as marcações assinaladas no CADERNO DE QUESTÕES não serão considerados na avaliação.
7. Somente serão corrigidas as redações transcritas na FOLHA DE REDAÇÃO.
8. Quando terminar as provas, acene para chamar o aplicador e entregue este CADERNO DE QUESTÕES, o CARTÃO-RESPOSTA/FOLHA DE REDAÇÃO.
9. Você poderá deixar o local de prova somente após decorridas duas horas do início da aplicação e poderá levar seu CADERNO DE QUESTÕES ao deixar em definitivo a sala de prova nos 30 minutos que antecedem o término das provas.
LINGUAGENS, CÓDIGOS E SUAS TECNOLOGIAS
Questões de 1 a 45
Questões de 1 a 5 (opção inglês)",NA,"Para que a utopia renasça, é preciso confiar no potencial humano
Zygmunt Bauman
Para que a utopia nasça, é preciso duas condições. A primeira é a forte sensação de que o mundo não está funcionando adequadamente e deve ter seus fundamentos revistos para que se reajuste. A segunda condição é a existência de uma confiança no potencial humano à altura da tarefa de reformar o mundo, a crença de que nós, seres humanos, podemos fazê-lo, sendo capazes de perceber o que está errado com o mundo, o que precisa ser modificado, quais são os pontos problemáticos, e ter força e coragem para extirpá-los.
De acordo com o autor, qual é a função da utopia no contexto das transformações sociais?","B","Habilitar memórias afetivas.",0,NA,NA,NA,NA,"Portuguese","A"
"enem_2025_1mil_ch","enem_2025_1mil_ch_1",141135,"ENEM 2025 - CH","Exame Nacional do Ensino Médio
ENEM 2025
Prova de Linguagens, Códigos e suas Tecnologias e Redação
Prova de Ciências Humanas e suas Tecnologias
1º dia
Caderno 9 – Laranja
INEP
Ministério da Educação
ATENÇÃO: transcreva no espaço apropriado do seu CARTÃO-RESPOSTA, com sua caligrafia usual, considerando as letras maiúsculas e minúsculas, a seguinte frase:
Cada pessoa deve trabalhar para o seu aperfeiçoamento
LEIA ATENTAMENTE AS INSTRUÇÕES SEGUINTES:
1. Este CADERNO DE QUESTÕES contém 90 questões numeradas de 1 a 90 e a Proposta de Redação, dispostas da seguinte maneira:
a) questões de número 1 a 45, relativas à área de Linguagens, Códigos e suas Tecnologias;
b) Proposta de Redação;
c) questões de número 46 a 90, relativas à área de Ciências Humanas e suas Tecnologias.
ATENÇÃO: as questões de 1 a 5 são relativas à língua estrangeira. Você deverá responder apenas às questões relativas à língua estrangeira (inglês ou espanhol) escolhida no ato de sua inscrição.
2. Confira se a quantidade e a ordem das questões do seu CADERNO DE QUESTÕES estão de acordo com as instruções anteriores. Caso o caderno esteja incompleto, tenha defeito ou apresente qualquer divergência, comunique ao aplicador da sala para que ele tome as providências cabíveis.
3. Para cada uma das questões objetivas, são apresentadas 5 opções. Apenas uma responde corretamente à questão.
4. O tempo disponível para estas provas é de cinco horas e trinta minutos.
5. Reserve tempo suficiente para preencher o CARTÃO-RESPOSTA e a FOLHA DE REDAÇÃO.
6. Os rascunhos e as marcações assinaladas no CADERNO DE QUESTÕES não serão considerados na avaliação.
7. Somente serão corrigidas as redações transcritas na FOLHA DE REDAÇÃO.
8. Quando terminar as provas, acene para chamar o aplicador e entregue este CADERNO DE QUESTÕES, o CARTÃO-RESPOSTA/FOLHA DE REDAÇÃO.
9. Você poderá deixar o local de prova somente após decorridas duas horas do início da aplicação e poderá levar seu CADERNO DE QUESTÕES ao deixar em definitivo a sala de prova nos 30 minutos que antecedem o término das provas.
LINGUAGENS, CÓDIGOS E SUAS TECNOLOGIAS
Questões de 1 a 45
Questões de 1 a 5 (opção inglês)",NA,"Para que a utopia renasça, é preciso confiar no potencial humano
Zygmunt Bauman
Para que a utopia nasça, é preciso duas condições. A primeira é a forte sensação de que o mundo não está funcionando adequadamente e deve ter seus fundamentos revistos para que se reajuste. A segunda condição é a existência de uma confiança no potencial humano à altura da tarefa de reformar o mundo, a crença de que nós, seres humanos, podemos fazê-lo, sendo capazes de perceber o que está errado com o mundo, o que precisa ser modificado, quais são os pontos problemáticos, e ter força e coragem para extirpá-los.
De acordo com o autor, qual é a função da utopia no contexto das transformações sociais?","B","Apontar alternativas possíveis.",1,NA,NA,NA,NA,"Portuguese","B"
"enem_2025_1mil_ch","enem_2025_1mil_ch_1",141135,"ENEM 2025 - CH","Exame Nacional do Ensino Médio
ENEM 2025
Prova de Linguagens, Códigos e suas Tecnologias e Redação
Prova de Ciências Humanas e suas Tecnologias
1º dia
Caderno 9 – Laranja
INEP
Ministério da Educação
ATENÇÃO: transcreva no espaço apropriado do seu CARTÃO-RESPOSTA, com sua caligrafia usual, considerando as letras maiúsculas e minúsculas, a seguinte frase:
Cada pessoa deve trabalhar para o seu aperfeiçoamento
LEIA ATENTAMENTE AS INSTRUÇÕES SEGUINTES:
1. Este CADERNO DE QUESTÕES contém 90 questões numeradas de 1 a 90 e a Proposta de Redação, dispostas da seguinte maneira:
a) questões de número 1 a 45, relativas à área de Linguagens, Códigos e suas Tecnologias;
b) Proposta de Redação;
c) questões de número 46 a 90, relativas à área de Ciências Humanas e suas Tecnologias.
ATENÇÃO: as questões de 1 a 5 são relativas à língua estrangeira. Você deverá responder apenas às questões relativas à língua estrangeira (inglês ou espanhol) escolhida no ato de sua inscrição.
2. Confira se a quantidade e a ordem das questões do seu CADERNO DE QUESTÕES estão de acordo com as instruções anteriores. Caso o caderno esteja incompleto, tenha defeito ou apresente qualquer divergência, comunique ao aplicador da sala para que ele tome as providências cabíveis.
3. Para cada uma das questões objetivas, são apresentadas 5 opções. Apenas uma responde corretamente à questão.
4. O tempo disponível para estas provas é de cinco horas e trinta minutos.
5. Reserve tempo suficiente para preencher o CARTÃO-RESPOSTA e a FOLHA DE REDAÇÃO.
6. Os rascunhos e as marcações assinaladas no CADERNO DE QUESTÕES não serão considerados na avaliação.
7. Somente serão corrigidas as redações transcritas na FOLHA DE REDAÇÃO.
8. Quando terminar as provas, acene para chamar o aplicador e entregue este CADERNO DE QUESTÕES, o CARTÃO-RESPOSTA/FOLHA DE REDAÇÃO.
9. Você poderá deixar o local de prova somente após decorridas duas horas do início da aplicação e poderá levar seu CADERNO DE QUESTÕES ao deixar em definitivo a sala de prova nos 30 minutos que antecedem o término das provas.
LINGUAGENS, CÓDIGOS E SUAS TECNOLOGIAS
Questões de 1 a 45
Questões de 1 a 5 (opção inglês)",NA,"Para que a utopia renasça, é preciso confiar no potencial humano
Zygmunt Bauman
Para que a utopia nasça, é preciso duas condições. A primeira é a forte sensação de que o mundo não está funcionando adequadamente e deve ter seus fundamentos revistos para que se reajuste. A segunda condição é a existência de uma confiança no potencial humano à altura da tarefa de reformar o mundo, a crença de que nós, seres humanos, podemos fazê-lo, sendo capazes de perceber o que está errado com o mundo, o que precisa ser modificado, quais são os pontos problemáticos, e ter força e coragem para extirpá-los.
De acordo com o autor, qual é a função da utopia no contexto das transformações sociais?","B","Legitimar experiências pretéritas.",0,NA,NA,NA,NA,"Portuguese","C"
"enem_2025_1mil_ch","enem_2025_1mil_ch_1",141135,"ENEM 2025 - CH","Exame Nacional do Ensino Médio
ENEM 2025
Prova de Linguagens, Códigos e suas Tecnologias e Redação
Prova de Ciências Humanas e suas Tecnologias
1º dia
Caderno 9 – Laranja
INEP
Ministério da Educação
ATENÇÃO: transcreva no espaço apropriado do seu CARTÃO-RESPOSTA, com sua caligrafia usual, considerando as letras maiúsculas e minúsculas, a seguinte frase:
Cada pessoa deve trabalhar para o seu aperfeiçoamento
LEIA ATENTAMENTE AS INSTRUÇÕES SEGUINTES:
1. Este CADERNO DE QUESTÕES contém 90 questões numeradas de 1 a 90 e a Proposta de Redação, dispostas da seguinte maneira:
a) questões de número 1 a 45, relativas à área de Linguagens, Códigos e suas Tecnologias;
b) Proposta de Redação;
c) questões de número 46 a 90, relativas à área de Ciências Humanas e suas Tecnologias.
ATENÇÃO: as questões de 1 a 5 são relativas à língua estrangeira. Você deverá responder apenas às questões relativas à língua estrangeira (inglês ou espanhol) escolhida no ato de sua inscrição.
2. Confira se a quantidade e a ordem das questões do seu CADERNO DE QUESTÕES estão de acordo com as instruções anteriores. Caso o caderno esteja incompleto, tenha defeito ou apresente qualquer divergência, comunique ao aplicador da sala para que ele tome as providências cabíveis.
3. Para cada uma das questões objetivas, são apresentadas 5 opções. Apenas uma responde corretamente à questão.
4. O tempo disponível para estas provas é de cinco horas e trinta minutos.
5. Reserve tempo suficiente para preencher o CARTÃO-RESPOSTA e a FOLHA DE REDAÇÃO.
6. Os rascunhos e as marcações assinaladas no CADERNO DE QUESTÕES não serão considerados na avaliação.
7. Somente serão corrigidas as redações transcritas na FOLHA DE REDAÇÃO.
8. Quando terminar as provas, acene para chamar o aplicador e entregue este CADERNO DE QUESTÕES, o CARTÃO-RESPOSTA/FOLHA DE REDAÇÃO.
9. Você poderá deixar o local de prova somente após decorridas duas horas do início da aplicação e poderá levar seu CADERNO DE QUESTÕES ao deixar em definitivo a sala de prova nos 30 minutos que antecedem o término das provas.
LINGUAGENS, CÓDIGOS E SUAS TECNOLOGIAS
Questões de 1 a 45
Questões de 1 a 5 (opção inglês)",NA,"Para que a utopia renasça, é preciso confiar no potencial humano
Zygmunt Bauman
Para que a utopia nasça, é preciso duas condições. A primeira é a forte sensação de que o mundo não está funcionando adequadamente e deve ter seus fundamentos revistos para que se reajuste. A segunda condição é a existência de uma confiança no potencial humano à altura da tarefa de reformar o mundo, a crença de que nós, seres humanos, podemos fazê-lo, sendo capazes de perceber o que está errado com o mundo, o que precisa ser modificado, quais são os pontos problemáticos, e ter força e coragem para extirpá-los.
De acordo com o autor, qual é a função da utopia no contexto das transformações sociais?","B","Perpetuar paradigmas científicos.",0,NA,NA,NA,NA,"Portuguese","D"
"enem_2025_1mil_ch","enem_2025_1mil_ch_1",141135,"ENEM 2025 - CH","Exame Nacional do Ensino Médio
ENEM 2025
Prova de Linguagens, Códigos e suas Tecnologias e Redação
Prova de Ciências Humanas e suas Tecnologias
1º dia
Caderno 9 – Laranja
INEP
Ministério da Educação
ATENÇÃO: transcreva no espaço apropriado do seu CARTÃO-RESPOSTA, com sua caligrafia usual, considerando as letras maiúsculas e minúsculas, a seguinte frase:
Cada pessoa deve trabalhar para o seu aperfeiçoamento
LEIA ATENTAMENTE AS INSTRUÇÕES SEGUINTES:
1. Este CADERNO DE QUESTÕES contém 90 questões numeradas de 1 a 90 e a Proposta de Redação, dispostas da seguinte maneira:
a) questões de número 1 a 45, relativas à área de Linguagens, Códigos e suas Tecnologias;
b) Proposta de Redação;
c) questões de número 46 a 90, relativas à área de Ciências Humanas e suas Tecnologias.
ATENÇÃO: as questões de 1 a 5 são relativas à língua estrangeira. Você deverá responder apenas às questões relativas à língua estrangeira (inglês ou espanhol) escolhida no ato de sua inscrição.
2. Confira se a quantidade e a ordem das questões do seu CADERNO DE QUESTÕES estão de acordo com as instruções anteriores. Caso o caderno esteja incompleto, tenha defeito ou apresente qualquer divergência, comunique ao aplicador da sala para que ele tome as providências cabíveis.
3. Para cada uma das questões objetivas, são apresentadas 5 opções. Apenas uma responde corretamente à questão.
4. O tempo disponível para estas provas é de cinco horas e trinta minutos.
5. Reserve tempo suficiente para preencher o CARTÃO-RESPOSTA e a FOLHA DE REDAÇÃO.
6. Os rascunhos e as marcações assinaladas no CADERNO DE QUESTÕES não serão considerados na avaliação.
7. Somente serão corrigidas as redações transcritas na FOLHA DE REDAÇÃO.
8. Quando terminar as provas, acene para chamar o aplicador e entregue este CADERNO DE QUESTÕES, o CARTÃO-RESPOSTA/FOLHA DE REDAÇÃO.
9. Você poderá deixar o local de prova somente após decorridas duas horas do início da aplicação e poderá levar seu CADERNO DE QUESTÕES ao deixar em definitivo a sala de prova nos 30 minutos que antecedem o término das provas.
LINGUAGENS, CÓDIGOS E SUAS TECNOLOGIAS
Questões de 1 a 45
Questões de 1 a 5 (opção inglês)",NA,"Para que a utopia renasça, é preciso confiar no potencial humano
Zygmunt Bauman
Para que a utopia nasça, é preciso duas condições. A primeira é a forte sensação de que o mundo não está funcionando adequadamente e deve ter seus fundamentos revistos para que se reajuste. A segunda condição é a existência de uma confiança no potencial humano à altura da tarefa de reformar o mundo, a crença de que nós, seres humanos, podemos fazê-lo, sendo capazes de perceber o que está errado com o mundo, o que precisa ser modificado, quais são os pontos problemáticos, e ter força e coragem para extirpá-los.
De acordo com o autor, qual é a função da utopia no contexto das transformações sociais?","B","Empreender soluções conclusivas.",0,NA,NA,NA,NA,"Portuguese","E"
"enem_2025_1mil_ch","enem_2025_1mil_ch_1",140594,"ENEM 2025 - CH","Exame Nacional do Ensino Médio
ENEM 2025
Prova de Linguagens, Códigos e suas Tecnologias e Redação
Prova de Ciências Humanas e suas Tecnologias
1º dia
Caderno 9 – Laranja
INEP
Ministério da Educação
ATENÇÃO: transcreva no espaço apropriado do seu CARTÃO-RESPOSTA, com sua caligrafia usual, considerando as letras maiúsculas e minúsculas, a seguinte frase:
Cada pessoa deve trabalhar para o seu aperfeiçoamento
LEIA ATENTAMENTE AS INSTRUÇÕES SEGUINTES:
1. Este CADERNO DE QUESTÕES contém 90 questões numeradas de 1 a 90 e a Proposta de Redação, dispostas da seguinte maneira:
a) questões de número 1 a 45, relativas à área de Linguagens, Códigos e suas Tecnologias;
b) Proposta de Redação;
c) questões de número 46 a 90, relativas à área de Ciências Humanas e suas Tecnologias.
ATENÇÃO: as questões de 1 a 5 são relativas à língua estrangeira. Você deverá responder apenas às questões relativas à língua estrangeira (inglês ou espanhol) escolhida no ato de sua inscrição.
2. Confira se a quantidade e a ordem das questões do seu CADERNO DE QUESTÕES estão de acordo com as instruções anteriores. Caso o caderno esteja incompleto, tenha defeito ou apresente qualquer divergência, comunique ao aplicador da sala para que ele tome as providências cabíveis.
3. Para cada uma das questões objetivas, são apresentadas 5 opções. Apenas uma responde corretamente à questão.
4. O tempo disponível para estas provas é de cinco horas e trinta minutos.
5. Reserve tempo suficiente para preencher o CARTÃO-RESPOSTA e a FOLHA DE REDAÇÃO.
6. Os rascunhos e as marcações assinaladas no CADERNO DE QUESTÕES não serão considerados na avaliação.
7. Somente serão corrigidas as redações transcritas na FOLHA DE REDAÇÃO.
8. Quando terminar as provas, acene para chamar o aplicador e entregue este CADERNO DE QUESTÕES, o CARTÃO-RESPOSTA/FOLHA DE REDAÇÃO.
9. Você poderá deixar o local de prova somente após decorridas duas horas do início da aplicação e poderá levar seu CADERNO DE QUESTÕES ao deixar em definitivo a sala de prova nos 30 minutos que antecedem o término das provas.
LINGUAGENS, CÓDIGOS E SUAS TECNOLOGIAS
Questões de 1 a 45
Questões de 1 a 5 (opção inglês)",NA,"Descrição do infográfico: O infográfico, intitulado Produção e exportações brasileiras no ranking mundial em 2019, apresenta um quadro com as seguintes informações:
Açúcar: segundo lugar na produção mundial, com 36 por cento, e primeiro lugar nas exportações;
Café: primeiro lugar na produção mundial, com 27 por cento, e primeiro lugar nas exportações;
Suco de laranja: primeiro lugar na produção mundial, com 76 por cento, e primeiro lugar nas exportações;
Soja: segundo lugar na produção mundial, com 51 por cento, e primeiro lugar nas exportações;
Carne de frango: segundo lugar na produção mundial, com 38 por cento, e primeiro lugar nas exportações;
Carne bovina: segundo lugar na produção mundial, com 22 por cento, e primeiro lugar nas exportações;
Milho: terceiro lugar na produção mundial, com 20 por cento, e terceiro lugar nas exportações;
Carne suína: quarto lugar na produção mundial, com 10 por cento, e quarto lugar nas exportações. (Fim da descrição)
Qual condição favoreceu o cenário produtivo exposto na figura?","B","Redução do poder de compra da população brasileira.",0,NA,NA,NA,NA,"Portuguese","A"
"enem_2025_1mil_ch","enem_2025_1mil_ch_1",140594,"ENEM 2025 - CH","Exame Nacional do Ensino Médio
ENEM 2025
Prova de Linguagens, Códigos e suas Tecnologias e Redação
Prova de Ciências Humanas e suas Tecnologias
1º dia
Caderno 9 – Laranja
INEP
Ministério da Educação
ATENÇÃO: transcreva no espaço apropriado do seu CARTÃO-RESPOSTA, com sua caligrafia usual, considerando as letras maiúsculas e minúsculas, a seguinte frase:
Cada pessoa deve trabalhar para o seu aperfeiçoamento
LEIA ATENTAMENTE AS INSTRUÇÕES SEGUINTES:
1. Este CADERNO DE QUESTÕES contém 90 questões numeradas de 1 a 90 e a Proposta de Redação, dispostas da seguinte maneira:
a) questões de número 1 a 45, relativas à área de Linguagens, Códigos e suas Tecnologias;
b) Proposta de Redação;
c) questões de número 46 a 90, relativas à área de Ciências Humanas e suas Tecnologias.
ATENÇÃO: as questões de 1 a 5 são relativas à língua estrangeira. Você deverá responder apenas às questões relativas à língua estrangeira (inglês ou espanhol) escolhida no ato de sua inscrição.
2. Confira se a quantidade e a ordem das questões do seu CADERNO DE QUESTÕES estão de acordo com as instruções anteriores. Caso o caderno esteja incompleto, tenha defeito ou apresente qualquer divergência, comunique ao aplicador da sala para que ele tome as providências cabíveis.
3. Para cada uma das questões objetivas, são apresentadas 5 opções. Apenas uma responde corretamente à questão.
4. O tempo disponível para estas provas é de cinco horas e trinta minutos.
5. Reserve tempo suficiente para preencher o CARTÃO-RESPOSTA e a FOLHA DE REDAÇÃO.
6. Os rascunhos e as marcações assinaladas no CADERNO DE QUESTÕES não serão considerados na avaliação.
7. Somente serão corrigidas as redações transcritas na FOLHA DE REDAÇÃO.
8. Quando terminar as provas, acene para chamar o aplicador e entregue este CADERNO DE QUESTÕES, o CARTÃO-RESPOSTA/FOLHA DE REDAÇÃO.
9. Você poderá deixar o local de prova somente após decorridas duas horas do início da aplicação e poderá levar seu CADERNO DE QUESTÕES ao deixar em definitivo a sala de prova nos 30 minutos que antecedem o término das provas.
LINGUAGENS, CÓDIGOS E SUAS TECNOLOGIAS
Questões de 1 a 45
Questões de 1 a 5 (opção inglês)",NA,"Descrição do infográfico: O infográfico, intitulado Produção e exportações brasileiras no ranking mundial em 2019, apresenta um quadro com as seguintes informações:
Açúcar: segundo lugar na produção mundial, com 36 por cento, e primeiro lugar nas exportações;
Café: primeiro lugar na produção mundial, com 27 por cento, e primeiro lugar nas exportações;
Suco de laranja: primeiro lugar na produção mundial, com 76 por cento, e primeiro lugar nas exportações;
Soja: segundo lugar na produção mundial, com 51 por cento, e primeiro lugar nas exportações;
Carne de frango: segundo lugar na produção mundial, com 38 por cento, e primeiro lugar nas exportações;
Carne bovina: segundo lugar na produção mundial, com 22 por cento, e primeiro lugar nas exportações;
Milho: terceiro lugar na produção mundial, com 20 por cento, e terceiro lugar nas exportações;
Carne suína: quarto lugar na produção mundial, com 10 por cento, e quarto lugar nas exportações. (Fim da descrição)
Qual condição favoreceu o cenário produtivo exposto na figura?","B","Ampliação da entrada do capital agroindustrial no campo.",1,NA,NA,NA,NA,"Portuguese","B"
"enem_2025_1mil_ch","enem_2025_1mil_ch_1",140594,"ENEM 2025 - CH","Exame Nacional do Ensino Médio
ENEM 2025
Prova de Linguagens, Códigos e suas Tecnologias e Redação
Prova de Ciências Humanas e suas Tecnologias
1º dia
Caderno 9 – Laranja
INEP
Ministério da Educação
ATENÇÃO: transcreva no espaço apropriado do seu CARTÃO-RESPOSTA, com sua caligrafia usual, considerando as letras maiúsculas e minúsculas, a seguinte frase:
Cada pessoa deve trabalhar para o seu aperfeiçoamento
LEIA ATENTAMENTE AS INSTRUÇÕES SEGUINTES:
1. Este CADERNO DE QUESTÕES contém 90 questões numeradas de 1 a 90 e a Proposta de Redação, dispostas da seguinte maneira:
a) questões de número 1 a 45, relativas à área de Linguagens, Códigos e suas Tecnologias;
b) Proposta de Redação;
c) questões de número 46 a 90, relativas à área de Ciências Humanas e suas Tecnologias.
ATENÇÃO: as questões de 1 a 5 são relativas à língua estrangeira. Você deverá responder apenas às questões relativas à língua estrangeira (inglês ou espanhol) escolhida no ato de sua inscrição.
2. Confira se a quantidade e a ordem das questões do seu CADERNO DE QUESTÕES estão de acordo com as instruções anteriores. Caso o caderno esteja incompleto, tenha defeito ou apresente qualquer divergência, comunique ao aplicador da sala para que ele tome as providências cabíveis.
3. Para cada uma das questões objetivas, são apresentadas 5 opções. Apenas uma responde corretamente à questão.
4. O tempo disponível para estas provas é de cinco horas e trinta minutos.
5. Reserve tempo suficiente para preencher o CARTÃO-RESPOSTA e a FOLHA DE REDAÇÃO.
6. Os rascunhos e as marcações assinaladas no CADERNO DE QUESTÕES não serão considerados na avaliação.
7. Somente serão corrigidas as redações transcritas na FOLHA DE REDAÇÃO.
8. Quando terminar as provas, acene para chamar o aplicador e entregue este CADERNO DE QUESTÕES, o CARTÃO-RESPOSTA/FOLHA DE REDAÇÃO.
9. Você poderá deixar o local de prova somente após decorridas duas horas do início da aplicação e poderá levar seu CADERNO DE QUESTÕES ao deixar em definitivo a sala de prova nos 30 minutos que antecedem o término das provas.
LINGUAGENS, CÓDIGOS E SUAS TECNOLOGIAS
Questões de 1 a 45
Questões de 1 a 5 (opção inglês)",NA,"Descrição do infográfico: O infográfico, intitulado Produção e exportações brasileiras no ranking mundial em 2019, apresenta um quadro com as seguintes informações:
Açúcar: segundo lugar na produção mundial, com 36 por cento, e primeiro lugar nas exportações;
Café: primeiro lugar na produção mundial, com 27 por cento, e primeiro lugar nas exportações;
Suco de laranja: primeiro lugar na produção mundial, com 76 por cento, e primeiro lugar nas exportações;
Soja: segundo lugar na produção mundial, com 51 por cento, e primeiro lugar nas exportações;
Carne de frango: segundo lugar na produção mundial, com 38 por cento, e primeiro lugar nas exportações;
Carne bovina: segundo lugar na produção mundial, com 22 por cento, e primeiro lugar nas exportações;
Milho: terceiro lugar na produção mundial, com 20 por cento, e terceiro lugar nas exportações;
Carne suína: quarto lugar na produção mundial, com 10 por cento, e quarto lugar nas exportações. (Fim da descrição)
Qual condição favoreceu o cenário produtivo exposto na figura?","B","Diminuição do uso de trabalho especializado na agropecuária.",0,NA,NA,NA,NA,"Portuguese","C"
"enem_2025_1mil_ch","enem_2025_1mil_ch_1",140594,"ENEM 2025 - CH","Exame Nacional do Ensino Médio
ENEM 2025
Prova de Linguagens, Códigos e suas Tecnologias e Redação
Prova de Ciências Humanas e suas Tecnologias
1º dia
Caderno 9 – Laranja
INEP
Ministério da Educação
ATENÇÃO: transcreva no espaço apropriado do seu CARTÃO-RESPOSTA, com sua caligrafia usual, considerando as letras maiúsculas e minúsculas, a seguinte frase:
Cada pessoa deve trabalhar para o seu aperfeiçoamento
LEIA ATENTAMENTE AS INSTRUÇÕES SEGUINTES:
1. Este CADERNO DE QUESTÕES contém 90 questões numeradas de 1 a 90 e a Proposta de Redação, dispostas da seguinte maneira:
a) questões de número 1 a 45, relativas à área de Linguagens, Códigos e suas Tecnologias;
b) Proposta de Redação;
c) questões de número 46 a 90, relativas à área de Ciências Humanas e suas Tecnologias.
ATENÇÃO: as questões de 1 a 5 são relativas à língua estrangeira. Você deverá responder apenas às questões relativas à língua estrangeira (inglês ou espanhol) escolhida no ato de sua inscrição.
2. Confira se a quantidade e a ordem das questões do seu CADERNO DE QUESTÕES estão de acordo com as instruções anteriores. Caso o caderno esteja incompleto, tenha defeito ou apresente qualquer divergência, comunique ao aplicador da sala para que ele tome as providências cabíveis.
3. Para cada uma das questões objetivas, são apresentadas 5 opções. Apenas uma responde corretamente à questão.
4. O tempo disponível para estas provas é de cinco horas e trinta minutos.
5. Reserve tempo suficiente para preencher o CARTÃO-RESPOSTA e a FOLHA DE REDAÇÃO.
6. Os rascunhos e as marcações assinaladas no CADERNO DE QUESTÕES não serão considerados na avaliação.
7. Somente serão corrigidas as redações transcritas na FOLHA DE REDAÇÃO.
8. Quando terminar as provas, acene para chamar o aplicador e entregue este CADERNO DE QUESTÕES, o CARTÃO-RESPOSTA/FOLHA DE REDAÇÃO.
9. Você poderá deixar o local de prova somente após decorridas duas horas do início da aplicação e poderá levar seu CADERNO DE QUESTÕES ao deixar em definitivo a sala de prova nos 30 minutos que antecedem o término das provas.
LINGUAGENS, CÓDIGOS E SUAS TECNOLOGIAS
Questões de 1 a 45
Questões de 1 a 5 (opção inglês)",NA,"Descrição do infográfico: O infográfico, intitulado Produção e exportações brasileiras no ranking mundial em 2019, apresenta um quadro com as seguintes informações:
Açúcar: segundo lugar na produção mundial, com 36 por cento, e primeiro lugar nas exportações;
Café: primeiro lugar na produção mundial, com 27 por cento, e primeiro lugar nas exportações;
Suco de laranja: primeiro lugar na produção mundial, com 76 por cento, e primeiro lugar nas exportações;
Soja: segundo lugar na produção mundial, com 51 por cento, e primeiro lugar nas exportações;
Carne de frango: segundo lugar na produção mundial, com 38 por cento, e primeiro lugar nas exportações;
Carne bovina: segundo lugar na produção mundial, com 22 por cento, e primeiro lugar nas exportações;
Milho: terceiro lugar na produção mundial, com 20 por cento, e terceiro lugar nas exportações;
Carne suína: quarto lugar na produção mundial, com 10 por cento, e quarto lugar nas exportações. (Fim da descrição)
Qual condição favoreceu o cenário produtivo exposto na figura?","B","Valorização da moeda nacional em relação ao dólar americano.",0,NA,NA,NA,NA,"Portuguese","D"
"enem_2025_1mil_ch","enem_2025_1mil_ch_1",140594,"ENEM 2025 - CH","Exame Nacional do Ensino Médio
ENEM 2025
Prova de Linguagens, Códigos e suas Tecnologias e Redação
Prova de Ciências Humanas e suas Tecnologias
1º dia
Caderno 9 – Laranja
INEP
Ministério da Educação
ATENÇÃO: transcreva no espaço apropriado do seu CARTÃO-RESPOSTA, com sua caligrafia usual, considerando as letras maiúsculas e minúsculas, a seguinte frase:
Cada pessoa deve trabalhar para o seu aperfeiçoamento
LEIA ATENTAMENTE AS INSTRUÇÕES SEGUINTES:
1. Este CADERNO DE QUESTÕES contém 90 questões numeradas de 1 a 90 e a Proposta de Redação, dispostas da seguinte maneira:
a) questões de número 1 a 45, relativas à área de Linguagens, Códigos e suas Tecnologias;
b) Proposta de Redação;
c) questões de número 46 a 90, relativas à área de Ciências Humanas e suas Tecnologias.
ATENÇÃO: as questões de 1 a 5 são relativas à língua estrangeira. Você deverá responder apenas às questões relativas à língua estrangeira (inglês ou espanhol) escolhida no ato de sua inscrição.
2. Confira se a quantidade e a ordem das questões do seu CADERNO DE QUESTÕES estão de acordo com as instruções anteriores. Caso o caderno esteja incompleto, tenha defeito ou apresente qualquer divergência, comunique ao aplicador da sala para que ele tome as providências cabíveis.
3. Para cada uma das questões objetivas, são apresentadas 5 opções. Apenas uma responde corretamente à questão.
4. O tempo disponível para estas provas é de cinco horas e trinta minutos.
5. Reserve tempo suficiente para preencher o CARTÃO-RESPOSTA e a FOLHA DE REDAÇÃO.
6. Os rascunhos e as marcações assinaladas no CADERNO DE QUESTÕES não serão considerados na avaliação.
7. Somente serão corrigidas as redações transcritas na FOLHA DE REDAÇÃO.
8. Quando terminar as provas, acene para chamar o aplicador e entregue este CADERNO DE QUESTÕES, o CARTÃO-RESPOSTA/FOLHA DE REDAÇÃO.
9. Você poderá deixar o local de prova somente após decorridas duas horas do início da aplicação e poderá levar seu CADERNO DE QUESTÕES ao deixar em definitivo a sala de prova nos 30 minutos que antecedem o término das provas.
LINGUAGENS, CÓDIGOS E SUAS TECNOLOGIAS
Questões de 1 a 45
Questões de 1 a 5 (opção inglês)",NA,"Descrição do infográfico: O infográfico, intitulado Produção e exportações brasileiras no ranking mundial em 2019, apresenta um quadro com as seguintes informações:
Açúcar: segundo lugar na produção mundial, com 36 por cento, e primeiro lugar nas exportações;
Café: primeiro lugar na produção mundial, com 27 por cento, e primeiro lugar nas exportações;
Suco de laranja: primeiro lugar na produção mundial, com 76 por cento, e primeiro lugar nas exportações;
Soja: segundo lugar na produção mundial, com 51 por cento, e primeiro lugar nas exportações;
Carne de frango: segundo lugar na produção mundial, com 38 por cento, e primeiro lugar nas exportações;
Carne bovina: segundo lugar na produção mundial, com 22 por cento, e primeiro lugar nas exportações;
Milho: terceiro lugar na produção mundial, com 20 por cento, e terceiro lugar nas exportações;
Carne suína: quarto lugar na produção mundial, com 10 por cento, e quarto lugar nas exportações. (Fim da descrição)
Qual condição favoreceu o cenário produtivo exposto na figura?","B","Inclusão de pequenas propriedades em cultivos de subsistência.",0,NA,NA,NA,NA,"Portuguese","E"
"enem_2025_1mil_ch","enem_2025_1mil_ch_1",85827,"ENEM 2025 - CH","Exame Nacional do Ensino Médio
ENEM 2025
Prova de Linguagens, Códigos e suas Tecnologias e Redação
Prova de Ciências Humanas e suas Tecnologias
1º dia
Caderno 9 – Laranja
INEP
Ministério da Educação
ATENÇÃO: transcreva no espaço apropriado do seu CARTÃO-RESPOSTA, com sua caligrafia usual, considerando as letras maiúsculas e minúsculas, a seguinte frase:
Cada pessoa deve trabalhar para o seu aperfeiçoamento
LEIA ATENTAMENTE AS INSTRUÇÕES SEGUINTES:
1. Este CADERNO DE QUESTÕES contém 90 questões numeradas de 1 a 90 e a Proposta de Redação, dispostas da seguinte maneira:
a) questões de número 1 a 45, relativas à área de Linguagens, Códigos e suas Tecnologias;
b) Proposta de Redação;
c) questões de número 46 a 90, relativas à área de Ciências Humanas e suas Tecnologias.
ATENÇÃO: as questões de 1 a 5 são relativas à língua estrangeira. Você deverá responder apenas às questões relativas à língua estrangeira (inglês ou espanhol) escolhida no ato de sua inscrição.
2. Confira se a quantidade e a ordem das questões do seu CADERNO DE QUESTÕES estão de acordo com as instruções anteriores. Caso o caderno esteja incompleto, tenha defeito ou apresente qualquer divergência, comunique ao aplicador da sala para que ele tome as providências cabíveis.
3. Para cada uma das questões objetivas, são apresentadas 5 opções. Apenas uma responde corretamente à questão.
4. O tempo disponível para estas provas é de cinco horas e trinta minutos.
5. Reserve tempo suficiente para preencher o CARTÃO-RESPOSTA e a FOLHA DE REDAÇÃO.
6. Os rascunhos e as marcações assinaladas no CADERNO DE QUESTÕES não serão considerados na avaliação.
7. Somente serão corrigidas as redações transcritas na FOLHA DE REDAÇÃO.
8. Quando terminar as provas, acene para chamar o aplicador e entregue este CADERNO DE QUESTÕES, o CARTÃO-RESPOSTA/FOLHA DE REDAÇÃO.
9. Você poderá deixar o local de prova somente após decorridas duas horas do início da aplicação e poderá levar seu CADERNO DE QUESTÕES ao deixar em definitivo a sala de prova nos 30 minutos que antecedem o término das provas.
LINGUAGENS, CÓDIGOS E SUAS TECNOLOGIAS
Questões de 1 a 45
Questões de 1 a 5 (opção inglês)",NA,"Em toda a sua carreira política, Getúlio Vargas sempre contara com o seu talento pessoal de persuasão e poder de manipulação. Agora, porém, seus amigos começavam a perceber que ele parecia envelhecido e cansado. A principal figura da oposição, concordavam eles, era o belicoso jornalista Carlos Lacerda. Se ao menos pudessem ""removê-lo"" do cenário político, talvez Vargas se salvasse da situação. Esses seguidores decidiram tomar o assunto em suas próprias mãos com o atentado da Rua Tonelero.
Nesse contexto, a ação dos aliados de Getúlio Vargas teve como consequência imediata o(a)","A","intensificação dos ataques do grupo udenista.",1,NA,NA,NA,NA,"Portuguese","A"
"enem_2025_1mil_ch","enem_2025_1mil_ch_1",85827,"ENEM 2025 - CH","Exame Nacional do Ensino Médio
ENEM 2025
Prova de Linguagens, Códigos e suas Tecnologias e Redação
Prova de Ciências Humanas e suas Tecnologias
1º dia
Caderno 9 – Laranja
INEP
Ministério da Educação
ATENÇÃO: transcreva no espaço apropriado do seu CARTÃO-RESPOSTA, com sua caligrafia usual, considerando as letras maiúsculas e minúsculas, a seguinte frase:
Cada pessoa deve trabalhar para o seu aperfeiçoamento
LEIA ATENTAMENTE AS INSTRUÇÕES SEGUINTES:
1. Este CADERNO DE QUESTÕES contém 90 questões numeradas de 1 a 90 e a Proposta de Redação, dispostas da seguinte maneira:
a) questões de número 1 a 45, relativas à área de Linguagens, Códigos e suas Tecnologias;
b) Proposta de Redação;
c) questões de número 46 a 90, relativas à área de Ciências Humanas e suas Tecnologias.
ATENÇÃO: as questões de 1 a 5 são relativas à língua estrangeira. Você deverá responder apenas às questões relativas à língua estrangeira (inglês ou espanhol) escolhida no ato de sua inscrição.
2. Confira se a quantidade e a ordem das questões do seu CADERNO DE QUESTÕES estão de acordo com as instruções anteriores. Caso o caderno esteja incompleto, tenha defeito ou apresente qualquer divergência, comunique ao aplicador da sala para que ele tome as providências cabíveis.
3. Para cada uma das questões objetivas, são apresentadas 5 opções. Apenas uma responde corretamente à questão.
4. O tempo disponível para estas provas é de cinco horas e trinta minutos.
5. Reserve tempo suficiente para preencher o CARTÃO-RESPOSTA e a FOLHA DE REDAÇÃO.
6. Os rascunhos e as marcações assinaladas no CADERNO DE QUESTÕES não serão considerados na avaliação.
7. Somente serão corrigidas as redações transcritas na FOLHA DE REDAÇÃO.
8. Quando terminar as provas, acene para chamar o aplicador e entregue este CADERNO DE QUESTÕES, o CARTÃO-RESPOSTA/FOLHA DE REDAÇÃO.
9. Você poderá deixar o local de prova somente após decorridas duas horas do início da aplicação e poderá levar seu CADERNO DE QUESTÕES ao deixar em definitivo a sala de prova nos 30 minutos que antecedem o término das provas.
LINGUAGENS, CÓDIGOS E SUAS TECNOLOGIAS
Questões de 1 a 45
Questões de 1 a 5 (opção inglês)",NA,"Em toda a sua carreira política, Getúlio Vargas sempre contara com o seu talento pessoal de persuasão e poder de manipulação. Agora, porém, seus amigos começavam a perceber que ele parecia envelhecido e cansado. A principal figura da oposição, concordavam eles, era o belicoso jornalista Carlos Lacerda. Se ao menos pudessem ""removê-lo"" do cenário político, talvez Vargas se salvasse da situação. Esses seguidores decidiram tomar o assunto em suas próprias mãos com o atentado da Rua Tonelero.
Nesse contexto, a ação dos aliados de Getúlio Vargas teve como consequência imediata o(a)","A","intervenção dos sindicatos no conflito partidário.",0,NA,NA,NA,NA,"Portuguese","B"
"enem_2025_1mil_ch","enem_2025_1mil_ch_1",85827,"ENEM 2025 - CH","Exame Nacional do Ensino Médio
ENEM 2025
Prova de Linguagens, Códigos e suas Tecnologias e Redação
Prova de Ciências Humanas e suas Tecnologias
1º dia
Caderno 9 – Laranja
INEP
Ministério da Educação
ATENÇÃO: transcreva no espaço apropriado do seu CARTÃO-RESPOSTA, com sua caligrafia usual, considerando as letras maiúsculas e minúsculas, a seguinte frase:
Cada pessoa deve trabalhar para o seu aperfeiçoamento
LEIA ATENTAMENTE AS INSTRUÇÕES SEGUINTES:
1. Este CADERNO DE QUESTÕES contém 90 questões numeradas de 1 a 90 e a Proposta de Redação, dispostas da seguinte maneira:
a) questões de número 1 a 45, relativas à área de Linguagens, Códigos e suas Tecnologias;
b) Proposta de Redação;
c) questões de número 46 a 90, relativas à área de Ciências Humanas e suas Tecnologias.
ATENÇÃO: as questões de 1 a 5 são relativas à língua estrangeira. Você deverá responder apenas às questões relativas à língua estrangeira (inglês ou espanhol) escolhida no ato de sua inscrição.
2. Confira se a quantidade e a ordem das questões do seu CADERNO DE QUESTÕES estão de acordo com as instruções anteriores. Caso o caderno esteja incompleto, tenha defeito ou apresente qualquer divergência, comunique ao aplicador da sala para que ele tome as providências cabíveis.
3. Para cada uma das questões objetivas, são apresentadas 5 opções. Apenas uma responde corretamente à questão.
4. O tempo disponível para estas provas é de cinco horas e trinta minutos.
5. Reserve tempo suficiente para preencher o CARTÃO-RESPOSTA e a FOLHA DE REDAÇÃO.
6. Os rascunhos e as marcações assinaladas no CADERNO DE QUESTÕES não serão considerados na avaliação.
7. Somente serão corrigidas as redações transcritas na FOLHA DE REDAÇÃO.
8. Quando terminar as provas, acene para chamar o aplicador e entregue este CADERNO DE QUESTÕES, o CARTÃO-RESPOSTA/FOLHA DE REDAÇÃO.
9. Você poderá deixar o local de prova somente após decorridas duas horas do início da aplicação e poderá levar seu CADERNO DE QUESTÕES ao deixar em definitivo a sala de prova nos 30 minutos que antecedem o término das provas.
LINGUAGENS, CÓDIGOS E SUAS TECNOLOGIAS
Questões de 1 a 45
Questões de 1 a 5 (opção inglês)",NA,"Em toda a sua carreira política, Getúlio Vargas sempre contara com o seu talento pessoal de persuasão e poder de manipulação. Agora, porém, seus amigos começavam a perceber que ele parecia envelhecido e cansado. A principal figura da oposição, concordavam eles, era o belicoso jornalista Carlos Lacerda. Se ao menos pudessem ""removê-lo"" do cenário político, talvez Vargas se salvasse da situação. Esses seguidores decidiram tomar o assunto em suas próprias mãos com o atentado da Rua Tonelero.
Nesse contexto, a ação dos aliados de Getúlio Vargas teve como consequência imediata o(a)","A","mobilização da sociedade na defesa do governo.",0,NA,NA,NA,NA,"Portuguese","C"
"enem_2025_1mil_ch","enem_2025_1mil_ch_1",85827,"ENEM 2025 - CH","Exame Nacional do Ensino Médio
ENEM 2025
Prova de Linguagens, Códigos e suas Tecnologias e Redação
Prova de Ciências Humanas e suas Tecnologias
1º dia
Caderno 9 – Laranja
INEP
Ministério da Educação
ATENÇÃO: transcreva no espaço apropriado do seu CARTÃO-RESPOSTA, com sua caligrafia usual, considerando as letras maiúsculas e minúsculas, a seguinte frase:
Cada pessoa deve trabalhar para o seu aperfeiçoamento
LEIA ATENTAMENTE AS INSTRUÇÕES SEGUINTES:
1. Este CADERNO DE QUESTÕES contém 90 questões numeradas de 1 a 90 e a Proposta de Redação, dispostas da seguinte maneira:
a) questões de número 1 a 45, relativas à área de Linguagens, Códigos e suas Tecnologias;
b) Proposta de Redação;
c) questões de número 46 a 90, relativas à área de Ciências Humanas e suas Tecnologias.
ATENÇÃO: as questões de 1 a 5 são relativas à língua estrangeira. Você deverá responder apenas às questões relativas à língua estrangeira (inglês ou espanhol) escolhida no ato de sua inscrição.
2. Confira se a quantidade e a ordem das questões do seu CADERNO DE QUESTÕES estão de acordo com as instruções anteriores. Caso o caderno esteja incompleto, tenha defeito ou apresente qualquer divergência, comunique ao aplicador da sala para que ele tome as providências cabíveis.
3. Para cada uma das questões objetivas, são apresentadas 5 opções. Apenas uma responde corretamente à questão.
4. O tempo disponível para estas provas é de cinco horas e trinta minutos.
5. Reserve tempo suficiente para preencher o CARTÃO-RESPOSTA e a FOLHA DE REDAÇÃO.
6. Os rascunhos e as marcações assinaladas no CADERNO DE QUESTÕES não serão considerados na avaliação.
7. Somente serão corrigidas as redações transcritas na FOLHA DE REDAÇÃO.
8. Quando terminar as provas, acene para chamar o aplicador e entregue este CADERNO DE QUESTÕES, o CARTÃO-RESPOSTA/FOLHA DE REDAÇÃO.
9. Você poderá deixar o local de prova somente após decorridas duas horas do início da aplicação e poderá levar seu CADERNO DE QUESTÕES ao deixar em definitivo a sala de prova nos 30 minutos que antecedem o término das provas.
LINGUAGENS, CÓDIGOS E SUAS TECNOLOGIAS
Questões de 1 a 45
Questões de 1 a 5 (opção inglês)",NA,"Em toda a sua carreira política, Getúlio Vargas sempre contara com o seu talento pessoal de persuasão e poder de manipulação. Agora, porém, seus amigos começavam a perceber que ele parecia envelhecido e cansado. A principal figura da oposição, concordavam eles, era o belicoso jornalista Carlos Lacerda. Se ao menos pudessem ""removê-lo"" do cenário político, talvez Vargas se salvasse da situação. Esses seguidores decidiram tomar o assunto em suas próprias mãos com o atentado da Rua Tonelero.
Nesse contexto, a ação dos aliados de Getúlio Vargas teve como consequência imediata o(a)","A","abandono da censura aos meios de comunicação.",0,NA,NA,NA,NA,"Portuguese","D"
"enem_2025_1mil_ch","enem_2025_1mil_ch_1",85827,"ENEM 2025 - CH","Exame Nacional do Ensino Médio
ENEM 2025
Prova de Linguagens, Códigos e suas Tecnologias e Redação
Prova de Ciências Humanas e suas Tecnologias
1º dia
Caderno 9 – Laranja
INEP
Ministério da Educação
ATENÇÃO: transcreva no espaço apropriado do seu CARTÃO-RESPOSTA, com sua caligrafia usual, considerando as letras maiúsculas e minúsculas, a seguinte frase:
Cada pessoa deve trabalhar para o seu aperfeiçoamento
LEIA ATENTAMENTE AS INSTRUÇÕES SEGUINTES:
1. Este CADERNO DE QUESTÕES contém 90 questões numeradas de 1 a 90 e a Proposta de Redação, dispostas da seguinte maneira:
a) questões de número 1 a 45, relativas à área de Linguagens, Códigos e suas Tecnologias;
b) Proposta de Redação;
c) questões de número 46 a 90, relativas à área de Ciências Humanas e suas Tecnologias.
ATENÇÃO: as questões de 1 a 5 são relativas à língua estrangeira. Você deverá responder apenas às questões relativas à língua estrangeira (inglês ou espanhol) escolhida no ato de sua inscrição.
2. Confira se a quantidade e a ordem das questões do seu CADERNO DE QUESTÕES estão de acordo com as instruções anteriores. Caso o caderno esteja incompleto, tenha defeito ou apresente qualquer divergência, comunique ao aplicador da sala para que ele tome as providências cabíveis.
3. Para cada uma das questões objetivas, são apresentadas 5 opções. Apenas uma responde corretamente à questão.
4. O tempo disponível para estas provas é de cinco horas e trinta minutos.
5. Reserve tempo suficiente para preencher o CARTÃO-RESPOSTA e a FOLHA DE REDAÇÃO.
6. Os rascunhos e as marcações assinaladas no CADERNO DE QUESTÕES não serão considerados na avaliação.
7. Somente serão corrigidas as redações transcritas na FOLHA DE REDAÇÃO.
8. Quando terminar as provas, acene para chamar o aplicador e entregue este CADERNO DE QUESTÕES, o CARTÃO-RESPOSTA/FOLHA DE REDAÇÃO.
9. Você poderá deixar o local de prova somente após decorridas duas horas do início da aplicação e poderá levar seu CADERNO DE QUESTÕES ao deixar em definitivo a sala de prova nos 30 minutos que antecedem o término das provas.
LINGUAGENS, CÓDIGOS E SUAS TECNOLOGIAS
Questões de 1 a 45
Questões de 1 a 5 (opção inglês)",NA,"Em toda a sua carreira política, Getúlio Vargas sempre contara com o seu talento pessoal de persuasão e poder de manipulação. Agora, porém, seus amigos começavam a perceber que ele parecia envelhecido e cansado. A principal figura da oposição, concordavam eles, era o belicoso jornalista Carlos Lacerda. Se ao menos pudessem ""removê-lo"" do cenário político, talvez Vargas se salvasse da situação. Esses seguidores decidiram tomar o assunto em suas próprias mãos com o atentado da Rua Tonelero.
Nesse contexto, a ação dos aliados de Getúlio Vargas teve como consequência imediata o(a)","A","apoio dos parlamentares aos candidatos oposicionistas.",0,NA,NA,NA,NA,"Portuguese","E"
"enem_2025_1mil_ch","enem_2025_1mil_ch_1",141009,"ENEM 2025 - CH","Exame Nacional do Ensino Médio
ENEM 2025
Prova de Linguagens, Códigos e suas Tecnologias e Redação
Prova de Ciências Humanas e suas Tecnologias
1º dia
Caderno 9 – Laranja
INEP
Ministério da Educação
ATENÇÃO: transcreva no espaço apropriado do seu CARTÃO-RESPOSTA, com sua caligrafia usual, considerando as letras maiúsculas e minúsculas, a seguinte frase:
Cada pessoa deve trabalhar para o seu aperfeiçoamento
LEIA ATENTAMENTE AS INSTRUÇÕES SEGUINTES:
1. Este CADERNO DE QUESTÕES contém 90 questões numeradas de 1 a 90 e a Proposta de Redação, dispostas da seguinte maneira:
a) questões de número 1 a 45, relativas à área de Linguagens, Códigos e suas Tecnologias;
b) Proposta de Redação;
c) questões de número 46 a 90, relativas à área de Ciências Humanas e suas Tecnologias.
ATENÇÃO: as questões de 1 a 5 são relativas à língua estrangeira. Você deverá responder apenas às questões relativas à língua estrangeira (inglês ou espanhol) escolhida no ato de sua inscrição.
2. Confira se a quantidade e a ordem das questões do seu CADERNO DE QUESTÕES estão de acordo com as instruções anteriores. Caso o caderno esteja incompleto, tenha defeito ou apresente qualquer divergência, comunique ao aplicador da sala para que ele tome as providências cabíveis.
3. Para cada uma das questões objetivas, são apresentadas 5 opções. Apenas uma responde corretamente à questão.
4. O tempo disponível para estas provas é de cinco horas e trinta minutos.
5. Reserve tempo suficiente para preencher o CARTÃO-RESPOSTA e a FOLHA DE REDAÇÃO.
6. Os rascunhos e as marcações assinaladas no CADERNO DE QUESTÕES não serão considerados na avaliação.
7. Somente serão corrigidas as redações transcritas na FOLHA DE REDAÇÃO.
8. Quando terminar as provas, acene para chamar o aplicador e entregue este CADERNO DE QUESTÕES, o CARTÃO-RESPOSTA/FOLHA DE REDAÇÃO.
9. Você poderá deixar o local de prova somente após decorridas duas horas do início da aplicação e poderá levar seu CADERNO DE QUESTÕES ao deixar em definitivo a sala de prova nos 30 minutos que antecedem o término das provas.
LINGUAGENS, CÓDIGOS E SUAS TECNOLOGIAS
Questões de 1 a 45
Questões de 1 a 5 (opção inglês)",NA,"O que eu queria ter sido
Clarice Lispector
Um nome para o que sou, importa muito pouco. Importa o que eu gostaria de ser. O que eu gostaria de ser era uma lutadora. Quero dizer, uma pessoa que luta pelo bem dos outros. Isso desde pequena eu quis. Por que foi o destino me levando a escrever o que já escrevi, em vez de também desenvolver em mim a qualidade de lutadora que eu tinha? Em pequena, minha família por brincadeira chamava-me de ""a protetora dos animais"". Porque bastava acusarem uma pessoa para eu imediatamente defendê-la. E eu sentia o drama social com tanta intensidade que vivia de coração perplexo diante das grandes injustiças a que são submetidas as chamadas classes menos privilegiadas.
A reflexão contida no texto faz referência aos pressupostos de uma doutrina ética representada pelo","C","estado eudaimônico.",0,NA,NA,NA,NA,"Portuguese","A"
"enem_2025_1mil_ch","enem_2025_1mil_ch_1",141009,"ENEM 2025 - CH","Exame Nacional do Ensino Médio
ENEM 2025
Prova de Linguagens, Códigos e suas Tecnologias e Redação
Prova de Ciências Humanas e suas Tecnologias
1º dia
Caderno 9 – Laranja
INEP
Ministério da Educação
ATENÇÃO: transcreva no espaço apropriado do seu CARTÃO-RESPOSTA, com sua caligrafia usual, considerando as letras maiúsculas e minúsculas, a seguinte frase:
Cada pessoa deve trabalhar para o seu aperfeiçoamento
LEIA ATENTAMENTE AS INSTRUÇÕES SEGUINTES:
1. Este CADERNO DE QUESTÕES contém 90 questões numeradas de 1 a 90 e a Proposta de Redação, dispostas da seguinte maneira:
a) questões de número 1 a 45, relativas à área de Linguagens, Códigos e suas Tecnologias;
b) Proposta de Redação;
c) questões de número 46 a 90, relativas à área de Ciências Humanas e suas Tecnologias.
ATENÇÃO: as questões de 1 a 5 são relativas à língua estrangeira. Você deverá responder apenas às questões relativas à língua estrangeira (inglês ou espanhol) escolhida no ato de sua inscrição.
2. Confira se a quantidade e a ordem das questões do seu CADERNO DE QUESTÕES estão de acordo com as instruções anteriores. Caso o caderno esteja incompleto, tenha defeito ou apresente qualquer divergência, comunique ao aplicador da sala para que ele tome as providências cabíveis.
3. Para cada uma das questões objetivas, são apresentadas 5 opções. Apenas uma responde corretamente à questão.
4. O tempo disponível para estas provas é de cinco horas e trinta minutos.
5. Reserve tempo suficiente para preencher o CARTÃO-RESPOSTA e a FOLHA DE REDAÇÃO.
6. Os rascunhos e as marcações assinaladas no CADERNO DE QUESTÕES não serão considerados na avaliação.
7. Somente serão corrigidas as redações transcritas na FOLHA DE REDAÇÃO.
8. Quando terminar as provas, acene para chamar o aplicador e entregue este CADERNO DE QUESTÕES, o CARTÃO-RESPOSTA/FOLHA DE REDAÇÃO.
9. Você poderá deixar o local de prova somente após decorridas duas horas do início da aplicação e poderá levar seu CADERNO DE QUESTÕES ao deixar em definitivo a sala de prova nos 30 minutos que antecedem o término das provas.
LINGUAGENS, CÓDIGOS E SUAS TECNOLOGIAS
Questões de 1 a 45
Questões de 1 a 5 (opção inglês)",NA,"O que eu queria ter sido
Clarice Lispector
Um nome para o que sou, importa muito pouco. Importa o que eu gostaria de ser. O que eu gostaria de ser era uma lutadora. Quero dizer, uma pessoa que luta pelo bem dos outros. Isso desde pequena eu quis. Por que foi o destino me levando a escrever o que já escrevi, em vez de também desenvolver em mim a qualidade de lutadora que eu tinha? Em pequena, minha família por brincadeira chamava-me de ""a protetora dos animais"". Porque bastava acusarem uma pessoa para eu imediatamente defendê-la. E eu sentia o drama social com tanta intensidade que vivia de coração perplexo diante das grandes injustiças a que são submetidas as chamadas classes menos privilegiadas.
A reflexão contida no texto faz referência aos pressupostos de uma doutrina ética representada pelo","C","referencial hedonista.",0,NA,NA,NA,NA,"Portuguese","B"
"enem_2025_1mil_ch","enem_2025_1mil_ch_1",141009,"ENEM 2025 - CH","Exame Nacional do Ensino Médio
ENEM 2025
Prova de Linguagens, Códigos e suas Tecnologias e Redação
Prova de Ciências Humanas e suas Tecnologias
1º dia
Caderno 9 – Laranja
INEP
Ministério da Educação
ATENÇÃO: transcreva no espaço apropriado do seu CARTÃO-RESPOSTA, com sua caligrafia usual, considerando as letras maiúsculas e minúsculas, a seguinte frase:
Cada pessoa deve trabalhar para o seu aperfeiçoamento
LEIA ATENTAMENTE AS INSTRUÇÕES SEGUINTES:
1. Este CADERNO DE QUESTÕES contém 90 questões numeradas de 1 a 90 e a Proposta de Redação, dispostas da seguinte maneira:
a) questões de número 1 a 45, relativas à área de Linguagens, Códigos e suas Tecnologias;
b) Proposta de Redação;
c) questões de número 46 a 90, relativas à área de Ciências Humanas e suas Tecnologias.
ATENÇÃO: as questões de 1 a 5 são relativas à língua estrangeira. Você deverá responder apenas às questões relativas à língua estrangeira (inglês ou espanhol) escolhida no ato de sua inscrição.
2. Confira se a quantidade e a ordem das questões do seu CADERNO DE QUESTÕES estão de acordo com as instruções anteriores. Caso o caderno esteja incompleto, tenha defeito ou apresente qualquer divergência, comunique ao aplicador da sala para que ele tome as providências cabíveis.
3. Para cada uma das questões objetivas, são apresentadas 5 opções. Apenas uma responde corretamente à questão.
4. O tempo disponível para estas provas é de cinco horas e trinta minutos.
5. Reserve tempo suficiente para preencher o CARTÃO-RESPOSTA e a FOLHA DE REDAÇÃO.
6. Os rascunhos e as marcações assinaladas no CADERNO DE QUESTÕES não serão considerados na avaliação.
7. Somente serão corrigidas as redações transcritas na FOLHA DE REDAÇÃO.
8. Quando terminar as provas, acene para chamar o aplicador e entregue este CADERNO DE QUESTÕES, o CARTÃO-RESPOSTA/FOLHA DE REDAÇÃO.
9. Você poderá deixar o local de prova somente após decorridas duas horas do início da aplicação e poderá levar seu CADERNO DE QUESTÕES ao deixar em definitivo a sala de prova nos 30 minutos que antecedem o término das provas.
LINGUAGENS, CÓDIGOS E SUAS TECNOLOGIAS
Questões de 1 a 45
Questões de 1 a 5 (opção inglês)",NA,"O que eu queria ter sido
Clarice Lispector
Um nome para o que sou, importa muito pouco. Importa o que eu gostaria de ser. O que eu gostaria de ser era uma lutadora. Quero dizer, uma pessoa que luta pelo bem dos outros. Isso desde pequena eu quis. Por que foi o destino me levando a escrever o que já escrevi, em vez de também desenvolver em mim a qualidade de lutadora que eu tinha? Em pequena, minha família por brincadeira chamava-me de ""a protetora dos animais"". Porque bastava acusarem uma pessoa para eu imediatamente defendê-la. E eu sentia o drama social com tanta intensidade que vivia de coração perplexo diante das grandes injustiças a que são submetidas as chamadas classes menos privilegiadas.
A reflexão contida no texto faz referência aos pressupostos de uma doutrina ética representada pelo","C","pensamento altruísta.",1,NA,NA,NA,NA,"Portuguese","C"
"enem_2025_1mil_ch","enem_2025_1mil_ch_1",141009,"ENEM 2025 - CH","Exame Nacional do Ensino Médio
ENEM 2025
Prova de Linguagens, Códigos e suas Tecnologias e Redação
Prova de Ciências Humanas e suas Tecnologias
1º dia
Caderno 9 – Laranja
INEP
Ministério da Educação
ATENÇÃO: transcreva no espaço apropriado do seu CARTÃO-RESPOSTA, com sua caligrafia usual, considerando as letras maiúsculas e minúsculas, a seguinte frase:
Cada pessoa deve trabalhar para o seu aperfeiçoamento
LEIA ATENTAMENTE AS INSTRUÇÕES SEGUINTES:
1. Este CADERNO DE QUESTÕES contém 90 questões numeradas de 1 a 90 e a Proposta de Redação, dispostas da seguinte maneira:
a) questões de número 1 a 45, relativas à área de Linguagens, Códigos e suas Tecnologias;
b) Proposta de Redação;
c) questões de número 46 a 90, relativas à área de Ciências Humanas e suas Tecnologias.
ATENÇÃO: as questões de 1 a 5 são relativas à língua estrangeira. Você deverá responder apenas às questões relativas à língua estrangeira (inglês ou espanhol) escolhida no ato de sua inscrição.
2. Confira se a quantidade e a ordem das questões do seu CADERNO DE QUESTÕES estão de acordo com as instruções anteriores. Caso o caderno esteja incompleto, tenha defeito ou apresente qualquer divergência, comunique ao aplicador da sala para que ele tome as providências cabíveis.
3. Para cada uma das questões objetivas, são apresentadas 5 opções. Apenas uma responde corretamente à questão.
4. O tempo disponível para estas provas é de cinco horas e trinta minutos.
5. Reserve tempo suficiente para preencher o CARTÃO-RESPOSTA e a FOLHA DE REDAÇÃO.
6. Os rascunhos e as marcações assinaladas no CADERNO DE QUESTÕES não serão considerados na avaliação.
7. Somente serão corrigidas as redações transcritas na FOLHA DE REDAÇÃO.
8. Quando terminar as provas, acene para chamar o aplicador e entregue este CADERNO DE QUESTÕES, o CARTÃO-RESPOSTA/FOLHA DE REDAÇÃO.
9. Você poderá deixar o local de prova somente após decorridas duas horas do início da aplicação e poderá levar seu CADERNO DE QUESTÕES ao deixar em definitivo a sala de prova nos 30 minutos que antecedem o término das provas.
LINGUAGENS, CÓDIGOS E SUAS TECNOLOGIAS
Questões de 1 a 45
Questões de 1 a 5 (opção inglês)",NA,"O que eu queria ter sido
Clarice Lispector
Um nome para o que sou, importa muito pouco. Importa o que eu gostaria de ser. O que eu gostaria de ser era uma lutadora. Quero dizer, uma pessoa que luta pelo bem dos outros. Isso desde pequena eu quis. Por que foi o destino me levando a escrever o que já escrevi, em vez de também desenvolver em mim a qualidade de lutadora que eu tinha? Em pequena, minha família por brincadeira chamava-me de ""a protetora dos animais"". Porque bastava acusarem uma pessoa para eu imediatamente defendê-la. E eu sentia o drama social com tanta intensidade que vivia de coração perplexo diante das grandes injustiças a que são submetidas as chamadas classes menos privilegiadas.
A reflexão contida no texto faz referência aos pressupostos de uma doutrina ética representada pelo","C","movimento antiespecista.",0,NA,NA,NA,NA,"Portuguese","D"
"enem_2025_1mil_ch","enem_2025_1mil_ch_1",141009,"ENEM 2025 - CH","Exame Nacional do Ensino Médio
ENEM 2025
Prova de Linguagens, Códigos e suas Tecnologias e Redação
Prova de Ciências Humanas e suas Tecnologias
1º dia
Caderno 9 – Laranja
INEP
Ministério da Educação
ATENÇÃO: transcreva no espaço apropriado do seu CARTÃO-RESPOSTA, com sua caligrafia usual, considerando as letras maiúsculas e minúsculas, a seguinte frase:
Cada pessoa deve trabalhar para o seu aperfeiçoamento
LEIA ATENTAMENTE AS INSTRUÇÕES SEGUINTES:
1. Este CADERNO DE QUESTÕES contém 90 questões numeradas de 1 a 90 e a Proposta de Redação, dispostas da seguinte maneira:
a) questões de número 1 a 45, relativas à área de Linguagens, Códigos e suas Tecnologias;
b) Proposta de Redação;
c) questões de número 46 a 90, relativas à área de Ciências Humanas e suas Tecnologias.
ATENÇÃO: as questões de 1 a 5 são relativas à língua estrangeira. Você deverá responder apenas às questões relativas à língua estrangeira (inglês ou espanhol) escolhida no ato de sua inscrição.
2. Confira se a quantidade e a ordem das questões do seu CADERNO DE QUESTÕES estão de acordo com as instruções anteriores. Caso o caderno esteja incompleto, tenha defeito ou apresente qualquer divergência, comunique ao aplicador da sala para que ele tome as providências cabíveis.
3. Para cada uma das questões objetivas, são apresentadas 5 opções. Apenas uma responde corretamente à questão.
4. O tempo disponível para estas provas é de cinco horas e trinta minutos.
5. Reserve tempo suficiente para preencher o CARTÃO-RESPOSTA e a FOLHA DE REDAÇÃO.
6. Os rascunhos e as marcações assinaladas no CADERNO DE QUESTÕES não serão considerados na avaliação.
7. Somente serão corrigidas as redações transcritas na FOLHA DE REDAÇÃO.
8. Quando terminar as provas, acene para chamar o aplicador e entregue este CADERNO DE QUESTÕES, o CARTÃO-RESPOSTA/FOLHA DE REDAÇÃO.
9. Você poderá deixar o local de prova somente após decorridas duas horas do início da aplicação e poderá levar seu CADERNO DE QUESTÕES ao deixar em definitivo a sala de prova nos 30 minutos que antecedem o término das provas.
LINGUAGENS, CÓDIGOS E SUAS TECNOLOGIAS
Questões de 1 a 45
Questões de 1 a 5 (opção inglês)",NA,"O que eu queria ter sido
Clarice Lispector
Um nome para o que sou, importa muito pouco. Importa o que eu gostaria de ser. O que eu gostaria de ser era uma lutadora. Quero dizer, uma pessoa que luta pelo bem dos outros. Isso desde pequena eu quis. Por que foi o destino me levando a escrever o que já escrevi, em vez de também desenvolver em mim a qualidade de lutadora que eu tinha? Em pequena, minha família por brincadeira chamava-me de ""a protetora dos animais"". Porque bastava acusarem uma pessoa para eu imediatamente defendê-la. E eu sentia o drama social com tanta intensidade que vivia de coração perplexo diante das grandes injustiças a que são submetidas as chamadas classes menos privilegiadas.
A reflexão contida no texto faz referência aos pressupostos de uma doutrina ética representada pelo","C","comportamento pragmático.",0,NA,NA,NA,NA,"Portuguese","E"
"enem_2025_1mil_ch","enem_2025_1mil_ch_1",141340,"ENEM 2025 - CH","Exame Nacional do Ensino Médio
ENEM 2025
Prova de Linguagens, Códigos e suas Tecnologias e Redação
Prova de Ciências Humanas e suas Tecnologias
1º dia
Caderno 9 – Laranja
INEP
Ministério da Educação
ATENÇÃO: transcreva no espaço apropriado do seu CARTÃO-RESPOSTA, com sua caligrafia usual, considerando as letras maiúsculas e minúsculas, a seguinte frase:
Cada pessoa deve trabalhar para o seu aperfeiçoamento
LEIA ATENTAMENTE AS INSTRUÇÕES SEGUINTES:
1. Este CADERNO DE QUESTÕES contém 90 questões numeradas de 1 a 90 e a Proposta de Redação, dispostas da seguinte maneira:
a) questões de número 1 a 45, relativas à área de Linguagens, Códigos e suas Tecnologias;
b) Proposta de Redação;
c) questões de número 46 a 90, relativas à área de Ciências Humanas e suas Tecnologias.
ATENÇÃO: as questões de 1 a 5 são relativas à língua estrangeira. Você deverá responder apenas às questões relativas à língua estrangeira (inglês ou espanhol) escolhida no ato de sua inscrição.
2. Confira se a quantidade e a ordem das questões do seu CADERNO DE QUESTÕES estão de acordo com as instruções anteriores. Caso o caderno esteja incompleto, tenha defeito ou apresente qualquer divergência, comunique ao aplicador da sala para que ele tome as providências cabíveis.
3. Para cada uma das questões objetivas, são apresentadas 5 opções. Apenas uma responde corretamente à questão.
4. O tempo disponível para estas provas é de cinco horas e trinta minutos.
5. Reserve tempo suficiente para preencher o CARTÃO-RESPOSTA e a FOLHA DE REDAÇÃO.
6. Os rascunhos e as marcações assinaladas no CADERNO DE QUESTÕES não serão considerados na avaliação.
7. Somente serão corrigidas as redações transcritas na FOLHA DE REDAÇÃO.
8. Quando terminar as provas, acene para chamar o aplicador e entregue este CADERNO DE QUESTÕES, o CARTÃO-RESPOSTA/FOLHA DE REDAÇÃO.
9. Você poderá deixar o local de prova somente após decorridas duas horas do início da aplicação e poderá levar seu CADERNO DE QUESTÕES ao deixar em definitivo a sala de prova nos 30 minutos que antecedem o término das provas.
LINGUAGENS, CÓDIGOS E SUAS TECNOLOGIAS
Questões de 1 a 45
Questões de 1 a 5 (opção inglês)",NA,"Ideologia da sociedade industrial
Herbert Marcuse
Independência de pensamento, autonomia e direito à oposição política estão perdendo sua função crítica básica numa sociedade que parece cada vez mais capaz de atender às necessidades dos indivíduos através da forma pela qual é organizada. Nas condições de um padrão de vida crescente, o não conformismo com o próprio sistema parece socialmente inútil, principalmente quando acarreta desvantagens econômicas e políticas tangíveis e ameaça o funcionamento suave do todo.
Qual é a característica da sociedade industrial do século 20 apresentada no texto?","D","Gestão integrada.",0,NA,NA,NA,NA,"Portuguese","A"
"enem_2025_1mil_ch","enem_2025_1mil_ch_1",141340,"ENEM 2025 - CH","Exame Nacional do Ensino Médio
ENEM 2025
Prova de Linguagens, Códigos e suas Tecnologias e Redação
Prova de Ciências Humanas e suas Tecnologias
1º dia
Caderno 9 – Laranja
INEP
Ministério da Educação
ATENÇÃO: transcreva no espaço apropriado do seu CARTÃO-RESPOSTA, com sua caligrafia usual, considerando as letras maiúsculas e minúsculas, a seguinte frase:
Cada pessoa deve trabalhar para o seu aperfeiçoamento
LEIA ATENTAMENTE AS INSTRUÇÕES SEGUINTES:
1. Este CADERNO DE QUESTÕES contém 90 questões numeradas de 1 a 90 e a Proposta de Redação, dispostas da seguinte maneira:
a) questões de número 1 a 45, relativas à área de Linguagens, Códigos e suas Tecnologias;
b) Proposta de Redação;
c) questões de número 46 a 90, relativas à área de Ciências Humanas e suas Tecnologias.
ATENÇÃO: as questões de 1 a 5 são relativas à língua estrangeira. Você deverá responder apenas às questões relativas à língua estrangeira (inglês ou espanhol) escolhida no ato de sua inscrição.
2. Confira se a quantidade e a ordem das questões do seu CADERNO DE QUESTÕES estão de acordo com as instruções anteriores. Caso o caderno esteja incompleto, tenha defeito ou apresente qualquer divergência, comunique ao aplicador da sala para que ele tome as providências cabíveis.
3. Para cada uma das questões objetivas, são apresentadas 5 opções. Apenas uma responde corretamente à questão.
4. O tempo disponível para estas provas é de cinco horas e trinta minutos.
5. Reserve tempo suficiente para preencher o CARTÃO-RESPOSTA e a FOLHA DE REDAÇÃO.
6. Os rascunhos e as marcações assinaladas no CADERNO DE QUESTÕES não serão considerados na avaliação.
7. Somente serão corrigidas as redações transcritas na FOLHA DE REDAÇÃO.
8. Quando terminar as provas, acene para chamar o aplicador e entregue este CADERNO DE QUESTÕES, o CARTÃO-RESPOSTA/FOLHA DE REDAÇÃO.
9. Você poderá deixar o local de prova somente após decorridas duas horas do início da aplicação e poderá levar seu CADERNO DE QUESTÕES ao deixar em definitivo a sala de prova nos 30 minutos que antecedem o término das provas.
LINGUAGENS, CÓDIGOS E SUAS TECNOLOGIAS
Questões de 1 a 45
Questões de 1 a 5 (opção inglês)",NA,"Ideologia da sociedade industrial
Herbert Marcuse
Independência de pensamento, autonomia e direito à oposição política estão perdendo sua função crítica básica numa sociedade que parece cada vez mais capaz de atender às necessidades dos indivíduos através da forma pela qual é organizada. Nas condições de um padrão de vida crescente, o não conformismo com o próprio sistema parece socialmente inútil, principalmente quando acarreta desvantagens econômicas e políticas tangíveis e ameaça o funcionamento suave do todo.
Qual é a característica da sociedade industrial do século 20 apresentada no texto?","D","Relativismo moral.",0,NA,NA,NA,NA,"Portuguese","B"
"enem_2025_1mil_ch","enem_2025_1mil_ch_1",141340,"ENEM 2025 - CH","Exame Nacional do Ensino Médio
ENEM 2025
Prova de Linguagens, Códigos e suas Tecnologias e Redação
Prova de Ciências Humanas e suas Tecnologias
1º dia
Caderno 9 – Laranja
INEP
Ministério da Educação
ATENÇÃO: transcreva no espaço apropriado do seu CARTÃO-RESPOSTA, com sua caligrafia usual, considerando as letras maiúsculas e minúsculas, a seguinte frase:
Cada pessoa deve trabalhar para o seu aperfeiçoamento
LEIA ATENTAMENTE AS INSTRUÇÕES SEGUINTES:
1. Este CADERNO DE QUESTÕES contém 90 questões numeradas de 1 a 90 e a Proposta de Redação, dispostas da seguinte maneira:
a) questões de número 1 a 45, relativas à área de Linguagens, Códigos e suas Tecnologias;
b) Proposta de Redação;
c) questões de número 46 a 90, relativas à área de Ciências Humanas e suas Tecnologias.
ATENÇÃO: as questões de 1 a 5 são relativas à língua estrangeira. Você deverá responder apenas às questões relativas à língua estrangeira (inglês ou espanhol) escolhida no ato de sua inscrição.
2. Confira se a quantidade e a ordem das questões do seu CADERNO DE QUESTÕES estão de acordo com as instruções anteriores. Caso o caderno esteja incompleto, tenha defeito ou apresente qualquer divergência, comunique ao aplicador da sala para que ele tome as providências cabíveis.
3. Para cada uma das questões objetivas, são apresentadas 5 opções. Apenas uma responde corretamente à questão.
4. O tempo disponível para estas provas é de cinco horas e trinta minutos.
5. Reserve tempo suficiente para preencher o CARTÃO-RESPOSTA e a FOLHA DE REDAÇÃO.
6. Os rascunhos e as marcações assinaladas no CADERNO DE QUESTÕES não serão considerados na avaliação.
7. Somente serão corrigidas as redações transcritas na FOLHA DE REDAÇÃO.
8. Quando terminar as provas, acene para chamar o aplicador e entregue este CADERNO DE QUESTÕES, o CARTÃO-RESPOSTA/FOLHA DE REDAÇÃO.
9. Você poderá deixar o local de prova somente após decorridas duas horas do início da aplicação e poderá levar seu CADERNO DE QUESTÕES ao deixar em definitivo a sala de prova nos 30 minutos que antecedem o término das provas.
LINGUAGENS, CÓDIGOS E SUAS TECNOLOGIAS
Questões de 1 a 45
Questões de 1 a 5 (opção inglês)",NA,"Ideologia da sociedade industrial
Herbert Marcuse
Independência de pensamento, autonomia e direito à oposição política estão perdendo sua função crítica básica numa sociedade que parece cada vez mais capaz de atender às necessidades dos indivíduos através da forma pela qual é organizada. Nas condições de um padrão de vida crescente, o não conformismo com o próprio sistema parece socialmente inútil, principalmente quando acarreta desvantagens econômicas e políticas tangíveis e ameaça o funcionamento suave do todo.
Qual é a característica da sociedade industrial do século 20 apresentada no texto?","D","Desobediência civil.",0,NA,NA,NA,NA,"Portuguese","C"
"enem_2025_1mil_ch","enem_2025_1mil_ch_1",141340,"ENEM 2025 - CH","Exame Nacional do Ensino Médio
ENEM 2025
Prova de Linguagens, Códigos e suas Tecnologias e Redação
Prova de Ciências Humanas e suas Tecnologias
1º dia
Caderno 9 – Laranja
INEP
Ministério da Educação
ATENÇÃO: transcreva no espaço apropriado do seu CARTÃO-RESPOSTA, com sua caligrafia usual, considerando as letras maiúsculas e minúsculas, a seguinte frase:
Cada pessoa deve trabalhar para o seu aperfeiçoamento
LEIA ATENTAMENTE AS INSTRUÇÕES SEGUINTES:
1. Este CADERNO DE QUESTÕES contém 90 questões numeradas de 1 a 90 e a Proposta de Redação, dispostas da seguinte maneira:
a) questões de número 1 a 45, relativas à área de Linguagens, Códigos e suas Tecnologias;
b) Proposta de Redação;
c) questões de número 46 a 90, relativas à área de Ciências Humanas e suas Tecnologias.
ATENÇÃO: as questões de 1 a 5 são relativas à língua estrangeira. Você deverá responder apenas às questões relativas à língua estrangeira (inglês ou espanhol) escolhida no ato de sua inscrição.
2. Confira se a quantidade e a ordem das questões do seu CADERNO DE QUESTÕES estão de acordo com as instruções anteriores. Caso o caderno esteja incompleto, tenha defeito ou apresente qualquer divergência, comunique ao aplicador da sala para que ele tome as providências cabíveis.
3. Para cada uma das questões objetivas, são apresentadas 5 opções. Apenas uma responde corretamente à questão.
4. O tempo disponível para estas provas é de cinco horas e trinta minutos.
5. Reserve tempo suficiente para preencher o CARTÃO-RESPOSTA e a FOLHA DE REDAÇÃO.
6. Os rascunhos e as marcações assinaladas no CADERNO DE QUESTÕES não serão considerados na avaliação.
7. Somente serão corrigidas as redações transcritas na FOLHA DE REDAÇÃO.
8. Quando terminar as provas, acene para chamar o aplicador e entregue este CADERNO DE QUESTÕES, o CARTÃO-RESPOSTA/FOLHA DE REDAÇÃO.
9. Você poderá deixar o local de prova somente após decorridas duas horas do início da aplicação e poderá levar seu CADERNO DE QUESTÕES ao deixar em definitivo a sala de prova nos 30 minutos que antecedem o término das provas.
LINGUAGENS, CÓDIGOS E SUAS TECNOLOGIAS
Questões de 1 a 45
Questões de 1 a 5 (opção inglês)",NA,"Ideologia da sociedade industrial
Herbert Marcuse
Independência de pensamento, autonomia e direito à oposição política estão perdendo sua função crítica básica numa sociedade que parece cada vez mais capaz de atender às necessidades dos indivíduos através da forma pela qual é organizada. Nas condições de um padrão de vida crescente, o não conformismo com o próprio sistema parece socialmente inútil, principalmente quando acarreta desvantagens econômicas e políticas tangíveis e ameaça o funcionamento suave do todo.
Qual é a característica da sociedade industrial do século 20 apresentada no texto?","D","Realidade unidimensional.",1,NA,NA,NA,NA,"Portuguese","D"
"enem_2025_1mil_ch","enem_2025_1mil_ch_1",141340,"ENEM 2025 - CH","Exame Nacional do Ensino Médio
ENEM 2025
Prova de Linguagens, Códigos e suas Tecnologias e Redação
Prova de Ciências Humanas e suas Tecnologias
1º dia
Caderno 9 – Laranja
INEP
Ministério da Educação
ATENÇÃO: transcreva no espaço apropriado do seu CARTÃO-RESPOSTA, com sua caligrafia usual, considerando as letras maiúsculas e minúsculas, a seguinte frase:
Cada pessoa deve trabalhar para o seu aperfeiçoamento
LEIA ATENTAMENTE AS INSTRUÇÕES SEGUINTES:
1. Este CADERNO DE QUESTÕES contém 90 questões numeradas de 1 a 90 e a Proposta de Redação, dispostas da seguinte maneira:
a) questões de número 1 a 45, relativas à área de Linguagens, Códigos e suas Tecnologias;
b) Proposta de Redação;
c) questões de número 46 a 90, relativas à área de Ciências Humanas e suas Tecnologias.
ATENÇÃO: as questões de 1 a 5 são relativas à língua estrangeira. Você deverá responder apenas às questões relativas à língua estrangeira (inglês ou espanhol) escolhida no ato de sua inscrição.
2. Confira se a quantidade e a ordem das questões do seu CADERNO DE QUESTÕES estão de acordo com as instruções anteriores. Caso o caderno esteja incompleto, tenha defeito ou apresente qualquer divergência, comunique ao aplicador da sala para que ele tome as providências cabíveis.
3. Para cada uma das questões objetivas, são apresentadas 5 opções. Apenas uma responde corretamente à questão.
4. O tempo disponível para estas provas é de cinco horas e trinta minutos.
5. Reserve tempo suficiente para preencher o CARTÃO-RESPOSTA e a FOLHA DE REDAÇÃO.
6. Os rascunhos e as marcações assinaladas no CADERNO DE QUESTÕES não serão considerados na avaliação.
7. Somente serão corrigidas as redações transcritas na FOLHA DE REDAÇÃO.
8. Quando terminar as provas, acene para chamar o aplicador e entregue este CADERNO DE QUESTÕES, o CARTÃO-RESPOSTA/FOLHA DE REDAÇÃO.
9. Você poderá deixar o local de prova somente após decorridas duas horas do início da aplicação e poderá levar seu CADERNO DE QUESTÕES ao deixar em definitivo a sala de prova nos 30 minutos que antecedem o término das provas.
LINGUAGENS, CÓDIGOS E SUAS TECNOLOGIAS
Questões de 1 a 45
Questões de 1 a 5 (opção inglês)",NA,"Ideologia da sociedade industrial
Herbert Marcuse
Independência de pensamento, autonomia e direito à oposição política estão perdendo sua função crítica básica numa sociedade que parece cada vez mais capaz de atender às necessidades dos indivíduos através da forma pela qual é organizada. Nas condições de um padrão de vida crescente, o não conformismo com o próprio sistema parece socialmente inútil, principalmente quando acarreta desvantagens econômicas e políticas tangíveis e ameaça o funcionamento suave do todo.
Qual é a característica da sociedade industrial do século 20 apresentada no texto?","D","Desenvolvimento tecnológico.",0,NA,NA,NA,NA,"Portuguese","E"
"enem_2025_1mil_ch","enem_2025_1mil_ch_1",84849,"ENEM 2025 - CH","Exame Nacional do Ensino Médio
ENEM 2025
Prova de Linguagens, Códigos e suas Tecnologias e Redação
Prova de Ciências Humanas e suas Tecnologias
1º dia
Caderno 9 – Laranja
INEP
Ministério da Educação
ATENÇÃO: transcreva no espaço apropriado do seu CARTÃO-RESPOSTA, com sua caligrafia usual, considerando as letras maiúsculas e minúsculas, a seguinte frase:
Cada pessoa deve trabalhar para o seu aperfeiçoamento
LEIA ATENTAMENTE AS INSTRUÇÕES SEGUINTES:
1. Este CADERNO DE QUESTÕES contém 90 questões numeradas de 1 a 90 e a Proposta de Redação, dispostas da seguinte maneira:
a) questões de número 1 a 45, relativas à área de Linguagens, Códigos e suas Tecnologias;
b) Proposta de Redação;
c) questões de número 46 a 90, relativas à área de Ciências Humanas e suas Tecnologias.
ATENÇÃO: as questões de 1 a 5 são relativas à língua estrangeira. Você deverá responder apenas às questões relativas à língua estrangeira (inglês ou espanhol) escolhida no ato de sua inscrição.
2. Confira se a quantidade e a ordem das questões do seu CADERNO DE QUESTÕES estão de acordo com as instruções anteriores. Caso o caderno esteja incompleto, tenha defeito ou apresente qualquer divergência, comunique ao aplicador da sala para que ele tome as providências cabíveis.
3. Para cada uma das questões objetivas, são apresentadas 5 opções. Apenas uma responde corretamente à questão.
4. O tempo disponível para estas provas é de cinco horas e trinta minutos.
5. Reserve tempo suficiente para preencher o CARTÃO-RESPOSTA e a FOLHA DE REDAÇÃO.
6. Os rascunhos e as marcações assinaladas no CADERNO DE QUESTÕES não serão considerados na avaliação.
7. Somente serão corrigidas as redações transcritas na FOLHA DE REDAÇÃO.
8. Quando terminar as provas, acene para chamar o aplicador e entregue este CADERNO DE QUESTÕES, o CARTÃO-RESPOSTA/FOLHA DE REDAÇÃO.
9. Você poderá deixar o local de prova somente após decorridas duas horas do início da aplicação e poderá levar seu CADERNO DE QUESTÕES ao deixar em definitivo a sala de prova nos 30 minutos que antecedem o término das provas.
LINGUAGENS, CÓDIGOS E SUAS TECNOLOGIAS
Questões de 1 a 45
Questões de 1 a 5 (opção inglês)",NA,"Do ponto de vista administrativo e judicial, a desapropriação da fazenda Cabaceiras, localizada na região sul do estado do Pará, é a primeira da história motivada pelo desrespeito à função social de um imóvel rural, como prevê a Constituição Federal de 1988, em decorrência da exploração de ""trabalho em condições análogas à escravidão"". Na realidade, essa desapropriação não se deu apenas pela ocorrência de relações de trabalho extremamente degradantes, mas também pelas graves infrações ambientais verificadas na fazenda - o que também configura um ataque à função social da terra, de acordo com os preceitos constitucionais.
O texto considera a promoção da justiça como um mecanismo de","D","manutenção da ordem agrária.",0,NA,NA,NA,NA,"Portuguese","A"
"enem_2025_1mil_ch","enem_2025_1mil_ch_1",84849,"ENEM 2025 - CH","Exame Nacional do Ensino Médio
ENEM 2025
Prova de Linguagens, Códigos e suas Tecnologias e Redação
Prova de Ciências Humanas e suas Tecnologias
1º dia
Caderno 9 – Laranja
INEP
Ministério da Educação
ATENÇÃO: transcreva no espaço apropriado do seu CARTÃO-RESPOSTA, com sua caligrafia usual, considerando as letras maiúsculas e minúsculas, a seguinte frase:
Cada pessoa deve trabalhar para o seu aperfeiçoamento
LEIA ATENTAMENTE AS INSTRUÇÕES SEGUINTES:
1. Este CADERNO DE QUESTÕES contém 90 questões numeradas de 1 a 90 e a Proposta de Redação, dispostas da seguinte maneira:
a) questões de número 1 a 45, relativas à área de Linguagens, Códigos e suas Tecnologias;
b) Proposta de Redação;
c) questões de número 46 a 90, relativas à área de Ciências Humanas e suas Tecnologias.
ATENÇÃO: as questões de 1 a 5 são relativas à língua estrangeira. Você deverá responder apenas às questões relativas à língua estrangeira (inglês ou espanhol) escolhida no ato de sua inscrição.
2. Confira se a quantidade e a ordem das questões do seu CADERNO DE QUESTÕES estão de acordo com as instruções anteriores. Caso o caderno esteja incompleto, tenha defeito ou apresente qualquer divergência, comunique ao aplicador da sala para que ele tome as providências cabíveis.
3. Para cada uma das questões objetivas, são apresentadas 5 opções. Apenas uma responde corretamente à questão.
4. O tempo disponível para estas provas é de cinco horas e trinta minutos.
5. Reserve tempo suficiente para preencher o CARTÃO-RESPOSTA e a FOLHA DE REDAÇÃO.
6. Os rascunhos e as marcações assinaladas no CADERNO DE QUESTÕES não serão considerados na avaliação.
7. Somente serão corrigidas as redações transcritas na FOLHA DE REDAÇÃO.
8. Quando terminar as provas, acene para chamar o aplicador e entregue este CADERNO DE QUESTÕES, o CARTÃO-RESPOSTA/FOLHA DE REDAÇÃO.
9. Você poderá deixar o local de prova somente após decorridas duas horas do início da aplicação e poderá levar seu CADERNO DE QUESTÕES ao deixar em definitivo a sala de prova nos 30 minutos que antecedem o término das provas.
LINGUAGENS, CÓDIGOS E SUAS TECNOLOGIAS
Questões de 1 a 45
Questões de 1 a 5 (opção inglês)",NA,"Do ponto de vista administrativo e judicial, a desapropriação da fazenda Cabaceiras, localizada na região sul do estado do Pará, é a primeira da história motivada pelo desrespeito à função social de um imóvel rural, como prevê a Constituição Federal de 1988, em decorrência da exploração de ""trabalho em condições análogas à escravidão"". Na realidade, essa desapropriação não se deu apenas pela ocorrência de relações de trabalho extremamente degradantes, mas também pelas graves infrações ambientais verificadas na fazenda - o que também configura um ataque à função social da terra, de acordo com os preceitos constitucionais.
O texto considera a promoção da justiça como um mecanismo de","D","legitimação da propriedade privada.",0,NA,NA,NA,NA,"Portuguese","B"
"enem_2025_1mil_ch","enem_2025_1mil_ch_1",84849,"ENEM 2025 - CH","Exame Nacional do Ensino Médio
ENEM 2025
Prova de Linguagens, Códigos e suas Tecnologias e Redação
Prova de Ciências Humanas e suas Tecnologias
1º dia
Caderno 9 – Laranja
INEP
Ministério da Educação
ATENÇÃO: transcreva no espaço apropriado do seu CARTÃO-RESPOSTA, com sua caligrafia usual, considerando as letras maiúsculas e minúsculas, a seguinte frase:
Cada pessoa deve trabalhar para o seu aperfeiçoamento
LEIA ATENTAMENTE AS INSTRUÇÕES SEGUINTES:
1. Este CADERNO DE QUESTÕES contém 90 questões numeradas de 1 a 90 e a Proposta de Redação, dispostas da seguinte maneira:
a) questões de número 1 a 45, relativas à área de Linguagens, Códigos e suas Tecnologias;
b) Proposta de Redação;
c) questões de número 46 a 90, relativas à área de Ciências Humanas e suas Tecnologias.
ATENÇÃO: as questões de 1 a 5 são relativas à língua estrangeira. Você deverá responder apenas às questões relativas à língua estrangeira (inglês ou espanhol) escolhida no ato de sua inscrição.
2. Confira se a quantidade e a ordem das questões do seu CADERNO DE QUESTÕES estão de acordo com as instruções anteriores. Caso o caderno esteja incompleto, tenha defeito ou apresente qualquer divergência, comunique ao aplicador da sala para que ele tome as providências cabíveis.
3. Para cada uma das questões objetivas, são apresentadas 5 opções. Apenas uma responde corretamente à questão.
4. O tempo disponível para estas provas é de cinco horas e trinta minutos.
5. Reserve tempo suficiente para preencher o CARTÃO-RESPOSTA e a FOLHA DE REDAÇÃO.
6. Os rascunhos e as marcações assinaladas no CADERNO DE QUESTÕES não serão considerados na avaliação.
7. Somente serão corrigidas as redações transcritas na FOLHA DE REDAÇÃO.
8. Quando terminar as provas, acene para chamar o aplicador e entregue este CADERNO DE QUESTÕES, o CARTÃO-RESPOSTA/FOLHA DE REDAÇÃO.
9. Você poderá deixar o local de prova somente após decorridas duas horas do início da aplicação e poderá levar seu CADERNO DE QUESTÕES ao deixar em definitivo a sala de prova nos 30 minutos que antecedem o término das provas.
LINGUAGENS, CÓDIGOS E SUAS TECNOLOGIAS
Questões de 1 a 45
Questões de 1 a 5 (opção inglês)",NA,"Do ponto de vista administrativo e judicial, a desapropriação da fazenda Cabaceiras, localizada na região sul do estado do Pará, é a primeira da história motivada pelo desrespeito à função social de um imóvel rural, como prevê a Constituição Federal de 1988, em decorrência da exploração de ""trabalho em condições análogas à escravidão"". Na realidade, essa desapropriação não se deu apenas pela ocorrência de relações de trabalho extremamente degradantes, mas também pelas graves infrações ambientais verificadas na fazenda - o que também configura um ataque à função social da terra, de acordo com os preceitos constitucionais.
O texto considera a promoção da justiça como um mecanismo de","D","hegemonia das classes dominantes.",0,NA,NA,NA,NA,"Portuguese","C"
"enem_2025_1mil_ch","enem_2025_1mil_ch_1",84849,"ENEM 2025 - CH","Exame Nacional do Ensino Médio
ENEM 2025
Prova de Linguagens, Códigos e suas Tecnologias e Redação
Prova de Ciências Humanas e suas Tecnologias
1º dia
Caderno 9 – Laranja
INEP
Ministério da Educação
ATENÇÃO: transcreva no espaço apropriado do seu CARTÃO-RESPOSTA, com sua caligrafia usual, considerando as letras maiúsculas e minúsculas, a seguinte frase:
Cada pessoa deve trabalhar para o seu aperfeiçoamento
LEIA ATENTAMENTE AS INSTRUÇÕES SEGUINTES:
1. Este CADERNO DE QUESTÕES contém 90 questões numeradas de 1 a 90 e a Proposta de Redação, dispostas da seguinte maneira:
a) questões de número 1 a 45, relativas à área de Linguagens, Códigos e suas Tecnologias;
b) Proposta de Redação;
c) questões de número 46 a 90, relativas à área de Ciências Humanas e suas Tecnologias.
ATENÇÃO: as questões de 1 a 5 são relativas à língua estrangeira. Você deverá responder apenas às questões relativas à língua estrangeira (inglês ou espanhol) escolhida no ato de sua inscrição.
2. Confira se a quantidade e a ordem das questões do seu CADERNO DE QUESTÕES estão de acordo com as instruções anteriores. Caso o caderno esteja incompleto, tenha defeito ou apresente qualquer divergência, comunique ao aplicador da sala para que ele tome as providências cabíveis.
3. Para cada uma das questões objetivas, são apresentadas 5 opções. Apenas uma responde corretamente à questão.
4. O tempo disponível para estas provas é de cinco horas e trinta minutos.
5. Reserve tempo suficiente para preencher o CARTÃO-RESPOSTA e a FOLHA DE REDAÇÃO.
6. Os rascunhos e as marcações assinaladas no CADERNO DE QUESTÕES não serão considerados na avaliação.
7. Somente serão corrigidas as redações transcritas na FOLHA DE REDAÇÃO.
8. Quando terminar as provas, acene para chamar o aplicador e entregue este CADERNO DE QUESTÕES, o CARTÃO-RESPOSTA/FOLHA DE REDAÇÃO.
9. Você poderá deixar o local de prova somente após decorridas duas horas do início da aplicação e poderá levar seu CADERNO DE QUESTÕES ao deixar em definitivo a sala de prova nos 30 minutos que antecedem o término das provas.
LINGUAGENS, CÓDIGOS E SUAS TECNOLOGIAS
Questões de 1 a 45
Questões de 1 a 5 (opção inglês)",NA,"Do ponto de vista administrativo e judicial, a desapropriação da fazenda Cabaceiras, localizada na região sul do estado do Pará, é a primeira da história motivada pelo desrespeito à função social de um imóvel rural, como prevê a Constituição Federal de 1988, em decorrência da exploração de ""trabalho em condições análogas à escravidão"". Na realidade, essa desapropriação não se deu apenas pela ocorrência de relações de trabalho extremamente degradantes, mas também pelas graves infrações ambientais verificadas na fazenda - o que também configura um ataque à função social da terra, de acordo com os preceitos constitucionais.
O texto considera a promoção da justiça como um mecanismo de","D","revisão das desigualdades econômicas.",1,NA,NA,NA,NA,"Portuguese","D"
"enem_2025_1mil_ch","enem_2025_1mil_ch_1",84849,"ENEM 2025 - CH","Exame Nacional do Ensino Médio
ENEM 2025
Prova de Linguagens, Códigos e suas Tecnologias e Redação
Prova de Ciências Humanas e suas Tecnologias
1º dia
Caderno 9 – Laranja
INEP
Ministério da Educação
ATENÇÃO: transcreva no espaço apropriado do seu CARTÃO-RESPOSTA, com sua caligrafia usual, considerando as letras maiúsculas e minúsculas, a seguinte frase:
Cada pessoa deve trabalhar para o seu aperfeiçoamento
LEIA ATENTAMENTE AS INSTRUÇÕES SEGUINTES:
1. Este CADERNO DE QUESTÕES contém 90 questões numeradas de 1 a 90 e a Proposta de Redação, dispostas da seguinte maneira:
a) questões de número 1 a 45, relativas à área de Linguagens, Códigos e suas Tecnologias;
b) Proposta de Redação;
c) questões de número 46 a 90, relativas à área de Ciências Humanas e suas Tecnologias.
ATENÇÃO: as questões de 1 a 5 são relativas à língua estrangeira. Você deverá responder apenas às questões relativas à língua estrangeira (inglês ou espanhol) escolhida no ato de sua inscrição.
2. Confira se a quantidade e a ordem das questões do seu CADERNO DE QUESTÕES estão de acordo com as instruções anteriores. Caso o caderno esteja incompleto, tenha defeito ou apresente qualquer divergência, comunique ao aplicador da sala para que ele tome as providências cabíveis.
3. Para cada uma das questões objetivas, são apresentadas 5 opções. Apenas uma responde corretamente à questão.
4. O tempo disponível para estas provas é de cinco horas e trinta minutos.
5. Reserve tempo suficiente para preencher o CARTÃO-RESPOSTA e a FOLHA DE REDAÇÃO.
6. Os rascunhos e as marcações assinaladas no CADERNO DE QUESTÕES não serão considerados na avaliação.
7. Somente serão corrigidas as redações transcritas na FOLHA DE REDAÇÃO.
8. Quando terminar as provas, acene para chamar o aplicador e entregue este CADERNO DE QUESTÕES, o CARTÃO-RESPOSTA/FOLHA DE REDAÇÃO.
9. Você poderá deixar o local de prova somente após decorridas duas horas do início da aplicação e poderá levar seu CADERNO DE QUESTÕES ao deixar em definitivo a sala de prova nos 30 minutos que antecedem o término das provas.
LINGUAGENS, CÓDIGOS E SUAS TECNOLOGIAS
Questões de 1 a 45
Questões de 1 a 5 (opção inglês)",NA,"Do ponto de vista administrativo e judicial, a desapropriação da fazenda Cabaceiras, localizada na região sul do estado do Pará, é a primeira da história motivada pelo desrespeito à função social de um imóvel rural, como prevê a Constituição Federal de 1988, em decorrência da exploração de ""trabalho em condições análogas à escravidão"". Na realidade, essa desapropriação não se deu apenas pela ocorrência de relações de trabalho extremamente degradantes, mas também pelas graves infrações ambientais verificadas na fazenda - o que também configura um ataque à função social da terra, de acordo com os preceitos constitucionais.
O texto considera a promoção da justiça como um mecanismo de","D","homogeneização da distribuição fundiária.",0,NA,NA,NA,NA,"Portuguese","E"
"enem_2025_1mil_ch","enem_2025_1mil_ch_1",149824,"ENEM 2025 - CH","Exame Nacional do Ensino Médio
ENEM 2025
Prova de Linguagens, Códigos e suas Tecnologias e Redação
Prova de Ciências Humanas e suas Tecnologias
1º dia
Caderno 9 – Laranja
INEP
Ministério da Educação
ATENÇÃO: transcreva no espaço apropriado do seu CARTÃO-RESPOSTA, com sua caligrafia usual, considerando as letras maiúsculas e minúsculas, a seguinte frase:
Cada pessoa deve trabalhar para o seu aperfeiçoamento
LEIA ATENTAMENTE AS INSTRUÇÕES SEGUINTES:
1. Este CADERNO DE QUESTÕES contém 90 questões numeradas de 1 a 90 e a Proposta de Redação, dispostas da seguinte maneira:
a) questões de número 1 a 45, relativas à área de Linguagens, Códigos e suas Tecnologias;
b) Proposta de Redação;
c) questões de número 46 a 90, relativas à área de Ciências Humanas e suas Tecnologias.
ATENÇÃO: as questões de 1 a 5 são relativas à língua estrangeira. Você deverá responder apenas às questões relativas à língua estrangeira (inglês ou espanhol) escolhida no ato de sua inscrição.
2. Confira se a quantidade e a ordem das questões do seu CADERNO DE QUESTÕES estão de acordo com as instruções anteriores. Caso o caderno esteja incompleto, tenha defeito ou apresente qualquer divergência, comunique ao aplicador da sala para que ele tome as providências cabíveis.
3. Para cada uma das questões objetivas, são apresentadas 5 opções. Apenas uma responde corretamente à questão.
4. O tempo disponível para estas provas é de cinco horas e trinta minutos.
5. Reserve tempo suficiente para preencher o CARTÃO-RESPOSTA e a FOLHA DE REDAÇÃO.
6. Os rascunhos e as marcações assinaladas no CADERNO DE QUESTÕES não serão considerados na avaliação.
7. Somente serão corrigidas as redações transcritas na FOLHA DE REDAÇÃO.
8. Quando terminar as provas, acene para chamar o aplicador e entregue este CADERNO DE QUESTÕES, o CARTÃO-RESPOSTA/FOLHA DE REDAÇÃO.
9. Você poderá deixar o local de prova somente após decorridas duas horas do início da aplicação e poderá levar seu CADERNO DE QUESTÕES ao deixar em definitivo a sala de prova nos 30 minutos que antecedem o término das provas.
LINGUAGENS, CÓDIGOS E SUAS TECNOLOGIAS
Questões de 1 a 45
Questões de 1 a 5 (opção inglês)",NA,"Descrição da fotografia: Fotografia aérea da orla da cidade de Salvador, capital da Bahia, que apresenta uma paisagem urbana composta pela presença de um farol, uma pequena área verde e muitos edifícios modernos, com diferentes alturas, localizados desde a área costeira até o interior da cidade. (Fim da descrição)
A análise dos elementos presentes na fotografia permite identificar qual característica socioespacial?","E","Estagnação da especulação imobiliária.",0,NA,NA,NA,NA,"Portuguese","A"
"enem_2025_1mil_ch","enem_2025_1mil_ch_1",149824,"ENEM 2025 - CH","Exame Nacional do Ensino Médio
ENEM 2025
Prova de Linguagens, Códigos e suas Tecnologias e Redação
Prova de Ciências Humanas e suas Tecnologias
1º dia
Caderno 9 – Laranja
INEP
Ministério da Educação
ATENÇÃO: transcreva no espaço apropriado do seu CARTÃO-RESPOSTA, com sua caligrafia usual, considerando as letras maiúsculas e minúsculas, a seguinte frase:
Cada pessoa deve trabalhar para o seu aperfeiçoamento
LEIA ATENTAMENTE AS INSTRUÇÕES SEGUINTES:
1. Este CADERNO DE QUESTÕES contém 90 questões numeradas de 1 a 90 e a Proposta de Redação, dispostas da seguinte maneira:
a) questões de número 1 a 45, relativas à área de Linguagens, Códigos e suas Tecnologias;
b) Proposta de Redação;
c) questões de número 46 a 90, relativas à área de Ciências Humanas e suas Tecnologias.
ATENÇÃO: as questões de 1 a 5 são relativas à língua estrangeira. Você deverá responder apenas às questões relativas à língua estrangeira (inglês ou espanhol) escolhida no ato de sua inscrição.
2. Confira se a quantidade e a ordem das questões do seu CADERNO DE QUESTÕES estão de acordo com as instruções anteriores. Caso o caderno esteja incompleto, tenha defeito ou apresente qualquer divergência, comunique ao aplicador da sala para que ele tome as providências cabíveis.
3. Para cada uma das questões objetivas, são apresentadas 5 opções. Apenas uma responde corretamente à questão.
4. O tempo disponível para estas provas é de cinco horas e trinta minutos.
5. Reserve tempo suficiente para preencher o CARTÃO-RESPOSTA e a FOLHA DE REDAÇÃO.
6. Os rascunhos e as marcações assinaladas no CADERNO DE QUESTÕES não serão considerados na avaliação.
7. Somente serão corrigidas as redações transcritas na FOLHA DE REDAÇÃO.
8. Quando terminar as provas, acene para chamar o aplicador e entregue este CADERNO DE QUESTÕES, o CARTÃO-RESPOSTA/FOLHA DE REDAÇÃO.
9. Você poderá deixar o local de prova somente após decorridas duas horas do início da aplicação e poderá levar seu CADERNO DE QUESTÕES ao deixar em definitivo a sala de prova nos 30 minutos que antecedem o término das provas.
LINGUAGENS, CÓDIGOS E SUAS TECNOLOGIAS
Questões de 1 a 45
Questões de 1 a 5 (opção inglês)",NA,"Descrição da fotografia: Fotografia aérea da orla da cidade de Salvador, capital da Bahia, que apresenta uma paisagem urbana composta pela presença de um farol, uma pequena área verde e muitos edifícios modernos, com diferentes alturas, localizados desde a área costeira até o interior da cidade. (Fim da descrição)
A análise dos elementos presentes na fotografia permite identificar qual característica socioespacial?","E","Conservação da arquitetura colonial.",0,NA,NA,NA,NA,"Portuguese","B"
"enem_2025_1mil_ch","enem_2025_1mil_ch_1",149824,"ENEM 2025 - CH","Exame Nacional do Ensino Médio
ENEM 2025
Prova de Linguagens, Códigos e suas Tecnologias e Redação
Prova de Ciências Humanas e suas Tecnologias
1º dia
Caderno 9 – Laranja
INEP
Ministério da Educação
ATENÇÃO: transcreva no espaço apropriado do seu CARTÃO-RESPOSTA, com sua caligrafia usual, considerando as letras maiúsculas e minúsculas, a seguinte frase:
Cada pessoa deve trabalhar para o seu aperfeiçoamento
LEIA ATENTAMENTE AS INSTRUÇÕES SEGUINTES:
1. Este CADERNO DE QUESTÕES contém 90 questões numeradas de 1 a 90 e a Proposta de Redação, dispostas da seguinte maneira:
a) questões de número 1 a 45, relativas à área de Linguagens, Códigos e suas Tecnologias;
b) Proposta de Redação;
c) questões de número 46 a 90, relativas à área de Ciências Humanas e suas Tecnologias.
ATENÇÃO: as questões de 1 a 5 são relativas à língua estrangeira. Você deverá responder apenas às questões relativas à língua estrangeira (inglês ou espanhol) escolhida no ato de sua inscrição.
2. Confira se a quantidade e a ordem das questões do seu CADERNO DE QUESTÕES estão de acordo com as instruções anteriores. Caso o caderno esteja incompleto, tenha defeito ou apresente qualquer divergência, comunique ao aplicador da sala para que ele tome as providências cabíveis.
3. Para cada uma das questões objetivas, são apresentadas 5 opções. Apenas uma responde corretamente à questão.
4. O tempo disponível para estas provas é de cinco horas e trinta minutos.
5. Reserve tempo suficiente para preencher o CARTÃO-RESPOSTA e a FOLHA DE REDAÇÃO.
6. Os rascunhos e as marcações assinaladas no CADERNO DE QUESTÕES não serão considerados na avaliação.
7. Somente serão corrigidas as redações transcritas na FOLHA DE REDAÇÃO.
8. Quando terminar as provas, acene para chamar o aplicador e entregue este CADERNO DE QUESTÕES, o CARTÃO-RESPOSTA/FOLHA DE REDAÇÃO.
9. Você poderá deixar o local de prova somente após decorridas duas horas do início da aplicação e poderá levar seu CADERNO DE QUESTÕES ao deixar em definitivo a sala de prova nos 30 minutos que antecedem o término das provas.
LINGUAGENS, CÓDIGOS E SUAS TECNOLOGIAS
Questões de 1 a 45
Questões de 1 a 5 (opção inglês)",NA,"Descrição da fotografia: Fotografia aérea da orla da cidade de Salvador, capital da Bahia, que apresenta uma paisagem urbana composta pela presença de um farol, uma pequena área verde e muitos edifícios modernos, com diferentes alturas, localizados desde a área costeira até o interior da cidade. (Fim da descrição)
A análise dos elementos presentes na fotografia permite identificar qual característica socioespacial?","E","Implantação de moradias populares.",0,NA,NA,NA,NA,"Portuguese","C"
"enem_2025_1mil_ch","enem_2025_1mil_ch_1",149824,"ENEM 2025 - CH","Exame Nacional do Ensino Médio
ENEM 2025
Prova de Linguagens, Códigos e suas Tecnologias e Redação
Prova de Ciências Humanas e suas Tecnologias
1º dia
Caderno 9 – Laranja
INEP
Ministério da Educação
ATENÇÃO: transcreva no espaço apropriado do seu CARTÃO-RESPOSTA, com sua caligrafia usual, considerando as letras maiúsculas e minúsculas, a seguinte frase:
Cada pessoa deve trabalhar para o seu aperfeiçoamento
LEIA ATENTAMENTE AS INSTRUÇÕES SEGUINTES:
1. Este CADERNO DE QUESTÕES contém 90 questões numeradas de 1 a 90 e a Proposta de Redação, dispostas da seguinte maneira:
a) questões de número 1 a 45, relativas à área de Linguagens, Códigos e suas Tecnologias;
b) Proposta de Redação;
c) questões de número 46 a 90, relativas à área de Ciências Humanas e suas Tecnologias.
ATENÇÃO: as questões de 1 a 5 são relativas à língua estrangeira. Você deverá responder apenas às questões relativas à língua estrangeira (inglês ou espanhol) escolhida no ato de sua inscrição.
2. Confira se a quantidade e a ordem das questões do seu CADERNO DE QUESTÕES estão de acordo com as instruções anteriores. Caso o caderno esteja incompleto, tenha defeito ou apresente qualquer divergência, comunique ao aplicador da sala para que ele tome as providências cabíveis.
3. Para cada uma das questões objetivas, são apresentadas 5 opções. Apenas uma responde corretamente à questão.
4. O tempo disponível para estas provas é de cinco horas e trinta minutos.
5. Reserve tempo suficiente para preencher o CARTÃO-RESPOSTA e a FOLHA DE REDAÇÃO.
6. Os rascunhos e as marcações assinaladas no CADERNO DE QUESTÕES não serão considerados na avaliação.
7. Somente serão corrigidas as redações transcritas na FOLHA DE REDAÇÃO.
8. Quando terminar as provas, acene para chamar o aplicador e entregue este CADERNO DE QUESTÕES, o CARTÃO-RESPOSTA/FOLHA DE REDAÇÃO.
9. Você poderá deixar o local de prova somente após decorridas duas horas do início da aplicação e poderá levar seu CADERNO DE QUESTÕES ao deixar em definitivo a sala de prova nos 30 minutos que antecedem o término das provas.
LINGUAGENS, CÓDIGOS E SUAS TECNOLOGIAS
Questões de 1 a 45
Questões de 1 a 5 (opção inglês)",NA,"Descrição da fotografia: Fotografia aérea da orla da cidade de Salvador, capital da Bahia, que apresenta uma paisagem urbana composta pela presença de um farol, uma pequena área verde e muitos edifícios modernos, com diferentes alturas, localizados desde a área costeira até o interior da cidade. (Fim da descrição)
A análise dos elementos presentes na fotografia permite identificar qual característica socioespacial?","E","Predomínio da atividade comercial.",0,NA,NA,NA,NA,"Portuguese","D"
"enem_2025_1mil_ch","enem_2025_1mil_ch_1",149824,"ENEM 2025 - CH","Exame Nacional do Ensino Médio
ENEM 2025
Prova de Linguagens, Códigos e suas Tecnologias e Redação
Prova de Ciências Humanas e suas Tecnologias
1º dia
Caderno 9 – Laranja
INEP
Ministério da Educação
ATENÇÃO: transcreva no espaço apropriado do seu CARTÃO-RESPOSTA, com sua caligrafia usual, considerando as letras maiúsculas e minúsculas, a seguinte frase:
Cada pessoa deve trabalhar para o seu aperfeiçoamento
LEIA ATENTAMENTE AS INSTRUÇÕES SEGUINTES:
1. Este CADERNO DE QUESTÕES contém 90 questões numeradas de 1 a 90 e a Proposta de Redação, dispostas da seguinte maneira:
a) questões de número 1 a 45, relativas à área de Linguagens, Códigos e suas Tecnologias;
b) Proposta de Redação;
c) questões de número 46 a 90, relativas à área de Ciências Humanas e suas Tecnologias.
ATENÇÃO: as questões de 1 a 5 são relativas à língua estrangeira. Você deverá responder apenas às questões relativas à língua estrangeira (inglês ou espanhol) escolhida no ato de sua inscrição.
2. Confira se a quantidade e a ordem das questões do seu CADERNO DE QUESTÕES estão de acordo com as instruções anteriores. Caso o caderno esteja incompleto, tenha defeito ou apresente qualquer divergência, comunique ao aplicador da sala para que ele tome as providências cabíveis.
3. Para cada uma das questões objetivas, são apresentadas 5 opções. Apenas uma responde corretamente à questão.
4. O tempo disponível para estas provas é de cinco horas e trinta minutos.
5. Reserve tempo suficiente para preencher o CARTÃO-RESPOSTA e a FOLHA DE REDAÇÃO.
6. Os rascunhos e as marcações assinaladas no CADERNO DE QUESTÕES não serão considerados na avaliação.
7. Somente serão corrigidas as redações transcritas na FOLHA DE REDAÇÃO.
8. Quando terminar as provas, acene para chamar o aplicador e entregue este CADERNO DE QUESTÕES, o CARTÃO-RESPOSTA/FOLHA DE REDAÇÃO.
9. Você poderá deixar o local de prova somente após decorridas duas horas do início da aplicação e poderá levar seu CADERNO DE QUESTÕES ao deixar em definitivo a sala de prova nos 30 minutos que antecedem o término das provas.
LINGUAGENS, CÓDIGOS E SUAS TECNOLOGIAS
Questões de 1 a 45
Questões de 1 a 5 (opção inglês)",NA,"Descrição da fotografia: Fotografia aérea da orla da cidade de Salvador, capital da Bahia, que apresenta uma paisagem urbana composta pela presença de um farol, uma pequena área verde e muitos edifícios modernos, com diferentes alturas, localizados desde a área costeira até o interior da cidade. (Fim da descrição)
A análise dos elementos presentes na fotografia permite identificar qual característica socioespacial?","E","Processo de verticalização urbana.",1,NA,NA,NA,NA,"Portuguese","E"
"enem_2025_1mil_ch","enem_2025_1mil_ch_1",88661,"ENEM 2025 - CH","Exame Nacional do Ensino Médio
ENEM 2025
Prova de Linguagens, Códigos e suas Tecnologias e Redação
Prova de Ciências Humanas e suas Tecnologias
1º dia
Caderno 9 – Laranja
INEP
Ministério da Educação
ATENÇÃO: transcreva no espaço apropriado do seu CARTÃO-RESPOSTA, com sua caligrafia usual, considerando as letras maiúsculas e minúsculas, a seguinte frase:
Cada pessoa deve trabalhar para o seu aperfeiçoamento
LEIA ATENTAMENTE AS INSTRUÇÕES SEGUINTES:
1. Este CADERNO DE QUESTÕES contém 90 questões numeradas de 1 a 90 e a Proposta de Redação, dispostas da seguinte maneira:
a) questões de número 1 a 45, relativas à área de Linguagens, Códigos e suas Tecnologias;
b) Proposta de Redação;
c) questões de número 46 a 90, relativas à área de Ciências Humanas e suas Tecnologias.
ATENÇÃO: as questões de 1 a 5 são relativas à língua estrangeira. Você deverá responder apenas às questões relativas à língua estrangeira (inglês ou espanhol) escolhida no ato de sua inscrição.
2. Confira se a quantidade e a ordem das questões do seu CADERNO DE QUESTÕES estão de acordo com as instruções anteriores. Caso o caderno esteja incompleto, tenha defeito ou apresente qualquer divergência, comunique ao aplicador da sala para que ele tome as providências cabíveis.
3. Para cada uma das questões objetivas, são apresentadas 5 opções. Apenas uma responde corretamente à questão.
4. O tempo disponível para estas provas é de cinco horas e trinta minutos.
5. Reserve tempo suficiente para preencher o CARTÃO-RESPOSTA e a FOLHA DE REDAÇÃO.
6. Os rascunhos e as marcações assinaladas no CADERNO DE QUESTÕES não serão considerados na avaliação.
7. Somente serão corrigidas as redações transcritas na FOLHA DE REDAÇÃO.
8. Quando terminar as provas, acene para chamar o aplicador e entregue este CADERNO DE QUESTÕES, o CARTÃO-RESPOSTA/FOLHA DE REDAÇÃO.
9. Você poderá deixar o local de prova somente após decorridas duas horas do início da aplicação e poderá levar seu CADERNO DE QUESTÕES ao deixar em definitivo a sala de prova nos 30 minutos que antecedem o término das provas.
LINGUAGENS, CÓDIGOS E SUAS TECNOLOGIAS
Questões de 1 a 45
Questões de 1 a 5 (opção inglês)",NA,"A difusão pelos cônegos do ideal apostólico, bem como a influência dos eremitas e dos pregadores errantes que na sua esteira propagavam temas evangélicos, contribuíram para fazer nascer, entre os fiéis, o desejo de se erguerem ao nível espiritual do clero e de obterem a sua salvação, sem que para isso tivessem de renunciar ao seu estado. Pela primeira vez, a Igreja entreabria as portas da graça em benefício da totalidade dos fiéis, colocando, como única condição, a sua partida para o Oriente, a fim de aí lutarem contra os inimigos de Cristo.
Conforme o texto, no imaginário dos fiéis cristãos do período medieval, a salvação era alcançada por meio das","C","palavras escritas.",0,NA,NA,NA,NA,"Portuguese","A"
"enem_2025_1mil_ch","enem_2025_1mil_ch_1",88661,"ENEM 2025 - CH","Exame Nacional do Ensino Médio
ENEM 2025
Prova de Linguagens, Códigos e suas Tecnologias e Redação
Prova de Ciências Humanas e suas Tecnologias
1º dia
Caderno 9 – Laranja
INEP
Ministério da Educação
ATENÇÃO: transcreva no espaço apropriado do seu CARTÃO-RESPOSTA, com sua caligrafia usual, considerando as letras maiúsculas e minúsculas, a seguinte frase:
Cada pessoa deve trabalhar para o seu aperfeiçoamento
LEIA ATENTAMENTE AS INSTRUÇÕES SEGUINTES:
1. Este CADERNO DE QUESTÕES contém 90 questões numeradas de 1 a 90 e a Proposta de Redação, dispostas da seguinte maneira:
a) questões de número 1 a 45, relativas à área de Linguagens, Códigos e suas Tecnologias;
b) Proposta de Redação;
c) questões de número 46 a 90, relativas à área de Ciências Humanas e suas Tecnologias.
ATENÇÃO: as questões de 1 a 5 são relativas à língua estrangeira. Você deverá responder apenas às questões relativas à língua estrangeira (inglês ou espanhol) escolhida no ato de sua inscrição.
2. Confira se a quantidade e a ordem das questões do seu CADERNO DE QUESTÕES estão de acordo com as instruções anteriores. Caso o caderno esteja incompleto, tenha defeito ou apresente qualquer divergência, comunique ao aplicador da sala para que ele tome as providências cabíveis.
3. Para cada uma das questões objetivas, são apresentadas 5 opções. Apenas uma responde corretamente à questão.
4. O tempo disponível para estas provas é de cinco horas e trinta minutos.
5. Reserve tempo suficiente para preencher o CARTÃO-RESPOSTA e a FOLHA DE REDAÇÃO.
6. Os rascunhos e as marcações assinaladas no CADERNO DE QUESTÕES não serão considerados na avaliação.
7. Somente serão corrigidas as redações transcritas na FOLHA DE REDAÇÃO.
8. Quando terminar as provas, acene para chamar o aplicador e entregue este CADERNO DE QUESTÕES, o CARTÃO-RESPOSTA/FOLHA DE REDAÇÃO.
9. Você poderá deixar o local de prova somente após decorridas duas horas do início da aplicação e poderá levar seu CADERNO DE QUESTÕES ao deixar em definitivo a sala de prova nos 30 minutos que antecedem o término das provas.
LINGUAGENS, CÓDIGOS E SUAS TECNOLOGIAS
Questões de 1 a 45
Questões de 1 a 5 (opção inglês)",NA,"A difusão pelos cônegos do ideal apostólico, bem como a influência dos eremitas e dos pregadores errantes que na sua esteira propagavam temas evangélicos, contribuíram para fazer nascer, entre os fiéis, o desejo de se erguerem ao nível espiritual do clero e de obterem a sua salvação, sem que para isso tivessem de renunciar ao seu estado. Pela primeira vez, a Igreja entreabria as portas da graça em benefício da totalidade dos fiéis, colocando, como única condição, a sua partida para o Oriente, a fim de aí lutarem contra os inimigos de Cristo.
Conforme o texto, no imaginário dos fiéis cristãos do período medieval, a salvação era alcançada por meio das","C","práticas litúrgicas.",0,NA,NA,NA,NA,"Portuguese","B"
"enem_2025_1mil_ch","enem_2025_1mil_ch_1",88661,"ENEM 2025 - CH","Exame Nacional do Ensino Médio
ENEM 2025
Prova de Linguagens, Códigos e suas Tecnologias e Redação
Prova de Ciências Humanas e suas Tecnologias
1º dia
Caderno 9 – Laranja
INEP
Ministério da Educação
ATENÇÃO: transcreva no espaço apropriado do seu CARTÃO-RESPOSTA, com sua caligrafia usual, considerando as letras maiúsculas e minúsculas, a seguinte frase:
Cada pessoa deve trabalhar para o seu aperfeiçoamento
LEIA ATENTAMENTE AS INSTRUÇÕES SEGUINTES:
1. Este CADERNO DE QUESTÕES contém 90 questões numeradas de 1 a 90 e a Proposta de Redação, dispostas da seguinte maneira:
a) questões de número 1 a 45, relativas à área de Linguagens, Códigos e suas Tecnologias;
b) Proposta de Redação;
c) questões de número 46 a 90, relativas à área de Ciências Humanas e suas Tecnologias.
ATENÇÃO: as questões de 1 a 5 são relativas à língua estrangeira. Você deverá responder apenas às questões relativas à língua estrangeira (inglês ou espanhol) escolhida no ato de sua inscrição.
2. Confira se a quantidade e a ordem das questões do seu CADERNO DE QUESTÕES estão de acordo com as instruções anteriores. Caso o caderno esteja incompleto, tenha defeito ou apresente qualquer divergência, comunique ao aplicador da sala para que ele tome as providências cabíveis.
3. Para cada uma das questões objetivas, são apresentadas 5 opções. Apenas uma responde corretamente à questão.
4. O tempo disponível para estas provas é de cinco horas e trinta minutos.
5. Reserve tempo suficiente para preencher o CARTÃO-RESPOSTA e a FOLHA DE REDAÇÃO.
6. Os rascunhos e as marcações assinaladas no CADERNO DE QUESTÕES não serão considerados na avaliação.
7. Somente serão corrigidas as redações transcritas na FOLHA DE REDAÇÃO.
8. Quando terminar as provas, acene para chamar o aplicador e entregue este CADERNO DE QUESTÕES, o CARTÃO-RESPOSTA/FOLHA DE REDAÇÃO.
9. Você poderá deixar o local de prova somente após decorridas duas horas do início da aplicação e poderá levar seu CADERNO DE QUESTÕES ao deixar em definitivo a sala de prova nos 30 minutos que antecedem o término das provas.
LINGUAGENS, CÓDIGOS E SUAS TECNOLOGIAS
Questões de 1 a 45
Questões de 1 a 5 (opção inglês)",NA,"A difusão pelos cônegos do ideal apostólico, bem como a influência dos eremitas e dos pregadores errantes que na sua esteira propagavam temas evangélicos, contribuíram para fazer nascer, entre os fiéis, o desejo de se erguerem ao nível espiritual do clero e de obterem a sua salvação, sem que para isso tivessem de renunciar ao seu estado. Pela primeira vez, a Igreja entreabria as portas da graça em benefício da totalidade dos fiéis, colocando, como única condição, a sua partida para o Oriente, a fim de aí lutarem contra os inimigos de Cristo.
Conforme o texto, no imaginário dos fiéis cristãos do período medieval, a salvação era alcançada por meio das","C","ações voluntárias.",1,NA,NA,NA,NA,"Portuguese","C"
"enem_2025_1mil_ch","enem_2025_1mil_ch_1",88661,"ENEM 2025 - CH","Exame Nacional do Ensino Médio
ENEM 2025
Prova de Linguagens, Códigos e suas Tecnologias e Redação
Prova de Ciências Humanas e suas Tecnologias
1º dia
Caderno 9 – Laranja
INEP
Ministério da Educação
ATENÇÃO: transcreva no espaço apropriado do seu CARTÃO-RESPOSTA, com sua caligrafia usual, considerando as letras maiúsculas e minúsculas, a seguinte frase:
Cada pessoa deve trabalhar para o seu aperfeiçoamento
LEIA ATENTAMENTE AS INSTRUÇÕES SEGUINTES:
1. Este CADERNO DE QUESTÕES contém 90 questões numeradas de 1 a 90 e a Proposta de Redação, dispostas da seguinte maneira:
a) questões de número 1 a 45, relativas à área de Linguagens, Códigos e suas Tecnologias;
b) Proposta de Redação;
c) questões de número 46 a 90, relativas à área de Ciências Humanas e suas Tecnologias.
ATENÇÃO: as questões de 1 a 5 são relativas à língua estrangeira. Você deverá responder apenas às questões relativas à língua estrangeira (inglês ou espanhol) escolhida no ato de sua inscrição.
2. Confira se a quantidade e a ordem das questões do seu CADERNO DE QUESTÕES estão de acordo com as instruções anteriores. Caso o caderno esteja incompleto, tenha defeito ou apresente qualquer divergência, comunique ao aplicador da sala para que ele tome as providências cabíveis.
3. Para cada uma das questões objetivas, são apresentadas 5 opções. Apenas uma responde corretamente à questão.
4. O tempo disponível para estas provas é de cinco horas e trinta minutos.
5. Reserve tempo suficiente para preencher o CARTÃO-RESPOSTA e a FOLHA DE REDAÇÃO.
6. Os rascunhos e as marcações assinaladas no CADERNO DE QUESTÕES não serão considerados na avaliação.
7. Somente serão corrigidas as redações transcritas na FOLHA DE REDAÇÃO.
8. Quando terminar as provas, acene para chamar o aplicador e entregue este CADERNO DE QUESTÕES, o CARTÃO-RESPOSTA/FOLHA DE REDAÇÃO.
9. Você poderá deixar o local de prova somente após decorridas duas horas do início da aplicação e poderá levar seu CADERNO DE QUESTÕES ao deixar em definitivo a sala de prova nos 30 minutos que antecedem o término das provas.
LINGUAGENS, CÓDIGOS E SUAS TECNOLOGIAS
Questões de 1 a 45
Questões de 1 a 5 (opção inglês)",NA,"A difusão pelos cônegos do ideal apostólico, bem como a influência dos eremitas e dos pregadores errantes que na sua esteira propagavam temas evangélicos, contribuíram para fazer nascer, entre os fiéis, o desejo de se erguerem ao nível espiritual do clero e de obterem a sua salvação, sem que para isso tivessem de renunciar ao seu estado. Pela primeira vez, a Igreja entreabria as portas da graça em benefício da totalidade dos fiéis, colocando, como única condição, a sua partida para o Oriente, a fim de aí lutarem contra os inimigos de Cristo.
Conforme o texto, no imaginário dos fiéis cristãos do período medieval, a salvação era alcançada por meio das","C","ideias messiânicas.",0,NA,NA,NA,NA,"Portuguese","D"
"enem_2025_1mil_ch","enem_2025_1mil_ch_1",88661,"ENEM 2025 - CH","Exame Nacional do Ensino Médio
ENEM 2025
Prova de Linguagens, Códigos e suas Tecnologias e Redação
Prova de Ciências Humanas e suas Tecnologias
1º dia
Caderno 9 – Laranja
INEP
Ministério da Educação
ATENÇÃO: transcreva no espaço apropriado do seu CARTÃO-RESPOSTA, com sua caligrafia usual, considerando as letras maiúsculas e minúsculas, a seguinte frase:
Cada pessoa deve trabalhar para o seu aperfeiçoamento
LEIA ATENTAMENTE AS INSTRUÇÕES SEGUINTES:
1. Este CADERNO DE QUESTÕES contém 90 questões numeradas de 1 a 90 e a Proposta de Redação, dispostas da seguinte maneira:
a) questões de número 1 a 45, relativas à área de Linguagens, Códigos e suas Tecnologias;
b) Proposta de Redação;
c) questões de número 46 a 90, relativas à área de Ciências Humanas e suas Tecnologias.
ATENÇÃO: as questões de 1 a 5 são relativas à língua estrangeira. Você deverá responder apenas às questões relativas à língua estrangeira (inglês ou espanhol) escolhida no ato de sua inscrição.
2. Confira se a quantidade e a ordem das questões do seu CADERNO DE QUESTÕES estão de acordo com as instruções anteriores. Caso o caderno esteja incompleto, tenha defeito ou apresente qualquer divergência, comunique ao aplicador da sala para que ele tome as providências cabíveis.
3. Para cada uma das questões objetivas, são apresentadas 5 opções. Apenas uma responde corretamente à questão.
4. O tempo disponível para estas provas é de cinco horas e trinta minutos.
5. Reserve tempo suficiente para preencher o CARTÃO-RESPOSTA e a FOLHA DE REDAÇÃO.
6. Os rascunhos e as marcações assinaladas no CADERNO DE QUESTÕES não serão considerados na avaliação.
7. Somente serão corrigidas as redações transcritas na FOLHA DE REDAÇÃO.
8. Quando terminar as provas, acene para chamar o aplicador e entregue este CADERNO DE QUESTÕES, o CARTÃO-RESPOSTA/FOLHA DE REDAÇÃO.
9. Você poderá deixar o local de prova somente após decorridas duas horas do início da aplicação e poderá levar seu CADERNO DE QUESTÕES ao deixar em definitivo a sala de prova nos 30 minutos que antecedem o término das provas.
LINGUAGENS, CÓDIGOS E SUAS TECNOLOGIAS
Questões de 1 a 45
Questões de 1 a 5 (opção inglês)",NA,"A difusão pelos cônegos do ideal apostólico, bem como a influência dos eremitas e dos pregadores errantes que na sua esteira propagavam temas evangélicos, contribuíram para fazer nascer, entre os fiéis, o desejo de se erguerem ao nível espiritual do clero e de obterem a sua salvação, sem que para isso tivessem de renunciar ao seu estado. Pela primeira vez, a Igreja entreabria as portas da graça em benefício da totalidade dos fiéis, colocando, como única condição, a sua partida para o Oriente, a fim de aí lutarem contra os inimigos de Cristo.
Conforme o texto, no imaginário dos fiéis cristãos do período medieval, a salvação era alcançada por meio das","C","celebrações coletivas.",0,NA,NA,NA,NA,"Portuguese","E"
"enem_2025_1mil_ch","enem_2025_1mil_ch_1",141078,"ENEM 2025 - CH","Exame Nacional do Ensino Médio
ENEM 2025
Prova de Linguagens, Códigos e suas Tecnologias e Redação
Prova de Ciências Humanas e suas Tecnologias
1º dia
Caderno 9 – Laranja
INEP
Ministério da Educação
ATENÇÃO: transcreva no espaço apropriado do seu CARTÃO-RESPOSTA, com sua caligrafia usual, considerando as letras maiúsculas e minúsculas, a seguinte frase:
Cada pessoa deve trabalhar para o seu aperfeiçoamento
LEIA ATENTAMENTE AS INSTRUÇÕES SEGUINTES:
1. Este CADERNO DE QUESTÕES contém 90 questões numeradas de 1 a 90 e a Proposta de Redação, dispostas da seguinte maneira:
a) questões de número 1 a 45, relativas à área de Linguagens, Códigos e suas Tecnologias;
b) Proposta de Redação;
c) questões de número 46 a 90, relativas à área de Ciências Humanas e suas Tecnologias.
ATENÇÃO: as questões de 1 a 5 são relativas à língua estrangeira. Você deverá responder apenas às questões relativas à língua estrangeira (inglês ou espanhol) escolhida no ato de sua inscrição.
2. Confira se a quantidade e a ordem das questões do seu CADERNO DE QUESTÕES estão de acordo com as instruções anteriores. Caso o caderno esteja incompleto, tenha defeito ou apresente qualquer divergência, comunique ao aplicador da sala para que ele tome as providências cabíveis.
3. Para cada uma das questões objetivas, são apresentadas 5 opções. Apenas uma responde corretamente à questão.
4. O tempo disponível para estas provas é de cinco horas e trinta minutos.
5. Reserve tempo suficiente para preencher o CARTÃO-RESPOSTA e a FOLHA DE REDAÇÃO.
6. Os rascunhos e as marcações assinaladas no CADERNO DE QUESTÕES não serão considerados na avaliação.
7. Somente serão corrigidas as redações transcritas na FOLHA DE REDAÇÃO.
8. Quando terminar as provas, acene para chamar o aplicador e entregue este CADERNO DE QUESTÕES, o CARTÃO-RESPOSTA/FOLHA DE REDAÇÃO.
9. Você poderá deixar o local de prova somente após decorridas duas horas do início da aplicação e poderá levar seu CADERNO DE QUESTÕES ao deixar em definitivo a sala de prova nos 30 minutos que antecedem o término das provas.
LINGUAGENS, CÓDIGOS E SUAS TECNOLOGIAS
Questões de 1 a 45
Questões de 1 a 5 (opção inglês)",NA,"Pesquisa pioneira no Brasil propõe o uso de energia do solo para climatizar edifícios
Pela primeira vez na história, o Brasil terá um prédio que usa energia do solo para climatizar seus ambientes. Uma pesquisa inovadora avaliou o uso das fundações de edifícios como meio para a troca de energia térmica entre o prédio e o subsolo. A energia geotérmica é aquela encontrada dentro da crosta terrestre, seja no solo, nas rochas ou mesmo na água, sendo identificada pela temperatura. Essa energia pode ser transferida para a superfície por processos de troca térmica a partir das fundações da edificação.
Para o sistema elétrico brasileiro, a expansão de tecnologias como a descrita no texto representa uma tendência de","C","homogeneização da oferta da matriz produtiva.",0,NA,NA,NA,NA,"Portuguese","A"
"enem_2025_1mil_ch","enem_2025_1mil_ch_1",141078,"ENEM 2025 - CH","Exame Nacional do Ensino Médio
ENEM 2025
Prova de Linguagens, Códigos e suas Tecnologias e Redação
Prova de Ciências Humanas e suas Tecnologias
1º dia
Caderno 9 – Laranja
INEP
Ministério da Educação
ATENÇÃO: transcreva no espaço apropriado do seu CARTÃO-RESPOSTA, com sua caligrafia usual, considerando as letras maiúsculas e minúsculas, a seguinte frase:
Cada pessoa deve trabalhar para o seu aperfeiçoamento
LEIA ATENTAMENTE AS INSTRUÇÕES SEGUINTES:
1. Este CADERNO DE QUESTÕES contém 90 questões numeradas de 1 a 90 e a Proposta de Redação, dispostas da seguinte maneira:
a) questões de número 1 a 45, relativas à área de Linguagens, Códigos e suas Tecnologias;
b) Proposta de Redação;
c) questões de número 46 a 90, relativas à área de Ciências Humanas e suas Tecnologias.
ATENÇÃO: as questões de 1 a 5 são relativas à língua estrangeira. Você deverá responder apenas às questões relativas à língua estrangeira (inglês ou espanhol) escolhida no ato de sua inscrição.
2. Confira se a quantidade e a ordem das questões do seu CADERNO DE QUESTÕES estão de acordo com as instruções anteriores. Caso o caderno esteja incompleto, tenha defeito ou apresente qualquer divergência, comunique ao aplicador da sala para que ele tome as providências cabíveis.
3. Para cada uma das questões objetivas, são apresentadas 5 opções. Apenas uma responde corretamente à questão.
4. O tempo disponível para estas provas é de cinco horas e trinta minutos.
5. Reserve tempo suficiente para preencher o CARTÃO-RESPOSTA e a FOLHA DE REDAÇÃO.
6. Os rascunhos e as marcações assinaladas no CADERNO DE QUESTÕES não serão considerados na avaliação.
7. Somente serão corrigidas as redações transcritas na FOLHA DE REDAÇÃO.
8. Quando terminar as provas, acene para chamar o aplicador e entregue este CADERNO DE QUESTÕES, o CARTÃO-RESPOSTA/FOLHA DE REDAÇÃO.
9. Você poderá deixar o local de prova somente após decorridas duas horas do início da aplicação e poderá levar seu CADERNO DE QUESTÕES ao deixar em definitivo a sala de prova nos 30 minutos que antecedem o término das provas.
LINGUAGENS, CÓDIGOS E SUAS TECNOLOGIAS
Questões de 1 a 45
Questões de 1 a 5 (opção inglês)",NA,"Pesquisa pioneira no Brasil propõe o uso de energia do solo para climatizar edifícios
Pela primeira vez na história, o Brasil terá um prédio que usa energia do solo para climatizar seus ambientes. Uma pesquisa inovadora avaliou o uso das fundações de edifícios como meio para a troca de energia térmica entre o prédio e o subsolo. A energia geotérmica é aquela encontrada dentro da crosta terrestre, seja no solo, nas rochas ou mesmo na água, sendo identificada pela temperatura. Essa energia pode ser transferida para a superfície por processos de troca térmica a partir das fundações da edificação.
Para o sistema elétrico brasileiro, a expansão de tecnologias como a descrita no texto representa uma tendência de","C","ampliação do consumo em unidades residenciais.",0,NA,NA,NA,NA,"Portuguese","B"
"enem_2025_1mil_ch","enem_2025_1mil_ch_1",141078,"ENEM 2025 - CH","Exame Nacional do Ensino Médio
ENEM 2025
Prova de Linguagens, Códigos e suas Tecnologias e Redação
Prova de Ciências Humanas e suas Tecnologias
1º dia
Caderno 9 – Laranja
INEP
Ministério da Educação
ATENÇÃO: transcreva no espaço apropriado do seu CARTÃO-RESPOSTA, com sua caligrafia usual, considerando as letras maiúsculas e minúsculas, a seguinte frase:
Cada pessoa deve trabalhar para o seu aperfeiçoamento
LEIA ATENTAMENTE AS INSTRUÇÕES SEGUINTES:
1. Este CADERNO DE QUESTÕES contém 90 questões numeradas de 1 a 90 e a Proposta de Redação, dispostas da seguinte maneira:
a) questões de número 1 a 45, relativas à área de Linguagens, Códigos e suas Tecnologias;
b) Proposta de Redação;
c) questões de número 46 a 90, relativas à área de Ciências Humanas e suas Tecnologias.
ATENÇÃO: as questões de 1 a 5 são relativas à língua estrangeira. Você deverá responder apenas às questões relativas à língua estrangeira (inglês ou espanhol) escolhida no ato de sua inscrição.
2. Confira se a quantidade e a ordem das questões do seu CADERNO DE QUESTÕES estão de acordo com as instruções anteriores. Caso o caderno esteja incompleto, tenha defeito ou apresente qualquer divergência, comunique ao aplicador da sala para que ele tome as providências cabíveis.
3. Para cada uma das questões objetivas, são apresentadas 5 opções. Apenas uma responde corretamente à questão.
4. O tempo disponível para estas provas é de cinco horas e trinta minutos.
5. Reserve tempo suficiente para preencher o CARTÃO-RESPOSTA e a FOLHA DE REDAÇÃO.
6. Os rascunhos e as marcações assinaladas no CADERNO DE QUESTÕES não serão considerados na avaliação.
7. Somente serão corrigidas as redações transcritas na FOLHA DE REDAÇÃO.
8. Quando terminar as provas, acene para chamar o aplicador e entregue este CADERNO DE QUESTÕES, o CARTÃO-RESPOSTA/FOLHA DE REDAÇÃO.
9. Você poderá deixar o local de prova somente após decorridas duas horas do início da aplicação e poderá levar seu CADERNO DE QUESTÕES ao deixar em definitivo a sala de prova nos 30 minutos que antecedem o término das provas.
LINGUAGENS, CÓDIGOS E SUAS TECNOLOGIAS
Questões de 1 a 45
Questões de 1 a 5 (opção inglês)",NA,"Pesquisa pioneira no Brasil propõe o uso de energia do solo para climatizar edifícios
Pela primeira vez na história, o Brasil terá um prédio que usa energia do solo para climatizar seus ambientes. Uma pesquisa inovadora avaliou o uso das fundações de edifícios como meio para a troca de energia térmica entre o prédio e o subsolo. A energia geotérmica é aquela encontrada dentro da crosta terrestre, seja no solo, nas rochas ou mesmo na água, sendo identificada pela temperatura. Essa energia pode ser transferida para a superfície por processos de troca térmica a partir das fundações da edificação.
Para o sistema elétrico brasileiro, a expansão de tecnologias como a descrita no texto representa uma tendência de","C","redução da pressão sobre as usinas hidrelétricas.",1,NA,NA,NA,NA,"Portuguese","C"
"enem_2025_1mil_ch","enem_2025_1mil_ch_1",141078,"ENEM 2025 - CH","Exame Nacional do Ensino Médio
ENEM 2025
Prova de Linguagens, Códigos e suas Tecnologias e Redação
Prova de Ciências Humanas e suas Tecnologias
1º dia
Caderno 9 – Laranja
INEP
Ministério da Educação
ATENÇÃO: transcreva no espaço apropriado do seu CARTÃO-RESPOSTA, com sua caligrafia usual, considerando as letras maiúsculas e minúsculas, a seguinte frase:
Cada pessoa deve trabalhar para o seu aperfeiçoamento
LEIA ATENTAMENTE AS INSTRUÇÕES SEGUINTES:
1. Este CADERNO DE QUESTÕES contém 90 questões numeradas de 1 a 90 e a Proposta de Redação, dispostas da seguinte maneira:
a) questões de número 1 a 45, relativas à área de Linguagens, Códigos e suas Tecnologias;
b) Proposta de Redação;
c) questões de número 46 a 90, relativas à área de Ciências Humanas e suas Tecnologias.
ATENÇÃO: as questões de 1 a 5 são relativas à língua estrangeira. Você deverá responder apenas às questões relativas à língua estrangeira (inglês ou espanhol) escolhida no ato de sua inscrição.
2. Confira se a quantidade e a ordem das questões do seu CADERNO DE QUESTÕES estão de acordo com as instruções anteriores. Caso o caderno esteja incompleto, tenha defeito ou apresente qualquer divergência, comunique ao aplicador da sala para que ele tome as providências cabíveis.
3. Para cada uma das questões objetivas, são apresentadas 5 opções. Apenas uma responde corretamente à questão.
4. O tempo disponível para estas provas é de cinco horas e trinta minutos.
5. Reserve tempo suficiente para preencher o CARTÃO-RESPOSTA e a FOLHA DE REDAÇÃO.
6. Os rascunhos e as marcações assinaladas no CADERNO DE QUESTÕES não serão considerados na avaliação.
7. Somente serão corrigidas as redações transcritas na FOLHA DE REDAÇÃO.
8. Quando terminar as provas, acene para chamar o aplicador e entregue este CADERNO DE QUESTÕES, o CARTÃO-RESPOSTA/FOLHA DE REDAÇÃO.
9. Você poderá deixar o local de prova somente após decorridas duas horas do início da aplicação e poderá levar seu CADERNO DE QUESTÕES ao deixar em definitivo a sala de prova nos 30 minutos que antecedem o término das provas.
LINGUAGENS, CÓDIGOS E SUAS TECNOLOGIAS
Questões de 1 a 45
Questões de 1 a 5 (opção inglês)",NA,"Pesquisa pioneira no Brasil propõe o uso de energia do solo para climatizar edifícios
Pela primeira vez na história, o Brasil terá um prédio que usa energia do solo para climatizar seus ambientes. Uma pesquisa inovadora avaliou o uso das fundações de edifícios como meio para a troca de energia térmica entre o prédio e o subsolo. A energia geotérmica é aquela encontrada dentro da crosta terrestre, seja no solo, nas rochas ou mesmo na água, sendo identificada pela temperatura. Essa energia pode ser transferida para a superfície por processos de troca térmica a partir das fundações da edificação.
Para o sistema elétrico brasileiro, a expansão de tecnologias como a descrita no texto representa uma tendência de","C","estagnação do consumo em unidades industriais.",0,NA,NA,NA,NA,"Portuguese","D"
"enem_2025_1mil_ch","enem_2025_1mil_ch_1",141078,"ENEM 2025 - CH","Exame Nacional do Ensino Médio
ENEM 2025
Prova de Linguagens, Códigos e suas Tecnologias e Redação
Prova de Ciências Humanas e suas Tecnologias
1º dia
Caderno 9 – Laranja
INEP
Ministério da Educação
ATENÇÃO: transcreva no espaço apropriado do seu CARTÃO-RESPOSTA, com sua caligrafia usual, considerando as letras maiúsculas e minúsculas, a seguinte frase:
Cada pessoa deve trabalhar para o seu aperfeiçoamento
LEIA ATENTAMENTE AS INSTRUÇÕES SEGUINTES:
1. Este CADERNO DE QUESTÕES contém 90 questões numeradas de 1 a 90 e a Proposta de Redação, dispostas da seguinte maneira:
a) questões de número 1 a 45, relativas à área de Linguagens, Códigos e suas Tecnologias;
b) Proposta de Redação;
c) questões de número 46 a 90, relativas à área de Ciências Humanas e suas Tecnologias.
ATENÇÃO: as questões de 1 a 5 são relativas à língua estrangeira. Você deverá responder apenas às questões relativas à língua estrangeira (inglês ou espanhol) escolhida no ato de sua inscrição.
2. Confira se a quantidade e a ordem das questões do seu CADERNO DE QUESTÕES estão de acordo com as instruções anteriores. Caso o caderno esteja incompleto, tenha defeito ou apresente qualquer divergência, comunique ao aplicador da sala para que ele tome as providências cabíveis.
3. Para cada uma das questões objetivas, são apresentadas 5 opções. Apenas uma responde corretamente à questão.
4. O tempo disponível para estas provas é de cinco horas e trinta minutos.
5. Reserve tempo suficiente para preencher o CARTÃO-RESPOSTA e a FOLHA DE REDAÇÃO.
6. Os rascunhos e as marcações assinaladas no CADERNO DE QUESTÕES não serão considerados na avaliação.
7. Somente serão corrigidas as redações transcritas na FOLHA DE REDAÇÃO.
8. Quando terminar as provas, acene para chamar o aplicador e entregue este CADERNO DE QUESTÕES, o CARTÃO-RESPOSTA/FOLHA DE REDAÇÃO.
9. Você poderá deixar o local de prova somente após decorridas duas horas do início da aplicação e poderá levar seu CADERNO DE QUESTÕES ao deixar em definitivo a sala de prova nos 30 minutos que antecedem o término das provas.
LINGUAGENS, CÓDIGOS E SUAS TECNOLOGIAS
Questões de 1 a 45
Questões de 1 a 5 (opção inglês)",NA,"Pesquisa pioneira no Brasil propõe o uso de energia do solo para climatizar edifícios
Pela primeira vez na história, o Brasil terá um prédio que usa energia do solo para climatizar seus ambientes. Uma pesquisa inovadora avaliou o uso das fundações de edifícios como meio para a troca de energia térmica entre o prédio e o subsolo. A energia geotérmica é aquela encontrada dentro da crosta terrestre, seja no solo, nas rochas ou mesmo na água, sendo identificada pela temperatura. Essa energia pode ser transferida para a superfície por processos de troca térmica a partir das fundações da edificação.
Para o sistema elétrico brasileiro, a expansão de tecnologias como a descrita no texto representa uma tendência de","C","superação da necessidade de recursos renováveis.",0,NA,NA,NA,NA,"Portuguese","E"
"enem_2025_1mil_ch","enem_2025_1mil_ch_1",111941,"ENEM 2025 - CH","Exame Nacional do Ensino Médio
ENEM 2025
Prova de Linguagens, Códigos e suas Tecnologias e Redação
Prova de Ciências Humanas e suas Tecnologias
1º dia
Caderno 9 – Laranja
INEP
Ministério da Educação
ATENÇÃO: transcreva no espaço apropriado do seu CARTÃO-RESPOSTA, com sua caligrafia usual, considerando as letras maiúsculas e minúsculas, a seguinte frase:
Cada pessoa deve trabalhar para o seu aperfeiçoamento
LEIA ATENTAMENTE AS INSTRUÇÕES SEGUINTES:
1. Este CADERNO DE QUESTÕES contém 90 questões numeradas de 1 a 90 e a Proposta de Redação, dispostas da seguinte maneira:
a) questões de número 1 a 45, relativas à área de Linguagens, Códigos e suas Tecnologias;
b) Proposta de Redação;
c) questões de número 46 a 90, relativas à área de Ciências Humanas e suas Tecnologias.
ATENÇÃO: as questões de 1 a 5 são relativas à língua estrangeira. Você deverá responder apenas às questões relativas à língua estrangeira (inglês ou espanhol) escolhida no ato de sua inscrição.
2. Confira se a quantidade e a ordem das questões do seu CADERNO DE QUESTÕES estão de acordo com as instruções anteriores. Caso o caderno esteja incompleto, tenha defeito ou apresente qualquer divergência, comunique ao aplicador da sala para que ele tome as providências cabíveis.
3. Para cada uma das questões objetivas, são apresentadas 5 opções. Apenas uma responde corretamente à questão.
4. O tempo disponível para estas provas é de cinco horas e trinta minutos.
5. Reserve tempo suficiente para preencher o CARTÃO-RESPOSTA e a FOLHA DE REDAÇÃO.
6. Os rascunhos e as marcações assinaladas no CADERNO DE QUESTÕES não serão considerados na avaliação.
7. Somente serão corrigidas as redações transcritas na FOLHA DE REDAÇÃO.
8. Quando terminar as provas, acene para chamar o aplicador e entregue este CADERNO DE QUESTÕES, o CARTÃO-RESPOSTA/FOLHA DE REDAÇÃO.
9. Você poderá deixar o local de prova somente após decorridas duas horas do início da aplicação e poderá levar seu CADERNO DE QUESTÕES ao deixar em definitivo a sala de prova nos 30 minutos que antecedem o término das provas.
LINGUAGENS, CÓDIGOS E SUAS TECNOLOGIAS
Questões de 1 a 45
Questões de 1 a 5 (opção inglês)",NA,"A cidade antiga
Fustel de Coulanges
Durante a realeza, e nos primeiros anos republicanos, as leis eram transmitidas oralmente de uma geração para outra. A ausência de uma legislação escrita permitia aos patrícios manipular a justiça conforme seus interesses.
A conjuntura sociopolítica da Roma Antiga, conforme apresentada no texto, foi contestada pelos","B","monarcas, que queriam expandir o código jurídico.",0,NA,NA,NA,NA,"Portuguese","A"
"enem_2025_1mil_ch","enem_2025_1mil_ch_1",111941,"ENEM 2025 - CH","Exame Nacional do Ensino Médio
ENEM 2025
Prova de Linguagens, Códigos e suas Tecnologias e Redação
Prova de Ciências Humanas e suas Tecnologias
1º dia
Caderno 9 – Laranja
INEP
Ministério da Educação
ATENÇÃO: transcreva no espaço apropriado do seu CARTÃO-RESPOSTA, com sua caligrafia usual, considerando as letras maiúsculas e minúsculas, a seguinte frase:
Cada pessoa deve trabalhar para o seu aperfeiçoamento
LEIA ATENTAMENTE AS INSTRUÇÕES SEGUINTES:
1. Este CADERNO DE QUESTÕES contém 90 questões numeradas de 1 a 90 e a Proposta de Redação, dispostas da seguinte maneira:
a) questões de número 1 a 45, relativas à área de Linguagens, Códigos e suas Tecnologias;
b) Proposta de Redação;
c) questões de número 46 a 90, relativas à área de Ciências Humanas e suas Tecnologias.
ATENÇÃO: as questões de 1 a 5 são relativas à língua estrangeira. Você deverá responder apenas às questões relativas à língua estrangeira (inglês ou espanhol) escolhida no ato de sua inscrição.
2. Confira se a quantidade e a ordem das questões do seu CADERNO DE QUESTÕES estão de acordo com as instruções anteriores. Caso o caderno esteja incompleto, tenha defeito ou apresente qualquer divergência, comunique ao aplicador da sala para que ele tome as providências cabíveis.
3. Para cada uma das questões objetivas, são apresentadas 5 opções. Apenas uma responde corretamente à questão.
4. O tempo disponível para estas provas é de cinco horas e trinta minutos.
5. Reserve tempo suficiente para preencher o CARTÃO-RESPOSTA e a FOLHA DE REDAÇÃO.
6. Os rascunhos e as marcações assinaladas no CADERNO DE QUESTÕES não serão considerados na avaliação.
7. Somente serão corrigidas as redações transcritas na FOLHA DE REDAÇÃO.
8. Quando terminar as provas, acene para chamar o aplicador e entregue este CADERNO DE QUESTÕES, o CARTÃO-RESPOSTA/FOLHA DE REDAÇÃO.
9. Você poderá deixar o local de prova somente após decorridas duas horas do início da aplicação e poderá levar seu CADERNO DE QUESTÕES ao deixar em definitivo a sala de prova nos 30 minutos que antecedem o término das provas.
LINGUAGENS, CÓDIGOS E SUAS TECNOLOGIAS
Questões de 1 a 45
Questões de 1 a 5 (opção inglês)",NA,"A cidade antiga
Fustel de Coulanges
Durante a realeza, e nos primeiros anos republicanos, as leis eram transmitidas oralmente de uma geração para outra. A ausência de uma legislação escrita permitia aos patrícios manipular a justiça conforme seus interesses.
A conjuntura sociopolítica da Roma Antiga, conforme apresentada no texto, foi contestada pelos","B","plebeus, que almejavam participar da vida política.",1,NA,NA,NA,NA,"Portuguese","B"
"enem_2025_1mil_ch","enem_2025_1mil_ch_1",111941,"ENEM 2025 - CH","Exame Nacional do Ensino Médio
ENEM 2025
Prova de Linguagens, Códigos e suas Tecnologias e Redação
Prova de Ciências Humanas e suas Tecnologias
1º dia
Caderno 9 – Laranja
INEP
Ministério da Educação
ATENÇÃO: transcreva no espaço apropriado do seu CARTÃO-RESPOSTA, com sua caligrafia usual, considerando as letras maiúsculas e minúsculas, a seguinte frase:
Cada pessoa deve trabalhar para o seu aperfeiçoamento
LEIA ATENTAMENTE AS INSTRUÇÕES SEGUINTES:
1. Este CADERNO DE QUESTÕES contém 90 questões numeradas de 1 a 90 e a Proposta de Redação, dispostas da seguinte maneira:
a) questões de número 1 a 45, relativas à área de Linguagens, Códigos e suas Tecnologias;
b) Proposta de Redação;
c) questões de número 46 a 90, relativas à área de Ciências Humanas e suas Tecnologias.
ATENÇÃO: as questões de 1 a 5 são relativas à língua estrangeira. Você deverá responder apenas às questões relativas à língua estrangeira (inglês ou espanhol) escolhida no ato de sua inscrição.
2. Confira se a quantidade e a ordem das questões do seu CADERNO DE QUESTÕES estão de acordo com as instruções anteriores. Caso o caderno esteja incompleto, tenha defeito ou apresente qualquer divergência, comunique ao aplicador da sala para que ele tome as providências cabíveis.
3. Para cada uma das questões objetivas, são apresentadas 5 opções. Apenas uma responde corretamente à questão.
4. O tempo disponível para estas provas é de cinco horas e trinta minutos.
5. Reserve tempo suficiente para preencher o CARTÃO-RESPOSTA e a FOLHA DE REDAÇÃO.
6. Os rascunhos e as marcações assinaladas no CADERNO DE QUESTÕES não serão considerados na avaliação.
7. Somente serão corrigidas as redações transcritas na FOLHA DE REDAÇÃO.
8. Quando terminar as provas, acene para chamar o aplicador e entregue este CADERNO DE QUESTÕES, o CARTÃO-RESPOSTA/FOLHA DE REDAÇÃO.
9. Você poderá deixar o local de prova somente após decorridas duas horas do início da aplicação e poderá levar seu CADERNO DE QUESTÕES ao deixar em definitivo a sala de prova nos 30 minutos que antecedem o término das provas.
LINGUAGENS, CÓDIGOS E SUAS TECNOLOGIAS
Questões de 1 a 45
Questões de 1 a 5 (opção inglês)",NA,"A cidade antiga
Fustel de Coulanges
Durante a realeza, e nos primeiros anos republicanos, as leis eram transmitidas oralmente de uma geração para outra. A ausência de uma legislação escrita permitia aos patrícios manipular a justiça conforme seus interesses.
A conjuntura sociopolítica da Roma Antiga, conforme apresentada no texto, foi contestada pelos","B","nobres, que desejavam superar a relação de dependência.",0,NA,NA,NA,NA,"Portuguese","C"
"enem_2025_1mil_ch","enem_2025_1mil_ch_1",111941,"ENEM 2025 - CH","Exame Nacional do Ensino Médio
ENEM 2025
Prova de Linguagens, Códigos e suas Tecnologias e Redação
Prova de Ciências Humanas e suas Tecnologias
1º dia
Caderno 9 – Laranja
INEP
Ministério da Educação
ATENÇÃO: transcreva no espaço apropriado do seu CARTÃO-RESPOSTA, com sua caligrafia usual, considerando as letras maiúsculas e minúsculas, a seguinte frase:
Cada pessoa deve trabalhar para o seu aperfeiçoamento
LEIA ATENTAMENTE AS INSTRUÇÕES SEGUINTES:
1. Este CADERNO DE QUESTÕES contém 90 questões numeradas de 1 a 90 e a Proposta de Redação, dispostas da seguinte maneira:
a) questões de número 1 a 45, relativas à área de Linguagens, Códigos e suas Tecnologias;
b) Proposta de Redação;
c) questões de número 46 a 90, relativas à área de Ciências Humanas e suas Tecnologias.
ATENÇÃO: as questões de 1 a 5 são relativas à língua estrangeira. Você deverá responder apenas às questões relativas à língua estrangeira (inglês ou espanhol) escolhida no ato de sua inscrição.
2. Confira se a quantidade e a ordem das questões do seu CADERNO DE QUESTÕES estão de acordo com as instruções anteriores. Caso o caderno esteja incompleto, tenha defeito ou apresente qualquer divergência, comunique ao aplicador da sala para que ele tome as providências cabíveis.
3. Para cada uma das questões objetivas, são apresentadas 5 opções. Apenas uma responde corretamente à questão.
4. O tempo disponível para estas provas é de cinco horas e trinta minutos.
5. Reserve tempo suficiente para preencher o CARTÃO-RESPOSTA e a FOLHA DE REDAÇÃO.
6. Os rascunhos e as marcações assinaladas no CADERNO DE QUESTÕES não serão considerados na avaliação.
7. Somente serão corrigidas as redações transcritas na FOLHA DE REDAÇÃO.
8. Quando terminar as provas, acene para chamar o aplicador e entregue este CADERNO DE QUESTÕES, o CARTÃO-RESPOSTA/FOLHA DE REDAÇÃO.
9. Você poderá deixar o local de prova somente após decorridas duas horas do início da aplicação e poderá levar seu CADERNO DE QUESTÕES ao deixar em definitivo a sala de prova nos 30 minutos que antecedem o término das provas.
LINGUAGENS, CÓDIGOS E SUAS TECNOLOGIAS
Questões de 1 a 45
Questões de 1 a 5 (opção inglês)",NA,"A cidade antiga
Fustel de Coulanges
Durante a realeza, e nos primeiros anos republicanos, as leis eram transmitidas oralmente de uma geração para outra. A ausência de uma legislação escrita permitia aos patrícios manipular a justiça conforme seus interesses.
A conjuntura sociopolítica da Roma Antiga, conforme apresentada no texto, foi contestada pelos","B","camponeses, que aspiravam diminuir a jornada de trabalho.",0,NA,NA,NA,NA,"Portuguese","D"
"enem_2025_1mil_ch","enem_2025_1mil_ch_1",111941,"ENEM 2025 - CH","Exame Nacional do Ensino Médio
ENEM 2025
Prova de Linguagens, Códigos e suas Tecnologias e Redação
Prova de Ciências Humanas e suas Tecnologias
1º dia
Caderno 9 – Laranja
INEP
Ministério da Educação
ATENÇÃO: transcreva no espaço apropriado do seu CARTÃO-RESPOSTA, com sua caligrafia usual, considerando as letras maiúsculas e minúsculas, a seguinte frase:
Cada pessoa deve trabalhar para o seu aperfeiçoamento
LEIA ATENTAMENTE AS INSTRUÇÕES SEGUINTES:
1. Este CADERNO DE QUESTÕES contém 90 questões numeradas de 1 a 90 e a Proposta de Redação, dispostas da seguinte maneira:
a) questões de número 1 a 45, relativas à área de Linguagens, Códigos e suas Tecnologias;
b) Proposta de Redação;
c) questões de número 46 a 90, relativas à área de Ciências Humanas e suas Tecnologias.
ATENÇÃO: as questões de 1 a 5 são relativas à língua estrangeira. Você deverá responder apenas às questões relativas à língua estrangeira (inglês ou espanhol) escolhida no ato de sua inscrição.
2. Confira se a quantidade e a ordem das questões do seu CADERNO DE QUESTÕES estão de acordo com as instruções anteriores. Caso o caderno esteja incompleto, tenha defeito ou apresente qualquer divergência, comunique ao aplicador da sala para que ele tome as providências cabíveis.
3. Para cada uma das questões objetivas, são apresentadas 5 opções. Apenas uma responde corretamente à questão.
4. O tempo disponível para estas provas é de cinco horas e trinta minutos.
5. Reserve tempo suficiente para preencher o CARTÃO-RESPOSTA e a FOLHA DE REDAÇÃO.
6. Os rascunhos e as marcações assinaladas no CADERNO DE QUESTÕES não serão considerados na avaliação.
7. Somente serão corrigidas as redações transcritas na FOLHA DE REDAÇÃO.
8. Quando terminar as provas, acene para chamar o aplicador e entregue este CADERNO DE QUESTÕES, o CARTÃO-RESPOSTA/FOLHA DE REDAÇÃO.
9. Você poderá deixar o local de prova somente após decorridas duas horas do início da aplicação e poderá levar seu CADERNO DE QUESTÕES ao deixar em definitivo a sala de prova nos 30 minutos que antecedem o término das provas.
LINGUAGENS, CÓDIGOS E SUAS TECNOLOGIAS
Questões de 1 a 45
Questões de 1 a 5 (opção inglês)",NA,"A cidade antiga
Fustel de Coulanges
Durante a realeza, e nos primeiros anos republicanos, as leis eram transmitidas oralmente de uma geração para outra. A ausência de uma legislação escrita permitia aos patrícios manipular a justiça conforme seus interesses.
A conjuntura sociopolítica da Roma Antiga, conforme apresentada no texto, foi contestada pelos","B","estrangeiros, que ambicionavam acessar os espaços públicos.",0,NA,NA,NA,NA,"Portuguese","E"
"enem_2025_1mil_ch","enem_2025_1mil_ch_1",85913,"ENEM 2025 - CH","Exame Nacional do Ensino Médio
ENEM 2025
Prova de Linguagens, Códigos e suas Tecnologias e Redação
Prova de Ciências Humanas e suas Tecnologias
1º dia
Caderno 9 – Laranja
INEP
Ministério da Educação
ATENÇÃO: transcreva no espaço apropriado do seu CARTÃO-RESPOSTA, com sua caligrafia usual, considerando as letras maiúsculas e minúsculas, a seguinte frase:
Cada pessoa deve trabalhar para o seu aperfeiçoamento
LEIA ATENTAMENTE AS INSTRUÇÕES SEGUINTES:
1. Este CADERNO DE QUESTÕES contém 90 questões numeradas de 1 a 90 e a Proposta de Redação, dispostas da seguinte maneira:
a) questões de número 1 a 45, relativas à área de Linguagens, Códigos e suas Tecnologias;
b) Proposta de Redação;
c) questões de número 46 a 90, relativas à área de Ciências Humanas e suas Tecnologias.
ATENÇÃO: as questões de 1 a 5 são relativas à língua estrangeira. Você deverá responder apenas às questões relativas à língua estrangeira (inglês ou espanhol) escolhida no ato de sua inscrição.
2. Confira se a quantidade e a ordem das questões do seu CADERNO DE QUESTÕES estão de acordo com as instruções anteriores. Caso o caderno esteja incompleto, tenha defeito ou apresente qualquer divergência, comunique ao aplicador da sala para que ele tome as providências cabíveis.
3. Para cada uma das questões objetivas, são apresentadas 5 opções. Apenas uma responde corretamente à questão.
4. O tempo disponível para estas provas é de cinco horas e trinta minutos.
5. Reserve tempo suficiente para preencher o CARTÃO-RESPOSTA e a FOLHA DE REDAÇÃO.
6. Os rascunhos e as marcações assinaladas no CADERNO DE QUESTÕES não serão considerados na avaliação.
7. Somente serão corrigidas as redações transcritas na FOLHA DE REDAÇÃO.
8. Quando terminar as provas, acene para chamar o aplicador e entregue este CADERNO DE QUESTÕES, o CARTÃO-RESPOSTA/FOLHA DE REDAÇÃO.
9. Você poderá deixar o local de prova somente após decorridas duas horas do início da aplicação e poderá levar seu CADERNO DE QUESTÕES ao deixar em definitivo a sala de prova nos 30 minutos que antecedem o término das provas.
LINGUAGENS, CÓDIGOS E SUAS TECNOLOGIAS
Questões de 1 a 45
Questões de 1 a 5 (opção inglês)",NA,"Declaração das Nações Unidas sobre os Direitos dos Povos Indígenas
Os povos indígenas têm o direito de manter, controlar, proteger e desenvolver seu patrimônio cultural, seus conhecimentos do passado, suas expressões culturais e as manifestações de suas ciências, tecnologias e culturas, compreendidos os recursos humanos e genéticos, as sementes, os medicamentos, o conhecimento das propriedades da fauna e da flora, as transmissões orais, as literaturas, os desenhos, os esportes, os jogos e as artes visuais e interpretativas.
Os direitos reconhecidos no texto representam a","C","multiplicidade dos troncos linguísticos.",0,NA,NA,NA,NA,"Portuguese","A"
"enem_2025_1mil_ch","enem_2025_1mil_ch_1",85913,"ENEM 2025 - CH","Exame Nacional do Ensino Médio
ENEM 2025
Prova de Linguagens, Códigos e suas Tecnologias e Redação
Prova de Ciências Humanas e suas Tecnologias
1º dia
Caderno 9 – Laranja
INEP
Ministério da Educação
ATENÇÃO: transcreva no espaço apropriado do seu CARTÃO-RESPOSTA, com sua caligrafia usual, considerando as letras maiúsculas e minúsculas, a seguinte frase:
Cada pessoa deve trabalhar para o seu aperfeiçoamento
LEIA ATENTAMENTE AS INSTRUÇÕES SEGUINTES:
1. Este CADERNO DE QUESTÕES contém 90 questões numeradas de 1 a 90 e a Proposta de Redação, dispostas da seguinte maneira:
a) questões de número 1 a 45, relativas à área de Linguagens, Códigos e suas Tecnologias;
b) Proposta de Redação;
c) questões de número 46 a 90, relativas à área de Ciências Humanas e suas Tecnologias.
ATENÇÃO: as questões de 1 a 5 são relativas à língua estrangeira. Você deverá responder apenas às questões relativas à língua estrangeira (inglês ou espanhol) escolhida no ato de sua inscrição.
2. Confira se a quantidade e a ordem das questões do seu CADERNO DE QUESTÕES estão de acordo com as instruções anteriores. Caso o caderno esteja incompleto, tenha defeito ou apresente qualquer divergência, comunique ao aplicador da sala para que ele tome as providências cabíveis.
3. Para cada uma das questões objetivas, são apresentadas 5 opções. Apenas uma responde corretamente à questão.
4. O tempo disponível para estas provas é de cinco horas e trinta minutos.
5. Reserve tempo suficiente para preencher o CARTÃO-RESPOSTA e a FOLHA DE REDAÇÃO.
6. Os rascunhos e as marcações assinaladas no CADERNO DE QUESTÕES não serão considerados na avaliação.
7. Somente serão corrigidas as redações transcritas na FOLHA DE REDAÇÃO.
8. Quando terminar as provas, acene para chamar o aplicador e entregue este CADERNO DE QUESTÕES, o CARTÃO-RESPOSTA/FOLHA DE REDAÇÃO.
9. Você poderá deixar o local de prova somente após decorridas duas horas do início da aplicação e poderá levar seu CADERNO DE QUESTÕES ao deixar em definitivo a sala de prova nos 30 minutos que antecedem o término das provas.
LINGUAGENS, CÓDIGOS E SUAS TECNOLOGIAS
Questões de 1 a 45
Questões de 1 a 5 (opção inglês)",NA,"Declaração das Nações Unidas sobre os Direitos dos Povos Indígenas
Os povos indígenas têm o direito de manter, controlar, proteger e desenvolver seu patrimônio cultural, seus conhecimentos do passado, suas expressões culturais e as manifestações de suas ciências, tecnologias e culturas, compreendidos os recursos humanos e genéticos, as sementes, os medicamentos, o conhecimento das propriedades da fauna e da flora, as transmissões orais, as literaturas, os desenhos, os esportes, os jogos e as artes visuais e interpretativas.
Os direitos reconhecidos no texto representam a","C","ampliação das influências externas.",0,NA,NA,NA,NA,"Portuguese","B"
"enem_2025_1mil_ch","enem_2025_1mil_ch_1",85913,"ENEM 2025 - CH","Exame Nacional do Ensino Médio
ENEM 2025
Prova de Linguagens, Códigos e suas Tecnologias e Redação
Prova de Ciências Humanas e suas Tecnologias
1º dia
Caderno 9 – Laranja
INEP
Ministério da Educação
ATENÇÃO: transcreva no espaço apropriado do seu CARTÃO-RESPOSTA, com sua caligrafia usual, considerando as letras maiúsculas e minúsculas, a seguinte frase:
Cada pessoa deve trabalhar para o seu aperfeiçoamento
LEIA ATENTAMENTE AS INSTRUÇÕES SEGUINTES:
1. Este CADERNO DE QUESTÕES contém 90 questões numeradas de 1 a 90 e a Proposta de Redação, dispostas da seguinte maneira:
a) questões de número 1 a 45, relativas à área de Linguagens, Códigos e suas Tecnologias;
b) Proposta de Redação;
c) questões de número 46 a 90, relativas à área de Ciências Humanas e suas Tecnologias.
ATENÇÃO: as questões de 1 a 5 são relativas à língua estrangeira. Você deverá responder apenas às questões relativas à língua estrangeira (inglês ou espanhol) escolhida no ato de sua inscrição.
2. Confira se a quantidade e a ordem das questões do seu CADERNO DE QUESTÕES estão de acordo com as instruções anteriores. Caso o caderno esteja incompleto, tenha defeito ou apresente qualquer divergência, comunique ao aplicador da sala para que ele tome as providências cabíveis.
3. Para cada uma das questões objetivas, são apresentadas 5 opções. Apenas uma responde corretamente à questão.
4. O tempo disponível para estas provas é de cinco horas e trinta minutos.
5. Reserve tempo suficiente para preencher o CARTÃO-RESPOSTA e a FOLHA DE REDAÇÃO.
6. Os rascunhos e as marcações assinaladas no CADERNO DE QUESTÕES não serão considerados na avaliação.
7. Somente serão corrigidas as redações transcritas na FOLHA DE REDAÇÃO.
8. Quando terminar as provas, acene para chamar o aplicador e entregue este CADERNO DE QUESTÕES, o CARTÃO-RESPOSTA/FOLHA DE REDAÇÃO.
9. Você poderá deixar o local de prova somente após decorridas duas horas do início da aplicação e poderá levar seu CADERNO DE QUESTÕES ao deixar em definitivo a sala de prova nos 30 minutos que antecedem o término das provas.
LINGUAGENS, CÓDIGOS E SUAS TECNOLOGIAS
Questões de 1 a 45
Questões de 1 a 5 (opção inglês)",NA,"Declaração das Nações Unidas sobre os Direitos dos Povos Indígenas
Os povos indígenas têm o direito de manter, controlar, proteger e desenvolver seu patrimônio cultural, seus conhecimentos do passado, suas expressões culturais e as manifestações de suas ciências, tecnologias e culturas, compreendidos os recursos humanos e genéticos, as sementes, os medicamentos, o conhecimento das propriedades da fauna e da flora, as transmissões orais, as literaturas, os desenhos, os esportes, os jogos e as artes visuais e interpretativas.
Os direitos reconhecidos no texto representam a","C","complexidade dos saberes tradicionais.",1,NA,NA,NA,NA,"Portuguese","C"
"enem_2025_1mil_ch","enem_2025_1mil_ch_1",85913,"ENEM 2025 - CH","Exame Nacional do Ensino Médio
ENEM 2025
Prova de Linguagens, Códigos e suas Tecnologias e Redação
Prova de Ciências Humanas e suas Tecnologias
1º dia
Caderno 9 – Laranja
INEP
Ministério da Educação
ATENÇÃO: transcreva no espaço apropriado do seu CARTÃO-RESPOSTA, com sua caligrafia usual, considerando as letras maiúsculas e minúsculas, a seguinte frase:
Cada pessoa deve trabalhar para o seu aperfeiçoamento
LEIA ATENTAMENTE AS INSTRUÇÕES SEGUINTES:
1. Este CADERNO DE QUESTÕES contém 90 questões numeradas de 1 a 90 e a Proposta de Redação, dispostas da seguinte maneira:
a) questões de número 1 a 45, relativas à área de Linguagens, Códigos e suas Tecnologias;
b) Proposta de Redação;
c) questões de número 46 a 90, relativas à área de Ciências Humanas e suas Tecnologias.
ATENÇÃO: as questões de 1 a 5 são relativas à língua estrangeira. Você deverá responder apenas às questões relativas à língua estrangeira (inglês ou espanhol) escolhida no ato de sua inscrição.
2. Confira se a quantidade e a ordem das questões do seu CADERNO DE QUESTÕES estão de acordo com as instruções anteriores. Caso o caderno esteja incompleto, tenha defeito ou apresente qualquer divergência, comunique ao aplicador da sala para que ele tome as providências cabíveis.
3. Para cada uma das questões objetivas, são apresentadas 5 opções. Apenas uma responde corretamente à questão.
4. O tempo disponível para estas provas é de cinco horas e trinta minutos.
5. Reserve tempo suficiente para preencher o CARTÃO-RESPOSTA e a FOLHA DE REDAÇÃO.
6. Os rascunhos e as marcações assinaladas no CADERNO DE QUESTÕES não serão considerados na avaliação.
7. Somente serão corrigidas as redações transcritas na FOLHA DE REDAÇÃO.
8. Quando terminar as provas, acene para chamar o aplicador e entregue este CADERNO DE QUESTÕES, o CARTÃO-RESPOSTA/FOLHA DE REDAÇÃO.
9. Você poderá deixar o local de prova somente após decorridas duas horas do início da aplicação e poderá levar seu CADERNO DE QUESTÕES ao deixar em definitivo a sala de prova nos 30 minutos que antecedem o término das provas.
LINGUAGENS, CÓDIGOS E SUAS TECNOLOGIAS
Questões de 1 a 45
Questões de 1 a 5 (opção inglês)",NA,"Declaração das Nações Unidas sobre os Direitos dos Povos Indígenas
Os povos indígenas têm o direito de manter, controlar, proteger e desenvolver seu patrimônio cultural, seus conhecimentos do passado, suas expressões culturais e as manifestações de suas ciências, tecnologias e culturas, compreendidos os recursos humanos e genéticos, as sementes, os medicamentos, o conhecimento das propriedades da fauna e da flora, as transmissões orais, as literaturas, os desenhos, os esportes, os jogos e as artes visuais e interpretativas.
Os direitos reconhecidos no texto representam a","C","sofisticação das práticas de sobrevivência.",0,NA,NA,NA,NA,"Portuguese","D"
"enem_2025_1mil_ch","enem_2025_1mil_ch_1",85913,"ENEM 2025 - CH","Exame Nacional do Ensino Médio
ENEM 2025
Prova de Linguagens, Códigos e suas Tecnologias e Redação
Prova de Ciências Humanas e suas Tecnologias
1º dia
Caderno 9 – Laranja
INEP
Ministério da Educação
ATENÇÃO: transcreva no espaço apropriado do seu CARTÃO-RESPOSTA, com sua caligrafia usual, considerando as letras maiúsculas e minúsculas, a seguinte frase:
Cada pessoa deve trabalhar para o seu aperfeiçoamento
LEIA ATENTAMENTE AS INSTRUÇÕES SEGUINTES:
1. Este CADERNO DE QUESTÕES contém 90 questões numeradas de 1 a 90 e a Proposta de Redação, dispostas da seguinte maneira:
a) questões de número 1 a 45, relativas à área de Linguagens, Códigos e suas Tecnologias;
b) Proposta de Redação;
c) questões de número 46 a 90, relativas à área de Ciências Humanas e suas Tecnologias.
ATENÇÃO: as questões de 1 a 5 são relativas à língua estrangeira. Você deverá responder apenas às questões relativas à língua estrangeira (inglês ou espanhol) escolhida no ato de sua inscrição.
2. Confira se a quantidade e a ordem das questões do seu CADERNO DE QUESTÕES estão de acordo com as instruções anteriores. Caso o caderno esteja incompleto, tenha defeito ou apresente qualquer divergência, comunique ao aplicador da sala para que ele tome as providências cabíveis.
3. Para cada uma das questões objetivas, são apresentadas 5 opções. Apenas uma responde corretamente à questão.
4. O tempo disponível para estas provas é de cinco horas e trinta minutos.
5. Reserve tempo suficiente para preencher o CARTÃO-RESPOSTA e a FOLHA DE REDAÇÃO.
6. Os rascunhos e as marcações assinaladas no CADERNO DE QUESTÕES não serão considerados na avaliação.
7. Somente serão corrigidas as redações transcritas na FOLHA DE REDAÇÃO.
8. Quando terminar as provas, acene para chamar o aplicador e entregue este CADERNO DE QUESTÕES, o CARTÃO-RESPOSTA/FOLHA DE REDAÇÃO.
9. Você poderá deixar o local de prova somente após decorridas duas horas do início da aplicação e poderá levar seu CADERNO DE QUESTÕES ao deixar em definitivo a sala de prova nos 30 minutos que antecedem o término das provas.
LINGUAGENS, CÓDIGOS E SUAS TECNOLOGIAS
Questões de 1 a 45
Questões de 1 a 5 (opção inglês)",NA,"Declaração das Nações Unidas sobre os Direitos dos Povos Indígenas
Os povos indígenas têm o direito de manter, controlar, proteger e desenvolver seu patrimônio cultural, seus conhecimentos do passado, suas expressões culturais e as manifestações de suas ciências, tecnologias e culturas, compreendidos os recursos humanos e genéticos, as sementes, os medicamentos, o conhecimento das propriedades da fauna e da flora, as transmissões orais, as literaturas, os desenhos, os esportes, os jogos e as artes visuais e interpretativas.
Os direitos reconhecidos no texto representam a","C","diversificação da economia de subsistência.",0,NA,NA,NA,NA,"Portuguese","E"
"enem_2025_1mil_ch","enem_2025_1mil_ch_1",149787,"ENEM 2025 - CH","Exame Nacional do Ensino Médio
ENEM 2025
Prova de Linguagens, Códigos e suas Tecnologias e Redação
Prova de Ciências Humanas e suas Tecnologias
1º dia
Caderno 9 – Laranja
INEP
Ministério da Educação
ATENÇÃO: transcreva no espaço apropriado do seu CARTÃO-RESPOSTA, com sua caligrafia usual, considerando as letras maiúsculas e minúsculas, a seguinte frase:
Cada pessoa deve trabalhar para o seu aperfeiçoamento
LEIA ATENTAMENTE AS INSTRUÇÕES SEGUINTES:
1. Este CADERNO DE QUESTÕES contém 90 questões numeradas de 1 a 90 e a Proposta de Redação, dispostas da seguinte maneira:
a) questões de número 1 a 45, relativas à área de Linguagens, Códigos e suas Tecnologias;
b) Proposta de Redação;
c) questões de número 46 a 90, relativas à área de Ciências Humanas e suas Tecnologias.
ATENÇÃO: as questões de 1 a 5 são relativas à língua estrangeira. Você deverá responder apenas às questões relativas à língua estrangeira (inglês ou espanhol) escolhida no ato de sua inscrição.
2. Confira se a quantidade e a ordem das questões do seu CADERNO DE QUESTÕES estão de acordo com as instruções anteriores. Caso o caderno esteja incompleto, tenha defeito ou apresente qualquer divergência, comunique ao aplicador da sala para que ele tome as providências cabíveis.
3. Para cada uma das questões objetivas, são apresentadas 5 opções. Apenas uma responde corretamente à questão.
4. O tempo disponível para estas provas é de cinco horas e trinta minutos.
5. Reserve tempo suficiente para preencher o CARTÃO-RESPOSTA e a FOLHA DE REDAÇÃO.
6. Os rascunhos e as marcações assinaladas no CADERNO DE QUESTÕES não serão considerados na avaliação.
7. Somente serão corrigidas as redações transcritas na FOLHA DE REDAÇÃO.
8. Quando terminar as provas, acene para chamar o aplicador e entregue este CADERNO DE QUESTÕES, o CARTÃO-RESPOSTA/FOLHA DE REDAÇÃO.
9. Você poderá deixar o local de prova somente após decorridas duas horas do início da aplicação e poderá levar seu CADERNO DE QUESTÕES ao deixar em definitivo a sala de prova nos 30 minutos que antecedem o término das provas.
LINGUAGENS, CÓDIGOS E SUAS TECNOLOGIAS
Questões de 1 a 45
Questões de 1 a 5 (opção inglês)",NA,"TEXTO 1
Bíblia - Êxodo 31, 2-5
Eu escolhi Bezalel e lhe dei competência e habilidade para fazer todo tipo de trabalho artístico; para fazer desenhos e trabalhar em ouro, prata e bronze; para lapidar e montar pedras preciosas; para entalhar madeira; e para fazer todo tipo de artesanato.
TEXTO 2
Bíblia - Atos 7, 22
Moisés foi educado em toda a sabedoria dos egípcios e veio a ser poderoso em palavras e obras.
TEXTO 3
Alcorão - Sura 102, 5
Se conhecêsseis a ciência certa, logo renunciarias à ostentação.
Escritos em temporalidades diferentes (Antiguidade e Idade Média), os textos sagrados aproximam-se ao mostrar o papel da ciência para o(a)","E","emergência das universidades e escolas confessionais.",0,NA,NA,NA,NA,"Portuguese","A"
"enem_2025_1mil_ch","enem_2025_1mil_ch_1",149787,"ENEM 2025 - CH","Exame Nacional do Ensino Médio
ENEM 2025
Prova de Linguagens, Códigos e suas Tecnologias e Redação
Prova de Ciências Humanas e suas Tecnologias
1º dia
Caderno 9 – Laranja
INEP
Ministério da Educação
ATENÇÃO: transcreva no espaço apropriado do seu CARTÃO-RESPOSTA, com sua caligrafia usual, considerando as letras maiúsculas e minúsculas, a seguinte frase:
Cada pessoa deve trabalhar para o seu aperfeiçoamento
LEIA ATENTAMENTE AS INSTRUÇÕES SEGUINTES:
1. Este CADERNO DE QUESTÕES contém 90 questões numeradas de 1 a 90 e a Proposta de Redação, dispostas da seguinte maneira:
a) questões de número 1 a 45, relativas à área de Linguagens, Códigos e suas Tecnologias;
b) Proposta de Redação;
c) questões de número 46 a 90, relativas à área de Ciências Humanas e suas Tecnologias.
ATENÇÃO: as questões de 1 a 5 são relativas à língua estrangeira. Você deverá responder apenas às questões relativas à língua estrangeira (inglês ou espanhol) escolhida no ato de sua inscrição.
2. Confira se a quantidade e a ordem das questões do seu CADERNO DE QUESTÕES estão de acordo com as instruções anteriores. Caso o caderno esteja incompleto, tenha defeito ou apresente qualquer divergência, comunique ao aplicador da sala para que ele tome as providências cabíveis.
3. Para cada uma das questões objetivas, são apresentadas 5 opções. Apenas uma responde corretamente à questão.
4. O tempo disponível para estas provas é de cinco horas e trinta minutos.
5. Reserve tempo suficiente para preencher o CARTÃO-RESPOSTA e a FOLHA DE REDAÇÃO.
6. Os rascunhos e as marcações assinaladas no CADERNO DE QUESTÕES não serão considerados na avaliação.
7. Somente serão corrigidas as redações transcritas na FOLHA DE REDAÇÃO.
8. Quando terminar as provas, acene para chamar o aplicador e entregue este CADERNO DE QUESTÕES, o CARTÃO-RESPOSTA/FOLHA DE REDAÇÃO.
9. Você poderá deixar o local de prova somente após decorridas duas horas do início da aplicação e poderá levar seu CADERNO DE QUESTÕES ao deixar em definitivo a sala de prova nos 30 minutos que antecedem o término das provas.
LINGUAGENS, CÓDIGOS E SUAS TECNOLOGIAS
Questões de 1 a 45
Questões de 1 a 5 (opção inglês)",NA,"TEXTO 1
Bíblia - Êxodo 31, 2-5
Eu escolhi Bezalel e lhe dei competência e habilidade para fazer todo tipo de trabalho artístico; para fazer desenhos e trabalhar em ouro, prata e bronze; para lapidar e montar pedras preciosas; para entalhar madeira; e para fazer todo tipo de artesanato.
TEXTO 2
Bíblia - Atos 7, 22
Moisés foi educado em toda a sabedoria dos egípcios e veio a ser poderoso em palavras e obras.
TEXTO 3
Alcorão - Sura 102, 5
Se conhecêsseis a ciência certa, logo renunciarias à ostentação.
Escritos em temporalidades diferentes (Antiguidade e Idade Média), os textos sagrados aproximam-se ao mostrar o papel da ciência para o(a)","E","crescimento religioso e movimentos sectários.",0,NA,NA,NA,NA,"Portuguese","B"
"enem_2025_1mil_ch","enem_2025_1mil_ch_1",149787,"ENEM 2025 - CH","Exame Nacional do Ensino Médio
ENEM 2025
Prova de Linguagens, Códigos e suas Tecnologias e Redação
Prova de Ciências Humanas e suas Tecnologias
1º dia
Caderno 9 – Laranja
INEP
Ministério da Educação
ATENÇÃO: transcreva no espaço apropriado do seu CARTÃO-RESPOSTA, com sua caligrafia usual, considerando as letras maiúsculas e minúsculas, a seguinte frase:
Cada pessoa deve trabalhar para o seu aperfeiçoamento
LEIA ATENTAMENTE AS INSTRUÇÕES SEGUINTES:
1. Este CADERNO DE QUESTÕES contém 90 questões numeradas de 1 a 90 e a Proposta de Redação, dispostas da seguinte maneira:
a) questões de número 1 a 45, relativas à área de Linguagens, Códigos e suas Tecnologias;
b) Proposta de Redação;
c) questões de número 46 a 90, relativas à área de Ciências Humanas e suas Tecnologias.
ATENÇÃO: as questões de 1 a 5 são relativas à língua estrangeira. Você deverá responder apenas às questões relativas à língua estrangeira (inglês ou espanhol) escolhida no ato de sua inscrição.
2. Confira se a quantidade e a ordem das questões do seu CADERNO DE QUESTÕES estão de acordo com as instruções anteriores. Caso o caderno esteja incompleto, tenha defeito ou apresente qualquer divergência, comunique ao aplicador da sala para que ele tome as providências cabíveis.
3. Para cada uma das questões objetivas, são apresentadas 5 opções. Apenas uma responde corretamente à questão.
4. O tempo disponível para estas provas é de cinco horas e trinta minutos.
5. Reserve tempo suficiente para preencher o CARTÃO-RESPOSTA e a FOLHA DE REDAÇÃO.
6. Os rascunhos e as marcações assinaladas no CADERNO DE QUESTÕES não serão considerados na avaliação.
7. Somente serão corrigidas as redações transcritas na FOLHA DE REDAÇÃO.
8. Quando terminar as provas, acene para chamar o aplicador e entregue este CADERNO DE QUESTÕES, o CARTÃO-RESPOSTA/FOLHA DE REDAÇÃO.
9. Você poderá deixar o local de prova somente após decorridas duas horas do início da aplicação e poderá levar seu CADERNO DE QUESTÕES ao deixar em definitivo a sala de prova nos 30 minutos que antecedem o término das provas.
LINGUAGENS, CÓDIGOS E SUAS TECNOLOGIAS
Questões de 1 a 45
Questões de 1 a 5 (opção inglês)",NA,"TEXTO 1
Bíblia - Êxodo 31, 2-5
Eu escolhi Bezalel e lhe dei competência e habilidade para fazer todo tipo de trabalho artístico; para fazer desenhos e trabalhar em ouro, prata e bronze; para lapidar e montar pedras preciosas; para entalhar madeira; e para fazer todo tipo de artesanato.
TEXTO 2
Bíblia - Atos 7, 22
Moisés foi educado em toda a sabedoria dos egípcios e veio a ser poderoso em palavras e obras.
TEXTO 3
Alcorão - Sura 102, 5
Se conhecêsseis a ciência certa, logo renunciarias à ostentação.
Escritos em temporalidades diferentes (Antiguidade e Idade Média), os textos sagrados aproximam-se ao mostrar o papel da ciência para o(a)","E","avanço da intolerância e rivalidades nacionais.",0,NA,NA,NA,NA,"Portuguese","C"
"enem_2025_1mil_ch","enem_2025_1mil_ch_1",149787,"ENEM 2025 - CH","Exame Nacional do Ensino Médio
ENEM 2025
Prova de Linguagens, Códigos e suas Tecnologias e Redação
Prova de Ciências Humanas e suas Tecnologias
1º dia
Caderno 9 – Laranja
INEP
Ministério da Educação
ATENÇÃO: transcreva no espaço apropriado do seu CARTÃO-RESPOSTA, com sua caligrafia usual, considerando as letras maiúsculas e minúsculas, a seguinte frase:
Cada pessoa deve trabalhar para o seu aperfeiçoamento
LEIA ATENTAMENTE AS INSTRUÇÕES SEGUINTES:
1. Este CADERNO DE QUESTÕES contém 90 questões numeradas de 1 a 90 e a Proposta de Redação, dispostas da seguinte maneira:
a) questões de número 1 a 45, relativas à área de Linguagens, Códigos e suas Tecnologias;
b) Proposta de Redação;
c) questões de número 46 a 90, relativas à área de Ciências Humanas e suas Tecnologias.
ATENÇÃO: as questões de 1 a 5 são relativas à língua estrangeira. Você deverá responder apenas às questões relativas à língua estrangeira (inglês ou espanhol) escolhida no ato de sua inscrição.
2. Confira se a quantidade e a ordem das questões do seu CADERNO DE QUESTÕES estão de acordo com as instruções anteriores. Caso o caderno esteja incompleto, tenha defeito ou apresente qualquer divergência, comunique ao aplicador da sala para que ele tome as providências cabíveis.
3. Para cada uma das questões objetivas, são apresentadas 5 opções. Apenas uma responde corretamente à questão.
4. O tempo disponível para estas provas é de cinco horas e trinta minutos.
5. Reserve tempo suficiente para preencher o CARTÃO-RESPOSTA e a FOLHA DE REDAÇÃO.
6. Os rascunhos e as marcações assinaladas no CADERNO DE QUESTÕES não serão considerados na avaliação.
7. Somente serão corrigidas as redações transcritas na FOLHA DE REDAÇÃO.
8. Quando terminar as provas, acene para chamar o aplicador e entregue este CADERNO DE QUESTÕES, o CARTÃO-RESPOSTA/FOLHA DE REDAÇÃO.
9. Você poderá deixar o local de prova somente após decorridas duas horas do início da aplicação e poderá levar seu CADERNO DE QUESTÕES ao deixar em definitivo a sala de prova nos 30 minutos que antecedem o término das provas.
LINGUAGENS, CÓDIGOS E SUAS TECNOLOGIAS
Questões de 1 a 45
Questões de 1 a 5 (opção inglês)",NA,"TEXTO 1
Bíblia - Êxodo 31, 2-5
Eu escolhi Bezalel e lhe dei competência e habilidade para fazer todo tipo de trabalho artístico; para fazer desenhos e trabalhar em ouro, prata e bronze; para lapidar e montar pedras preciosas; para entalhar madeira; e para fazer todo tipo de artesanato.
TEXTO 2
Bíblia - Atos 7, 22
Moisés foi educado em toda a sabedoria dos egípcios e veio a ser poderoso em palavras e obras.
TEXTO 3
Alcorão - Sura 102, 5
Se conhecêsseis a ciência certa, logo renunciarias à ostentação.
Escritos em temporalidades diferentes (Antiguidade e Idade Média), os textos sagrados aproximam-se ao mostrar o papel da ciência para o(a)","E","preservação das tradições e rituais místicos.",0,NA,NA,NA,NA,"Portuguese","D"
"enem_2025_1mil_ch","enem_2025_1mil_ch_1",149787,"ENEM 2025 - CH","Exame Nacional do Ensino Médio
ENEM 2025
Prova de Linguagens, Códigos e suas Tecnologias e Redação
Prova de Ciências Humanas e suas Tecnologias
1º dia
Caderno 9 – Laranja
INEP
Ministério da Educação
ATENÇÃO: transcreva no espaço apropriado do seu CARTÃO-RESPOSTA, com sua caligrafia usual, considerando as letras maiúsculas e minúsculas, a seguinte frase:
Cada pessoa deve trabalhar para o seu aperfeiçoamento
LEIA ATENTAMENTE AS INSTRUÇÕES SEGUINTES:
1. Este CADERNO DE QUESTÕES contém 90 questões numeradas de 1 a 90 e a Proposta de Redação, dispostas da seguinte maneira:
a) questões de número 1 a 45, relativas à área de Linguagens, Códigos e suas Tecnologias;
b) Proposta de Redação;
c) questões de número 46 a 90, relativas à área de Ciências Humanas e suas Tecnologias.
ATENÇÃO: as questões de 1 a 5 são relativas à língua estrangeira. Você deverá responder apenas às questões relativas à língua estrangeira (inglês ou espanhol) escolhida no ato de sua inscrição.
2. Confira se a quantidade e a ordem das questões do seu CADERNO DE QUESTÕES estão de acordo com as instruções anteriores. Caso o caderno esteja incompleto, tenha defeito ou apresente qualquer divergência, comunique ao aplicador da sala para que ele tome as providências cabíveis.
3. Para cada uma das questões objetivas, são apresentadas 5 opções. Apenas uma responde corretamente à questão.
4. O tempo disponível para estas provas é de cinco horas e trinta minutos.
5. Reserve tempo suficiente para preencher o CARTÃO-RESPOSTA e a FOLHA DE REDAÇÃO.
6. Os rascunhos e as marcações assinaladas no CADERNO DE QUESTÕES não serão considerados na avaliação.
7. Somente serão corrigidas as redações transcritas na FOLHA DE REDAÇÃO.
8. Quando terminar as provas, acene para chamar o aplicador e entregue este CADERNO DE QUESTÕES, o CARTÃO-RESPOSTA/FOLHA DE REDAÇÃO.
9. Você poderá deixar o local de prova somente após decorridas duas horas do início da aplicação e poderá levar seu CADERNO DE QUESTÕES ao deixar em definitivo a sala de prova nos 30 minutos que antecedem o término das provas.
LINGUAGENS, CÓDIGOS E SUAS TECNOLOGIAS
Questões de 1 a 45
Questões de 1 a 5 (opção inglês)",NA,"TEXTO 1
Bíblia - Êxodo 31, 2-5
Eu escolhi Bezalel e lhe dei competência e habilidade para fazer todo tipo de trabalho artístico; para fazer desenhos e trabalhar em ouro, prata e bronze; para lapidar e montar pedras preciosas; para entalhar madeira; e para fazer todo tipo de artesanato.
TEXTO 2
Bíblia - Atos 7, 22
Moisés foi educado em toda a sabedoria dos egípcios e veio a ser poderoso em palavras e obras.
TEXTO 3
Alcorão - Sura 102, 5
Se conhecêsseis a ciência certa, logo renunciarias à ostentação.
Escritos em temporalidades diferentes (Antiguidade e Idade Média), os textos sagrados aproximam-se ao mostrar o papel da ciência para o(a)","E","desenvolvimento social e práticas laborais.",1,NA,NA,NA,NA,"Portuguese","E"
"enem_2025_1mil_ch","enem_2025_1mil_ch_1",140432,"ENEM 2025 - CH","Exame Nacional do Ensino Médio
ENEM 2025
Prova de Linguagens, Códigos e suas Tecnologias e Redação
Prova de Ciências Humanas e suas Tecnologias
1º dia
Caderno 9 – Laranja
INEP
Ministério da Educação
ATENÇÃO: transcreva no espaço apropriado do seu CARTÃO-RESPOSTA, com sua caligrafia usual, considerando as letras maiúsculas e minúsculas, a seguinte frase:
Cada pessoa deve trabalhar para o seu aperfeiçoamento
LEIA ATENTAMENTE AS INSTRUÇÕES SEGUINTES:
1. Este CADERNO DE QUESTÕES contém 90 questões numeradas de 1 a 90 e a Proposta de Redação, dispostas da seguinte maneira:
a) questões de número 1 a 45, relativas à área de Linguagens, Códigos e suas Tecnologias;
b) Proposta de Redação;
c) questões de número 46 a 90, relativas à área de Ciências Humanas e suas Tecnologias.
ATENÇÃO: as questões de 1 a 5 são relativas à língua estrangeira. Você deverá responder apenas às questões relativas à língua estrangeira (inglês ou espanhol) escolhida no ato de sua inscrição.
2. Confira se a quantidade e a ordem das questões do seu CADERNO DE QUESTÕES estão de acordo com as instruções anteriores. Caso o caderno esteja incompleto, tenha defeito ou apresente qualquer divergência, comunique ao aplicador da sala para que ele tome as providências cabíveis.
3. Para cada uma das questões objetivas, são apresentadas 5 opções. Apenas uma responde corretamente à questão.
4. O tempo disponível para estas provas é de cinco horas e trinta minutos.
5. Reserve tempo suficiente para preencher o CARTÃO-RESPOSTA e a FOLHA DE REDAÇÃO.
6. Os rascunhos e as marcações assinaladas no CADERNO DE QUESTÕES não serão considerados na avaliação.
7. Somente serão corrigidas as redações transcritas na FOLHA DE REDAÇÃO.
8. Quando terminar as provas, acene para chamar o aplicador e entregue este CADERNO DE QUESTÕES, o CARTÃO-RESPOSTA/FOLHA DE REDAÇÃO.
9. Você poderá deixar o local de prova somente após decorridas duas horas do início da aplicação e poderá levar seu CADERNO DE QUESTÕES ao deixar em definitivo a sala de prova nos 30 minutos que antecedem o término das provas.
LINGUAGENS, CÓDIGOS E SUAS TECNOLOGIAS
Questões de 1 a 45
Questões de 1 a 5 (opção inglês)",NA,"Em 1914, uma expedição estudantil saiu da Rússia em direção à América do Sul, sendo considerada a segunda campanha científica da Rússia no continente depois da longa viagem do barão Langsdorff pelo interior do Brasil na primeira metade do século 19. O empreendimento foi enviado pelo Museu de Antropologia e Etnografia de São Petersburgo e integrado por cinco jovens cientistas, sendo dois zoólogos, dois etnógrafos e um antropólogo, cujo objetivo era a coleta de material de valor biológico e etnográfico para compor coleções nas instituições que participaram de seu financiamento. A expedição passou por países como Brasil, Paraguai e Argentina, resultando em amplo material manuscrito e algumas publicações, além dos objetos coletados.
Além do significado científico, o evento mencionado conectava-se a um projeto nacionalista de caráter","A","imperialista e colonizador.",1,NA,NA,NA,NA,"Portuguese","A"
"enem_2025_1mil_ch","enem_2025_1mil_ch_1",140432,"ENEM 2025 - CH","Exame Nacional do Ensino Médio
ENEM 2025
Prova de Linguagens, Códigos e suas Tecnologias e Redação
Prova de Ciências Humanas e suas Tecnologias
1º dia
Caderno 9 – Laranja
INEP
Ministério da Educação
ATENÇÃO: transcreva no espaço apropriado do seu CARTÃO-RESPOSTA, com sua caligrafia usual, considerando as letras maiúsculas e minúsculas, a seguinte frase:
Cada pessoa deve trabalhar para o seu aperfeiçoamento
LEIA ATENTAMENTE AS INSTRUÇÕES SEGUINTES:
1. Este CADERNO DE QUESTÕES contém 90 questões numeradas de 1 a 90 e a Proposta de Redação, dispostas da seguinte maneira:
a) questões de número 1 a 45, relativas à área de Linguagens, Códigos e suas Tecnologias;
b) Proposta de Redação;
c) questões de número 46 a 90, relativas à área de Ciências Humanas e suas Tecnologias.
ATENÇÃO: as questões de 1 a 5 são relativas à língua estrangeira. Você deverá responder apenas às questões relativas à língua estrangeira (inglês ou espanhol) escolhida no ato de sua inscrição.
2. Confira se a quantidade e a ordem das questões do seu CADERNO DE QUESTÕES estão de acordo com as instruções anteriores. Caso o caderno esteja incompleto, tenha defeito ou apresente qualquer divergência, comunique ao aplicador da sala para que ele tome as providências cabíveis.
3. Para cada uma das questões objetivas, são apresentadas 5 opções. Apenas uma responde corretamente à questão.
4. O tempo disponível para estas provas é de cinco horas e trinta minutos.
5. Reserve tempo suficiente para preencher o CARTÃO-RESPOSTA e a FOLHA DE REDAÇÃO.
6. Os rascunhos e as marcações assinaladas no CADERNO DE QUESTÕES não serão considerados na avaliação.
7. Somente serão corrigidas as redações transcritas na FOLHA DE REDAÇÃO.
8. Quando terminar as provas, acene para chamar o aplicador e entregue este CADERNO DE QUESTÕES, o CARTÃO-RESPOSTA/FOLHA DE REDAÇÃO.
9. Você poderá deixar o local de prova somente após decorridas duas horas do início da aplicação e poderá levar seu CADERNO DE QUESTÕES ao deixar em definitivo a sala de prova nos 30 minutos que antecedem o término das provas.
LINGUAGENS, CÓDIGOS E SUAS TECNOLOGIAS
Questões de 1 a 45
Questões de 1 a 5 (opção inglês)",NA,"Em 1914, uma expedição estudantil saiu da Rússia em direção à América do Sul, sendo considerada a segunda campanha científica da Rússia no continente depois da longa viagem do barão Langsdorff pelo interior do Brasil na primeira metade do século 19. O empreendimento foi enviado pelo Museu de Antropologia e Etnografia de São Petersburgo e integrado por cinco jovens cientistas, sendo dois zoólogos, dois etnógrafos e um antropólogo, cujo objetivo era a coleta de material de valor biológico e etnográfico para compor coleções nas instituições que participaram de seu financiamento. A expedição passou por países como Brasil, Paraguai e Argentina, resultando em amplo material manuscrito e algumas publicações, além dos objetos coletados.
Além do significado científico, o evento mencionado conectava-se a um projeto nacionalista de caráter","A","militar e disciplinador.",0,NA,NA,NA,NA,"Portuguese","B"
"enem_2025_1mil_ch","enem_2025_1mil_ch_1",140432,"ENEM 2025 - CH","Exame Nacional do Ensino Médio
ENEM 2025
Prova de Linguagens, Códigos e suas Tecnologias e Redação
Prova de Ciências Humanas e suas Tecnologias
1º dia
Caderno 9 – Laranja
INEP
Ministério da Educação
ATENÇÃO: transcreva no espaço apropriado do seu CARTÃO-RESPOSTA, com sua caligrafia usual, considerando as letras maiúsculas e minúsculas, a seguinte frase:
Cada pessoa deve trabalhar para o seu aperfeiçoamento
LEIA ATENTAMENTE AS INSTRUÇÕES SEGUINTES:
1. Este CADERNO DE QUESTÕES contém 90 questões numeradas de 1 a 90 e a Proposta de Redação, dispostas da seguinte maneira:
a) questões de número 1 a 45, relativas à área de Linguagens, Códigos e suas Tecnologias;
b) Proposta de Redação;
c) questões de número 46 a 90, relativas à área de Ciências Humanas e suas Tecnologias.
ATENÇÃO: as questões de 1 a 5 são relativas à língua estrangeira. Você deverá responder apenas às questões relativas à língua estrangeira (inglês ou espanhol) escolhida no ato de sua inscrição.
2. Confira se a quantidade e a ordem das questões do seu CADERNO DE QUESTÕES estão de acordo com as instruções anteriores. Caso o caderno esteja incompleto, tenha defeito ou apresente qualquer divergência, comunique ao aplicador da sala para que ele tome as providências cabíveis.
3. Para cada uma das questões objetivas, são apresentadas 5 opções. Apenas uma responde corretamente à questão.
4. O tempo disponível para estas provas é de cinco horas e trinta minutos.
5. Reserve tempo suficiente para preencher o CARTÃO-RESPOSTA e a FOLHA DE REDAÇÃO.
6. Os rascunhos e as marcações assinaladas no CADERNO DE QUESTÕES não serão considerados na avaliação.
7. Somente serão corrigidas as redações transcritas na FOLHA DE REDAÇÃO.
8. Quando terminar as provas, acene para chamar o aplicador e entregue este CADERNO DE QUESTÕES, o CARTÃO-RESPOSTA/FOLHA DE REDAÇÃO.
9. Você poderá deixar o local de prova somente após decorridas duas horas do início da aplicação e poderá levar seu CADERNO DE QUESTÕES ao deixar em definitivo a sala de prova nos 30 minutos que antecedem o término das provas.
LINGUAGENS, CÓDIGOS E SUAS TECNOLOGIAS
Questões de 1 a 45
Questões de 1 a 5 (opção inglês)",NA,"Em 1914, uma expedição estudantil saiu da Rússia em direção à América do Sul, sendo considerada a segunda campanha científica da Rússia no continente depois da longa viagem do barão Langsdorff pelo interior do Brasil na primeira metade do século 19. O empreendimento foi enviado pelo Museu de Antropologia e Etnografia de São Petersburgo e integrado por cinco jovens cientistas, sendo dois zoólogos, dois etnógrafos e um antropólogo, cujo objetivo era a coleta de material de valor biológico e etnográfico para compor coleções nas instituições que participaram de seu financiamento. A expedição passou por países como Brasil, Paraguai e Argentina, resultando em amplo material manuscrito e algumas publicações, além dos objetos coletados.
Além do significado científico, o evento mencionado conectava-se a um projeto nacionalista de caráter","A","lúdico e filantrópico.",0,NA,NA,NA,NA,"Portuguese","C"
"enem_2025_1mil_ch","enem_2025_1mil_ch_1",140432,"ENEM 2025 - CH","Exame Nacional do Ensino Médio
ENEM 2025
Prova de Linguagens, Códigos e suas Tecnologias e Redação
Prova de Ciências Humanas e suas Tecnologias
1º dia
Caderno 9 – Laranja
INEP
Ministério da Educação
ATENÇÃO: transcreva no espaço apropriado do seu CARTÃO-RESPOSTA, com sua caligrafia usual, considerando as letras maiúsculas e minúsculas, a seguinte frase:
Cada pessoa deve trabalhar para o seu aperfeiçoamento
LEIA ATENTAMENTE AS INSTRUÇÕES SEGUINTES:
1. Este CADERNO DE QUESTÕES contém 90 questões numeradas de 1 a 90 e a Proposta de Redação, dispostas da seguinte maneira:
a) questões de número 1 a 45, relativas à área de Linguagens, Códigos e suas Tecnologias;
b) Proposta de Redação;
c) questões de número 46 a 90, relativas à área de Ciências Humanas e suas Tecnologias.
ATENÇÃO: as questões de 1 a 5 são relativas à língua estrangeira. Você deverá responder apenas às questões relativas à língua estrangeira (inglês ou espanhol) escolhida no ato de sua inscrição.
2. Confira se a quantidade e a ordem das questões do seu CADERNO DE QUESTÕES estão de acordo com as instruções anteriores. Caso o caderno esteja incompleto, tenha defeito ou apresente qualquer divergência, comunique ao aplicador da sala para que ele tome as providências cabíveis.
3. Para cada uma das questões objetivas, são apresentadas 5 opções. Apenas uma responde corretamente à questão.
4. O tempo disponível para estas provas é de cinco horas e trinta minutos.
5. Reserve tempo suficiente para preencher o CARTÃO-RESPOSTA e a FOLHA DE REDAÇÃO.
6. Os rascunhos e as marcações assinaladas no CADERNO DE QUESTÕES não serão considerados na avaliação.
7. Somente serão corrigidas as redações transcritas na FOLHA DE REDAÇÃO.
8. Quando terminar as provas, acene para chamar o aplicador e entregue este CADERNO DE QUESTÕES, o CARTÃO-RESPOSTA/FOLHA DE REDAÇÃO.
9. Você poderá deixar o local de prova somente após decorridas duas horas do início da aplicação e poderá levar seu CADERNO DE QUESTÕES ao deixar em definitivo a sala de prova nos 30 minutos que antecedem o término das provas.
LINGUAGENS, CÓDIGOS E SUAS TECNOLOGIAS
Questões de 1 a 45
Questões de 1 a 5 (opção inglês)",NA,"Em 1914, uma expedição estudantil saiu da Rússia em direção à América do Sul, sendo considerada a segunda campanha científica da Rússia no continente depois da longa viagem do barão Langsdorff pelo interior do Brasil na primeira metade do século 19. O empreendimento foi enviado pelo Museu de Antropologia e Etnografia de São Petersburgo e integrado por cinco jovens cientistas, sendo dois zoólogos, dois etnógrafos e um antropólogo, cujo objetivo era a coleta de material de valor biológico e etnográfico para compor coleções nas instituições que participaram de seu financiamento. A expedição passou por países como Brasil, Paraguai e Argentina, resultando em amplo material manuscrito e algumas publicações, além dos objetos coletados.
Além do significado científico, o evento mencionado conectava-se a um projeto nacionalista de caráter","A","mercantil e predatório.",0,NA,NA,NA,NA,"Portuguese","D"
"enem_2025_1mil_ch","enem_2025_1mil_ch_1",140432,"ENEM 2025 - CH","Exame Nacional do Ensino Médio
ENEM 2025
Prova de Linguagens, Códigos e suas Tecnologias e Redação
Prova de Ciências Humanas e suas Tecnologias
1º dia
Caderno 9 – Laranja
INEP
Ministério da Educação
ATENÇÃO: transcreva no espaço apropriado do seu CARTÃO-RESPOSTA, com sua caligrafia usual, considerando as letras maiúsculas e minúsculas, a seguinte frase:
Cada pessoa deve trabalhar para o seu aperfeiçoamento
LEIA ATENTAMENTE AS INSTRUÇÕES SEGUINTES:
1. Este CADERNO DE QUESTÕES contém 90 questões numeradas de 1 a 90 e a Proposta de Redação, dispostas da seguinte maneira:
a) questões de número 1 a 45, relativas à área de Linguagens, Códigos e suas Tecnologias;
b) Proposta de Redação;
c) questões de número 46 a 90, relativas à área de Ciências Humanas e suas Tecnologias.
ATENÇÃO: as questões de 1 a 5 são relativas à língua estrangeira. Você deverá responder apenas às questões relativas à língua estrangeira (inglês ou espanhol) escolhida no ato de sua inscrição.
2. Confira se a quantidade e a ordem das questões do seu CADERNO DE QUESTÕES estão de acordo com as instruções anteriores. Caso o caderno esteja incompleto, tenha defeito ou apresente qualquer divergência, comunique ao aplicador da sala para que ele tome as providências cabíveis.
3. Para cada uma das questões objetivas, são apresentadas 5 opções. Apenas uma responde corretamente à questão.
4. O tempo disponível para estas provas é de cinco horas e trinta minutos.
5. Reserve tempo suficiente para preencher o CARTÃO-RESPOSTA e a FOLHA DE REDAÇÃO.
6. Os rascunhos e as marcações assinaladas no CADERNO DE QUESTÕES não serão considerados na avaliação.
7. Somente serão corrigidas as redações transcritas na FOLHA DE REDAÇÃO.
8. Quando terminar as provas, acene para chamar o aplicador e entregue este CADERNO DE QUESTÕES, o CARTÃO-RESPOSTA/FOLHA DE REDAÇÃO.
9. Você poderá deixar o local de prova somente após decorridas duas horas do início da aplicação e poderá levar seu CADERNO DE QUESTÕES ao deixar em definitivo a sala de prova nos 30 minutos que antecedem o término das provas.
LINGUAGENS, CÓDIGOS E SUAS TECNOLOGIAS
Questões de 1 a 45
Questões de 1 a 5 (opção inglês)",NA,"Em 1914, uma expedição estudantil saiu da Rússia em direção à América do Sul, sendo considerada a segunda campanha científica da Rússia no continente depois da longa viagem do barão Langsdorff pelo interior do Brasil na primeira metade do século 19. O empreendimento foi enviado pelo Museu de Antropologia e Etnografia de São Petersburgo e integrado por cinco jovens cientistas, sendo dois zoólogos, dois etnógrafos e um antropólogo, cujo objetivo era a coleta de material de valor biológico e etnográfico para compor coleções nas instituições que participaram de seu financiamento. A expedição passou por países como Brasil, Paraguai e Argentina, resultando em amplo material manuscrito e algumas publicações, além dos objetos coletados.
Além do significado científico, o evento mencionado conectava-se a um projeto nacionalista de caráter","A","religioso e humanitário.",0,NA,NA,NA,NA,"Portuguese","E"
"enem_2025_1mil_ch","enem_2025_1mil_ch_1",140932,"ENEM 2025 - CH","Exame Nacional do Ensino Médio
ENEM 2025
Prova de Linguagens, Códigos e suas Tecnologias e Redação
Prova de Ciências Humanas e suas Tecnologias
1º dia
Caderno 9 – Laranja
INEP
Ministério da Educação
ATENÇÃO: transcreva no espaço apropriado do seu CARTÃO-RESPOSTA, com sua caligrafia usual, considerando as letras maiúsculas e minúsculas, a seguinte frase:
Cada pessoa deve trabalhar para o seu aperfeiçoamento
LEIA ATENTAMENTE AS INSTRUÇÕES SEGUINTES:
1. Este CADERNO DE QUESTÕES contém 90 questões numeradas de 1 a 90 e a Proposta de Redação, dispostas da seguinte maneira:
a) questões de número 1 a 45, relativas à área de Linguagens, Códigos e suas Tecnologias;
b) Proposta de Redação;
c) questões de número 46 a 90, relativas à área de Ciências Humanas e suas Tecnologias.
ATENÇÃO: as questões de 1 a 5 são relativas à língua estrangeira. Você deverá responder apenas às questões relativas à língua estrangeira (inglês ou espanhol) escolhida no ato de sua inscrição.
2. Confira se a quantidade e a ordem das questões do seu CADERNO DE QUESTÕES estão de acordo com as instruções anteriores. Caso o caderno esteja incompleto, tenha defeito ou apresente qualquer divergência, comunique ao aplicador da sala para que ele tome as providências cabíveis.
3. Para cada uma das questões objetivas, são apresentadas 5 opções. Apenas uma responde corretamente à questão.
4. O tempo disponível para estas provas é de cinco horas e trinta minutos.
5. Reserve tempo suficiente para preencher o CARTÃO-RESPOSTA e a FOLHA DE REDAÇÃO.
6. Os rascunhos e as marcações assinaladas no CADERNO DE QUESTÕES não serão considerados na avaliação.
7. Somente serão corrigidas as redações transcritas na FOLHA DE REDAÇÃO.
8. Quando terminar as provas, acene para chamar o aplicador e entregue este CADERNO DE QUESTÕES, o CARTÃO-RESPOSTA/FOLHA DE REDAÇÃO.
9. Você poderá deixar o local de prova somente após decorridas duas horas do início da aplicação e poderá levar seu CADERNO DE QUESTÕES ao deixar em definitivo a sala de prova nos 30 minutos que antecedem o término das provas.
LINGUAGENS, CÓDIGOS E SUAS TECNOLOGIAS
Questões de 1 a 45
Questões de 1 a 5 (opção inglês)",NA,"Violência de gênero, poder e impotência
Heleieth Saffioti e Suely Souza de Almeida
Em decorrência da naturalização da inferioridade social da mulher e da concepção de justiça do Estado, baseada na igualdade abstratamente concebida, torna-se possível convencer o Estado burguês a conceber e implementar políticas públicas cujo conteúdo se define pela discriminação positiva de mulheres, embora isso aparentemente seja paradoxal.
No contexto atual, qual medida atende ao tipo de política pública abordada no texto?","E","Ampliação do sufrágio universal.",0,NA,NA,NA,NA,"Portuguese","A"
"enem_2025_1mil_ch","enem_2025_1mil_ch_1",140932,"ENEM 2025 - CH","Exame Nacional do Ensino Médio
ENEM 2025
Prova de Linguagens, Códigos e suas Tecnologias e Redação
Prova de Ciências Humanas e suas Tecnologias
1º dia
Caderno 9 – Laranja
INEP
Ministério da Educação
ATENÇÃO: transcreva no espaço apropriado do seu CARTÃO-RESPOSTA, com sua caligrafia usual, considerando as letras maiúsculas e minúsculas, a seguinte frase:
Cada pessoa deve trabalhar para o seu aperfeiçoamento
LEIA ATENTAMENTE AS INSTRUÇÕES SEGUINTES:
1. Este CADERNO DE QUESTÕES contém 90 questões numeradas de 1 a 90 e a Proposta de Redação, dispostas da seguinte maneira:
a) questões de número 1 a 45, relativas à área de Linguagens, Códigos e suas Tecnologias;
b) Proposta de Redação;
c) questões de número 46 a 90, relativas à área de Ciências Humanas e suas Tecnologias.
ATENÇÃO: as questões de 1 a 5 são relativas à língua estrangeira. Você deverá responder apenas às questões relativas à língua estrangeira (inglês ou espanhol) escolhida no ato de sua inscrição.
2. Confira se a quantidade e a ordem das questões do seu CADERNO DE QUESTÕES estão de acordo com as instruções anteriores. Caso o caderno esteja incompleto, tenha defeito ou apresente qualquer divergência, comunique ao aplicador da sala para que ele tome as providências cabíveis.
3. Para cada uma das questões objetivas, são apresentadas 5 opções. Apenas uma responde corretamente à questão.
4. O tempo disponível para estas provas é de cinco horas e trinta minutos.
5. Reserve tempo suficiente para preencher o CARTÃO-RESPOSTA e a FOLHA DE REDAÇÃO.
6. Os rascunhos e as marcações assinaladas no CADERNO DE QUESTÕES não serão considerados na avaliação.
7. Somente serão corrigidas as redações transcritas na FOLHA DE REDAÇÃO.
8. Quando terminar as provas, acene para chamar o aplicador e entregue este CADERNO DE QUESTÕES, o CARTÃO-RESPOSTA/FOLHA DE REDAÇÃO.
9. Você poderá deixar o local de prova somente após decorridas duas horas do início da aplicação e poderá levar seu CADERNO DE QUESTÕES ao deixar em definitivo a sala de prova nos 30 minutos que antecedem o término das provas.
LINGUAGENS, CÓDIGOS E SUAS TECNOLOGIAS
Questões de 1 a 45
Questões de 1 a 5 (opção inglês)",NA,"Violência de gênero, poder e impotência
Heleieth Saffioti e Suely Souza de Almeida
Em decorrência da naturalização da inferioridade social da mulher e da concepção de justiça do Estado, baseada na igualdade abstratamente concebida, torna-se possível convencer o Estado burguês a conceber e implementar políticas públicas cujo conteúdo se define pela discriminação positiva de mulheres, embora isso aparentemente seja paradoxal.
No contexto atual, qual medida atende ao tipo de política pública abordada no texto?","E","Diminuição da jornada de trabalho.",0,NA,NA,NA,NA,"Portuguese","B"
"enem_2025_1mil_ch","enem_2025_1mil_ch_1",140932,"ENEM 2025 - CH","Exame Nacional do Ensino Médio
ENEM 2025
Prova de Linguagens, Códigos e suas Tecnologias e Redação
Prova de Ciências Humanas e suas Tecnologias
1º dia
Caderno 9 – Laranja
INEP
Ministério da Educação
ATENÇÃO: transcreva no espaço apropriado do seu CARTÃO-RESPOSTA, com sua caligrafia usual, considerando as letras maiúsculas e minúsculas, a seguinte frase:
Cada pessoa deve trabalhar para o seu aperfeiçoamento
LEIA ATENTAMENTE AS INSTRUÇÕES SEGUINTES:
1. Este CADERNO DE QUESTÕES contém 90 questões numeradas de 1 a 90 e a Proposta de Redação, dispostas da seguinte maneira:
a) questões de número 1 a 45, relativas à área de Linguagens, Códigos e suas Tecnologias;
b) Proposta de Redação;
c) questões de número 46 a 90, relativas à área de Ciências Humanas e suas Tecnologias.
ATENÇÃO: as questões de 1 a 5 são relativas à língua estrangeira. Você deverá responder apenas às questões relativas à língua estrangeira (inglês ou espanhol) escolhida no ato de sua inscrição.
2. Confira se a quantidade e a ordem das questões do seu CADERNO DE QUESTÕES estão de acordo com as instruções anteriores. Caso o caderno esteja incompleto, tenha defeito ou apresente qualquer divergência, comunique ao aplicador da sala para que ele tome as providências cabíveis.
3. Para cada uma das questões objetivas, são apresentadas 5 opções. Apenas uma responde corretamente à questão.
4. O tempo disponível para estas provas é de cinco horas e trinta minutos.
5. Reserve tempo suficiente para preencher o CARTÃO-RESPOSTA e a FOLHA DE REDAÇÃO.
6. Os rascunhos e as marcações assinaladas no CADERNO DE QUESTÕES não serão considerados na avaliação.
7. Somente serão corrigidas as redações transcritas na FOLHA DE REDAÇÃO.
8. Quando terminar as provas, acene para chamar o aplicador e entregue este CADERNO DE QUESTÕES, o CARTÃO-RESPOSTA/FOLHA DE REDAÇÃO.
9. Você poderá deixar o local de prova somente após decorridas duas horas do início da aplicação e poderá levar seu CADERNO DE QUESTÕES ao deixar em definitivo a sala de prova nos 30 minutos que antecedem o término das provas.
LINGUAGENS, CÓDIGOS E SUAS TECNOLOGIAS
Questões de 1 a 45
Questões de 1 a 5 (opção inglês)",NA,"Violência de gênero, poder e impotência
Heleieth Saffioti e Suely Souza de Almeida
Em decorrência da naturalização da inferioridade social da mulher e da concepção de justiça do Estado, baseada na igualdade abstratamente concebida, torna-se possível convencer o Estado burguês a conceber e implementar políticas públicas cujo conteúdo se define pela discriminação positiva de mulheres, embora isso aparentemente seja paradoxal.
No contexto atual, qual medida atende ao tipo de política pública abordada no texto?","E","Extinção do crime de feminicídio.",0,NA,NA,NA,NA,"Portuguese","C"
"enem_2025_1mil_ch","enem_2025_1mil_ch_1",140932,"ENEM 2025 - CH","Exame Nacional do Ensino Médio
ENEM 2025
Prova de Linguagens, Códigos e suas Tecnologias e Redação
Prova de Ciências Humanas e suas Tecnologias
1º dia
Caderno 9 – Laranja
INEP
Ministério da Educação
ATENÇÃO: transcreva no espaço apropriado do seu CARTÃO-RESPOSTA, com sua caligrafia usual, considerando as letras maiúsculas e minúsculas, a seguinte frase:
Cada pessoa deve trabalhar para o seu aperfeiçoamento
LEIA ATENTAMENTE AS INSTRUÇÕES SEGUINTES:
1. Este CADERNO DE QUESTÕES contém 90 questões numeradas de 1 a 90 e a Proposta de Redação, dispostas da seguinte maneira:
a) questões de número 1 a 45, relativas à área de Linguagens, Códigos e suas Tecnologias;
b) Proposta de Redação;
c) questões de número 46 a 90, relativas à área de Ciências Humanas e suas Tecnologias.
ATENÇÃO: as questões de 1 a 5 são relativas à língua estrangeira. Você deverá responder apenas às questões relativas à língua estrangeira (inglês ou espanhol) escolhida no ato de sua inscrição.
2. Confira se a quantidade e a ordem das questões do seu CADERNO DE QUESTÕES estão de acordo com as instruções anteriores. Caso o caderno esteja incompleto, tenha defeito ou apresente qualquer divergência, comunique ao aplicador da sala para que ele tome as providências cabíveis.
3. Para cada uma das questões objetivas, são apresentadas 5 opções. Apenas uma responde corretamente à questão.
4. O tempo disponível para estas provas é de cinco horas e trinta minutos.
5. Reserve tempo suficiente para preencher o CARTÃO-RESPOSTA e a FOLHA DE REDAÇÃO.
6. Os rascunhos e as marcações assinaladas no CADERNO DE QUESTÕES não serão considerados na avaliação.
7. Somente serão corrigidas as redações transcritas na FOLHA DE REDAÇÃO.
8. Quando terminar as provas, acene para chamar o aplicador e entregue este CADERNO DE QUESTÕES, o CARTÃO-RESPOSTA/FOLHA DE REDAÇÃO.
9. Você poderá deixar o local de prova somente após decorridas duas horas do início da aplicação e poderá levar seu CADERNO DE QUESTÕES ao deixar em definitivo a sala de prova nos 30 minutos que antecedem o término das provas.
LINGUAGENS, CÓDIGOS E SUAS TECNOLOGIAS
Questões de 1 a 45
Questões de 1 a 5 (opção inglês)",NA,"Violência de gênero, poder e impotência
Heleieth Saffioti e Suely Souza de Almeida
Em decorrência da naturalização da inferioridade social da mulher e da concepção de justiça do Estado, baseada na igualdade abstratamente concebida, torna-se possível convencer o Estado burguês a conceber e implementar políticas públicas cujo conteúdo se define pela discriminação positiva de mulheres, embora isso aparentemente seja paradoxal.
No contexto atual, qual medida atende ao tipo de política pública abordada no texto?","E","Redução da licença-maternidade.",0,NA,NA,NA,NA,"Portuguese","D"
"enem_2025_1mil_ch","enem_2025_1mil_ch_1",140932,"ENEM 2025 - CH","Exame Nacional do Ensino Médio
ENEM 2025
Prova de Linguagens, Códigos e suas Tecnologias e Redação
Prova de Ciências Humanas e suas Tecnologias
1º dia
Caderno 9 – Laranja
INEP
Ministério da Educação
ATENÇÃO: transcreva no espaço apropriado do seu CARTÃO-RESPOSTA, com sua caligrafia usual, considerando as letras maiúsculas e minúsculas, a seguinte frase:
Cada pessoa deve trabalhar para o seu aperfeiçoamento
LEIA ATENTAMENTE AS INSTRUÇÕES SEGUINTES:
1. Este CADERNO DE QUESTÕES contém 90 questões numeradas de 1 a 90 e a Proposta de Redação, dispostas da seguinte maneira:
a) questões de número 1 a 45, relativas à área de Linguagens, Códigos e suas Tecnologias;
b) Proposta de Redação;
c) questões de número 46 a 90, relativas à área de Ciências Humanas e suas Tecnologias.
ATENÇÃO: as questões de 1 a 5 são relativas à língua estrangeira. Você deverá responder apenas às questões relativas à língua estrangeira (inglês ou espanhol) escolhida no ato de sua inscrição.
2. Confira se a quantidade e a ordem das questões do seu CADERNO DE QUESTÕES estão de acordo com as instruções anteriores. Caso o caderno esteja incompleto, tenha defeito ou apresente qualquer divergência, comunique ao aplicador da sala para que ele tome as providências cabíveis.
3. Para cada uma das questões objetivas, são apresentadas 5 opções. Apenas uma responde corretamente à questão.
4. O tempo disponível para estas provas é de cinco horas e trinta minutos.
5. Reserve tempo suficiente para preencher o CARTÃO-RESPOSTA e a FOLHA DE REDAÇÃO.
6. Os rascunhos e as marcações assinaladas no CADERNO DE QUESTÕES não serão considerados na avaliação.
7. Somente serão corrigidas as redações transcritas na FOLHA DE REDAÇÃO.
8. Quando terminar as provas, acene para chamar o aplicador e entregue este CADERNO DE QUESTÕES, o CARTÃO-RESPOSTA/FOLHA DE REDAÇÃO.
9. Você poderá deixar o local de prova somente após decorridas duas horas do início da aplicação e poderá levar seu CADERNO DE QUESTÕES ao deixar em definitivo a sala de prova nos 30 minutos que antecedem o término das provas.
LINGUAGENS, CÓDIGOS E SUAS TECNOLOGIAS
Questões de 1 a 45
Questões de 1 a 5 (opção inglês)",NA,"Violência de gênero, poder e impotência
Heleieth Saffioti e Suely Souza de Almeida
Em decorrência da naturalização da inferioridade social da mulher e da concepção de justiça do Estado, baseada na igualdade abstratamente concebida, torna-se possível convencer o Estado burguês a conceber e implementar políticas públicas cujo conteúdo se define pela discriminação positiva de mulheres, embora isso aparentemente seja paradoxal.
No contexto atual, qual medida atende ao tipo de política pública abordada no texto?","E","Criação de delegacia especializada.",1,NA,NA,NA,NA,"Portuguese","E"
"enem_2025_1mil_ch","enem_2025_1mil_ch_1",55581,"ENEM 2025 - CH","Exame Nacional do Ensino Médio
ENEM 2025
Prova de Linguagens, Códigos e suas Tecnologias e Redação
Prova de Ciências Humanas e suas Tecnologias
1º dia
Caderno 9 – Laranja
INEP
Ministério da Educação
ATENÇÃO: transcreva no espaço apropriado do seu CARTÃO-RESPOSTA, com sua caligrafia usual, considerando as letras maiúsculas e minúsculas, a seguinte frase:
Cada pessoa deve trabalhar para o seu aperfeiçoamento
LEIA ATENTAMENTE AS INSTRUÇÕES SEGUINTES:
1. Este CADERNO DE QUESTÕES contém 90 questões numeradas de 1 a 90 e a Proposta de Redação, dispostas da seguinte maneira:
a) questões de número 1 a 45, relativas à área de Linguagens, Códigos e suas Tecnologias;
b) Proposta de Redação;
c) questões de número 46 a 90, relativas à área de Ciências Humanas e suas Tecnologias.
ATENÇÃO: as questões de 1 a 5 são relativas à língua estrangeira. Você deverá responder apenas às questões relativas à língua estrangeira (inglês ou espanhol) escolhida no ato de sua inscrição.
2. Confira se a quantidade e a ordem das questões do seu CADERNO DE QUESTÕES estão de acordo com as instruções anteriores. Caso o caderno esteja incompleto, tenha defeito ou apresente qualquer divergência, comunique ao aplicador da sala para que ele tome as providências cabíveis.
3. Para cada uma das questões objetivas, são apresentadas 5 opções. Apenas uma responde corretamente à questão.
4. O tempo disponível para estas provas é de cinco horas e trinta minutos.
5. Reserve tempo suficiente para preencher o CARTÃO-RESPOSTA e a FOLHA DE REDAÇÃO.
6. Os rascunhos e as marcações assinaladas no CADERNO DE QUESTÕES não serão considerados na avaliação.
7. Somente serão corrigidas as redações transcritas na FOLHA DE REDAÇÃO.
8. Quando terminar as provas, acene para chamar o aplicador e entregue este CADERNO DE QUESTÕES, o CARTÃO-RESPOSTA/FOLHA DE REDAÇÃO.
9. Você poderá deixar o local de prova somente após decorridas duas horas do início da aplicação e poderá levar seu CADERNO DE QUESTÕES ao deixar em definitivo a sala de prova nos 30 minutos que antecedem o término das provas.
LINGUAGENS, CÓDIGOS E SUAS TECNOLOGIAS
Questões de 1 a 45
Questões de 1 a 5 (opção inglês)",NA,"Convite à filosofia
Marilena Chauí
A cidade justa é governada pelos filósofos, administrada pelos cientistas, protegida pelos guerreiros e mantida pelos produtores. Cada classe cumprirá sua função para o bem da pólis, racionalmente dirigida pelos filósofos. Em contrapartida, a cidade injusta é aquela onde o governo está nas mãos dos proprietários - que não pensam no bem comum da pólis e lutarão por interesses econômicos particulares.
O texto apresenta a estrutura de governo da cidade ideal pensada por Platão, que postula uma indissociabilidade entre","E","cognoscência e relação intersubjetiva.",0,NA,NA,NA,NA,"Portuguese","A"
"enem_2025_1mil_ch","enem_2025_1mil_ch_1",55581,"ENEM 2025 - CH","Exame Nacional do Ensino Médio
ENEM 2025
Prova de Linguagens, Códigos e suas Tecnologias e Redação
Prova de Ciências Humanas e suas Tecnologias
1º dia
Caderno 9 – Laranja
INEP
Ministério da Educação
ATENÇÃO: transcreva no espaço apropriado do seu CARTÃO-RESPOSTA, com sua caligrafia usual, considerando as letras maiúsculas e minúsculas, a seguinte frase:
Cada pessoa deve trabalhar para o seu aperfeiçoamento
LEIA ATENTAMENTE AS INSTRUÇÕES SEGUINTES:
1. Este CADERNO DE QUESTÕES contém 90 questões numeradas de 1 a 90 e a Proposta de Redação, dispostas da seguinte maneira:
a) questões de número 1 a 45, relativas à área de Linguagens, Códigos e suas Tecnologias;
b) Proposta de Redação;
c) questões de número 46 a 90, relativas à área de Ciências Humanas e suas Tecnologias.
ATENÇÃO: as questões de 1 a 5 são relativas à língua estrangeira. Você deverá responder apenas às questões relativas à língua estrangeira (inglês ou espanhol) escolhida no ato de sua inscrição.
2. Confira se a quantidade e a ordem das questões do seu CADERNO DE QUESTÕES estão de acordo com as instruções anteriores. Caso o caderno esteja incompleto, tenha defeito ou apresente qualquer divergência, comunique ao aplicador da sala para que ele tome as providências cabíveis.
3. Para cada uma das questões objetivas, são apresentadas 5 opções. Apenas uma responde corretamente à questão.
4. O tempo disponível para estas provas é de cinco horas e trinta minutos.
5. Reserve tempo suficiente para preencher o CARTÃO-RESPOSTA e a FOLHA DE REDAÇÃO.
6. Os rascunhos e as marcações assinaladas no CADERNO DE QUESTÕES não serão considerados na avaliação.
7. Somente serão corrigidas as redações transcritas na FOLHA DE REDAÇÃO.
8. Quando terminar as provas, acene para chamar o aplicador e entregue este CADERNO DE QUESTÕES, o CARTÃO-RESPOSTA/FOLHA DE REDAÇÃO.
9. Você poderá deixar o local de prova somente após decorridas duas horas do início da aplicação e poderá levar seu CADERNO DE QUESTÕES ao deixar em definitivo a sala de prova nos 30 minutos que antecedem o término das provas.
LINGUAGENS, CÓDIGOS E SUAS TECNOLOGIAS
Questões de 1 a 45
Questões de 1 a 5 (opção inglês)",NA,"Convite à filosofia
Marilena Chauí
A cidade justa é governada pelos filósofos, administrada pelos cientistas, protegida pelos guerreiros e mantida pelos produtores. Cada classe cumprirá sua função para o bem da pólis, racionalmente dirigida pelos filósofos. Em contrapartida, a cidade injusta é aquela onde o governo está nas mãos dos proprietários - que não pensam no bem comum da pólis e lutarão por interesses econômicos particulares.
O texto apresenta a estrutura de governo da cidade ideal pensada por Platão, que postula uma indissociabilidade entre","E","mitologia e teorias cosmogônicas.",0,NA,NA,NA,NA,"Portuguese","B"
"enem_2025_1mil_ch","enem_2025_1mil_ch_1",55581,"ENEM 2025 - CH","Exame Nacional do Ensino Médio
ENEM 2025
Prova de Linguagens, Códigos e suas Tecnologias e Redação
Prova de Ciências Humanas e suas Tecnologias
1º dia
Caderno 9 – Laranja
INEP
Ministério da Educação
ATENÇÃO: transcreva no espaço apropriado do seu CARTÃO-RESPOSTA, com sua caligrafia usual, considerando as letras maiúsculas e minúsculas, a seguinte frase:
Cada pessoa deve trabalhar para o seu aperfeiçoamento
LEIA ATENTAMENTE AS INSTRUÇÕES SEGUINTES:
1. Este CADERNO DE QUESTÕES contém 90 questões numeradas de 1 a 90 e a Proposta de Redação, dispostas da seguinte maneira:
a) questões de número 1 a 45, relativas à área de Linguagens, Códigos e suas Tecnologias;
b) Proposta de Redação;
c) questões de número 46 a 90, relativas à área de Ciências Humanas e suas Tecnologias.
ATENÇÃO: as questões de 1 a 5 são relativas à língua estrangeira. Você deverá responder apenas às questões relativas à língua estrangeira (inglês ou espanhol) escolhida no ato de sua inscrição.
2. Confira se a quantidade e a ordem das questões do seu CADERNO DE QUESTÕES estão de acordo com as instruções anteriores. Caso o caderno esteja incompleto, tenha defeito ou apresente qualquer divergência, comunique ao aplicador da sala para que ele tome as providências cabíveis.
3. Para cada uma das questões objetivas, são apresentadas 5 opções. Apenas uma responde corretamente à questão.
4. O tempo disponível para estas provas é de cinco horas e trinta minutos.
5. Reserve tempo suficiente para preencher o CARTÃO-RESPOSTA e a FOLHA DE REDAÇÃO.
6. Os rascunhos e as marcações assinaladas no CADERNO DE QUESTÕES não serão considerados na avaliação.
7. Somente serão corrigidas as redações transcritas na FOLHA DE REDAÇÃO.
8. Quando terminar as provas, acene para chamar o aplicador e entregue este CADERNO DE QUESTÕES, o CARTÃO-RESPOSTA/FOLHA DE REDAÇÃO.
9. Você poderá deixar o local de prova somente após decorridas duas horas do início da aplicação e poderá levar seu CADERNO DE QUESTÕES ao deixar em definitivo a sala de prova nos 30 minutos que antecedem o término das provas.
LINGUAGENS, CÓDIGOS E SUAS TECNOLOGIAS
Questões de 1 a 45
Questões de 1 a 5 (opção inglês)",NA,"Convite à filosofia
Marilena Chauí
A cidade justa é governada pelos filósofos, administrada pelos cientistas, protegida pelos guerreiros e mantida pelos produtores. Cada classe cumprirá sua função para o bem da pólis, racionalmente dirigida pelos filósofos. Em contrapartida, a cidade injusta é aquela onde o governo está nas mãos dos proprietários - que não pensam no bem comum da pólis e lutarão por interesses econômicos particulares.
O texto apresenta a estrutura de governo da cidade ideal pensada por Platão, que postula uma indissociabilidade entre","E","cidadania e primazia da retórica.",0,NA,NA,NA,NA,"Portuguese","C"
"enem_2025_1mil_ch","enem_2025_1mil_ch_1",55581,"ENEM 2025 - CH","Exame Nacional do Ensino Médio
ENEM 2025
Prova de Linguagens, Códigos e suas Tecnologias e Redação
Prova de Ciências Humanas e suas Tecnologias
1º dia
Caderno 9 – Laranja
INEP
Ministério da Educação
ATENÇÃO: transcreva no espaço apropriado do seu CARTÃO-RESPOSTA, com sua caligrafia usual, considerando as letras maiúsculas e minúsculas, a seguinte frase:
Cada pessoa deve trabalhar para o seu aperfeiçoamento
LEIA ATENTAMENTE AS INSTRUÇÕES SEGUINTES:
1. Este CADERNO DE QUESTÕES contém 90 questões numeradas de 1 a 90 e a Proposta de Redação, dispostas da seguinte maneira:
a) questões de número 1 a 45, relativas à área de Linguagens, Códigos e suas Tecnologias;
b) Proposta de Redação;
c) questões de número 46 a 90, relativas à área de Ciências Humanas e suas Tecnologias.
ATENÇÃO: as questões de 1 a 5 são relativas à língua estrangeira. Você deverá responder apenas às questões relativas à língua estrangeira (inglês ou espanhol) escolhida no ato de sua inscrição.
2. Confira se a quantidade e a ordem das questões do seu CADERNO DE QUESTÕES estão de acordo com as instruções anteriores. Caso o caderno esteja incompleto, tenha defeito ou apresente qualquer divergência, comunique ao aplicador da sala para que ele tome as providências cabíveis.
3. Para cada uma das questões objetivas, são apresentadas 5 opções. Apenas uma responde corretamente à questão.
4. O tempo disponível para estas provas é de cinco horas e trinta minutos.
5. Reserve tempo suficiente para preencher o CARTÃO-RESPOSTA e a FOLHA DE REDAÇÃO.
6. Os rascunhos e as marcações assinaladas no CADERNO DE QUESTÕES não serão considerados na avaliação.
7. Somente serão corrigidas as redações transcritas na FOLHA DE REDAÇÃO.
8. Quando terminar as provas, acene para chamar o aplicador e entregue este CADERNO DE QUESTÕES, o CARTÃO-RESPOSTA/FOLHA DE REDAÇÃO.
9. Você poderá deixar o local de prova somente após decorridas duas horas do início da aplicação e poderá levar seu CADERNO DE QUESTÕES ao deixar em definitivo a sala de prova nos 30 minutos que antecedem o término das provas.
LINGUAGENS, CÓDIGOS E SUAS TECNOLOGIAS
Questões de 1 a 45
Questões de 1 a 5 (opção inglês)",NA,"Convite à filosofia
Marilena Chauí
A cidade justa é governada pelos filósofos, administrada pelos cientistas, protegida pelos guerreiros e mantida pelos produtores. Cada classe cumprirá sua função para o bem da pólis, racionalmente dirigida pelos filósofos. Em contrapartida, a cidade injusta é aquela onde o governo está nas mãos dos proprietários - que não pensam no bem comum da pólis e lutarão por interesses econômicos particulares.
O texto apresenta a estrutura de governo da cidade ideal pensada por Platão, que postula uma indissociabilidade entre","E","moralidade e virtudes cardeais.",0,NA,NA,NA,NA,"Portuguese","D"
"enem_2025_1mil_ch","enem_2025_1mil_ch_1",55581,"ENEM 2025 - CH","Exame Nacional do Ensino Médio
ENEM 2025
Prova de Linguagens, Códigos e suas Tecnologias e Redação
Prova de Ciências Humanas e suas Tecnologias
1º dia
Caderno 9 – Laranja
INEP
Ministério da Educação
ATENÇÃO: transcreva no espaço apropriado do seu CARTÃO-RESPOSTA, com sua caligrafia usual, considerando as letras maiúsculas e minúsculas, a seguinte frase:
Cada pessoa deve trabalhar para o seu aperfeiçoamento
LEIA ATENTAMENTE AS INSTRUÇÕES SEGUINTES:
1. Este CADERNO DE QUESTÕES contém 90 questões numeradas de 1 a 90 e a Proposta de Redação, dispostas da seguinte maneira:
a) questões de número 1 a 45, relativas à área de Linguagens, Códigos e suas Tecnologias;
b) Proposta de Redação;
c) questões de número 46 a 90, relativas à área de Ciências Humanas e suas Tecnologias.
ATENÇÃO: as questões de 1 a 5 são relativas à língua estrangeira. Você deverá responder apenas às questões relativas à língua estrangeira (inglês ou espanhol) escolhida no ato de sua inscrição.
2. Confira se a quantidade e a ordem das questões do seu CADERNO DE QUESTÕES estão de acordo com as instruções anteriores. Caso o caderno esteja incompleto, tenha defeito ou apresente qualquer divergência, comunique ao aplicador da sala para que ele tome as providências cabíveis.
3. Para cada uma das questões objetivas, são apresentadas 5 opções. Apenas uma responde corretamente à questão.
4. O tempo disponível para estas provas é de cinco horas e trinta minutos.
5. Reserve tempo suficiente para preencher o CARTÃO-RESPOSTA e a FOLHA DE REDAÇÃO.
6. Os rascunhos e as marcações assinaladas no CADERNO DE QUESTÕES não serão considerados na avaliação.
7. Somente serão corrigidas as redações transcritas na FOLHA DE REDAÇÃO.
8. Quando terminar as provas, acene para chamar o aplicador e entregue este CADERNO DE QUESTÕES, o CARTÃO-RESPOSTA/FOLHA DE REDAÇÃO.
9. Você poderá deixar o local de prova somente após decorridas duas horas do início da aplicação e poderá levar seu CADERNO DE QUESTÕES ao deixar em definitivo a sala de prova nos 30 minutos que antecedem o término das provas.
LINGUAGENS, CÓDIGOS E SUAS TECNOLOGIAS
Questões de 1 a 45
Questões de 1 a 5 (opção inglês)",NA,"Convite à filosofia
Marilena Chauí
A cidade justa é governada pelos filósofos, administrada pelos cientistas, protegida pelos guerreiros e mantida pelos produtores. Cada classe cumprirá sua função para o bem da pólis, racionalmente dirigida pelos filósofos. Em contrapartida, a cidade injusta é aquela onde o governo está nas mãos dos proprietários - que não pensam no bem comum da pólis e lutarão por interesses econômicos particulares.
O texto apresenta a estrutura de governo da cidade ideal pensada por Platão, que postula uma indissociabilidade entre","E","ética e exercício do poder.",1,NA,NA,NA,NA,"Portuguese","E"
"enem_2025_1mil_ch","enem_2025_1mil_ch_1",125788,"ENEM 2025 - CH","Exame Nacional do Ensino Médio
ENEM 2025
Prova de Linguagens, Códigos e suas Tecnologias e Redação
Prova de Ciências Humanas e suas Tecnologias
1º dia
Caderno 9 – Laranja
INEP
Ministério da Educação
ATENÇÃO: transcreva no espaço apropriado do seu CARTÃO-RESPOSTA, com sua caligrafia usual, considerando as letras maiúsculas e minúsculas, a seguinte frase:
Cada pessoa deve trabalhar para o seu aperfeiçoamento
LEIA ATENTAMENTE AS INSTRUÇÕES SEGUINTES:
1. Este CADERNO DE QUESTÕES contém 90 questões numeradas de 1 a 90 e a Proposta de Redação, dispostas da seguinte maneira:
a) questões de número 1 a 45, relativas à área de Linguagens, Códigos e suas Tecnologias;
b) Proposta de Redação;
c) questões de número 46 a 90, relativas à área de Ciências Humanas e suas Tecnologias.
ATENÇÃO: as questões de 1 a 5 são relativas à língua estrangeira. Você deverá responder apenas às questões relativas à língua estrangeira (inglês ou espanhol) escolhida no ato de sua inscrição.
2. Confira se a quantidade e a ordem das questões do seu CADERNO DE QUESTÕES estão de acordo com as instruções anteriores. Caso o caderno esteja incompleto, tenha defeito ou apresente qualquer divergência, comunique ao aplicador da sala para que ele tome as providências cabíveis.
3. Para cada uma das questões objetivas, são apresentadas 5 opções. Apenas uma responde corretamente à questão.
4. O tempo disponível para estas provas é de cinco horas e trinta minutos.
5. Reserve tempo suficiente para preencher o CARTÃO-RESPOSTA e a FOLHA DE REDAÇÃO.
6. Os rascunhos e as marcações assinaladas no CADERNO DE QUESTÕES não serão considerados na avaliação.
7. Somente serão corrigidas as redações transcritas na FOLHA DE REDAÇÃO.
8. Quando terminar as provas, acene para chamar o aplicador e entregue este CADERNO DE QUESTÕES, o CARTÃO-RESPOSTA/FOLHA DE REDAÇÃO.
9. Você poderá deixar o local de prova somente após decorridas duas horas do início da aplicação e poderá levar seu CADERNO DE QUESTÕES ao deixar em definitivo a sala de prova nos 30 minutos que antecedem o término das provas.
LINGUAGENS, CÓDIGOS E SUAS TECNOLOGIAS
Questões de 1 a 45
Questões de 1 a 5 (opção inglês)",NA,"A Impressão Régia do Rio de Janeiro e a colonização dos sertões na construção do novo império português na América (1808-1822)
Sérgio Hamilton Silva Barra
A Impressão Régia do Rio de Janeiro foi criada pelo decreto de 13 de maio de 1808 para dar continuidade à nova sede do império português. A nova tipografia é criada em um momento no qual o projeto de reforma do império se transforma em um projeto de construção de um novo império português na América. Frente às tensões políticas que essa nova situação criava, a tipografia atuou na legitimação e sustentação daquele projeto político.
A função política da tecnologia mencionada no texto favoreceu a nova sede do Império português por","D","estabelecer as normativas ideológicas aos periódicos.",0,NA,NA,NA,NA,"Portuguese","A"
"enem_2025_1mil_ch","enem_2025_1mil_ch_1",125788,"ENEM 2025 - CH","Exame Nacional do Ensino Médio
ENEM 2025
Prova de Linguagens, Códigos e suas Tecnologias e Redação
Prova de Ciências Humanas e suas Tecnologias
1º dia
Caderno 9 – Laranja
INEP
Ministério da Educação
ATENÇÃO: transcreva no espaço apropriado do seu CARTÃO-RESPOSTA, com sua caligrafia usual, considerando as letras maiúsculas e minúsculas, a seguinte frase:
Cada pessoa deve trabalhar para o seu aperfeiçoamento
LEIA ATENTAMENTE AS INSTRUÇÕES SEGUINTES:
1. Este CADERNO DE QUESTÕES contém 90 questões numeradas de 1 a 90 e a Proposta de Redação, dispostas da seguinte maneira:
a) questões de número 1 a 45, relativas à área de Linguagens, Códigos e suas Tecnologias;
b) Proposta de Redação;
c) questões de número 46 a 90, relativas à área de Ciências Humanas e suas Tecnologias.
ATENÇÃO: as questões de 1 a 5 são relativas à língua estrangeira. Você deverá responder apenas às questões relativas à língua estrangeira (inglês ou espanhol) escolhida no ato de sua inscrição.
2. Confira se a quantidade e a ordem das questões do seu CADERNO DE QUESTÕES estão de acordo com as instruções anteriores. Caso o caderno esteja incompleto, tenha defeito ou apresente qualquer divergência, comunique ao aplicador da sala para que ele tome as providências cabíveis.
3. Para cada uma das questões objetivas, são apresentadas 5 opções. Apenas uma responde corretamente à questão.
4. O tempo disponível para estas provas é de cinco horas e trinta minutos.
5. Reserve tempo suficiente para preencher o CARTÃO-RESPOSTA e a FOLHA DE REDAÇÃO.
6. Os rascunhos e as marcações assinaladas no CADERNO DE QUESTÕES não serão considerados na avaliação.
7. Somente serão corrigidas as redações transcritas na FOLHA DE REDAÇÃO.
8. Quando terminar as provas, acene para chamar o aplicador e entregue este CADERNO DE QUESTÕES, o CARTÃO-RESPOSTA/FOLHA DE REDAÇÃO.
9. Você poderá deixar o local de prova somente após decorridas duas horas do início da aplicação e poderá levar seu CADERNO DE QUESTÕES ao deixar em definitivo a sala de prova nos 30 minutos que antecedem o término das provas.
LINGUAGENS, CÓDIGOS E SUAS TECNOLOGIAS
Questões de 1 a 45
Questões de 1 a 5 (opção inglês)",NA,"A Impressão Régia do Rio de Janeiro e a colonização dos sertões na construção do novo império português na América (1808-1822)
Sérgio Hamilton Silva Barra
A Impressão Régia do Rio de Janeiro foi criada pelo decreto de 13 de maio de 1808 para dar continuidade à nova sede do império português. A nova tipografia é criada em um momento no qual o projeto de reforma do império se transforma em um projeto de construção de um novo império português na América. Frente às tensões políticas que essa nova situação criava, a tipografia atuou na legitimação e sustentação daquele projeto político.
A função política da tecnologia mencionada no texto favoreceu a nova sede do Império português por","D","propagar as diretrizes administrativas às capitanias.",0,NA,NA,NA,NA,"Portuguese","B"
"enem_2025_1mil_ch","enem_2025_1mil_ch_1",125788,"ENEM 2025 - CH","Exame Nacional do Ensino Médio
ENEM 2025
Prova de Linguagens, Códigos e suas Tecnologias e Redação
Prova de Ciências Humanas e suas Tecnologias
1º dia
Caderno 9 – Laranja
INEP
Ministério da Educação
ATENÇÃO: transcreva no espaço apropriado do seu CARTÃO-RESPOSTA, com sua caligrafia usual, considerando as letras maiúsculas e minúsculas, a seguinte frase:
Cada pessoa deve trabalhar para o seu aperfeiçoamento
LEIA ATENTAMENTE AS INSTRUÇÕES SEGUINTES:
1. Este CADERNO DE QUESTÕES contém 90 questões numeradas de 1 a 90 e a Proposta de Redação, dispostas da seguinte maneira:
a) questões de número 1 a 45, relativas à área de Linguagens, Códigos e suas Tecnologias;
b) Proposta de Redação;
c) questões de número 46 a 90, relativas à área de Ciências Humanas e suas Tecnologias.
ATENÇÃO: as questões de 1 a 5 são relativas à língua estrangeira. Você deverá responder apenas às questões relativas à língua estrangeira (inglês ou espanhol) escolhida no ato de sua inscrição.
2. Confira se a quantidade e a ordem das questões do seu CADERNO DE QUESTÕES estão de acordo com as instruções anteriores. Caso o caderno esteja incompleto, tenha defeito ou apresente qualquer divergência, comunique ao aplicador da sala para que ele tome as providências cabíveis.
3. Para cada uma das questões objetivas, são apresentadas 5 opções. Apenas uma responde corretamente à questão.
4. O tempo disponível para estas provas é de cinco horas e trinta minutos.
5. Reserve tempo suficiente para preencher o CARTÃO-RESPOSTA e a FOLHA DE REDAÇÃO.
6. Os rascunhos e as marcações assinaladas no CADERNO DE QUESTÕES não serão considerados na avaliação.
7. Somente serão corrigidas as redações transcritas na FOLHA DE REDAÇÃO.
8. Quando terminar as provas, acene para chamar o aplicador e entregue este CADERNO DE QUESTÕES, o CARTÃO-RESPOSTA/FOLHA DE REDAÇÃO.
9. Você poderá deixar o local de prova somente após decorridas duas horas do início da aplicação e poderá levar seu CADERNO DE QUESTÕES ao deixar em definitivo a sala de prova nos 30 minutos que antecedem o término das provas.
LINGUAGENS, CÓDIGOS E SUAS TECNOLOGIAS
Questões de 1 a 45
Questões de 1 a 5 (opção inglês)",NA,"A Impressão Régia do Rio de Janeiro e a colonização dos sertões na construção do novo império português na América (1808-1822)
Sérgio Hamilton Silva Barra
A Impressão Régia do Rio de Janeiro foi criada pelo decreto de 13 de maio de 1808 para dar continuidade à nova sede do império português. A nova tipografia é criada em um momento no qual o projeto de reforma do império se transforma em um projeto de construção de um novo império português na América. Frente às tensões políticas que essa nova situação criava, a tipografia atuou na legitimação e sustentação daquele projeto político.
A função política da tecnologia mencionada no texto favoreceu a nova sede do Império português por","D","divulgar as conquistas às metrópoles europeias.",0,NA,NA,NA,NA,"Portuguese","C"
"enem_2025_1mil_ch","enem_2025_1mil_ch_1",125788,"ENEM 2025 - CH","Exame Nacional do Ensino Médio
ENEM 2025
Prova de Linguagens, Códigos e suas Tecnologias e Redação
Prova de Ciências Humanas e suas Tecnologias
1º dia
Caderno 9 – Laranja
INEP
Ministério da Educação
ATENÇÃO: transcreva no espaço apropriado do seu CARTÃO-RESPOSTA, com sua caligrafia usual, considerando as letras maiúsculas e minúsculas, a seguinte frase:
Cada pessoa deve trabalhar para o seu aperfeiçoamento
LEIA ATENTAMENTE AS INSTRUÇÕES SEGUINTES:
1. Este CADERNO DE QUESTÕES contém 90 questões numeradas de 1 a 90 e a Proposta de Redação, dispostas da seguinte maneira:
a) questões de número 1 a 45, relativas à área de Linguagens, Códigos e suas Tecnologias;
b) Proposta de Redação;
c) questões de número 46 a 90, relativas à área de Ciências Humanas e suas Tecnologias.
ATENÇÃO: as questões de 1 a 5 são relativas à língua estrangeira. Você deverá responder apenas às questões relativas à língua estrangeira (inglês ou espanhol) escolhida no ato de sua inscrição.
2. Confira se a quantidade e a ordem das questões do seu CADERNO DE QUESTÕES estão de acordo com as instruções anteriores. Caso o caderno esteja incompleto, tenha defeito ou apresente qualquer divergência, comunique ao aplicador da sala para que ele tome as providências cabíveis.
3. Para cada uma das questões objetivas, são apresentadas 5 opções. Apenas uma responde corretamente à questão.
4. O tempo disponível para estas provas é de cinco horas e trinta minutos.
5. Reserve tempo suficiente para preencher o CARTÃO-RESPOSTA e a FOLHA DE REDAÇÃO.
6. Os rascunhos e as marcações assinaladas no CADERNO DE QUESTÕES não serão considerados na avaliação.
7. Somente serão corrigidas as redações transcritas na FOLHA DE REDAÇÃO.
8. Quando terminar as provas, acene para chamar o aplicador e entregue este CADERNO DE QUESTÕES, o CARTÃO-RESPOSTA/FOLHA DE REDAÇÃO.
9. Você poderá deixar o local de prova somente após decorridas duas horas do início da aplicação e poderá levar seu CADERNO DE QUESTÕES ao deixar em definitivo a sala de prova nos 30 minutos que antecedem o término das provas.
LINGUAGENS, CÓDIGOS E SUAS TECNOLOGIAS
Questões de 1 a 45
Questões de 1 a 5 (opção inglês)",NA,"A Impressão Régia do Rio de Janeiro e a colonização dos sertões na construção do novo império português na América (1808-1822)
Sérgio Hamilton Silva Barra
A Impressão Régia do Rio de Janeiro foi criada pelo decreto de 13 de maio de 1808 para dar continuidade à nova sede do império português. A nova tipografia é criada em um momento no qual o projeto de reforma do império se transforma em um projeto de construção de um novo império português na América. Frente às tensões políticas que essa nova situação criava, a tipografia atuou na legitimação e sustentação daquele projeto político.
A função política da tecnologia mencionada no texto favoreceu a nova sede do Império português por","D","integrar as regiões territoriais ao poder central.",1,NA,NA,NA,NA,"Portuguese","D"
"enem_2025_1mil_ch","enem_2025_1mil_ch_1",125788,"ENEM 2025 - CH","Exame Nacional do Ensino Médio
ENEM 2025
Prova de Linguagens, Códigos e suas Tecnologias e Redação
Prova de Ciências Humanas e suas Tecnologias
1º dia
Caderno 9 – Laranja
INEP
Ministério da Educação
ATENÇÃO: transcreva no espaço apropriado do seu CARTÃO-RESPOSTA, com sua caligrafia usual, considerando as letras maiúsculas e minúsculas, a seguinte frase:
Cada pessoa deve trabalhar para o seu aperfeiçoamento
LEIA ATENTAMENTE AS INSTRUÇÕES SEGUINTES:
1. Este CADERNO DE QUESTÕES contém 90 questões numeradas de 1 a 90 e a Proposta de Redação, dispostas da seguinte maneira:
a) questões de número 1 a 45, relativas à área de Linguagens, Códigos e suas Tecnologias;
b) Proposta de Redação;
c) questões de número 46 a 90, relativas à área de Ciências Humanas e suas Tecnologias.
ATENÇÃO: as questões de 1 a 5 são relativas à língua estrangeira. Você deverá responder apenas às questões relativas à língua estrangeira (inglês ou espanhol) escolhida no ato de sua inscrição.
2. Confira se a quantidade e a ordem das questões do seu CADERNO DE QUESTÕES estão de acordo com as instruções anteriores. Caso o caderno esteja incompleto, tenha defeito ou apresente qualquer divergência, comunique ao aplicador da sala para que ele tome as providências cabíveis.
3. Para cada uma das questões objetivas, são apresentadas 5 opções. Apenas uma responde corretamente à questão.
4. O tempo disponível para estas provas é de cinco horas e trinta minutos.
5. Reserve tempo suficiente para preencher o CARTÃO-RESPOSTA e a FOLHA DE REDAÇÃO.
6. Os rascunhos e as marcações assinaladas no CADERNO DE QUESTÕES não serão considerados na avaliação.
7. Somente serão corrigidas as redações transcritas na FOLHA DE REDAÇÃO.
8. Quando terminar as provas, acene para chamar o aplicador e entregue este CADERNO DE QUESTÕES, o CARTÃO-RESPOSTA/FOLHA DE REDAÇÃO.
9. Você poderá deixar o local de prova somente após decorridas duas horas do início da aplicação e poderá levar seu CADERNO DE QUESTÕES ao deixar em definitivo a sala de prova nos 30 minutos que antecedem o término das provas.
LINGUAGENS, CÓDIGOS E SUAS TECNOLOGIAS
Questões de 1 a 45
Questões de 1 a 5 (opção inglês)",NA,"A Impressão Régia do Rio de Janeiro e a colonização dos sertões na construção do novo império português na América (1808-1822)
Sérgio Hamilton Silva Barra
A Impressão Régia do Rio de Janeiro foi criada pelo decreto de 13 de maio de 1808 para dar continuidade à nova sede do império português. A nova tipografia é criada em um momento no qual o projeto de reforma do império se transforma em um projeto de construção de um novo império português na América. Frente às tensões políticas que essa nova situação criava, a tipografia atuou na legitimação e sustentação daquele projeto político.
A função política da tecnologia mencionada no texto favoreceu a nova sede do Império português por","D","difundir as publicações às elites lusitanas.",0,NA,NA,NA,NA,"Portuguese","E"
"enem_2025_1mil_ch","enem_2025_1mil_ch_1",140518,"ENEM 2025 - CH","Exame Nacional do Ensino Médio
ENEM 2025
Prova de Linguagens, Códigos e suas Tecnologias e Redação
Prova de Ciências Humanas e suas Tecnologias
1º dia
Caderno 9 – Laranja
INEP
Ministério da Educação
ATENÇÃO: transcreva no espaço apropriado do seu CARTÃO-RESPOSTA, com sua caligrafia usual, considerando as letras maiúsculas e minúsculas, a seguinte frase:
Cada pessoa deve trabalhar para o seu aperfeiçoamento
LEIA ATENTAMENTE AS INSTRUÇÕES SEGUINTES:
1. Este CADERNO DE QUESTÕES contém 90 questões numeradas de 1 a 90 e a Proposta de Redação, dispostas da seguinte maneira:
a) questões de número 1 a 45, relativas à área de Linguagens, Códigos e suas Tecnologias;
b) Proposta de Redação;
c) questões de número 46 a 90, relativas à área de Ciências Humanas e suas Tecnologias.
ATENÇÃO: as questões de 1 a 5 são relativas à língua estrangeira. Você deverá responder apenas às questões relativas à língua estrangeira (inglês ou espanhol) escolhida no ato de sua inscrição.
2. Confira se a quantidade e a ordem das questões do seu CADERNO DE QUESTÕES estão de acordo com as instruções anteriores. Caso o caderno esteja incompleto, tenha defeito ou apresente qualquer divergência, comunique ao aplicador da sala para que ele tome as providências cabíveis.
3. Para cada uma das questões objetivas, são apresentadas 5 opções. Apenas uma responde corretamente à questão.
4. O tempo disponível para estas provas é de cinco horas e trinta minutos.
5. Reserve tempo suficiente para preencher o CARTÃO-RESPOSTA e a FOLHA DE REDAÇÃO.
6. Os rascunhos e as marcações assinaladas no CADERNO DE QUESTÕES não serão considerados na avaliação.
7. Somente serão corrigidas as redações transcritas na FOLHA DE REDAÇÃO.
8. Quando terminar as provas, acene para chamar o aplicador e entregue este CADERNO DE QUESTÕES, o CARTÃO-RESPOSTA/FOLHA DE REDAÇÃO.
9. Você poderá deixar o local de prova somente após decorridas duas horas do início da aplicação e poderá levar seu CADERNO DE QUESTÕES ao deixar em definitivo a sala de prova nos 30 minutos que antecedem o término das provas.
LINGUAGENS, CÓDIGOS E SUAS TECNOLOGIAS
Questões de 1 a 45
Questões de 1 a 5 (opção inglês)",NA,"Com o objetivo de auxiliar a prevenção e o combate a incêndios no Cerrado, o Centro de Sensoriamento Remoto da Universidade Federal de Minas Gerais (UFMG) desenvolveu um modelo computacional capaz de prever o comportamento do fogo. Essa tecnologia integra o projeto Monitoramento do Cerrado, do qual também participa o Instituto Nacional de Pesquisas Espaciais (Inpe). O instituto produz e processa dados de satélite sobre focos de calor para determinar a localização de incêndios no bioma. Esses focos são o ponto de ignição para o modelo desenvolvido na UFMG: com base em outros dados, como relevo, ventos, umidade e biomassa seca, a ferramenta estima as áreas com maior risco de incêndio e prevê a intensidade e a direção de propagação do fogo no Cerrado brasileiro.
Em relação à causa ambiental, o uso da tecnologia mencionada indica a","D","influência da produção orgânica.",0,NA,NA,NA,NA,"Portuguese","A"
"enem_2025_1mil_ch","enem_2025_1mil_ch_1",140518,"ENEM 2025 - CH","Exame Nacional do Ensino Médio
ENEM 2025
Prova de Linguagens, Códigos e suas Tecnologias e Redação
Prova de Ciências Humanas e suas Tecnologias
1º dia
Caderno 9 – Laranja
INEP
Ministério da Educação
ATENÇÃO: transcreva no espaço apropriado do seu CARTÃO-RESPOSTA, com sua caligrafia usual, considerando as letras maiúsculas e minúsculas, a seguinte frase:
Cada pessoa deve trabalhar para o seu aperfeiçoamento
LEIA ATENTAMENTE AS INSTRUÇÕES SEGUINTES:
1. Este CADERNO DE QUESTÕES contém 90 questões numeradas de 1 a 90 e a Proposta de Redação, dispostas da seguinte maneira:
a) questões de número 1 a 45, relativas à área de Linguagens, Códigos e suas Tecnologias;
b) Proposta de Redação;
c) questões de número 46 a 90, relativas à área de Ciências Humanas e suas Tecnologias.
ATENÇÃO: as questões de 1 a 5 são relativas à língua estrangeira. Você deverá responder apenas às questões relativas à língua estrangeira (inglês ou espanhol) escolhida no ato de sua inscrição.
2. Confira se a quantidade e a ordem das questões do seu CADERNO DE QUESTÕES estão de acordo com as instruções anteriores. Caso o caderno esteja incompleto, tenha defeito ou apresente qualquer divergência, comunique ao aplicador da sala para que ele tome as providências cabíveis.
3. Para cada uma das questões objetivas, são apresentadas 5 opções. Apenas uma responde corretamente à questão.
4. O tempo disponível para estas provas é de cinco horas e trinta minutos.
5. Reserve tempo suficiente para preencher o CARTÃO-RESPOSTA e a FOLHA DE REDAÇÃO.
6. Os rascunhos e as marcações assinaladas no CADERNO DE QUESTÕES não serão considerados na avaliação.
7. Somente serão corrigidas as redações transcritas na FOLHA DE REDAÇÃO.
8. Quando terminar as provas, acene para chamar o aplicador e entregue este CADERNO DE QUESTÕES, o CARTÃO-RESPOSTA/FOLHA DE REDAÇÃO.
9. Você poderá deixar o local de prova somente após decorridas duas horas do início da aplicação e poderá levar seu CADERNO DE QUESTÕES ao deixar em definitivo a sala de prova nos 30 minutos que antecedem o término das provas.
LINGUAGENS, CÓDIGOS E SUAS TECNOLOGIAS
Questões de 1 a 45
Questões de 1 a 5 (opção inglês)",NA,"Com o objetivo de auxiliar a prevenção e o combate a incêndios no Cerrado, o Centro de Sensoriamento Remoto da Universidade Federal de Minas Gerais (UFMG) desenvolveu um modelo computacional capaz de prever o comportamento do fogo. Essa tecnologia integra o projeto Monitoramento do Cerrado, do qual também participa o Instituto Nacional de Pesquisas Espaciais (Inpe). O instituto produz e processa dados de satélite sobre focos de calor para determinar a localização de incêndios no bioma. Esses focos são o ponto de ignição para o modelo desenvolvido na UFMG: com base em outros dados, como relevo, ventos, umidade e biomassa seca, a ferramenta estima as áreas com maior risco de incêndio e prevê a intensidade e a direção de propagação do fogo no Cerrado brasileiro.
Em relação à causa ambiental, o uso da tecnologia mencionada indica a","D","relevância da infraestrutura viária.",0,NA,NA,NA,NA,"Portuguese","B"
"enem_2025_1mil_ch","enem_2025_1mil_ch_1",140518,"ENEM 2025 - CH","Exame Nacional do Ensino Médio
ENEM 2025
Prova de Linguagens, Códigos e suas Tecnologias e Redação
Prova de Ciências Humanas e suas Tecnologias
1º dia
Caderno 9 – Laranja
INEP
Ministério da Educação
ATENÇÃO: transcreva no espaço apropriado do seu CARTÃO-RESPOSTA, com sua caligrafia usual, considerando as letras maiúsculas e minúsculas, a seguinte frase:
Cada pessoa deve trabalhar para o seu aperfeiçoamento
LEIA ATENTAMENTE AS INSTRUÇÕES SEGUINTES:
1. Este CADERNO DE QUESTÕES contém 90 questões numeradas de 1 a 90 e a Proposta de Redação, dispostas da seguinte maneira:
a) questões de número 1 a 45, relativas à área de Linguagens, Códigos e suas Tecnologias;
b) Proposta de Redação;
c) questões de número 46 a 90, relativas à área de Ciências Humanas e suas Tecnologias.
ATENÇÃO: as questões de 1 a 5 são relativas à língua estrangeira. Você deverá responder apenas às questões relativas à língua estrangeira (inglês ou espanhol) escolhida no ato de sua inscrição.
2. Confira se a quantidade e a ordem das questões do seu CADERNO DE QUESTÕES estão de acordo com as instruções anteriores. Caso o caderno esteja incompleto, tenha defeito ou apresente qualquer divergência, comunique ao aplicador da sala para que ele tome as providências cabíveis.
3. Para cada uma das questões objetivas, são apresentadas 5 opções. Apenas uma responde corretamente à questão.
4. O tempo disponível para estas provas é de cinco horas e trinta minutos.
5. Reserve tempo suficiente para preencher o CARTÃO-RESPOSTA e a FOLHA DE REDAÇÃO.
6. Os rascunhos e as marcações assinaladas no CADERNO DE QUESTÕES não serão considerados na avaliação.
7. Somente serão corrigidas as redações transcritas na FOLHA DE REDAÇÃO.
8. Quando terminar as provas, acene para chamar o aplicador e entregue este CADERNO DE QUESTÕES, o CARTÃO-RESPOSTA/FOLHA DE REDAÇÃO.
9. Você poderá deixar o local de prova somente após decorridas duas horas do início da aplicação e poderá levar seu CADERNO DE QUESTÕES ao deixar em definitivo a sala de prova nos 30 minutos que antecedem o término das provas.
LINGUAGENS, CÓDIGOS E SUAS TECNOLOGIAS
Questões de 1 a 45
Questões de 1 a 5 (opção inglês)",NA,"Com o objetivo de auxiliar a prevenção e o combate a incêndios no Cerrado, o Centro de Sensoriamento Remoto da Universidade Federal de Minas Gerais (UFMG) desenvolveu um modelo computacional capaz de prever o comportamento do fogo. Essa tecnologia integra o projeto Monitoramento do Cerrado, do qual também participa o Instituto Nacional de Pesquisas Espaciais (Inpe). O instituto produz e processa dados de satélite sobre focos de calor para determinar a localização de incêndios no bioma. Esses focos são o ponto de ignição para o modelo desenvolvido na UFMG: com base em outros dados, como relevo, ventos, umidade e biomassa seca, a ferramenta estima as áreas com maior risco de incêndio e prevê a intensidade e a direção de propagação do fogo no Cerrado brasileiro.
Em relação à causa ambiental, o uso da tecnologia mencionada indica a","D","significância da cosmologia nativa.",0,NA,NA,NA,NA,"Portuguese","C"
"enem_2025_1mil_ch","enem_2025_1mil_ch_1",140518,"ENEM 2025 - CH","Exame Nacional do Ensino Médio
ENEM 2025
Prova de Linguagens, Códigos e suas Tecnologias e Redação
Prova de Ciências Humanas e suas Tecnologias
1º dia
Caderno 9 – Laranja
INEP
Ministério da Educação
ATENÇÃO: transcreva no espaço apropriado do seu CARTÃO-RESPOSTA, com sua caligrafia usual, considerando as letras maiúsculas e minúsculas, a seguinte frase:
Cada pessoa deve trabalhar para o seu aperfeiçoamento
LEIA ATENTAMENTE AS INSTRUÇÕES SEGUINTES:
1. Este CADERNO DE QUESTÕES contém 90 questões numeradas de 1 a 90 e a Proposta de Redação, dispostas da seguinte maneira:
a) questões de número 1 a 45, relativas à área de Linguagens, Códigos e suas Tecnologias;
b) Proposta de Redação;
c) questões de número 46 a 90, relativas à área de Ciências Humanas e suas Tecnologias.
ATENÇÃO: as questões de 1 a 5 são relativas à língua estrangeira. Você deverá responder apenas às questões relativas à língua estrangeira (inglês ou espanhol) escolhida no ato de sua inscrição.
2. Confira se a quantidade e a ordem das questões do seu CADERNO DE QUESTÕES estão de acordo com as instruções anteriores. Caso o caderno esteja incompleto, tenha defeito ou apresente qualquer divergência, comunique ao aplicador da sala para que ele tome as providências cabíveis.
3. Para cada uma das questões objetivas, são apresentadas 5 opções. Apenas uma responde corretamente à questão.
4. O tempo disponível para estas provas é de cinco horas e trinta minutos.
5. Reserve tempo suficiente para preencher o CARTÃO-RESPOSTA e a FOLHA DE REDAÇÃO.
6. Os rascunhos e as marcações assinaladas no CADERNO DE QUESTÕES não serão considerados na avaliação.
7. Somente serão corrigidas as redações transcritas na FOLHA DE REDAÇÃO.
8. Quando terminar as provas, acene para chamar o aplicador e entregue este CADERNO DE QUESTÕES, o CARTÃO-RESPOSTA/FOLHA DE REDAÇÃO.
9. Você poderá deixar o local de prova somente após decorridas duas horas do início da aplicação e poderá levar seu CADERNO DE QUESTÕES ao deixar em definitivo a sala de prova nos 30 minutos que antecedem o término das provas.
LINGUAGENS, CÓDIGOS E SUAS TECNOLOGIAS
Questões de 1 a 45
Questões de 1 a 5 (opção inglês)",NA,"Com o objetivo de auxiliar a prevenção e o combate a incêndios no Cerrado, o Centro de Sensoriamento Remoto da Universidade Federal de Minas Gerais (UFMG) desenvolveu um modelo computacional capaz de prever o comportamento do fogo. Essa tecnologia integra o projeto Monitoramento do Cerrado, do qual também participa o Instituto Nacional de Pesquisas Espaciais (Inpe). O instituto produz e processa dados de satélite sobre focos de calor para determinar a localização de incêndios no bioma. Esses focos são o ponto de ignição para o modelo desenvolvido na UFMG: com base em outros dados, como relevo, ventos, umidade e biomassa seca, a ferramenta estima as áreas com maior risco de incêndio e prevê a intensidade e a direção de propagação do fogo no Cerrado brasileiro.
Em relação à causa ambiental, o uso da tecnologia mencionada indica a","D","importância de pesquisas acadêmicas.",1,NA,NA,NA,NA,"Portuguese","D"
"enem_2025_1mil_ch","enem_2025_1mil_ch_1",140518,"ENEM 2025 - CH","Exame Nacional do Ensino Médio
ENEM 2025
Prova de Linguagens, Códigos e suas Tecnologias e Redação
Prova de Ciências Humanas e suas Tecnologias
1º dia
Caderno 9 – Laranja
INEP
Ministério da Educação
ATENÇÃO: transcreva no espaço apropriado do seu CARTÃO-RESPOSTA, com sua caligrafia usual, considerando as letras maiúsculas e minúsculas, a seguinte frase:
Cada pessoa deve trabalhar para o seu aperfeiçoamento
LEIA ATENTAMENTE AS INSTRUÇÕES SEGUINTES:
1. Este CADERNO DE QUESTÕES contém 90 questões numeradas de 1 a 90 e a Proposta de Redação, dispostas da seguinte maneira:
a) questões de número 1 a 45, relativas à área de Linguagens, Códigos e suas Tecnologias;
b) Proposta de Redação;
c) questões de número 46 a 90, relativas à área de Ciências Humanas e suas Tecnologias.
ATENÇÃO: as questões de 1 a 5 são relativas à língua estrangeira. Você deverá responder apenas às questões relativas à língua estrangeira (inglês ou espanhol) escolhida no ato de sua inscrição.
2. Confira se a quantidade e a ordem das questões do seu CADERNO DE QUESTÕES estão de acordo com as instruções anteriores. Caso o caderno esteja incompleto, tenha defeito ou apresente qualquer divergência, comunique ao aplicador da sala para que ele tome as providências cabíveis.
3. Para cada uma das questões objetivas, são apresentadas 5 opções. Apenas uma responde corretamente à questão.
4. O tempo disponível para estas provas é de cinco horas e trinta minutos.
5. Reserve tempo suficiente para preencher o CARTÃO-RESPOSTA e a FOLHA DE REDAÇÃO.
6. Os rascunhos e as marcações assinaladas no CADERNO DE QUESTÕES não serão considerados na avaliação.
7. Somente serão corrigidas as redações transcritas na FOLHA DE REDAÇÃO.
8. Quando terminar as provas, acene para chamar o aplicador e entregue este CADERNO DE QUESTÕES, o CARTÃO-RESPOSTA/FOLHA DE REDAÇÃO.
9. Você poderá deixar o local de prova somente após decorridas duas horas do início da aplicação e poderá levar seu CADERNO DE QUESTÕES ao deixar em definitivo a sala de prova nos 30 minutos que antecedem o término das provas.
LINGUAGENS, CÓDIGOS E SUAS TECNOLOGIAS
Questões de 1 a 45
Questões de 1 a 5 (opção inglês)",NA,"Com o objetivo de auxiliar a prevenção e o combate a incêndios no Cerrado, o Centro de Sensoriamento Remoto da Universidade Federal de Minas Gerais (UFMG) desenvolveu um modelo computacional capaz de prever o comportamento do fogo. Essa tecnologia integra o projeto Monitoramento do Cerrado, do qual também participa o Instituto Nacional de Pesquisas Espaciais (Inpe). O instituto produz e processa dados de satélite sobre focos de calor para determinar a localização de incêndios no bioma. Esses focos são o ponto de ignição para o modelo desenvolvido na UFMG: com base em outros dados, como relevo, ventos, umidade e biomassa seca, a ferramenta estima as áreas com maior risco de incêndio e prevê a intensidade e a direção de propagação do fogo no Cerrado brasileiro.
Em relação à causa ambiental, o uso da tecnologia mencionada indica a","D","interferência de interesses estrangeiros.",0,NA,NA,NA,NA,"Portuguese","E"
"enem_2025_1mil_ch","enem_2025_1mil_ch_1",140451,"ENEM 2025 - CH","Exame Nacional do Ensino Médio
ENEM 2025
Prova de Linguagens, Códigos e suas Tecnologias e Redação
Prova de Ciências Humanas e suas Tecnologias
1º dia
Caderno 9 – Laranja
INEP
Ministério da Educação
ATENÇÃO: transcreva no espaço apropriado do seu CARTÃO-RESPOSTA, com sua caligrafia usual, considerando as letras maiúsculas e minúsculas, a seguinte frase:
Cada pessoa deve trabalhar para o seu aperfeiçoamento
LEIA ATENTAMENTE AS INSTRUÇÕES SEGUINTES:
1. Este CADERNO DE QUESTÕES contém 90 questões numeradas de 1 a 90 e a Proposta de Redação, dispostas da seguinte maneira:
a) questões de número 1 a 45, relativas à área de Linguagens, Códigos e suas Tecnologias;
b) Proposta de Redação;
c) questões de número 46 a 90, relativas à área de Ciências Humanas e suas Tecnologias.
ATENÇÃO: as questões de 1 a 5 são relativas à língua estrangeira. Você deverá responder apenas às questões relativas à língua estrangeira (inglês ou espanhol) escolhida no ato de sua inscrição.
2. Confira se a quantidade e a ordem das questões do seu CADERNO DE QUESTÕES estão de acordo com as instruções anteriores. Caso o caderno esteja incompleto, tenha defeito ou apresente qualquer divergência, comunique ao aplicador da sala para que ele tome as providências cabíveis.
3. Para cada uma das questões objetivas, são apresentadas 5 opções. Apenas uma responde corretamente à questão.
4. O tempo disponível para estas provas é de cinco horas e trinta minutos.
5. Reserve tempo suficiente para preencher o CARTÃO-RESPOSTA e a FOLHA DE REDAÇÃO.
6. Os rascunhos e as marcações assinaladas no CADERNO DE QUESTÕES não serão considerados na avaliação.
7. Somente serão corrigidas as redações transcritas na FOLHA DE REDAÇÃO.
8. Quando terminar as provas, acene para chamar o aplicador e entregue este CADERNO DE QUESTÕES, o CARTÃO-RESPOSTA/FOLHA DE REDAÇÃO.
9. Você poderá deixar o local de prova somente após decorridas duas horas do início da aplicação e poderá levar seu CADERNO DE QUESTÕES ao deixar em definitivo a sala de prova nos 30 minutos que antecedem o término das provas.
LINGUAGENS, CÓDIGOS E SUAS TECNOLOGIAS
Questões de 1 a 45
Questões de 1 a 5 (opção inglês)",NA,"TEXTO 1
O cinema constituía um encanto indefinível: além do entretenimento delicioso das vidas alheias por meio dos filmes, o pretexto amável para os encontros de olhos, para a mostra dos vestidos, para as tagarelices com as vizinhas de cadeiras.
TEXTO 2
O pouco caso na seleção dos filmes para serem exibidos nos espetáculos diurnos tem sido causa de inúmeros dissabores sofridos pelos progenitores que levam os seus filhos ao cinema para recreá-los. Em toda parte, tanto nas casas de famílias como nos colégios, só se ouve a petizada falar em fitas, em artistas cinematográficos, nas proezas de William Hart ou nas façanhas de Mutt.
Publicados na primeira metade do século 20, os textos apresentam","B","conclusões semelhantes sobre o mesmo suporte midiático.",0,NA,NA,NA,NA,"Portuguese","A"
"enem_2025_1mil_ch","enem_2025_1mil_ch_1",140451,"ENEM 2025 - CH","Exame Nacional do Ensino Médio
ENEM 2025
Prova de Linguagens, Códigos e suas Tecnologias e Redação
Prova de Ciências Humanas e suas Tecnologias
1º dia
Caderno 9 – Laranja
INEP
Ministério da Educação
ATENÇÃO: transcreva no espaço apropriado do seu CARTÃO-RESPOSTA, com sua caligrafia usual, considerando as letras maiúsculas e minúsculas, a seguinte frase:
Cada pessoa deve trabalhar para o seu aperfeiçoamento
LEIA ATENTAMENTE AS INSTRUÇÕES SEGUINTES:
1. Este CADERNO DE QUESTÕES contém 90 questões numeradas de 1 a 90 e a Proposta de Redação, dispostas da seguinte maneira:
a) questões de número 1 a 45, relativas à área de Linguagens, Códigos e suas Tecnologias;
b) Proposta de Redação;
c) questões de número 46 a 90, relativas à área de Ciências Humanas e suas Tecnologias.
ATENÇÃO: as questões de 1 a 5 são relativas à língua estrangeira. Você deverá responder apenas às questões relativas à língua estrangeira (inglês ou espanhol) escolhida no ato de sua inscrição.
2. Confira se a quantidade e a ordem das questões do seu CADERNO DE QUESTÕES estão de acordo com as instruções anteriores. Caso o caderno esteja incompleto, tenha defeito ou apresente qualquer divergência, comunique ao aplicador da sala para que ele tome as providências cabíveis.
3. Para cada uma das questões objetivas, são apresentadas 5 opções. Apenas uma responde corretamente à questão.
4. O tempo disponível para estas provas é de cinco horas e trinta minutos.
5. Reserve tempo suficiente para preencher o CARTÃO-RESPOSTA e a FOLHA DE REDAÇÃO.
6. Os rascunhos e as marcações assinaladas no CADERNO DE QUESTÕES não serão considerados na avaliação.
7. Somente serão corrigidas as redações transcritas na FOLHA DE REDAÇÃO.
8. Quando terminar as provas, acene para chamar o aplicador e entregue este CADERNO DE QUESTÕES, o CARTÃO-RESPOSTA/FOLHA DE REDAÇÃO.
9. Você poderá deixar o local de prova somente após decorridas duas horas do início da aplicação e poderá levar seu CADERNO DE QUESTÕES ao deixar em definitivo a sala de prova nos 30 minutos que antecedem o término das provas.
LINGUAGENS, CÓDIGOS E SUAS TECNOLOGIAS
Questões de 1 a 45
Questões de 1 a 5 (opção inglês)",NA,"TEXTO 1
O cinema constituía um encanto indefinível: além do entretenimento delicioso das vidas alheias por meio dos filmes, o pretexto amável para os encontros de olhos, para a mostra dos vestidos, para as tagarelices com as vizinhas de cadeiras.
TEXTO 2
O pouco caso na seleção dos filmes para serem exibidos nos espetáculos diurnos tem sido causa de inúmeros dissabores sofridos pelos progenitores que levam os seus filhos ao cinema para recreá-los. Em toda parte, tanto nas casas de famílias como nos colégios, só se ouve a petizada falar em fitas, em artistas cinematográficos, nas proezas de William Hart ou nas façanhas de Mutt.
Publicados na primeira metade do século 20, os textos apresentam","B","argumentos contrários sobre o mesmo tipo de diversão.",1,NA,NA,NA,NA,"Portuguese","B"
"enem_2025_1mil_ch","enem_2025_1mil_ch_1",140451,"ENEM 2025 - CH","Exame Nacional do Ensino Médio
ENEM 2025
Prova de Linguagens, Códigos e suas Tecnologias e Redação
Prova de Ciências Humanas e suas Tecnologias
1º dia
Caderno 9 – Laranja
INEP
Ministério da Educação
ATENÇÃO: transcreva no espaço apropriado do seu CARTÃO-RESPOSTA, com sua caligrafia usual, considerando as letras maiúsculas e minúsculas, a seguinte frase:
Cada pessoa deve trabalhar para o seu aperfeiçoamento
LEIA ATENTAMENTE AS INSTRUÇÕES SEGUINTES:
1. Este CADERNO DE QUESTÕES contém 90 questões numeradas de 1 a 90 e a Proposta de Redação, dispostas da seguinte maneira:
a) questões de número 1 a 45, relativas à área de Linguagens, Códigos e suas Tecnologias;
b) Proposta de Redação;
c) questões de número 46 a 90, relativas à área de Ciências Humanas e suas Tecnologias.
ATENÇÃO: as questões de 1 a 5 são relativas à língua estrangeira. Você deverá responder apenas às questões relativas à língua estrangeira (inglês ou espanhol) escolhida no ato de sua inscrição.
2. Confira se a quantidade e a ordem das questões do seu CADERNO DE QUESTÕES estão de acordo com as instruções anteriores. Caso o caderno esteja incompleto, tenha defeito ou apresente qualquer divergência, comunique ao aplicador da sala para que ele tome as providências cabíveis.
3. Para cada uma das questões objetivas, são apresentadas 5 opções. Apenas uma responde corretamente à questão.
4. O tempo disponível para estas provas é de cinco horas e trinta minutos.
5. Reserve tempo suficiente para preencher o CARTÃO-RESPOSTA e a FOLHA DE REDAÇÃO.
6. Os rascunhos e as marcações assinaladas no CADERNO DE QUESTÕES não serão considerados na avaliação.
7. Somente serão corrigidas as redações transcritas na FOLHA DE REDAÇÃO.
8. Quando terminar as provas, acene para chamar o aplicador e entregue este CADERNO DE QUESTÕES, o CARTÃO-RESPOSTA/FOLHA DE REDAÇÃO.
9. Você poderá deixar o local de prova somente após decorridas duas horas do início da aplicação e poderá levar seu CADERNO DE QUESTÕES ao deixar em definitivo a sala de prova nos 30 minutos que antecedem o término das provas.
LINGUAGENS, CÓDIGOS E SUAS TECNOLOGIAS
Questões de 1 a 45
Questões de 1 a 5 (opção inglês)",NA,"TEXTO 1
O cinema constituía um encanto indefinível: além do entretenimento delicioso das vidas alheias por meio dos filmes, o pretexto amável para os encontros de olhos, para a mostra dos vestidos, para as tagarelices com as vizinhas de cadeiras.
TEXTO 2
O pouco caso na seleção dos filmes para serem exibidos nos espetáculos diurnos tem sido causa de inúmeros dissabores sofridos pelos progenitores que levam os seus filhos ao cinema para recreá-los. Em toda parte, tanto nas casas de famílias como nos colégios, só se ouve a petizada falar em fitas, em artistas cinematográficos, nas proezas de William Hart ou nas façanhas de Mutt.
Publicados na primeira metade do século 20, os textos apresentam","B","discursos contraditórios sobre a mesma didática escolar.",0,NA,NA,NA,NA,"Portuguese","C"
"enem_2025_1mil_ch","enem_2025_1mil_ch_1",140451,"ENEM 2025 - CH","Exame Nacional do Ensino Médio
ENEM 2025
Prova de Linguagens, Códigos e suas Tecnologias e Redação
Prova de Ciências Humanas e suas Tecnologias
1º dia
Caderno 9 – Laranja
INEP
Ministério da Educação
ATENÇÃO: transcreva no espaço apropriado do seu CARTÃO-RESPOSTA, com sua caligrafia usual, considerando as letras maiúsculas e minúsculas, a seguinte frase:
Cada pessoa deve trabalhar para o seu aperfeiçoamento
LEIA ATENTAMENTE AS INSTRUÇÕES SEGUINTES:
1. Este CADERNO DE QUESTÕES contém 90 questões numeradas de 1 a 90 e a Proposta de Redação, dispostas da seguinte maneira:
a) questões de número 1 a 45, relativas à área de Linguagens, Códigos e suas Tecnologias;
b) Proposta de Redação;
c) questões de número 46 a 90, relativas à área de Ciências Humanas e suas Tecnologias.
ATENÇÃO: as questões de 1 a 5 são relativas à língua estrangeira. Você deverá responder apenas às questões relativas à língua estrangeira (inglês ou espanhol) escolhida no ato de sua inscrição.
2. Confira se a quantidade e a ordem das questões do seu CADERNO DE QUESTÕES estão de acordo com as instruções anteriores. Caso o caderno esteja incompleto, tenha defeito ou apresente qualquer divergência, comunique ao aplicador da sala para que ele tome as providências cabíveis.
3. Para cada uma das questões objetivas, são apresentadas 5 opções. Apenas uma responde corretamente à questão.
4. O tempo disponível para estas provas é de cinco horas e trinta minutos.
5. Reserve tempo suficiente para preencher o CARTÃO-RESPOSTA e a FOLHA DE REDAÇÃO.
6. Os rascunhos e as marcações assinaladas no CADERNO DE QUESTÕES não serão considerados na avaliação.
7. Somente serão corrigidas as redações transcritas na FOLHA DE REDAÇÃO.
8. Quando terminar as provas, acene para chamar o aplicador e entregue este CADERNO DE QUESTÕES, o CARTÃO-RESPOSTA/FOLHA DE REDAÇÃO.
9. Você poderá deixar o local de prova somente após decorridas duas horas do início da aplicação e poderá levar seu CADERNO DE QUESTÕES ao deixar em definitivo a sala de prova nos 30 minutos que antecedem o término das provas.
LINGUAGENS, CÓDIGOS E SUAS TECNOLOGIAS
Questões de 1 a 45
Questões de 1 a 5 (opção inglês)",NA,"TEXTO 1
O cinema constituía um encanto indefinível: além do entretenimento delicioso das vidas alheias por meio dos filmes, o pretexto amável para os encontros de olhos, para a mostra dos vestidos, para as tagarelices com as vizinhas de cadeiras.
TEXTO 2
O pouco caso na seleção dos filmes para serem exibidos nos espetáculos diurnos tem sido causa de inúmeros dissabores sofridos pelos progenitores que levam os seus filhos ao cinema para recreá-los. Em toda parte, tanto nas casas de famílias como nos colégios, só se ouve a petizada falar em fitas, em artistas cinematográficos, nas proezas de William Hart ou nas façanhas de Mutt.
Publicados na primeira metade do século 20, os textos apresentam","B","regras teológicas acerca de um mesmo recurso pedagógico.",0,NA,NA,NA,NA,"Portuguese","D"
"enem_2025_1mil_ch","enem_2025_1mil_ch_1",140451,"ENEM 2025 - CH","Exame Nacional do Ensino Médio
ENEM 2025
Prova de Linguagens, Códigos e suas Tecnologias e Redação
Prova de Ciências Humanas e suas Tecnologias
1º dia
Caderno 9 – Laranja
INEP
Ministério da Educação
ATENÇÃO: transcreva no espaço apropriado do seu CARTÃO-RESPOSTA, com sua caligrafia usual, considerando as letras maiúsculas e minúsculas, a seguinte frase:
Cada pessoa deve trabalhar para o seu aperfeiçoamento
LEIA ATENTAMENTE AS INSTRUÇÕES SEGUINTES:
1. Este CADERNO DE QUESTÕES contém 90 questões numeradas de 1 a 90 e a Proposta de Redação, dispostas da seguinte maneira:
a) questões de número 1 a 45, relativas à área de Linguagens, Códigos e suas Tecnologias;
b) Proposta de Redação;
c) questões de número 46 a 90, relativas à área de Ciências Humanas e suas Tecnologias.
ATENÇÃO: as questões de 1 a 5 são relativas à língua estrangeira. Você deverá responder apenas às questões relativas à língua estrangeira (inglês ou espanhol) escolhida no ato de sua inscrição.
2. Confira se a quantidade e a ordem das questões do seu CADERNO DE QUESTÕES estão de acordo com as instruções anteriores. Caso o caderno esteja incompleto, tenha defeito ou apresente qualquer divergência, comunique ao aplicador da sala para que ele tome as providências cabíveis.
3. Para cada uma das questões objetivas, são apresentadas 5 opções. Apenas uma responde corretamente à questão.
4. O tempo disponível para estas provas é de cinco horas e trinta minutos.
5. Reserve tempo suficiente para preencher o CARTÃO-RESPOSTA e a FOLHA DE REDAÇÃO.
6. Os rascunhos e as marcações assinaladas no CADERNO DE QUESTÕES não serão considerados na avaliação.
7. Somente serão corrigidas as redações transcritas na FOLHA DE REDAÇÃO.
8. Quando terminar as provas, acene para chamar o aplicador e entregue este CADERNO DE QUESTÕES, o CARTÃO-RESPOSTA/FOLHA DE REDAÇÃO.
9. Você poderá deixar o local de prova somente após decorridas duas horas do início da aplicação e poderá levar seu CADERNO DE QUESTÕES ao deixar em definitivo a sala de prova nos 30 minutos que antecedem o término das provas.
LINGUAGENS, CÓDIGOS E SUAS TECNOLOGIAS
Questões de 1 a 45
Questões de 1 a 5 (opção inglês)",NA,"TEXTO 1
O cinema constituía um encanto indefinível: além do entretenimento delicioso das vidas alheias por meio dos filmes, o pretexto amável para os encontros de olhos, para a mostra dos vestidos, para as tagarelices com as vizinhas de cadeiras.
TEXTO 2
O pouco caso na seleção dos filmes para serem exibidos nos espetáculos diurnos tem sido causa de inúmeros dissabores sofridos pelos progenitores que levam os seus filhos ao cinema para recreá-los. Em toda parte, tanto nas casas de famílias como nos colégios, só se ouve a petizada falar em fitas, em artistas cinematográficos, nas proezas de William Hart ou nas façanhas de Mutt.
Publicados na primeira metade do século 20, os textos apresentam","B","justificativas idênticas acerca de um mesmo aspecto cultural.",0,NA,NA,NA,NA,"Portuguese","E"
