deposit,table,verdict,instrument,wording_source,evidence,rights,old_agrees,old_disagree_reason,effort,slice
10.34894/fddftj,IJLS_Eersel_2024_Anxiety,RIGHTS_BLOCK,"Hospital Anxiety and Depression Scale (HADS), Dutch admin., English rendering",,"Wording IS published: DataverseNL IJLS_readme.txt (file 378452) lists the HADS anxiety A1-A7 items in English. Blocked on the originator terms (GL Assessment / Mapi), which require prior written permission to reproduce.","quote:""you are not authorized to modify, retype, translate, copy or otherwise duplicate the Questionnaire except with the further and prior written permission of Mapi Research Trust / the developers / copyright holders"" (HADS, all rights reserved to GL Assessment) https://eprovide.mapi-trust.org/instruments/hospital-anxiety-and-depression-scale",yes,,low,1
10.34894/fddftj,IJLS_Eersel_2024_Depression,RIGHTS_BLOCK,"Hospital Anxiety and Depression Scale (HADS), Dutch admin., English rendering",,"Wording IS published: DataverseNL IJLS_readme.txt (file 378452) lists the HADS depression D1-D7 items in English. Blocked on the originator terms (GL Assessment / Mapi), which require prior written permission to reproduce.","quote:""you are not authorized to modify, retype, translate, copy or otherwise duplicate the Questionnaire except with the further and prior written permission of Mapi Research Trust / the developers / copyright holders"" (HADS, all rights reserved to GL Assessment) https://eprovide.mapi-trust.org/instruments/hospital-anxiety-and-depression-scale",yes,,low,1
table:robison_2026_retesting_stroop,robison_2026_retesting_stroop,NOT_ITEM_TEXT,Stroop task,,Items are Stroop stimulus conditions (e.g. BlueinBlueInk) with trial-level accuracy/RT and itemcov_conflict; no biblio or processing script in IRW. The item name already says what the stimulus is; there is no question wording to add.,n/a,na,,low,1
10.6084/m9.figshare.29378996,divia_2025_tiktok_fomo_shopping,NOT_PUBLISHED,unnamed 21-item shopping/FoMO survey (UP/KI/LP/R/T/PP/PM/EP/MP),,"figshare API works (CC BY 4.0). The only file is data - Divia.xlsx, which has codes UP1..MP2 and no wording. The description names no instrument or paper, and a web search found no linked article. Also: the deposit holds respondents' TikTok usernames (column 1).",n/a,no,"The old audit said BLOCKED because of a figshare 403. The API is reachable, and it shows a codes-only file.",high,1
10.1007/s11136-023-03348-7,uti_newlands_2023_rutiiq,OBTAINABLE,"Recurrent UTI Impact Questionnaire (RUTIIQ), authors' own","https://osf.io/download/c2984/ (Pilot Data Codebook.xlsx, rutiiq1_* rows) + paper Table 3 https://link.springer.com/content/pdf/10.1007/s11136-023-03348-7.pdf","The OSF codebook gives the full wording of the rutiiq1_a1.. items (44 codebook rows, 0-10 agreement). The CC BY paper prints the final items in Table 3. IRW has 42 items because the script drops columns matching check/other, so the mapping needs a check against those drops.",silence,na,,low,1
10.1007/s11136-023-03348-7,uti_newlands_2023_phq,OBTAINABLE,PHQ-9,https://www.phqscreeners.com/select-screener (PHQ-9 English form),"The deposit codebook names the PHQ-9 but gives no wording. The instrument's own public form has all 9 items, which map 1:1 to phq_1..9.",register:PHQ and GAD screener family (ship),na,,low,1
10.1007/s11136-023-03348-7,uti_newlands_2023_gad,OBTAINABLE,GAD-7,https://www.phqscreeners.com/select-screener (GAD-7 English form),The deposit codebook names the GAD-7 but gives no wording. The public form has all 7 items.,register:PHQ and GAD screener family (ship),na,,low,1
10.1007/s11136-023-03348-7,uti_newlands_2023_wpai,OBTAINABLE,WPAI:SHP (Reilly),http://www.reillyassociates.net/wpai_general.html (WPAI:SHP form),"The paper uses the WPAI:SHP (6 questions, matching IRW's 6 items). The deposit has no wording, but Reilly Associates publishes the forms. Its work/activity items are numeric (hours/0-10), not agreement items.","quote:""The instrument is not copyrighted... written permission is neither required nor provided... no fees"" (plus the condition that the questionnaire cannot be called the WPAI if questions or responses are changed) http://www.reillyassociates.net/wpai_general.html",na,,low,1
10.1007/s11136-023-03348-7,uti_newlands_2023_uclals,NEEDS_HUMAN,UCLA Loneliness Scale Version 3 (Russell 1996),,The deposit has no wording. The 20 items are public (e.g. the Fetzer self-measures PDF). No originator terms were found (Russell has no terms page). The distributor page on Mapi ePROVIDE is a JS shell and could not be read. Decision: confirm there is no Mapi/Russell restriction before treating this as silence.,silence (distributor page unread),na,,low,1
10.1007/s11136-023-03348-7,uti_newlands_2023_fsdsr,NEEDS_HUMAN,"Female Sexual Distress Scale-Revised (FSDS-R), (c) American Foundation for Urological Disease",,"The deposit has no wording. The 13 items circulate in clinic PDFs (copyright AFUD 2000). Mapi ePROVIDE distributes it, and its terms page was unreadable (JS shell). Decision: read the holder's terms. A permission clause, which is likely, would make this RIGHTS_BLOCK.",unknown: (c) AFUD; ePROVIDE terms unread,na,,low,1
10.1007/s11136-023-03348-7,uti_newlands_2023_psq,NEEDS_HUMAN,"Patient Satisfaction Questionnaire Short Form (PSQ-18), RAND",,"The deposit has no wording. The PSQ-18 is a public RAND survey, but rand.org returned 403 to both curl and WebFetch, so the terms were not read. The SF-36 register row (RAND grant, ship) suggests the same RAND terms apply. Decision: confirm the PSQ terms page.",unread: rand.org 403; analogous register:RAND SF-36 (ship),na,,low,1
10.1037/pspp0000547,talaifar_2025_study1_lifestyle_survey,OBTAINABLE,"Lifestyle Survey (authors' own behaviour-frequency list, 93 items)","https://osf.io/download/6k2cp/ (Survey Materials/Handbook_ Fall 2016 Survey measures.pdf, ls_1..ls_93) and https://osf.io/download/3mtxr/ (Spring 2017)","The OSF handbook lists ls_1..ls_93 with the behaviour wording (e.g. ls_1 ""Cook a meal at home""), and footnote markers *1..*4 point to the response-format stems. IRW items are ls_1..ls_93, so they map directly. The Fall and Spring handbooks should be checked for differences.",silence,na,,medium,1
10.1037/1040-3590.4.1.26,bfi_goldberg_1992_agreeableness,OBTAINABLE,"IPIP Big-Five Factor Markers (50-item, Goldberg 1992), not the BFI","https://openpsychometrics.org/_rawdata/BIG5.zip (codebook.txt, A1-A10)","The BIG5 codebook gives the full text of A1-A10, and n=19,719 matches. The table name says ""bfi"", but these are IPIP markers, not the (blocked) BFI-44.",register:International Personality Item Pool (IPIP) (ship),na,,low,1
10.1037/1040-3590.4.1.26,bfi_goldberg_1992_conscientiousness,OBTAINABLE,"IPIP Big-Five Factor Markers (50-item, Goldberg 1992), not the BFI","https://openpsychometrics.org/_rawdata/BIG5.zip (codebook.txt, C1-C10)","The BIG5 codebook gives the full text of C1-C10, and n=19,719 matches. The table name says ""bfi"", but these are IPIP markers, not the (blocked) BFI-44.",register:International Personality Item Pool (IPIP) (ship),na,,low,1
10.1037/1040-3590.4.1.26,bfi_goldberg_1992_extraversion,OBTAINABLE,"IPIP Big-Five Factor Markers (50-item, Goldberg 1992), not the BFI","https://openpsychometrics.org/_rawdata/BIG5.zip (codebook.txt, E1-E10)","The BIG5 codebook gives the full text of E1-E10, and n=19,719 matches. The table name says ""bfi"", but these are IPIP markers, not the (blocked) BFI-44.",register:International Personality Item Pool (IPIP) (ship),na,,low,1
10.1037/1040-3590.4.1.26,bfi_goldberg_1992_neuroticism,OBTAINABLE,"IPIP Big-Five Factor Markers (50-item, Goldberg 1992), not the BFI","https://openpsychometrics.org/_rawdata/BIG5.zip (codebook.txt, N1-N10)","The BIG5 codebook gives the full text of N1-N10, and n=19,719 matches. The table name says ""bfi"", but these are IPIP markers, not the (blocked) BFI-44.",register:International Personality Item Pool (IPIP) (ship),na,,low,1
10.1037/1040-3590.4.1.26,bfi_goldberg_1992_openness_to_experience,OBTAINABLE,"IPIP Big-Five Factor Markers (50-item, Goldberg 1992), not the BFI","https://openpsychometrics.org/_rawdata/BIG5.zip (codebook.txt, O1-O10)","The BIG5 codebook gives the full text of O1-O10, and n=19,719 matches. The table name says ""bfi"", but these are IPIP markers, not the (blocked) BFI-44.",register:International Personality Item Pool (IPIP) (ship),na,,low,1
10.1111/j.1471-6402.1998.tb00158.x,feminist_perspectives,OBTAINABLE,"Feminist Perspectives Scale (Henley et al. 1998), 60 attitude items","https://emerge.ucsd.edu/r_1lid8sa3r3yrkh3/ (Items section, 1-60 by subscale)","The openpsychometrics codebook says the text is only in Henley 1998, which is closed (OpenAlex). UCSD EMERGE prints all 60 items numbered 1-60. The risk is that EMERGE groups items by subscale, so its numbering may not match the administered/paper order that FPS columns follow.",silence,no,The old audit found no open copy. UCSD EMERGE reproduces all 60 items.,medium,1
10.1371/journal.pone.0310351,idemudia_2025_d101,UNREACHABLE,"Acculturative Stress Scale for International Students (ASSIS, Sandhu & Asrabadi 1994)",,"The block is identified by 36 items at 1-5 and the 7 ASSIS subscale composites in S1 (Perceived_discrimination..Miscellaneous). The paper names the ASSIS but gives no items. The original (Psychol Rep, SAGE) is paywalled, and no open full reproduction was found (academia.edu copy not tried).",n/a,yes,,medium,1
10.1371/journal.pone.0310351,idemudia_2025_e201,UNREACHABLE,"East Asian Acculturation Measure (EAAM, Barry 2001), adapted to Germany/SA host",,"The block is identified by 29 items at 1-7 and the Assimilation/Separation/Integration/Marginalization composites. The paper gives no items, and Barry 2001 is paywalled. The Myanmar validation (PMC10900054) does not list the items. The administered wording substitutes the host country, so even the original would need adaptation.",n/a,yes,,high,1
10.1371/journal.pone.0310351,idemudia_2025_s101,NEEDS_HUMAN,"probably MSPSS (Zimet 1988), inferred",,"12 items at 1-7, and S1 carries Significant_other/Family/friends composites, which fits the MSPSS. The paper never names it, and the data have SoSci codes only. Decision: is inferring the instrument from composite columns enough to attach MSPSS wording? MSPSS rights were not checked.",n/a (identity unconfirmed),no,The old audit said no instrument is described. The composite columns in S1 point to the MSPSS.,medium,1
10.1371/journal.pone.0310351,idemudia_2025_s201,NOT_PUBLISHED,unidentified 4-item block (1-5),,"Not named in the paper, and S1 has codes only. It is possibly the financial/institutional support items behind the Financial_support/Institutional_support composites, but nothing confirms that.",n/a,yes,,high,1
10.1371/journal.pone.0310351,idemudia_2025_t101,RIGHTS_BLOCK,GHQ-12 (+ PHQ-4) inferred,,"16 items at 1-4. S1 composites GHQ_TOTAL, Social_Dysfunction, Anxiety_Depression, Loss_of_Confidence (GHQ-12 factors), GAD_total and PHQ_total fit GHQ-12 + PHQ-4 = 16. The paper does not name them. At least 12 items fall under the GHQ register block.",register:General Health Questionnaire family (block),no,"The old audit said no instrument is described. The S1 composite columns identify the GHQ-12, which is register-blocked.",medium,1
10.1371/journal.pone.0310351,idemudia_2025_t201,NEEDS_HUMAN,"probably Psychological Capital Questionnaire PCQ-12 (Mind Garden), inferred",,"12 items at 1-6, and S1 has Self_efficacy/Hope/Resilience/Optimism composites, which fits the PCQ-12 (6-point). The paper does not name it. The PCQ is sold by Mind Garden, and the register's Mind Garden rows (STAI, BSRI) block, so this likely ends as RIGHTS_BLOCK. Decision: confirm the identity and quote Mind Garden's PCQ terms.",likely Mind Garden restriction (unquoted),no,"The old audit said no instrument is described. The composites point to the PCQ-12, a likely rights block.",medium,1
table:Karim2022_tmoca_subscales_longitudinal,Karim2022_tmoca_subscales_longitudinal,RIGHTS_BLOCK,Telephone MoCA (T-MoCA) subtest scores,,"Items are MoCA subtest scores (VF, Or, Me, DS, SA, SS, SR, Ab, N, TM, CD, CC). The wording would be the MoCA task instructions, and the MoCA reserves reproduction. The table has no biblio or refs.","quote:""MoCA(c) may be used, reproduced, and distributed WITH permission... If you would like to print the MoCA in a book or in another source, please request permission"" https://mocacognition.com/permission/",na,,medium,1
10.1037/xge0000698,cogcontrol_gyurkovics_2019_mwprobe,OBTAINABLE,SART thought probe (Gyurkovics et al.),"https://eprints.whiterose.ac.uk/152525/3/CogControlManuscript_Revision_Round2_ChangesAccepted.pdf (Method, SART with thought probes)","The green OA manuscript quotes the probe: ""Please choose the one option below that best describes your experience with the task just now"" with 4 options. The same probe is used for all 10 items (probe_01..10 are occasions), and resp is recoded to binary MW, so the options do not map 1:1 to resp.",silence,no,The old audit said BLOCKED on the APA paywall. OpenAlex lists green OA copies containing the verbatim probe.,low,1
10.3389/fpsyg.2022.1014794.s001,chen2022_sasc,NOT_PUBLISHED,"Social Anxiety Scale for Children (SASC, La Greca 1988), Chinese (Ma 1993)",,"The figshare CSV has codes A1..A48 only. The paper (PMC9679498) gives 2 example items and calls the SASC a 10-item scale, but IRW has 14 items (A35-A48), so the table may include non-SASC columns. The Chinese version (Ma 1993 manual) is not open.",n/a,na,,high,1
table:Zanesco_2023_Golleretal2020,Zanesco_2023_Golleretal2020,OBTAINABLE,"SART thought probe, on/off-task 5-point (Goller et al. 2020 data, via Zanesco et al.)","https://pmc.ncbi.nlm.nih.gov/articles/PMC11362314/ (Method: Goller et al. 2020 dataset, second probe)","Items T1-T36 are 36 probe occasions of the same question. Zanesco et al. (BRM 2024, CC BY) describe the probe as rating on-/off-task from 1 (completely on-task) to 5 (completely off-task), which matches the 5 categories. The verbatim stem should be confirmed in Goller et al. 2020 or the OSF (osf.io/shxb6). There is no biblio in IRW.",silence,na,,low,1
10.3389/fpsyg.2020.590276,pellerin2020_3dws,OBTAINABLE,3D-WS-12 (Thomas et al. 2017; Ardelt),https://people.clas.ufl.edu/ardelt/files/Instructions-for-the-3D-WS-12-Questionnaire.pdf (items 1-12 tagged c/r/a),"The originator's page hosts the English 3D-WS-12 with dimension tags, 4 each for c/r/a, which matches Cog_1-4/Refl_1-4/Aff_1-4. The order within each dimension and the French administration need checking.",silence (Ardelt page offers the file; no reservation stated),no,The old audit said the development paper is paywalled. The originator hosts the 12 items openly.,medium,1
10.3389/fpsyg.2020.590276,pellerin2020_asti,OBTAINABLE,"Adult Self-Transcendence Inventory, self-transcendence dimension (Koller, Levenson & Glueck 2017)","https://www.ebi.ac.uk/europepmc/webservices/rest/PMC5318383/fullTextXML (Table 3B, SELF-TRANSCENDENCE rows I02,I04,I07,I13,I16,I24,I25)","Koller et al. 2017 (Frontiers, CC BY) Table 3B lists the 7 ST-dimension items verbatim, which matches IRW ST_1..7. French administration.",silence,no,The old audit found no open item source. Koller 2017 (OA) prints the 7 ST items.,medium,1
10.3389/fpsyg.2020.590276,pellerin2020_mwbs_gratbeing,UNREACHABLE,"Minimalist Well-Being Scale (Kan, Karasawa & Kitayama 2009), gratitude-for-being facet (4)",,"The Pellerin paper gives one example item. OSF 45aq3 has only the data CSV and an R script. The Kan et al. 2009 source (Self & Identity) is paywalled, and no open reproduction was found within budget.",n/a,yes,,high,1
10.3389/fpsyg.2020.590276,pellerin2020_mwbs_pd,UNREACHABLE,"Minimalist Well-Being Scale (Kan, Karasawa & Kitayama 2009), peaceful-disengagement facet (7)",,"The Pellerin paper gives one example item. OSF 45aq3 has only the data CSV and an R script. The Kan et al. 2009 source (Self & Identity) is paywalled, and no open reproduction was found within budget.",n/a,yes,,high,1
10.3389/fpsyg.2020.590276,pellerin2020_serenity_acceptance,NEEDS_HUMAN,"Brief Serenity Scale, Acceptance factor (Kreitzer et al. 2009)",https://www.ncbi.nlm.nih.gov/research/bionlp/RESTful/pmcoa.cgi/BioC_json/PMC2818779/unicode (Table: Factor 1 Acceptance),"The Kreitzer 2009 author manuscript (PMC2818779) lists the Acceptance-factor items verbatim, but its 2-factor text says 10 Acceptance items while Pellerin used 8, in French. Decision: which 8 items, and is the English source acceptable for a French administration.",silence,no,The old audit said the Kreitzer text is not locatable. It is in the PMC author manuscript.,medium,1
10.31234/osf.io/jfgvr,xue_2024_full_dataset,NOT_ITEM_TEXT,content-coded open-ended threat categories (Study 1),,"The 19 items are counts of coded categories (""1. Physical and Mental State of self..."", etc.) from 10 free-text answers per person (Full-dataset and coding.xlsx). They are coding categories, not administered items.",n/a,na,,low,1
10.31234/osf.io/jfgvr,xue_2024_study2_efa,NEEDS_HUMAN,COVID-19 Multifaceted Threat pool (108 items) + Schwartz PVQ-style values items (Q29-Q31),https://osf.io/download/8r2fw/ (Table S2 - Original 100 Items) + SAV variable labels for Q29-31,"Table S2 plus the SAV give wording for the threat items (Health_1..Political_11). The same table also holds 22 Q29-Q31 values items (""How much like you is this person?... It is important to him to listen to people who are different..."") that fall under the Schwartz register block. Decision: ship partial item text or split the table.",mixed: threat items silence; Q29-31 register:Schwartz value instruments (block),na,,high,1
10.31234/osf.io/jfgvr,xue_2024_study3_cfa,NEEDS_HUMAN,"mixed: CovTh 30-item threat scale + VALUE(21, PVQ-21) + cope_pers(28) + growth, wellbeing, prosocial, govt items",https://osf.io/download/kb2gw/ (30-item threat scale),"CovTh1-30 wording is in the OSF docx, and the prosoc/govtsoli items carry SAV labels. VALUE1-21 (likely PVQ-21, register block), cope_pers (28, likely Brief COPE), pgrowth, sgrowth, perswb (5, possibly WHO-5, block) and socwb (15) are unlabelled. Decision: split, block and source per instrument.",mixed; VALUE register:Schwartz (block); perswb possibly register:WHO-5,na,,high,1
10.1371/journal.pone.0208438,wesselmann_2018_drri,OBTAINABLE,DRRI-2 Deployment Concerns (12),https://journals.plos.org/plosone/article/file?type=supplementary&id=10.1371/journal.pone.0208438.s001 (SAV variable labels drri1-12); also https://osf.io/download/ujfw6/,"The SPSS variable labels carry the full item wording for drri1-12 (e.g. drri1 ""I was concerned about getting an infectious disease.""; ost1 ""In general, others leave me out of their group."").",silence (VA/NCPTSD instrument),no,The old audit could not reach NCPTSD. The S1/OSF SAV carries full item labels.,low,1
10.1371/journal.pone.0208438,wesselmann_2018_social_support,OBTAINABLE,DRRI Post-Deployment Social Support (15),https://journals.plos.org/plosone/article/file?type=supplementary&id=10.1371/journal.pone.0208438.s001 (SAV variable labels social1-15); also https://osf.io/download/ujfw6/,"The SPSS variable labels carry the full item wording for social1-15 (e.g. drri1 ""I was concerned about getting an infectious disease.""; ost1 ""In general, others leave me out of their group."").",silence (VA/NCPTSD instrument),no,The old audit said the OSF could not be retrieved. The PLOS S1 SAV (and OSF ujfw6) label every item.,low,1
10.1371/journal.pone.0208438,wesselmann_2018_ostracism,OBTAINABLE,Ostracism Experience Scale (10),https://journals.plos.org/plosone/article/file?type=supplementary&id=10.1371/journal.pone.0208438.s001 (SAV variable labels ost1-10); also https://osf.io/download/ujfw6/,"The SPSS variable labels carry the full item wording for ost1-10 (e.g. drri1 ""I was concerned about getting an infectious disease.""; ost1 ""In general, others leave me out of their group."").",silence,no,The old audit chased the paywalled validation paper. The deposit SAV labels all 10 items.,low,1
10.1371/journal.pone.0208438,wesselmann_2018_state_anxiety,RIGHTS_BLOCK,STAI-6 (Marteau & Bekker 1992),,"The paper cites the Marteau & Bekker STAI short form, and the SAV labels its items (state1 ""I feel calm.""). The register block applies.",register:State-Trait Anxiety Inventory (STAI / STAI-6) (block),yes,,low,1
10.1371/journal.pone.0146050,wang_2016_study1_authalien,OBTAINABLE,"Authenticity Scale, self-alienation (Wood et al. 2008)","https://www.ebi.ac.uk/europepmc/webservices/rest/PMC8218545/fullTextXML (Frontiers 2021 Russian AS validation, item table with original English + subscale tags)","The deposit SAVs are unlabelled (A_aliennation1, A_a2..4). A CC BY Frontiers paper prints all 12 original English AS items tagged SA/AL/AEI, giving 4 SA items. The within-subscale order is assumed to be the original order.",silence,no,The old audit went to midss.org (403) and the paywalled original. An OA paper reprints all 12 items.,medium,1
10.1371/journal.pone.0146050,wang_2016_study1_authexternal,OBTAINABLE,"Authenticity Scale, accepting external influence (Wood et al. 2008)","https://www.ebi.ac.uk/europepmc/webservices/rest/PMC8218545/fullTextXML (Frontiers 2021 Russian AS validation, item table with original English + subscale tags)","As for self-alienation: the 4 AEI items are in the Frontiers table, and the SAV columns A_other1, A_o2..4 are unlabelled.",silence,no,The old audit went to midss.org (403). An OA paper reprints the items.,medium,1
10.1371/journal.pone.0146050,wang_2016_study1_relationship,UNREACHABLE,"Relationship Satisfaction Scale (Burns 1993, 7 items)",,"The SAV is unlabelled (Relationship1, R2..R7), and the paper gives one sample item. The Burns RSAT is distributed in his commercial Therapist's Toolkit. No open copy was found and the rights were not checked.",n/a,yes,,high,1
10.1371/journal.pone.0146050,wang_2016_study3_social_desirability,UNREACHABLE,"SDRS-5 (Hays, Hayashi & Stewart 1989), Chinese admin.",,"The s003 SAV has no labels (sd1-5), and the paper quotes 1 item. The 1989 original is paywalled, and an open copy was not located within budget. The processing notes also flag corrupted binary value labels.",n/a,yes,,medium,1
10.48550/arxiv.2602.0007,foundationalassist_worden_2026,NEEDS_HUMAN,ASSISTments problems (FoundationalASSIST),,"HF dataset (gated: manual approval) ships Data/Problems.csv, which likely holds problem text. The card licence is cc-by-nc-4.0, and here the depositor is the platform holding the problems, so NC would block. Many ASSISTments problems originate upstream in open curricula (e.g. Illustrative Mathematics, CC BY). Decision: whose terms govern, and whether to request gated access.","quote:""license: cc-by-nc-4.0"" (HF dataset card) https://huggingface.co/datasets/ASSISTments/FoundationalASSIST",na,,high,1
10.6084/m9.figshare.30093970,chen2025_activity_motivation,NOT_PUBLISHED,unnamed 15-item PA motivation scale,,"figshare API: the single SAV has unlabelled BI1-23/MOT1-15/PS1-5/SE1-10. The description names no instruments, and an OpenAlex search found no linked paper. Also: the deposit holds respondent IP addresses with city geolocation (column 来自IP).",n/a,yes,,high,1
10.6084/m9.figshare.30093970,chen2025_body_image,NOT_PUBLISHED,unnamed 23-item body image scale,,"figshare API: the single SAV has unlabelled BI1-23/MOT1-15/PS1-5/SE1-10. The description names no instruments, and an OpenAlex search found no linked paper. Also: the deposit holds respondent IP addresses with city geolocation (column 来自IP).",n/a,yes,,high,1
10.6084/m9.figshare.30093970,chen2025_peer_support,NOT_PUBLISHED,unnamed 5-item peer support scale,,"figshare API: the single SAV has unlabelled BI1-23/MOT1-15/PS1-5/SE1-10. The description names no instruments, and an OpenAlex search found no linked paper. Also: the deposit holds respondent IP addresses with city geolocation (column 来自IP).",n/a,no,"The old audit said BLOCKED on a figshare 403. The API is reachable, and it shows a codes-only SAV.",high,1
10.1371/journal.pone.0266711,avilatamayo_2022_empl_stab,OBTAINABLE,"Internal CSR questionnaire (Mory et al. 2016), Spanish validation, Employment stability",https://journals.plos.org/plosone/article/file?type=supplementary&id=10.1371/journal.pone.0266711.s002 (S1 Appendix: Spanish + English by subscale),"The S1 Appendix docx lists the administered Spanish items and the English originals under ""Employment stability"". Map by order within the subscale.",silence,na,,low,1
10.1371/journal.pone.0266711,avilatamayo_2022_skills_dev,OBTAINABLE,"Internal CSR questionnaire (Mory et al. 2016), Spanish validation, Skills development",https://journals.plos.org/plosone/article/file?type=supplementary&id=10.1371/journal.pone.0266711.s002 (S1 Appendix: Spanish + English by subscale),"The S1 Appendix docx lists the administered Spanish items and the English originals under ""Skills development"". Map by order within the subscale.",silence,na,,low,1
10.1371/journal.pone.0266711,avilatamayo_2022_work_envir,OBTAINABLE,"Internal CSR questionnaire (Mory et al. 2016), Spanish validation, Working environment",https://journals.plos.org/plosone/article/file?type=supplementary&id=10.1371/journal.pone.0266711.s002 (S1 Appendix: Spanish + English by subscale),"The S1 Appendix docx lists the administered Spanish items and the English originals under ""Working environment"". Map by order within the subscale.",silence,na,,low,1
10.1371/journal.pone.0266711,avilatamayo_2022_work_life,OBTAINABLE,"Internal CSR questionnaire (Mory et al. 2016), Spanish validation, Work-life balance",https://journals.plos.org/plosone/article/file?type=supplementary&id=10.1371/journal.pone.0266711.s002 (S1 Appendix: Spanish + English by subscale),"The S1 Appendix docx lists the administered Spanish items and the English originals under ""Work-life balance"". Map by order within the subscale.",silence,na,,low,1
10.1371/journal.pone.0266711,avilatamayo_2022_workf_div,OBTAINABLE,"Internal CSR questionnaire (Mory et al. 2016), Spanish validation, Workforce diversity",https://journals.plos.org/plosone/article/file?type=supplementary&id=10.1371/journal.pone.0266711.s002 (S1 Appendix: Spanish + English by subscale),"The S1 Appendix docx lists the administered Spanish items and the English originals under ""Workforce diversity"". Map by order within the subscale.",silence,na,,low,1
10.1371/journal.pone.0159386,rowe_2016_bai,NEEDS_HUMAN,Beck Anxiety Inventory (Pearson),,"The paper names the BAI (21 items) without wording, and the SI is data only. The BAI is sold and licensed by Pearson, but the Pearson permissions page returned 404, so no reservation clause was captured. Decision: capture the Pearson clause; this is expected to end as RIGHTS_BLOCK.",unquoted: Pearson licensing,no,"The outcome likely matches, but the old audit blocked on ""commercially licensed"" (retired test) with no quoted clause.",low,1
10.1371/journal.pone.0159386,rowe_2016_mfi20,RIGHTS_BLOCK,"Multidimensional Fatigue Inventory (MFI-20, Smets et al. 1995)",,"The paper names the MFI (20 items) without wording. The holder statement reserves a fee for commercial use. The quote is second-hand (CamCOPS citing EULAR OML), not the originator's own page.","quote:""The MFI is free for academic use, charges apply for commercial use."" https://camcops.readthedocs.io/en/latest/tasks/mfi20.html",yes,,low,1
10.1371/journal.pone.0159386,rowe_2016_symptoms,NOT_PUBLISHED,5 symptom-intensity ratings (0-10),,"The paper says only that fatigue, body pain, lightheadedness, concentration difficulty and headache were each rated verbally 0-10. No question stem is given in the text or the SI.",n/a,yes,,low,1
10.1371/journal.pone.0164630,iwasa_2016_stai_trait,RIGHTS_BLOCK,"State-Trait Anxiety Inventory, Japanese trait form",,Register settles it: STAI has a block row. The paper uses the Japanese STAI trait form as a convergent measure; I did not look for the wording because the block decides the outcome.,register:State-Trait Anxiety Inventory (STAI / STAI-6),yes,,n/a,2
10.7910/dvn/lxkjiv,goldberg_2018_bri_bri,OBTAINABLE,"Behavioral Report Inventory (BRI; Goldberg ESCS), 400 acts","https://dataverse.harvard.edu/api/access/datafile/3137962 (BRI_items.txt, SPSS variable labels)",BRI_items.txt labels BRI1..BRI400; the count matches.,silence,na,,low,2
10.7910/dvn/lxkjiv,goldberg_2018_bri_curio,NEEDS_HUMAN,"Curious Experiences Survey (31 items; derived from the Dissociative Experiences Scale, Bernstein & Putnam)","https://dataverse.harvard.edu/api/access/datafile/3137962 (BRI_items.txt, SPSS variable labels)","BRI_items.txt labels CURIO1..31 (count matches), and CURIO1 is DES item 1. The wording is obtainable, but the originator is upstream (DES) and I did not read its terms. Decision: check the DES rights holder's terms before shipping.",n/a,na,,low,2
10.7910/dvn/lxkjiv,goldberg_2018_bri_feel,OBTAINABLE,CES-D (20) plus 4 added items,"https://dataverse.harvard.edu/api/access/datafile/3137962 (BRI_items.txt, SPSS variable labels)","BRI_items.txt labels FEEL1..24; FEEL1 is CES-D item 1. The CES-D is not in the register, and no restriction was found.",silence,na,,low,2
10.7910/dvn/lxkjiv,goldberg_2018_bri_food,OBTAINABLE,Food habits items (20),"https://dataverse.harvard.edu/api/access/datafile/3137962 (BRI_items.txt, SPSS variable labels)","BRI_items.txt labels FOOD1..20, e.g. ""When eating chicken, take off the skin?""; the count matches.",silence,na,,low,2
10.7910/dvn/lxkjiv,goldberg_2018_bri_ofood,OBTAINABLE,Food frequency items (29),"https://dataverse.harvard.edu/api/access/datafile/3137962 (BRI_items.txt, SPSS variable labels)",BRI_items.txt labels OFOOD1..29; the count matches.,silence,na,,low,2
10.1080/13674676.2020.1850666,PeSCBCSCe_Novak_2020_SCBCS,UNREACHABLE,"Santa Clara Brief Compassion Scale (Hwang, Plante & Lackey 2008), Czech",,"The OSF preprint and data_share.csv give no item wording (columns SCBCS_1-5 only), and the published paper is closed access. The English original is in Hwang et al. 2008 (Pastoral Psychology, paywalled, no OA copy found). The administered Czech wording is unpublished.",n/a,na,,medium,2
10.1080/13674676.2020.1850666,PeSCBCSCe_Novak_2020_SPIRIT,RIGHTS_BLOCK,"Daily Spiritual Experience Scale, modified 15-item Czech version",,"The preprint identifies SPIRIT as the modified 15-item DSES (Underwood & Teresi), which the register blocks. Note that the data has 15 SPIRIT columns while IRW holds only 5 items, a possible processing defect (typo headers SIPRIT_8/SPRIT_14).",register:Daily Spiritual Experience Scale (DSES),na,,n/a,2
10.1016/j.crbeha.2021.100039,dss_mouta_2021,OBTAINABLE,"Decision Styles Scale (Hamilton, Shih & Mohammed 2016), Brazilian Portuguese",https://osf.io/download/vuk48/ (dss_brasilian_pt.pdf),"The OSF instrument PDF prints all 10 items in Portuguese, numbered to match v1..v10 per READ_ME.txt.",silence,na,,low,2
10.1371/journal.pone.0170225,wolf_2017_study1_anxiety,RIGHTS_BLOCK,"STAI state form, 10-item/6-item short selection (Spielberger)",,"Wording IS published: SPSS variable labels in S1 (anx1-10) and S2 (anx_pre1-6, anx_post1-10) give every item. It is blocked only by the register STAI row.",register:State-Trait Anxiety Inventory (STAI / STAI-6),yes,"Same outcome (withhold), but old audit's claim that the wording is unpublished is false: it is in the S1/S2 .sav labels.",low,2
10.1371/journal.pone.0170225,wolf_2017_study2_anxiety_post,RIGHTS_BLOCK,"STAI state form, 10-item/6-item short selection (Spielberger)",,"Wording IS published: SPSS variable labels in S1 (anx1-10) and S2 (anx_pre1-6, anx_post1-10) give every item. It is blocked only by the register STAI row.",register:State-Trait Anxiety Inventory (STAI / STAI-6),yes,"Same outcome (withhold), but old audit's claim that the wording is unpublished is false: it is in the S1/S2 .sav labels.",low,2
10.1371/journal.pone.0170225,wolf_2017_study2_anxiety_pre,RIGHTS_BLOCK,"STAI state form, 10-item/6-item short selection (Spielberger)",,"Wording IS published: SPSS variable labels in S1 (anx1-10) and S2 (anx_pre1-6, anx_post1-10) give every item. It is blocked only by the register STAI row.",register:State-Trait Anxiety Inventory (STAI / STAI-6),yes,"Same outcome (withhold), but old audit's claim that the wording is unpublished is false: it is in the S1/S2 .sav labels.",low,2
10.1371/journal.pone.0170225,wolf_2017_study2_video_liking,OBTAINABLE,Study-built video-liking items (Wolf et al. 2017),https://journals.plos.org/plosone/article/file?id=10.1371/journal.pone.0170225.s002 (SPSS labels like1-like6),"S2 .sav variable labels give all 6 items, e.g. like5 ""I liked the video"". The count matches n_items=6.",silence,no,Old audit read only the paper; the wording is in the S2 data-file labels.,low,2
10.6084/m9.figshare.31387864,mekheimer_2026_cai,OBTAINABLE,"Cultural-Academic Identity scale (study-built, Mekheimer 2026)","https://ndownloader.figshare.com/files/62067250 (Additional file 4, figshare 31387855: Appendices)","The Additional file 4 docx (figshare API, CC BY) prints all 18 items in order, matching the CAI_1..18 columns in Additional file 7. Reached through the figshare API, with no WAF in the way.",silence,no,Old audit hit Springer/figshare web walls. The figshare API serves the appendices docx directly.,low,2
10.6084/m9.figshare.31387864,mekheimer_2026_flp,OBTAINABLE,"Academic English proficiency self-assessment (study-built, Mekheimer 2026)","https://ndownloader.figshare.com/files/62067250 (Additional file 4, figshare 31387855: Appendices)","The Additional file 4 docx (figshare API, CC BY) prints all 4 items in order, matching the FLP_1..4 columns in Additional file 7. Reached through the figshare API, with no WAF in the way.",silence,no,Old audit hit Springer/figshare web walls. The figshare API serves the appendices docx directly.,low,2
10.6084/m9.figshare.31387864,mekheimer_2026_id,OBTAINABLE,"Identity Dissonance Scale (study-built, Mekheimer 2026)","https://ndownloader.figshare.com/files/62067250 (Additional file 4, figshare 31387855: Appendices)","The Additional file 4 docx (figshare API, CC BY) prints all 10 items in order, matching the ID_1..10 columns in Additional file 7. Reached through the figshare API, with no WAF in the way.",silence,no,Old audit hit Springer/figshare web walls. The figshare API serves the appendices docx directly.,low,2
10.6084/m9.figshare.31387864,mekheimer_2026_paf,OBTAINABLE,"Perceived Academic Freedom scale (study-built, Mekheimer 2026)","https://ndownloader.figshare.com/files/62067250 (Additional file 4, figshare 31387855: Appendices)","The Additional file 4 docx (figshare API, CC BY) prints all 10 items in order, matching the PAF_1..10 columns in Additional file 7. Reached through the figshare API, with no WAF in the way.",silence,no,Old audit hit Springer/figshare web walls. The figshare API serves the appendices docx directly.,low,2
10.1207/s15327906347-387,joreskog_moustaki_2001,UNREACHABLE,"Unidentified 6-item, 3-category attitude battery (Table 3 of paper)",,"The paper is closed access (OpenAlex: closed; the LSE eprint has no full text). The ResearchGate PDF returns 403. The IRW script only says ""table 3"", so I could not identify the instrument without the paper.",n/a,yes,,medium,2
10.7910/dvn/zdnsfj,feng2026_autonomy,NOT_PUBLISHED,"Study-built TAM/SDT constructs (PU, PEOU, AUT, COMP, EC, IM, BI)",,"The Dataverse API lists one file (date.xlsx) with headers PU1..BI3 only. There is no codebook, and the description gives no items. OpenAlex searches found no associated paper.",n/a,yes,,n/a,2
10.7910/dvn/zdnsfj,feng2026_behavioral_intention,NOT_PUBLISHED,"Study-built TAM/SDT constructs (PU, PEOU, AUT, COMP, EC, IM, BI)",,"The Dataverse API lists one file (date.xlsx) with headers PU1..BI3 only. There is no codebook, and the description gives no items. OpenAlex searches found no associated paper.",n/a,yes,,n/a,2
10.7910/dvn/zdnsfj,feng2026_competence,NOT_PUBLISHED,"Study-built TAM/SDT constructs (PU, PEOU, AUT, COMP, EC, IM, BI)",,"The Dataverse API lists one file (date.xlsx) with headers PU1..BI3 only. There is no codebook, and the description gives no items. OpenAlex searches found no associated paper.",n/a,yes,,n/a,2
10.7910/dvn/zdnsfj,feng2026_ec,NOT_PUBLISHED,"Study-built TAM/SDT constructs (PU, PEOU, AUT, COMP, EC, IM, BI)",,"The Dataverse API lists one file (date.xlsx) with headers PU1..BI3 only. There is no codebook, and the description gives no items. OpenAlex searches found no associated paper.",n/a,yes,,n/a,2
10.7910/dvn/zdnsfj,feng2026_intrinsic_motivation,NOT_PUBLISHED,"Study-built TAM/SDT constructs (PU, PEOU, AUT, COMP, EC, IM, BI)",,"The Dataverse API lists one file (date.xlsx) with headers PU1..BI3 only. There is no codebook, and the description gives no items. OpenAlex searches found no associated paper.",n/a,yes,,n/a,2
10.7910/dvn/zdnsfj,feng2026_perceived_ease_of_use,NOT_PUBLISHED,"Study-built TAM/SDT constructs (PU, PEOU, AUT, COMP, EC, IM, BI)",,"The Dataverse API lists one file (date.xlsx) with headers PU1..BI3 only. There is no codebook, and the description gives no items. OpenAlex searches found no associated paper.",n/a,yes,,n/a,2
10.7910/dvn/zdnsfj,feng2026_perceived_usefulness,NOT_PUBLISHED,"Study-built TAM/SDT constructs (PU, PEOU, AUT, COMP, EC, IM, BI)",,"The Dataverse API lists one file (date.xlsx) with headers PU1..BI3 only. There is no codebook, and the description gives no items. OpenAlex searches found no associated paper.",n/a,yes,,n/a,2
10.5281/zenodo.15116678,ilearnathome_regalado_2025,OBTAINABLE,Study-built ICT pedagogical-use questionnaire (Aprendo en casa),"https://zenodo.org/records/15116678 DATA.xlsx, sheet ""Questions"", items 1-15","The ""Questions"" sheet lists 15 Always/Sometimes/Never items in English. The count matches n_items=15. The administered wording was probably Spanish; this sheet is an English rendering.",silence,no,Old audit never opened the deposit. The Zenodo DATA.xlsx carries a Questions sheet.,low,2
10.7910/dvn/iek9pw,personality_entrepreneurship_brazil__abex,NOT_PUBLISHED,Big-Five-style subscales plus entrepreneurial intention (unnamed source),,"The Dataverse API shows one file (Base EI_vf.xlsx) with headers ABEX1..NEU4 only. The metadata ""publication"" field lists background references, not the study paper. OpenAlex search found no paper.",n/a,yes,,n/a,2
10.7910/dvn/iek9pw,personality_entrepreneurship_brazil__con,NOT_PUBLISHED,Big-Five-style subscales plus entrepreneurial intention (unnamed source),,"The Dataverse API shows one file (Base EI_vf.xlsx) with headers ABEX1..NEU4 only. The metadata ""publication"" field lists background references, not the study paper. OpenAlex search found no paper.",n/a,yes,,n/a,2
10.7910/dvn/iek9pw,personality_entrepreneurship_brazil__ex,NOT_PUBLISHED,Big-Five-style subscales plus entrepreneurial intention (unnamed source),,"The Dataverse API shows one file (Base EI_vf.xlsx) with headers ABEX1..NEU4 only. The metadata ""publication"" field lists background references, not the study paper. OpenAlex search found no paper.",n/a,yes,,n/a,2
10.7910/dvn/iek9pw,personality_entrepreneurship_brazil__inem,NOT_PUBLISHED,Big-Five-style subscales plus entrepreneurial intention (unnamed source),,"The Dataverse API shows one file (Base EI_vf.xlsx) with headers ABEX1..NEU4 only. The metadata ""publication"" field lists background references, not the study paper. OpenAlex search found no paper.",n/a,yes,,n/a,2
10.7910/dvn/iek9pw,personality_entrepreneurship_brazil__neu,NOT_PUBLISHED,Big-Five-style subscales plus entrepreneurial intention (unnamed source),,"The Dataverse API shows one file (Base EI_vf.xlsx) with headers ABEX1..NEU4 only. The metadata ""publication"" field lists background references, not the study paper. OpenAlex search found no paper.",n/a,yes,,n/a,2
https://osf.io/58xb9,opladen2025_fkg,OBTAINABLE,"Fragebogen zu Koerper und Gesundheit (FKG; Hiller/Rief), German","https://osf.io/download/nyg5d/ (Data - Rawdata.xlsx, sheet ""Readme"")",The Readme sheet gives the German wording plus an English gloss for FKG_1..FKG_20. The count matches n_items=20.,silence,no,The old audit checked only Codes.pdf. The wording sits in the Readme sheet of the raw-data xlsx.,low,2
https://osf.io/58xb9,opladen2025_fks,OBTAINABLE,"Fragebogen koerperdysmorpher Symptome (FKS; Buhlmann et al.), German","https://osf.io/download/nyg5d/ (Data - Rawdata.xlsx, sheet ""Readme"")","The Readme sheet gives German wording for FKS_1, 3-18 (17 items; FKS_2 not administered). That matches n_items=17.",silence,no,Same as fkg: the Readme sheet has the wording.,low,2
10.1371/journal.pone.0326853,sirventruiz_2025_pdat,NEEDS_HUMAN,"Predictors of Dropout in Addiction Treatment, 26-item pool (PDAT-26)",https://journals.plos.org/plosone/article/file?id=10.1371/journal.pone.0326853.s001 (S1 PDAT-13 items) + .s003 (13->26 mapping),"Only the 13 retained items are published, in S1 (with options) and Table 1. S3 maps them to PDAT26 item numbers, which leaves 13 of the 26 administered items without published wording. Decision: ship a half-covered table with blank item_text for the other 13, or treat it as NOT_PUBLISHED.",silence,na,,medium,2
10.1371/journal.pone.0323811,song_2025_ac,RIGHTS_BLOCK,"Servant Leadership Survey subscale (van Dierendonck & Nuijten 2011), negated adaptation",,"The paper names van Dierendonck's SLS. Table 3 prints the items (AC1-3), reworded as ""My manager does not ..."". The register SLS row (incl. adaptations) blocks them.","register:Servant Leadership Survey (SLS, 30 items)",no,"Old audit said items were not reproduced, which is false: Table 3 prints them. The correct basis is the SLS rights block, not access.",low,2
10.1371/journal.pone.0323811,song_2025_au,RIGHTS_BLOCK,"Servant Leadership Survey subscale (van Dierendonck & Nuijten 2011), negated adaptation",,"The paper names van Dierendonck's SLS. Table 3 prints the items (AU1-3), reworded as ""My manager does not ..."". The register SLS row (incl. adaptations) blocks them.","register:Servant Leadership Survey (SLS, 30 items)",no,"Old audit said items were not reproduced, which is false: Table 3 prints them. The correct basis is the SLS rights block, not access.",low,2
10.1371/journal.pone.0323811,song_2025_co,RIGHTS_BLOCK,"Servant Leadership Survey subscale (van Dierendonck & Nuijten 2011), negated adaptation",,"The paper names van Dierendonck's SLS. Table 3 prints the items (CO1-3), reworded as ""My manager does not ..."". The register SLS row (incl. adaptations) blocks them.","register:Servant Leadership Survey (SLS, 30 items)",no,"Old audit said items were not reproduced, which is false: Table 3 prints them. The correct basis is the SLS rights block, not access.",low,2
10.1371/journal.pone.0323811,song_2025_cs,OBTAINABLE,Customer satisfaction (Chan et al.; Huang et al.),"https://journals.plos.org/plosone/article/file?id=10.1371/journal.pone.0323811 (Table 3, ""Scale items"")",Table 3 prints all 4 items with codes that match the data columns. SC6 is printed even though it was dropped from the analysis. The wording reads as the study's English rendering.,silence,no,Old audit said no wording was reproduced. Table 3 lists every item with its code.,low,2
10.1371/journal.pone.0323811,song_2025_er,OBTAINABLE,Employee retention (DiPietro et al.; Arasanmi & Krishna),"https://journals.plos.org/plosone/article/file?id=10.1371/journal.pone.0323811 (Table 3, ""Scale items"")",Table 3 prints all 5 items with codes that match the data columns. SC6 is printed even though it was dropped from the analysis. The wording reads as the study's English rendering.,silence,no,Old audit said no wording was reproduced. Table 3 lists every item with its code.,low,2
10.1371/journal.pone.0323811,song_2025_lwb,OBTAINABLE,Life well-being (Zheng et al. 2015 EWB),"https://journals.plos.org/plosone/article/file?id=10.1371/journal.pone.0323811 (Table 3, ""Scale items"")",Table 3 prints all 3 items with codes that match the data columns. SC6 is printed even though it was dropped from the analysis. The wording reads as the study's English rendering.,silence,no,Old audit said no wording was reproduced. Table 3 lists every item with its code.,low,2
10.1371/journal.pone.0323811,song_2025_pj,OBTAINABLE,Procedural justice (Erdogan et al.; Ehrhart),"https://journals.plos.org/plosone/article/file?id=10.1371/journal.pone.0323811 (Table 3, ""Scale items"")",Table 3 prints all 4 items with codes that match the data columns. SC6 is printed even though it was dropped from the analysis. The wording reads as the study's English rendering.,silence,no,Old audit said no wording was reproduced. Table 3 lists every item with its code.,low,2
10.1371/journal.pone.0323811,song_2025_pwb,OBTAINABLE,Psychological well-being (Zheng et al. 2015 EWB),"https://journals.plos.org/plosone/article/file?id=10.1371/journal.pone.0323811 (Table 3, ""Scale items"")",Table 3 prints all 3 items with codes that match the data columns. SC6 is printed even though it was dropped from the analysis. The wording reads as the study's English rendering.,silence,no,Old audit said no wording was reproduced. Table 3 lists every item with its code.,low,2
10.1371/journal.pone.0323811,song_2025_sb,RIGHTS_BLOCK,"Servant Leadership Survey subscale (van Dierendonck & Nuijten 2011), negated adaptation",,"The paper names van Dierendonck's SLS. Table 3 prints the items (SB2-4 only; SB1 not printed), reworded as ""My manager does not ..."". The register SLS row (incl. adaptations) blocks them.","register:Servant Leadership Survey (SLS, 30 items)",no,"Old audit said items were not reproduced, which is false: Table 3 prints them. The correct basis is the SLS rights block, not access.",low,2
10.1371/journal.pone.0323811,song_2025_sc,OBTAINABLE,Service climate (Ashkanasy et al.; Kralj & Solnet),"https://journals.plos.org/plosone/article/file?id=10.1371/journal.pone.0323811 (Table 3, ""Scale items"")",Table 3 prints all 6 items with codes that match the data columns. SC6 is printed even though it was dropped from the analysis. The wording reads as the study's English rendering.,silence,no,Old audit said no wording was reproduced. Table 3 lists every item with its code.,low,2
10.1371/journal.pone.0323811,song_2025_wwb,OBTAINABLE,Work well-being (Zheng et al. 2015 EWB),"https://journals.plos.org/plosone/article/file?id=10.1371/journal.pone.0323811 (Table 3, ""Scale items"")",Table 3 prints all 3 items with codes that match the data columns. SC6 is printed even though it was dropped from the analysis. The wording reads as the study's English rendering.,silence,no,Old audit said no wording was reproduced. Table 3 lists every item with its code.,low,2
https://osf.io/djcex/overview,hannachi_2025_eco_anxiety_affect,NEEDS_HUMAN,"Study-built climate-emotion adjective list (26 items), French","https://osf.io/download/kuv67/ (code book for data.xlsx, sheet ""Feuil1"")","Feuil1 gives all 26 EM items in French (""Quand je pense au changement climatique, je suis... [nerveux.se]""). The wording is obtainable. The originators are the depositors, and their only stated term is the OSF project licence, CC BY-NC-SA 4.0. Decision: does the authors' own NC licence on the deposit that holds their items count as a term on the wording?","quote:""CC-BY Attribution-NonCommercial-ShareAlike 4.0 International"" (OSF node licence) https://osf.io/djcex/",na,,low,2
https://osf.io/djcex/overview,hannachi_2025_eco_anxiety_cas,OBTAINABLE,"Climate Change Anxiety Scale (Clayton & Karazsia 2020), French","https://osf.io/download/kuv67/ (code book for data.xlsx, sheet ""Feuil1"")","Feuil1 gives all 13 CCAS items in French. Items 2, 9 and 11 are shared with HEAS. The originator's terms were not checked beyond the register (no row). The deposit is NC, but it may not be the translator's term; confirm who made the French version.",silence,na,,low,2
https://osf.io/djcex/overview,hannachi_2025_eco_anxiety_cope,OBTAINABLE,"Brief COPE (Carver 1997), French, climate-change stem","https://osf.io/download/kuv67/ (code book for data.xlsx, sheet ""Feuil1"")",Feuil1 gives all 28 COP items in French. The originator grants use without reservation. The French translation's source is unconfirmed.,"quote:""You are welcome to use all scales of the Brief COPE, or to choose selected scales for use."" https://www.psy.miami.edu/faculty/ccarver/brief-cope.html",na,,low,2
https://osf.io/djcex/overview,hannachi_2025_eco_anxiety_heas,OBTAINABLE,"Hogg Eco-Anxiety Scale (Hogg et al. 2021), French","https://osf.io/download/kuv67/ (code book for data.xlsx, sheet ""Feuil1"")","Feuil1 gives all 13 HEAS items in French: HEAS1-7 and 11-13, plus 3 shared CCAS columns.",silence,na,,medium,2
10.1007/s10926-024-10174-2,presenteeism_golz_2024,OBTAINABLE,"Haegerbaeumer (2017) presenteeism scale, English version","https://pmc.ncbi.nlm.nih.gov/articles/PMC11550221/ (Table 3, ""Description of the items"")","Table 3 of the CC BY paper lists all 6 items, e.g. ""I came to work despite illness"". The OSF data columns are var1..var6, assumed to be in Table 3 order.",silence,na,,low,2
table:Forthmann-2024-cleverness_ratings,Forthmann-2024-cleverness_ratings,NOT_ITEM_TEXT,Alternate Uses Task: rater cleverness scores,,"Items are the three AUT objects (paperclip, garbagebag, rope), and resp is a rater's cleverness rating of a participant's ideas. There is no worded item beyond the object name already in the item code. The IRW biblio fields are all null, so the deposit is unidentified.",n/a,na,,n/a,2
10.17632/xd27t4g547,ramadan_2026_ai_awareness,OBTAINABLE,Study-built GenAI competency questionnaire: Awareness & Availability (AW1-6),"https://data.mendeley.com/datasets/xd27t4g547 codebook.csv (item_text_arabic, item_text_english)",The codebook gives Arabic wording plus an English translation for all 6 items in this dimension. The count matches.,silence,na,,low,2
10.17632/xd27t4g547,ramadan_2026_applied_practice,OBTAINABLE,Study-built GenAI competency questionnaire: Functional Application (AP1-8),"https://data.mendeley.com/datasets/xd27t4g547 codebook.csv (item_text_arabic, item_text_english)",The codebook gives Arabic wording plus an English translation for all 8 items in this dimension. The count matches.,silence,na,,low,2
10.17632/xd27t4g547,ramadan_2026_attitudes,OBTAINABLE,Study-built GenAI competency questionnaire: Aspiration & Vision,"https://data.mendeley.com/datasets/xd27t4g547 codebook.csv (item_text_arabic, item_text_english)",The codebook gives Arabic wording plus an English translation for all 8 items in this dimension. The count matches.,silence,na,,low,2
10.17632/xd27t4g547,ramadan_2026_perceived_competence,OBTAINABLE,Study-built GenAI competency questionnaire: Prompt Engineering & Critical Appraisal,"https://data.mendeley.com/datasets/xd27t4g547 codebook.csv (item_text_arabic, item_text_english)",The codebook gives Arabic wording plus an English translation for all 6 items in this dimension. The count matches.,silence,na,,low,2
https://www.cis.es/es/estudios/edadismo?charttype=bar&cuestionario=17940&muestra=26185&pregunta=653111&variable=1071462,spain_2025_ageism_agreement,OBTAINABLE,CIS Edadismo survey (Estudio 3493) battery,https://www.cis.es/documents/20117/13445864/cues3493.pdf (CIS Estudio 3493 questionnaire),"The official 23-page CIS questionnaire prints the full Spanish wording of the batteries P1-P16: P5 agreement, P6/P7 priorities, P11/P13/P16 situations, P12 difficulty and so on. Each table still has to be mapped to its question and sub-items.",silence,na,,medium,2
https://www.cis.es/es/estudios/edadismo?charttype=bar&cuestionario=17940&muestra=26185&pregunta=653111&variable=1071462,spain_2025_ageism_bureaucracy,OBTAINABLE,CIS Edadismo survey (Estudio 3493) battery,https://www.cis.es/documents/20117/13445864/cues3493.pdf (CIS Estudio 3493 questionnaire),"The official 23-page CIS questionnaire prints the full Spanish wording of the batteries P1-P16: P5 agreement, P6/P7 priorities, P11/P13/P16 situations, P12 difficulty and so on. Each table still has to be mapped to its question and sub-items.",silence,na,,medium,2
https://www.cis.es/es/estudios/edadismo?charttype=bar&cuestionario=17940&muestra=26185&pregunta=653111&variable=1071462,spain_2025_ageism_comparison,OBTAINABLE,CIS Edadismo survey (Estudio 3493) battery,https://www.cis.es/documents/20117/13445864/cues3493.pdf (CIS Estudio 3493 questionnaire),"The official 23-page CIS questionnaire prints the full Spanish wording of the batteries P1-P16: P5 agreement, P6/P7 priorities, P11/P13/P16 situations, P12 difficulty and so on. Each table still has to be mapped to its question and sub-items.",silence,na,,medium,2
https://www.cis.es/es/estudios/edadismo?charttype=bar&cuestionario=17940&muestra=26185&pregunta=653111&variable=1071462,spain_2025_ageism_difficulty,OBTAINABLE,CIS Edadismo survey (Estudio 3493) battery,https://www.cis.es/documents/20117/13445864/cues3493.pdf (CIS Estudio 3493 questionnaire),"The official 23-page CIS questionnaire prints the full Spanish wording of the batteries P1-P16: P5 agreement, P6/P7 priorities, P11/P13/P16 situations, P12 difficulty and so on. Each table still has to be mapped to its question and sub-items.",silence,na,,medium,2
https://www.cis.es/es/estudios/edadismo?charttype=bar&cuestionario=17940&muestra=26185&pregunta=653111&variable=1071462,spain_2025_ageism_elderpriority,OBTAINABLE,CIS Edadismo survey (Estudio 3493) battery,https://www.cis.es/documents/20117/13445864/cues3493.pdf (CIS Estudio 3493 questionnaire),"The official 23-page CIS questionnaire prints the full Spanish wording of the batteries P1-P16: P5 agreement, P6/P7 priorities, P11/P13/P16 situations, P12 difficulty and so on. Each table still has to be mapped to its question and sub-items.",silence,na,,medium,2
https://www.cis.es/es/estudios/edadismo?charttype=bar&cuestionario=17940&muestra=26185&pregunta=653111&variable=1071462,spain_2025_ageism_elderslights,OBTAINABLE,CIS Edadismo survey (Estudio 3493) battery,https://www.cis.es/documents/20117/13445864/cues3493.pdf (CIS Estudio 3493 questionnaire),"The official 23-page CIS questionnaire prints the full Spanish wording of the batteries P1-P16: P5 agreement, P6/P7 priorities, P11/P13/P16 situations, P12 difficulty and so on. Each table still has to be mapped to its question and sub-items.",silence,na,,medium,2
https://www.cis.es/es/estudios/edadismo?charttype=bar&cuestionario=17940&muestra=26185&pregunta=653111&variable=1071462,spain_2025_ageism_problems,OBTAINABLE,CIS Edadismo survey (Estudio 3493) battery,https://www.cis.es/documents/20117/13445864/cues3493.pdf (CIS Estudio 3493 questionnaire),"The official 23-page CIS questionnaire prints the full Spanish wording of the batteries P1-P16: P5 agreement, P6/P7 priorities, P11/P13/P16 situations, P12 difficulty and so on. Each table still has to be mapped to its question and sub-items.",silence,na,,medium,2
https://www.cis.es/es/estudios/edadismo?charttype=bar&cuestionario=17940&muestra=26185&pregunta=653111&variable=1071462,spain_2025_ageism_youthpriority,OBTAINABLE,CIS Edadismo survey (Estudio 3493) battery,https://www.cis.es/documents/20117/13445864/cues3493.pdf (CIS Estudio 3493 questionnaire),"The official 23-page CIS questionnaire prints the full Spanish wording of the batteries P1-P16: P5 agreement, P6/P7 priorities, P11/P13/P16 situations, P12 difficulty and so on. Each table still has to be mapped to its question and sub-items.",silence,na,,medium,2
https://www.cis.es/es/estudios/edadismo?charttype=bar&cuestionario=17940&muestra=26185&pregunta=653111&variable=1071462,spain_2025_ageism_youthslights,OBTAINABLE,CIS Edadismo survey (Estudio 3493) battery,https://www.cis.es/documents/20117/13445864/cues3493.pdf (CIS Estudio 3493 questionnaire),"The official 23-page CIS questionnaire prints the full Spanish wording of the batteries P1-P16: P5 agreement, P6/P7 priorities, P11/P13/P16 situations, P12 difficulty and so on. Each table still has to be mapped to its question and sub-items.",silence,na,,medium,2
10.1037/pspp0000548,talaifar_2025_study2_plp,OBTAINABLE,"Perceived lifestyle polarization comparisons (study-built, Talaifar et al.)","https://osf.io/download/zhynf/ (perceiver_ratings_raw_data.csv, Qualtrics label row 2)","The Qualtrics second header row gives the wording for each rating column, e.g. ""Who sends more outgoing text messages?"". That is 62 columns minus 1 attention check = 61, which matches n_items. The OSF licence is CC BY-SA 4.0.",silence,na,,low,2
10.1371/journal.pone.0237710,afaya_2020_complications_knowledge,OBTAINABLE,Study-built diabetes knowledge items (Afaya et al. 2020),"https://journals.plos.org/plosone/article/file?id=10.1371/journal.pone.0237710.s001&type=supplementary (S1 Data xlsx, sheet 2 codebook)","The codebook sheet in S1 Data gives a statement for each kc1..kc7 variable, and the counts match. Note that these 66 items are NOT the 23-item Michigan DKT printed in the S2 questionnaire.",silence,na,,low,2
10.1371/journal.pone.0237710,afaya_2020_diet_knowledge,OBTAINABLE,Study-built diabetes knowledge items (Afaya et al. 2020),"https://journals.plos.org/plosone/article/file?id=10.1371/journal.pone.0237710.s001&type=supplementary (S1 Data xlsx, sheet 2 codebook)","The codebook sheet in S1 Data gives a statement for each kd1..kd13 variable, and the counts match. Note that these 66 items are NOT the 23-item Michigan DKT printed in the S2 questionnaire.",silence,na,,low,2
10.1371/journal.pone.0237710,afaya_2020_exercise_knowledge,OBTAINABLE,Study-built diabetes knowledge items (Afaya et al. 2020),"https://journals.plos.org/plosone/article/file?id=10.1371/journal.pone.0237710.s001&type=supplementary (S1 Data xlsx, sheet 2 codebook)","The codebook sheet in S1 Data gives a statement for each ke1..ke4 variable, and the counts match. Note that these 66 items are NOT the 23-item Michigan DKT printed in the S2 questionnaire.",silence,na,,low,2
10.1371/journal.pone.0237710,afaya_2020_footcare_knowledge,OBTAINABLE,Study-built diabetes knowledge items (Afaya et al. 2020),"https://journals.plos.org/plosone/article/file?id=10.1371/journal.pone.0237710.s001&type=supplementary (S1 Data xlsx, sheet 2 codebook)","The codebook sheet in S1 Data gives a statement for each kf1..kf14 variable, and the counts match. Note that these 66 items are NOT the 23-item Michigan DKT printed in the S2 questionnaire.",silence,na,,low,2
10.1371/journal.pone.0237710,afaya_2020_general_knowledge,OBTAINABLE,Study-built diabetes knowledge items (Afaya et al. 2020),"https://journals.plos.org/plosone/article/file?id=10.1371/journal.pone.0237710.s001&type=supplementary (S1 Data xlsx, sheet 2 codebook)","The codebook sheet in S1 Data gives a statement for each gk1..gk11 variable, and the counts match. Note that these 66 items are NOT the 23-item Michigan DKT printed in the S2 questionnaire.",silence,na,,low,2
10.1371/journal.pone.0237710,afaya_2020_medication_knowledge,OBTAINABLE,Study-built diabetes knowledge items (Afaya et al. 2020),"https://journals.plos.org/plosone/article/file?id=10.1371/journal.pone.0237710.s001&type=supplementary (S1 Data xlsx, sheet 2 codebook)","The codebook sheet in S1 Data gives a statement for each kom1..kom10 variable, and the counts match. Note that these 66 items are NOT the 23-item Michigan DKT printed in the S2 questionnaire.",silence,na,,low,2
10.1371/journal.pone.0237710,afaya_2020_monitoring_knowledge,OBTAINABLE,Study-built diabetes knowledge items (Afaya et al. 2020),"https://journals.plos.org/plosone/article/file?id=10.1371/journal.pone.0237710.s001&type=supplementary (S1 Data xlsx, sheet 2 codebook)","The codebook sheet in S1 Data gives a statement for each km1..km7 variable, and the counts match. Note that these 66 items are NOT the 23-item Michigan DKT printed in the S2 questionnaire.",silence,na,,low,2
10.17632/6n78w5pz74,ribeiro_2019_academic_motivation,OBTAINABLE,"Escala de Motivacao Academica (EMA-U), Guimaraes & Bzuneck 2008, Portuguese (PT) version","https://data.mendeley.com/datasets/6n78w5pz74 -- MotAcademica_AmostraA.sav (and AmostraB.sav), SPSS variable labels Item1..Item29","Mendeley public API lists two .sav files; variable labels carry full Portuguese wording for all 29 items (e.g. Item1 ""Sinceramente, nao sei porque venho a Universidade.""), plus 7-point value labels. Count matches n_items=29.",silence,na,,low,3
10.17632/w5f55333p4.2,aiquipa_2026_dgs,OBTAINABLE,"Dispositional Greed Scale (DGS, Krekels & Pandelaere 2015), Peruvian Spanish adaptation","https://data.mendeley.com/datasets/w5f55333p4/2 -- ""Supplementary Material 3. Appendix.docx"", table: original / literal translation / adapted version (final)","The appendix prints all 7 DGS items in English original, literal Spanish and final adapted Spanish (e.g. ""1. Siempre quiero mas""); the data xlsx uses COD1..COD7, matching n_items=7. No originator terms page for the DGS was found; not searched beyond the deposit.",silence,na,,low,3
10.7910/dvn/3sf36j,gilbert_meta_48,RIGHTS_BLOCK,"Ages & Stages Questionnaires, 3rd ed. (ASQ-3), Spanish; Brookes Publishing",,"IRW tags and the deposit do-file confirm ASQ-3 (5 domains pcom/pmotg/pmotf/presp/psoci; item_age covariate means wording varies by age interval). Deposit (completa.tab, READ ME.pdf, Mexico ECD.do) has codes only; ASQ-3 wording is sold by Brookes, not openly published.","quote:""We accept permission requests for limited reuse of our copyrighted material... a permission agreement detailing fees and other terms of use will be emailed to you."" https://brookespublishing.com/permissions/ (publisher-wide page, not ASQ-specific)",yes,,high,3
10.1371/journal.pone.0284366,babaei_2023_child_hygiene_behavior,UNREACHABLE,"Oral health knowledge/attitude/behaviour questionnaire, Saied-Moallemi et al. 2008 (Eur Arch Paediatr Dent 9:79)",,"Paper describes sections only (""previously validated questionnaire [19]""); SI s002 .sav has short English glosses as variable names (e.g. QD17.milkteeth_notimportant, QB1.brush_lastmonth_child), not wording. Cited source 10.1007/BF03262614 is closed (OpenAlex: no OA copy), so whether it prints the items could not be checked.",n/a,no,"Old audit said the paper could not be located; it is the slice DOI, open on PLOS, with a .sav SI.",medium,3
10.1371/journal.pone.0284366,babaei_2023_mother_hygiene_behavior,UNREACHABLE,"Oral health knowledge/attitude/behaviour questionnaire, Saied-Moallemi et al. 2008 (Eur Arch Paediatr Dent 9:79)",,"Paper describes sections only (""previously validated questionnaire [19]""); SI s002 .sav has short English glosses as variable names (e.g. QD17.milkteeth_notimportant, QB1.brush_lastmonth_child), not wording. Cited source 10.1007/BF03262614 is closed (OpenAlex: no OA copy), so whether it prints the items could not be checked.",n/a,yes,,medium,3
10.1371/journal.pone.0284366,babaei_2023_oral_kap,UNREACHABLE,"Oral health knowledge/attitude/behaviour questionnaire, Saied-Moallemi et al. 2008 (Eur Arch Paediatr Dent 9:79)",,"Paper describes sections only (""previously validated questionnaire [19]""); SI s002 .sav has short English glosses as variable names (e.g. QD17.milkteeth_notimportant, QB1.brush_lastmonth_child), not wording. Cited source 10.1007/BF03262614 is closed (OpenAlex: no OA copy), so whether it prints the items could not be checked.",n/a,yes,,medium,3
10.7910/dvn/id7pmc,goldberg_2018_pf16_p,NOT_PUBLISHED,"Sixteen Personality Factor Questionnaire, 5th ed. (16PF, 185 items; IPAT/PSI, commercial)",,"Dataverse ID7PMC holds only 16PF.tab / 16PF_scales.tab with columns id,p1..p185 (CC0 deposit); no codebook. 185 items = 16PF 5th ed., a commercial instrument whose item wording is not openly published. Did not fetch IPAT/PSI terms (likely also a rights block).",n/a,na,,high,3
10.7910/dvn/xueu90,parental_text_intervention,OBTAINABLE,MORE programme fall student survey (study-authored book-interest items),https://dataverse.harvard.edu/api/access/datafile/5254904/metadata/ddi -- DDI variable labels for s_ss_* variables in g1g2_summertext_public.tab,"README download is guestbook-gated, but the DDI metadata endpoint returns without the guestbook: 19 s_ss_* variables with labels such as ""Fall student survey: How interesting was digital MORE Book 5a"". Labels are the question stems (book titles not named); IRW items are integers 1..19 assigned by first-appearance order in the processing script, so the code-to-variable map must be rebuilt from the .tab.",silence,no,Old audit called it BLOCKED by the guestbook; the file-level DDI metadata route reaches the variable labels without it.,medium,3
https://osf.io/gver2,KanjiOAHaS_Inoue_2024,NEEDS_HUMAN,"Online Assessment of Handwriting and Spelling (OAHaS), researcher-developed Kanji writing test",https://osf.io/8d6ev (Final Draft Preprint.pdf) Appendix A (target kanji for items 001-120) and Appendix H,"Each item asks the child to write the kanji for an underlined word in a hiragana sentence. Appendix A lists the target kanji and grade for all 120 item IDs, which match IRW item 1..120 (Raw_Data_20240607.csv item column), but the prompt sentences themselves are not published (one example only). Decision: does the target character count as item text when the stimulus sentence is unpublished?",silence,na,,low,3
10.1371/journal.pone.0194569,powell_2018_memory,NOT_PUBLISHED,Post-induction memory-check questions about viewed images (study-authored),,"Paper says five multiple-choice memory questions were asked, giving only examples; SI s001 (game instructions) and s002 (variable definitions: ""Memory# whether memory question # was answered correctly"") and s005 CSV contain no question wording.",n/a,yes,,high,3
10.1371/journal.pone.0240914,bitew_2020_anxiety,NOT_PUBLISHED,"Anxiety items cited as GAD-7 (Spitzer 2006), but administered 6-item set does not match GAD-7",,"Paper cites GAD [25]=GAD-7 with no items; SI s001 .sav (parsed) labels ANXIETY1-6 as glosses ""anger"",""uncontrollable tension"",""cry"",""unstability"",""simply get anger"",""fear"" -- 6 items, and ""cry""/""anger"" are not GAD-7 items, so the GAD-7 wording cannot be mapped. The administered (likely Amharic) wording is not published.",n/a,yes,"Agrees on the verdict, but the old reason (SPSS file could not be parsed) was wrong: it parses, and shows the items are not GAD-7.",high,3
10.1371/journal.pone.0278165,romadlon_2022_bdi,RIGHTS_BLOCK,"Beck Depression Inventory-II (BDI-II), Indonesian; Pearson",,"SI s004 CSV has BDI1..BDI21 codes only; paper gives no items. BDI-II is sold by Pearson (Qualification Level B, record forms $85/25).","quote:""permission to reproduce a test form for IRB approval Please complete and submit this online form to initiate a Permission Granting Request."" and ""Research license requests ... including the right to translate"" https://www.pearsonassessments.com/footer/permissions---licensing.html sha256:a3c99ff873cedd85720722ba4f1cca1385b03a0dc0090ab831c686a97d07e050",yes,,high,3
10.1371/journal.pone.0278165,romadlon_2022_facit,RIGHTS_BLOCK,"FACIT-Fatigue (13 items), Indonesian; FACIT.org",,SI s004 CSV has FACIT1..FACIT13 codes only; paper names the scale without items.,"quote:""in order to use any of our measures, permission must first be obtained by registering and obtaining a license ... You may not modify any part of the FACIT System without expressed permission ... You may not translate any part of the FACIT System without expressed permission from FACIT."" https://www.facit.org/copyright-terms-of-use sha256:5f839ae6bd425e97a52174e32c69b28c43c78fd8c1e089f119122204b5b3b922",yes,,high,3
10.1371/journal.pone.0278165,romadlon_2022_mfi20,NEEDS_HUMAN,"Multidimensional Fatigue Inventory-20 (MFI-20, Smets et al. 1995), Indonesian translation (IMFI-20)",,"SI s004 CSV has MFI1..MFI20 codes only and the Indonesian wording is not in paper or SI. English MFI-20 wording is in Smets 1995 (paywalled J Psychosom Res) and widely reproduced. Holder terms not read: ePROVIDE page returned a ~3KB JS shell. Paper says translation permission was obtained from Smets, which suggests a permission-required term. Decisions: is the English original an acceptable source for an Indonesian administration, and does Smets/ePROVIDE reserve a right?",n/a,no,"Old audit treated ""permission was obtained to translate"" (a study statement) as the rights ruling; that is a lead, not the holder clause, and the holder page was not read.",medium,3
10.6084/m9.figshare.32114668,yandun2026_attention,OBTAINABLE,Study-authored early-childhood cognitive development observation checklist (Attention and Concentration),"https://api.figshare.com/v2/articles/32114668 -> DATA_MATRIX_TRANSLATED.xlsx, header row 3, columns E-I","Figshare API works (no 403). The xlsx header carries English indicator wording under merged subscale headers: Attention E-I = 5 indicators (e.g. ""Maintains attention during riddles""), matching data/yandun2026_cognitive.py att1..att5. NOTE: the raw xlsx contains children's full names in a NAME column.",silence,no,Old audit stopped at a 403 on the landing page; the figshare API returns the record and file.,low,3
10.6084/m9.figshare.32114668,yandun2026_language,NEEDS_HUMAN,Study-authored early-childhood cognitive development observation checklist (Language and Communication),"https://api.figshare.com/v2/articles/32114668 -> DATA_MATRIX_TRANSLATED.xlsx, header row 3, columns O-R","Wording is in the xlsx header, but Language and Communication has 4 indicators (merged range O2:R2; deposit description also says 4) and data/yandun2026_cognitive.py builds lang1..lang4, while the live table reports n_items=5 (500 responses = 50 x 5 x 2 waves). The live table does not match source or script; resolve which columns it holds before mapping (possible build defect).",silence,no,Old audit stopped at a 403 on the landing page; the figshare API returns the record and file.,medium,3
10.5281/zenodo.10546410,rodriguezsantero_2024_sats36,RIGHTS_BLOCK,"Survey of Attitudes Toward Statistics (SATS-36, Schau), Spanish version",,Zenodo deposit (CC BY 4.0) includes DATASET 01 ...pdf with the full Spanish SATS-36 (36 numbered 7-point items) and a .sav: wording is present. But the originator reserves rights: permission is non-commercial and time-limited. Translation is a derivative.,"quote:""If you are not using the SATS for a commercial product, you have my permission to use it free for one year."" https://www.evaluationandstatistics.com/ sha256:01bce450289e766c1ae17ac367464a5ceb37774edf7253e2cf257f45252209a6",na,,low,3
10.1038/s41597-025-06035-z,qi_2025_big_five,RIGHTS_BLOCK,"Big Five Inventory-2 (BFI-2), Chinese version",,"Paper: ""Big five personality was measured by the Big Five Inventory-2""; OSF 3h95f Scales.xlsx has BFP_1..BFP_60 codes only. The 60-item count matches BFI-2.",register:Big Five Inventory-2 (BFI-2),no,"Old audit called it BLOCKED because personality-lab pages returned 403. The register already has a BFI-2 block row (non-commercial clause), so the right verdict is RIGHTS_BLOCK.",low,3
10.1038/s41597-025-06035-z,qi_2025_modesty,NOT_PUBLISHED,"Modest Responding Scale (Whetstone, Okun & Cialdini 1992), Chinese version",,"Paper: ""Modesty was measured by the Modest Responding Scale [53]""; OSF Scales.xlsx has codes and subscale names only. Originator source is a 1992 conference presentation. Not checked: later Chinese papers (e.g. Cai et al.) that may print the items.",n/a,yes,,high,3
10.1371/journal.pone.0280313,menaldi_2023_mbi,RIGHTS_BLOCK,"Maslach Burnout Inventory - Human Services Survey (MBI-HSS), Indonesian; Mind Garden",https://doi.org/10.1371/journal.pone.0280313.s001 column headers (for reference only),"SI s001 xlsx column headers carry full Indonesian wording for all 22 MBI items next to EE_/DP_/PA_MBI_n codes. Wording exists but the holder reserves reproduction; translation is a derivative, and a CC BY SI does not launder it.","quote:""Reproductions in any Medium All reproductions in any medium need to be purchased from the publisher."" https://www.mindgarden.com/content/23-faq sha256:868574208ef948f6ebdb0b1201c304fae9224b833f680b1910a8d612a27d4b9d",yes,,low,3
10.1371/journal.pone.0193357,pierro_2018_assessment_s4,OBTAINABLE,"Regulatory Mode Questionnaire, Assessment subscale (Kruglanski et al. 2000)",https://www.sjdm.org/dmidi/Regulatory_Mode_Questionnaire.html (form and scoring key); per register RMQ row,"SI s004 .sav has ass1..ass12 with R-marked reverse items (assR1, assR5, assR11); register RMQ row (ship) names the DMIDI copy, and sibling pierro_2018_assessment_s1/_s3 shipped from it in batch_137.",register:Regulatory Mode Questionnaire (RMQ),no,Old audit said the full scale was only in the paywalled JPSP original; the SJDM DMIDI page hosts it and the register already ships it.,low,3
10.1371/journal.pone.0193357,pierro_2018_locomotion_s4,OBTAINABLE,"Regulatory Mode Questionnaire, Locomotion subscale (Kruglanski et al. 2000)",https://www.sjdm.org/dmidi/Regulatory_Mode_Questionnaire.html (form and scoring key); per register RMQ row,"SI s004 .sav has loc1..loc12 (locR6, locR9 reversed), which matches the RMQ locomotion keying; register RMQ row is ship; sibling pierro_2018_locomotion_s1 shipped in batch_137.",register:Regulatory Mode Questionnaire (RMQ),no,Old audit said the full scale was only in the paywalled JPSP original; the SJDM DMIDI page hosts it and the register already ships it.,low,3
10.1371/journal.pone.0193357,pierro_2018_tf_present_s4,OBTAINABLE,"Temporal Focus Scale, present subscale (Shipp, Edwards & Lambert 2009)",https://pmc.ncbi.nlm.nih.gov/articles/PMC7851924/ Table 9 (English column); per register TFS row,"SI s004 .sav has TFpresent1..4; register TFS row (ship) gives an open CC BY reproduction; siblings tf_past_s4/tf_future_s4 shipped in batch_139. Mapping caveat from the register: the 4 same-polarity items cannot be told apart statistically, so order must come from the questionnaire.",register:Temporal Focus Scale (TFS),no,Old audit said BLOCKED (origin article closed); the register records an open CC BY reproduction (PMC7851924) and ships TFS.,medium,3
10.1371/journal.pone.0336220,qin_2025_cultural_identity,OBTAINABLE,"Cultural Identity scale (3 items), study-authored/adapted","https://doi.org/10.1371/journal.pone.0336220.s001 (S1 Table, Measurement scales), rows CI1-CI3","SI s001 docx lists CI1-CI3 with full wording (e.g. ""I desire to immerse myself in the local culture in the cultural heritage destination.""); SI s002 CSV uses the same CI1-CI3 codes.",silence,no,"Old audit found no questionnaire file; PLOS SI S1 Table ""Measurement scales"" has the items.",low,3
10.1371/journal.pone.0316937,yang_2025_intercultural_contact,OBTAINABLE,Intercultural Contact Scale (adapted from Peng & Wu): Foreign Social Media (3) + Foreign Intercultural Communication Activity (6),"https://doi.org/10.1371/journal.pone.0316937.s001 (Questionnaire PDF), Part III items 1(1)-(3) and 2(1)-(6)","SI s001 questionnaire prints Part III wording for 9 items (e.g. ""text communication with English native speakers through social media abroad""), matching n_items=9. Upstream Peng & Wu terms not checked.",silence,no,"Old audit said the wording was not reproduced; SI S1 ""Questionnaire"" prints all 9 items.",low,3
https://www.cis.es/es/estudios/calidad-de-la-democracia-iii-?charttype=bar&cuestionario=17943&muestra=26188&pregunta=654441&variable=1079828,spain_2025_democracy_efficacy,OBTAINABLE,"CIS Estudio 3497, Calidad de la democracia (III) questionnaire",https://www.cis.es/documents/20117/13445165/cues3497.pdf -- P.8 (4 items),"The official CIS questionnaire PDF (linked from the study page) prints the Spanish statement wording for each battery; the item counts match the IRW tables for P.3, P.3a, P.4, P.5, P.8, P.10, P.12.","quote:""Las presentes condiciones generales permiten la reutilizacion de los documentos sometidos a ellas para fines comerciales y no comerciales ... incluye ... la copia, difusion, modificacion, adaptacion"" (conditions: cite source; ""Esta prohibido desnaturalizar el sentido de la informacion"") https://www.cis.es/es/aviso-legal sha256:911129ad1159f0b90b9d11c9f3a923089316acac7aed1d311c13dce5dbe125ce",na,,low,3
https://www.cis.es/es/estudios/calidad-de-la-democracia-iii-?charttype=bar&cuestionario=17943&muestra=26188&pregunta=654441&variable=1079828,spain_2025_democracy_internal,OBTAINABLE,"CIS Estudio 3497, Calidad de la democracia (III) questionnaire",https://www.cis.es/documents/20117/13445165/cues3497.pdf -- P.3a (5 items),"The official CIS questionnaire PDF (linked from the study page) prints the Spanish statement wording for each battery; the item counts match the IRW tables for P.3, P.3a, P.4, P.5, P.8, P.10, P.12.","quote:""Las presentes condiciones generales permiten la reutilizacion de los documentos sometidos a ellas para fines comerciales y no comerciales ... incluye ... la copia, difusion, modificacion, adaptacion"" (conditions: cite source; ""Esta prohibido desnaturalizar el sentido de la informacion"") https://www.cis.es/es/aviso-legal sha256:911129ad1159f0b90b9d11c9f3a923089316acac7aed1d311c13dce5dbe125ce",na,,low,3
https://www.cis.es/es/estudios/calidad-de-la-democracia-iii-?charttype=bar&cuestionario=17943&muestra=26188&pregunta=654441&variable=1079828,spain_2025_democracy_judiciary,OBTAINABLE,"CIS Estudio 3497, Calidad de la democracia (III) questionnaire",https://www.cis.es/documents/20117/13445165/cues3497.pdf -- P.4 (4 items),"The official CIS questionnaire PDF (linked from the study page) prints the Spanish statement wording for each battery; the item counts match the IRW tables for P.3, P.3a, P.4, P.5, P.8, P.10, P.12.","quote:""Las presentes condiciones generales permiten la reutilizacion de los documentos sometidos a ellas para fines comerciales y no comerciales ... incluye ... la copia, difusion, modificacion, adaptacion"" (conditions: cite source; ""Esta prohibido desnaturalizar el sentido de la informacion"") https://www.cis.es/es/aviso-legal sha256:911129ad1159f0b90b9d11c9f3a923089316acac7aed1d311c13dce5dbe125ce",na,,low,3
https://www.cis.es/es/estudios/calidad-de-la-democracia-iii-?charttype=bar&cuestionario=17943&muestra=26188&pregunta=654441&variable=1079828,spain_2025_democracy_media,OBTAINABLE,"CIS Estudio 3497, Calidad de la democracia (III) questionnaire",https://www.cis.es/documents/20117/13445165/cues3497.pdf -- P.5 (4 items),"The official CIS questionnaire PDF (linked from the study page) prints the Spanish statement wording for each battery; the item counts match the IRW tables for P.3, P.3a, P.4, P.5, P.8, P.10, P.12.","quote:""Las presentes condiciones generales permiten la reutilizacion de los documentos sometidos a ellas para fines comerciales y no comerciales ... incluye ... la copia, difusion, modificacion, adaptacion"" (conditions: cite source; ""Esta prohibido desnaturalizar el sentido de la informacion"") https://www.cis.es/es/aviso-legal sha256:911129ad1159f0b90b9d11c9f3a923089316acac7aed1d311c13dce5dbe125ce",na,,low,3
https://www.cis.es/es/estudios/calidad-de-la-democracia-iii-?charttype=bar&cuestionario=17943&muestra=26188&pregunta=654441&variable=1079828,spain_2025_democracy_parties,OBTAINABLE,"CIS Estudio 3497, Calidad de la democracia (III) questionnaire",https://www.cis.es/documents/20117/13445165/cues3497.pdf -- P.3 (5 items),"The official CIS questionnaire PDF (linked from the study page) prints the Spanish statement wording for each battery; the item counts match the IRW tables for P.3, P.3a, P.4, P.5, P.8, P.10, P.12.","quote:""Las presentes condiciones generales permiten la reutilizacion de los documentos sometidos a ellas para fines comerciales y no comerciales ... incluye ... la copia, difusion, modificacion, adaptacion"" (conditions: cite source; ""Esta prohibido desnaturalizar el sentido de la informacion"") https://www.cis.es/es/aviso-legal sha256:911129ad1159f0b90b9d11c9f3a923089316acac7aed1d311c13dce5dbe125ce",na,,low,3
https://www.cis.es/es/estudios/calidad-de-la-democracia-iii-?charttype=bar&cuestionario=17943&muestra=26188&pregunta=654441&variable=1079828,spain_2025_democracy_priorities,OBTAINABLE,"CIS Estudio 3497, Calidad de la democracia (III) questionnaire",https://www.cis.es/documents/20117/13445165/cues3497.pdf -- P.12 (8 items),"The official CIS questionnaire PDF (linked from the study page) prints the Spanish statement wording for each battery; the item counts match the IRW tables for P.3, P.3a, P.4, P.5, P.8, P.10, P.12.","quote:""Las presentes condiciones generales permiten la reutilizacion de los documentos sometidos a ellas para fines comerciales y no comerciales ... incluye ... la copia, difusion, modificacion, adaptacion"" (conditions: cite source; ""Esta prohibido desnaturalizar el sentido de la informacion"") https://www.cis.es/es/aviso-legal sha256:911129ad1159f0b90b9d11c9f3a923089316acac7aed1d311c13dce5dbe125ce",na,,low,3
https://www.cis.es/es/estudios/calidad-de-la-democracia-iii-?charttype=bar&cuestionario=17943&muestra=26188&pregunta=654441&variable=1079828,spain_2025_democracy_system,OBTAINABLE,"CIS Estudio 3497, Calidad de la democracia (III) questionnaire",https://www.cis.es/documents/20117/13445165/cues3497.pdf -- likely P.1/P.2/P.6 single questions (3 items) - confirm,"The official CIS questionnaire PDF (linked from the study page) prints the Spanish statement wording for each battery; the item counts match the IRW tables for P.3, P.3a, P.4, P.5, P.8, P.10, P.12.","quote:""Las presentes condiciones generales permiten la reutilizacion de los documentos sometidos a ellas para fines comerciales y no comerciales ... incluye ... la copia, difusion, modificacion, adaptacion"" (conditions: cite source; ""Esta prohibido desnaturalizar el sentido de la informacion"") https://www.cis.es/es/aviso-legal sha256:911129ad1159f0b90b9d11c9f3a923089316acac7aed1d311c13dce5dbe125ce",na,,medium,3
https://www.cis.es/es/estudios/calidad-de-la-democracia-iii-?charttype=bar&cuestionario=17943&muestra=26188&pregunta=654441&variable=1079828,spain_2025_democracy_trust,OBTAINABLE,"CIS Estudio 3497, Calidad de la democracia (III) questionnaire",https://www.cis.es/documents/20117/13445165/cues3497.pdf -- P.10 (10 items),"The official CIS questionnaire PDF (linked from the study page) prints the Spanish statement wording for each battery; the item counts match the IRW tables for P.3, P.3a, P.4, P.5, P.8, P.10, P.12.","quote:""Las presentes condiciones generales permiten la reutilizacion de los documentos sometidos a ellas para fines comerciales y no comerciales ... incluye ... la copia, difusion, modificacion, adaptacion"" (conditions: cite source; ""Esta prohibido desnaturalizar el sentido de la informacion"") https://www.cis.es/es/aviso-legal sha256:911129ad1159f0b90b9d11c9f3a923089316acac7aed1d311c13dce5dbe125ce",na,,low,3
10.18637/jss.v058.i01,psychotools_mathexam,NOT_PUBLISHED,"Mathematics 101 written exam, Universitaet Innsbruck, winter 2014 (MathExam14W)",,"psychotools MathExam14W.Rd gives only topic labels. Items were randomised per student (different numbers) and differed between two groups for 8 of 13 items. JSS paper (OA) describes the exams infrastructure, not this exam's questions.",n/a,yes,,high,3
10.1080/10705510902751416,big5_sirt,RIGHTS_BLOCK,"NEO-PI-R (240 items), Dutch version; PAR (Costa & McCrae)",,"sirt data.big5.Rd: 500 subjects x 240 items coded N1,E2,O3,A4,... (48 per domain, NEO-PI-R cycling order), no wording. Dolan et al. 2009 is closed-access. PAR sells the NEO (NEO PI-3 product page describes the 240-item measure). The register CDS row quotes PAR's permissions clause and flags it as PAR-family.","quote:""PAR does not grant permission to reproduce full tests in publications."" https://www.parinc.com/programs-partnerships/permissions-and-licensing (via register CDS row; PAR-family, NEO confirmed PAR-published at https://www.parinc.com/products/NEO-PI-R)",yes,,high,3
10.1371/journal.pone.0143612,yu_2015_family_environment,NEEDS_HUMAN,"Beck Depression Inventory (21-item, Beck et al. 1979), NOT the FES-CV",,"Items E1-E21 in the PLOS S1 .sav are the 21 BDI items (range 1-4 = BDI 0-3; paper's Instruments section: BDI 21 items); FES-CV appears only as 10 subscale totals (0-9). No variable labels; paper gives no item wording. Decisions: table name is wrong (it is BDI, not family environment), and BDI wording (Pearson/Beck; Chinese administration unknown) needs a rights look -- Pearson permissions page 404'd.",n/a,no,"Named the wrong instrument: the item columns are BDI, not the Moos FES-CV (FES only as subscale totals).",medium,4
10.3389/fpsyg.2019.01507,si09_sirt,NOT_PUBLISHED,"Helping (7) and voice (5) behaviour items, source unstated",,"sirt 4.2-133 man/data.si.Rd describes help1-7/voice1-5 only by construct; Fischer & Karl 2019 (PMC6657455) full text gives lavaan code, no wording and no source citation; cited OSF wkx8c returns 404. Possibly Van Dyne & LePine (1998) but its voice scale has 6 items, so mapping unverifiable.",n/a,yes,,high,4
10.1371/journal.pone.0351162,wang_2026_veteran_expectations,OBTAINABLE,"Behavioral Expectations (BE), study-authored 3 items","https://journals.plos.org/plosone/article?id=10.1371/journal.pone.0351162 -- Table 1 (questionnaire), section B, items B1-B3","Paper's Table 1 reproduces the full questionnaire; section B gives verbatim B1-B3, e.g. ""I hope that participation in grassroots governance can provide substantial income."" 7-point Likert. Counts match n_items=3.",silence,no,The paper does give verbatim wording: Table 1 reproduces the whole questionnaire including B1-B3.,low,4
10.1371/journal.pone.0157238,huang_2016_neo_conscientious,NOT_PUBLISHED,NEO-FFI (Costa & McCrae; PAR) 12-item subscale,,"S1 .sav has N1-N12/C1-C12 with no labels; paper describes NEO-FFI (60 items, 12 per trait) without items; no supplement besides data. Wording only in PAR's commercial booklet (PAR permissions URL 404'd, so no clause quoted).",n/a,yes,,high,4
10.1371/journal.pone.0157238,huang_2016_neo_neuroticism,NOT_PUBLISHED,NEO-FFI (Costa & McCrae; PAR) 12-item subscale,,"S1 .sav has N1-N12/C1-C12 with no labels; paper describes NEO-FFI (60 items, 12 per trait) without items; no supplement besides data. Wording only in PAR's commercial booklet (PAR permissions URL 404'd, so no clause quoted).",n/a,yes,,high,4
10.1371/journal.pone.0161272,mavromoustakos_2016_fasq,UNREACHABLE,"Flight Anxiety Situations Questionnaire (FAS, 32 items; van Gerwen et al. 1999)",,"S1 .sav has FASQ1-FASQ32 with no labels; paper describes subscales only. Items are in van Gerwen et al. 1999 Psychol Assess 11(2):146 (doi 10.1037/1040-3590.11.2.146), which OpenAlex lists as closed with no repository copy.",n/a,yes,,medium,4
10.1371/journal.pone.0161272,mavromoustakos_2016_probability_scale,NOT_PUBLISHED,"Probability Scale (Ost & Csatlos 2000), adapted to flying events",,"S1 .sav has PSQ1-PSQ20 unlabelled; paper gives two example items only; scale adapted from a claustrophobia instrument (Ost & Csatlos 2000 BRAT, closed), so the administered flying-negative wording exists nowhere public.",n/a,yes,,high,4
10.7910/dvn/olomai,nabizadehchianeh_2026_tempsa,UNREACHABLE,"TEMPS-A 39-item short version (Akiskal et al. 2005), Persian",,"Dataverse API: ALL_data.csv has S1-S39 (0/1); Codes.docx (R log) maps them to TEMPS-A-39 order (CYC 1-12, DEP 13-20, IRR 21-28, HYP 29-36, ANX 37-39; 'validated Persian version; items 9 & 36 removed') -- so positions ARE mappable. Wording: Akiskal et al. 2005 J Affect Disord (doi 10.1016/j.jad.2003.10.012) closed; Persian validation not located. Further look: an OA reproduction of the English TEMPS-A-39 and the Persian validation paper.",silence,yes,"Outcome agrees, but the old claim that nothing maps is wrong: Codes.docx gives the TEMPS-A-39 positional mapping.",medium,4
10.6084/m9.figshare.32668833,kolomiets_2026_career_match,NEEDS_HUMAN,"JobCannon Career Match (Mini-RIASEC forced choice, JobCannon-original)",,"figshare API + README: 'Item wording is not distributed. The q columns hold answer values only.' Live quiz (jobcannon.io/assessments/career-match) renders only item 1 ('Which activity sounds most appealing?') statically; the rest load via JS. Decision: whether to recover wording by driving the live quiz when the originator deliberately withholds it from the deposit (reads as a non-distribution choice, arguably a reserved right).","quote:""Item wording is not distributed. The q columns hold answer values only."" https://api.figshare.com/v2/articles/32668833 (README.md)",no,"The obstacle is not an access failure but the originator stating wording is not distributed; it is a rights or policy question, not BLOCKED.",medium,4
table:Zanesco_2023_Kaneetal2016,Zanesco_2023_Kaneetal2016,NEEDS_HUMAN,"Kane et al. (2016) thought probes, 8-option content probe, 112 probes across 5 tasks",,"No biblio in IRW; script data/Zanesco_2023.py. Zanesco et al. 2024 BRM (PMC11362314) says 45 SART + 20 arrow flanker + 12 letter flanker + 20 number Stroop + 15 N-back = 112 probes, 8 options quoted (on-task ... other). Every item is the same probe stem, so text differs only by task and position. Decision: whether a repeated-probe table gets item text (options published; Kane 2016 stem not quoted here; OSF guhw7 not checked).",silence,na,,low,4
10.7910/dvn/wv5byc,goldberg_2018_sbo,OBTAINABLE,"Survey of Beliefs and Opinions (SBO, Saucier; ESCS 2001)","https://dataverse.harvard.edu/api/access/datafile/3136173 (SBO_items.txt, 430 numbered items); also SBO_2001.pdf (datafile 3136174, actual questionnaire)","Dataverse WV5BYC lists SBO_items.txt ('text file of item text', 430 lines numbered 1-430) and the questionnaire PDF; data SBO-1.tab columns S1..S430. e.g. item 1 'The justice system is too soft on criminals'. Deposit CC0.",silence,na,,low,4
10.7910/dvn/dup1tt,goldberg_2018_jpir,NOT_PUBLISHED,"Jackson Personality Inventory-Revised (JPI-R, Sigma Assessment Systems)",,"Dataverse DUP1TT has only JPIR.tab (id, i1..i300) and scale scores; no questionnaire or item file and no DDI labels. JPI-R wording is commercial (Sigma) and not openly published; no clause fetched.",n/a,na,,high,4
10.6084/m9.figshare.5924647,spalex_aguasvivas_2020,NOT_ITEM_TEXT,SPALEX Spanish lexical decision (word/nonword strings),,"Processing script maps 'spelling' -> item, so the item code already is the letter string shown; resp = accuracy. There is no further wording to add, and an __items table would duplicate the code.",n/a,na,,low,4
10.17632/tdsspksw83,hoai_2026_academic_achievement,OBTAINABLE,"Blended-learning survey (study-authored, CoI-style constructs)","https://data.mendeley.com/datasets/tdsspksw83 -- codebook.docx (LABEL column, AA1-AA4); also Questionaire_EN.docx / Questionaire_VN.docx","Mendeley public API; codebook.docx gives verbatim English label per variable (AA1-AA4), matching n_items; Vietnamese administered version also deposited. e.g. TP1 'The instructor clearly communicates course objectives and expectations at the beginning of the course.'",silence,na,,low,4
10.17632/tdsspksw83,hoai_2026_cognitive_presence,OBTAINABLE,"Blended-learning survey (study-authored, CoI-style constructs)","https://data.mendeley.com/datasets/tdsspksw83 -- codebook.docx (LABEL column, CP1-CP4); also Questionaire_EN.docx / Questionaire_VN.docx","Mendeley public API; codebook.docx gives verbatim English label per variable (CP1-CP4), matching n_items; Vietnamese administered version also deposited. e.g. TP1 'The instructor clearly communicates course objectives and expectations at the beginning of the course.'",silence,na,,low,4
10.17632/tdsspksw83,hoai_2026_instructional_design_quality,OBTAINABLE,"Blended-learning survey (study-authored, CoI-style constructs)","https://data.mendeley.com/datasets/tdsspksw83 -- codebook.docx (LABEL column, IDQ1-IDQ5); also Questionaire_EN.docx / Questionaire_VN.docx","Mendeley public API; codebook.docx gives verbatim English label per variable (IDQ1-IDQ5), matching n_items; Vietnamese administered version also deposited. e.g. TP1 'The instructor clearly communicates course objectives and expectations at the beginning of the course.'",silence,na,,low,4
10.17632/tdsspksw83,hoai_2026_learning_experience,OBTAINABLE,"Blended-learning survey (study-authored, CoI-style constructs)","https://data.mendeley.com/datasets/tdsspksw83 -- codebook.docx (LABEL column, LE1-LE4); also Questionaire_EN.docx / Questionaire_VN.docx","Mendeley public API; codebook.docx gives verbatim English label per variable (LE1-LE4), matching n_items; Vietnamese administered version also deposited. e.g. TP1 'The instructor clearly communicates course objectives and expectations at the beginning of the course.'",silence,na,,low,4
10.17632/tdsspksw83,hoai_2026_social_presence,OBTAINABLE,"Blended-learning survey (study-authored, CoI-style constructs)","https://data.mendeley.com/datasets/tdsspksw83 -- codebook.docx (LABEL column, SP1-SP4); also Questionaire_EN.docx / Questionaire_VN.docx","Mendeley public API; codebook.docx gives verbatim English label per variable (SP1-SP4), matching n_items; Vietnamese administered version also deposited. e.g. TP1 'The instructor clearly communicates course objectives and expectations at the beginning of the course.'",silence,na,,low,4
10.17632/tdsspksw83,hoai_2026_student_engagement,OBTAINABLE,"Blended-learning survey (study-authored, CoI-style constructs)","https://data.mendeley.com/datasets/tdsspksw83 -- codebook.docx (LABEL column, SE1-SE4); also Questionaire_EN.docx / Questionaire_VN.docx","Mendeley public API; codebook.docx gives verbatim English label per variable (SE1-SE4), matching n_items; Vietnamese administered version also deposited. e.g. TP1 'The instructor clearly communicates course objectives and expectations at the beginning of the course.'",silence,na,,low,4
10.17632/tdsspksw83,hoai_2026_teaching_presence,OBTAINABLE,"Blended-learning survey (study-authored, CoI-style constructs)","https://data.mendeley.com/datasets/tdsspksw83 -- codebook.docx (LABEL column, TP1-TP5); also Questionaire_EN.docx / Questionaire_VN.docx","Mendeley public API; codebook.docx gives verbatim English label per variable (TP1-TP5), matching n_items; Vietnamese administered version also deposited. e.g. TP1 'The instructor clearly communicates course objectives and expectations at the beginning of the course.'",silence,na,,low,4
table:robison_2026_retesting_antisaccade,robison_2026_retesting_antisaccade,NOT_ITEM_TEXT,Antisaccade task (trial-level accuracy with rt),,"IRW metadata: 2 items, 37,984 responses, rt/trial_number columns: trial-level antisaccade performance, no worded items. No biblio and no processing script found in IRW.",n/a,na,,low,4
10.17632/fzw7dthwh6,rogers_2021_financial_knowledge,OBTAINABLE,"Financial knowledge questionnaire (Souza, Arantes, Rogers & Rogers 2021; incl. Lusardi-Mitchell-type items), Portuguese","https://data.mendeley.com/datasets/fzw7dthwh6 -- FinalForm.pdf, items [Q1]-[Q13] with options","FinalForm.pdf gives all 13 stems + options keyed to the .dta codes Q1-Q13 (the .dta labels say 'Vide enunciado no arquivo FinalForm'). e.g. Q1 'Suponha que voce tenha R$ 100,00 em uma conta poupanca a uma taxa de juros de 10% ao ano...'. Deposit CC BY 4.0.",silence,na,,low,4
10.1371/journal.pone.0324486,zou_2025_critical_thinking,UNREACHABLE,"CTDI-CV (Peng et al. 2004, Chinese Critical Thinking Disposition Inventory; derived from Facione CCTDI)",,"S1 xlsx columns D11..D710 (7 dimensions x 10, grouped by dimension, not the instrument's own item order); paper names dimensions only. Wording is in Peng et al. 2004 (Chinese Journal of Nursing, CNKI, closed). Note upstream: CTDI-CV derives from Insight Assessment's CCTDI, which would need a rights check before any extraction.",n/a,yes,,high,4
10.1371/journal.pone.0324486,zou_2025_task_difficulty,UNREACHABLE,"Task difficulty questionnaire (Robinson 2001), 5 items",,"S1 xlsx taskdifficulty1-5; paper describes the 5 ratings (difficulty, stress, perceived ability, interest, motivation) but not verbatim; Robinson 2001 Applied Linguistics is closed and the administered (likely Chinese) wording is not deposited.",n/a,yes,,medium,4
10.6084/m9.figshare.16900393,rosetti2023_climate_anxiety,UNREACHABLE,"Climate Anxiety Scale, full 22-item pool (Clayton & Karazsia 2020: 13 impairment + 3 experience + 6 behavioural)",,figshare API: CSV has CAS_q1..q22 plus CEI/FI/EXP/BEH sums (confirms the 22-item form); no item text or paper link. Wording is in Clayton & Karazsia 2020 J Environ Psychol (closed); the OA Wullenkord et al. 2021 Climatic Change copy returned a stub page here. Further look: fetch an OA reproduction and confirm the q1-q22 order.,n/a,yes,,medium,4
10.6084/m9.figshare.16900393,rosetti2023_climate_knowledge,NOT_PUBLISHED,"CCKQ climate change knowledge quiz (unattributed, 10 items)",,"figshare record (API) has only CCKQ_q1..q10 scored correct/incorrect, no references and no related paper; source of the quiz not identified.",n/a,yes,,high,4
10.3758/s13428-025-02708-0,margaretto_2025_translation_study_1_generalknowledge,RIGHTS_BLOCK,GK test (Spanish) (Bermudez-Margaretto & Brysbaert 2025),,"OSF c8n2x has every test in full (LimeSurvey PDFs/.lss, 'Tests available for research' .docx), data headers are the stimulus words (e.g. 'compost', 'PALpellizcar', 'T1Q1'), so wording is obtainable and mappable -- but the originators' license.txt puts all materials under CC BY-NC-SA 4.0. Note: for LexTALE/StuVoc/GK the item codes already carry the target words, so the block does not reach the response table.","quote:""CC BY-NC-SA 4.0 ... for noncommercial purposes only"" https://osf.io/download/mtdhr/ (license.txt, osf.io/c8n2x)",na,,low,4
10.3758/s13428-025-02708-0,margaretto_2025_translation_study_1_lextale,RIGHTS_BLOCK,LexTALE-Esp (Bermudez-Margaretto & Brysbaert 2025),,"OSF c8n2x has every test in full (LimeSurvey PDFs/.lss, 'Tests available for research' .docx), data headers are the stimulus words (e.g. 'compost', 'PALpellizcar', 'T1Q1'), so wording is obtainable and mappable -- but the originators' license.txt puts all materials under CC BY-NC-SA 4.0. Note: for LexTALE/StuVoc/GK the item codes already carry the target words, so the block does not reach the response table.","quote:""CC BY-NC-SA 4.0 ... for noncommercial purposes only"" https://osf.io/download/mtdhr/ (license.txt, osf.io/c8n2x)",na,,low,4
10.3758/s13428-025-02708-0,margaretto_2025_translation_study_1_readingcomprehension,RIGHTS_BLOCK,Reading comprehension test (Spanish) (Bermudez-Margaretto & Brysbaert 2025),,"OSF c8n2x has every test in full (LimeSurvey PDFs/.lss, 'Tests available for research' .docx), data headers are the stimulus words (e.g. 'compost', 'PALpellizcar', 'T1Q1'), so wording is obtainable and mappable -- but the originators' license.txt puts all materials under CC BY-NC-SA 4.0. Note: for LexTALE/StuVoc/GK the item codes already carry the target words, so the block does not reach the response table.","quote:""CC BY-NC-SA 4.0 ... for noncommercial purposes only"" https://osf.io/download/mtdhr/ (license.txt, osf.io/c8n2x)",na,,low,4
10.3758/s13428-025-02708-0,margaretto_2025_translation_study_1_vocabulary_1,RIGHTS_BLOCK,StuVoc1-Esp (Bermudez-Margaretto & Brysbaert 2025),,"OSF c8n2x has every test in full (LimeSurvey PDFs/.lss, 'Tests available for research' .docx), data headers are the stimulus words (e.g. 'compost', 'PALpellizcar', 'T1Q1'), so wording is obtainable and mappable -- but the originators' license.txt puts all materials under CC BY-NC-SA 4.0. Note: for LexTALE/StuVoc/GK the item codes already carry the target words, so the block does not reach the response table.","quote:""CC BY-NC-SA 4.0 ... for noncommercial purposes only"" https://osf.io/download/mtdhr/ (license.txt, osf.io/c8n2x)",na,,low,4
10.3758/s13428-025-02708-0,margaretto_2025_translation_study_1_vocabulary_2,RIGHTS_BLOCK,StuVoc2-Esp (Bermudez-Margaretto & Brysbaert 2025),,"OSF c8n2x has every test in full (LimeSurvey PDFs/.lss, 'Tests available for research' .docx), data headers are the stimulus words (e.g. 'compost', 'PALpellizcar', 'T1Q1'), so wording is obtainable and mappable -- but the originators' license.txt puts all materials under CC BY-NC-SA 4.0. Note: for LexTALE/StuVoc/GK the item codes already carry the target words, so the block does not reach the response table.","quote:""CC BY-NC-SA 4.0 ... for noncommercial purposes only"" https://osf.io/download/mtdhr/ (license.txt, osf.io/c8n2x)",na,,low,4
10.3758/s13428-025-02708-0,margaretto_2025_translation_study_1_vocabulary_3,RIGHTS_BLOCK,StuVoc3-Esp (Bermudez-Margaretto & Brysbaert 2025),,"OSF c8n2x has every test in full (LimeSurvey PDFs/.lss, 'Tests available for research' .docx), data headers are the stimulus words (e.g. 'compost', 'PALpellizcar', 'T1Q1'), so wording is obtainable and mappable -- but the originators' license.txt puts all materials under CC BY-NC-SA 4.0. Note: for LexTALE/StuVoc/GK the item codes already carry the target words, so the block does not reach the response table.","quote:""CC BY-NC-SA 4.0 ... for noncommercial purposes only"" https://osf.io/download/mtdhr/ (license.txt, osf.io/c8n2x)",na,,low,4
10.3758/s13428-025-02708-0,margaretto_2025_translation_study_2_generalknowledge_1,RIGHTS_BLOCK,GK test 1 (Spanish) (Bermudez-Margaretto & Brysbaert 2025),,"OSF c8n2x has every test in full (LimeSurvey PDFs/.lss, 'Tests available for research' .docx), data headers are the stimulus words (e.g. 'compost', 'PALpellizcar', 'T1Q1'), so wording is obtainable and mappable -- but the originators' license.txt puts all materials under CC BY-NC-SA 4.0. Note: for LexTALE/StuVoc/GK the item codes already carry the target words, so the block does not reach the response table.","quote:""CC BY-NC-SA 4.0 ... for noncommercial purposes only"" https://osf.io/download/mtdhr/ (license.txt, osf.io/c8n2x)",na,,low,4
10.3758/s13428-025-02708-0,margaretto_2025_translation_study_2_generalknowledge_2,RIGHTS_BLOCK,GK test 2 (Spanish) (Bermudez-Margaretto & Brysbaert 2025),,"OSF c8n2x has every test in full (LimeSurvey PDFs/.lss, 'Tests available for research' .docx), data headers are the stimulus words (e.g. 'compost', 'PALpellizcar', 'T1Q1'), so wording is obtainable and mappable -- but the originators' license.txt puts all materials under CC BY-NC-SA 4.0. Note: for LexTALE/StuVoc/GK the item codes already carry the target words, so the block does not reach the response table.","quote:""CC BY-NC-SA 4.0 ... for noncommercial purposes only"" https://osf.io/download/mtdhr/ (license.txt, osf.io/c8n2x)",na,,low,4
10.3758/s13428-025-02708-0,margaretto_2025_translation_study_2_lextale,RIGHTS_BLOCK,LexTALE-Esp (Bermudez-Margaretto & Brysbaert 2025),,"OSF c8n2x has every test in full (LimeSurvey PDFs/.lss, 'Tests available for research' .docx), data headers are the stimulus words (e.g. 'compost', 'PALpellizcar', 'T1Q1'), so wording is obtainable and mappable -- but the originators' license.txt puts all materials under CC BY-NC-SA 4.0. Note: for LexTALE/StuVoc/GK the item codes already carry the target words, so the block does not reach the response table.","quote:""CC BY-NC-SA 4.0 ... for noncommercial purposes only"" https://osf.io/download/mtdhr/ (license.txt, osf.io/c8n2x)",na,,low,4
10.3758/s13428-025-02708-0,margaretto_2025_translation_study_2_readingcomprehension,RIGHTS_BLOCK,Reading comprehension test (Spanish) (Bermudez-Margaretto & Brysbaert 2025),,"OSF c8n2x has every test in full (LimeSurvey PDFs/.lss, 'Tests available for research' .docx), data headers are the stimulus words (e.g. 'compost', 'PALpellizcar', 'T1Q1'), so wording is obtainable and mappable -- but the originators' license.txt puts all materials under CC BY-NC-SA 4.0. Note: for LexTALE/StuVoc/GK the item codes already carry the target words, so the block does not reach the response table.","quote:""CC BY-NC-SA 4.0 ... for noncommercial purposes only"" https://osf.io/download/mtdhr/ (license.txt, osf.io/c8n2x)",na,,low,4
10.3758/s13428-025-02708-0,margaretto_2025_translation_study_2_vocabulary_full,RIGHTS_BLOCK,StuVoc-Esp full (Bermudez-Margaretto & Brysbaert 2025),,"OSF c8n2x has every test in full (LimeSurvey PDFs/.lss, 'Tests available for research' .docx), data headers are the stimulus words (e.g. 'compost', 'PALpellizcar', 'T1Q1'), so wording is obtainable and mappable -- but the originators' license.txt puts all materials under CC BY-NC-SA 4.0. Note: for LexTALE/StuVoc/GK the item codes already carry the target words, so the block does not reach the response table.","quote:""CC BY-NC-SA 4.0 ... for noncommercial purposes only"" https://osf.io/download/mtdhr/ (license.txt, osf.io/c8n2x)",na,,low,4
10.1038/s41598-024-84829-8,lopezgomez_2025_mbi_cynicism,RIGHTS_BLOCK,"Maslach Burnout Inventory-Student Survey (MBI-SS, Schaufeli et al. 2002; Mind Garden), Thai translation",,"Paper (PMC11729910) Table 2 has only short labels ('EX1 Emotionally drained', 'CY3 Cynical'); it says 'A license for the use of MBI questionnaire was sought and granted by Mind Garden'. Mind Garden's MBI page puts administration and translations behind a licence purchase and translation permission. Page sha256 5b48075a24b396f5851e53569893ced03c34f3cc3a9335a81e77cf602bdfc74d.","quote:""If you are unable to find the translation you need, you can request permission to make a translation. Available with MBI License to Administer: Translations are available free of charge with your MBI license purchase."" https://www.mindgarden.com/117-maslach-burnout-inventory-mbi",yes,,medium,4
10.1038/s41598-024-84829-8,lopezgomez_2025_mbi_efficacy,RIGHTS_BLOCK,"Maslach Burnout Inventory-Student Survey (MBI-SS, Schaufeli et al. 2002; Mind Garden), Thai translation",,"Paper (PMC11729910) Table 2 has only short labels ('EX1 Emotionally drained', 'CY3 Cynical'); it says 'A license for the use of MBI questionnaire was sought and granted by Mind Garden'. Mind Garden's MBI page puts administration and translations behind a licence purchase and translation permission. Page sha256 5b48075a24b396f5851e53569893ced03c34f3cc3a9335a81e77cf602bdfc74d.","quote:""If you are unable to find the translation you need, you can request permission to make a translation. Available with MBI License to Administer: Translations are available free of charge with your MBI license purchase."" https://www.mindgarden.com/117-maslach-burnout-inventory-mbi",yes,,medium,4
10.1038/s41598-024-84829-8,lopezgomez_2025_mbi_exhaustion,RIGHTS_BLOCK,"Maslach Burnout Inventory-Student Survey (MBI-SS, Schaufeli et al. 2002; Mind Garden), Thai translation",,"Paper (PMC11729910) Table 2 has only short labels ('EX1 Emotionally drained', 'CY3 Cynical'); it says 'A license for the use of MBI questionnaire was sought and granted by Mind Garden'. Mind Garden's MBI page puts administration and translations behind a licence purchase and translation permission. Page sha256 5b48075a24b396f5851e53569893ced03c34f3cc3a9335a81e77cf602bdfc74d.","quote:""If you are unable to find the translation you need, you can request permission to make a translation. Available with MBI License to Administer: Translations are available free of charge with your MBI license purchase."" https://www.mindgarden.com/117-maslach-burnout-inventory-mbi",yes,,medium,4
10.7717/peerj.18134,zhao_2024_anxiety,NOT_PUBLISHED,"BSI-18 anxiety subscale (Derogatis 2001; Pearson), Chinese",,PMC11466236 gives one example item; codebook (supp s004) and .sav labels give only 'T1Anxiety1..6' with response anchors; supp tables use codes A1-A6. No item wording anywhere in the deposit.,n/a,yes,,high,4
10.7717/peerj.18134,zhao_2024_depression,NOT_PUBLISHED,"BSI-18 depression subscale (Derogatis 2001; Pearson), Chinese",,"Same paper (PeerJ 10.7717/peerj.18134): 6-item BSI-18 depression, one example ('In the past 30 days, have you felt lonely?'); codebook and .sav give T1D1..T1D6 only.",n/a,no,"The old audit could not identify the source; it is this PeerJ paper (BSI-18 depression subscale), with wording unpublished.",high,4
10.7717/peerj.18134,zhao_2024_nssi,NOT_PUBLISHED,"Adolescent Non-Suicidal Self-Injury Assessment Questionnaire (Wan et al. 2018), 12 behaviours",,"Paper gives the stem and a few behaviour names (hitting, hair pulling, cutting, carving, biting, skin rubbing) but not all 12 mapped to NSSI1-12; codebook/.sav unlabelled. Paper: 'The authors gained permission to use this questionnaire' -- a rights lead if the wording is found.",n/a,yes,,high,4
table:rdatasets_gssabortion,rdatasets_gssabortion,OBTAINABLE,"General Social Survey abortion battery (ABDEFECT, ABNOMORE, ABHLTH, ABPOOR, ABRAPE, ABSINGLE, ABANY; NORC)","https://kjhealy.github.io/gssrdoc/reference/abdefect.html (and sibling pages per variable; from the GSS codebook, gss.norc.org)",Rdatasets stevedata::gss_abortion documents the 7 ab* variables; the gssrdoc page gives the verbatim GSS stem 'Please tell me whether or not you think it should be possible for a pregnant woman to obtain a legal abortion if...' + 'A. If there is a strong chance of serious defect in the baby?'. The GSS Data Explorer did not respond.,silence,na,,low,4
10.3758/s13428-022-01944-y,wooly_hartman2022,OBTAINABLE,Age Verification Instrument-Short (Hartman et al. 2023; TV-show/song era-knowledge items),"https://osf.io/download/nsrdu/?view_only=7252e963f3bd4c0c981eed6ddd085ee8 (Study 1a_Measures.pdf, Qualtrics export; also Study 1b/3a measures PDFs)","OSF API (view-only link) lists measures PDFs; Study 1a_Measures.pdf carries every scored code Q4..Q75 (all 19 found) with stem and options, e.g. 'Q49 Wooly Bully:' with artist choices.",silence,no,OSF measures PDFs are reachable via the API; the old audit only tried the Springer page.,low,5
10.3389/fpsyg.2021.708342.s001,wu2021_career_expectation,NEEDS_HUMAN,"Diener affect-frequency items (6 positive + 8 negative, Chinese; block F) -- NOT a career-expectation scale","https://ndownloader.figshare.com/files/30891997 (Data_Sheet_2.PDF, section 6)","Administered questionnaire (figshare 16683934, Data_Sheet_2) section 6 lists all 14 affect words (e.g. 愉快/不愉快/幸福). Paper cites Diener (1984) for this block. Two decisions: (1) the table is misnamed (block F, see memory irw-wu2021-scale-mislabelling / irw#2198), rename first; (2) whether Diener's eddiener.com/scales 'non-commercial purposes only' clause (the page behind the SWLS register block) covers these affect items.",needs ruling: Diener originator; SWLS register row cites eddiener.com/scales NC clause,no,Wording IS in the deposit's companion Data_Sheet_2.PDF; old audit also misidentified the block.,medium,5
10.3389/fpsyg.2021.708342.s001,wu2021_empathy,OBTAINABLE,"Occupation Expectation Scale (Wu & Li 2001), 21 items, Chinese (block B) -- NOT an empathy scale","https://ndownloader.figshare.com/files/30891997 (Data_Sheet_2.PDF, section 2, items 1-21)",Data_Sheet_2 section 2 prints 21 numbered job-attribute items (e.g. 收入高 'high income') on a 1-5 importance grid; paper confirms OES = 21 items. Maps positionally to B1..B21. Blocker for shipping: table is misnamed (irw#2198) and block B is in the impossible B-G correlation (irw#2195); resolve before extraction.,silence,no,Wording is in Data_Sheet_2.PDF (s002); old audit only looked at the CSV deposit and named the wrong instrument.,low,5
10.1371/journal.pone.0331067,dou2025_ans,OBTAINABLE,"Aesthetic Needs Scale (Swiatek et al. 2024), Chinese, 18 items","https://ndownloader.figshare.com/files/57597382 (xlsx column headers, cols 9-26: '7、喜欢用美丽的事物包围自己' .. '24、...')",The deposit xlsx carries the full Chinese question text as column headers for all 18 ANS items; processing script maps them positionally to ans_1..18.,silence,no,Item text is in the data file's own headers; old audit checked only the paper.,low,5
10.1371/journal.pone.0331067,dou2025_wcts,NEEDS_HUMAN,"Williams Creative Tendency Scale (Chinese revision, Lin & Wang), 23 of 50 items","https://ndownloader.figshare.com/files/57597382 (xlsx column headers, cols 41-63: '37、在学校里，我喜欢试着对事物...' etc.)","Wording for all 23 administered items is in the deposit's column headers. Rights: WCTS is part of Williams' commercially published Creativity Assessment Packet (PRO-ED; Chinese edition by Psychological Publishing, Taipei). PRO-ED product page fetched returned no terms; publisher terms not read. Decision: find and quote the publisher's reproduction clause (likely a block) vs ship on silence.",unresolved: commercial publisher (PRO-ED / Psychological Publishing) terms not located,no,Wording is available in the data headers; 'copyrighted/licensed' alone is the retired test.,low,5
table:robison_2026_retesting_color,robison_2026_retesting_color,NOT_ITEM_TEXT,Computerised colour-based cognitive task (trial-level),,"Metadata: columns id/item/resp/wave/rt/trial_number/trial_block, 2 item codes, ~124 trials per person; sibling tables are antisaccade/digit-comparison tasks. Trial-level RT/accuracy task, not worded items. No processing script or refs in repo to identify the exact paradigm.",n/a,na,,low,5
10.3758/s13428-020-01462-9,offlinefriend_bigfive,RIGHTS_BLOCK,"Big Five Inventory (BFI-44, John, Naumann & Soto 2008)",,"Administered survey (OSF 9y2rh, 'Online data collection as administered.docx') says '[Items of John, Nauman & Soto's 2008 Big Five inventory]' with BFI response anchors; 44 items matches BFI-44. Wording exists on the Berkeley BFI page.",register:Big Five Inventory (BFI-44) -- block,na,,low,5
10.3758/s13428-020-01462-9,offlinefriend_ofaq,OBTAINABLE,"Offline-Friend Addiction Questionnaire (O-FAQ), Satchell et al. 2021, as administered (37 items)","https://osf.io/download/bs3ke/ ('Online data collection as administered (ethics info removed).docx', Part 2); also https://osf.io/download/adr3h/ (O-FAQ.docx)","Administered-survey docx lists all 37 Part 2 items in order (e.g. 'I spend a lot of time thinking about spending time with friends'), matching T1_OFAQ_1..37. The separate O-FAQ.docx is the final scoring version.",silence,no,OSF deposit has the administered questionnaire and the O-FAQ form; old audit never looked at OSF.,low,5
10.1037/per0000565,west_2022_psychnet_pclsv,NEEDS_HUMAN,"Psychopathy Checklist: Screening Version (PCL:SV; Hart, Cox & Hare 1995; MHS), 12 clinician-rated items","https://osf.io/download/8tuyc/ (West et al. 2022 preprint, Table 3 node list)","Only the 12 short item titles are public (preprint Table 3: Superficial, Grandiose, Deceitful, NoRemorse ... AdultASB); scoring criteria are in the commercial MHS manual. PMC copy returned no body text. Decisions: (1) whether short titles of a clinician-rated checklist count as item text; (2) MHS/Hare terms not read -- likely reserve reproduction.","unresolved: MHS/Hare commercial manual, terms not read",na,,low,5
10.33009/ldbase.1680213217.8ed0,preschool_sel_emt,OBTAINABLE,"Emotion Matching Task (Morgan, Izard & King 2010), forms A/B, parts 1-4",https://ldbase.org/system/files/datasets/2023-05/R305A180293_child-level_CT_v35.sav (SPSS variable labels emta*/emtb*),"The LDbase .sav is openly downloadable, and its variable labels hold the spoken prompt for every item (e.g. 'Pt2:Q3 Show me the one whose puppy just got lost...', 'Pt4:Q3 Show me the one who feels sad'). Caveat: in Parts 1 and 3 (about half the items) the prompts are the same generic wording and the content is a photograph. IRW item codes are integers built from column order in data/preschool_sel.R, so the mapping has to be rebuilt.",silence,no,The dataset's own .sav labels carry the prompts; no publisher PDF was needed.,high,5
10.1027/1614-,morgan_2026_music_personality_bfi,RIGHTS_BLOCK,"Big Five Inventory-2 Short Form (BFI-2-S, 30 items)",,Data (OSF g8dvj data.csv) has BFI1..BFI30 codes only; 30 items = BFI-2-S. Wording exists at the Berkeley BFI-2 page.,register:Big Five Inventory-2 (BFI-2) -- block,na,,low,5
10.1027/1614-,morgan_2026_music_personality_pvq,RIGHTS_BLOCK,"PVQ21 / ESS Human Values Scale (Schwartz), 21 items",,Script builds this table from ESS1..ESS21 columns = ESS21/PVQ21.,register:Schwartz value instruments (PVQ21/ESS21) -- block,na,,low,5
10.1027/1614-,morgan_2026_music_personality_stompr,OBTAINABLE,"Short Test Of Music Preferences-Revised (STOMP-R; Rentfrow & Gosling), 23 genres","https://www.dropbox.com/s/n30bfwtgppx4z1r/STOMP-R.pdf (linked from https://www.psd.psychol.cam.ac.uk/projects-measures), items 1-23",Rentfrow's STOMP-R form lists 23 numbered genres (1 Alternative ... 23 Soundtracks/theme song) on a 1-7 like/dislike scale; data codes STOMPR01..23 map positionally (check the order against the OSF Rmd). Neither Rentfrow's nor Gosling's page states terms.,silence,na,,low,5
10.1371/journal.pone.0203435,burns_2018_bsi18_father,RIGHTS_BLOCK,"Brief Symptom Inventory-18 (BSI-18, Derogatis; Pearson)",,"S7 .sav (journal.pone.0203435.s007) variable labels give all 18 items verbatim (e.g. bsi1 'Fainting or dizziness'). BSI-18 is sold by Pearson (pearsonassessments.com product page fetched, 200); Pearson's Ts&Cs reserve reproduction of test items.","quote:""printing or reproducing copyright-protected materials ... including reproduction of test items ... is strictly prohibited"" https://www.pearsonassessments.com/footer/terms-of-sale---use.html (clause as recorded in register SCL row; BSI named there as plausibly in scope)",yes,,low,5
10.1371/journal.pone.0203435,burns_2018_das4_father,NEEDS_HUMAN,"Dyadic Adjustment Scale 4-item short form (DAS-4; Sabourin et al. 2005, from Spanier's DAS)",https://journals.plos.org/plosone/article/file?type=supplementary&id=10.1371/journal.pone.0203435.s007 (SPSS labels DAS1..DAS4),"The S7 .sav labels hold all 4 items verbatim (e.g. DAS2 'In general, how often do you think that things between you and your partner are going well?'). Rights: the items are Spanier's DAS items, and MHS sells the DAS; the MHS store page 404'd, so no terms have been quoted. Decision: find MHS/Spanier terms (likely a block) vs ship on silence.",unresolved: originator Spanier/MHS; terms page not reached,no,Wording is in the S7 .sav variable labels; the old audit said none was reproduced.,low,5
10.1371/journal.pone.0203435,burns_2018_bsi18_mother,RIGHTS_BLOCK,"Brief Symptom Inventory-18 (BSI-18, Derogatis; Pearson)",,"S7 .sav (journal.pone.0203435.s007) variable labels give all 18 items verbatim (e.g. bsi1 'Fainting or dizziness'). BSI-18 is sold by Pearson (pearsonassessments.com product page fetched, 200); Pearson's Ts&Cs reserve reproduction of test items.","quote:""printing or reproducing copyright-protected materials ... including reproduction of test items ... is strictly prohibited"" https://www.pearsonassessments.com/footer/terms-of-sale---use.html (clause as recorded in register SCL row; BSI named there as plausibly in scope)",yes,,low,5
10.1371/journal.pone.0203435,burns_2018_das4_mother,NEEDS_HUMAN,"Dyadic Adjustment Scale 4-item short form (DAS-4; Sabourin et al. 2005, from Spanier's DAS)",https://journals.plos.org/plosone/article/file?type=supplementary&id=10.1371/journal.pone.0203435.s007 (SPSS labels DAS1..DAS4),"The S7 .sav labels hold all 4 items verbatim (e.g. DAS2 'In general, how often do you think that things between you and your partner are going well?'). Rights: the items are Spanier's DAS items, and MHS sells the DAS; the MHS store page 404'd, so no terms have been quoted. Decision: find MHS/Spanier terms (likely a block) vs ship on silence.",unresolved: originator Spanier/MHS; terms page not reached,no,Wording is in the S7 .sav variable labels; the old audit said none was reproduced.,low,5
10.6084/m9.figshare.29488523,skalka2025_ai_literacy,OBTAINABLE,"AI Literacy questionnaire adapted from Dai et al. (2020), 10 subscales, 50 items","https://ndownloader.figshare.com/files/56024522 (AI_Literacy_survey.pdf, in the same figshare deposit)","The deposit's own survey PDF lists all 50 items under the exact data codes (S1-S5, L1-L5, R1-R6, CM1-4, C1-5, SG1-5, IM1-4, A1-5, RE1-6, BI1-5), e.g. 'L1 I know that AI can be used for image recognition and search.' The source (Dai et al. 2020, MDPI Sustainability) is CC BY and states no terms.",silence,no,The survey PDF sits in the deposit itself; no need to reach the MDPI paper.,low,5
10.1371/journal.pone.0279701,reinwarth_2023_psych_symptoms,NEEDS_HUMAN,"Six items of the Hospital Anxiety and Depression Scale (German HADS-D): A1, A3, A5 and D-items",https://journals.plos.org/plosone/article/file?type=supplementary&id=10.1371/journal.pone.0279701.s002 (SPSS labels q18_1..q18_6),"The S2 .sav labels give all 6 items verbatim in German (e.g. q18_1 'Ich fühle mich angespannt oder überreizt'). These are HADS items, so the instrument is identified now. HADS is licensed by GL Assessment (German edition: Hogrefe/Huber). The GL Assessment page returned 403, so the licence clause is not quoted. Likely a block; needs the clause, e.g. via Wayback.",unresolved: HADS (GL Assessment / Hogrefe) licence page 403,no,The wording is in the S2 .sav labels. The old audit checked only S1 and called the battery unidentified; it is HADS.,low,5
10.1371/journal.pone.0284340,bang_2023_anxiety,UNREACHABLE,"Korean Screening Tool for Anxiety Disorders (K-ANX), 11 items",,Paper (PMC10101457) names K-ANX with no items; S1 Dataset has only A1..A11 codes (dictionary sheet gives scale names only). Source is a Ministry of Health and Welfare report (ScienceON TRKO201900002730) whose full text is behind a JS-only viewer.,n/a,no,"The old audit said UNAVAILABLE, but the wording is in a government report that exists and could not be reached; that is not the same as unpublished.",medium,5
10.1371/journal.pone.0284340,bang_2023_depression,UNREACHABLE,"Korean Screening Tool for Depressive Disorders (K-DEP), 12 items",,Same as K-ANX. Paper and S1 Dataset have codes D1..D12 only. The MoHW report on ScienceON cannot be retrieved (the PDF link is built by JS).,n/a,yes,,medium,5
10.1371/journal.pone.0284340,bang_2023_health,NOT_PUBLISHED,SF-12 adapted/modified to 14 agree-disagree items by Hur & Kim (2016),,"The paper describes a modified 14-item SF-12 (4-point agree scale) and gives no items. S1 Dataset has H1..H14 only, and the SI holds just a TREND checklist and IRB letters. The wording would be in Hur & Kim (2016, Korean J Fam Welf), which was not checked. This is not the RAND SF-36 on the register.",n/a,yes,,high,5
10.1371/journal.pone.0284340,bang_2023_parenting_stress,NOT_PUBLISHED,"Korean Parenting Stress Index-4 Short Form (K-PSI-4-SF; Abidin/PAR, Korean ed. Chung et al. 2019)",,"Paper and SI give no items; S1 Dataset has PS1..PS36 only. The PSI-4-SF is a commercial PAR instrument (Korean edition sold separately), so the wording is unlikely to be open anywhere; rights would also need checking.",n/a,yes,,high,5
10.1371/journal.pone.0255995,chinvararak_2021_bdi,RIGHTS_BLOCK,"Beck Depression Inventory-II (Thai), Pearson",,"The S1 .sav labels hold only Thai symptom headings (e.g. bdi1 'beck อารมณ์เศร้า', i.e. sadness); the full wording is in Pearson's BDI-II. Pearson's Ts&Cs reserve reproduction of test items.","quote:""printing or reproducing copyright-protected materials ... including reproduction of test items ... is strictly prohibited"" https://www.pearsonassessments.com/footer/terms-of-sale---use.html",yes,,medium,5
10.1371/journal.pone.0255995,chinvararak_2021_ssq,NOT_PUBLISHED,"Thai Social Support Questionnaire (16 items in 3 groups: emotional, informational, instrumental)",,"The S1 .sav labels are abbreviated Thai topic words only (e.g. ssq11 'เจ็บป่วย' illness; ssq21 'ข่าวสารมีประโยชน์' useful information), not item wording. The paper does not describe or cite this instrument. These stubs could serve as labels if that is ruled acceptable.",n/a,yes,,high,5
10.1371/journal.pone.0255995,chinvararak_2021_ylseq,NOT_PUBLISHED,Thai life-stress-events checklist (43 events),,"The S1 .sav labels are short Thai event stubs (e.g. ylseq8 'คู่สมรสเสียชีวิต' spouse died; ylseq29 'ตกงาน' lost job), not full wording. The paper does not describe the instrument. The stubs are nearly self-explanatory event names, so a human could decide to accept them as labels.",n/a,yes,,medium,5
10.1371/journal.pone.0269201,busch_2022_course_exacerbate,OBTAINABLE,Author-built checklist: aspects of online science courses that exacerbate depression (17 options),https://doi.org/10.1371/journal.pone.0269201 Table 2 (wording of each aspect) and S1 Appendix (copy of the survey),"Paper Table 2 lists the aspect wording (e.g. 'Online monitored proctored testing', 'Difficulty getting to know other students in class'). S1 Appendix is described as including a copy of the survey. Data codes (idep.camera, idep.proctor.exam, ... idep.nothing, idep.other) map by content. Check the S1 Appendix for the 'nothing' and 'other' options.",silence,no,The paper is open (PMC9159593) and prints the items; the old audit never reached it.,low,5
10.31219/osf.io/p93df,itemrandom_buchanan_2018_LPQ,UNREACHABLE,"Life Purpose Questionnaire (LPQ; Hablas & Hutzell 1982), 20 true/false items",,"OSF gvx7s holds only data and analysis CSVs. The preprint (osf.io/p93df) describes the LPQ and quotes item stubs in results, not full items. The wording is in Hablas & Hutzell (1982, Institute of Logotherapy Press book chapter), which has no open copy; rights unknown.",n/a,na,,medium,5
10.31219/osf.io/p93df,itemrandom_buchanan_2018_PIL,UNREACHABLE,"Purpose in Life Test (PIL; Crumbaugh & Maholick 1964), 20 items",,"OSF gvx7s has no materials; the preprint gives only item stubs ('exciting life', 'prepared for death'). The originating form is J Clin Psychol 1964 (paywalled) and was later sold by Psychometric Affiliates. The rights holder's terms are unknown, so a rights check would also be owed.",n/a,na,,medium,5
10.1038/s41597-024-04100-7,mede_2025_clim_emotions,OBTAINABLE,TISP core questionnaire block CLIM_EMO (9),https://osf.io/download/sujpn/ (05_survey-materials/questionnaire/master/core-questionnaire_english.pdf),"The English master questionnaire prints each item next to its exact data variable name, e.g. (SDO_superiordominate) 'Superior groups should dominate inferior groups.' Every code in this block is present. The survey was fielded in many languages, and translations are in questionnaire/countries.",silence,na,,low,5
10.1038/s41597-024-04100-7,mede_2025_clim_government,OBTAINABLE,TISP core questionnaire block CLIM_GOV (7),https://osf.io/download/sujpn/ (05_survey-materials/questionnaire/master/core-questionnaire_english.pdf),"The English master questionnaire prints each item next to its exact data variable name, e.g. (SDO_superiordominate) 'Superior groups should dominate inferior groups.' Every code in this block is present. The survey was fielded in many languages, and translations are in questionnaire/countries.",silence,na,,low,5
10.1038/s41597-024-04100-7,mede_2025_clim_polsupport,OBTAINABLE,TISP core questionnaire block CLIM_POLSUPPORT (5),https://osf.io/download/sujpn/ (05_survey-materials/questionnaire/master/core-questionnaire_english.pdf),"The English master questionnaire prints each item next to its exact data variable name, e.g. (SDO_superiordominate) 'Superior groups should dominate inferior groups.' Every code in this block is present. The survey was fielded in many languages, and translations are in questionnaire/countries.",silence,na,,low,5
10.1038/s41597-024-04100-7,mede_2025_clim_weather_future,OBTAINABLE,TISP core questionnaire block CLIM_WEATHERFUTU (6),https://osf.io/download/sujpn/ (05_survey-materials/questionnaire/master/core-questionnaire_english.pdf),"The English master questionnaire prints each item next to its exact data variable name, e.g. (SDO_superiordominate) 'Superior groups should dominate inferior groups.' Every code in this block is present. The survey was fielded in many languages, and translations are in questionnaire/countries.",silence,na,,low,5
10.1038/s41597-024-04100-7,mede_2025_clim_weather_past,OBTAINABLE,TISP core questionnaire block CLIM_WEATHERPAST (6),https://osf.io/download/sujpn/ (05_survey-materials/questionnaire/master/core-questionnaire_english.pdf),"The English master questionnaire prints each item next to its exact data variable name, e.g. (SDO_superiordominate) 'Superior groups should dominate inferior groups.' Every code in this block is present. The survey was fielded in many languages, and translations are in questionnaire/countries.",silence,na,,low,5
10.1038/s41597-024-04100-7,mede_2025_goals_priority,OBTAINABLE,TISP core questionnaire block GOALS_PRIO (4),https://osf.io/download/sujpn/ (05_survey-materials/questionnaire/master/core-questionnaire_english.pdf),"The English master questionnaire prints each item next to its exact data variable name, e.g. (SDO_superiordominate) 'Superior groups should dominate inferior groups.' Every code in this block is present. The survey was fielded in many languages, and translations are in questionnaire/countries.",silence,na,,low,5
10.1038/s41597-024-04100-7,mede_2025_goals_tackle,OBTAINABLE,TISP core questionnaire block GOALS_TACKLE (4),https://osf.io/download/sujpn/ (05_survey-materials/questionnaire/master/core-questionnaire_english.pdf),"The English master questionnaire prints each item next to its exact data variable name, e.g. (SDO_superiordominate) 'Superior groups should dominate inferior groups.' Every code in this block is present. The survey was fielded in many languages, and translations are in questionnaire/countries.",silence,na,,low,5
10.1038/s41597-024-04100-7,mede_2025_normperc,OBTAINABLE,TISP core questionnaire block NORMPERC (6),https://osf.io/download/sujpn/ (05_survey-materials/questionnaire/master/core-questionnaire_english.pdf),"The English master questionnaire prints each item next to its exact data variable name, e.g. (SDO_superiordominate) 'Superior groups should dominate inferior groups.' Every code in this block is present. The survey was fielded in many languages, and translations are in questionnaire/countries.",silence,na,,low,5
10.1038/s41597-024-04100-7,mede_2025_outspokenness,OBTAINABLE,TISP core questionnaire block OUTSPOKEN (3),https://osf.io/download/sujpn/ (05_survey-materials/questionnaire/master/core-questionnaire_english.pdf),"The English master questionnaire prints each item next to its exact data variable name, e.g. (SDO_superiordominate) 'Superior groups should dominate inferior groups.' Every code in this block is present. The survey was fielded in many languages, and translations are in questionnaire/countries.",silence,na,,low,5
10.1038/s41597-024-04100-7,mede_2025_sciengage,OBTAINABLE,TISP core questionnaire block SCIENGAGE (4),https://osf.io/download/sujpn/ (05_survey-materials/questionnaire/master/core-questionnaire_english.pdf),"The English master questionnaire prints each item next to its exact data variable name, e.g. (SDO_superiordominate) 'Superior groups should dominate inferior groups.' Every code in this block is present. The survey was fielded in many languages, and translations are in questionnaire/countries.",silence,na,,low,5
10.1038/s41597-024-04100-7,mede_2025_sciinfo,OBTAINABLE,TISP core questionnaire block SCIINFO (10),https://osf.io/download/sujpn/ (05_survey-materials/questionnaire/master/core-questionnaire_english.pdf),"The English master questionnaire prints each item next to its exact data variable name, e.g. (SDO_superiordominate) 'Superior groups should dominate inferior groups.' Every code in this block is present. The survey was fielded in many languages, and translations are in questionnaire/countries.",silence,na,,low,5
10.1038/s41597-024-04100-7,mede_2025_scipop,OBTAINABLE,"TISP core questionnaire block SCIPOP (8; SciPop Scale, Mede & Schaefer)",https://osf.io/download/sujpn/ (05_survey-materials/questionnaire/master/core-questionnaire_english.pdf),"The English master questionnaire prints each item next to its exact data variable name, e.g. (SDO_superiordominate) 'Superior groups should dominate inferior groups.' Every code in this block is present. The survey was fielded in many languages, and translations are in questionnaire/countries.",silence,na,,low,5
10.1038/s41597-024-04100-7,mede_2025_sdo,OBTAINABLE,TISP core questionnaire block SDO (4; items from Ho et al. 2015 SDO7),https://osf.io/download/sujpn/ (05_survey-materials/questionnaire/master/core-questionnaire_english.pdf),"The English master questionnaire prints each item next to its exact data variable name, e.g. (SDO_superiordominate) 'Superior groups should dominate inferior groups.' Every code in this block is present. The survey was fielded in many languages, and translations are in questionnaire/countries. SDO items are from Ho et al.'s SDO7; no terms are known for it.",silence,na,,low,5
10.1038/s41597-024-04100-7,mede_2025_trust_scientists,OBTAINABLE,TISP core questionnaire block TRUST_SCI (12),https://osf.io/download/sujpn/ (05_survey-materials/questionnaire/master/core-questionnaire_english.pdf),"The English master questionnaire prints each item next to its exact data variable name, e.g. (SDO_superiordominate) 'Superior groups should dominate inferior groups.' Every code in this block is present. The survey was fielded in many languages, and translations are in questionnaire/countries.",silence,na,,low,5
10.1038/s41597-024-04100-7,mede_2025_willvul,OBTAINABLE,TISP core questionnaire block WILLVUL (3),https://osf.io/download/sujpn/ (05_survey-materials/questionnaire/master/core-questionnaire_english.pdf),"The English master questionnaire prints each item next to its exact data variable name, e.g. (SDO_superiordominate) 'Superior groups should dominate inferior groups.' Every code in this block is present. The survey was fielded in many languages, and translations are in questionnaire/countries.",silence,na,,low,5
https://dataverse.harvard.edu/dataset.xhtml?persistentid=doi:10.7910/dvn/fn8rzk&version=3.0,covid_travel_mackenzie_2021,OBTAINABLE,Author-built COVID-19 travel-behaviour survey (before/during/after frequencies plus attitude items),https://dataverse.harvard.edu/api/access/datafile/4288540 (meta_data.txt),The deposit's meta_data.txt gives the full question for every variable (e.g. 'wfh_bc: In a typical month BEFORE the outbreak ... how often did you work from home?'). All 26 attitude items and the _bc/_dr/_ac blocks are present. The deposit is CC0.,silence,na,,low,5
10.7910/dvn/ibfk5h,FACIT_YOUNT_2021_clinic10,OBTAINABLE,"Study comorbidity checklist (current/ever condition: stroke, anxiety, ... none of the above), 18 options -- NOT a FACIT instrument","https://dataverse.harvard.edu/api/access/datafile/4824539 (NWHR0004_CODEBOOK.pdf, p.1-2, clinic10now1_*/clinic10ever1_*)","The codebook labels each item 'Current condition - Stroke (of any severity)', ... through 'None of the above' (18 options). The item codes already carry the condition names. This is a plain medical-history checklist, not FACIT wording.",silence,no,"This table is not FACIT, so the FACIT licence rationale does not apply to it.",low,5
10.7910/dvn/ibfk5h,FACIT_YOUNT_2021_limitations,RIGHTS_BLOCK,FACIT / PROMIS Dyspnea functional-limitations item bank (Yount/Choi et al.),,"The codebook gives (truncated) labels for facitx01.. (e.g. '7 days, how short of breath - Brushing ...'), so the wording exists. The deposit is titled 'FACIT Dyspnea (PROMIS Dyspnea)', and the PROMIS/HealthMeasures register block covers it. FACIT.org also runs licence registration (its terms page is JS-only).",register:PROMIS / HealthMeasures family -- block,yes,,medium,5
10.1017/s1755048322000256,christiannationalism_davis2021,OBTAINABLE,"Christian nationalism index, 6 items (Baylor Religion Survey MP12A-F; Whitehead & Perry)","https://dataverse.harvard.edu/api/access/datafile/6317161 (xn-final-syntax.do, header comments items (1)-(6))","The deposit's Stata syntax quotes all 6 items with their BRS codes, e.g. '(1) ... The federal government should declare the United States as a Christian nation. (MP12A)'. They map to the small-relig.tab columns; the column names were not verified because the .tab downloaded as xlsx. The deposit is CC0; no BRS/ARDA terms were found.",silence,na,,low,5
10.7717/peerj.20310,sinsopa_2025_stopbang,RIGHTS_BLOCK,"STOP-Bang questionnaire (Chung et al. 2008), University Health Network",,"The wording is public on stopbang.ca, and the IRW item codes are already descriptive (snoring, tired, observed_apnea...). The originator's site says the questionnaire is 'Property of University Health Network ... All Rights Reserved' and requires permission to use it.","quote:""What are the conditions for using your STOPBang Questionnaire? ** Please complete the forms available here if you would like to have permission to use the survey."" http://www.stopbang.ca/about/contactus.php (sha256 prefix 473638a058f74b4b) + ""Property of University Health Network"" http://www.stopbang.ca/osa/screening.php",na,,low,5
