tier,score,source,title,doi,url,license,n_files,tabular,signals
A,13,dataverse,Intercultural Proficiency Questionnaire Results,10.7910/dvn/ifv44m,https://doi.org/10.7910/DVN/IFV44M,CC0 1.0,1,Merged Dataset IP.sav,title:instrument;file:survey-format;file:raw-ish;files:tractable;lic:cc0
A,13,surf,The Positive and Negative Experiences of Psychotherapy Questionnaire (PNEP):  First Psychometric Findings of a New Instrument for Monitoring Clients’ Experiences,10.34894/vdk1l5,https://doi.org/10.34894/VDK1L5,"Our data, or part of the data,  has been set to restrictive because the data is pseudonymous and therefore subject to the EU GDPR privacy regulations. 
According to our policy, the researcher who deposited the data will be informed about the access request. The depositor of the data might contact the requester for further consultation about the (re)use of the data. If the researcher decides to make the data available an agreement needs to be signed. 
If this dataset also contains unrestricted data, a 'cc-zero public domain dedication' applies to these unrestricted data.

",4,Dataset_Study1_Pilot.sav|PNEP_Data_after_cleaning_Completers_Final_8-12-2020.sav|PNEP_Data_after_cleaning_ Noncompleters_Completers.sav|PNEP_meting1_meting2_M2_MERGED_COMPLETERS.sav,title:instrument;file:survey-format;file:raw-ish;files:tractable;lic:cc0
A,13,surf,"Data for ""Phases in novice university teachers’ development of self-efficacy across and within teacher tasks: A Rasch analysis""",10.34894/keiqrd,https://doi.org/10.34894/KEIQRD,CC0-1.0,1,anonymous_data_se_nov_univ_teach.sav,title:instrument;file:survey-format;file:raw-ish;files:tractable;lic:cc0
A,12,datacite,Data for: Confirmatory factor analysis of the Barratt Impulsiveness Scale–short form (BIS–15) in patients with mental disorders,10.17632/3x3bzfdmbs,https://data.mendeley.com/datasets/3x3bzfdmbs,CC BY 4.0,1,open data.sav,title:instrument;file:survey-format;file:raw-ish;files:tractable
A,12,datacite,"Data for ""Financial knowledge in university students: analysis by Item Response Theory"" published by REMAT-Revista de Educação Matemática",10.17632/fzw7dthwh6.1,https://data.mendeley.com/datasets/fzw7dthwh6/1,CC BY 4.0,1,FinalDataBase.dta,title:instrument;file:survey-format;file:raw-ish;files:tractable
A,12,datacite,"COVID-19 Impact Scale, Event-Related Rumination Inventory, Beck Depression Inventory, and Beck Anxiety Inventory Data from Online Sample",10.17632/2f6t9pff4n,https://data.mendeley.com/datasets/2f6t9pff4n,CC BY 4.0,5,dataset_analyzed_n1069_CSV.csv|dataset_analyzed_n1069_MPlus_headers.csv|dataset_analyzed_n1069.sav|dataset_filtered_n1507_CSV.csv|dataset_filtered_n1507.sav,title:instrument;file:survey-format;file:raw-ish;files:tractable
A,12,datacite,Psychometric Characteristics and Factorial Structures of the Defensive Pessimism Questionnaire - Spanish Version (DPQ-SV),10.17632/zvj6cz68sc,https://data.mendeley.com/datasets/zvj6cz68sc,CC BY 4.0,1,DATA.sav,title:instrument;file:survey-format;file:raw-ish;files:tractable
A,12,mendeley,"Factor structure, measurement invariance, and psychometric properties of the Posttraumatic Cognitions Inventory-9 in Chinese adolescents and adults",10.17632/3f8hh825b5,https://data.mendeley.com/datasets/3f8hh825b5,CC BY 4.0,2,PTCI_data.sav|PTCI_retest.sav,title:instrument;file:survey-format;file:raw-ish;files:tractable
A,12,mendeley,ERPSAS - Validation of the Emotional Reasoning in Public Speaking Anxiety Scale,10.17632/fyv5gddfxj,https://data.mendeley.com/datasets/fyv5gddfxj,CC BY 4.0,1,Dataset_ERPSAS.sav,title:instrument;file:survey-format;file:raw-ish;files:tractable
A,12,mendeley,Turkish Adaptation and Psychometric Evaluation of the of the Transgender Congruence Scale,10.17632/rj6t9w4v2j,https://data.mendeley.com/datasets/rj6t9w4v2j,CC BY 4.0,1,TCS main data.sav,title:instrument;file:survey-format;file:raw-ish;files:tractable
A,12,mendeley,Validation of the Self-Compassion Scale–Short Form for Turkish Adolescents,10.17632/p6j6wyzczr,https://data.mendeley.com/datasets/p6j6wyzczr,CC BY 4.0,3,SCS-SF__longitudinal.sav|SCS-SF_CFA.sav|scs2026_incremental.sav,title:instrument;file:survey-format;file:raw-ish;files:tractable
A,12,datacite,Data for Internal Structure of the Cognitive Emotion Regulation Questionnaire (CERQ): CFA and ESEM Analysis in a Large Argentinean Sample.,10.17632/48y8tkf5wh,https://data.mendeley.com/datasets/48y8tkf5wh,CC BY 4.0,1,Data_Mendeley.sav,title:instrument;file:survey-format;file:raw-ish;files:tractable
A,12,mendeley,Validation of the Romanian version of Autism Spectrum Quotient (AQ) and Empathy Quotient (EQ) in the general population,10.17632/5tjkv36r3s,https://data.mendeley.com/datasets/5tjkv36r3s,CC BY 4.0,4,dat_AQ.sav|dat_EQ.sav|val_2.xlsx|w1 full dataset.sav,title:instrument;file:survey-format;file:raw-ish;files:tractable
A,12,mendeley,Polish adaptation of Physician’s Trust in the Patient Scale (PTPS) – psychometric properties and validation,10.17632/x2rxtpzg4v,https://data.mendeley.com/datasets/x2rxtpzg4v,CC BY 4.0,4,Database - PTPS - Mendeley .csv|database - ptps - mendeley .sas7bdat|Database - PTPS - Mendeley .sav|Database - PTPS - Mendeley .xlsx,title:instrument;file:survey-format;file:raw-ish;files:tractable
A,12,datacite,Workplace Incivility Scale Swedish Version N426,10.17632/j95y99fzb9,https://data.mendeley.com/datasets/j95y99fzb9,CC BY 4.0,1,Data set_N426WIS_NAQR+EQ5D.sav,title:instrument;file:survey-format;file:raw-ish;files:tractable
A,12,zenodo,Loneliness and Social Dissatisfaction Questionnaire / Cuestionario de Soledad e Insatisfacción Social // LONELINESS_Data_CS_T3-Post,10.5281/zenodo.7393460,https://zenodo.org/records/7393460,cc-by-4.0,1,LONELINESS_Data_CS_T3-Post.sav,title:instrument;file:survey-format;file:raw-ish;files:tractable
A,12,zenodo,Loneliness and Social Dissatisfaction Questionnaire / Cuestionario de Soledad e Insatisfacción Social // LONELINESS_Data_CC-CS_T1-Pre,10.5281/zenodo.7393426,https://zenodo.org/records/7393426,cc-by-4.0,1,LONELINESS_Data_CC-CS_ T1-Pre.sav,title:instrument;file:survey-format;file:raw-ish;files:tractable
A,12,zenodo,Loneliness and Social Dissatisfaction Questionnaire / Cuestionario de Soledad e Insatisfacción Social // LONELINESS_Data_IC_T1-Post,10.5281/zenodo.7393549,https://zenodo.org/records/7393549,cc-by-4.0,1,LONELINESS_Data_IC_T1-Post.sav,title:instrument;file:survey-format;file:raw-ish;files:tractable
A,12,zenodo,Loneliness and Social Dissatisfaction Questionnaire / Cuestionario de Soledad e Insatisfacción Social // LONELINESS_Data_IC_T2-Post,10.5281/zenodo.7393569,https://zenodo.org/records/7393569,cc-by-4.0,1,LONELINESS_Data_IC_T2-Post.sav,title:instrument;file:survey-format;file:raw-ish;files:tractable
A,12,zenodo,Loneliness and Social Dissatisfaction Questionnaire / Cuestionario de Soledad e Insatisfacción Social // LONELINESS_Data_IC_T1-Pre,10.5281/zenodo.7393533,https://zenodo.org/records/7393533,cc-by-4.0,1,LONELINESS_Data_IC_T1-Pre.sav,title:instrument;file:survey-format;file:raw-ish;files:tractable
A,12,zenodo,Loneliness and Social Dissatisfaction Questionnaire / Cuestionario de Soledad e Insatisfacción Social // LONELINESS_Data_CC-CS_T2-Post,10.5281/zenodo.7393438,https://zenodo.org/records/7393438,cc-by-4.0,1,LONELINESS_Data_CC-CS_T2-Post.sav,title:instrument;file:survey-format;file:raw-ish;files:tractable
A,12,zenodo,Dataset questionnaire 75505-7552-75550,10.5281/zenodo.2667331,https://zenodo.org/records/2667331,cc-by-4.0,2,dataset.xls|dataset.sas7bdat,title:instrument;file:survey-format;file:raw-ish;files:tractable
A,12,zenodo,Jordanian Diabetic Health Literacy Questionnaire,10.5281/zenodo.10812303,https://zenodo.org/records/10812303,cc-by-4.0,1,Data for submission.sav,title:instrument;file:survey-format;file:raw-ish;files:tractable
A,12,zenodo,Functional Literacy Questionnaire Database,10.5281/zenodo.10696710,https://zenodo.org/records/10696710,cc-by-4.0,1,FLiQ_Database.sav,title:instrument;file:survey-format;file:raw-ish;files:tractable
A,12,zenodo,Democratic Health Questionnaire (DHQ) Dataset: School Version,10.5281/zenodo.15341219,https://zenodo.org/records/15341219,cc-by-4.0,2,DHQ_Democratic_Health_Questionnaire_Dataset_School_Version_20250307.sav|DHQ_Democratic_Health_Questionnaire_Dataset_School_Version_20250307.csv,title:instrument;file:survey-format;file:raw-ish;files:tractable
A,12,zenodo,"Psychosomatic Competence Inventory: a novel self-report measure on interoceptive awareness, cognitive appraisal and conscious self-regulation",10.5281/zenodo.2643228,https://zenodo.org/records/2643228,cc-by-4.0,1,PSCI_fazekas_data_4_archive.sav,title:instrument;file:survey-format;file:raw-ish;files:tractable
A,12,zenodo,Democratic Health Questionnaire (DHQ) Dataset: Institutions Providing Non-formal Educational Programmes Version,10.5281/zenodo.15349145,https://zenodo.org/records/15349145,cc-by-4.0,2,DHQ_Democratic_Health_Questionnaire_Dataset_Nonformal_Version_20250307.csv|DHQ_Democratic_Health_Questionnaire_Dataset_Nonformal_Version_20250307.sav,title:instrument;file:survey-format;file:raw-ish;files:tractable
A,12,zenodo,A brief online transdiagnostic measure: psychometric properties of the Overall Anxiety Severity and Impairment Scale (OASIS) among Spanish patients with emotional disorders,10.5281/zenodo.1295642,https://zenodo.org/records/1295642,cc-by-4.0,1,Database OASIS.sav,title:instrument;file:survey-format;file:raw-ish;files:tractable
A,12,figshare,<b>Dataset for the Validation of an L2 Student Engagement Scale: Evidence from a Vietnamese Context</b>,10.6084/m9.figshare.30467291.v1,https://figshare.com/articles/dataset/_b_Dataset_for_the_Validation_of_an_L2_Student_Engagement_Scale_Evidence_from_a_Vietnamese_Context_b_/30467291,CC BY 4.0,2,Data_L2 Student Engagement.sav|Data_L2 Student Engagement.xlsx,title:instrument;file:survey-format;file:raw-ish;files:tractable
A,12,zenodo,Self-perceived Victimization Questionnaire / Cuestionario de Autopercepción de Ser Victimizado // VICTIMIZATION_Data_CC_T4-Post,10.5281/zenodo.7393713,https://zenodo.org/records/7393713,cc-by-4.0,1,VICTIMIZATION_Data_CC_T4-Post.sav,title:instrument;file:survey-format;file:raw-ish;files:tractable
A,12,zenodo,Self-perceived Victimization Questionnaire / Cuestionario de Autopercepción de Ser Victimizado // VICTIMIZATION_Data_CC-CS_T1-Pre,10.5281/zenodo.7393653,https://zenodo.org/records/7393653,cc-by-4.0,1,VICTIMIZATION_Data_CC-CS_T1-Pre.sav,title:instrument;file:survey-format;file:raw-ish;files:tractable
A,12,zenodo,Self-perceived Victimization Questionnaire / Cuestionario de Autopercepción de Ser Victimizado // VICTIMIZATION_Data_IC_T1-Pre,10.5281/zenodo.7393741,https://zenodo.org/records/7393741,cc-by-4.0,1,VICTIMIZATION_Data_IC_T1-Pre.sav,title:instrument;file:survey-format;file:raw-ish;files:tractable
A,12,zenodo,Self-perceived Victimization Questionnaire / Cuestionario de Autopercepción de Ser Victimizado // VICTIMIZATION_Data_IC_T6-Post,10.5281/zenodo.7393795,https://zenodo.org/records/7393795,cc-by-4.0,1,VICTIMIZATION_Data_IC_T6-Post.sav,title:instrument;file:survey-format;file:raw-ish;files:tractable
A,12,zenodo,Self-perceived Victimization Questionnaire / Cuestionario de Autopercepción de Ser Victimizado // VICTIMIZATION_Data_CS_T3-Post,10.5281/zenodo.7393692,https://zenodo.org/records/7393692,cc-by-4.0,1,VICTIMIZATION_Data_CS_T3-Post.sav,title:instrument;file:survey-format;file:raw-ish;files:tractable
A,12,zenodo,Self-perceived Victimization Questionnaire / Cuestionario de Autopercepción de Ser Victimizado // VICTIMIZATION_Data_IC_T2-Post,10.5281/zenodo.7393759,https://zenodo.org/records/7393759,cc-by-4.0,1,VICTIMIZATION_Data_IC_T2-Post.sav,title:instrument;file:survey-format;file:raw-ish;files:tractable
A,12,zenodo,Self-perceived Victimization Questionnaire / Cuestionario de Autopercepción de Ser Victimizado // VICTIMIZATION_Data_CC-CS_T6-Post,10.5281/zenodo.7393729,https://zenodo.org/records/7393729,cc-by-4.0,1,VICTIMIZATION_Data_CC-CS_T6-Post.sav,title:instrument;file:survey-format;file:raw-ish;files:tractable
A,12,zenodo,Self-perceived Victimization Questionnaire / Cuestionario de Autopercepción de Ser Victimizado // VICTIMIZATION_Data_IC_T4-Post,10.5281/zenodo.7393779,https://zenodo.org/records/7393779,cc-by-4.0,1,VICTIMIZATION_Data_IC_T4-Post.sav,title:instrument;file:survey-format;file:raw-ish;files:tractable
A,12,zenodo,Self-perceived Victimization Questionnaire / Cuestionario de Autopercepción de Ser Victimizado // VICTIMIZATION_Data_CS_T2-Post,10.5281/zenodo.7393675,https://zenodo.org/records/7393675,cc-by-4.0,1,VICTIMIZATION_Data_CS_T2-Post.sav,title:instrument;file:survey-format;file:raw-ish;files:tractable
A,12,zenodo,Bangla Validation of the Smartphone Addiction Scale and the Academic Underachievement Scale: The Associative Role of Classroom Mindful Attention in the Relationship Between Smartphone Addiction and Underachievement Among Adolescents and Young Adults,10.5281/zenodo.19685114,https://zenodo.org/records/19685114,cc-by-4.0,3,"SA,CMARS, and PAUS Manuscript Combined Data FINAL.sav|SA, CMARS, and PAUS Manuscript Data Adolescents FINAL.sav|SA, CMARS, and PAUS Manuscript Data Young Adults FINAL.sav",title:instrument;file:survey-format;file:raw-ish;files:tractable
A,12,zenodo,A psychometric comparison of four approaches to the Gaming Addiction Scale (GAS),10.5281/zenodo.19811259,https://zenodo.org/records/19811259,cc-by-4.0,1,GAS_data_2026.sav,title:instrument;file:survey-format;file:raw-ish;files:tractable
A,12,figshare,Risk Factors of Internet Addiction among Internet Users: An Online Questionnaire Survey,10.1371/journal.pone.0137506,https://plos.figshare.com/articles/dataset/_Risk_Factors_of_Internet_Addiction_among_Internet_Users_An_Online_Questionnaire_Survey_/1573219,CC BY 4.0,1,S1 Dataset.SAV,title:instrument;file:survey-format;file:raw-ish;files:tractable
A,12,zenodo,Anonymized Questionnaire Dataset on Chinese University Administrative Staff's Acceptance Intention of Administrative Artificial Intelligence,10.5281/zenodo.20670480,https://zenodo.org/records/20670480,cc-by-4.0,1,480 PDH 2026 data smartpls MD.sav,title:instrument;file:survey-format;file:raw-ish;files:tractable
A,12,zenodo,INSTRUMENT AND DATABASE USED IN THE ARTICLE: Attitudes towards statistics of education Sciences students. Psychometric properties of the Spanish version of the Survey of Attitudes Towards Statistics (SATS-36). http://doi.org/10.7203/relieve.25.1.12676,10.5281/zenodo.10546410,https://zenodo.org/records/10546410,cc-by-4.0,1,DATASET 02 Attitudes towards statistics of education Sciences students...(RELIEVE).sav,title:instrument;file:survey-format;file:raw-ish;files:tractable
A,12,figshare,"Questionnaire Data - Religion, Theology and Climate Change",10.48420/30234109.v1,https://figshare.manchester.ac.uk/articles/dataset/Questionnaire_Data_-_Religion_Theology_and_Climate_Change/30234109,CC BY 4.0,1,"Religion, Theology & Climate Change_Questionnaire Data_FINAL.sav",title:instrument;file:survey-format;file:raw-ish;files:tractable
A,12,zenodo,The validity and reliability test of the leprosy life quality questionnaire in leprosy patients,10.5281/zenodo.6817556,https://zenodo.org/records/6817556,cc-by-4.0,2,Analytic Data Revised.xlsx|Validity and reliabilty test.sav,title:instrument;file:survey-format;file:raw-ish;files:tractable
A,12,zenodo,Stress in Children and Adolescents: Development and Validation of a new Questionnaire to Assess Stress (Open Data and Open Materials),10.5281/zenodo.17159652,https://zenodo.org/records/17159652,cc-by-4.0,2,Hahn_et_al_AEI_R_Data.sav|Hahn_et_al_AEI_SPSS_Data.sav,title:instrument;file:survey-format;file:raw-ish;files:tractable
A,12,zenodo,The Age-Friendly Cities and Communities Questionnaire (AFCCQ) - Data collection ITALY 2023,10.5281/zenodo.11084903,https://zenodo.org/records/11084903,cc-by-4.0,1,AFCCQ-IT_dataset.sav,title:instrument;file:survey-format;file:raw-ish;files:tractable
A,12,figshare,The development and validation of a three-dimensional COVID-19 vaccine hesitancy scale,10.6084/m9.figshare.15090891.v1,https://figshare.com/articles/dataset/The_development_and_validation_of_a_three-dimensional_COVID-19_vaccine_hesitancy_scale/15090891,CC BY 4.0,1,dataset_The development and validation of a three-dimensional COVID-19 vaccine hesitancy scale.sav,title:instrument;file:survey-format;file:raw-ish;files:tractable
A,12,zenodo,"Dataset associated with the paper ""The role of listening in digital empathy: a Portuguese adaptation of the Basic Empathy Scale and of the Online Empathy Questionnaire""",10.5281/zenodo.21776225,https://zenodo.org/records/21776225,cc-by-4.0,1,Survey data__1st year_2022_23.sav,title:instrument;file:survey-format;file:raw-ish;files:tractable
A,12,zenodo,Emotional Quotient Inventory - Young Version / Inventario de Inteligencia Emocional - Versión para niños // EMOTIONAL INTELLIGENCE-EQi-YV_Data_IC_T4-Post,10.5281/zenodo.7406505,https://zenodo.org/records/7406505,cc-by-4.0,1,EMOTIONAL INTELLIGENCE-EQi-YV_Data_IC_T4-Post.sav,title:instrument;file:survey-format;file:raw-ish;files:tractable
A,12,zenodo,Emotional Quotient Inventory - Young Version / Inventario de Inteligencia Emocional - Versión para Niños // EMOTIONAL INTELLIGENCE-EQi-YV_Data_IC_T6-Post,10.5281/zenodo.7406559,https://zenodo.org/records/7406559,cc-by-4.0,1,EMOTIONAL INTELLIGENCE-EQi-YV_Data_IC_T6-Post.sav,title:instrument;file:survey-format;file:raw-ish;files:tractable
A,12,zenodo,Strengths and Difficulties Questionnaire – Teacher / Cuestionario de Capacidades y Dificultades - Profesorado // SDQ-T_Data_IC_T1-Pre,10.5281/zenodo.7495440,https://zenodo.org/records/7495440,cc-by-4.0,1,SDQ-T_Data_IC_T1-Pre.sav,title:instrument;file:survey-format;file:raw-ish;files:tractable
A,12,zenodo,Strengths and Difficulties Questionnaire – Parents / Cuestionario de Capacidades y Dificultades - Padres // SDQ-P_Data_IC_T1-Pre,10.5281/zenodo.7496924,https://zenodo.org/records/7496924,cc-by-4.0,1,SDQ-P_Data_IC_T1-Pre.sav,title:instrument;file:survey-format;file:raw-ish;files:tractable
A,12,zenodo,Strengths and Difficulties Questionnaire – Teacher / Cuestionario de Capacidades y Dificultades - Profesorado // SDQ-T_Data_CS_T3-Post,10.5281/zenodo.7495423,https://zenodo.org/records/7495423,cc-by-4.0,1,SDQ-T_Data_CS_T3-Post.sav,title:instrument;file:survey-format;file:raw-ish;files:tractable
A,12,zenodo,Strengths and Difficulties Questionnaire – Parents / Cuestionario de Capacidades y Dificultades - Padres // SDQ-P_Data_CC-CS_T1-Pre,10.5281/zenodo.7496900,https://zenodo.org/records/7496900,cc-by-4.0,1,SDQ-P_Data_CC-CS_T1-Pre.sav,title:instrument;file:survey-format;file:raw-ish;files:tractable
A,12,zenodo,Strengths and Difficulties Questionnaire – Teacher / Cuestionario de Capacidades y Dificultades - Profesorado // SDQ-T_Data_CC-CS_T2-Post,10.5281/zenodo.7495413,https://zenodo.org/records/7495413,cc-by-4.0,1,SDQ-T_Data_CC-CS_T2-Post.sav,title:instrument;file:survey-format;file:raw-ish;files:tractable
A,12,zenodo,Strengths and Difficulties Questionnaire – Teacher / Cuestionario de Capacidades y Dificultades - Profesorado // SDQ-T_Data_IC_T4-Post,10.5281/zenodo.7495458,https://zenodo.org/records/7495458,cc-by-4.0,1,SDQ-T_Data_IC_T4-Post.sav,title:instrument;file:survey-format;file:raw-ish;files:tractable
A,12,zenodo,Strengths and Difficulties Questionnaire – Parents / Cuestionario de Capacidades y Dificultades - Padres // SDQ-P_Data_IC_T2-Post,10.5281/zenodo.7496928,https://zenodo.org/records/7496928,cc-by-4.0,1,SDQ-P_Data_IC_T2-Post.sav,title:instrument;file:survey-format;file:raw-ish;files:tractable
A,12,zenodo,Strengths and Difficulties Questionnaire – Teacher / Cuestionario de Capacidades y Dificultades - Profesorado // SDQ-T_Data_CC-CS_T1-Pre,10.5281/zenodo.7495406,https://zenodo.org/records/7495406,cc-by-4.0,1,SDQ-T_Data_CC-CS_T1-Pre.sav,title:instrument;file:survey-format;file:raw-ish;files:tractable
A,12,zenodo,Strengths and Difficulties Questionnaire – Teacher / Cuestionario de Capacidades y Dificultades - Profesorado // SDQ-T_Data_IC_T2-Post,10.5281/zenodo.7495446,https://zenodo.org/records/7495446,cc-by-4.0,1,SDQ-T_Data_IC_T2-Post.sav,title:instrument;file:survey-format;file:raw-ish;files:tractable
A,12,zenodo,Strengths and Difficulties Questionnaire – Parents / Cuestionario de Capacidades y Dificultades - Padres // SDQ-P_Data_CC_T4-Post,10.5281/zenodo.7496906,https://zenodo.org/records/7496906,cc-by-4.0,1,SDQ-P_Data_CC_T4-Post.sav,title:instrument;file:survey-format;file:raw-ish;files:tractable
A,12,zenodo,Strengths and Difficulties Questionnaire – Teacher / Cuestionario de Capacidades y Dificultades - Profesorado // SDQ-T_Data_CC_T4-Post,10.5281/zenodo.7495429,https://zenodo.org/records/7495429,cc-by-4.0,1,SDQ-T_Data_CC_T4-Post.sav,title:instrument;file:survey-format;file:raw-ish;files:tractable
A,12,zenodo,Strengths and Difficulties Questionnaire – Parents / Cuestionario de Capacidades y Dificultades - Padres // SDQ-P_Data_CC_T6-Post,10.5281/zenodo.7496912,https://zenodo.org/records/7496912,cc-by-4.0,1,SDQ-P_Data_CC_T6-Post.sav,title:instrument;file:survey-format;file:raw-ish;files:tractable
A,12,zenodo,Strengths and Difficulties Questionnaire – Parents / Cuestionario de Capacidades y Dificultades - Padres // SDQ-P_Data_IC_T4-Post,10.5281/zenodo.7496936,https://zenodo.org/records/7496936,cc-by-4.0,1,SDQ-P_Data_IC_T4-Post.sav,title:instrument;file:survey-format;file:raw-ish;files:tractable
A,12,zenodo,Strengths and Difficulties Questionnaire – Parents / Cuestionario de Capacidades y Dificultades - Padres // SDQ-P_Data_CC-CS_T2-Post,10.5281/zenodo.7496902,https://zenodo.org/records/7496902,cc-by-4.0,1,SDQ-P_Data_CC-CS_T2-Post.sav,title:instrument;file:survey-format;file:raw-ish;files:tractable
A,12,zenodo,Strengths and Difficulties Questionnaire – Teacher / Cuestionario de Capacidades y Dificultades - Profesorado // SDQ-T_Data_CC-CS_T6-Post,10.5281/zenodo.7495436,https://zenodo.org/records/7495436,cc-by-4.0,1,SDQ-T_Data_CC-CS_T6-Post.sav,title:instrument;file:survey-format;file:raw-ish;files:tractable
A,12,zenodo,Strengths and Difficulties Questionnaire – Parents / Cuestionario de Capacidades y Dificultades - Padres // SDQ-P_Data_IC_T6-Post,10.5281/zenodo.7496946,https://zenodo.org/records/7496946,cc-by-4.0,1,SDQ-P_Data_IC_T6-Post.sav,title:instrument;file:survey-format;file:raw-ish;files:tractable
A,12,zenodo,Strengths and Difficulties Questionnaire – Teacher / Cuestionario de Capacidades y Dificultades - Profesorado // SDQ-T_Data_IC_T6-Post,10.5281/zenodo.7495464,https://zenodo.org/records/7495464,cc-by-4.0,1,SDQ-T_Data_IC_T6-Post.sav,title:instrument;file:survey-format;file:raw-ish;files:tractable
A,12,zenodo,Parenting Practices Questionnaire / Cuestionario de Prácticas Educativas de Padres y Madres // PARENTING_Data_CC_T6-Post,10.5281/zenodo.7496981,https://zenodo.org/records/7496981,cc-by-4.0,1,PARENTING_Data_CC_T6-Post.sav,title:instrument;file:survey-format;file:raw-ish;files:tractable
A,12,zenodo,Parenting Practices Questionnaire / Cuestionario de Prácticas Educativas de Padres y Madres // PARENTING_Data_CC-CS_T1-Pre,10.5281/zenodo.7496971,https://zenodo.org/records/7496971,cc-by-4.0,1,PARENTING_Data_CC-CS_T1-Pre.sav,title:instrument;file:survey-format;file:raw-ish;files:tractable
A,12,zenodo,Parenting Practices Questionnaire / Cuestionario de Prácticas Educativas de Padres y Madres / PARENTING_Data_IC_T1-Pre,10.5281/zenodo.7496986,https://zenodo.org/records/7496986,cc-by-4.0,1,PARENTING_Data_IC_T1-Pre.sav,title:instrument;file:survey-format;file:raw-ish;files:tractable
A,12,zenodo,Parenting Practices Questionnaire / Cuestionario de Prácticas Educativas de Padres y Madres // PARENTING_Data_IC_T2-Post,10.5281/zenodo.7496992,https://zenodo.org/records/7496992,cc-by-4.0,1,PARENTING_Data_IC_T2-Post.sav,title:instrument;file:survey-format;file:raw-ish;files:tractable
A,12,zenodo,Parenting Practices Questionnaire / Cuestionario de Prácticas Educativas de Padres y Madres // PARENTING_Data_CC_T2-Post,10.5281/zenodo.7496977,https://zenodo.org/records/7496977,cc-by-4.0,1,PARENTING_Data_CC_T2-Post.sav,title:instrument;file:survey-format;file:raw-ish;files:tractable
A,12,zenodo,Parenting Practices Questionnaire / Cuestionario de Prácticas Educativas de Padres y Madres // PARENTING_Data_CC_T4-Post,10.5281/zenodo.7496979,https://zenodo.org/records/7496979,cc-by-4.0,1,PARENTING_Data_CC_T4-Post.sav,title:instrument;file:survey-format;file:raw-ish;files:tractable
A,12,zenodo,Parenting Practices Questionnaire / Cuestionario de Prácticas Educativas de Padres y Madres // PARENTING_Data_IC_T4-Post,10.5281/zenodo.7496994,https://zenodo.org/records/7496994,cc-by-4.0,1,PARENTING_Data_IC_T4-Post.sav,title:instrument;file:survey-format;file:raw-ish;files:tractable
A,12,zenodo,Parenting Practices Questionnaire / Cuestionario de Prácticas Educativas de Padres y Madres // PARENTING_Data_IC_T6-Post,10.5281/zenodo.7497000,https://zenodo.org/records/7497000,cc-by-4.0,1,PARENTING_Data_IC_T6-Post.sav,title:instrument;file:survey-format;file:raw-ish;files:tractable
A,12,figshare,Racial Prejudice Scale Development Dataset_MOF & MKM,10.6084/m9.figshare.32939375.v2,https://figshare.com/articles/dataset/Racial_Prejudice_Scale_Development_Dataset_MOF_MKM/32939375,CC BY 4.0,1,Final data set_RPSC_2020.sav,title:instrument;file:survey-format;file:raw-ish;files:tractable
A,12,figshare,Data Set (Questionnaire and Interview transcriptions),10.6084/m9.figshare.28013390.v1,https://figshare.com/articles/dataset/Data_Set_Questionnaire_and_Interview_transcriptions_/28013390,CC BY 4.0,3,foreign.xlsx|KEYED-IN DATA.sav|Thai.xlsx,title:instrument;file:survey-format;file:raw-ish;files:tractable
A,11,dataverse,Psychometric Validation of the Mental Toughness Scale (MTS) in Chilean University Athletes,10.7910/dvn/zgeddt,https://doi.org/10.7910/DVN/ZGEDDT,CC0 1.0,1,Base MTS Chilenos_200_nn.sav,title:instrument;file:survey-format;files:tractable;lic:cc0
A,11,surf,Development of the Perceived Synchrony during Sex Questionnaire (PSSQ),10.34894/wnef34,https://doi.org/10.34894/WNEF34,"Our data, or part of the data,  has been set to restrictive because the data is pseudonymous and therefore subject to the EU GDPR privacy regulations. 
According to our policy, the researcher who deposited the data will be informed about the access request. The depositor of the data might contact the requester for further consultation about the (re)use of the data. If the researcher decides to make the data available an agreement needs to be signed. 
If this dataset also contains unrestricted data, a 'cc-zero public domain dedication' applies to these unrestricted data.
",1,PSSQ - August.sav,title:instrument;file:survey-format;files:tractable;lic:cc0
A,11,surf,Questionnaire data for the pilot RCT comparing autonomy-enhancing treatment to a waitlist; VCVGZ project,10.34894/xt2xku,https://doi.org/10.34894/XT2XKU,CC0-1.0,1,RCT_multilevel_file.sav,title:instrument;file:survey-format;files:tractable;lic:cc0
A,10,mendeley,Data for: Psychometric properties of the Chinese version of the Dispositional Greed Scale and a portrait of greedy people,10.17632/csgs546vxy,https://data.mendeley.com/datasets/csgs546vxy,CC BY 4.0,4,Study 1-Sample A-133.sav|Study 1-Sample B-303.sav|Study 2-303.sav|Study 3-309.sav,title:instrument;file:survey-format;files:tractable
A,10,figshare,Measuring COVID-19 health literacy: validation of the COVID-19 HL questionnaire in Spain,10.6084/m9.figshare.31078612.v1,https://figshare.com/articles/dataset/Measuring_COVID-19_health_literacy_validation_of_the_COVID-19_HL_questionnaire_in_Spain/31078612,CC BY 4.0,1,ISCSES_216141_cOla4_20211004.sav,title:instrument;file:survey-format;files:tractable
A,10,mendeley,Turkish Version of Emotion Self-Regulation Questionnaire (ESQ): Its Psychometric Properties with Rasch Analysis and Two Route of Validation,10.17632/vp5v3xt7rj,https://data.mendeley.com/datasets/vp5v3xt7rj,CC BY 4.0,1,study2_moderationrole.sav,title:instrument;file:survey-format;files:tractable
A,10,datacite,Psychometric Properties of the Chinese Version of the Encouragement Character Strength Scale,10.17632/tnkv5z3byg,https://data.mendeley.com/datasets/tnkv5z3byg,CC BY 4.0,2,students598.sav|teacher433.sav,title:instrument;file:survey-format;files:tractable
A,10,zenodo,Artificial Intelligence in Psychotherapy Scale,10.5281/zenodo.14901927,https://zenodo.org/records/14901927,cc-by-4.0,1,AIPS.sav,title:instrument;file:survey-format;files:tractable
A,10,zenodo,Climate Anxiety and Psychological Resilience Scale,10.5281/zenodo.18601426,https://zenodo.org/records/18601426,cc-by-4.0,2,EFA.sav|CFA.sav,title:instrument;file:survey-format;files:tractable
A,10,surf,The Multidimensional Wellbeing in Youth Scale (MWYS): Development and Psychometric Properties_Datasets,10.34894/kyfsp5,https://doi.org/10.34894/KYFSP5,CC-BY-4.0,3,MWYS_Parallel Analysis.sav|MWYS_Study 1.sav|MWYS_Study 3.sav,title:instrument;file:survey-format;files:tractable
A,10,zenodo,BFI Inventory Scores,10.5281/zenodo.3695861,https://zenodo.org/records/3695861,cc-by-4.0,1,BFI Inventory With Reversed Scores.sav,title:instrument;file:survey-format;files:tractable
A,10,zenodo,Psychometric Assessment of the Structural-Functional Social Support Scale (SFSSS) among Chinese Older Adults,10.5281/zenodo.6426917,https://zenodo.org/records/6426917,cc-by-4.0,3,Test retest.sav|Study 1.sav|Study 2.sav,title:instrument;file:survey-format;files:tractable
A,10,surf,Diagnosing eyewitness identifications with reaction time based concealed information test:  The effect of viewpoint congruency between test and encoding,10.34894/k0wsn6,https://doi.org/10.34894/K0WSN6,"Our data, or part of the data,  has been set to restrictive because the data is pseudonymous and therefore subject to the EU GDPR privacy regulations. 
According to our policy, the researcher who deposited the data will be informed about the access request. The depositor of the data might contact the requester for further consultation about the (re)use of the data. If the researcher decides to make the data available an agreement needs to be signed. 
If this dataset also contains unrestricted data, a 'cc-zero public domain dedication' applies to these unrestricted data.
",6,E1_2CITvsLineupPerformanceData.sav|E1CIT Data.sav|E2LineupData.sav|E3_4CITvsLineupPerformanceData.sav|E3CIT Data.sav|E4LineupData.sav,title:measurement;file:survey-format;file:raw-ish;files:tractable;lic:cc0
A,10,zenodo,Assessing Mental Health Literacy in Jordan: A Factor Analysis and Rasch Analysis Study,10.5281/zenodo.10781205,https://zenodo.org/records/10781205,cc-by-4.0,1,mental health litracy.sav,title:instrument;file:survey-format;files:tractable
A,10,zenodo,Development and validation of an asthma self-knowledge questionnaire,10.5281/zenodo.11155084,https://zenodo.org/records/11155084,cc-by-4.0,1,DB-Asma.sav,title:instrument;file:survey-format;files:tractable
A,10,zenodo,Psychometric properties of the World Health Organization's Quality of Life (WHOQOL-BREF) questionnaire in Serbian medical students,10.5281/zenodo.3404237,https://zenodo.org/records/3404237,cc-by-4.0,2,WHOdef.sav r.sav 2.sav|engWHOdef.sav r.sav 2.sav,title:instrument;file:survey-format;files:tractable
A,10,zenodo,The Concurrent Validity of the Internet Addiction Test (IAT) and the Mobile Phone Dependence Questionnaire (MPDQ),10.5281/zenodo.1286048,https://zenodo.org/records/1286048,cc-by-4.0,1,The Concurrent Validity  2018.sav,title:instrument;file:survey-format;files:tractable
A,10,figshare,<b>Development and Validation of a Questionnaire for Measuring Perceived Parental Internet Support</b>,10.6084/m9.figshare.27635013.v1,https://figshare.com/articles/dataset/_b_Development_and_Validation_of_a_Questionnaire_for_Measuring_Perceived_Parental_Internet_Support_b_/27635013,CC BY 4.0,3,Sample2.sav|Sample3.sav|Sample4.sav,title:instrument;file:survey-format;files:tractable
A,10,dataverse,Replication Data for: From simple to complex: A revealed preference test of discrete choice experiment designs,10.7910/dvn/kp7pu4,https://doi.org/10.7910/DVN/KP7PU4,CC0 1.0,1,DCE_field_raw.dta,title:measurement;file:survey-format;file:raw-ish;files:tractable;lic:cc0
A,10,zenodo,Turkish Adaptation of the Abbreviated Place Attachment Scale (APAS) and Its Relationship with Well-Being After Earthquakes Dataset,10.5281/zenodo.17037365,https://zenodo.org/records/17037365,cc-by-4.0,3,AFA.sav|II.Study.sav|DFA.sav,title:instrument;file:survey-format;files:tractable
A,10,figshare,"The General Attitudes towards Artificial Intelligence Scale (GAAIS): Confirmatory Validation and Associations with Personality, Corporate Distrust, and General Trust",10.6084/m9.figshare.20071678.v1,https://tandf.figshare.com/articles/dataset/The_General_Attitudes_towards_Artificial_Intelligence_Scale_GAAIS_Confirmatory_Validation_and_Associations_with_Personality_Corporate_Distrust_and_General_Trust/20071678,CC BY 4.0,2,hihc_a_2085400_sm3098.sav|hihc_a_2085400_sm3014.sav,title:instrument;file:survey-format;files:tractable
A,10,figshare,"Two is more valid than one, but is six even better? The factor structure of the Self-Compassion Scale (SCS)",10.1371/journal.pone.0207706,https://plos.figshare.com/articles/dataset/Two_is_more_valid_than_one_but_is_six_even_better_The_factor_structure_of_the_Self-Compassion_Scale_SCS_/7426262,CC BY 4.0,2,pone.0207706.s006.sav|pone.0207706.s007.sav,title:instrument;file:survey-format;files:tractable
A,10,zenodo,Validation of the Arabic version of the mental toughness questionnaire,10.5281/zenodo.6073642,https://zenodo.org/records/6073642,cc-by-4.0,1,MTQ48 p853.sav,title:instrument;file:survey-format;files:tractable
A,10,zenodo,"Questionnaire on economic sectors' perceptions, motivations and confidence in freshwater nature-based solutions",10.5281/zenodo.17141074,https://zenodo.org/records/17141074,cc-by-4.0,1,"MERLIN all-sector questionnaire_April 23, 2024_09.03.sav",title:instrument;file:survey-format;files:tractable
A,9,dataverse,Replication data for: Moral Foundations Questionnaire: US national representative sample data Spring 2011,10.7910/dvn/el4kpr,https://doi.org/10.7910/DVN/EL4KPR,CC0 1.0,1,Gries.Spring.2011.MFQ.YouGov.US.data.xls,title:instrument;file:raw-ish;files:tractable;lic:cc0
A,9,dataverse,Questionnaire and Interview Results,10.7910/dvn/ntvw8t,https://doi.org/10.7910/DVN/NTVW8T,CC0 1.0,1,data.xlsx,title:instrument;file:raw-ish;files:tractable;lic:cc0
A,9,dataverse,Cycling Behavior Questionnaire in 19 countries,10.7910/dvn/ep6qln,https://doi.org/10.7910/DVN/EP6QLN,CC0 1.0,1,Raw data (CBQ-19).csv,title:instrument;file:raw-ish;files:tractable;lic:cc0
A,9,dataverse,Validation of the blended learning usability evaluation – questionnaire (BLUE-Q) through an innovative Bayesian questionnaire validation approach,10.7910/dvn/0ef5ki,https://doi.org/10.7910/DVN/0EF5KI,CC0 1.0,1,jeehp-21-31-dataset.xlsx,title:instrument;file:raw-ish;files:tractable;lic:cc0
A,9,dataverse,Development of the clinical teaching effectiveness questionnaire in the United States,10.7910/dvn/7qpcvv,https://doi.org/10.7910/DVN/7QPCVV,CC0 1.0,1,Jeehp_14_14_raw data.xlsx,title:instrument;file:raw-ish;files:tractable;lic:cc0
A,9,dataverse,COFF-NC Food Processing Worker Enrollment Questionnaire Data,10.7910/dvn/eciqxl,https://doi.org/10.7910/DVN/ECIQXL,CC0 1.0,1,Original Data.xlsx,title:instrument;file:raw-ish;files:tractable;lic:cc0
A,9,dataverse,Research project dataset: Reading Motivation Questionnaire (two independent studies),10.7910/dvn/jqeybb,https://doi.org/10.7910/DVN/JQEYBB,CC0 1.0,1,Base de datos RMQ.xlsx,title:instrument;file:raw-ish;files:tractable;lic:cc0
A,9,dataverse,Replication Data for: Data base of Validation and Analysis of the metric Properties of the Leadership Questionnaire,10.7910/dvn/aex8pp,https://doi.org/10.7910/DVN/AEX8PP,CC0 1.0,1,Data base of Validation and analysis of the metric properties of the Leadership Virtues Questionnaire.xlsx,title:instrument;file:raw-ish;files:tractable;lic:cc0
A,9,dataverse,The job competency of radiological technologists in Korea based on specialists opinion and questionnaire survey,10.7910/dvn/ggktmc,https://doi.org/10.7910/DVN/GGKTMC,CC0 1.0,2,Jeehp_14_9_1_coding data.xlsx|Jeehp_14_9_2_coding data.xlsx,title:instrument;file:raw-ish;files:tractable;lic:cc0
A,9,dataverse,Social Media and Body Dissatisfaction Questionnaire Study For Those Aged 13-24 Years Old,10.7910/dvn/lepbdf,https://doi.org/10.7910/DVN/LEPBDF,CC0 1.0,1,Social Media Questionnaire (Responses).xlsx,title:instrument;file:raw-ish;files:tractable;lic:cc0
A,9,dataverse,What impacts students’ satisfaction the most from Medicine Student Experience Questionnaire in Australia: a validity study,10.7910/dvn/sq8pjy,https://doi.org/10.7910/DVN/SQ8PJY,CC0 1.0,1,jeehp-20-02-dataset1.xlsx,title:instrument;file:raw-ish;files:tractable;lic:cc0
A,9,figshare,Assessment of health literacy among migrant populations in Southern Spain,10.6084/m9.figshare.31078552.v1,https://figshare.com/articles/dataset/Assessment_of_health_literacy_among_migrant_populations_in_Southern_Spain/31078552,CC BY 4.0,1,Datos_HL_Migrant_.sav,title:measurement;file:survey-format;file:raw-ish;files:tractable
A,9,mendeley,Health information Literacy of Nigerians on the Preventive measures of COVID-19: A cross sectional survey data,10.17632/cf3s3v8wb3,https://data.mendeley.com/datasets/cf3s3v8wb3,CC BY 4.0,1,SPSS-DATA-COVID-19.sav,title:measurement;file:survey-format;file:raw-ish;files:tractable
A,9,scholars_portal,"DEPRESSD - Minimal Detectable Change of the Patient Health Questionnaire-9 (PHQ-9), Patient Health Questionnaire-8 (PHQ-8), and Patient Health Questionnaire-2 (PHQ-2): An Individual Patient Data Meta-Analysis",10.5683/sp3/ehvwwj,https://doi.org/10.5683/SP3/EHVWWJ,CC0 1.0,3,clean_data_PHQ2.csv|clean_data_PHQ8.csv|clean_data_PHQ9.csv,title:instrument;file:raw-ish;files:tractable;lic:cc0
A,9,scholars_portal,"Adaptation of Canadian private forest owners to climate change: questionnaire form, response dataset, and variable description",10.5683/sp3/yykrdc,https://doi.org/10.5683/SP3/YYKRDC,CC0 1.0,1,2022_Fouqueray-et-al_Questionnaire_Full-responses.tab,title:instrument;file:raw-ish;files:tractable;lic:cc0
A,9,scholars_portal,Cannabis Health Literacy Rasch Validation Data,10.5683/sp3/wm4bdu,https://doi.org/10.5683/SP3/WM4BDU,CC0 1.0,1,CHLQ_RaschDataset_Feb2024.tab,title:instrument;file:raw-ish;files:tractable;lic:cc0
A,9,surf,Study 3: Psychometric properties of the Feedback Orientation Scale in the clinical workplace of health professions students.,10.34894/hb8h7o,https://doi.org/10.34894/HB8H7O,CC0-1.0,1,FOS Responses.xlsx,title:instrument;file:raw-ish;files:tractable;lic:cc0
A,9,dataverse,"Replication Data for ""How Do Policy Environments Shape Public Service Motivation during the National Disaster? Evidence from Large-Scale Survey Experiments""",10.7910/dvn/3yqpyz,https://doi.org/10.7910/DVN/3YQPYZ,CC0 1.0,1,Dataset JPP.tab,title:instrument;file:raw-ish;files:tractable;lic:cc0
A,9,dataverse,Replication Data for: An Ordinal Item Response Model for Understanding Attitudes,10.7910/dvn/czjjaf,https://doi.org/10.7910/DVN/CZJJAF,CC0 1.0,1,Data.RData,title:instrument;file:raw-ish;files:tractable;lic:cc0
A,9,dataverse,Replication Data for Psychometric Evaluation of the Turkish Version of the Anticipated Food Scarcity Scale (AFSS) in Female University Students,10.7910/dvn/zcg7hg,https://doi.org/10.7910/DVN/ZCG7HG,CC0 1.0,1,AFSS_datasset.csv,title:instrument;file:raw-ish;files:tractable;lic:cc0
A,9,dataverse,Psychometric properties of the Modified Yale Food Addiction Scale 2.0 (mYFAS 2.0) in Depressive Disorders,10.7910/dvn/lkefci,https://doi.org/10.7910/DVN/LKEFCI,CC0 1.0,1,mYFASinDEP_Dataset.xlsx,title:instrument;file:raw-ish;files:tractable;lic:cc0
A,9,dataverse,Do Large Language Models Simulate Moral Identity? A Psychometric Analysis Using Moral Identity Scale (MIS),10.7910/dvn/tlkxaz,https://doi.org/10.7910/DVN/TLKXAZ,CC0 1.0,6,Baseline descriptive data.xlsx|Baseline.tab|Full data.tab|LLM& Human comparison.tab|Unbiased data.tab|Unbiased descriptive data.xls,title:instrument;file:raw-ish;files:tractable;lic:cc0
B,8,dataverse,"Replication Data for: ""Taking Teacher Evaluation to Scale: The Effect of State Reforms on Achievement and Attainment""",10.7910/dvn/ehbgow,https://doi.org/10.7910/DVN/EHBGOW,CC0 1.0,21,Bayesian Analysis.xlsx|treatment_data.xlsx,title:instrument;file:raw-ish;lic:cc0
B,8,dataverse,"Replication Data for: Preißinger, Maria and Schoen, Harald (2018): Entity and incremental theory of personality: Revisiting the validity of indicators. Personality and Individual Differences 130: 21-25.",10.7910/dvn/bqpp7z,https://doi.org/10.7910/DVN/BQPP7Z,CC0 1.0,2,D-P17-5686+Uni+Mannheim+Laientheorie+Welle+2+DE_Finale+Daten_2.dta|Respondi_Laientheorie_alle+Interviews_aufbereitet.dta,title:measurement;file:survey-format;files:tractable;lic:cc0
B,8,dataverse,"Cognitive science in the field: A preschool intervention durably improves non-symbolic, but not symbolic, mathematics",10.7910/dvn/lclkdt,https://doi.org/10.7910/DVN/LCLKDT,CC0 1.0,2,MainData.dta,file:survey-format;file:raw-ish;files:tractable;lic:cc0
B,8,dataverse,"Replication Data for: ""Cognitive Biases and Communication Strength in Social Networks: The Case of Episodic Frames""",10.7910/dvn/em3az2,https://doi.org/10.7910/DVN/EM3AZ2,CC0 1.0,5,Replication Data 1 - Test 1-3.dta|Replication Data 2- Test 1-3 - Pre-test.dta|Replication Data 3 - Test 1-3 - Human Coding.dta|Replication Data 4 - Test 1 - Supplemental Experiment.dta|Replication Data 5 - Test 2 - Supplemental Study.dta,file:survey-format;file:raw-ish;files:tractable;lic:cc0
B,8,figshare,Validation of Online Histrionic Personality Scale Indonesian version,10.6084/m9.figshare.30581267.v1,https://figshare.com/articles/dataset/Validation_of_Online_Histrionic_Personality_Scale_Indonesian_version/30581267,CC BY 4.0,1,OHPS validation dataset.xlsx,title:instrument;file:raw-ish;files:tractable
B,8,figshare,"Data_Sheet_1_The Stress and Adversity Inventory for Adults (Adult STRAIN) in Brazilian Portuguese: Initial Validation and Links With Executive Function, Sleep, and Mental and Physical Health.csv",10.3389/fpsyg.2019.03083.s001,https://frontiersin.figshare.com/articles/dataset/Data_Sheet_1_The_Stress_and_Adversity_Inventory_for_Adults_Adult_STRAIN_in_Brazilian_Portuguese_Initial_Validation_and_Links_With_Executive_Function_Sleep_and_Mental_and_Physical_Health_csv/11744082,CC BY 4.0,1,Data_Sheet_1_The Stress and Adversity Inventory for Adults (Adult STRAIN) in Brazilian Portuguese: Initial Validation and Links With Executive Functio.csv,title:instrument;file:raw-ish;files:tractable
B,8,dataverse,Replication Data for: Party or Policy? The Role of Policy Partisanship in Voter Decision-Making,10.7910/dvn/aez83r,https://doi.org/10.7910/DVN/AEZ83R,CC0 1.0,5,1710000501_databaseLoadingData.csv|1710000901_databaseLoadingData.csv|2021 Canadian Election Study v2.0.dta,file:survey-format;file:raw-ish;files:tractable;lic:cc0
B,8,dataverse,Do Opposites Detract? Intrahousehold Preference Heterogeneity and Inefficient Strategic Savings,10.7910/dvn/qquizc,https://doi.org/10.7910/DVN/QQUIZC,CC0 1.0,4,PrivateSavings_IndLevelData_Final.dta,file:survey-format;file:raw-ish;files:tractable;lic:cc0
B,8,dataverse,Replication Data for: Context-Driven Attitude Formation: The Difference Between Supporting Free Trade in the Abstract and Supporting Specific Trade Agreements,10.7910/dvn/fdsxmr,https://doi.org/10.7910/DVN/FDSXMR,CC0 1.0,2,dataset appendix MV jungherr et al RIPE.dta|dataset jungherr et al RIPE.dta,file:survey-format;file:raw-ish;files:tractable;lic:cc0
B,8,figshare,Anonymized survey dataset of Digital Health Literacy Scale for Chinese Undergraduate Students,10.6084/m9.figshare.33014132.v1,https://figshare.com/articles/dataset/Anonymized_survey_dataset_of_Digital_Health_Literacy_Scale_for_Chinese_Undergraduate_Students/33014132,CC BY 4.0,1,Anonymized_dataset_Digital_Health_Literacy.xls,title:instrument;file:raw-ish;files:tractable
B,8,mendeley,Data of the Questionnaire on Medical Students' Digital _Intelligent Literacy,10.17632/4fp3nxmcgs,https://data.mendeley.com/datasets/4fp3nxmcgs,CC BY 4.0,1,Questionnaire Data.xlsx,title:instrument;file:raw-ish;files:tractable
B,8,mendeley,Data for: Using The Feature Selection with Genetic Algorithm to Abbreviate Indonesia’s Health Literacy Survey Questionnaire (HLS-EU) and Comparing the Accurate Classification among the Datasets from Existing Short Version of HLS-EU,10.17632/zr54c7rxs3,https://data.mendeley.com/datasets/zr54c7rxs3,CC BY 4.0,1,data hl47.xlsx,title:instrument;file:raw-ish;files:tractable
B,8,datacite,DATASET of Online Self-Regulated Learning Questionnaire in a Russian MOOC,10.17632/49bpf62352.2,https://data.mendeley.com/datasets/49bpf62352/2,CC BY 4.0,1,PRETEST MOOC_ ОПРОС (Responses).xlsx,title:instrument;file:raw-ish;files:tractable
B,8,mendeley,Flipped Learning Feedback Questionnaire Raw Data,10.17632/s9gzkz4fc3,https://data.mendeley.com/datasets/s9gzkz4fc3,CC BY 4.0,2,raw data.xlsx|raw data.xlsx,title:instrument;file:raw-ish;files:tractable
B,8,mendeley,"Dataset for Extended TAM Study: Includes Translated Questionnaire, Filtered Raw Data, SmartPLS Input and Analysis Results",10.17632/x49yj8588t,https://data.mendeley.com/datasets/x49yj8588t,CC BY 4.0,3,Obtained data_Filtered and translated.xlsx|Perception of Using AI_For Analysis.csv|SmartPLS Analysis Results.xlsx,title:instrument;file:raw-ish;files:tractable
B,8,mendeley,"Technostress Measurement, Development of a Short Questionnaire Version",10.17632/vptj28s8pk,https://data.mendeley.com/datasets/vptj28s8pk,CC BY 4.0,1,dataset.xlsx,title:instrument;file:raw-ish;files:tractable
B,8,datacite,Data set on Impact of COVID-19 on Mental Health of Internal Migrant Workers in India: Corona Virus Anxiety Scale (CAS) Approach,10.17632/fkgf3fwnpz,https://data.mendeley.com/datasets/fkgf3fwnpz,CC BY 4.0,2,Master Table Migrant with Code.xlsx|Migrant Workers Anxiety data.csv,title:instrument;file:raw-ish;files:tractable
B,8,mendeley,Dataset for the Deez Alexithymia Scale (DAS-21): Adult Community Sample,10.17632/kgjmh2fwk9,https://data.mendeley.com/datasets/kgjmh2fwk9,CC BY 4.0,1,DAS21_full_dataset.csv,title:instrument;file:raw-ish;files:tractable
B,8,mendeley,"Hindi Translation and Validation of the ""Freezing of Gait Questionnaire"" in Patient's with Parkinson's Disease",10.17632/bwr5xc236c,https://data.mendeley.com/datasets/bwr5xc236c,CC BY 4.0,1,DATA SHEET OF PATIENTS.xlsx,title:instrument;file:raw-ish;files:tractable
B,8,mendeley,Cross-Cultural Adaptation and Validation of Hindi Version of Freezing of Gait-Questionnaire,10.17632/t93bhbwyfy,https://data.mendeley.com/datasets/t93bhbwyfy,CC BY 4.0,1,Manuscript data of Pts.xlsx,title:instrument;file:raw-ish;files:tractable
B,8,mendeley,Translation and psychometric evaluation of the Bengali version of the 10-item Repetitive Thinking Questionnaire (RTQ-10),10.17632/4gtjy8833s,https://data.mendeley.com/datasets/4gtjy8833s,CC BY 4.0,2,Excel for Pilot study RTQ-10 (95 cases).xlsx|RTQ validation dataset.xlsx,title:instrument;file:raw-ish;files:tractable
B,8,mendeley,"Assessment of borderline personality in nursing homes, departments of geriatric medicine and long term care hospitals according to the Inventory of Personality Organization (IPO)",10.17632/zc47xbw2kk,https://data.mendeley.com/datasets/zc47xbw2kk,CC BY 4.0,1,Excel IPO 83 items V2.xlsx,title:instrument;file:raw-ish;files:tractable
B,8,zenodo,Research Questionnaire,10.5281/zenodo.13906147,https://zenodo.org/records/13906147,cc-by-4.0,1,Kuesioner Data Mentah (Hasil Responden).xlsx,title:instrument;file:raw-ish;files:tractable
B,8,zenodo,GenAI questionnaire,10.5281/zenodo.17987225,https://zenodo.org/records/17987225,cc-by-4.0,1,GenAI Questioner (Responses).csv,title:instrument;file:raw-ish;files:tractable
B,8,zenodo,FCD Questionnaire,10.5281/zenodo.19196911,https://zenodo.org/records/19196911,cc-by-4.0,1,FCD_datos_protegidos.csv,title:instrument;file:raw-ish;files:tractable
B,8,zenodo,Questionnaire Dataset,10.5281/zenodo.15321115,https://zenodo.org/records/15321115,cc-by-4.0,1,Data Penelitian Food Vlogger.xlsx,title:instrument;file:raw-ish;files:tractable
B,8,zenodo,Questionnaire responses,10.5281/zenodo.15374745,https://zenodo.org/records/15374745,cc-by-4.0,1,data_responses.xlsx,title:instrument;file:raw-ish;files:tractable
B,8,scholars_portal,Replication data for : Biosecurity adoption in Quebec dairy farms: results from a risk assessment questionnaire analyzed using conventional and unsupervised artificial intelligence methods,10.5683/sp3/swtzff,https://doi.org/10.5683/SP3/SWTZFF,CC-BY 4.0,2,Codebook.xlsx|mca_dataset_1.tab,title:instrument;file:raw-ish;files:tractable
B,8,surf,Replication Data for: Look who is complaining: Psychological factors predicting subjective cognitive complaints in a large community sample of older adults,10.34894/qnvtoa,https://doi.org/10.34894/QNVTOA,CC0-1.0,1,Dataset.sav,file:survey-format;file:raw-ish;files:tractable;lic:cc0
B,8,surf,"Replication Data for: PlosOne 2021 manuscript ""Personality traits and academic performance: correcting self-assessed traits with vignettes""",10.34894/lvxskz,https://doi.org/10.34894/LVXSKZ,CC0-1.0,1,Data.dta,file:survey-format;file:raw-ish;files:tractable;lic:cc0
B,8,surf,A Brief Online Cognitive Dissonance-Based Intervention to Reduce Consideration of Cosmetic Surgery and Improve Body Image Among Chinese Women,10.34894/kjxgtt,https://doi.org/10.34894/KJXGTT,"Our data, or part of the data,  has been set to restrictive because the data is pseudonymous and therefore subject to the EU GDPR privacy regulations. 
According to our policy, the researcher who deposited the data will be informed about the access request. The depositor of the data might contact the requester for further consultation about the (re)use of the data. If the researcher decides to make the data available an agreement needs to be signed. 
If this dataset also contains unrestricted data, a 'cc-zero public domain dedication' applies to these unrestricted data.
",2,Control condition - final dataset.sav|Intervention group - final dataset.sav,file:survey-format;file:raw-ish;files:tractable;lic:cc0
B,8,zenodo,"Beta carotene apparent retention dataset, Likert scale dataset, and preference ranking scale dataset",10.5281/zenodo.7180722,https://zenodo.org/records/7180722,cc-by-4.0,3,Victor Munkhuwa_beta carotene apparent retention data.xlsx|Victor Munkhuwa_Preference ranking data-care givers.xlsx|Victor Munkhuwa_Plate waste scale & likert scale data- children.xlsx,title:instrument;file:raw-ish;files:tractable
B,8,zenodo,AI-ASSISTED SELF-REGULATED LEARNING AND MOTIVATION SCALE,10.5281/zenodo.21399786,https://zenodo.org/records/21399786,cc-by-4.0,1,Data Consolidated.xlsx,title:instrument;file:raw-ish;files:tractable
B,8,surf,"Hypersensitivity to Noise and Light: A Multifactorial Framework of Attention, Personality and Mood.",10.34894/nssdcu,https://doi.org/10.34894/NSSDCU,"Our data, or part of the data,  has been set to restrictive because the data is pseudonymous and therefore subject to the EU GDPR privacy regulations. 
According to our policy, the researcher who deposited the data will be informed about the access request. The depositor of the data might contact the requester for further consultation about the (re)use of the data. If the researcher decides to make the data available an agreement needs to be signed. 
If this dataset also contains unrestricted data, a 'cc-zero public domain dedication' applies to these unrestricted data.
",1,Final_Masterfile_online_study_merged_18_05 - dataverse.sav,file:survey-format;file:raw-ish;files:tractable;lic:cc0
B,8,surf,Data from ‘Cohort Differences in Big Five Personality Factors Over a Period of 25 Years’,10.34894/8nga0r,https://doi.org/10.34894/8NGA0R,CC0-1.0,2,data5pft19822007.csv|data5pft19822007.sav,file:survey-format;file:raw-ish;files:tractable;lic:cc0
B,8,surf,The COMT Val158Met polymorphism does not modulate the after-effect of tDCS on working memory,10.34894/5xktsv,https://doi.org/10.34894/5XKTSV,CC0-1.0,1,5 Processed N-back data.sav,file:survey-format;file:raw-ish;files:tractable;lic:cc0
B,8,zenodo,"Dataset Questionnaire The Impact Perceived Desirability, Propensity to Act, and Perceived Feasibility towards Technoprenurial Commitment Based on A Entreprenurial Event Theory",10.5281/zenodo.14015395,https://zenodo.org/records/14015395,cc-by-4.0,1,Dataset_EE_Intention.csv,title:instrument;file:raw-ish;files:tractable
B,8,zenodo,Study data: Psychometric properties of the Multigroup Ethnic Identity Measure-Revised in Peruvian university students,10.5281/zenodo.22117910,https://zenodo.org/records/22117910,cc-by-4.0,1,Data_Multigroup.xlsx,title:instrument;file:raw-ish;files:tractable
B,8,surf,"In the Mood for Food: Monotony, Boredom and Snacking During Work",10.34894/plm0re,https://doi.org/10.34894/PLM0RE,"Our data, or part of the data,  has been set to restrictive because the data is pseudonymous and therefore subject to the EU GDPR privacy regulations. 
According to our policy, the researcher who deposited the data will be informed about the access request. The depositor of the data might contact the requester for further consultation about the (re)use of the data. If the researcher decides to make the data available an agreement needs to be signed. 
If this dataset also contains unrestricted data, a 'cc-zero public domain dedication' applies to these unrestricted data.
",3,Cronbach's alpha_In the Mood for Food.sav|Final data long_In the Mood for Food.sav|Final data wide_In the Mood for Food.sav,file:survey-format;file:raw-ish;files:tractable;lic:cc0
B,8,surf,Effects of the Digital Intervention StudentPOWR on the Subjective Wellbeing of Students Studying from Home: a Randomized Wait-List Control Trial,10.34894/tzhhio,https://doi.org/10.34894/TZHHIO,"Our data, or part of the data,  has been set to restrictive because the data is pseudonymous and therefore subject to the EU GDPR privacy regulations. 
According to our policy, the researcher who deposited the data will be informed about the access request. The depositor of the data might contact the requester for further consultation about the (re)use of the data. If the researcher decides to make the data available an agreement needs to be signed. 
If this dataset also contains unrestricted data, a 'cc-zero public domain dedication' applies to these unrestricted data.
",2,All Data Including SPANE Change.sav|All Data Including SPANE Change.xlsx,file:survey-format;file:raw-ish;files:tractable;lic:cc0
B,8,surf,Promoting students’ autonomous motivation for the ongoing curriculum using a ‘Societal Impact Project’ with basic psychological needs characteristics,10.34894/gompfn,https://doi.org/10.34894/GOMPFN,CC0-1.0,1,Study 4_Survey responses and calculated variable scores.sav,file:survey-format;file:raw-ish;files:tractable;lic:cc0
B,8,zenodo,"Survey Questionnaire, Spanish Wineries and NoLo Wine Production",10.5281/zenodo.19269968,https://zenodo.org/records/19269968,cc-by-4.0,2,data.csv|codebook.csv,title:instrument;file:raw-ish;files:tractable
B,8,zenodo,Debugging Questionnaire Dataset,10.5281/zenodo.4449045,https://zenodo.org/records/4449045,cc-by-4.0,2,answers_english.csv|answers_german.csv,title:instrument;file:raw-ish;files:tractable
B,8,zenodo,Scarlet Cosmetics Questionnaire,10.5281/zenodo.15382756,https://zenodo.org/records/15382756,cc-by-4.0,1,Data Quesioner Scarlet.xlsx,title:instrument;file:raw-ish;files:tractable
B,8,zenodo,Data ERI questionnaire,10.5281/zenodo.11149861,https://zenodo.org/records/11149861,cc-by-4.0,1,Data_ERI.xlsx,title:instrument;file:raw-ish;files:tractable
B,8,zenodo,Akkadian Teaching Questionnaire,10.5281/zenodo.15590889,https://zenodo.org/records/15590889,cc-by-4.0,1,Akkadian questionnaire data.xlsx,title:instrument;file:raw-ish;files:tractable
B,8,zenodo,DOMAIN questionnaire dataset,10.5281/zenodo.13220746,https://zenodo.org/records/13220746,cc-by-4.0,1,DND_Datafile.csv,title:instrument;file:raw-ish;files:tractable
B,8,surf,Spontaneous helping behavior of autistic and non-autistic (pre-) adolescents: A matter of motivation?,10.34894/w3qrsv,https://doi.org/10.34894/W3QRSV,CC0-1.0,2,3. Raw data_autism helping.sav|5. Processed data_autism helping.sav,file:survey-format;file:raw-ish;files:tractable;lic:cc0
B,8,zenodo,Standardized comparison of different versions of the DUFSS questionnaire using the EMPRO tool.,10.5281/zenodo.8211219,https://zenodo.org/records/8211219,cc-by-4.0,1,Data set_EMPRO Evaluation.xlsx,title:instrument;file:raw-ish;files:tractable
B,8,zenodo,Digital Fatigue Questionnaire Responses,10.5281/zenodo.21408658,https://zenodo.org/records/21408658,cc-by-4.0,1,Digital Fatigue Questionnaire (Responses).xlsx,title:instrument;file:raw-ish;files:tractable
B,8,zenodo,CITIZENSHIP BEHAVIOR QUESTIONNAIRE (CBQ),10.5281/zenodo.10105133,https://zenodo.org/records/10105133,cc-by-4.0,2,Citizenship Behavior Questionnaire (Raw Data) (1).xlsx|Citizenship Behavior Questionnaire (Codebook).xlsx,title:instrument;file:raw-ish;files:tractable
B,8,zenodo,Interviews Questionnaire Pilot Islands,10.5281/zenodo.8348386,https://zenodo.org/records/8348386,cc-by-4.0,1,REACT -DATA set ZENODO Questionnaire-Interviews-.xls,title:instrument;file:raw-ish;files:tractable
B,8,zenodo,SQLand - Questionnaire and Data,10.5281/zenodo.11167217,https://zenodo.org/records/11167217,cc-by-4.0,2,original_data.xlsx|Itens do questionário.xlsx,title:instrument;file:raw-ish;files:tractable
B,8,surf,Specificity of relations between adolescents’ cognitive emotion regulation strategies and symptoms of depression and anxiety,10.34894/kipdui,https://doi.org/10.34894/KIPDUI,CC0-1.0,1,Data article Emotion and Cognition 2018.sav,file:survey-format;file:raw-ish;files:tractable;lic:cc0
B,8,zenodo,Dataset and R code for the validation of the QPE4PLimpact questionnaire,10.5281/zenodo.19221973,https://zenodo.org/records/19221973,cc-by-4.0,1,dataqpee4plimpact.csv,title:instrument;file:raw-ish;files:tractable
B,8,zenodo,"Soil Health Guards: Citizen-science soil health observations, expert validation, and participant questionnaire data from Serbia",10.5281/zenodo.20709386,https://zenodo.org/records/20709386,cc-by-4.0,4,08_Post_implementation_questionnaire_results.xlsx|02_Expert_validation_dataset_v1.0.xlsx|05_Pre_implementation_questionnaire_results.xlsx|01_CS_dataset_deidentified_v1.0.xlsx,title:instrument;file:raw-ish;files:tractable
B,8,zenodo,Dataset used for validation of the Danish 20-item Spiritual Needs Questionnaire.,10.5281/zenodo.5524334,https://zenodo.org/records/5524334,cc-by-4.0,3,Dataset_sampleA_anonymized_SpNQ+WHO5.xls|Dataset_full_anonymized_SpNQ+WHO5.xls|Dataset_sampleB_anonymized_SpNQ+WHO5.xls,title:instrument;file:raw-ish;files:tractable
B,8,zenodo,"Dataset for ""Development and Multidimensional IRT-Based Validation of the AI-Induced Occupational Anxiety Scale Among University Students""",10.5281/zenodo.20475015,https://zenodo.org/records/20475015,cc-by-4.0,1,AIOAS_DataSet.xlsx,title:instrument;file:raw-ish;files:tractable
B,8,zenodo,Data set for Rasch and graphical loglinear Rasch analyses of the Statistical Anxiety and Attitudes Towards Statistics Questionnaire (Holdning og Forhold til Statistik – revised; HFS-R),10.5281/zenodo.14288514,https://zenodo.org/records/14288514,cc-by-4.0,1,Data-HFS-R_2024.csv,title:instrument;file:raw-ish;files:tractable
B,8,zenodo,Hospital Anxiety and Depression Scale (HADS),10.5281/zenodo.10066477,https://zenodo.org/records/10066477,cc-by-4.0,1,Data Depression.xlsx,title:instrument;file:raw-ish;files:tractable
B,8,zenodo,Dataset on Psychometric Evaluation of the Puerto Rican Spanish Adaptation of the Statistical Anxiety Rating Scale,10.5281/zenodo.20573110,https://zenodo.org/records/20573110,cc-by-4.0,3,data_diccionary.csv.xlsx|data.csv|dfi_6factor_250.rds,title:instrument;file:raw-ish;files:tractable
B,8,zenodo,Dataset for Rasch analyses of the brief Critical Thinking Scale (CTh) and assessment of change,10.5281/zenodo.6401225,https://zenodo.org/records/6401225,cc-by-4.0,2,Critical_Thinking_baseline.csv|Critical_Thinking_longitudinal.csv,title:instrument;file:raw-ish;files:tractable
B,8,surf,Negative social self-cognitions: How shyness may lead to social anxiety,10.34894/lzjnrk,https://doi.org/10.34894/LZJNRK,CC0-1.0,1,3. Data 171214_Shyness_234.sav,file:survey-format;file:raw-ish;files:tractable;lic:cc0
B,8,surf,The role of performance quality in adolescents’ self-evaluation and rumination after a speech: Is it contingent on social anxiety level?,10.34894/bndtks,https://doi.org/10.34894/BNDTKS,CC0-1.0,1,3. Data 160603.PerfT3sav.sav,file:survey-format;file:raw-ish;files:tractable;lic:cc0
B,8,dataverse,Replication Data for: Assessing Public Value Failure in Government Adoption of Artificial Intelligence,10.7910/dvn/ligara,https://doi.org/10.7910/DVN/LIGARA,CC0 1.0,1,ads_raw.sav,file:survey-format;file:raw-ish;files:tractable;lic:cc0
B,8,zenodo,Questionnaire and Responses Supporting: A Study on UI/UX and E-Commerce Profitability,10.5281/zenodo.15628398,https://zenodo.org/records/15628398,cc-by-4.0,1,How UI_UX Design Influences - suppl Material - Data.xlsx,title:instrument;file:raw-ish;files:tractable
B,8,surf,Go/No-Go training alters food evaluations independently of cognitive load,10.34894/8mpnea,https://doi.org/10.34894/8MPNEA,"Our data, or part of the data,  has been set to restrictive because the data is pseudonymous and therefore subject to the EU GDPR privacy regulations. 
According to our policy, the researcher who deposited the data will be informed about the access request. The depositor of the data might contact the requester for further consultation about the (re)use of the data. If the researcher decides to make the data available an agreement needs to be signed. 
If this dataset also contains unrestricted data, a 'cc-zero public domain dedication' applies to these unrestricted data.

",1,datafile GNG & load.sav,file:survey-format;file:raw-ish;files:tractable;lic:cc0
B,8,zenodo,Cultural diversity self-assessment model - Questionnaire dataset,10.5281/zenodo.13909231,https://zenodo.org/records/13909231,cc-by-4.0,1,Questionnaire data and analysis.xlsx,title:instrument;file:raw-ish;files:tractable
B,8,zenodo,Questionnaire Draft and Respons for Study of Online Learning for Accounting Subjects in Vocational School During the Pandemic Period,10.5281/zenodo.4498280,https://zenodo.org/records/4498280,cc-by-4.0,2,Questionnaire Respons Data Summarize.xlsx|Raw Questionnaire Respons Data.xlsx,title:instrument;file:raw-ish;files:tractable
B,8,zenodo,Questionnaire Data Set: The Effect of Gadget Use Intensity on Learning Concentration of SDN Pajajaran 01 Elementary School Students,10.5281/zenodo.16892994,https://zenodo.org/records/16892994,cc-by-4.0,1,Recap Data of Student Answers of SDN Pajajaran 01.xlsx,title:instrument;file:raw-ish;files:tractable
B,8,figshare,"Questionnaire survey data for the study titled:   
<strong>Scaffolding self-regulated learning in operative dentistry through self-assessment training: a mixed-method study</strong>",10.6084/m9.figshare.23047181.v1,https://figshare.com/articles/dataset/Questionnaire_survey_data_for_the_study_titled_strong_Scaffolding_self-regulated_learning_in_operative_dentistry_through_self-assessment_training_a_mixed-method_study_strong_/23047181,CC BY 4.0,1,Questionnaire survey data.xlsx,title:instrument;file:raw-ish;files:tractable
B,8,surf,Student Well-being in Times of COVID-19 in the Netherlands,10.34894/wltwcq,https://doi.org/10.34894/WLTWCQ,CC0-1.0,4,"Data_Kiltz, Trippenzee, Fleer, Fokkens-Bruinsma, & Jansen.sav|Data_Kiltz, Trippenzee, Fleer, Fokkens-Bruinsma, & Jansen.xlsx|Supplementary Information III (Kiltz et al., 2023) - Codebook.xlsx|Supplementary Information VI (Kiltz et al., under review) - Codebook.xlsx",file:survey-format;file:raw-ish;files:tractable;lic:cc0
B,8,surf,Reflection in Learning to Write an Academic Text How does reflection affect observational learning and learning-by-doing in a research synthesis task? [dataset] ,10.34894/iqd8mt,https://doi.org/10.34894/IQD8MT,CC0-1.0,1,Reflection_Data_File.sav,file:survey-format;file:raw-ish;files:tractable;lic:cc0
B,8,zenodo,Quantitative Data from the questionnaire on the Students' Learning Engagement,10.5281/zenodo.20679768,https://zenodo.org/records/20679768,cc-by-4.0,1,Dataset Learning Engagement (pretest-posttest).xlsx,title:instrument;file:raw-ish;files:tractable
B,8,figshare,"Questionnaire and Anonymized Dataset for ""What Makes a Teacher? A Study on the Impact of Educational Digital Humans' Technological Affordances on Learning Engagement in Film and Television Production Practice""<p></p>",10.6084/m9.figshare.32211417.v1,https://figshare.com/articles/dataset/Questionnaire_and_Anonymized_Dataset_for_What_Makes_a_Teacher_A_Study_on_the_Impact_of_Educational_Digital_Humans_Technological_Affordances_on_Learning_Engagement_in_Film_and_Television_Production_Practice_p_p_/32211417,CC BY 4.0,1,data.csv,title:instrument;file:raw-ish;files:tractable
B,8,dataverse,Development and Validation of a Self-Efficacy Item Bank,10.7910/dvn/tgwzqj,https://doi.org/10.7910/DVN/TGWZQJ,CC0 1.0,2,final_dataset_6mar2015.sas7bdat|PROMIS SELF EFFICACY CodeBook.tab,file:survey-format;file:raw-ish;files:tractable;lic:cc0
B,8,zenodo,Questionnaire data to research small-scale farmers' information sharing for adapting to climate change in Mozambique (2019-2020),10.5281/zenodo.4288741,https://zenodo.org/records/4288741,cc-by-4.0,2,IS_200803_ForDatabase.csv|IS_200803_ForDatabase.xlsx,title:instrument;file:raw-ish;files:tractable
B,8,zenodo,Dataset of The latent factor structure and assessment of childbirth-related PTSD in fathers and co-parents: psychometric characteristics of the City Birth Trauma Scale – French version (partner version),10.5281/zenodo.6683900,https://zenodo.org/records/6683900,cc-by-4.0,3,Dataset_City-BiTS-F_partner_validation.csv|Codebook_City-BiTS-F_partner_validation.xlsx|Dataset_City-BiTS-F_partner_validation.xlsx,title:instrument;file:raw-ish;files:tractable
B,8,figshare,Table_3_The Depression Anxiety Stress Scale 8-Items Expresses Robust Psychometric Properties as an Ideal Shorter Version of the Depression Anxiety Stress Scale 21 Among Healthy Respondents From Three Continents.XLSX,10.3389/fpsyg.2022.799769.s003,https://frontiersin.figshare.com/articles/dataset/Table_3_The_Depression_Anxiety_Stress_Scale_8-Items_Expresses_Robust_Psychometric_Properties_as_an_Ideal_Shorter_Version_of_the_Depression_Anxiety_Stress_Scale_21_Among_Healthy_Respondents_From_Three_Continents_XLSX/19589485,CC BY 4.0,1,Table_3_The Depression Anxiety Stress Scale 8-Items Expresses Robust Psychometric Properties as an Ideal Shorter Version of the Depression Anxiety Str.XLSX,title:instrument;file:raw-ish;files:tractable
B,8,surf,Basic and Complex Cognitive Functions in Adult ADHD,10.34894/k3eijx,https://doi.org/10.34894/K3EIJX,CC0-1.0,2,Basic_and_Complex_Cognitive_Functions_in_Adult_ADHD_dataSet.sav|calculating_effects_sizes_Basic_and_Complex_Cognitive_Functions_in_Adult_ADHD.xlsx,file:survey-format;file:raw-ish;files:tractable;lic:cc0
B,8,zenodo,Trust Questionnaire Response Data,10.5281/zenodo.19567326,https://zenodo.org/records/19567326,cc-by-4.0,1,Trust Questionnaire Data.xlsx,title:instrument;file:raw-ish;files:tractable
B,8,zenodo,MED-LINKS. WP5. POST-MEASUREMENT QUESTIONNAIRE,10.5281/zenodo.12706283,https://zenodo.org/records/12706283,cc-by-4.0,1,PostmeasurementQuestionnaire_Data.xlsx,title:instrument;file:raw-ish;files:tractable
B,8,zenodo,Beelingua Questionnaire Gamification & ILLA,10.5281/zenodo.16499502,https://zenodo.org/records/16499502,cc-by-4.0,1,GAMEX (Responses) censored.xlsx,title:instrument;file:raw-ish;files:tractable
B,8,zenodo,FD questionnaire: contacts and answers,10.5281/zenodo.3522722,https://zenodo.org/records/3522722,cc-by-4.0,1,questionnaire answers.xlsx,title:instrument;file:raw-ish;files:tractable
B,8,zenodo,Production engineering students' perception about the use of RStudio - questionnaire validation,10.5281/zenodo.15256891,https://zenodo.org/records/15256891,cc-by-4.0,1,Data AJEE.xlsx,title:instrument;file:raw-ish;files:tractable
B,8,zenodo,ARTIMATION Conflict detection and resolution visualisation questionnaire results,10.5281/zenodo.7428888,https://zenodo.org/records/7428888,cc-by-4.0,1,ARTIMATION UC1 questionnaire dataset.xlsx,title:instrument;file:raw-ish;files:tractable
B,8,zenodo,"Dataset and Questionnaire Items of AI Acceptancy: ""Evaluation of Factors Influencing the Acceptance of Artificial Intelligence (AI) Technology in the World of Photography Based on the Technology Acceptance Model (TAM)""",10.5281/zenodo.21502225,https://zenodo.org/records/21502225,cc-by-4.0,2,Kuisioner Thesis.csv|Questionnaire Items.xlsx,title:instrument;file:raw-ish;files:tractable
B,8,zenodo,Dataset Questionnaire The Effect of Gamification on Brand Awareness and Customer Loyalty Through Perceived Usefulness and Customer Engagement based on The Technology Acceptance Model Theory,10.5281/zenodo.17628395,https://zenodo.org/records/17628395,cc-by-4.0,1,247_Dataset_2025.xlsx,title:instrument;file:raw-ish;files:tractable
B,8,zenodo,What Factors' Gen Z Acceptance of AI Learning as Powered Study Assistants Questionnaire,10.5281/zenodo.18320735,https://zenodo.org/records/18320735,cc-by-4.0,1,Final Data.csv,title:instrument;file:raw-ish;files:tractable
B,8,zenodo,Survey Dataset and Questionnaire for the Evaluation of Attendance Application Implementation Success Using the DeLone and McLean Model at a Mining Contractor Services Company,10.5281/zenodo.17590038,https://zenodo.org/records/17590038,cc-by-4.0,2,Survey_Responses_AttendanceApp.xlsx|Questionnaire_Instrument_AttendanceApp.xlsx,title:instrument;file:raw-ish;files:tractable
B,8,zenodo,q-ILT. Questionnaire on Interpreters use of Language Technology,10.5281/zenodo.15315619,https://zenodo.org/records/15315619,cc-by-4.0,1,CILT_data_upload.csv,title:instrument;file:raw-ish;files:tractable
B,8,dataverse,Replication data for: Should Mothers Work? How Perceptions of the Social Norm Affect Individual Attitudes Toward Work in the U.S,10.7910/dvn/og88eu,https://doi.org/10.7910/DVN/OG88EU,CC0 1.0,2,followup_surveydata.dta|survey_shuffledid.dta,file:survey-format;file:raw-ish;files:tractable;lic:cc0
B,8,zenodo,Dataset for the paper: Psychometric Properties of the Greek Version of the ASKAT: Assessing Teachers' Knowledge and Attitudes Toward ADHD,10.5281/zenodo.20584835,https://zenodo.org/records/20584835,cc-by-4.0,2,ASKAT_raw_data_.csv|ASKAT_raw_data_English_version.csv,title:instrument;file:raw-ish;files:tractable
B,8,surf,Tinnitus-related fear: Mediating the effects of a cognitive behavioural specialised tinnitus treatment,10.34894/5trzsh,https://doi.org/10.34894/5TRZSH,CC0-1.0,1,DatasetMediationFear_Cima.sav,file:survey-format;file:raw-ish;files:tractable;lic:cc0
B,8,figshare,"Transcultural adaptation of an environmental health questionnaire with attitude, knowledge and skills scales for Portuguese nursing students",10.6084/m9.figshare.27312150.v1,https://figshare.com/articles/dataset/Transcultural_adaptation_of_an_environmental_health_questionnaire_with_attitude_knowledge_and_skills_scales_for_Portuguese_nursing_students/27312150,CC BY 4.0,1,Bases de datos_Figshare.xlsx,title:instrument;file:raw-ish;files:tractable
B,8,zenodo,PSYCHOMETRIC PROPERTIES OF THE PROSOCIAL BEHAVIOR SCALE IN SAMPLE INDONESIAN ADOLESCENTS,10.5281/zenodo.13117893,https://zenodo.org/records/13117893,cc-by-4.0,1,datariset.xlsx,title:instrument;file:raw-ish;files:tractable
B,8,dataverse,"Replication Data for: ""Body Politic: Disgust, Partisanship, and Public Opinion on Viral Outbreaks""",10.7910/dvn/8ftpax,https://doi.org/10.7910/DVN/8FTPAX,CC0 1.0,4,AppC_intxn_published.tab|Body_Politic_All_datasets.tab|Body_Politic_datasets_with_infections_data.tab|CCES14_YAL_OUTPUT_Aug2015_vm.dta,file:survey-format;file:raw-ish;files:tractable;lic:cc0
B,8,zenodo,"Dataset Questionnaire E-WOM Credibility, Brand Image, Online Purchase Intention",10.5281/zenodo.14903363,https://zenodo.org/records/14903363,cc-by-4.0,1,PENGARUH E-WOM CREDIBILITY TERHADAP ONLINE PURCHASE INTENTION MELALUI BRAND IMAGE PADA PRODUK KECANTIKAN (Responses).xlsx,title:instrument;file:raw-ish;files:tractable
B,8,zenodo,"Dataset Questionnaire Examining the roles of digital marketing, online destination image, and authenticity on virtual heritage tourism",10.5281/zenodo.19212819,https://zenodo.org/records/19212819,cc-by-4.0,1,Dataset_Virtual Heritage Tourism.csv,title:instrument;file:raw-ish;files:tractable
B,8,zenodo,A dataset of questionnaire on the domestic image of China and media use for China's post-90s and post-00s,10.5281/zenodo.20017889,https://zenodo.org/records/20017889,cc-by-4.0,4,SurveyData-China-Post90s.csv|SurveyData-China-Post90s.xlsx|SurveyData-China-Post00s.csv|SurveyData-China-Post00s.xlsx,title:instrument;file:raw-ish;files:tractable
B,8,figshare,"<b>Psychometric Evaluation of the Insomnia Severity Index in 570,295 Chinese Adolescents: A Bifactor Item Response Theory Analysis</b>",10.6084/m9.figshare.25144025.v2,https://figshare.com/articles/dataset/_b_Large-Scale_Evaluation_of_the_Insomnia_Severity_Index_in_570_295_Chinese_Adolescents_A_Bifactor_Item_Response_Theory_Analysis_b_/25144025,CC BY 4.0,1,isi_bifactor_data.xlsx,title:instrument;file:raw-ish;files:tractable
B,8,figshare,The Pain Catastrophizing Scale Data,10.25449/ruspsydata.14701230.v1,https://ruspsydata.figshare.com/articles/dataset/The_Pain_Catastrophizing_Scale_Data/14701230,CC BY 4.0,2,The Pain Catastrophizing Scale Data (English).xls|The Pain Catastrophizing Scale Data (Russian).xls,title:instrument;file:raw-ish;files:tractable
B,8,datacite,The Pain Catastrophizing Scale Data,10.25449/ruspsydata.14701230,https://ruspsydata.figshare.com/articles/dataset/The_Pain_Catastrophizing_Scale_Data/14701230/1,CC BY 4.0,2,The Pain Catastrophizing Scale Data (English).xls|The Pain Catastrophizing Scale Data (Russian).xls,title:instrument;file:raw-ish;files:tractable
B,8,figshare,Validation of the Thai version of the World Health Organization’s Quality of Life Scale (WHOQOL-BREF-THAI) among Thai Nursing Students in Northeast Thailand: A multi-canter study,10.6084/m9.figshare.28136420.v2,https://figshare.com/articles/dataset/Validation_of_the_Thai_version_of_the_World_Health_Organization_s_Quality_of_Life_Scale_WHOQOL-BREF-THAI_among_Thai_Nursing_Students_in_Northeast_Thailand_A_multi-canter_study/28136420,CC BY 4.0,1,DATA.xlsx,title:instrument;file:raw-ish;files:tractable
B,8,surf,Replication Data for: Fitness costs and benefits associated with hand preference in humans,10.34894/yotusm,https://doi.org/10.34894/YOTUSM,CC0-1.0,3,analysis_data.csv|analysis_data_excel.xlsx|analysis_data.sav,file:survey-format;file:raw-ish;files:tractable;lic:cc0
B,8,surf,Replication Data for: Adherence to driving cessation advice given to patients with cognitive impairment and consequences for mobility,10.34894/ddcngq,https://doi.org/10.34894/DDCNGQ,CC0-1.0,1,Piersma ao FitCI Follow-ups for data repository.sav,file:survey-format;file:raw-ish;files:tractable;lic:cc0
B,8,zenodo,Data for Rasch analysis of  the three Field Practice Experiences Scales,10.5281/zenodo.5510561,https://zenodo.org/records/5510561,cc-by-4.0,1,Data_Field_Practice_Experience_Scales.csv,title:instrument;file:raw-ish;files:tractable
B,8,zenodo,Psychometric Evaluation of the GHQ-28 in a South African Recidivist Sample,10.5281/zenodo.20159924,https://zenodo.org/records/20159924,cc-by-4.0,1,data recidivism.csv,title:instrument;file:raw-ish;files:tractable
B,8,dataverse,Replication Data for Democracy at Work: Moving Beyond Elections to Improve Wellbeing,10.7910/dvn/kdsf60,https://doi.org/10.7910/DVN/KDSF60,CC0 1.0,1,APSR Data (Democracy at Work).dta,file:survey-format;file:raw-ish;files:tractable;lic:cc0
B,8,zenodo,The impact of small-scale green infrastructure on the affective wellbeing associated with urban sites,10.5281/zenodo.7457585,https://zenodo.org/records/7457585,cc-by-4.0,1,Data Panas_NSR.xls,title:instrument;file:raw-ish;files:tractable
B,8,figshare,"SCS: Self-Compassion Scale, validation of the French version",10.6084/m9.figshare.3122734.v3,https://figshare.com/articles/dataset/SCSdata/3122734,CC BY 4.0,1,SCSdata.xls,title:instrument;file:raw-ish;files:tractable
B,8,dataverse,"Redistributing under fiscal constraint: partisanship, debt, inequality and labor market regulation",10.7910/dvn/sake9d,https://doi.org/10.7910/DVN/SAKE9D,CC0 1.0,1,Dataset redistributing.dta,file:survey-format;file:raw-ish;files:tractable;lic:cc0
B,8,figshare,The Effects of Choice on the Reading Comprehension and Enjoyment of Children with Severe Inattention and no Attentional Difficulties: Key data analysed and discussed in the published paper,10.5522/04/14816121.v1,https://rdr.ucl.ac.uk/articles/dataset/The_Effects_of_Choice_on_the_Reading_Comprehension_and_Enjoyment_of_Children_with_Severe_Inattention_and_no_Attentional_Difficulties_Key_data_analysed_and_discussed_in_the_published_paper/14816121,CC0,1,The Effects of Choice on the Reading Comprehension and Enjoyment of Children with Severe Inattention and no Attentional Difficulties_Key data analysed and discussed in the paper (1).sav,file:survey-format;file:raw-ish;files:tractable;lic:cc0
B,8,zenodo,Questionnaire on typical hazards and community vulnerability and capacity,10.5281/zenodo.8430158,https://zenodo.org/records/8430158,cc-by-4.0,1,PANTHEON_JOAFG_WP2_Questionnaire_hazards_vulnerability_capacity_Answers_V1.0.xlsx,title:instrument;file:raw-ish;files:tractable
B,8,zenodo,SchoolNET survey Data and questionnaire,10.5281/zenodo.15827963,https://zenodo.org/records/15827963,cc-by-4.0,2,raw_data_export.csv|questions_list.csv,title:instrument;file:raw-ish;files:tractable
B,8,zenodo,Demographic data and questionnaire responses,10.5281/zenodo.20680230,https://zenodo.org/records/20680230,cc-by-4.0,1,dataset_EHL villagers.xlsx,title:instrument;file:raw-ish;files:tractable
B,8,zenodo,MEDIATOR Driving Simulator Study Germany: Questionnaire Data User Evaluation HMI,10.5281/zenodo.7638299,https://zenodo.org/records/7638299,cc-by-4.0,2,MEDIATOR_Driving_Simulator_Study_Germany_Questionnaire_Data_User_Evaluation_HMI.csv|MEDIATOR_Driving_Simulator_Study_Germany_Questionnaire_Data_User_Evaluation_HMI.xlsx,title:instrument;file:raw-ish;files:tractable
B,8,figshare,Data_Sheet_1_Factor Structure and Measurement Invariance of Youth Psychopathic Traits Inventory-Child Version in Chinese Children.xlsx,10.3389/fpsyg.2019.02550.s001,https://frontiersin.figshare.com/articles/dataset/Data_Sheet_1_Factor_Structure_and_Measurement_Invariance_of_Youth_Psychopathic_Traits_Inventory-Child_Version_in_Chinese_Children_xlsx/11283215,CC BY 4.0,1,Data_Sheet_1_Factor Structure and Measurement Invariance of Youth Psychopathic Traits Inventory-Child Version in Chinese Children.xlsx,title:instrument;file:raw-ish;files:tractable
B,8,zenodo,Questionnaire Dataset for the Study on Continuance Usage Intention of ChatGPT Among University Students in DKI Jakarta,10.5281/zenodo.15332365,https://zenodo.org/records/15332365,cc-by-4.0,1,Questionnaire Dataset for the Study on Continuance Usage Intention of ChatGPT Among University Students in DKI Jakarta.csv,title:instrument;file:raw-ish;files:tractable
B,8,zenodo,"Dataset Questionnaire Person - Technology Fit, Workplace Ethics, Job Satisfaction, Job Performance",10.5281/zenodo.14841901,https://zenodo.org/records/14841901,cc-by-4.0,1,Dataset_PT Fit_Job Performance.csv,title:instrument;file:raw-ish;files:tractable
B,8,zenodo,"Dataset Questionnaire Servant Leadership, Organizational Justice, and Job Performance",10.5281/zenodo.22089166,https://zenodo.org/records/22089166,cc-by-4.0,1,Dataset_SL&WE and Job Performance.xlsx,title:instrument;file:raw-ish;files:tractable
B,8,zenodo,Dataset Questionnaire Exploring the Link Between Digipreneurship Intention and Commitment in Higher Education,10.5281/zenodo.17000012,https://zenodo.org/records/17000012,cc-by-4.0,1,Dataset_Digipreneur_ICIMCIS_2025.csv,title:instrument;file:raw-ish;files:tractable
B,8,zenodo,Dataset Questionnaire The determinants of Indonesian students' intention and commitment to entrepreneurship: A multilevel study,10.5281/zenodo.15511693,https://zenodo.org/records/15511693,cc-by-4.0,1,Dataset_Indonesian students' intention and commitment to entrepreneurship.xlsx,title:instrument;file:raw-ish;files:tractable
B,8,zenodo,Dataset on student evaluations of a BARS questionnaire designed for blended learning teaching modalities,10.5281/zenodo.15160903,https://zenodo.org/records/15160903,cc-by-4.0,1,Conjunto datos valoraciones alumnado cuestionario BARS modalidades blended learning.xlsx,title:instrument;file:raw-ish;files:tractable
B,8,zenodo,Dataset on student evaluations of a BARS questionnaire designed for face-to-face teaching modalities,10.5281/zenodo.15151307,https://zenodo.org/records/15151307,cc-by-4.0,1,Conjunto datos valoraciones alumnado cuestionario BARS modalidades presenciales.xlsx,title:instrument;file:raw-ish;files:tractable
B,8,figshare,Organizational Commitment questionnaire data,10.6084/m9.figshare.17096870.v1,https://figshare.com/articles/dataset/Organizational_Commitment_questionnaire_data/17096870,CC BY 4.0,1,Organizational Commitment questionnaire data .xlsx,title:instrument;file:raw-ish;files:tractable
B,8,zenodo,Supporting Dataset and Supplementary Materials for the Adaptive Capital Scale (AdCap): Construct Development and Psychometric Evaluation among Indonesian Generation Z Publication,10.5281/zenodo.22104768,https://zenodo.org/records/22104768,cc-by-4.0,1,AdCap_Anonymized_Dataset.xlsx,title:instrument;file:raw-ish;files:tractable
B,8,figshare,"Dataset of Questionnaire Result from the respondents of Transformational Entrepreneurship, Readiness to change, Psychological Capital, and Employee Performance.",10.6084/m9.figshare.14267393.v4,https://figshare.com/articles/dataset/Transformational_Entrepreneurship_Readiness_to_change_Psychological_Capital_Employee_Performance_Questionnaire_Result_from_257_Branch_Manager_Bank_In_Indonesia/14267393,CC BY 4.0,1,Respondents answers for quetionnaire tranformational entrepreneurship.csv,title:instrument;file:raw-ish;files:tractable
B,8,zenodo,Dataset Questionnaire Does Servant Leadership Affect Job Performance in Indonesian Community-Based Ecotourism?,10.5281/zenodo.21522509,https://zenodo.org/records/21522509,cc-by-4.0,1,Dataset_SL and Job Performance_rev1.xlsx,title:instrument;file:raw-ish;files:tractable
B,8,zenodo,Questionnaire Data: The Mediating Role of Emotional Intelligence between Humanistic Leadership and Innovative Work Behavior.,10.5281/zenodo.21121992,https://zenodo.org/records/21121992,cc-by-4.0,1,Raw Data.xlsx,title:instrument;file:raw-ish;files:tractable
B,8,figshare,Business Strategy & Performance: Questionnaire and Data,10.6084/m9.figshare.30815783.v1,https://figshare.com/articles/dataset/Business_Strategy_Performance_Questionnaire_and_Data/30815783,CC BY 4.0,1,DATA.xlsx,title:instrument;file:raw-ish;files:tractable
B,8,zenodo,Dataset Questionnaire Creativity as a Bridge between Entrepreneurial Marketing and Entrepreneurial Intention in Higher Education,10.5281/zenodo.18448609,https://zenodo.org/records/18448609,cc-by-4.0,1,Dataset_Creativity as a Bridge between Entrepreneurial Marketing and Entrepreneurial Intention.xlsx,title:instrument;file:raw-ish;files:tractable
B,8,zenodo,Behavioral Intention to Use AI-Based Robots Questionnaire,10.5281/zenodo.17688586,https://zenodo.org/records/17688586,cc-by-4.0,1,FINAL DATA.csv,title:instrument;file:raw-ish;files:tractable
B,8,zenodo,Dataset Questionnaire Examining Digital Tools on Entrepreneurial Competencies of University Students,10.5281/zenodo.20365999,https://zenodo.org/records/20365999,cc-by-4.0,1,Dataset_ICTIM_2026.csv,title:instrument;file:raw-ish;files:tractable
B,8,zenodo,"Questionnaire & RAW data ""Adoption of AR Virtual Try On in E-commerce: UTAUT Evidence, Trust Mediation, and Implications for SDG Aligned Digital Retail""",10.5281/zenodo.18227290,https://zenodo.org/records/18227290,cc-by-4.0,1,[RAW Data Collection] Adoption of AR Virtual Try On in E-commerce.xlsx,title:instrument;file:raw-ish;files:tractable
B,8,zenodo,"Dataset Questionnaire E-Satisfaction, E-Trust, Perceived Value, and Digital Influencers on Repurchase Intention",10.5281/zenodo.14768211,https://zenodo.org/records/14768211,cc-by-4.0,1,Dataset_E-Satisfaction on Purchase Intention.xlsx,title:instrument;file:raw-ish;files:tractable
B,8,zenodo,Dataset_Raw Data and Item of questionnaire of Gen Z Local Brand Clothing Purchase Intention,10.5281/zenodo.15173979,https://zenodo.org/records/15173979,cc-by-4.0,1,Dataset_Raw Data and Item of questionnaire of Gen Z Local Brand Clothing Purchase Intention.xlsx,title:instrument;file:raw-ish;files:tractable
B,8,zenodo,"Dataset Questionnaire Examining Digital Marketing Capabilities, Platform Engagement, Customer Orientation, and Product Innovation, Treating Entrepreneurial Orientation",10.5281/zenodo.20389375,https://zenodo.org/records/20389375,cc-by-4.0,1,Dataset_ICOSBE_2026.xlsx,title:instrument;file:raw-ish;files:tractable
B,8,zenodo,Meta AI 2025 Respondent Questionnaire,10.5281/zenodo.17504365,https://zenodo.org/records/17504365,cc-by-4.0,1,questionnaire data.xlsx,title:instrument;file:raw-ish;files:tractable
B,8,zenodo,Questionnaire Dataset for The Study on Determinants of Continuous Use Intention for Public Transport Mobile Apps Among Jakarta Passengers,10.5281/zenodo.15490553,https://zenodo.org/records/15490553,cc-by-4.0,2,Raw Data of Determinants of Continuous Use Intention for Public Transport Mobile Apps Among Jakarta Passengers.csv|The Processed  Dataset of Determinants of Continuous Use Intention for Public Transport Mobile Apps Among Jakarta Passengers.xlsx,title:instrument;file:raw-ish;files:tractable
B,8,zenodo,"Dataset Questionnaire Social Media Marketing Activities, Brand Loyalty, Brand Trust, Brand Equity, and Industry Fashion In Indonesia",10.5281/zenodo.13842278,https://zenodo.org/records/13842278,cc-by-4.0,1,Dataset_SMMA_Loyalty.csv,title:instrument;file:raw-ish;files:tractable
B,8,zenodo,"Questionnaire & Raw Research Data ""From Marketplace to Website: Determinants of Customer Loyalty in Indonesian Beauty E-Commerce""",10.5281/zenodo.20453710,https://zenodo.org/records/20453710,cc-by-4.0,2,[Raw Research Data] From Marketplace to Website_ Determinants of Customer Loyalty in Indonesian Beauty E-Commerce - Data.csv|[Questionnaire] From Marketplace to Website_ Determinants of Customer Loyalty in Indonesian Beauty E-Commerce.xlsx,title:instrument;file:raw-ish;files:tractable
B,8,zenodo,Dataset Questionnaire Integrating AI Techniques to Predict Tourist Satisfaction and Loyalty on Smart Tourism Platforms,10.5281/zenodo.18269785,https://zenodo.org/records/18269785,cc-by-4.0,1,Dataset_AI Techniques on Tourism Satisfaction.csv,title:instrument;file:raw-ish;files:tractable
B,8,zenodo,Questionnaire Data Service Quality of an Indonesian E-commerce,10.5281/zenodo.15838703,https://zenodo.org/records/15838703,cc-by-4.0,1,Questionnaire Data Service Quality of an Indonesian E-commerce .xlsx,title:instrument;file:raw-ish;files:tractable
B,8,zenodo,Questionnaire Data - Factors affecting satisfaction of public transportation in Jakarta,10.5281/zenodo.15549560,https://zenodo.org/records/15549560,cc-by-4.0,1,Questionnaire Data - Public Transporation Jakarta.xlsx,title:instrument;file:raw-ish;files:tractable
B,8,zenodo,Questionnaire Data - Public Transporation Jakarta 2025,10.5281/zenodo.15775552,https://zenodo.org/records/15775552,cc-by-4.0,1,Questionnaire Data - Public Transporation Jakarta 2025.xlsx,title:instrument;file:raw-ish;files:tractable
B,8,zenodo,Dataset Questionnaire Assessing the Relationship Between Service Quality Dimensions and Customer Trust in Digital Banking Systems,10.5281/zenodo.16068892,https://zenodo.org/records/16068892,cc-by-4.0,1,Dataset.xlsx,title:instrument;file:raw-ish;files:tractable
B,8,zenodo,Dataset Questionnaire Technology-based Service Innovation and Its Influence on Customer Behavior,10.5281/zenodo.15239046,https://zenodo.org/records/15239046,cc-by-4.0,1,DATASE~1.CSV,title:instrument;file:raw-ish;files:tractable
B,8,zenodo,"Dataset Questionnaire Driving Repeat Purchases and E-WOM: How Price, Reputation, Hedonic Appeal, and Social Interaction Shape Consumer Behavior in Indonesia's E-Commerce Smartphone Market",10.5281/zenodo.14043754,https://zenodo.org/records/14043754,cc-by-4.0,1,114_OpenData_ICCED_2024.csv,title:instrument;file:raw-ish;files:tractable
B,8,zenodo,ANALISIS USABILITY DAN USER EXPERIENCE MENU ACADEMIC SERVICE PADA WEBSITE SIAX MENGGUNAKAN SYSTEM USABILITY SCALE (SUS) DAN USER EXPERIENCE QUESTIONNAIRE (UEQ),10.5281/zenodo.18890328,https://zenodo.org/records/18890328,cc-by-4.0,1,Tabulasi Data Skripsi Kelompok 4_SUS_UEQ.xlsx,title:instrument;file:raw-ish;files:tractable
B,8,zenodo,"Research Questionnaire - Analysis of the Influence of Product Quality , e-Content Marketing, and e-WOM in Uniqlos's App to Brand Image",10.5281/zenodo.20783961,https://zenodo.org/records/20783961,cc-by-4.0,1,"Research Questionnaire - Analysis of the Influence of Product Quality, e-Content Marketing and e-WOM in Uniqlo’s App to Brand Image (Responses).xlsx",title:instrument;file:raw-ish;files:tractable
B,8,zenodo,"Anthropometric measurements, questionnaire responses and fitness data collected during the scientific project: ""Eating cultures and behaviors of young people in French-speaking Pacific countries in the 21st century: the example of New Caledonia"" (anonymized version)",10.5281/zenodo.16828200,https://zenodo.org/records/16828200,cc-by-4.0,6,anonymizedData_code_en_2025.csv|anonymizedData_fr_2025.csv|anonymizedData_en_2025.xlsx|anonymizedData_en_2025.csv|anonymizedData_fr_2025.xlsx|anonymizedData_code_en_2025.xlsx,title:instrument;file:raw-ish;files:tractable
B,8,zenodo,Developing National Identity Scale: As Indonesian Case,10.5281/zenodo.5642537,https://zenodo.org/records/5642537,cc-by-4.0,1,Data.xlsx,title:instrument;file:raw-ish;files:tractable
B,8,zenodo,Data Set for Assessing Cross-Group Equivalence of the National Identity Scale Through Differential Item Functioning Analysis,10.5281/zenodo.20811310,https://zenodo.org/records/20811310,cc-by-4.0,1,Data DIF (3).xlsx,title:instrument;file:raw-ish;files:tractable
B,8,figshare,Construction and validation of a psychometric tool for generational identity,10.26180/5f800bdb46c09,https://bridges.monash.edu/articles/dataset/Construction_and_validation_of_a_psychometric_tool_for_generational_identity/13071899,CC BY 4.0,3,GIS construction and validation data_study 2.xlsx|GIS construction and validation data_study 1.xlsx|GIS construction and validation_study 2_test_retest reliability.xlsx,title:instrument;file:raw-ish;files:tractable
B,8,figshare,Questionnaire data.,10.1371/journal.pone.0169278.s001,https://plos.figshare.com/articles/dataset/The_Adapted_Italian_Version_of_the_Baller_Identity_Measurement_Scale_to_Evaluate_the_Student-Athletes_Identity_in_Relation_to_Gender_Age_Type_of_Sport_and_Competition_Level/4521524,CC BY 4.0,1,S1 Dataset.xlsx,title:instrument;file:raw-ish;files:tractable
B,8,zenodo,Exploring the psychometric properties of the Grammar Learning Strategy Inventory in the Chinese EFL context Wang et al.,10.5281/zenodo.15082823,https://zenodo.org/records/15082823,cc-by-4.0,1,data GLS China.xlsx,title:instrument;file:raw-ish;files:tractable
B,8,zenodo,Dataset on the evaluation of teaching efficiency comparing Likert-type questionnaires vs BARS-type questionnaires,10.5281/zenodo.15151243,https://zenodo.org/records/15151243,cc-by-4.0,1,Conjunto datos comparativo evaluación eficiencia docente cuestionarios Likert vs cuestionarios BARS.xlsx,title:instrument;file:raw-ish;files:tractable
B,8,zenodo,Online Supplement for An Arabic Version of The Visual Aesthetics of Websites Inventory (AR-VisAWI): Translation and Psychometric Properties,10.5281/zenodo.6625347,https://zenodo.org/records/6625347,cc-by-4.0,2,AR-VisAWI_Codebook.xlsx|AR-VisAWI_data.xlsx,title:instrument;file:raw-ish;files:tractable
B,8,zenodo,Feedback for SciComm ThinkLabs: Survey Questionnaire and Responses,10.5281/zenodo.18533339,https://zenodo.org/records/18533339,cc-by-4.0,1,SciComm ThinkLabs Feedback 2023-24 (Responses) (1).xlsx,title:instrument;file:raw-ish;files:tractable
B,8,dataverse,The Impact of Context on the Ability of Leaders to Signal Resolve,10.7910/dvn/wdxexo,https://doi.org/10.7910/DVN/WDXEXO,CC0 1.0,1,Statement Context Data.dta,file:survey-format;file:raw-ish;files:tractable;lic:cc0
B,8,dataverse,Effective Integration of the Opportunity‐Ability‐Motivation behavior change framework into a coaching‐based WHO Safe Childbirth Checklist program in India,10.7910/dvn/v47g7m,https://doi.org/10.7910/DVN/V47G7M,CC0 1.0,1,oams_dataset_final.sas7bdat,file:survey-format;file:raw-ish;files:tractable;lic:cc0
B,8,zenodo,Under My Skin Demographic and Questionnaire Data,10.5281/zenodo.14608537,https://zenodo.org/records/14608537,cc-by-4.0,1,Demo Quest Data Study 1.csv,title:instrument;file:raw-ish;files:tractable
B,8,zenodo,Use and psychometric properties of the MoCA in Spain: Research Data and R Script,10.5281/zenodo.18673480,https://zenodo.org/records/18673480,cc-by-4.0,2,Formulario_extraction.csv|moca_spain_dataset.csv,title:instrument;file:raw-ish;files:tractable
B,8,zenodo,"Dataset for the ""Psychometric Evaluation of A Creative Thinking Performance Test for Science Education""",10.5281/zenodo.18763222,https://zenodo.org/records/18763222,cc-by-4.0,1,dataset_Psychometric Evaluation of A Creative Thinking Performance Test for Science Education.xlsx,title:instrument;file:raw-ish;files:tractable
B,8,dataverse,Replication Data for: Indoctrination and Coercion in Agent Motivation: Evidence from Nazi Germany,10.7910/dvn/mib7ag,https://doi.org/10.7910/DVN/MIB7AG,CC0 1.0,4,First Rank.dta|Hitler Youth Master Data.dta|Hitler Youth Master Data.tab|Ranks.dta,file:survey-format;file:raw-ish;files:tractable;lic:cc0
B,8,dataverse,"Replication Data for ""Serious Subjects:  A Test of the Seriousness Technique to Increase Participant Motivation in Political Science Experiments"" Research & Politics",10.7910/dvn/qujy64,https://doi.org/10.7910/DVN/QUJY64,CC0 1.0,1,serioussubjects.dta,title:measurement;file:survey-format;files:tractable;lic:cc0
B,8,zenodo,UDIT Gamified Hackathon Questionnaire Responses (N=91),10.5281/zenodo.18979065,https://zenodo.org/records/18979065,cc-by-4.0,2,ZEN_Hackathon_UDIT_RAW.xlsx|ZEN_Hackathon_UDIT_Codebook.csv,title:instrument;file:raw-ish;files:tractable
B,7,dataverse,Replication Data for: Valid questionnaire,10.7910/dvn/wv1yj1,https://doi.org/10.7910/DVN/WV1YJ1,CC0 1.0,1,Valid questionnaires123.xls,title:instrument;files:tractable;lic:cc0
B,7,dataverse,Baseline survey questionnaire - OneCGIAR Agroecology Initiative - Zimbabwe,10.7910/dvn/xvv8dm,https://doi.org/10.7910/DVN/XVV8DM,CC0 1.0,1,BASELINE SURVEY TOOL.xlsx,title:instrument;files:tractable;lic:cc0
B,7,dataverse,questionnaire burn out oncologic nurses english version,10.7910/dvn/uxzjp2,https://doi.org/10.7910/DVN/UXZJP2,CC0 1.0,1,burn out ENGLISH version.xlsx,title:instrument;files:tractable;lic:cc0
B,7,dataverse,Replication Data for Translation and validation of the Serbian Primary Biliary Cholangitis-40 questionnaire,10.7910/dvn/lxo295,https://doi.org/10.7910/DVN/LXO295,CC0 1.0,1,Serbian PBC-40.xlsx,title:instrument;files:tractable;lic:cc0
B,7,dataverse,A 12-Item Version of the Multi-Attitude Suicide Tendency Scale,10.7910/dvn/hxi9sz,https://doi.org/10.7910/DVN/HXI9SZ,CC0 1.0,1,MAST_12.xlsx,title:instrument;files:tractable;lic:cc0
B,7,dataverse,Replication data for: Peers Affect Personality Development,10.7910/dvn/hit56p,https://doi.org/10.7910/DVN/HIT56P,CC0 1.0,7,analysis_data.dta|baseline_all.dta|baseline_groups.dta|big_five_summary_statistics.dta|followup_2021.dta|followup_2022.dta|personality_raw.dta,file:survey-format;file:raw-ish;lic:cc0
B,7,datacite,The endorsement of spiteful and strategic punishment for a third-party transgressor among vulnerable &amp; grandiose narcissists following self-esteem threat,10.17632/8bphntrc65.1,https://data.mendeley.com/datasets/8bphntrc65/1,CC BY 4.0,1,Wrath of the Narcissists datafile.sav,file:survey-format;file:raw-ish;files:tractable
B,7,figshare,Inverted Social Reward: Associations between Psychopathic Traits and Self-Report and Experimental Measures of Social Reward,10.1371/journal.pone.0106000,https://plos.figshare.com/articles/dataset/_Inverted_Social_Reward_Associations_between_Psychopathic_Traits_and_Self_Report_and_Experimental_Measures_of_Social_Reward_/1152847,CC BY 4.0,1,Dataset S1.SAV,file:survey-format;file:raw-ish;files:tractable
B,7,datacite,The effect of stress and egocentricity on depression and aggression: mediated by the emotion regulation difficulties ,10.17632/gtz9bfpvvm,https://data.mendeley.com/datasets/gtz9bfpvvm,CC BY 4.0,1,DATA3.sav,file:survey-format;file:raw-ish;files:tractable
B,7,mendeley,Distress Tolerance and Psychopathy: The Role of Emotional Endurance in a Seemingly “Emotionless” Personality,10.17632/2c6rdhxfbn,https://data.mendeley.com/datasets/2c6rdhxfbn,CC BY 4.0,2,DTP Dataset - Study 1.sav|DTP Dataset - Study 2.sav,file:survey-format;file:raw-ish;files:tractable
B,7,datacite,"Data for: Childhood unpredictability, life history, and intuitive versus deliberate cognitive styles",10.17632/v7kdvzcrns,https://data.mendeley.com/datasets/v7kdvzcrns,CC BY 4.0,2,Study 1 dataset.sav|Study 2 dataset.sav,file:survey-format;file:raw-ish;files:tractable
B,7,mendeley,Wording Effects on two Independent Traits: MTMM Study of Relations among Self-Esteem and Locus of Control,10.17632/hhxynrzzt4,https://data.mendeley.com/datasets/hhxynrzzt4,CC BY 4.0,2,TAHRA DATA 19-11-2019.sav|TAHRA DATA 19-11-2019.sav,file:survey-format;file:raw-ish;files:tractable
B,7,dataverse,De-identified Individual Participant Data for: The Philippine Stroke Screening Questionnaire (PSSQ): Diagnostic Accuracy and Reliability,10.7910/dvn/g50khd,https://doi.org/10.7910/DVN/G50KHD,CC0 1.0,1,De-identified IPD - PSSQ Validation.xlsx,title:instrument;files:tractable;lic:cc0
B,7,dataverse,"Mental health status of Women in Reproductive age group and its determinants in Rural Odisha, India using GHQ 12 questionnaire",10.7910/dvn/vjeeie,https://doi.org/10.7910/DVN/VJEEIE,CC0 1.0,2,GHQ.xlsx|Mastersheet.xlsx,title:instrument;files:tractable;lic:cc0
B,7,dataverse,Replication Data for: Development and psychometric evaluation of a new genomic security and privacy questionnaire in two national samples of United States residents,10.7910/dvn/g2uufv,https://doi.org/10.7910/DVN/G2UUFV,CC0 1.0,4,df2022.csv|df2023.csv|df22.csv|df23.csv,title:instrument;files:tractable;lic:cc0
B,7,figshare,Data Health Literacy University Student,10.6084/m9.figshare.31077850.v1,https://figshare.com/articles/dataset/Data_Health_Literacy_University_Student/31077850,CC BY 4.0,1,Data Health Literacy University student.sav,file:survey-format;file:raw-ish;files:tractable
B,7,mendeley,Dataset for sexual and reproductive health literacy and service utilization among young people in southwest Nigeria,10.17632/783m2r6y6m,https://data.mendeley.com/datasets/783m2r6y6m,CC BY 4.0,1,SRH Literacy Dataset Publish.sav,file:survey-format;file:raw-ish;files:tractable
B,7,mendeley,Digital research literacy of graduate students at H University in China,10.17632/kdw549kj22,https://data.mendeley.com/datasets/kdw549kj22,CC BY 4.0,1,Survey data.sav,file:survey-format;file:raw-ish;files:tractable
B,7,mendeley,Digital health literacy and subjective wellbeing in the context of COVID-19_Ecuador,10.17632/7gxmrjbzgw,https://data.mendeley.com/datasets/7gxmrjbzgw,CC BY 4.0,1,2022-31-10 - Dataset DHLI Ecuador SPSS.sav,file:survey-format;file:raw-ish;files:tractable
B,7,figshare,Math Anxiety and Everyday Resilience in High-Stakes Contexts,10.6084/m9.figshare.30384058.v3,https://figshare.com/articles/dataset/Data_set/30384058,CC BY 4.0,1,Data.sav,file:survey-format;file:raw-ish;files:tractable
B,7,datacite,": Data collection of teachers’ practices through social and cognitive interaction, content of mathematics and students’ anxiety in middle schools and the secondary level",10.17632/5cgmcxmp3y,https://data.mendeley.com/datasets/5cgmcxmp3y,CC BY 4.0,1,Data entry.sav,file:survey-format;file:raw-ish;files:tractable
B,7,mendeley,"Duraj Anna &amp; Trusz Sławomir. Expectancies of Significant Others, Students’ Mathematics Anxiety, and Their Mathematics Achievement: A Longitudinal Study - Dataset",10.17632/wcszkbp9z8,https://data.mendeley.com/datasets/wcszkbp9z8,CC BY 4.0,2,Expectancies_Anxiety_LongitudinalSt_N524.sav|Expectancies_Anxiety_LongitudinalSt_N524.xlsx,file:survey-format;file:raw-ish;files:tractable
B,7,mendeley,The Comparison of the Therapies on Test Anxiety:,10.17632/2x8z7h3cmg,https://data.mendeley.com/datasets/2x8z7h3cmg,CC BY 4.0,1,Test Anxiety_ all groups.sav,title:measurement;file:survey-format;files:tractable
B,7,mendeley,"Dataset for a study on AI-assisted oral training, appreciative education, and foreign language speaking anxiety",10.17632/zdfpy5wtmy,https://data.mendeley.com/datasets/zdfpy5wtmy,CC BY 4.0,4,Appreciative Education (AE) Questionnaire Data.sav|Codebook-excle.xlsx|Foreign Language Speaking Anxiety Questionnaire (FLSAQ).sav|Pre- and post-test of oral English proficiency + pre- and post-test of anxiety.sav,file:survey-format;file:raw-ish;files:tractable
B,7,mendeley,Students' reactions to using smartphones and social media for vocabulary feedback,10.17632/nd6nxj4y8t,https://data.mendeley.com/datasets/nd6nxj4y8t,CC BY 4.0,5,Dataset_Benefits & Constraints.xlsx|SPSS_benefits_28_items.sav|SPSS_benefits_29_items.sav|SPSS_benefits_31_items.sav|SPSS_constraints_5_items.sav,file:survey-format;file:raw-ish;files:tractable
B,7,mendeley,Dataset of attitude towards statistics,10.17632/bxd8g5p4rb,https://data.mendeley.com/datasets/bxd8g5p4rb,CC BY 4.0,2,attitude towards statistics dataset.sav|attitude towards statistics dataset.xlsx,file:survey-format;file:raw-ish;files:tractable
B,7,mendeley,Reliability Generalization of the Oxford COVID-19 Vaccine Hesitancy Scale: Dataset and R-Script,10.17632/cmp9p77nwc,https://data.mendeley.com/datasets/cmp9p77nwc,CC BY 4.0,7,Figure 1-4.xlsx|RAWDAT~1.XLS|Table 2.xlsx|Table 3.xlsx|Table 4.xlsx|Table 5.xlsx|Table 6.xlsx,title:instrument;file:raw-ish
B,7,datacite,"The Role of Different Levels of Cognitive, Emotional, and Spiritual Development in Adults Psychological Well-being",10.17632/nr9388gbzf,https://data.mendeley.com/datasets/nr9388gbzf,CC BY 4.0,1,DATA.mellat.sav,file:survey-format;file:raw-ish;files:tractable
B,7,mendeley,Cognitive emotion regulation strategies in types of anxiety and depression,10.17632/r45ht8hrnb,https://data.mendeley.com/datasets/r45ht8hrnb,CC BY 4.0,1,CERQ ADQ database raw publish.sav,file:survey-format;file:raw-ish;files:tractable
B,7,mendeley,Effects of Wages on the Well-being of University Teachers in China,10.17632/txm4zf982j,https://data.mendeley.com/datasets/txm4zf982j,CC BY 4.0,1,work well-being dataset.sav,file:survey-format;file:raw-ish;files:tractable
B,7,mendeley,Social well-being profiles,10.17632/xfrvh9tkwk,https://data.mendeley.com/datasets/xfrvh9tkwk,CC BY 4.0,1,data6.sav,file:survey-format;file:raw-ish;files:tractable
B,7,mendeley,Data for: The structure of intuitive abilities and their relationships with intelligence and openness to experience,10.17632/ckywkc7c26,https://data.mendeley.com/datasets/ckywkc7c26,CC BY 4.0,1,data_structure_intuition_2017.sav,file:survey-format;file:raw-ish;files:tractable
B,7,mendeley,"A peer assessment-based metaverse inquiry task approach to promoting learning achievement, critical thinking, collaboration, and creative thinking: Evidence from statistical and epistemic network analysis",10.17632/pzbgzww8hf,https://data.mendeley.com/datasets/pzbgzww8hf,CC BY 4.0,2,Creativity ENA analysis.csv|Knowledge and Survey Analysis.sav,title:measurement;file:survey-format;files:tractable
B,7,datacite,The Effects of Moderate-intensity Exercise on Executive Function and Student Learning: Perspectives for Teaching in Higher Education,10.17632/y83s87sx55,https://data.mendeley.com/datasets/y83s87sx55,CC BY 4.0,4,1. ACCURACY DATA FILE.sav|2. REACTION TIME DATA FILE.sav|3. REACTION TIME FOLLOW UP DATA FILE.sav|4. MCT DATA FILE.sav,file:survey-format;file:raw-ish;files:tractable
B,7,mendeley,Data for “Training and transfer effects of working memory updating training in male abstinent long-term methamphetamine users”,10.17632/xwjmd598pv,https://data.mendeley.com/datasets/xwjmd598pv,CC BY 4.0,1,Data.sav,file:survey-format;file:raw-ish;files:tractable
B,7,mendeley,combined impact of tDCS and Brain Gym exercises on cognitive function in the elderly population.,10.17632/3zdxpt8bcf,https://data.mendeley.com/datasets/3zdxpt8bcf,CC BY 4.0,1,Sudhamoy data sheet.sav,file:survey-format;file:raw-ish;files:tractable
B,7,scholars_portal,"Projet ""Consommation de cannabis à des fins non médicales, santé mentale et cyberdépendance au Québec"" -  Données questionnaire quantitatif (Phase 1)",10.5683/sp4/qcq166,https://doi.org/10.5683/SP4/QCQ166,CC0 1.0,1,ANONYMISÉ_Base de données_UDS_Cyberdépendance & Cannabis_2024-05-28.tab,title:instrument;files:tractable;lic:cc0
B,7,surf,Vision-related quality of life in patients with inactive HLA-B27 –associated- spectrum anterior uveitis,10.34894/kq24l4,https://doi.org/10.34894/KQ24L4,CC-BY-4.0,1,hla-b27 Quality of Life database-final.sav,file:survey-format;file:raw-ish;files:tractable
B,7,zenodo,Morningness-eveningness and personality characteristics of young healthy adults,10.5281/zenodo.18682175,https://zenodo.org/records/18682175,cc-by-4.0,2,Dataset.csv|Dataset.sav,file:survey-format;file:raw-ish;files:tractable
B,7,zenodo,Circadian rhythmicity in substance use disorder male patients with and without comorbid depression under ambulatory and therapeutic community treatment,10.5281/zenodo.18682469,https://zenodo.org/records/18682469,cc-by-4.0,2,Dataset.csv|Dataset.sav,file:survey-format;file:raw-ish;files:tractable
B,7,zenodo,The relation between childhood experiences and manifestations of borderline personality disorder. The mediating role of dissociative experiences and the moderating role of invalidating environment,10.5281/zenodo.13905612,https://zenodo.org/records/13905612,cc-by-4.0,1,Database.sav,file:survey-format;file:raw-ish;files:tractable
B,7,surf,All the Tired Horses in the Sun: A Person-Centered Study of Morning and Evening Fatigue Trajectories and Their Association with Burnout,10.34894/91xunv,https://doi.org/10.34894/91XUNV,"Our data, or part of the data,  has been set to restrictive because the data is pseudonymous and therefore subject to the EU GDPR privacy regulations. 
According to our policy, the researcher who deposited the data will be informed about the access request. The depositor of the data might contact the requester for further consultation about the (re)use of the data. If the researcher decides to make the data available an agreement needs to be signed. 
If this dataset also contains unrestricted data, a 'cc-zero public domain dedication' applies to these unrestricted data.
",14,All the Tired Horses - Merged_Revision1 - withday - long.sav|All the Tired Horses - Merged_Revision1 - withday - wide.sav|All the Tired Horses - Output LCGA_After Review_v2 (version 1).xlsx|All the Tired Horses - Output LCGA_Evening Graphs.xlsx|All the Tired Horses - Output LCGA_MorningEvening.xlsx|LCGA.csv|LCGA.csv|LCGA.csv,file:survey-format;file:raw-ish;lic:cc0
B,7,zenodo,"Portuguese Nurses' Working Conditions, Self-Efficacy and Prosocial Motivation Dataset (ANACT-based)",10.5281/zenodo.17938265,https://zenodo.org/records/17938265,cc-by-4.0,3,Dataset_CAMPro.csv|Dataset_CAMPro.xlsx|Dataset_CAMPro.sav,file:survey-format;file:raw-ish;files:tractable
B,7,surf,Replication Data for: Enhanced anonymity in tax experiments does not affect compliance,10.34894/jicgq6,https://doi.org/10.34894/JICGQ6,CC BY 4.0,4,Anonymity_codebook.xlsx|Anonymity_wide_final.csv|Anonymity_wide_final_RAW (includes sosci internal variables).sav|Anonymity_wide_final.sav,file:survey-format;file:raw-ish;files:tractable
B,7,surf,"Cynical, but useful? A lay beliefs perspective on cynical leaders’ ability to prevent antisocial behavior at work",10.34894/0fyuxa,https://doi.org/10.34894/0FYUXA,CC-BY-4.0,4,Lay Beliefs about Cynical Leaders Codebook.xlsx|Lay Beliefs about Cynical Leaders Study 1 Dataset.sav|Lay Beliefs about Cynical Leaders Study 2 Dataset.sav|Lay Beliefs about Cynical Leaders Study 3 Dataset.sav,file:survey-format;file:raw-ish;files:tractable
B,7,surf,Study delay during emergency remote teaching among students at Dutch universities: The role of education satisfaction and academic wellbeing,10.34894/8homvs,https://doi.org/10.34894/8HOMVS,CC-BY-4.0,1,study_delay_during_ERT_dataset_N=680.sav,file:survey-format;file:raw-ish;files:tractable
B,7,zenodo,Health literacy and asthma control,10.5281/zenodo.14928790,https://zenodo.org/records/14928790,cc-by-4.0,1,control data.sav,file:survey-format;file:raw-ish;files:tractable
B,7,surf,Pre-consultation information about one’s physician can affect trust and treatment outcome expectations,10.34894/ucm3p9,https://doi.org/10.34894/UCM3P9,CC-BY-4.0,2,data_analyses.sav|data_raw.sav,file:survey-format;file:raw-ish;files:tractable
B,7,zenodo,Math Anxiety among Czech Grammar School Students: Research Data from Bachelor Thesis,10.5281/zenodo.15291216,https://zenodo.org/records/15291216,cc-by-4.0,1,math_anxiety_mAMAS_dataset_czech_students.sav,file:survey-format;file:raw-ish;files:tractable
B,7,zenodo,Adverse childhood events and clinical manifestation of anxiety symptoms in Greek adolescents during COVID-19 pandemic,10.5281/zenodo.8289606,https://zenodo.org/records/8289606,cc-by-4.0,1,ACECMAS_DataBase.sav,file:survey-format;file:raw-ish;files:tractable
B,7,zenodo,The relation between deviation from the balanced time perspective and quality of life among older people. The mediating role of death anxiety and the moderating role of awareness of aging,10.5281/zenodo.13905610,https://zenodo.org/records/13905610,cc-by-4.0,1,Database.sav,file:survey-format;file:raw-ish;files:tractable
B,7,zenodo,Health anxiety and death anxiety. The role of cyberchondria and social aspirations,10.5281/zenodo.13926078,https://zenodo.org/records/13926078,cc-by-4.0,1,database.sav,file:survey-format;file:raw-ish;files:tractable
B,7,zenodo,The path from schizotypy to depression and aggression and the role of family stress,10.5281/zenodo.3956134,https://zenodo.org/records/3956134,cc-by-4.0,3,"Schizotypy, depression, aggression and perceived EE - data sharing.xlsx|Schizotypy, depression, aggression and perceived EE - data sharing-labels.xlsx|Schizotypy, depression, aggression and perceived EE - data sharing.sav",file:survey-format;file:raw-ish;files:tractable
B,7,zenodo,"Self-medication for anxiety symptoms in the context of COVID-19, in users who go to a drugstore in Los Olivos, Lima-2021",10.5281/zenodo.7011528,https://zenodo.org/records/7011528,cc-by-4.0,4,SPSS DATA 1 ENGLISH VERSION.sav|SPSS DATA 2 ENGLISH VERSION.sav|DATA 1.csv|DATA 2.csv,file:survey-format;file:raw-ish;files:tractable
B,7,dataverse,"Replication Data for: ""Reassessing Racial Differences in Authoritarianism in the United States: Measurement Invariance and Group Comparisons using the ANES Child-Rearing Values Scale""",10.7910/dvn/gg6xhw,https://doi.org/10.7910/DVN/GG6XHW,CC0 1.0,1,anes_timeseries_cdf_spss_20220916.tab,title:instrument;files:tractable;lic:cc0
B,7,figshare,Internet-Delivered Cognitive-Behavioral Therapy for Social Anxiety Disorder in Romania: A Randomized Controlled Trial,10.1371/journal.pone.0123997,https://plos.figshare.com/articles/dataset/_Internet_Delivered_Cognitive_Behavioral_Therapy_for_Social_Anxiety_Disorder_in_Romania_A_Randomized_Controlled_Trial_/1403434,CC BY 4.0,2,S1 Dataset.SAV|S2 Dataset.SAV,file:survey-format;file:raw-ish;files:tractable
B,7,surf,"Replication package ""Tournament Incentives Affect Perceived Stress and Hormonal Stress Responses""",10.34894/9kl75i,https://doi.org/10.34894/9KL75I,CC0-1.0,22,clean_ALL3.dta|clean_BONN.dta|clean_MAASTRICHT.dta|cortisol.xlsx|cortisol.xlsx|id_cor_BONN.dta|id_cor_MAASTRICHT.dta|key_ids.xlsx,title:measurement;file:survey-format;lic:cc0
B,7,dataverse,Replication Data for: VALIDATION OF THE WARWICK-EDINBURGH MENTAL WELL-BEING SCALE (WEMWBS) AMONG UNIVERSITY STUDENT POPULATION IN SLOVENIA,10.7910/dvn/ubrrhg,https://doi.org/10.7910/DVN/UBRRHG,CC0 1.0,1,db_wemwbs_slo.tab,title:instrument;files:tractable;lic:cc0
B,7,figshare,"Hygiene factors (HFs), motivator factors (MFs), learning motivation (LM), and learning engagement (LE) in undergraduate blended courses.",10.6084/m9.figshare.30416749.v1,https://figshare.com/articles/dataset/Hygiene_factors_HFs_motivator_factors_MFs_learning_motivation_LM_and_learning_engagement_LE_in_undergraduate_blended_courses_/30416749,CC BY 4.0,2,data-duyen.sav|Duyen - data PLS-SEM.csv,file:survey-format;file:raw-ish;files:tractable
B,7,dataverse,Dataset for “The Teacher Work Ability Scale: Development and Validation of a Multidimensional Measure of Perceived Work Ability in the Teaching Profession”,10.7910/dvn/ycxdbi,https://doi.org/10.7910/DVN/YCXDBI,CC0 1.0,4,Sample_D.xlsx|Sample_E.xlsx|Sample_F.xlsx|Sample_G.xlsx,title:instrument;files:tractable;lic:cc0
B,7,zenodo,Anonymized dataset on OSTES validation and emotional intelligence among in-service and preservice teachers in Spain and Colombia,10.5281/zenodo.20550197,https://zenodo.org/records/20550197,cc-by-4.0,1,Datos instrumentos.sav,file:survey-format;file:raw-ish;files:tractable
B,7,zenodo,Dataset for Emotional Intelligence and teacher Self-Efficacy in Initial Teacher Education: A Psychoeducational Intervention with Spanish Pre-Service Teachers,10.5281/zenodo.18091343,https://zenodo.org/records/18091343,cc-by-4.0,1,Datos.sav,file:survey-format;file:raw-ish;files:tractable
B,7,dataverse,Psychometric Network Analysis,10.7910/dvn/nvepou,https://doi.org/10.7910/DVN/NVEPOU,CC0 1.0,1,Veri.xlsx,title:instrument;files:tractable;lic:cc0
B,7,zenodo,"Dataset on Self-Esteem, Family Communication, and Social Network Addiction among Peruvian Higher Education Students",10.5281/zenodo.20516198,https://zenodo.org/records/20516198,cc-by-4.0,1,Data_Roca_Arana_Turpo_Conde_2_Jun.sav,file:survey-format;file:raw-ish;files:tractable
B,7,figshare,Additional file 1: of The validity and psychometric properties of the Japanese version of the Compulsive Internet Use Scale (CIUS),10.6084/m9.figshare.c.3791137_d1.v1,https://springernature.figshare.com/articles/dataset/Additional_file_1_of_The_validity_and_psychometric_properties_of_the_Japanese_version_of_the_Compulsive_Internet_Use_Scale_CIUS_/5052865,CC BY + CC0,1,12888_2017_1364_MOESM1_ESM.xlsx,title:instrument;files:tractable;lic:cc0
B,7,figshare,Direct and indirect influences of social-cognitive and experiential factors on pro-environmental,10.26180/33183470.v1,https://bridges.monash.edu/articles/dataset/Direct_and_indirect_influences_of_social-cognitive_and_experiential_factors_on_pro-environmental/33183470,CC BY 4.0,1,Final Data.sav,file:survey-format;file:raw-ish;files:tractable
B,7,zenodo,Questionnaire data for assessing what determines urban residents' engagement in activities for the protection of urban green spaces (UGS),10.5281/zenodo.8318495,https://zenodo.org/records/8318495,cc-by-4.0,9,ResultsCFA1.xlsx|ResultsSEM.xlsx|InputEFA2.xlsx|ResultsCFA2.xlsx|InputEFA1.xlsx|Questionnaire_RawData_ Munchen_German.xlsx|InputSEM.xlsx|InputCFA1.xlsx,title:instrument;file:raw-ish
B,7,figshare,"<b>Social Media Use, Body Image, and Self-Esteem Among Chinese Adolescents: Experimental and Survey Data (N = 1,113)</b>",10.6084/m9.figshare.30178486.v1,https://figshare.com/articles/dataset/_b_Social_Media_Use_Body_Image_and_Self-Esteem_Among_Chinese_Adolescents_Experimental_and_Survey_Data_N_1_113_b_/30178486,CC BY 4.0,3,Study 1 middle school student survey-images(1-152).sav|Study 1 self-esteem.sav|study2-961students.sav,title:measurement;file:survey-format;files:tractable
B,7,figshare,"Raw Data_Body Image, Self-Esteem, Peer Support, and Physical Activities Motivation in Adolescents",10.6084/m9.figshare.30093970.v1,https://figshare.com/articles/dataset/Raw_Data_Body_Image_Self-Esteem_Peer_Support_and_Physical_Activities_Motivation_in_Adolescents/30093970,CC BY 4.0,1,"Raw Data_Body Image, Self-Esteem, Peer Support, and Physical Activities Motivation in Adolescents.sav",file:survey-format;file:raw-ish;files:tractable
B,7,dataverse,Replication Data for: 'Sleeping with the enemy': Partisanship and tolerance in online dating,10.7910/dvn/g1h0ua,https://doi.org/10.7910/DVN/G1H0UA,CC0 1.0,9,bes_rps_2019_1.3.0.dta|cjoint_raw.dta|cjoint_wide.dta|final_cjoint.dta|photo_survey_F.tab|photo_survey_M.tab|stereotypes.tab|summary_stats.tab,file:survey-format;file:raw-ish;lic:cc0
B,7,zenodo,Health-related quality of life and musculoskeletal pain in health sciences university students,10.5281/zenodo.7782495,https://zenodo.org/records/7782495,cc-by-4.0,1,Database_HRQoL and MSP in health sciences university students.sav,file:survey-format;file:raw-ish;files:tractable
B,7,zenodo,The relation between death anxiety and quality of life in cancer patients. The role of fear of disease progression and illness acceptance,10.5281/zenodo.15866362,https://zenodo.org/records/15866362,cc-by-4.0,1,Database.sav,file:survey-format;file:raw-ish;files:tractable
B,7,zenodo,Death anxiety and quality of life in cancer patients,10.5281/zenodo.21690976,https://zenodo.org/records/21690976,cc-by-4.0,1,Database.sav,file:survey-format;file:raw-ish;files:tractable
B,7,zenodo,The relation between death anxiety and quality of life in cancer patients,10.5281/zenodo.19108714,https://zenodo.org/records/19108714,cc-by-4.0,1,database.sav,file:survey-format;file:raw-ish;files:tractable
B,7,zenodo,The relation between death anxiety and quality of life in cancer patients. The moderating role of meaning in life,10.5281/zenodo.18965012,https://zenodo.org/records/18965012,cc-by-4.0,1,Database.sav,file:survey-format;file:raw-ish;files:tractable
B,7,zenodo,Coping with Fibromyalgia during the COVID-19 pandemic: adjustment and wellbeing,10.5281/zenodo.4399469,https://zenodo.org/records/4399469,cc-by-4.0,1,Fibrocoviddata.sav,file:survey-format;file:raw-ish;files:tractable
B,7,zenodo,Social Skills and Psychological Wellbeing,10.5281/zenodo.20234590,https://zenodo.org/records/20234590,cc-by-4.0,1,Data analyzed-share.sav,file:survey-format;file:raw-ish;files:tractable
B,7,figshare,HEXACO and forgiveness data cleaned (10 pseudo removed).sav,10.6084/m9.figshare.27119196.v1,https://figshare.com/articles/dataset/HEXACO_and_forgiveness_data_cleaned_10_pseudo_removed_sav/27119196,CC BY 4.0,1,HEXACO and forgiveness data cleaned (10 pseudo removed).sav,file:survey-format;file:raw-ish;files:tractable
B,7,zenodo,"Does International Students' Self-Construal Set Them At Risk for Depression?  Exploring Relationships Between Self-construal, Self-criticism, Self-compassion and Depressive Symptoms",10.5281/zenodo.7691650,https://zenodo.org/records/7691650,cc-by-4.0,2,Raw Data Study 2.sav|Raw Data Study 1.sav,file:survey-format;file:raw-ish;files:tractable
B,7,zenodo,Quality of life among Romanian Emergency Medicine Personnel during the COVID-19 Pandemic and the Russian–Ukrainian Armed Conflict,10.5281/zenodo.7840114,https://zenodo.org/records/7840114,cc-by-4.0,1,database.sav,file:survey-format;file:raw-ish;files:tractable
B,7,figshare,"data set for study titled <b>Personality, Mental Wellbeing, and Resilience as Predictors of ProQOL in Mental Health Nurses</b>",10.6084/m9.figshare.28723568.v1,https://figshare.com/articles/dataset/data_set_for_study_titled_b_Personality_Mental_Wellbeing_and_Resilience_as_Predictors_of_ProQOL_in_Mental_Health_Nurses_b_/28723568,CC BY 4.0,3,finaldatasetnursing.dta|finaldatasetnursing.RData|finaldatasetnursing.csv,file:survey-format;file:raw-ish;files:tractable
B,7,figshare,The Mediating Role of Self Compassion and Cognitive-Behavioral Avoidance in the Relationship Between Childhood Emotional Neglect and Psychological Symptoms,10.6084/m9.figshare.26056165.v1,https://figshare.com/articles/dataset/The_Mediating_Role_of_Self_Compassion_and_Cognitive-Behavioral_Avoidance_in_the_Relationship_Between_Childhood_Emotional_Neglect_and_Psychological_Symptoms/26056165,CC BY 4.0,1,Article Datasett Upload (1).sav,file:survey-format;file:raw-ish;files:tractable
B,7,zenodo,Psychological well-being and Happiness among refugee entrepreneurs in Uganda,10.5281/zenodo.16395696,https://zenodo.org/records/16395696,cc-by-4.0,1,Data sharing.sav,file:survey-format;file:raw-ish;files:tractable
B,7,figshare,Can Attentional Focus and Physical Exertion Affect Interoception?,10.6084/m9.figshare.32927018.v1,https://figshare.com/articles/dataset/Can_Attentional_Focus_and_Physical_Exertion_Affect_Interoception_/32927018,CC BY 4.0,3,KG PhD empirical data.sav|dataset_HEP_postICA_short _meanAmplitude_400600.csv|dataset_HEP_postICA_short _meanAmplitude_200300.csv,file:survey-format;file:raw-ish;files:tractable
B,7,zenodo,"Mindfulness, Psychological Capital, Soft Skills, and Refugees' Psychological Wellbeing",10.5281/zenodo.14206369,https://zenodo.org/records/14206369,cc-by-4.0,1,Data analyzed-share.sav,file:survey-format;file:raw-ish;files:tractable
B,7,figshare,"Six-year positive effects of a mindfulness-based intervention on mindfulness, coping and well-being in medical and psychology students; Results from a randomized controlled trial",10.1371/journal.pone.0196053,https://plos.figshare.com/articles/dataset/Six-year_positive_effects_of_a_mindfulness-based_intervention_on_mindfulness_coping_and_well-being_in_medical_and_psychology_students_Results_from_a_randomized_controlled_trial/6178721,CC BY 4.0,1,S1 Dataset.sav,file:survey-format;file:raw-ish;files:tractable
B,7,zenodo,"From Differentiation of self to Wellbeing, Mediating Role of Self-Regulation",10.52.81/zenodo.13254849,https://zenodo.org/records/13254849,cc-by-4.0,1,sokmencurundataset.sav,file:survey-format;file:raw-ish;files:tractable
B,7,dataverse,Pre-consultation information about one’s physician can affect trust and treatment outcome expectations,10.17026/dans-zp9-wwm7,https://doi.org/10.17026/DANS-ZP9-WWM7,CC-BY-4.0,4,data_analyses-1.tab|data_analyses.tab|data_raw.sav|data_raw.tab,file:survey-format;file:raw-ish;files:tractable
B,7,zenodo,"Fake News Quotient: An exploratory analysis of information literacy on Fake news identification, tackling and it's psychological impact on students across various levels of education",10.5281/zenodo.20382648,https://zenodo.org/records/20382648,cc-by-4.0,1,Master data.sav,file:survey-format;file:raw-ish;files:tractable
B,7,figshare,Empathy quotient scores of 1st and 5th year medical students at a medical university in Pakistan.,10.6084/m9.figshare.741709.v1,https://f1000.figshare.com/articles/dataset/Empathy_quotient_scores_of_1st_and_5th_year_medical_students_at_a_medical_university_in_Pakistan_/741709,CC BY 4.0,1,Empathy_Raw_data.sav,file:survey-format;file:raw-ish;files:tractable
B,7,zenodo,Teacher Student Relationships - Child Rating / Relaciones Profesor-Alumno (Autoinforme) // TEACHER-STUDENT-CR_Data_CC-CS_T2-Post,10.5281/zenodo.7489037,https://zenodo.org/records/7489037,cc-by-4.0,1,TEACHER-STUDENT-CR_Data_CC-CS_T2-Post.sav,file:survey-format;file:raw-ish;files:tractable
B,7,zenodo,Teacher Student Relationships - Child Rating / Relaciones Profesor-Alumno (Autoinforme) // TEACHER-STUDENT-CR_Data_IC_T5-Pre,10.5281/zenodo.7489089,https://zenodo.org/records/7489089,cc-by-4.0,1,TEACHER-STUDENT-CR_Data_IC_T5-Pre.sav,file:survey-format;file:raw-ish;files:tractable
B,7,zenodo,Teacher Student Relationships - Child Rating / Relaciones Profesor-Alumno (Autoinforme) // TEACHER-STUDENT-CR_Data_CC-CS_T3-Pre,10.5281/zenodo.7489009,https://zenodo.org/records/7489009,cc-by-4.0,1,TEACHER-STUDENT-CR_Data_CC-CS_T3-Pre.sav,file:survey-format;file:raw-ish;files:tractable
B,7,zenodo,Teacher Student Relationships - Child Rating / Relaciones Profesor-Alumno (Autoinforme) // TEACHER-STUDENT-CR_Data_CC_T6-Post,10.5281/zenodo.7489053,https://zenodo.org/records/7489053,cc-by-4.0,1,TEACHER-STUDENT-CR_Data_CC_T6-Post.sav,file:survey-format;file:raw-ish;files:tractable
B,7,zenodo,Teacher Student Relationships - Child Rating / Relaciones Profesor-Alumno (Autoinforme) // TEACHER-STUDENT-CR_Data_IC_T2-Pre,10.5281/zenodo.7489070,https://zenodo.org/records/7489070,cc-by-4.0,1,TEACHER-STUDENT-CR_Data_IC_T2-Pre.sav,file:survey-format;file:raw-ish;files:tractable
B,7,zenodo,Teacher Student Relationships - Child Rating / Relaciones Profesor-Alumno (Autoinforme) // TEACHER-STUDENT-CR_Data_IC_T3-Pre,10.5281/zenodo.7489076,https://zenodo.org/records/7489076,cc-by-4.0,1,TEACHER-STUDENT-CR_Data_IC_T3-Pre.sav,file:survey-format;file:raw-ish;files:tractable
B,7,zenodo,Teacher Student Relationships - Child Rating / Relaciones Profesor-Alumno (Autoinforme) // TEACHER-STUDENT-CR_Data_IC_T1-Pre,10.5281/zenodo.7489062,https://zenodo.org/records/7489062,cc-by-4.0,1,TEACHER-STUDENT-CR_Data_IC_T1-Pre.sav,file:survey-format;file:raw-ish;files:tractable
B,7,zenodo,Teacher Student Relationships - Child Rating / Relaciones Profesor-Alumno (Autoinforme) // TEACHER-STUDENT-CR_Data_IC_T6-Post,10.5281/zenodo.7489136,https://zenodo.org/records/7489136,cc-by-4.0,1,TEACHER-STUDENT-CR_Data_IC_T6-Post.sav,file:survey-format;file:raw-ish;files:tractable
B,7,zenodo,Teacher Student Relationships - Child Rating / Relaciones Profesor-Alumno (Autoinforme) // TEACHER-STUDENT-CR_Data_CC_T5-Pre,10.5281/zenodo.7489019,https://zenodo.org/records/7489019,cc-by-4.0,1,TEACHER-STUDENT-CR_Data_CC_T5-Pre.sav,file:survey-format;file:raw-ish;files:tractable
B,7,zenodo,Teacher Student Relationships - Child Rating / Relaciones Profesor-Alumno (Autoinforme) // TEACHER-STUDENT-CR_Data_IC_T1-Post,10.5281/zenodo.7489105,https://zenodo.org/records/7489105,cc-by-4.0,1,TEACHER-STUDENT-CR_Data_IC_T1-Post.sav,file:survey-format;file:raw-ish;files:tractable
B,7,zenodo,Teacher Student Relationships - Child Rating / Relaciones Profesor-Alumno (Autoinforme) // TEACHER-STUDENT-CR_Data_IC_T2-Post,10.5281/zenodo.7489111,https://zenodo.org/records/7489111,cc-by-4.0,1,TEACHER-STUDENT-CR_Data_IC_T2-Post.sav,file:survey-format;file:raw-ish;files:tractable
B,7,zenodo,Teacher Student Relationships - Child Rating / Relaciones Profesor-Alumno (Autoinforme) // TEACHER-STUDENT-CR_Data_CC_T4-Post,10.5281/zenodo.7489047,https://zenodo.org/records/7489047,cc-by-4.0,1,TEACHER-STUDENT-CR_Data_CC_T4-Post.sav,file:survey-format;file:raw-ish;files:tractable
B,7,figshare,"Psychological Flexibility, Coping, and Attachment Style in Predicting Secondary Traumatic Stress and Burnout In Forensic Inpatient Staff",10.6084/m9.figshare.24082113.v1,https://figshare.com/articles/dataset/Psychological_Flexibility_Coping_and_Attachment_Style_in_Predicting_Secondary_Traumatic_Stress_and_Burnout_In_Forensic_Inpatient_Staff/24082113,CC BY 4.0,1,Data original final.sav,file:survey-format;file:raw-ish;files:tractable
B,7,figshare,"SPSS data file showing attachment, pain, disability, and depression.",10.1371/journal.pone.0119052.s001,https://plos.figshare.com/articles/dataset/_Attachment_Symptom_Severity_and_Depression_in_Medically_Unexplained_Musculoskeletal_Pain_and_Osteoarthritis_A_Cross_Sectional_Study_/1355389,CC BY 4.0,1,S1 Dataset.SAV,file:survey-format;file:raw-ish;files:tractable
B,7,figshare,The relationship between technology use and academic achievement among sports sciences students: The mediating role of academic self-efficacy,10.6084/m9.figshare.33227889.v1,https://figshare.com/articles/dataset/The_relationship_between_technology_use_and_academic_achievement_among_sports_sciences_students_The_mediating_role_of_academic_self-efficacy/33227889,CC BY 4.0,1,DATA.sav,file:survey-format;file:raw-ish;files:tractable
B,7,zenodo,Circadian Typology and Emotional Intelligence in Healthy Adults,10.5281/zenodo.18681288,https://zenodo.org/records/18681288,cc-by-4.0,2,Dataset.csv|Dataset.sav,file:survey-format;file:raw-ish;files:tractable
B,7,zenodo,Effects of Wages on the Well-being of University Teachers in China,10.5281/zenodo.12619790,https://zenodo.org/records/12619790,cc-by-4.0,1,work well-being dataset.sav,file:survey-format;file:raw-ish;files:tractable
B,7,zenodo,Psychological capital and psychological wellbeing of refugee entrepreneurs,10.5281/zenodo.14601464,https://zenodo.org/records/14601464,cc-by-4.0,1,Data for analysis - Entrepreneurs - shared.sav,file:survey-format;file:raw-ish;files:tractable
B,7,zenodo,Self-Esteem among Empowered Saudi Women,10.5281/zenodo.18332683,https://zenodo.org/records/18332683,cc-by-4.0,1,FULL DATA.sav,file:survey-format;file:raw-ish;files:tractable
B,7,zenodo,Identification of the development of consumer ethnocentrism during a pandemic,10.5281/zenodo.7394999,https://zenodo.org/records/7394999,cc-by-4.0,2,Etnocentryzm_Baza_PL.sav|Ethnocentrism_Data_ENG.sav,file:survey-format;file:raw-ish;files:tractable
B,7,zenodo,Impact of rotation angle on crawling and non-crawling 9-month-old infants' mental rotation ability,10.5281/zenodo.4954153,https://zenodo.org/records/4954153,cc-by-4.0,1,Gerhard_et_al_2018_JECP_dataset.sav,file:survey-format;file:raw-ish;files:tractable
B,7,dataverse,Replication Data for: Psychometric Properties of the Burnout Assessment Tool among Physicians,10.7910/dvn/rodgfe,https://doi.org/10.7910/DVN/RODGFE,CC0 1.0,1,Physicians BAT.tab,title:instrument;files:tractable;lic:cc0
B,7,zenodo,Measurement of achievement motivation for college students,10.5281/zenodo.7219876,https://zenodo.org/records/7219876,cc-by-4.0,1,data.sav,file:survey-format;file:raw-ish;files:tractable
B,7,zenodo,ACHIVEMENT AND MOTIVATION,10.5281/zenodo.10153894,https://zenodo.org/records/10153894,cc-by-4.0,1,0.Data Set.sav,file:survey-format;file:raw-ish;files:tractable
B,6,figshare,Adaptation of the Moral Foundations Questionnaire to Brazilian Portuguese,10.6084/m9.figshare.20005953.v1,https://scielo.figshare.com/articles/dataset/Adaptation_of_the_Moral_Foundations_Questionnaire_to_Brazilian_Portuguese/20005953,CC BY 4.0,2,Table_1.xls|Table_2.xls,title:instrument;files:tractable
B,6,figshare,Regression model with moral evaluations of causing fear from the Emotionally Evocative Statements Task (EEST) and harm sensitivity from the Moral Foundations Questionnaire (MFQ) predicting psychopathy scores.,10.1371/journal.pone.0125708.t002,https://plos.figshare.com/articles/dataset/_Regression_model_with_moral_evaluations_of_causing_fear_from_the_Emotionally_Evocative_Statements_Task_EEST_and_harm_sensitivity_from_the_Moral_Foundations_Questionnaire_MFQ_predicting_psychopathy_scores_/1421064,CC BY 4.0,1,Table_2.xls,title:instrument;files:tractable
B,6,figshare,Alpha internal consistency coefficients for the five subscales of the Moral Foundations Questionnaire by survey format condition.,10.1371/journal.pone.0036771.t001,https://plos.figshare.com/articles/dataset/_Alpha_internal_consistency_coefficients_for_the_five_subscales_of_the_Moral_Foundations_Questionnaire_by_survey_format_condition_/307329,CC BY 4.0,1,Table_1.xls,title:instrument;files:tractable
B,6,figshare,Zero-order correlations with criterion validity variables for the five subscales of the Moral Foundations Questionnaire by survey format condition.,10.1371/journal.pone.0036771.t002,https://plos.figshare.com/articles/dataset/_Zero_order_correlations_with_criterion_validity_variables_for_the_five_subscales_of_the_Moral_Foundations_Questionnaire_by_survey_format_condition_/307258,CC BY 4.0,1,Table_2.xls,title:instrument;files:tractable
B,6,figshare,Predicted and actual Moral Foundations Questionnaire subscore means and standard deviations.,10.1371/journal.pone.0050092.t001,https://plos.figshare.com/articles/dataset/_Predicted_and_actual_Moral_Foundations_Questionnaire_subscore_means_and_standard_deviations_/197091,CC BY 4.0,1,Table_1.xls,title:instrument;files:tractable
B,6,figshare,Psychometric properties of the Comprehensive Assessment of Sadistic Tendencies (CAST) in Brazil,10.6084/m9.figshare.14284687.v1,https://scielo.figshare.com/articles/dataset/Psychometric_properties_of_the_Comprehensive_Assessment_of_Sadistic_Tendencies_CAST_in_Brazil/14284687,CC BY 4.0,1,Table_1.xls,title:instrument;files:tractable
B,6,figshare,Preliminary Psychometric Analysis of a Self-Report Instrument for Assessing Psychopathic Traits,10.6084/m9.figshare.20005887.v1,https://scielo.figshare.com/articles/dataset/Preliminary_Psychometric_Analysis_of_a_Self-Report_Instrument_for_Assessing_Psychopathic_Traits/20005887,CC BY 4.0,5,Table_1.xls|Table_2.xls|Table_3.xls|Table_4.xls|Table_5.xls,title:instrument;files:tractable
B,6,dataverse,Replication Data for: Survey Personality Factors,10.7910/dvn/hosd8s,https://doi.org/10.7910/DVN/HOSD8S,CC0 1.0,1,EMJ_SubmissionDataSet.xlsx,title:measurement;file:raw-ish;files:tractable;lic:cc0
B,6,dataverse,Replication Data for: Leaders Always Mattered: The Persistence of Personality in Canadian Elections,10.7910/dvn/lyaohz,https://doi.org/10.7910/DVN/LYAOHZ,CC0 1.0,1,canadamerged.dta,file:survey-format;files:tractable;lic:cc0
B,6,dataverse,"Replication Data for ""Don't Answer Me: A Cautionary Tale of Personality Traits and Survey Nonresponse""",10.7910/dvn/iimd2c,https://doi.org/10.7910/DVN/IIMD2C,CC0 1.0,1,CautionaryTaleData.RDS,title:measurement;file:raw-ish;files:tractable;lic:cc0
B,6,figshare,Revision of the grandiosity dimension of the Dimensional Clinical Personality Inventory and verification of its psychometric properties,10.6084/m9.figshare.20044602.v1,https://scielo.figshare.com/articles/dataset/Revision_of_the_grandiosity_dimension_of_the_Dimensional_Clinical_Personality_Inventory_and_verification_of_its_psychometric_properties/20044602,CC BY 4.0,3,Table_1.xls|Table_2.xls|Table_3.xls,title:instrument;files:tractable
B,6,dataverse,"Replication Data for: ""Going...Going...Wrong: A Test of the Level-k (and Cognitive Hierarchy) Models of Bidding Behaviour""",10.7910/dvn/sghwji,https://doi.org/10.7910/DVN/SGHWJI,CC0 1.0,1,data.xlsx,title:measurement;file:raw-ish;files:tractable;lic:cc0
B,6,dataverse,Replication data for: Breastfeeding and Children's Early Cognitive Outcomes,10.7910/dvn/mf6nzg,https://doi.org/10.7910/DVN/MF6NZG,CC0 1.0,4,bfpresvalrev.xlsx|custwt08.sas7bdat|cwtfull08.sas7bdat|sibwt08.sas7bdat,file:survey-format;files:tractable;lic:cc0
B,6,dataverse,"Replication Data for: ""Clean Air and Cognitive Productivity: Effect and Adaptation""",10.7910/dvn/qbrish,https://doi.org/10.7910/DVN/QBRISH,CC0 1.0,6,co_51001.dta|no2_51001.dta|o3_51001.dta|pm25_51001.dta|so2_51001.dta|weather_hourly_6105978.dta,file:survey-format;files:tractable;lic:cc0
B,6,figshare,Acceptance of Dating Violence Scale: Checking its psychometric properties,10.6084/m9.figshare.20005992.v1,https://scielo.figshare.com/articles/dataset/Acceptance_of_Dating_Violence_Scale_Checking_its_psychometric_properties/20005992,CC BY 4.0,3,Table_1.xls|Table_2.xls|Table_3.xls,title:instrument;files:tractable
B,6,figshare,The Polish version of the Cultural Intelligence Scale: Assessment of its reliability and validity among healthcare professionals and medical faculty students,10.1371/journal.pone.0225240,https://plos.figshare.com/articles/dataset/The_Polish_version_of_the_Cultural_Intelligence_Scale_Assessment_of_its_reliability_and_validity_among_healthcare_professionals_and_medical_faculty_students/11119220,CC BY 4.0,1,pone.0225240.s002.xlsx,title:instrument;files:tractable
B,6,figshare,"Mean scores and other scale characteristics for HIV stigma, depression, social support and social desirability (n = 85).",10.1371/journal.pone.0118836.t005,https://plos.figshare.com/articles/dataset/_Mean_scores_and_other_scale_characteristics_for_HIV_stigma_depression_social_support_and_social_desirability_n_85_/1325336,CC BY 4.0,1,Table_5.xls,title:instrument;files:tractable
B,6,dataverse,Short-form Locus of Control Scale,10.7910/dvn/idctve,https://doi.org/10.7910/DVN/IDCTVE,"<h3>IFPRI Datasets Terms of Use Statement</h3>
<h4>(December 2019)</h4>
<p> <strong>1. Description </strong></p>
<p>The International Food Policy Research Institute (IFPRI) views the products of its research including
research dataset(s) as global public goods and is committed to enabling their widespread distribution
and use by providing unrestricted public access. This is in keeping with the <a href=""https://www.ifpri.org/cdmref/p15738coll2/id/133308/filename/133517.pdf"">IFPRI Research Data
Management and Open Access (RDMOA) Policy</a> and the <a href=""https://cgspace.cgiar.org/bitstream/handle/10947/4488/Open%20Access%20Data%20Management%20Policy.pdf?sequence=1&isAllowed=y"">CGIAR Open Access and Data Management
Policy </a> (each, a “Policy” and together, the “Policies”).</p>
<p>IFPRI makes all its research data publicly available through the “IFPRI Dataverse.” The IFPRI Dataverse
houses and is comprised of datasets collected during the course of IFPRI research, including data tables
in various standard formats, survey instruments, codebooks, metadata, and other associated
documentation. IFPRI Dataverse is a network member of Harvard Dataverse, which is a repository for
research data hosted at <a href=""https://dataverse.harvard.edu/"">Institute for Quantitative Social Science (IQSS)</a>, Harvard University.</p>
<p>IFPRI is the owner of the “IFPRI Dataverse” (sometimes referred to in these Terms of Use as the “Site”).
The Communications and Public Affairs (CPA) division of IFPRI operates this Site on behalf of IFPRI. For
questions pertaining to these terms of use, licenses, or concerns, please contact <a href=""mailto:IFPRI-Data@cgiar.org"">IFPRI-Data@cgiar.org</a>.</p>
<p>In the event of any conflict between these Terms of Use and either of the Policies, the terms of the
applicable Policy shall control with respect to, and to the extent of, any such conflicting terms.</p>

<p> <strong>2. Adoption, Acceptance, and Changes to Terms of Use </strong></p>
<p>By using this Site, downloading or otherwise accessing any dataset or other materials or content made
available through it, you (“you” or “user”), acknowledge that you understand and intend these Terms of
Use to be the legal equivalent of a signed, written contract and equally binding, and that you accept the
terms of and agree to be legally bound by these Terms of Use. IFPRI may change these Terms of Use
without prior notification. However, any modifications to the Terms of Use will only be effective for the
download/use of this Site subsequent to such modification. Your continued download of datasets or any
other use of this Site subsequent to reasonable notice of such modification will be conclusively deemed
acceptance of any such modification to these Terms of Use. You agree that notice of changes to these
Terms of Use posted on this Site constitutes reasonable and sufficient notice. We consider it is
incumbent upon users to read these terms to be aware of changes. At all times, you are bound by the
then-current version of these Terms of Use and all applicable laws. Accordingly, we highly recommend
that you review these Terms of Use from time to time to ensure that you are familiar with the most
recent version. </p>

<p> <strong>3. Use of the Materials/Site </strong></p>
<p>By using this Site or downloading, or otherwise accessing the IFPRI Dataverse, users acknowledge:</p>
<ol>
<li>The dataset or any other materials made available through the site will be used solely for
reporting aggregated information, and not for investigation of specific individuals or organizations.</li>
<li>IFPRI will not be responsible or held accountable for any interpretations or conclusions that
users may arrive from the use of dataset or materials available on the Site.</li>
<li>No attempt will made to re-identify research subjects from the data or materials that are
accessed from the site, and no use will be made of the identify of any person, institutions or
establishment discovered inadvertently. If user becomes aware of any violation of the foregoing,
user will immediately report it to <a href=""mailto:IFPRI-Data@cgiar.org""> IFPRI-Data</a>.</li>
<li>No attempt will be made to produce links among datasets, datafiles or any other materials that
are available through this site; and the datasets, datafiles, and other materials from this site and
other existing datasets/materials that are available from other organizations or accessible over the
internet to identify individuals, organizations or establishments, not limited to research subjects.</li>
<li>No attempt will be made to extract information from the materials in the Site that could help
user to find means of contacting any research subjects of the dataset already known to the User.
<li>Any publications resulting from the use of data will cite IFPRI as the source of data in accordance
with the Citation Requirement provided within each dataset.</li></ol>
<p>In addition, you may not use Content in any manner that suggests the endorsement or association of
any third-party entity, person, product or service by IFPRI unless express written permission has been
given by IFPRI in advance. Except as expressly permitted hereunder in Section 4, you may not under any
circumstances: (a) copy, print or download in any medium all or substantially all of the Content; (b)
modify any Content; or (c) copy, distribute, or reverse engineer any underlying software code for this
Site and/or Content. Unless and except as otherwise expressly permitted by these Terms of Use, you
may not access, copy, reproduce, modify, create derivative works of, alter, publicly distribute, republish,
upload, post, transmit, publicly perform or display, license, transfer, sell, mirror, frame, “deep link,”
“scrape,” data mine, or otherwise use any information or material obtained from or through this Site,
without written permission from IFPRI. You may not remove or obscure any copyright notices or other
notices of intellectual property rights from this Site or any content available on or through this Site. Any
unauthorized use of this Site or the Content will terminate the permission granted by these Terms of
Use and may violate applicable laws, including copyright, trademark, database laws, and commercial
regulations and statutes.</p>
<p>In addition to Third-Party Materials (as described in Section 6), there may be certain Content that may
have more restrictive terms of use (e.g., particular datasets, including those related to the “Africa
RISING” program, that may have timing and other restrictions, such as when IFPRI may first make the
relevant data generally publicly available). In such case, users shall at all times comply with any and all
such additional restrictions, and shall not attempt to circumvent any relevant technical, administrative
or other security measures, or otherwise seek to obtain unauthorized access to such Content. </p>

<p> <strong>4. Copyright and Licenses</strong></p>
<p>IFPRI is the owner of the datasets that are produced by IFPRI. In addition, IFPRI is the owner of this Site,
and the data, datasets, and other content provided on this Site (all such content collectively, the
“Content”) are the exclusive property of IFPRI and/or its affiliates, or are used with permission from
third-party licensors, and are protected by law, including United States copyright, database, trade
secret, and trademark law, as well as other state, national, and international laws and regulations. Except as expressly provided in these Terms of Use, IFPRI does not grant any express or implied rights to
you. IFPRI owns copyright rights in this Site as a collective work and/or compilation, and in its datasets
accessible on or through this Site.</p>

<p>Except where there is a statement that a non-CC license is being used, materials will be made available
under the <strong>Creative Commons Attribution 4.0 International</strong> (<a href=""https://creativecommons.org/licenses/by/4.0/deed.ast"">CC-BY-4.0</a>). This license contains permission
to reuse, distribute, and reproduce content even for commercial purposes. IFPRI grants this license
under the condition that any reuse will contain attribution of the content to IFPRI and any named
authors of the dataset in the form of citations as per applicable industry standards and best practices for
citing data, or as otherwise acceptable to IFPRI in its reasonable discretion. Notwithstanding the
foregoing, IFPRI reserves the right, in its reasonable discretion to choose not to be associated with
certain reports and other products that cite the relevant data, and in any such event, IFPRI may notify
the user, and the user shall promptly comply with IFPRI’s requests related thereto.</p>


<p> <strong>5. Attribution for Adaptations and Derivatives</strong></p>
<ol>
<li><strong> Attribution</strong>: Regardless of any other license terms governing the use of a dataset, any use of the dataset or
their content must be attributed with proper citation according to recognized citation format
standards to include: authorship, year, title of the dataset, publisher, and reference URI
(Uniform Resource Identifier).</li>
<li><strong>Adaptations</strong>:Except as otherwise specified by IFPRI, if you use a dataset from this Site under CC BY or any
other license that permits you to make adaptations, you must add (after the attribution
language) the following explanation to the adaptation that you create:
<p><i>“This data was provided by the International Food Policy Research Institute (IFPRI). IFPRI bears
no responsibility for the analyses or interpretations of the data presented here.”</i></p>
</ol>


<p> <strong>6. Third Parties</strong></p>
<p>In general, no matter what license applies to each particular dataset, there may be links or references on
this Site to third parties and material owned (in whole or in part) by third parties, including datasets that
may have more restrictive terms of use. IFPRI therefore does not warrant that the use of any third-party-owned datasets, individual components/elements, data, or other material contained or otherwise
made available on or through this Site (collectively “Third-Party Materials”) will not infringe on or
otherwise violate the copyright or other rights of third parties. The risk of claims resulting from such
infringement or other violation or unauthorized use rests solely with users of this Site. If you wish to re-use any such Third-Party Materials, it is your responsibility to determine whether permission is needed
for that re-use and to obtain permission from the applicable owner. Any descriptions of, references to,
or links to third parties or third-party products, publications or services does not imply endorsements of
any kind, unless expressly stated by IFPRI. IFPRI expressly disclaims any responsibility for the content,
the accuracy of the information, and/or quality of products or services provided by or otherwise made
available by such third parties (including the Third-Party Materials, and any information and materials
on any third-party sites).</p>

<p> <strong>7. Non-endorsement</strong></p>
<p>Nothing in these Terms of Use or on this Site shall be construed as granting you any right or license to
use any trademarks, service marks or logos displayed on the Site. Unless otherwise noted,
INTERNATIONAL FOOD POLICY RESEARCH INSTITUTE, IFPRI, IFPRI DATAVERSE, , and other brands and
logos featured on this Site constitute IFPRI’s trade/service marks. You agree not to: (a) use or register
any name, logo or insignia of IFPRI or any of its projects for any purpose including publicity releases,
advertising or email communications or in any other manner, including customer lists, without securing
prior written approval of the Communications and Public Affairs (CPA) Director or Director General (DG)
of IFPRI; (b) challenge or contest the validity or IFPRI’s ownership of such trademarks, any of the
Content, or any other IFPRI intellectual property; or (c) assist any third party in doing so. </p>
<p>
This Site may also include the product, service and company names, as well as logos, of third parties.
Such third-party designations are the trade/service marks of their respective owners, and may not be
used without the prior written permission of their respective owners.</p>

<p> <strong>8. Indemnification</strong></p>
<p>The user shall indemnify and hold harmless IFPRI, its affiliates and related organizations, and each of
their respective officers, directors, employees, legal representatives, agents, successors and assigns,
from and against any damages, liabilities, judgments, settlements, costs and expenses (including
reasonable attorneys’ and professionals’ fees and court costs arising out of any third-party claims based
on (a) the use or misuse of this Site or data or any other materials or Content made available through
this Site; (b) any changes made by the user to the downloaded data; (c) any breach by the user of any of
the term and conditions of these Terms of Use; (d) ) infringement by you, or any third party using your
account, of any intellectual property or other right of any person or entity, including but not limited to
any breach by you of these Terms of Use.</p>

<p> <strong>9. Disclaimers and Limitation of Liability</strong></p>
<p>IFPRI PROVIDES THE DATA AND OTHER MATERIALS ON THE IFPRI DATAVERSE AND ALL CONTENT ON AN
“AS IS,” AND “AS AVAILABLE” BASIS, AND IFPRI EXPRESSLY DISCLAIMS ALL WARRANTIES
REPRESENTATIONS, INDEMNITIES AND GUARANTEES, WHETHER EXPRESS OR IMPLIED, ARISING BY LAW,
CUSTOM, PRIOR ORAL OR WRITTEN STATEMENTS BY IFPRI, WITH RESPECT TO ALL SUCH DATA AND
OTHER CONTENT (INCLUDING, BUT NOT LIMITED TO ANY WARRANTY OF SATISFACTORY QUALITY,
MERCHANTABILITY, FITNESS FOR PARTICULAR PURPOSE, TITLE AND NON-INFRINGEMENT, ACCURACY,
TIMELINESS, AND COMPLETENESS) TO THE MAXIMUM EXTENT ALLOWED BY LAW. IFPRI FURTHER
DISCLAIMS, AND SHALL HAVE NO LIABILITY FOR, ANY ERRORS, OMISSIONS, INACCURACIES, OR
INTERRUPTIONS IN THE DATA, ANY OTHER CONTENT, OR THIS SITE. USERS SHALL NOT MAKE ANY
STATEMENT REGARDING THE USE OF THE IFPRI DATAVERSE THAT IS CONTRADICTORY TO OR
INCONSISTENT WITH THE FOREGOING STATEMENTS. IN NO EVENT SHALL IFPRI BE LIABLE FOR
INDIRECT, SPECIAL, INCIDENTAL, CONSEQUENTIAL, EXEMPLARY OR PUNITIVE DAMAGES ARISING UNDER
OR RELATING TO THESE TERMS OF USE, OR FOR LOST PROFITS, EVEN IF ADVISED OF THE POSSIBILITY OF
SUCH DAMAGES. IFPRI SHALL NOT BE LIABLE TO ANY THIRD PARTIES FOR ANY CLAIM OR DEMAND
BASED ON OR RELATING TO THESE TERMS OF USE, OR USE OF THE IFPRI DATAVERSE. </p>
<p>TO THE EXTENT PERMITTED BY LAW, IFPRI DISCLAIMS LIABILITY FOR ANY DIRECT DAMAGES BASED ON
YOUR ACCESS OR USE OF THIS SITE AND ITS CONTENT.</p>

<p> <strong>10. Misuse</strong></p>
<p>
IFPRI reserves the right in its sole discretion to cancel or suspend access to the dataset or any material in
the IFPRI Dataverse or any other Content, or terminate these Terms of Use, at any time and for any
reason, including but not limited to the following reasons: violation of these Terms of Use; violation of
intellectual property rights; misrepresentation of identity; protection of this Site from perceived threats
electronic or otherwise; and illegal activity on this Site. 
</p>

<p> <strong>11. Use of Your Data</strong></p>
<p>
The IFPRI Dataverse is a network member of the <a href=""https://dataverse.harvard.edu/""> Harvard Dataverse</a>. <a href=""http://best-practices.dataverse.org/harvard-policies/harvard-privacy-policy.html"">Harvard Dataverse Privacy Policy</a>
explains what information are collected through this application and how this information is handled.
This policy also applies to the IFPRI Dataverse and this Site. Further when guestbook feature is activated
for the data and materials that you are downloading through the IFPRI Dataverse, users are required to
provide some information including name and email. This information resides in the server of Harvard
University and is also available to IFPRI (e.g., the Dataverse administrator and curator). IFPRI will
implement and maintain procedures to protect your information that is downloaded from the
guestbook. IFPRI is fully committed to safeguarding the privacy of our users. Please see <a href=""https://www.ifpri.org/privacy-cookie-policy"">IFPRI’s Privacy
Policy </a>for information regarding the use and handling of personal information. These privacy policies
are made a part of, and incorporated by reference into, these Terms of Use.</p>

<p><strong>12. Miscellaneous</strong></p>

<p>Except as permitted under Section 4, the user may not assign, transfer or delegate any of its rights and
obligations hereunder without consent. No agency, partnership, joint venture, or employment
relationship is created as a result of these Terms of Use and neither party has any authority of any kind
to bind the other in any respect outside of the terms described within these Terms of Use. In any action
or proceeding to enforce rights under these Terms of Use, the prevailing party will be entitled to recover
costs and attorneys’ fees.</p>

<p>Failure to insist on strict performance of any of the provisions of these Terms of Use will not operate as
a waiver of any subsequent default or failure of performance. No waiver by IFPRI of any right under
these Terms of Use will be deemed to be either a waiver of any other right or provision or a waiver of
that same right or provision at any other time. Any rights not expressly granted under these Terms of
Use are reserved by IFPRI. These Terms of Use shall be governed by the laws of the District of Columbia
without reference to its conflict of law principles. The parties hereby consent to the jurisdiction of the
courts located in Washington, D.C. in any action arising out of or relating to these Terms of Use, and
agree that any action arising out of or relating to these Terms of Use shall be maintained in the same
jurisdiction. </p>

<p>No joint venture, partnership, employment, agency or other relationship exists between you and IFPRI
as a result of these Terms of Use or your use of this Site. If any provision of these Terms of User is held
unlawful, void or unenforceable for any reason by a court or tribunal of competent jurisdiction, that
provision shall be enforced to the maximum extent permissible so as to effect the intent of the parties,
and the remainder of these Terms of Use shall continue in full force and effect. </p>
",4,CAPI_Short-formLocusofControlScale.xlsx,title:instrument;files:tractable
B,6,figshare,Who is in charge when I have a headache? Brazilian version of the Headache-Specific Locus of Control Scale,10.6084/m9.figshare.19927648.v1,https://scielo.figshare.com/articles/dataset/Who_is_in_charge_when_I_have_a_headache_Brazilian_version_of_the_Headache-Specific_Locus_of_Control_Scale/19927648,CC BY 4.0,5,Table_1.xls|Table_2.xls|Table_3.xls|Table_4.xls|Table_5.xls,title:instrument;files:tractable
B,6,figshare,Questionnaire Score Test Set.,10.1371/journal.pone.0333422.s002,https://plos.figshare.com/articles/dataset/Questionnaire_Score_Test_Set_/30236407,CC BY 4.0,1,pone.0333422.s002.xlsx,title:instrument;files:tractable
B,6,figshare,"Means and SD of the SDI and its subscales (Sexual Desire Inventory; rating scale ranging from 0 to 8), the SCS (Sexual Compulsivity Scale; rating scale ranging from 0 to 3), and the SSSS (Sexual Sensation Seeking Scale; rating scale ranging from 0 to 3) for males and females.",10.1371/journal.pone.0107795.t001,https://plos.figshare.com/articles/dataset/_Means_and_SD_of_the_SDI_and_its_subscales_Sexual_Desire_Inventory_rating_scale_ranging_from_0_to_8_the_SCS_Sexual_Compulsivity_Scale_rating_scale_ranging_from_0_to_3_and_the_SSSS_Sexual_Sensation_Seeking_Scale_rating_scale_ranging_from_0_to_3_for_males_a/1175496,CC BY 4.0,1,Table_1.xls,title:instrument;files:tractable
B,6,figshare,"Intercorrelations of the questionnaire scores; the Sexual Desire Inventory (SDI) with its two subscales, the Sexual Compulsivity Scale (SCS), and the Sexual Sensation Seeking Scale (SSSS) with 95% confidence intervals in brackets.",10.1371/journal.pone.0107795.t002,https://plos.figshare.com/articles/dataset/_Intercorrelations_of_the_questionnaire_scores_the_Sexual_Desire_Inventory_SDI_with_its_two_subscales_the_Sexual_Compulsivity_Scale_SCS_and_the_Sexual_Sensation_Seeking_Scale_SSSS_with_95_confidence_intervals_in_brackets_/1175499,CC BY 4.0,1,Table_2.xls,title:instrument;files:tractable
B,6,figshare,The development and psychometric evaluation of the Chinese Big Five Personality Inventory-15,10.1371/journal.pone.0221621,https://plos.figshare.com/articles/dataset/The_development_and_psychometric_evaluation_of_the_Chinese_Big_Five_Personality_Inventory-15/9737441,CC BY 4.0,2,pone.0221621.s001.xls|pone.0221621.s002.xls,title:instrument;files:tractable
B,6,figshare,Correlation (Pearson's coefficient) between BDNF levels and LDAEP or psychometric ratings.,10.1371/journal.pone.0091061.t002,https://plos.figshare.com/articles/dataset/_Correlation_Pearson_s_coefficient_between_BDNF_levels_and_LDAEP_or_psychometric_ratings_/972336,CC BY 4.0,1,Table_2.xls,title:instrument;files:tractable
B,6,figshare,Anonymized participant background information and questionnaire scale scores.,10.1371/journal.pone.0333422.s001,https://plos.figshare.com/articles/dataset/Anonymized_participant_background_information_and_questionnaire_scale_scores_/30236404,CC BY 4.0,1,pone.0333422.s001.xlsx,title:instrument;files:tractable
B,6,figshare,The relationship between the psychometric and performance properties of teacher-made tests and students’ academic performance in Ethiopian public universities: a baseline survey study,10.6084/m9.figshare.25224157.v1,https://tandf.figshare.com/articles/dataset/The_relationship_between_the_psychometric_and_performance_properties_of_teacher-made_tests_and_students_academic_performance_in_Ethiopian_public_universities_a_baseline_survey_study/25224157,CC BY 4.0,1,oaed_a_2298049_sm2404.xlsx,title:instrument;files:tractable
B,6,dataverse,Conflict + Anxiety = Turmoil!  Introducing a Measure of Conflict Response Derailers,10.7910/dvn/4uyoep,https://doi.org/10.7910/DVN/4UYOEP,CC0 1.0,2,Study 10 Items.xlsx,title:measurement;file:raw-ish;files:tractable;lic:cc0
B,6,dataverse,Replication Data for: The Direct and Moderating Effects of Mass Shooting Anxiety on Political and Policy Attitudes,10.7910/dvn/k37ojn,https://doi.org/10.7910/DVN/K37OJN,CC0 1.0,1,replication R&P.dta,file:survey-format;files:tractable;lic:cc0
B,6,dataverse,Replication Data for: The Direct and Moderating Effects of Mass Shooting Anxiety on Political and Policy Attitudes,10.7910/dvn/xckxvz,https://doi.org/10.7910/DVN/XCKXVZ,CC0 1.0,1,replication R&P.dta,file:survey-format;files:tractable;lic:cc0
B,6,figshare,Study questionnaire and scare.,10.1371/journal.pone.0323324.s001,https://plos.figshare.com/articles/dataset/Study_questionnaire_and_scare_/29058888,CC BY 4.0,1,pone.0323324.s001.xlsx,title:instrument;files:tractable
B,6,figshare,General Health Questionnaire (GHQ12): new evidence of construct validity,10.6084/m9.figshare.22225605.v1,https://scielo.figshare.com/articles/dataset/General_Health_Questionnaire_GHQ12_new_evidence_of_construct_validity/22225605,CC BY 4.0,4,Table_1.xls|Table_2.xls|Table_3.xls|Table_4.xls,title:instrument;files:tractable
B,6,figshare,Table_1_Psychometric properties of the German version of the Psychological Consequences of Screening Questionnaire (PCQ) for liver diseases.xlsx,10.3389/fpsyg.2022.956674.s001,https://frontiersin.figshare.com/articles/dataset/Table_1_Psychometric_properties_of_the_German_version_of_the_Psychological_Consequences_of_Screening_Questionnaire_PCQ_for_liver_diseases_xlsx/20471670,CC BY 4.0,1,Table_1_Psychometric properties of the German version of the Psychological Consequences of Screening Questionnaire (PCQ) for liver diseases.xlsx,title:instrument;files:tractable
B,6,figshare,The Geriatric Anxiety Inventory in primary care: applicability and psychometric characteristics of the original and short form,10.6084/m9.figshare.19967629.v1,https://scielo.figshare.com/articles/dataset/The_Geriatric_Anxiety_Inventory_in_primary_care_applicability_and_psychometric_characteristics_of_the_original_and_short_form/19967629,CC BY 4.0,3,Table_1.xls|Table_2.xls|Table_3.xls,title:instrument;files:tractable
B,6,figshare,Cultural Adaptation of the Patient Satisfaction Questionnaire and Validation of Its Use in the Portuguese Language for Women with Chronic Pelvic Pain,10.6084/m9.figshare.19962176.v1,https://scielo.figshare.com/articles/dataset/Cultural_Adaptation_of_the_Patient_Satisfaction_Questionnaire_and_Validation_of_Its_Use_in_the_Portuguese_Language_for_Women_with_Chronic_Pelvic_Pain/19962176,CC BY 4.0,1,Table_1.xls,title:instrument;files:tractable
B,6,mendeley,Health-related quality of life among thalassemia patients in Bangladesh using the SF‑36 questionnaire,10.17632/7c2zd56mzd,https://data.mendeley.com/datasets/7c2zd56mzd,CC BY 4.0,1,Thalassemia_QOL.csv,title:instrument;files:tractable
B,6,zenodo,Questionnaire,10.5281/zenodo.17635499,https://zenodo.org/records/17635499,cc-by-4.0,1,Questionnaire.xlsx,title:instrument;files:tractable
B,6,zenodo,Metadata Questionnaire,10.5281/zenodo.15164966,https://zenodo.org/records/15164966,cc-by-4.0,1,Salinan dari Questionnaire Penelitian Thesis  (Jawaban).xlsx,title:instrument;files:tractable
B,6,zenodo,Questionnaire Data,10.5281/zenodo.20301395,https://zenodo.org/records/20301395,cc-by-4.0,1,Recap Response Excel 2 - 347.xlsx,title:instrument;files:tractable
B,6,surf,"Interpersonal responses to facial expressions of disgust, anger, and happiness in individuals with varying levels of social anxiety",10.34894/lzkwbr,https://doi.org/10.34894/LZKWBR,CC0-1.0,3,RoseTestDisgust_part1_data.xlsx|RoseTestDisgust_part3_data.xlsx|RoseTestDisgust_questionnaire_data.xlsx,title:measurement;file:raw-ish;files:tractable;lic:cc0
B,6,zenodo,Data Sets for Evaluation of the Psychometric Properties and Validity of the German Version of the Černis Felt Sense of Anomaly (ČEFSA),10.5281/zenodo.14774618,https://zenodo.org/records/14774618,cc-by-4.0,2,cefsa_1.csv|cefsa_2.csv,title:instrument;files:tractable
B,6,surf,Vagal signaling and the somatic marker hypothesis: The effect of transcutaneous vagal nerve stimulation on delay discounting is modulated by positive mood,10.34894/pwrh47,https://doi.org/10.34894/PWRH47,CC0-1.0,1,05_TD_COGNITION_FULL_1_21-06-18.sav,file:survey-format;files:tractable;lic:cc0
B,6,surf,I don’t get it. Response difficulties in answering political attitude statements in Voting  Advice Applications. ,10.34894/dfttzq,https://doi.org/10.34894/DFTTZQ,CC0-1.0,2,codering_stellingen.xlsx|Think_aloud_study1.sav,file:survey-format;files:tractable;lic:cc0
B,6,zenodo,Data Sets for Evaluation of the Psychometric Properties and Validity of the German Version of the Process Model of Emotion Regulation Scale (PMERQ),10.5281/zenodo.10942726,https://zenodo.org/records/10942726,cc-by-4.0,3,pmerq_3.xlsx|pmerq_1.xlsx|pmerq_2.xlsx,title:instrument;files:tractable
B,6,surf,"How information on sexism may increase women’s perceptions of being excluded, threaten fundamental needs, and lower career motivation",10.34894/fciv6x,https://doi.org/10.34894/FCIV6X,CC-BY-4.0,8,Study1_processed.sav|Study1_RAW.sav|Study2_processed.sav|Study2_RAW.sav|Study3_processed.sav|Study3_RAW.sav|Study4_processed.sav|Study4_RAW.sav,file:survey-format;file:raw-ish
B,6,zenodo,Questionnaire Respondents Dataset,10.5281/zenodo.21802067,https://zenodo.org/records/21802067,cc-by-4.0,1,Sample Respondents.xlsx,title:instrument;files:tractable
B,6,zenodo,Questionnaire in Moizambique,10.5281/zenodo.10571399,https://zenodo.org/records/10571399,cc-by-4.0,1,OnelineSurveyVet_EtudeCas_Moz.xlsx,title:instrument;files:tractable
B,6,zenodo,GTnum Pléiades questionnaire,10.5281/zenodo.16992348,https://zenodo.org/records/16992348,cc-by-4.0,1,GTnum Pléiades corpus questionnaire (1-909).xlsx,title:instrument;files:tractable
B,6,zenodo,Questionnaire about Marketing Digital,10.5281/zenodo.17643409,https://zenodo.org/records/17643409,cc-by-4.0,1,Modelo-.xlsx,title:instrument;files:tractable
B,6,zenodo,QUESTIONNAIRE ABOUT PORT DIGITALIZATION,10.5281/zenodo.17644879,https://zenodo.org/records/17644879,cc-by-4.0,1,EXCEL B_VERA_RUIZ.xlsx,title:instrument;files:tractable
B,6,zenodo,NEON questionnaire UX evaluation,10.5281/zenodo.13970547,https://zenodo.org/records/13970547,cc-by-4.0,1,Neon_Questionnaire_UXevaluation_Berchidda_Graphs.xlsx,title:instrument;files:tractable
B,6,zenodo,ELRAP Sketchfab Questionnaire Responses,10.5281/zenodo.15026452,https://zenodo.org/records/15026452,cc-by-4.0,1,Supplemental Information 1.xlsx,title:instrument;files:tractable
B,6,zenodo,MED-LINKS. WP5. PRE-MEASUREMENT QUESTIONNAIRE,10.5281/zenodo.14768130,https://zenodo.org/records/14768130,cc-by-4.0,5,MED-LINKS_Premeasurement-questionnairesItaly.csv|MED-LINKS_Premeasurement-questionnaires.csv|MED-LINKS_Premeasurement-questionnairesMorocco.csv|MED-LINKS_Premeasurement-questionnairesEgypt.csv|MED-LINKS_Premeasurement-questionnairesGreece.csv,title:instrument;files:tractable
B,6,surf,"Replication Data for: ""Sensitivity analysis for measurement invariance testing""",10.34894/opqzex,https://doi.org/10.34894/OPQZEX,CC0-1.0,1,ESS7e01.dta,file:survey-format;files:tractable;lic:cc0
B,6,surf,Replication Data for: Validity of Small-Sided Games and Physical Ability Tests in Predicting Soccer Performance,10.34894/wz0dkh,https://doi.org/10.34894/WZ0DKH,CC0-1.0,2,n_events_bergk.csv|SSG_data_bergk.csv,title:measurement;file:raw-ish;files:tractable;lic:cc0
B,6,surf,Using electronic technology in the dynamic testing of young primary school children: predicting school achievement,10.34894/xy3d93,https://doi.org/10.34894/XY3D93,CC0-1.0,1,5. Totals_2018-2-24_article 2.sav,file:survey-format;files:tractable;lic:cc0
B,6,zenodo,Questionnaire for assessing diseases against pathogen-related criteria,10.5281/zenodo.7588990,https://zenodo.org/records/7588990,cc-by-4.0,1,Final questionnaire.xlsx,title:instrument;files:tractable
B,6,zenodo,AI Literacy and Attitudes in Bulgaria 2025: Validation of the General Attitudes toward Artificial Intelligence Scale (GAAIS) and the Meta AI Literacy Scale (MAILS),10.5281/zenodo.16745477,https://zenodo.org/records/16745477,cc-by-4.0,2,variable_codebook.xls|ai_literacy_bg2025.csv,title:instrument;files:tractable
B,6,zenodo,"Validation of the 21 item Hungarian Depression, Anxiety, and Stress Scale",10.5281/zenodo.22031833,https://zenodo.org/records/22031833,cc-by-4.0,1,DASS21_HU_N782_Clean.xlsx,title:instrument;files:tractable
B,6,zenodo,Sociodemographic and Psychometric Dataset on Anxiety and Depression in Student Populations,10.5281/zenodo.20192286,https://zenodo.org/records/20192286,cc-by-4.0,1,DiagAnsDepr_poblaciontotal.xlsx,title:instrument;files:tractable
B,6,figshare,"Values relative to the study of the convergent validity of the Liebowitz Social Anxiety Scale - self-reported version (LSAS-SR) and its subscales with the Social Phobia Inventory (SPIN), Brief Social Phobia Scale (BSPS) and Beck Anxiety Inventory (BAI), in a sample of the general population (N = 413) and in a clinical sample (N = 252).",10.1371/journal.pone.0070235.t003,https://plos.figshare.com/articles/dataset/_Values_relative_to_the_study_of_the_convergent_validity_of_the_Liebowitz_Social_Anxiety_Scale_self_reported_version_LSAS_SR_and_its_subscales_with_the_Social_Phobia_Inventory_SPIN_Brief_Social_Phobia_Scale_BSPS_and_Beck_Anxiety_Inventory_BAI_in_a_sample_/756616,CC BY 4.0,1,Table_3.xls,title:instrument;files:tractable
B,6,figshare,Traditional psychometric methods: convergent and discriminant construct validity and group differences validity.,10.1371/journal.pone.0112077.t001,https://plos.figshare.com/articles/dataset/_Traditional_psychometric_methods_convergent_and_discriminant_construct_validity_and_group_differences_validity_/1242382,CC BY 4.0,1,Table_1.xls,title:instrument;files:tractable
B,6,figshare,Indices of fit to a Rasch model.,10.1371/journal.pone.0112077.t003,https://plos.figshare.com/articles/dataset/_Indices_of_fit_to_a_Rasch_model_/1242384,CC BY 4.0,1,Table_3.xls,title:instrument;files:tractable
B,6,figshare,Table_2_Translation and psychometric validation of the Chinese version of the metacognitive awareness scale among nursing students.xls,10.3389/fpsyg.2024.1354810.s002,https://frontiersin.figshare.com/articles/dataset/Table_2_Translation_and_psychometric_validation_of_the_Chinese_version_of_the_metacognitive_awareness_scale_among_nursing_students_xls/25838518,CC BY 4.0,1,Table_2_Translation and psychometric validation of the Chinese version of the metacognitive awareness scale among nursing students.xls,title:instrument;files:tractable
B,6,figshare,Table_1_Translation and psychometric validation of the Chinese version of the metacognitive awareness scale among nursing students.xls,10.3389/fpsyg.2024.1354810.s001,https://frontiersin.figshare.com/articles/dataset/Table_1_Translation_and_psychometric_validation_of_the_Chinese_version_of_the_metacognitive_awareness_scale_among_nursing_students_xls/25838515,CC BY 4.0,1,Table_1_Translation and psychometric validation of the Chinese version of the metacognitive awareness scale among nursing students.xls,title:instrument;files:tractable
B,6,dataverse,USING ARTIFICIAL INTELLIGENCE TO PROMOTE ADOLESCENTS’ LEARNING MOTIVATION. A LONGITUDINAL INTERVENTION FROM THE SELF-DETERMINATION THEORY,10.7910/dvn/thv8dk,https://doi.org/10.7910/DVN/THV8DK,CC0 1.0,2,BD - Eliminando casos incompletos.sav|BD.sav,file:survey-format;files:tractable;lic:cc0
B,6,zenodo,RESULTS OF THE NEB QUESTIONNAIRE. NEB LEARNING.,10.5281/zenodo.17311835,https://zenodo.org/records/17311835,cc-by-4.0,2,NEB QUESTIONNAIRE FOR THE SUBJECT WORKSHOP DESIGN.xlsx|NEB QUESTIONNAIRE FOR THE SUBJECT DESIGN METHODOLOGY.xlsx,title:instrument;files:tractable
B,6,zenodo,"Fictional standard, micro, and shift Munich Chronotype Questionnaire (MCTQ) datasets",10.5281/zenodo.4904423,https://zenodo.org/records/4904423,cc-by-4.0,6,shift_mctq.rda|std_mctq.rda|std_mctq.csv|shift_mctq.csv|micro_mctq.rda|micro_mctq.csv,title:instrument;files:tractable
B,6,zenodo,Portuguese version of Self-Management Ability Questionnaire short-form for periodontitis,10.5281/zenodo.8010775,https://zenodo.org/records/8010775,cc-by-4.0,2,test.retest.xlsx|SMAQ_PT.xlsx,title:instrument;files:tractable
B,6,zenodo,"Data collected through a questionnaire regarding satisfaction in the use of technological simulation tools in learning, in a University of Peru",10.5281/zenodo.5532898,https://zenodo.org/records/5532898,cc-by-4.0,1,Data collected from the investigation.sav,title:not-item-data;title:instrument;file:survey-format;file:raw-ish;files:tractable
B,6,surf,Study 3: The ASGLOS Study: A global survey on how predatory journals affect scientific practice,10.34894/srt7gf,https://doi.org/10.34894/SRT7GF,CC0-1.0,1,ASGLOS Jamovi - Database.xlsx,title:measurement;file:raw-ish;files:tractable;lic:cc0
B,6,figshare,Psychometric validation of the audio-guided rBVQ instrument for bullying evaluation among students,10.6084/m9.figshare.21213065.v1,https://scielo.figshare.com/articles/dataset/Psychometric_validation_of_the_audio-guided_rBVQ_instrument_for_bullying_evaluation_among_students/21213065,CC BY 4.0,4,Table_1.xls|Table_2.xls|Table_3.xls|Table_4.xls,title:instrument;files:tractable
B,6,figshare,Development and Validation of a Smartphone Addiction Scale (SAS),10.1371/journal.pone.0056936,https://plos.figshare.com/articles/dataset/Development_and_Validation_of_a_Smartphone_Addiction_Scale_SAS__/640998,CC BY 4.0,2,Figure_S1.xlsx|Table_S1.xlsx,title:instrument;files:tractable
B,6,figshare,<b>Assessing the Diagnostic Precision of the Internet Gaming Disorder Scale (IGD-27) Using Diagnostic Classification Models: An Exploratory Study</b>,10.6084/m9.figshare.25123145.v1,https://figshare.com/articles/dataset/_b_Assessing_the_Diagnostic_Precision_of_the_Internet_Gaming_Disorder_Scale_IGD-27_Using_Diagnostic_Classification_Models_An_Exploratory_Study_b_/25123145,CC BY 4.0,2,dat_igd_27.csv|IGD_Q.csv,title:instrument;files:tractable
B,6,zenodo,The Living Hill Questionnaire,10.5281/zenodo.8305896,https://zenodo.org/records/8305896,cc-by-4.0,1,Questionnaire.xlsx,title:instrument;files:tractable
B,6,zenodo,Questionnaire of Community Forest,10.5281/zenodo.20733957,https://zenodo.org/records/20733957,cc-by-4.0,1,question.csv,title:instrument;files:tractable
B,6,zenodo,Dataset for vet questionnaire,10.5281/zenodo.10514040,https://zenodo.org/records/10514040,cc-by-4.0,1,base_vets_euro.xlsx,title:instrument;files:tractable
B,6,zenodo,Questionnaire Data Management in Microservices,10.5281/zenodo.5106832,https://zenodo.org/records/5106832,cc-by-4.0,1,Questionnaire.xlsx,title:instrument;files:tractable
B,6,zenodo,CATCO2NVERS Market Assessment Questionnaire Results,10.5281/zenodo.13991025,https://zenodo.org/records/13991025,cc-by-4.0,1,CATCO2NVERS - Market Assessment Questionnaire_Anonymised.xlsx,title:instrument;files:tractable
B,6,zenodo,OSCT Launch Event - Questionnaire Results,10.5281/zenodo.15095171,https://zenodo.org/records/15095171,cc-by-4.0,4,OSCT_partecipant_information.csv|OSCT_comments.csv|OSCT_reported_open_science_knowledge.csv|OSCT_reported_open_science_practice.csv,title:instrument;files:tractable
B,6,zenodo,"Dataset Questionnaire The Influence of Chatbots Usage on Repurchase Intention Through Perceived Enjoyment, Perceived Ease of Use, and Customer Satisfaction Based on Technology Acceptance Model Theory",10.5281/zenodo.17585865,https://zenodo.org/records/17585865,cc-by-4.0,1,"PENGARUH PENGGUNAAN CHATBOTS TERHADAP REPURCHASE INTENTION MELALUI PERCEIVED ENJOYMENT, CUSTOMER SATISFACTION, DAN PERCEIVED EASE OF USE BERDASARKAN TEORI TECHNOLOGY ACCEPTANCE MODEL (Jawaban)(1).xlsx",title:instrument;files:tractable
B,6,zenodo,Dataset and Questionnaire: Creation and Usage of Acceptance Criteria in Practice,10.5281/zenodo.6460854,https://zenodo.org/records/6460854,cc-by-4.0,1,Open_Source_Projects_GitHub_US_AC_Analysis.xlsx,title:instrument;files:tractable
B,6,zenodo,Questionnaire answers from users of Meta AI in online messaging apps with sensitive information removed,10.5281/zenodo.17176589,https://zenodo.org/records/17176589,cc-by-4.0,1,Meta AI Chatting Apps_Cleaned.csv,title:instrument;files:tractable
B,6,zenodo,Customer acceptance on Mobile banking adoption in the Netherlands Questionnaire and Data,10.5281/zenodo.3878956,https://zenodo.org/records/3878956,cc-by-4.0,1,"Revised_Customer acceptance on Mobile banking adoption in the Netherlands_May 30, 2020_07.24.xlsx",title:instrument;files:tractable
B,6,figshare,Questionnaire data;AMOS model analysis,10.6084/m9.figshare.29209748.v1,https://figshare.com/articles/dataset/Questionnaire_data_AMOS_model_analysis/29209748,CC BY 4.0,1,数据最终版.xlsx,title:instrument;files:tractable
B,6,figshare,Modified technology acceptance model questionnaire.,10.1371/journal.pone.0306101.s002,https://plos.figshare.com/articles/dataset/Modified_technology_acceptance_model_questionnaire_/26960663,CC BY 4.0,1,pone.0306101.s002.xlsx,title:instrument;files:tractable
B,6,figshare,Research questionnaire data.,10.1371/journal.pone.0295581.s001,https://plos.figshare.com/articles/dataset/Research_questionnaire_data_/24811462,CC BY 4.0,1,pone.0295581.s001.csv,title:instrument;files:tractable
B,6,zenodo,"Dataset. Knowledge, Attitudes, Risk Perceptions, and Practices of Spanish Adolescents Toward the COVID-19 Pandemic: Validation and Results of the Spanish Version of the Questionnaire",10.5281/zenodo.14748660,https://zenodo.org/records/14748660,cc-by-4.0,2,dateset validation.csv|meaning - dateset validation.csv,title:instrument;files:tractable
B,6,figshare,<p>Raw questionnaire data.</p>,10.1371/journal.pclm.0000713.s003,https://plos.figshare.com/articles/dataset/_p_Raw_questionnaire_data_p_/33063265,CC BY 4.0,1,pclm.0000713.s003.xlsx,title:instrument;files:tractable
B,6,figshare,Validated questionnaire data.,10.1371/journal.pone.0332120.s001,https://plos.figshare.com/articles/dataset/Validated_questionnaire_data_/30259356,CC BY 4.0,1,pone.0332120.s001.xlsx,title:instrument;files:tractable
B,6,figshare,Psychometric properties of the children’s environmental attitudes scale and the children's environmental satisfaction scale,10.6084/m9.figshare.6503555.v1,https://scielo.figshare.com/articles/dataset/Psychometric_properties_of_the_children_s_environmental_attitudes_scale_and_the_children_s_environmental_satisfaction_scale/6503555,CC BY 4.0,6,Table_1.xls|Table_2.xls|Table_3.xls|Table_4.xls|Table_5.xls|Table_6.xls,title:instrument;files:tractable
B,6,figshare,Psychometric assessment of the Brazilian version of the Male Body Dissatisfaction Scale,10.6084/m9.figshare.19967583.v1,https://scielo.figshare.com/articles/dataset/Psychometric_assessment_of_the_Brazilian_version_of_the_Male_Body_Dissatisfaction_Scale/19967583,CC BY 4.0,2,Table_1.xls|Table_2.xls,title:instrument;files:tractable
B,6,figshare,Item Response Theory-based validation of a short form of the Disordered Eating Attitude Scale (DEAS-s) to a Brazilian sample,10.6084/m9.figshare.12210755.v1,https://scielo.figshare.com/articles/dataset/Item_Response_Theory-based_validation_of_a_short_form_of_the_Disordered_Eating_Attitude_Scale_DEAS-s_to_a_Brazilian_sample/12210755,CC BY 4.0,2,Table_1.xls|Table_2.xls,title:instrument;files:tractable
B,6,figshare,"Participants’ scores to the tasks assessing ToM and emotional functioning, and to the social-support questionnaire.",10.1371/journal.pone.0044414.t002,https://plos.figshare.com/articles/dataset/_Participants_8217_scores_to_the_tasks_assessing_ToM_and_emotional_functioning_and_to_the_social_support_questionnaire_/253677,CC BY 4.0,1,Table_2.xls,title:instrument;files:tractable
B,6,zenodo,Dataset for Eye image effect in the context of pedestrian safety: a French questionnaire study,10.5281/zenodo.5898591,https://zenodo.org/records/5898591,cc-by-4.0,3,varimax ind coord.xlsx|results-survey194689 complete.xls|PBQ.xlsx,title:instrument;files:tractable
B,6,figshare,Cross-cultural adaptation and validity of the Questionnaire on Sexual Quality of Life – Female (SQoL-F) in Brazil,10.6084/m9.figshare.21393528.v1,https://scielo.figshare.com/articles/dataset/Cross-cultural_adaptation_and_validity_of_the_Questionnaire_on_Sexual_Quality_of_Life_Female_SQoL-F_in_Brazil/21393528,CC BY 4.0,2,Table_1.xls|Table_2.xls,title:instrument;files:tractable
B,6,figshare,Cross-Cultural Adaptation and Psychometric Properties of SATAQ-4R for Brazilian Adolescents,10.6084/m9.figshare.21213038.v1,https://scielo.figshare.com/articles/dataset/Cross-Cultural_Adaptation_and_Psychometric_Properties_of_SATAQ-4R_for_Brazilian_Adolescents/21213038,CC BY 4.0,3,Table_1.xls|Table_2.xls|Table_3.xls,title:instrument;files:tractable
B,6,figshare,Cross-cultural adaptation and validity of the Questionnaire on Sexual Quality of Life – Female (SQoL-F) in Brazil,10.6084/m9.figshare.20097481.v1,https://scielo.figshare.com/articles/dataset/Cross-cultural_adaptation_and_validity_of_the_Questionnaire_on_Sexual_Quality_of_Life_Female_SQoL-F_in_Brazil/20097481,CC BY 4.0,2,Table_1.xls|Table_2.xls,title:instrument;files:tractable
B,6,zenodo,The Cross-cultural Validation and Psychometric Properties for the Mental Fatigue Scale (MFS) in Turkish Athletes,10.5281/zenodo.17761951,https://zenodo.org/records/17761951,cc-by-4.0,1,MF_ZENODO.xlsx,title:instrument;files:tractable
B,6,dataverse,Database regarding GPs survey on health literacy and pain medication prescription,10.7910/dvn/0gxig2,https://doi.org/10.7910/DVN/0GXIG2,CC0 1.0,1,Final dataset.tab,title:measurement;file:raw-ish;files:tractable;lic:cc0
B,6,dataverse,The Relationship between Behavioral and Mood Responses to Monetary Rewards in a Sample of Indian Students with and without Reported Pain,10.7910/dvn/8cm4y5,https://doi.org/10.7910/DVN/8CM4Y5,CC0 1.0,1,India_Data.xlsx,title:measurement;file:raw-ish;files:tractable;lic:cc0
B,6,figshare,"TRANSLATION, CROSS-CULTURAL ADAPTATION AND PRELIMINARY EVALUATION OF THE BRAZILIAN VERSIONOF THE PAIN CATASTROPHIZING SCALE-PARENTS",10.6084/m9.figshare.7452779.v1,https://scielo.figshare.com/articles/dataset/TRANSLATION_CROSS-CULTURAL_ADAPTATION_AND_PRELIMINARY_EVALUATION_OF_THE_BRAZILIAN_VERSIONOF_THE_PAIN_CATASTROPHIZING_SCALE-PARENTS/7452779,CC BY 4.0,2,Table_1.xls|Table_2.xls,title:instrument;files:tractable
B,6,figshare,"Participant Age, Pain Catastrophizing Scale and Interpersonal Reactivity Scale scores.",10.1371/journal.pone.0133504.t001,https://plos.figshare.com/articles/dataset/_Participant_Age_Pain_Catastrophizing_Scale_and_Interpersonal_Reactivity_Scale_scores_/1487117,CC BY 4.0,1,Table_1.xls,title:instrument;files:tractable
B,6,figshare,Mean Questionnaire data.,10.1371/journal.pone.0088105.t001,https://plos.figshare.com/articles/dataset/_Mean_Questionnaire_data_/925239,CC BY 4.0,1,Table_1.xls,title:instrument;files:tractable
B,6,zenodo,"Dataset from the paper ""Cross-cultural validation of the Italian Spine Youth Quality of Life questionnaire: the ISYQOL international""",10.5281/zenodo.10534309,https://zenodo.org/records/10534309,cc-by-4.0,1,"ISYQOL Cross cultural, db.xlsx",title:instrument;files:tractable
B,6,figshare,Usefulness of the WHOQOL-BREF questionnaire in assessing the quality of life of parents of children with asthma,10.6084/m9.figshare.14282429.v1,https://scielo.figshare.com/articles/dataset/Usefulness_of_the_WHOQOL-BREF_questionnaire_in_assessing_the_quality_of_life_of_parents_of_children_with_asthma/14282429,CC BY 4.0,3,Table_1.xls|Table_2.xls|Table_3.xls,title:instrument;files:tractable
B,6,figshare,Psychometric properties of the WHOQOL-HIV Bref for quality of life assessment,10.6084/m9.figshare.9986375.v1,https://scielo.figshare.com/articles/dataset/Psychometric_properties_of_the_WHOQOL-HIV_Bref_for_quality_of_life_assessment/9986375,CC BY 4.0,4,Table_1.xls|Table_2.xls|Table_3.xls|Table_4.xls,title:instrument;files:tractable
B,6,dataverse,Replication Data for: Economic and health consequence frames affect COVID-19 vaccine incentive attitudes in Germany – a survey based framing experiment,10.7910/dvn/5rw50m,https://doi.org/10.7910/DVN/5RW50M,CC0 1.0,3,codebook_PPD_Juli_2022.xls|official statistics_polls data.xlsx|PPD_July_2022_reduced.tab,title:measurement;file:raw-ish;files:tractable;lic:cc0
B,6,dataverse,"Dataset of wellbeing assessment before, during and after COVID‑19",10.7910/dvn/vidgon,https://doi.org/10.7910/DVN/VIDGON,CC0 1.0,1,Happiness_COVID_Database.xlsx,title:measurement;file:raw-ish;files:tractable;lic:cc0
B,6,figshare,Psychometric analysis of the Tourism Wellbeing Scale (TWS): a multidisciplinary approach,10.6084/m9.figshare.12171429.v1,https://scielo.figshare.com/articles/dataset/Psychometric_analysis_of_the_Tourism_Wellbeing_Scale_TWS_a_multidisciplinary_approach/12171429,CC BY 4.0,3,Table_1.xls|Table_2.xls|Table_3.xls,title:instrument;files:tractable
B,6,zenodo,"Adaptation and validation of the Compassionate Engagement and Action Scales, Compassion Scale, and Sussex-Oxford Compassion Scales in a French-Canadian sample dataset",10.5281/zenodo.10695095,https://zenodo.org/records/10695095,cc-by-4.0,1,Compassion_14 November 2021_16.36-lessdem.csv,title:instrument;files:tractable
B,6,figshare,Psychometric properties of the short version of the Five Facets of Mindfulness Questionnaire in Brazilian Portuguese,10.6084/m9.figshare.21744200.v1,https://scielo.figshare.com/articles/dataset/Psychometric_properties_of_the_short_version_of_the_Five_Facets_of_Mindfulness_Questionnaire_in_Brazilian_Portuguese/21744200,CC BY 4.0,4,Table_1.xls|Table_2.xls|Table_3.xls|Table_4.xls,title:instrument;files:tractable
B,6,figshare,Psychometric properties of the Persian version of the Emotion Regulation Questionnaire,10.6084/m9.figshare.20044653.v1,https://scielo.figshare.com/articles/dataset/Psychometric_properties_of_the_Persian_version_of_the_Emotion_Regulation_Questionnaire/20044653,CC BY 4.0,5,Table_1.xls|Table_2.xls|Table_3.xls|Table_4.xls|Table_5.xls,title:instrument;files:tractable
B,6,figshare,Psychometric Studies of The Brazilian Version of the Interpersonal Mindfulness In Parenting Scale (IMP),10.6084/m9.figshare.19902310.v1,https://scielo.figshare.com/articles/dataset/Psychometric_Studies_of_The_Brazilian_Version_of_the_Interpersonal_Mindfulness_In_Parenting_Scale_IMP_/19902310,CC BY 4.0,2,Table_1.xls|Table_2.xls,title:instrument;files:tractable
B,6,figshare,Gender invariance and psychometric properties of a Brazilian version of the Emotion Regulation Questionnaire (ERQ),10.6084/m9.figshare.20055236.v1,https://scielo.figshare.com/articles/dataset/Gender_invariance_and_psychometric_properties_of_a_Brazilian_version_of_the_Emotion_Regulation_Questionnaire_ERQ_/20055236,CC BY 4.0,2,Table_1.xls|Table_2.xls,title:instrument;files:tractable
B,6,figshare,"Evidence of validity, reliability and psychometric parameters of the items of the Cognitive Emotion Regulation Questionnaire-Short (CERQ-Short)",10.6084/m9.figshare.14284654.v1,https://scielo.figshare.com/articles/dataset/Evidence_of_validity_reliability_and_psychometric_parameters_of_the_items_of_the_Cognitive_Emotion_Regulation_Questionnaire-Short_CERQ-Short_/14284654,CC BY 4.0,4,Table_1.xls|Table_2.xls|Table_3.xls|Table_4.xls,title:instrument;files:tractable
B,6,figshare,"Demographic variables and self-report questionnaire scores for the low dysphoric, high dysphoric and total sample in Study 1.",10.1371/journal.pone.0067359.t001,https://plos.figshare.com/articles/dataset/_Demographic_variables_and_self_report_questionnaire_scores_for_the_low_dysphoric_high_dysphoric_and_total_sample_in_Study_1_/729908,CC BY 4.0,1,Table_1.xls,title:instrument;files:tractable
B,6,zenodo,Functional near-infrared spectroscopy visually evoked measurements and Autism Questionnaire score in adults and children,10.5281/zenodo.5101912,https://zenodo.org/records/5101912,cc-by-4.0,1,annotations.csv,title:instrument;files:tractable
B,6,figshare,Correlations (Pearson’ s r) of the human effects on the maximal IBIs adjusted for baseline and the human effects on the LPP components with the questionnaire scales measuring various aspects of empathy: IRI PT: perspective taking; FS: fantasy; EC: empathic concern; PD: personal distress; EQ: empathy quotient and D_SQ-EQ: the discrepancy between systemizing and empathizing behavior.,10.1371/journal.pone.0108224.t006,https://plos.figshare.com/articles/dataset/_Correlations_Pearson_8217_s_r_of_the_human_effects_on_the_maximal_IBIs_adjusted_for_baseline_and_the_human_effects_on_the_LPP_components_with_the_questionnaire_scales_measuring_various_aspects_of_empathy_IRI_PT_perspective_taking_FS_fantasy_EC_empathic_c/1206063,CC BY 4.0,1,Table_6.xls,title:instrument;files:tractable
B,6,figshare,Demographic and questionnaire data of the perceivers.,10.1371/journal.pone.0098436.t001,https://plos.figshare.com/articles/dataset/_Demographic_and_questionnaire_data_of_the_perceivers_/1049502,CC BY 4.0,1,Table_1.xls,title:instrument;files:tractable
B,6,dataverse,Comparing ChatGPT’s ability to rate the degree of stereotypes and the consistency of stereotype attribution with those of medical students in New Zealand in developing a similarity rating test: a methodological study,10.7910/dvn/63ejyi,https://doi.org/10.7910/DVN/63EJYI,CC0 1.0,2,jeehp-20-17-dataset1-1.tab|jeehp-20-17-suppl1.xlsx,title:measurement;file:raw-ish;files:tractable;lic:cc0
B,6,figshare,"ADHD rating scale IV (ARS-IV) inattentive (IA), hyperactive-impulsive (HI) and combined symptoms (COM) total raw scores as rated by parents<sup>*</sup>.",10.1371/journal.pone.0046692.t001,https://plos.figshare.com/articles/dataset/_ADHD_rating_scale_IV_ARS_IV_inattentive_IA_hyperactive_impulsive_HI_and_combined_symptoms_COM_total_raw_scores_as_rated_by_parents_/224633,CC BY 4.0,1,Table_1.xls,title:instrument;files:tractable
B,6,zenodo,Psychographic Questionnaire Dataset on Young Migrants in Reception Contexts in Spain (N = 57),10.5281/zenodo.19353970,https://zenodo.org/records/19353970,cc-by-4.0,1,AFRICA-2-Cuestionario Psicográfico 57 PARTICIPANTES.xlsx,title:instrument;files:tractable
B,6,zenodo,"Dataset from: Validation of the Brazilian Portuguese Version of The Epistemic Trust, Mistrust, and Credulity Questionnaire and Its Correlation with Personality Traits and Clinical Symptoms in a Sample of Brazilian Immigrants Living in Germany.",10.5281/zenodo.10656152,https://zenodo.org/records/10656152,cc-by-4.0,1,Alemanha banco ETMCQ .xlsx,title:instrument;files:tractable
B,6,figshare,Anxiety in Malaysian children and adolescents: validation of the Screen for Child Anxiety Related Emotional Disorders (SCARED),10.6084/m9.figshare.12171090.v1,https://scielo.figshare.com/articles/dataset/Anxiety_in_Malaysian_children_and_adolescents_validation_of_the_Screen_for_Child_Anxiety_Related_Emotional_Disorders_SCARED_/12171090,CC BY 4.0,5,Table_1.xls|Table_2.xls|Table_3.xls|Table_4.xls|Table_5.xls,title:instrument;files:tractable
B,6,dataverse,"Results of Knowledge, Attitude and Practices of PPR Pantai Ria on Dengue (August 2025)",10.7910/dvn/isub2b,https://doi.org/10.7910/DVN/ISUB2B,CC0 1.0,2,Dengue Survey (B23) - Tinjauan Dengue PPR Pantai Ria (Response SPSS use).xlsx|SPSS Pantai Ria B23.sav,file:survey-format;files:tractable;lic:cc0
B,6,figshare,Owner personality and attachment scale (AAS) and dog personality from German and Hungarian questionnaire data (mean ± sd).,10.1371/journal.pone.0118375.t001,https://plos.figshare.com/articles/dataset/_Owner_personality_and_attachment_scale_AAS_and_dog_personality_from_German_and_Hungarian_questionnaire_data_mean_177_sd_/1315130,CC BY 4.0,1,Table_1.xls,title:instrument;files:tractable
B,6,dataverse,Does Uncertainty Affect Non-response to the European Central Bank’s Survey of Professional Forecasters?,10.7910/dvn/ddaea0,https://doi.org/10.7910/DVN/DDAEA0,CC0 1.0,1,dataset_Victor_Lopez-Perez_uncertainty_response_ECB-SPF_Economics.tab,title:measurement;file:raw-ish;files:tractable;lic:cc0
B,6,dataverse,Replication Data for: Longitudinal Associations of Multidimensional Well-Being with Job Satisfaction and Work Distraction: A Two-Wave Study of US Employees,10.7910/dvn/zjeen5,https://doi.org/10.7910/DVN/ZJEEN5,CC0 1.0,1,new.sas7bdat,file:survey-format;files:tractable;lic:cc0
B,6,zenodo,SUS CBT V2 SEVIMA Platform Questionnaire Results,10.5281/zenodo.15262068,https://zenodo.org/records/15262068,cc-by-4.0,1,SUS CBT V2 SEVIMA Platform.xlsx,title:instrument;files:tractable
B,6,figshare,"Infant Parenting styles Questionnaire factors, items and mean scores.",10.1371/journal.pone.0083893.t001,https://plos.figshare.com/articles/dataset/_Infant_Parenting_styles_Questionnaire_factors_items_and_mean_scores_/931490,CC BY 4.0,1,Table_1.xls,title:instrument;files:tractable
B,6,zenodo,Questionnaire of the moderating role of organizational resilience in digital transformation,10.5281/zenodo.17666764,https://zenodo.org/records/17666764,cc-by-4.0,1,Questionnaire of the moderating role of organizational resilience in digital transformation.xlsx,title:instrument;files:tractable
B,6,zenodo,Enterprise Survey Data on Artificial Intelligence Adoption and Implementation Conditions in Slovakia,10.5281/zenodo.20760725,https://zenodo.org/records/20760725,cc-by-4.0,10,CAWI_ENG_SPSS_CARELESSRESP_AI-IMPACT.csv|CATI_ENG_SPSS_AI-IMPACT.csv|CATI_ENG_SPSS_AI-IMPACT_codebook.xlsx|CAWI_ENG_SPSS_AI-IMPACT.csv|CAWI_ENG_SPSS_AI-IMPACT_universal_codebook.xlsx|CAWI_ENG_SPSS_AI-IMPACT.sav|CATI_ENG_SPSS_AI-IMPACT.sav|CAWI_ENG_SPSS_AI-IMPACT_universal_codebook.csv,title:measurement;file:survey-format
B,6,figshare,Cross-cultural adaptation and psychometric properties of the Brazilian-Portuguese version of the Organizational Readiness for Implementing Change questionnaire,10.6084/m9.figshare.14321483.v1,https://scielo.figshare.com/articles/dataset/Cross-cultural_adaptation_and_psychometric_properties_of_the_Brazilian-Portuguese_version_of_the_Organizational_Readiness_for_Implementing_Change_questionnaire/14321483,CC BY 4.0,3,Table_1.xls|Table_2.xls|Table_3.xls,title:instrument;files:tractable
B,6,zenodo,Dataset Questionnaire Examining the Impact of Creativity and Adaptive Selling on Sales Performance: The Moderating Effect of Job Satisfaction (Case Study on Life Insurance Agents at Prudynamic Jakarta),10.5281/zenodo.16009850,https://zenodo.org/records/16009850,cc-by-4.0,1,72_Silviana et al_ICOBIRD_2025.csv,title:instrument;files:tractable
B,6,dataverse,Replication data for: Nosek and Smyth (2011): Implicit social cognitions predict math engagement and achievement,10.7910/dvn/z3mv4j,https://doi.org/10.7910/DVN/Z3MV4J,CC0 1.0,1,acafinal.sas7bdat,file:survey-format;files:tractable;lic:cc0
B,6,zenodo,Psychometric properties and adaptation of the Utrecht Work Engagement Scale (UWES)-17 in Indonesian sample: Application of Rasch models,10.5281/zenodo.10512109,https://zenodo.org/records/10512109,cc-by-4.0,1,WE New.xls,title:instrument;files:tractable
B,6,zenodo,Psychometric evaluation of The Utrecht Work Engagement Scale (UWES)-17 for Indonesian Sample,10.5281/zenodo.13117857,https://zenodo.org/records/13117857,cc-by-4.0,1,webarusajax.csv,title:instrument;files:tractable
B,6,figshare,Adaptation and Validation of the Brazilian Version of the Utrecht Work Engagement Scale,10.6084/m9.figshare.20005875.v1,https://scielo.figshare.com/articles/dataset/Adaptation_and_Validation_of_the_Brazilian_Version_of_the_Utrecht_Work_Engagement_Scale/20005875,CC BY 4.0,3,Table_1.xls|Table_2.xls|Table_3.xls,title:instrument;files:tractable
B,6,figshare,"Associations between meditation practice, demographic characteristics, behavioral risk factors, and the health and work performance questionnaire: Results from the hierarchical regression analysis (740 males and 730 females).",10.1371/journal.pone.0128287.t004,https://plos.figshare.com/articles/dataset/_Associations_between_meditation_practice_demographic_characteristics_behavioral_risk_factors_and_the_health_and_work_performance_questionnaire_Results_from_the_hierarchical_regression_analysis_740_males_and_730_females_/1430761,CC BY 4.0,1,Table_4.xls,title:instrument;files:tractable
B,6,zenodo,"Dataset from a still non-published study titled ""SCaRES – Scoliosis Caregiver Response and Emotional Scale: a Rasch-validated questionnaire to measure the psychological impact of children's scoliosis on their parents""",10.5281/zenodo.15075857,https://zenodo.org/records/15075857,cc-by-4.0,1,Risposte QoL genitori - finale.xlsx,title:instrument;files:tractable
B,6,zenodo,Questionnaire Responses for Exploring the Psychological Mechanisms Behind Impulsive Buying Behavior During Flash Sale Promotions,10.5281/zenodo.21072223,https://zenodo.org/records/21072223,cc-by-4.0,1,Exploring the Psychological Mechanisms Behind Impulsive Buying Behavior During Flash Sale Promotions.xlsx,title:instrument;files:tractable
B,6,figshare,Questionnaire data.,10.1371/journal.pone.0262786.s002,https://plos.figshare.com/articles/dataset/Questionnaire_data_/18731749,CC BY 4.0,1,pone.0262786.s002.xlsx,title:instrument;files:tractable
B,6,figshare,Psychological Capital Questionnaire (PCQ-24): Preliminary Evidence of Psychometric Validity of the Brazilian Version,10.6084/m9.figshare.14269698.v1,https://scielo.figshare.com/articles/dataset/Psychological_Capital_Questionnaire_PCQ-24_Preliminary_Evidence_of_Psychometric_Validity_of_the_Brazilian_Version/14269698,CC BY 4.0,2,Table_1.xls|Table_2.xls,title:instrument;files:tractable
B,6,figshare,Psychological Capital Questionnaire - Short Version (PCQ-12): evidence of Validity of The Brazilian Version,10.6084/m9.figshare.6944147.v1,https://scielo.figshare.com/articles/dataset/Psychological_Capital_Questionnaire_-_Short_Version_PCQ-12_evidence_of_Validity_of_The_Brazilian_Version/6944147,CC BY 4.0,3,Table_1.xls|Table_2.xls|Table_3.xls,title:instrument;files:tractable
B,6,dataverse,"Results of knowledge, attitude and practices of PPR Sri Pantai on Dengue (july 2024)",10.7910/dvn/r67fqy,https://doi.org/10.7910/DVN/R67FQY,CC0 1.0,1,PPR Sri Pantai OFFICIAL (1).sav,file:survey-format;files:tractable;lic:cc0
B,6,dataverse,"Results of Knowledge, Attitude and Practices of PPR Pantai Ria on Dengue (July 2024)",10.7910/dvn/39mywr,https://doi.org/10.7910/DVN/39MYWR,CC0 1.0,1,SPSS Pantai Ria.sav,file:survey-format;files:tractable;lic:cc0
B,6,dataverse,"Results of Knowledge, Attitude and Practises of PPR Seri Cempaka on Dengue (July 2024)",10.7910/dvn/pxti75,https://doi.org/10.7910/DVN/PXTI75,CC0 1.0,1,SPSS DENGUE SRI CEMPAKA (1).sav,file:survey-format;files:tractable;lic:cc0
B,6,zenodo,Questionnaire about perceived green leadership and its influence on sustainable career intentions among Peruvian university students,10.5281/zenodo.17615272,https://zenodo.org/records/17615272,cc-by-4.0,1,Questionnaire on perceived green leadership and its influence on sustainable career intentions among Peruvian university students.xlsx,title:instrument;files:tractable
B,6,figshare,List of questions and descriptions of the questionnaire - Absorptive capability,10.6084/m9.figshare.25271419.v1,https://figshare.com/articles/dataset/List_of_questions_and_descriptions_of_the_questionnaire_-_Absorptive_capability/25271419,CC BY 4.0,1,List of Questions and Decriptions of Absorptive Capability 23 Feb 2024.csv,title:instrument;files:tractable
B,6,figshare,Validity Evidence of the Work-Family Conflict Scale for Public Security Professionals,10.6084/m9.figshare.22828261.v1,https://scielo.figshare.com/articles/dataset/Validity_Evidence_of_the_Work-Family_Conflict_Scale_for_Public_Security_Professionals/22828261,CC BY 4.0,4,Table_1.xls|Table_2.xls|Table_3.xls|Table_4.xls,title:instrument;files:tractable
B,6,zenodo,"Questionnaire on Determinants of Entrepreneurial Intention: The Role of Personal Attitudes, Subjective Norms, Perceived Control, Creativity, Recognition of Opportunities, and Access to Financing.",10.5281/zenodo.17625558,https://zenodo.org/records/17625558,cc-by-4.0,1,"Questionnaire on Determinants of Entrepreneurial Intention, The Role of Personal Attitudes, Subjective Norms, Perceived Control, Creativity, Recognition of Opportunities, and Access to Financing..xlsx",title:instrument;files:tractable
B,6,zenodo,Questionnaire about the continuance intention to use AI in the e-commerce shopping experience,10.5281/zenodo.17643905,https://zenodo.org/records/17643905,cc-by-4.0,1,Questionnaire about the continuance intention to use AI in the e-commerce shopping experience.xlsx,title:instrument;files:tractable
B,6,zenodo,Dataset Questionnaire Determinants of Intention to Resubscribe to Music Streaming Platforms Based on the UTAUT Theory,10.5281/zenodo.16009161,https://zenodo.org/records/16009161,cc-by-4.0,1,52_Hanna et al_ICOBIRD_2025.xlsx,title:instrument;files:tractable
B,6,zenodo,Dataset Questionnaire Product Features on Resubscription Intention and Electronic Word of Mouth Mediated by Customer Satisfaction on Film Streaming Platforms,10.5281/zenodo.16008605,https://zenodo.org/records/16008605,cc-by-4.0,1,51_Retno et al_ICOBIRD_2025 (rev170725).xlsx,title:instrument;files:tractable
B,6,zenodo,Dataset Questionnaire The Influence of E-Service Quality on Customer Loyalty and Positive Word of Mouth through Customer Experience and Customer Satisfaction in Banks Classified under Core Capital Group IV,10.5281/zenodo.16009389,https://zenodo.org/records/16009389,cc-by-4.0,1,54_Ferdinand et al_ICOBIRD_2025.xlsx,title:instrument;files:tractable
B,6,figshare,The Relational Aspects of Luxury Consumption in Brazil: The development of a Luxury Customer Relationship Perception Scale and the Analysis of Brand Personality Influence on Relationship Perception on Luxury Fashion Brands,10.6084/m9.figshare.7865780.v1,https://scielo.figshare.com/articles/dataset/The_Relational_Aspects_of_Luxury_Consumption_in_Brazil_The_development_of_a_Luxury_Customer_Relationship_Perception_Scale_and_the_Analysis_of_Brand_Personality_Influence_on_Relationship_Perception_on_Luxury_Fashion_Brands/7865780,CC BY 4.0,2,Table_1.xls|Table_2.xls,title:instrument;files:tractable
B,6,zenodo,Questionnaire of loyalty customer on coffee online food delivery,10.5281/zenodo.13317364,https://zenodo.org/records/13317364,cc-by-4.0,1,Hasil Kuesioner - Zenodo.xlsx,title:instrument;files:tractable
B,6,zenodo,Social Media Marketing Research Questionnaire,10.5281/zenodo.20689275,https://zenodo.org/records/20689275,cc-by-4.0,1,KUESIONER PENELITIAN .csv,title:instrument;files:tractable
B,6,figshare,Semantic and cultural equivalence of the Intergenerational Exchanges Attitude Scale (IEAS),10.6084/m9.figshare.20016592.v1,https://scielo.figshare.com/articles/dataset/Semantic_and_cultural_equivalence_of_the_Intergenerational_Exchanges_Attitude_Scale_IEAS_/20016592,CC BY 4.0,2,Table_1.xls|Table_2.xls,title:instrument;files:tractable
B,6,zenodo,Content Validity of a Questionnaire Exploring the Knowledge Translation Network Among Nursing Professionals,10.5281/zenodo.3974143,https://zenodo.org/records/3974143,cc-by-4.0,1,Content_Validity_Index_Questionnaire_Knowledge_Translation_Network.xlsx,title:instrument;files:tractable
B,6,figshare,United States acculturation scale.,10.1371/journal.pone.0058663.t001,https://plos.figshare.com/articles/dataset/_United_States_acculturation_scale_/667446,CC BY 4.0,1,Table_1.xls,title:instrument;files:tractable
B,6,figshare,Summary of validity analyses for caregiver United States acculturation scale.,10.1371/journal.pone.0058663.t003,https://plos.figshare.com/articles/dataset/_Summary_of_validity_analyses_for_caregiver_United_States_acculturation_scale_/667424,CC BY 4.0,1,Table_3.xls,title:instrument;files:tractable
B,6,figshare,<p>Questionnaire of learner perspective.</p>,10.1371/journal.pone.0340479.s002,https://plos.figshare.com/articles/dataset/_p_Questionnaire_of_learner_perspective_p_/31284877,CC BY 4.0,1,pone.0340479.s002.xlsx,title:instrument;files:tractable
B,6,figshare,Questionnaire items.,10.1371/journal.pone.0324016.s001,https://plos.figshare.com/articles/dataset/Questionnaire_items_/29170473,CC BY 4.0,1,pone.0324016.s001.xlsx,title:instrument;files:tractable
B,6,figshare,Destruction of measurement scale through exploratory factor analysis in production and operations research,10.6084/m9.figshare.7676273.v1,https://scielo.figshare.com/articles/dataset/Destruction_of_measurement_scale_through_exploratory_factor_analysis_in_production_and_operations_research/7676273,CC BY 4.0,3,Table_1.xls|Table_2.xls|Table_3.xls,title:instrument;files:tractable
B,6,dataverse,Replication Data for: Rejecting Non-Paternalist Motivation: An Experimental Test,10.7910/dvn/vplwkf,https://doi.org/10.7910/DVN/VPLWKF,CC0 1.0,1,01-data-spectators.tab,title:measurement;file:raw-ish;files:tractable;lic:cc0
B,6,zenodo,Questionnaire with university students on STEM studies in Higher Education (QSTEMHE). Dataset from STEM students from Brazilian Higher Education Institutions,10.5281/zenodo.19852463,https://zenodo.org/records/19852463,cc-by-sa-4.0,2,QSTEMHE(1-1299).xlsx|Analisis.xlsx,title:instrument;files:tractable
B,6,zenodo,Questionnaire on the use of Gamification in Education,10.5281/zenodo.18035618,https://zenodo.org/records/18035618,cc-by-4.0,1,Questionnaire on the use of gamification in education.csv,title:instrument;files:tractable
B,6,dataverse,Replication Data for: Does Reason-Giving Affect Political Attitudes?,10.7910/dvn/yg6354,https://doi.org/10.7910/DVN/YG6354,CC0 1.0,5,incompletes.sav|OP18397 UCL - Political research.sav|OP18397 UCL - Political research - WAVE 2.sav|survey_targets.xlsx|treatments.tab,file:survey-format;files:tractable;lic:cc0
B,6,dataverse,"Basic Early Literacy Skills Spanish Edition, Child, Pre-K & Kindergarten, Early Education in Rural North Carolina",10.15139/s3/mwz1eo,https://doi.org/10.15139/S3/MWZ1EO,CC0 1.0,3,idel_07a.csv|idel_07a.sas7bdat|RS-IDEL_codebook.tab,file:survey-format;files:tractable;lic:cc0
B,6,dataverse,"Dynamic Indicators of Basic Early Literacy Skills, Child, ALL GRADES, Early Education in Rural North Carolina",10.15139/s3/xaw1ze,https://doi.org/10.15139/S3/XAW1ZE,CC0 1.0,3,dbls_14b.csv|dbls_14b.sas7bdat|RS-DIBELS_codebook.tab,file:survey-format;files:tractable;lic:cc0
B,6,figshare,Portuguese version of the EUROPEP questionnaire: contributions to the psychometric validation,10.6084/m9.figshare.19934308.v1,https://scielo.figshare.com/articles/dataset/Portuguese_version_of_the_EUROPEP_questionnaire_contributions_to_the_psychometric_validation/19934308,CC BY 4.0,4,Table_1.xls|Table_2.xls|Table_3.xls|Table_4.xls,title:instrument;files:tractable
B,6,zenodo,認知症家族介護者の介護対応力評価尺度(Caregiving Competence Scale for Dementia:CCSD)ー日本語版質問紙・マニュアル・得点表ー,10.5281/zenodo.19509630,https://zenodo.org/records/19509630,cc-by-4.0,1,CCSD_scoring_sheet.xlsx,title:instrument;files:tractable
B,6,figshare,"Psychometric study of the Awareness of Age-Related Change (AARC) Short Scale translated to Portuguese, applied to Brazilian older adults",10.6084/m9.figshare.20032491.v1,https://scielo.figshare.com/articles/dataset/Psychometric_study_of_the_Awareness_of_Age-Related_Change_AARC_Short_Scale_translated_to_Portuguese_applied_to_Brazilian_older_adults/20032491,CC BY 4.0,5,Table_1.xls|Table_2.xls|Table_3.xls|Table_4.xls|Table_5.xls,title:instrument;files:tractable
B,6,zenodo,"Artificial Intelligence (AI), in the Breast Cancer Screening Programme Questionnaire and Data",10.5281/zenodo.3866196,https://zenodo.org/records/3866196,cc-by-4.0,1,"Revised_Map Bachelor Thesis Survey_May 30, 2020_07.02.xlsx",title:instrument;files:tractable
B,6,figshare,<p>Augment Reality Immersion Questionnaire Results.</p>,10.1371/journal.pone.0338607.s003,https://plos.figshare.com/articles/dataset/_p_Augment_Reality_Immersion_Questionnaire_Results_p_/31432803,CC BY 4.0,1,pone.0338607.s003.xlsx,title:instrument;files:tractable
B,6,dataverse,Health literacy and healthcare system confidence as determinants of attitudes to vaccines: a representative cross-sectionnal study in France,10.7910/dvn/zglgwp,https://doi.org/10.7910/DVN/ZGLGWP,CC0 1.0,1,slavaco_cawi_complet_weighted.sas7bdat,file:survey-format;files:tractable;lic:cc0
B,6,figshare,Psychometric properties of the Brazilian version of the Athlete Burnout Questionnaire (ABQ) in a sample of young and adult athletes,10.6084/m9.figshare.14290383.v1,https://scielo.figshare.com/articles/dataset/Psychometric_properties_of_the_Brazilian_version_of_the_Athlete_Burnout_Questionnaire_ABQ_in_a_sample_of_young_and_adult_athletes/14290383,CC BY 4.0,3,Table_1.xls|Table_2.xls|Table_3.xls,title:instrument;files:tractable
B,6,figshare,ANALYSIS OF PSYCHOLOGICAL VARIABLES ASSOCIATED WITH THE BURNOUT SYNDROME AND PERFORMANCE IN ADULT ATHLETES THROUGH THE ATHLETE BURNOUT QUESTIONNAIRE - ABQ,10.6084/m9.figshare.6503894.v1,https://scielo.figshare.com/articles/dataset/ANALYSIS_OF_PSYCHOLOGICAL_VARIABLES_ASSOCIATED_WITH_THE_BURNOUT_SYNDROME_AND_PERFORMANCE_IN_ADULT_ATHLETES_THROUGH_THE_ATHLETE_BURNOUT_QUESTIONNAIRE_-_ABQ/6503894,CC BY 4.0,2,Table_1.xls|Table_2.xls,title:instrument;files:tractable
B,6,zenodo,Academic Motivation Scale (AMS) Intrinsic Motivation (IM) Questionnaire and Data,10.5281/zenodo.3866179,https://zenodo.org/records/3866179,cc-by-4.0,1,"Revised_Academic Motivation Scale (AMS) Intrinsic Motivation (IM)_May 30, 2020_07.47.xlsx",title:instrument;files:tractable
B,6,figshare,Psychometric validation of Czech version of the Sport Motivation Scale,10.1371/journal.pone.0227277,https://plos.figshare.com/articles/dataset/Psychometric_validation_of_Czech_version_of_the_Sport_Motivation_Scale/11495346,CC BY 4.0,2,pone.0227277.s001.xlsx|pone.0227277.s002.xlsx,title:instrument;files:tractable
