"table","section_id","item","instrument","language","instructions","section_prompt","item_text","correct_response","option_text","resp"
"zhang_2020_trait_creativity_mood","zhang_2020_trait_creativity_mood_1","originality","12-item experience-sampling (ESM) questionnaire: state creativity and mood states (Zhang et al. 2020, PLOS ONE)","Chinese",NA,NA,"During the last 30 minutes, how original were your ideas or products?",NA,"lowest",0
"zhang_2020_trait_creativity_mood","zhang_2020_trait_creativity_mood_1","originality","12-item experience-sampling (ESM) questionnaire: state creativity and mood states (Zhang et al. 2020, PLOS ONE)","Chinese",NA,NA,"During the last 30 minutes, how original were your ideas or products?",NA,NA,1
"zhang_2020_trait_creativity_mood","zhang_2020_trait_creativity_mood_1","originality","12-item experience-sampling (ESM) questionnaire: state creativity and mood states (Zhang et al. 2020, PLOS ONE)","Chinese",NA,NA,"During the last 30 minutes, how original were your ideas or products?",NA,NA,2
"zhang_2020_trait_creativity_mood","zhang_2020_trait_creativity_mood_1","originality","12-item experience-sampling (ESM) questionnaire: state creativity and mood states (Zhang et al. 2020, PLOS ONE)","Chinese",NA,NA,"During the last 30 minutes, how original were your ideas or products?",NA,NA,3
"zhang_2020_trait_creativity_mood","zhang_2020_trait_creativity_mood_1","originality","12-item experience-sampling (ESM) questionnaire: state creativity and mood states (Zhang et al. 2020, PLOS ONE)","Chinese",NA,NA,"During the last 30 minutes, how original were your ideas or products?",NA,NA,4
"zhang_2020_trait_creativity_mood","zhang_2020_trait_creativity_mood_1","originality","12-item experience-sampling (ESM) questionnaire: state creativity and mood states (Zhang et al. 2020, PLOS ONE)","Chinese",NA,NA,"During the last 30 minutes, how original were your ideas or products?",NA,NA,5
"zhang_2020_trait_creativity_mood","zhang_2020_trait_creativity_mood_1","originality","12-item experience-sampling (ESM) questionnaire: state creativity and mood states (Zhang et al. 2020, PLOS ONE)","Chinese",NA,NA,"During the last 30 minutes, how original were your ideas or products?",NA,NA,6
"zhang_2020_trait_creativity_mood","zhang_2020_trait_creativity_mood_1","originality","12-item experience-sampling (ESM) questionnaire: state creativity and mood states (Zhang et al. 2020, PLOS ONE)","Chinese",NA,NA,"During the last 30 minutes, how original were your ideas or products?",NA,NA,7
"zhang_2020_trait_creativity_mood","zhang_2020_trait_creativity_mood_1","originality","12-item experience-sampling (ESM) questionnaire: state creativity and mood states (Zhang et al. 2020, PLOS ONE)","Chinese",NA,NA,"During the last 30 minutes, how original were your ideas or products?",NA,NA,8
"zhang_2020_trait_creativity_mood","zhang_2020_trait_creativity_mood_1","originality","12-item experience-sampling (ESM) questionnaire: state creativity and mood states (Zhang et al. 2020, PLOS ONE)","Chinese",NA,NA,"During the last 30 minutes, how original were your ideas or products?",NA,NA,9
"zhang_2020_trait_creativity_mood","zhang_2020_trait_creativity_mood_1","originality","12-item experience-sampling (ESM) questionnaire: state creativity and mood states (Zhang et al. 2020, PLOS ONE)","Chinese",NA,NA,"During the last 30 minutes, how original were your ideas or products?",NA,NA,10
"zhang_2020_trait_creativity_mood","zhang_2020_trait_creativity_mood_1","originality","12-item experience-sampling (ESM) questionnaire: state creativity and mood states (Zhang et al. 2020, PLOS ONE)","Chinese",NA,NA,"During the last 30 minutes, how original were your ideas or products?",NA,NA,11
"zhang_2020_trait_creativity_mood","zhang_2020_trait_creativity_mood_1","originality","12-item experience-sampling (ESM) questionnaire: state creativity and mood states (Zhang et al. 2020, PLOS ONE)","Chinese",NA,NA,"During the last 30 minutes, how original were your ideas or products?",NA,NA,12
"zhang_2020_trait_creativity_mood","zhang_2020_trait_creativity_mood_1","originality","12-item experience-sampling (ESM) questionnaire: state creativity and mood states (Zhang et al. 2020, PLOS ONE)","Chinese",NA,NA,"During the last 30 minutes, how original were your ideas or products?",NA,NA,13
"zhang_2020_trait_creativity_mood","zhang_2020_trait_creativity_mood_1","originality","12-item experience-sampling (ESM) questionnaire: state creativity and mood states (Zhang et al. 2020, PLOS ONE)","Chinese",NA,NA,"During the last 30 minutes, how original were your ideas or products?",NA,NA,14
"zhang_2020_trait_creativity_mood","zhang_2020_trait_creativity_mood_1","originality","12-item experience-sampling (ESM) questionnaire: state creativity and mood states (Zhang et al. 2020, PLOS ONE)","Chinese",NA,NA,"During the last 30 minutes, how original were your ideas or products?",NA,NA,15
"zhang_2020_trait_creativity_mood","zhang_2020_trait_creativity_mood_1","originality","12-item experience-sampling (ESM) questionnaire: state creativity and mood states (Zhang et al. 2020, PLOS ONE)","Chinese",NA,NA,"During the last 30 minutes, how original were your ideas or products?",NA,NA,16
"zhang_2020_trait_creativity_mood","zhang_2020_trait_creativity_mood_1","originality","12-item experience-sampling (ESM) questionnaire: state creativity and mood states (Zhang et al. 2020, PLOS ONE)","Chinese",NA,NA,"During the last 30 minutes, how original were your ideas or products?",NA,NA,17
"zhang_2020_trait_creativity_mood","zhang_2020_trait_creativity_mood_1","originality","12-item experience-sampling (ESM) questionnaire: state creativity and mood states (Zhang et al. 2020, PLOS ONE)","Chinese",NA,NA,"During the last 30 minutes, how original were your ideas or products?",NA,NA,18
"zhang_2020_trait_creativity_mood","zhang_2020_trait_creativity_mood_1","originality","12-item experience-sampling (ESM) questionnaire: state creativity and mood states (Zhang et al. 2020, PLOS ONE)","Chinese",NA,NA,"During the last 30 minutes, how original were your ideas or products?",NA,NA,19
"zhang_2020_trait_creativity_mood","zhang_2020_trait_creativity_mood_1","originality","12-item experience-sampling (ESM) questionnaire: state creativity and mood states (Zhang et al. 2020, PLOS ONE)","Chinese",NA,NA,"During the last 30 minutes, how original were your ideas or products?",NA,NA,20
"zhang_2020_trait_creativity_mood","zhang_2020_trait_creativity_mood_1","originality","12-item experience-sampling (ESM) questionnaire: state creativity and mood states (Zhang et al. 2020, PLOS ONE)","Chinese",NA,NA,"During the last 30 minutes, how original were your ideas or products?",NA,NA,21
"zhang_2020_trait_creativity_mood","zhang_2020_trait_creativity_mood_1","originality","12-item experience-sampling (ESM) questionnaire: state creativity and mood states (Zhang et al. 2020, PLOS ONE)","Chinese",NA,NA,"During the last 30 minutes, how original were your ideas or products?",NA,NA,22
"zhang_2020_trait_creativity_mood","zhang_2020_trait_creativity_mood_1","originality","12-item experience-sampling (ESM) questionnaire: state creativity and mood states (Zhang et al. 2020, PLOS ONE)","Chinese",NA,NA,"During the last 30 minutes, how original were your ideas or products?",NA,NA,23
"zhang_2020_trait_creativity_mood","zhang_2020_trait_creativity_mood_1","originality","12-item experience-sampling (ESM) questionnaire: state creativity and mood states (Zhang et al. 2020, PLOS ONE)","Chinese",NA,NA,"During the last 30 minutes, how original were your ideas or products?",NA,NA,24
"zhang_2020_trait_creativity_mood","zhang_2020_trait_creativity_mood_1","originality","12-item experience-sampling (ESM) questionnaire: state creativity and mood states (Zhang et al. 2020, PLOS ONE)","Chinese",NA,NA,"During the last 30 minutes, how original were your ideas or products?",NA,NA,25
"zhang_2020_trait_creativity_mood","zhang_2020_trait_creativity_mood_1","originality","12-item experience-sampling (ESM) questionnaire: state creativity and mood states (Zhang et al. 2020, PLOS ONE)","Chinese",NA,NA,"During the last 30 minutes, how original were your ideas or products?",NA,NA,26
"zhang_2020_trait_creativity_mood","zhang_2020_trait_creativity_mood_1","originality","12-item experience-sampling (ESM) questionnaire: state creativity and mood states (Zhang et al. 2020, PLOS ONE)","Chinese",NA,NA,"During the last 30 minutes, how original were your ideas or products?",NA,NA,27
"zhang_2020_trait_creativity_mood","zhang_2020_trait_creativity_mood_1","originality","12-item experience-sampling (ESM) questionnaire: state creativity and mood states (Zhang et al. 2020, PLOS ONE)","Chinese",NA,NA,"During the last 30 minutes, how original were your ideas or products?",NA,NA,28
"zhang_2020_trait_creativity_mood","zhang_2020_trait_creativity_mood_1","originality","12-item experience-sampling (ESM) questionnaire: state creativity and mood states (Zhang et al. 2020, PLOS ONE)","Chinese",NA,NA,"During the last 30 minutes, how original were your ideas or products?",NA,NA,29
"zhang_2020_trait_creativity_mood","zhang_2020_trait_creativity_mood_1","originality","12-item experience-sampling (ESM) questionnaire: state creativity and mood states (Zhang et al. 2020, PLOS ONE)","Chinese",NA,NA,"During the last 30 minutes, how original were your ideas or products?",NA,NA,30
"zhang_2020_trait_creativity_mood","zhang_2020_trait_creativity_mood_1","originality","12-item experience-sampling (ESM) questionnaire: state creativity and mood states (Zhang et al. 2020, PLOS ONE)","Chinese",NA,NA,"During the last 30 minutes, how original were your ideas or products?",NA,NA,31
"zhang_2020_trait_creativity_mood","zhang_2020_trait_creativity_mood_1","originality","12-item experience-sampling (ESM) questionnaire: state creativity and mood states (Zhang et al. 2020, PLOS ONE)","Chinese",NA,NA,"During the last 30 minutes, how original were your ideas or products?",NA,NA,32
"zhang_2020_trait_creativity_mood","zhang_2020_trait_creativity_mood_1","originality","12-item experience-sampling (ESM) questionnaire: state creativity and mood states (Zhang et al. 2020, PLOS ONE)","Chinese",NA,NA,"During the last 30 minutes, how original were your ideas or products?",NA,NA,33
"zhang_2020_trait_creativity_mood","zhang_2020_trait_creativity_mood_1","originality","12-item experience-sampling (ESM) questionnaire: state creativity and mood states (Zhang et al. 2020, PLOS ONE)","Chinese",NA,NA,"During the last 30 minutes, how original were your ideas or products?",NA,NA,34
"zhang_2020_trait_creativity_mood","zhang_2020_trait_creativity_mood_1","originality","12-item experience-sampling (ESM) questionnaire: state creativity and mood states (Zhang et al. 2020, PLOS ONE)","Chinese",NA,NA,"During the last 30 minutes, how original were your ideas or products?",NA,NA,35
"zhang_2020_trait_creativity_mood","zhang_2020_trait_creativity_mood_1","originality","12-item experience-sampling (ESM) questionnaire: state creativity and mood states (Zhang et al. 2020, PLOS ONE)","Chinese",NA,NA,"During the last 30 minutes, how original were your ideas or products?",NA,NA,36
"zhang_2020_trait_creativity_mood","zhang_2020_trait_creativity_mood_1","originality","12-item experience-sampling (ESM) questionnaire: state creativity and mood states (Zhang et al. 2020, PLOS ONE)","Chinese",NA,NA,"During the last 30 minutes, how original were your ideas or products?",NA,NA,37
"zhang_2020_trait_creativity_mood","zhang_2020_trait_creativity_mood_1","originality","12-item experience-sampling (ESM) questionnaire: state creativity and mood states (Zhang et al. 2020, PLOS ONE)","Chinese",NA,NA,"During the last 30 minutes, how original were your ideas or products?",NA,NA,38
"zhang_2020_trait_creativity_mood","zhang_2020_trait_creativity_mood_1","originality","12-item experience-sampling (ESM) questionnaire: state creativity and mood states (Zhang et al. 2020, PLOS ONE)","Chinese",NA,NA,"During the last 30 minutes, how original were your ideas or products?",NA,NA,39
"zhang_2020_trait_creativity_mood","zhang_2020_trait_creativity_mood_1","originality","12-item experience-sampling (ESM) questionnaire: state creativity and mood states (Zhang et al. 2020, PLOS ONE)","Chinese",NA,NA,"During the last 30 minutes, how original were your ideas or products?",NA,NA,40
"zhang_2020_trait_creativity_mood","zhang_2020_trait_creativity_mood_1","originality","12-item experience-sampling (ESM) questionnaire: state creativity and mood states (Zhang et al. 2020, PLOS ONE)","Chinese",NA,NA,"During the last 30 minutes, how original were your ideas or products?",NA,NA,41
"zhang_2020_trait_creativity_mood","zhang_2020_trait_creativity_mood_1","originality","12-item experience-sampling (ESM) questionnaire: state creativity and mood states (Zhang et al. 2020, PLOS ONE)","Chinese",NA,NA,"During the last 30 minutes, how original were your ideas or products?",NA,NA,42
"zhang_2020_trait_creativity_mood","zhang_2020_trait_creativity_mood_1","originality","12-item experience-sampling (ESM) questionnaire: state creativity and mood states (Zhang et al. 2020, PLOS ONE)","Chinese",NA,NA,"During the last 30 minutes, how original were your ideas or products?",NA,NA,43
"zhang_2020_trait_creativity_mood","zhang_2020_trait_creativity_mood_1","originality","12-item experience-sampling (ESM) questionnaire: state creativity and mood states (Zhang et al. 2020, PLOS ONE)","Chinese",NA,NA,"During the last 30 minutes, how original were your ideas or products?",NA,NA,44
"zhang_2020_trait_creativity_mood","zhang_2020_trait_creativity_mood_1","originality","12-item experience-sampling (ESM) questionnaire: state creativity and mood states (Zhang et al. 2020, PLOS ONE)","Chinese",NA,NA,"During the last 30 minutes, how original were your ideas or products?",NA,NA,45
"zhang_2020_trait_creativity_mood","zhang_2020_trait_creativity_mood_1","originality","12-item experience-sampling (ESM) questionnaire: state creativity and mood states (Zhang et al. 2020, PLOS ONE)","Chinese",NA,NA,"During the last 30 minutes, how original were your ideas or products?",NA,NA,46
"zhang_2020_trait_creativity_mood","zhang_2020_trait_creativity_mood_1","originality","12-item experience-sampling (ESM) questionnaire: state creativity and mood states (Zhang et al. 2020, PLOS ONE)","Chinese",NA,NA,"During the last 30 minutes, how original were your ideas or products?",NA,NA,47
"zhang_2020_trait_creativity_mood","zhang_2020_trait_creativity_mood_1","originality","12-item experience-sampling (ESM) questionnaire: state creativity and mood states (Zhang et al. 2020, PLOS ONE)","Chinese",NA,NA,"During the last 30 minutes, how original were your ideas or products?",NA,NA,48
"zhang_2020_trait_creativity_mood","zhang_2020_trait_creativity_mood_1","originality","12-item experience-sampling (ESM) questionnaire: state creativity and mood states (Zhang et al. 2020, PLOS ONE)","Chinese",NA,NA,"During the last 30 minutes, how original were your ideas or products?",NA,NA,49
"zhang_2020_trait_creativity_mood","zhang_2020_trait_creativity_mood_1","originality","12-item experience-sampling (ESM) questionnaire: state creativity and mood states (Zhang et al. 2020, PLOS ONE)","Chinese",NA,NA,"During the last 30 minutes, how original were your ideas or products?",NA,NA,50
"zhang_2020_trait_creativity_mood","zhang_2020_trait_creativity_mood_1","originality","12-item experience-sampling (ESM) questionnaire: state creativity and mood states (Zhang et al. 2020, PLOS ONE)","Chinese",NA,NA,"During the last 30 minutes, how original were your ideas or products?",NA,NA,51
"zhang_2020_trait_creativity_mood","zhang_2020_trait_creativity_mood_1","originality","12-item experience-sampling (ESM) questionnaire: state creativity and mood states (Zhang et al. 2020, PLOS ONE)","Chinese",NA,NA,"During the last 30 minutes, how original were your ideas or products?",NA,NA,52
"zhang_2020_trait_creativity_mood","zhang_2020_trait_creativity_mood_1","originality","12-item experience-sampling (ESM) questionnaire: state creativity and mood states (Zhang et al. 2020, PLOS ONE)","Chinese",NA,NA,"During the last 30 minutes, how original were your ideas or products?",NA,NA,53
"zhang_2020_trait_creativity_mood","zhang_2020_trait_creativity_mood_1","originality","12-item experience-sampling (ESM) questionnaire: state creativity and mood states (Zhang et al. 2020, PLOS ONE)","Chinese",NA,NA,"During the last 30 minutes, how original were your ideas or products?",NA,NA,54
"zhang_2020_trait_creativity_mood","zhang_2020_trait_creativity_mood_1","originality","12-item experience-sampling (ESM) questionnaire: state creativity and mood states (Zhang et al. 2020, PLOS ONE)","Chinese",NA,NA,"During the last 30 minutes, how original were your ideas or products?",NA,NA,55
"zhang_2020_trait_creativity_mood","zhang_2020_trait_creativity_mood_1","originality","12-item experience-sampling (ESM) questionnaire: state creativity and mood states (Zhang et al. 2020, PLOS ONE)","Chinese",NA,NA,"During the last 30 minutes, how original were your ideas or products?",NA,NA,56
"zhang_2020_trait_creativity_mood","zhang_2020_trait_creativity_mood_1","originality","12-item experience-sampling (ESM) questionnaire: state creativity and mood states (Zhang et al. 2020, PLOS ONE)","Chinese",NA,NA,"During the last 30 minutes, how original were your ideas or products?",NA,NA,57
"zhang_2020_trait_creativity_mood","zhang_2020_trait_creativity_mood_1","originality","12-item experience-sampling (ESM) questionnaire: state creativity and mood states (Zhang et al. 2020, PLOS ONE)","Chinese",NA,NA,"During the last 30 minutes, how original were your ideas or products?",NA,NA,58
"zhang_2020_trait_creativity_mood","zhang_2020_trait_creativity_mood_1","originality","12-item experience-sampling (ESM) questionnaire: state creativity and mood states (Zhang et al. 2020, PLOS ONE)","Chinese",NA,NA,"During the last 30 minutes, how original were your ideas or products?",NA,NA,59
"zhang_2020_trait_creativity_mood","zhang_2020_trait_creativity_mood_1","originality","12-item experience-sampling (ESM) questionnaire: state creativity and mood states (Zhang et al. 2020, PLOS ONE)","Chinese",NA,NA,"During the last 30 minutes, how original were your ideas or products?",NA,NA,60
"zhang_2020_trait_creativity_mood","zhang_2020_trait_creativity_mood_1","originality","12-item experience-sampling (ESM) questionnaire: state creativity and mood states (Zhang et al. 2020, PLOS ONE)","Chinese",NA,NA,"During the last 30 minutes, how original were your ideas or products?",NA,NA,61
"zhang_2020_trait_creativity_mood","zhang_2020_trait_creativity_mood_1","originality","12-item experience-sampling (ESM) questionnaire: state creativity and mood states (Zhang et al. 2020, PLOS ONE)","Chinese",NA,NA,"During the last 30 minutes, how original were your ideas or products?",NA,NA,62
"zhang_2020_trait_creativity_mood","zhang_2020_trait_creativity_mood_1","originality","12-item experience-sampling (ESM) questionnaire: state creativity and mood states (Zhang et al. 2020, PLOS ONE)","Chinese",NA,NA,"During the last 30 minutes, how original were your ideas or products?",NA,NA,63
"zhang_2020_trait_creativity_mood","zhang_2020_trait_creativity_mood_1","originality","12-item experience-sampling (ESM) questionnaire: state creativity and mood states (Zhang et al. 2020, PLOS ONE)","Chinese",NA,NA,"During the last 30 minutes, how original were your ideas or products?",NA,NA,64
"zhang_2020_trait_creativity_mood","zhang_2020_trait_creativity_mood_1","originality","12-item experience-sampling (ESM) questionnaire: state creativity and mood states (Zhang et al. 2020, PLOS ONE)","Chinese",NA,NA,"During the last 30 minutes, how original were your ideas or products?",NA,NA,65
"zhang_2020_trait_creativity_mood","zhang_2020_trait_creativity_mood_1","originality","12-item experience-sampling (ESM) questionnaire: state creativity and mood states (Zhang et al. 2020, PLOS ONE)","Chinese",NA,NA,"During the last 30 minutes, how original were your ideas or products?",NA,NA,66
"zhang_2020_trait_creativity_mood","zhang_2020_trait_creativity_mood_1","originality","12-item experience-sampling (ESM) questionnaire: state creativity and mood states (Zhang et al. 2020, PLOS ONE)","Chinese",NA,NA,"During the last 30 minutes, how original were your ideas or products?",NA,NA,67
"zhang_2020_trait_creativity_mood","zhang_2020_trait_creativity_mood_1","originality","12-item experience-sampling (ESM) questionnaire: state creativity and mood states (Zhang et al. 2020, PLOS ONE)","Chinese",NA,NA,"During the last 30 minutes, how original were your ideas or products?",NA,NA,68
"zhang_2020_trait_creativity_mood","zhang_2020_trait_creativity_mood_1","originality","12-item experience-sampling (ESM) questionnaire: state creativity and mood states (Zhang et al. 2020, PLOS ONE)","Chinese",NA,NA,"During the last 30 minutes, how original were your ideas or products?",NA,NA,69
"zhang_2020_trait_creativity_mood","zhang_2020_trait_creativity_mood_1","originality","12-item experience-sampling (ESM) questionnaire: state creativity and mood states (Zhang et al. 2020, PLOS ONE)","Chinese",NA,NA,"During the last 30 minutes, how original were your ideas or products?",NA,NA,70
"zhang_2020_trait_creativity_mood","zhang_2020_trait_creativity_mood_1","originality","12-item experience-sampling (ESM) questionnaire: state creativity and mood states (Zhang et al. 2020, PLOS ONE)","Chinese",NA,NA,"During the last 30 minutes, how original were your ideas or products?",NA,NA,71
"zhang_2020_trait_creativity_mood","zhang_2020_trait_creativity_mood_1","originality","12-item experience-sampling (ESM) questionnaire: state creativity and mood states (Zhang et al. 2020, PLOS ONE)","Chinese",NA,NA,"During the last 30 minutes, how original were your ideas or products?",NA,NA,72
"zhang_2020_trait_creativity_mood","zhang_2020_trait_creativity_mood_1","originality","12-item experience-sampling (ESM) questionnaire: state creativity and mood states (Zhang et al. 2020, PLOS ONE)","Chinese",NA,NA,"During the last 30 minutes, how original were your ideas or products?",NA,NA,73
"zhang_2020_trait_creativity_mood","zhang_2020_trait_creativity_mood_1","originality","12-item experience-sampling (ESM) questionnaire: state creativity and mood states (Zhang et al. 2020, PLOS ONE)","Chinese",NA,NA,"During the last 30 minutes, how original were your ideas or products?",NA,NA,74
"zhang_2020_trait_creativity_mood","zhang_2020_trait_creativity_mood_1","originality","12-item experience-sampling (ESM) questionnaire: state creativity and mood states (Zhang et al. 2020, PLOS ONE)","Chinese",NA,NA,"During the last 30 minutes, how original were your ideas or products?",NA,NA,75
"zhang_2020_trait_creativity_mood","zhang_2020_trait_creativity_mood_1","originality","12-item experience-sampling (ESM) questionnaire: state creativity and mood states (Zhang et al. 2020, PLOS ONE)","Chinese",NA,NA,"During the last 30 minutes, how original were your ideas or products?",NA,NA,76
"zhang_2020_trait_creativity_mood","zhang_2020_trait_creativity_mood_1","originality","12-item experience-sampling (ESM) questionnaire: state creativity and mood states (Zhang et al. 2020, PLOS ONE)","Chinese",NA,NA,"During the last 30 minutes, how original were your ideas or products?",NA,NA,77
"zhang_2020_trait_creativity_mood","zhang_2020_trait_creativity_mood_1","originality","12-item experience-sampling (ESM) questionnaire: state creativity and mood states (Zhang et al. 2020, PLOS ONE)","Chinese",NA,NA,"During the last 30 minutes, how original were your ideas or products?",NA,NA,78
"zhang_2020_trait_creativity_mood","zhang_2020_trait_creativity_mood_1","originality","12-item experience-sampling (ESM) questionnaire: state creativity and mood states (Zhang et al. 2020, PLOS ONE)","Chinese",NA,NA,"During the last 30 minutes, how original were your ideas or products?",NA,NA,79
"zhang_2020_trait_creativity_mood","zhang_2020_trait_creativity_mood_1","originality","12-item experience-sampling (ESM) questionnaire: state creativity and mood states (Zhang et al. 2020, PLOS ONE)","Chinese",NA,NA,"During the last 30 minutes, how original were your ideas or products?",NA,NA,80
"zhang_2020_trait_creativity_mood","zhang_2020_trait_creativity_mood_1","originality","12-item experience-sampling (ESM) questionnaire: state creativity and mood states (Zhang et al. 2020, PLOS ONE)","Chinese",NA,NA,"During the last 30 minutes, how original were your ideas or products?",NA,NA,81
"zhang_2020_trait_creativity_mood","zhang_2020_trait_creativity_mood_1","originality","12-item experience-sampling (ESM) questionnaire: state creativity and mood states (Zhang et al. 2020, PLOS ONE)","Chinese",NA,NA,"During the last 30 minutes, how original were your ideas or products?",NA,NA,82
"zhang_2020_trait_creativity_mood","zhang_2020_trait_creativity_mood_1","originality","12-item experience-sampling (ESM) questionnaire: state creativity and mood states (Zhang et al. 2020, PLOS ONE)","Chinese",NA,NA,"During the last 30 minutes, how original were your ideas or products?",NA,NA,83
"zhang_2020_trait_creativity_mood","zhang_2020_trait_creativity_mood_1","originality","12-item experience-sampling (ESM) questionnaire: state creativity and mood states (Zhang et al. 2020, PLOS ONE)","Chinese",NA,NA,"During the last 30 minutes, how original were your ideas or products?",NA,NA,84
"zhang_2020_trait_creativity_mood","zhang_2020_trait_creativity_mood_1","originality","12-item experience-sampling (ESM) questionnaire: state creativity and mood states (Zhang et al. 2020, PLOS ONE)","Chinese",NA,NA,"During the last 30 minutes, how original were your ideas or products?",NA,NA,85
"zhang_2020_trait_creativity_mood","zhang_2020_trait_creativity_mood_1","originality","12-item experience-sampling (ESM) questionnaire: state creativity and mood states (Zhang et al. 2020, PLOS ONE)","Chinese",NA,NA,"During the last 30 minutes, how original were your ideas or products?",NA,NA,86
"zhang_2020_trait_creativity_mood","zhang_2020_trait_creativity_mood_1","originality","12-item experience-sampling (ESM) questionnaire: state creativity and mood states (Zhang et al. 2020, PLOS ONE)","Chinese",NA,NA,"During the last 30 minutes, how original were your ideas or products?",NA,NA,87
"zhang_2020_trait_creativity_mood","zhang_2020_trait_creativity_mood_1","originality","12-item experience-sampling (ESM) questionnaire: state creativity and mood states (Zhang et al. 2020, PLOS ONE)","Chinese",NA,NA,"During the last 30 minutes, how original were your ideas or products?",NA,NA,88
"zhang_2020_trait_creativity_mood","zhang_2020_trait_creativity_mood_1","originality","12-item experience-sampling (ESM) questionnaire: state creativity and mood states (Zhang et al. 2020, PLOS ONE)","Chinese",NA,NA,"During the last 30 minutes, how original were your ideas or products?",NA,NA,89
"zhang_2020_trait_creativity_mood","zhang_2020_trait_creativity_mood_1","originality","12-item experience-sampling (ESM) questionnaire: state creativity and mood states (Zhang et al. 2020, PLOS ONE)","Chinese",NA,NA,"During the last 30 minutes, how original were your ideas or products?",NA,NA,90
"zhang_2020_trait_creativity_mood","zhang_2020_trait_creativity_mood_1","originality","12-item experience-sampling (ESM) questionnaire: state creativity and mood states (Zhang et al. 2020, PLOS ONE)","Chinese",NA,NA,"During the last 30 minutes, how original were your ideas or products?",NA,NA,91
"zhang_2020_trait_creativity_mood","zhang_2020_trait_creativity_mood_1","originality","12-item experience-sampling (ESM) questionnaire: state creativity and mood states (Zhang et al. 2020, PLOS ONE)","Chinese",NA,NA,"During the last 30 minutes, how original were your ideas or products?",NA,NA,92
"zhang_2020_trait_creativity_mood","zhang_2020_trait_creativity_mood_1","originality","12-item experience-sampling (ESM) questionnaire: state creativity and mood states (Zhang et al. 2020, PLOS ONE)","Chinese",NA,NA,"During the last 30 minutes, how original were your ideas or products?",NA,NA,93
"zhang_2020_trait_creativity_mood","zhang_2020_trait_creativity_mood_1","originality","12-item experience-sampling (ESM) questionnaire: state creativity and mood states (Zhang et al. 2020, PLOS ONE)","Chinese",NA,NA,"During the last 30 minutes, how original were your ideas or products?",NA,NA,94
"zhang_2020_trait_creativity_mood","zhang_2020_trait_creativity_mood_1","originality","12-item experience-sampling (ESM) questionnaire: state creativity and mood states (Zhang et al. 2020, PLOS ONE)","Chinese",NA,NA,"During the last 30 minutes, how original were your ideas or products?",NA,NA,95
"zhang_2020_trait_creativity_mood","zhang_2020_trait_creativity_mood_1","originality","12-item experience-sampling (ESM) questionnaire: state creativity and mood states (Zhang et al. 2020, PLOS ONE)","Chinese",NA,NA,"During the last 30 minutes, how original were your ideas or products?",NA,NA,96
"zhang_2020_trait_creativity_mood","zhang_2020_trait_creativity_mood_1","originality","12-item experience-sampling (ESM) questionnaire: state creativity and mood states (Zhang et al. 2020, PLOS ONE)","Chinese",NA,NA,"During the last 30 minutes, how original were your ideas or products?",NA,NA,97
"zhang_2020_trait_creativity_mood","zhang_2020_trait_creativity_mood_1","originality","12-item experience-sampling (ESM) questionnaire: state creativity and mood states (Zhang et al. 2020, PLOS ONE)","Chinese",NA,NA,"During the last 30 minutes, how original were your ideas or products?",NA,NA,98
"zhang_2020_trait_creativity_mood","zhang_2020_trait_creativity_mood_1","originality","12-item experience-sampling (ESM) questionnaire: state creativity and mood states (Zhang et al. 2020, PLOS ONE)","Chinese",NA,NA,"During the last 30 minutes, how original were your ideas or products?",NA,NA,99
"zhang_2020_trait_creativity_mood","zhang_2020_trait_creativity_mood_1","originality","12-item experience-sampling (ESM) questionnaire: state creativity and mood states (Zhang et al. 2020, PLOS ONE)","Chinese",NA,NA,"During the last 30 minutes, how original were your ideas or products?",NA,"highest",100
"zhang_2020_trait_creativity_mood","zhang_2020_trait_creativity_mood_1","usefulness","12-item experience-sampling (ESM) questionnaire: state creativity and mood states (Zhang et al. 2020, PLOS ONE)","Chinese",NA,NA,"During the last 30 minutes, how useful were your ideas or products?",NA,"lowest",0
"zhang_2020_trait_creativity_mood","zhang_2020_trait_creativity_mood_1","usefulness","12-item experience-sampling (ESM) questionnaire: state creativity and mood states (Zhang et al. 2020, PLOS ONE)","Chinese",NA,NA,"During the last 30 minutes, how useful were your ideas or products?",NA,NA,1
"zhang_2020_trait_creativity_mood","zhang_2020_trait_creativity_mood_1","usefulness","12-item experience-sampling (ESM) questionnaire: state creativity and mood states (Zhang et al. 2020, PLOS ONE)","Chinese",NA,NA,"During the last 30 minutes, how useful were your ideas or products?",NA,NA,2
"zhang_2020_trait_creativity_mood","zhang_2020_trait_creativity_mood_1","usefulness","12-item experience-sampling (ESM) questionnaire: state creativity and mood states (Zhang et al. 2020, PLOS ONE)","Chinese",NA,NA,"During the last 30 minutes, how useful were your ideas or products?",NA,NA,3
"zhang_2020_trait_creativity_mood","zhang_2020_trait_creativity_mood_1","usefulness","12-item experience-sampling (ESM) questionnaire: state creativity and mood states (Zhang et al. 2020, PLOS ONE)","Chinese",NA,NA,"During the last 30 minutes, how useful were your ideas or products?",NA,NA,4
"zhang_2020_trait_creativity_mood","zhang_2020_trait_creativity_mood_1","usefulness","12-item experience-sampling (ESM) questionnaire: state creativity and mood states (Zhang et al. 2020, PLOS ONE)","Chinese",NA,NA,"During the last 30 minutes, how useful were your ideas or products?",NA,NA,5
"zhang_2020_trait_creativity_mood","zhang_2020_trait_creativity_mood_1","usefulness","12-item experience-sampling (ESM) questionnaire: state creativity and mood states (Zhang et al. 2020, PLOS ONE)","Chinese",NA,NA,"During the last 30 minutes, how useful were your ideas or products?",NA,NA,6
"zhang_2020_trait_creativity_mood","zhang_2020_trait_creativity_mood_1","usefulness","12-item experience-sampling (ESM) questionnaire: state creativity and mood states (Zhang et al. 2020, PLOS ONE)","Chinese",NA,NA,"During the last 30 minutes, how useful were your ideas or products?",NA,NA,7
"zhang_2020_trait_creativity_mood","zhang_2020_trait_creativity_mood_1","usefulness","12-item experience-sampling (ESM) questionnaire: state creativity and mood states (Zhang et al. 2020, PLOS ONE)","Chinese",NA,NA,"During the last 30 minutes, how useful were your ideas or products?",NA,NA,8
"zhang_2020_trait_creativity_mood","zhang_2020_trait_creativity_mood_1","usefulness","12-item experience-sampling (ESM) questionnaire: state creativity and mood states (Zhang et al. 2020, PLOS ONE)","Chinese",NA,NA,"During the last 30 minutes, how useful were your ideas or products?",NA,NA,9
"zhang_2020_trait_creativity_mood","zhang_2020_trait_creativity_mood_1","usefulness","12-item experience-sampling (ESM) questionnaire: state creativity and mood states (Zhang et al. 2020, PLOS ONE)","Chinese",NA,NA,"During the last 30 minutes, how useful were your ideas or products?",NA,NA,10
"zhang_2020_trait_creativity_mood","zhang_2020_trait_creativity_mood_1","usefulness","12-item experience-sampling (ESM) questionnaire: state creativity and mood states (Zhang et al. 2020, PLOS ONE)","Chinese",NA,NA,"During the last 30 minutes, how useful were your ideas or products?",NA,NA,11
"zhang_2020_trait_creativity_mood","zhang_2020_trait_creativity_mood_1","usefulness","12-item experience-sampling (ESM) questionnaire: state creativity and mood states (Zhang et al. 2020, PLOS ONE)","Chinese",NA,NA,"During the last 30 minutes, how useful were your ideas or products?",NA,NA,12
"zhang_2020_trait_creativity_mood","zhang_2020_trait_creativity_mood_1","usefulness","12-item experience-sampling (ESM) questionnaire: state creativity and mood states (Zhang et al. 2020, PLOS ONE)","Chinese",NA,NA,"During the last 30 minutes, how useful were your ideas or products?",NA,NA,13
"zhang_2020_trait_creativity_mood","zhang_2020_trait_creativity_mood_1","usefulness","12-item experience-sampling (ESM) questionnaire: state creativity and mood states (Zhang et al. 2020, PLOS ONE)","Chinese",NA,NA,"During the last 30 minutes, how useful were your ideas or products?",NA,NA,14
"zhang_2020_trait_creativity_mood","zhang_2020_trait_creativity_mood_1","usefulness","12-item experience-sampling (ESM) questionnaire: state creativity and mood states (Zhang et al. 2020, PLOS ONE)","Chinese",NA,NA,"During the last 30 minutes, how useful were your ideas or products?",NA,NA,15
"zhang_2020_trait_creativity_mood","zhang_2020_trait_creativity_mood_1","usefulness","12-item experience-sampling (ESM) questionnaire: state creativity and mood states (Zhang et al. 2020, PLOS ONE)","Chinese",NA,NA,"During the last 30 minutes, how useful were your ideas or products?",NA,NA,16
"zhang_2020_trait_creativity_mood","zhang_2020_trait_creativity_mood_1","usefulness","12-item experience-sampling (ESM) questionnaire: state creativity and mood states (Zhang et al. 2020, PLOS ONE)","Chinese",NA,NA,"During the last 30 minutes, how useful were your ideas or products?",NA,NA,17
"zhang_2020_trait_creativity_mood","zhang_2020_trait_creativity_mood_1","usefulness","12-item experience-sampling (ESM) questionnaire: state creativity and mood states (Zhang et al. 2020, PLOS ONE)","Chinese",NA,NA,"During the last 30 minutes, how useful were your ideas or products?",NA,NA,18
"zhang_2020_trait_creativity_mood","zhang_2020_trait_creativity_mood_1","usefulness","12-item experience-sampling (ESM) questionnaire: state creativity and mood states (Zhang et al. 2020, PLOS ONE)","Chinese",NA,NA,"During the last 30 minutes, how useful were your ideas or products?",NA,NA,19
"zhang_2020_trait_creativity_mood","zhang_2020_trait_creativity_mood_1","usefulness","12-item experience-sampling (ESM) questionnaire: state creativity and mood states (Zhang et al. 2020, PLOS ONE)","Chinese",NA,NA,"During the last 30 minutes, how useful were your ideas or products?",NA,NA,20
"zhang_2020_trait_creativity_mood","zhang_2020_trait_creativity_mood_1","usefulness","12-item experience-sampling (ESM) questionnaire: state creativity and mood states (Zhang et al. 2020, PLOS ONE)","Chinese",NA,NA,"During the last 30 minutes, how useful were your ideas or products?",NA,NA,21
"zhang_2020_trait_creativity_mood","zhang_2020_trait_creativity_mood_1","usefulness","12-item experience-sampling (ESM) questionnaire: state creativity and mood states (Zhang et al. 2020, PLOS ONE)","Chinese",NA,NA,"During the last 30 minutes, how useful were your ideas or products?",NA,NA,22
"zhang_2020_trait_creativity_mood","zhang_2020_trait_creativity_mood_1","usefulness","12-item experience-sampling (ESM) questionnaire: state creativity and mood states (Zhang et al. 2020, PLOS ONE)","Chinese",NA,NA,"During the last 30 minutes, how useful were your ideas or products?",NA,NA,23
"zhang_2020_trait_creativity_mood","zhang_2020_trait_creativity_mood_1","usefulness","12-item experience-sampling (ESM) questionnaire: state creativity and mood states (Zhang et al. 2020, PLOS ONE)","Chinese",NA,NA,"During the last 30 minutes, how useful were your ideas or products?",NA,NA,24
"zhang_2020_trait_creativity_mood","zhang_2020_trait_creativity_mood_1","usefulness","12-item experience-sampling (ESM) questionnaire: state creativity and mood states (Zhang et al. 2020, PLOS ONE)","Chinese",NA,NA,"During the last 30 minutes, how useful were your ideas or products?",NA,NA,25
"zhang_2020_trait_creativity_mood","zhang_2020_trait_creativity_mood_1","usefulness","12-item experience-sampling (ESM) questionnaire: state creativity and mood states (Zhang et al. 2020, PLOS ONE)","Chinese",NA,NA,"During the last 30 minutes, how useful were your ideas or products?",NA,NA,26
"zhang_2020_trait_creativity_mood","zhang_2020_trait_creativity_mood_1","usefulness","12-item experience-sampling (ESM) questionnaire: state creativity and mood states (Zhang et al. 2020, PLOS ONE)","Chinese",NA,NA,"During the last 30 minutes, how useful were your ideas or products?",NA,NA,27
"zhang_2020_trait_creativity_mood","zhang_2020_trait_creativity_mood_1","usefulness","12-item experience-sampling (ESM) questionnaire: state creativity and mood states (Zhang et al. 2020, PLOS ONE)","Chinese",NA,NA,"During the last 30 minutes, how useful were your ideas or products?",NA,NA,28
"zhang_2020_trait_creativity_mood","zhang_2020_trait_creativity_mood_1","usefulness","12-item experience-sampling (ESM) questionnaire: state creativity and mood states (Zhang et al. 2020, PLOS ONE)","Chinese",NA,NA,"During the last 30 minutes, how useful were your ideas or products?",NA,NA,29
"zhang_2020_trait_creativity_mood","zhang_2020_trait_creativity_mood_1","usefulness","12-item experience-sampling (ESM) questionnaire: state creativity and mood states (Zhang et al. 2020, PLOS ONE)","Chinese",NA,NA,"During the last 30 minutes, how useful were your ideas or products?",NA,NA,30
"zhang_2020_trait_creativity_mood","zhang_2020_trait_creativity_mood_1","usefulness","12-item experience-sampling (ESM) questionnaire: state creativity and mood states (Zhang et al. 2020, PLOS ONE)","Chinese",NA,NA,"During the last 30 minutes, how useful were your ideas or products?",NA,NA,31
"zhang_2020_trait_creativity_mood","zhang_2020_trait_creativity_mood_1","usefulness","12-item experience-sampling (ESM) questionnaire: state creativity and mood states (Zhang et al. 2020, PLOS ONE)","Chinese",NA,NA,"During the last 30 minutes, how useful were your ideas or products?",NA,NA,32
"zhang_2020_trait_creativity_mood","zhang_2020_trait_creativity_mood_1","usefulness","12-item experience-sampling (ESM) questionnaire: state creativity and mood states (Zhang et al. 2020, PLOS ONE)","Chinese",NA,NA,"During the last 30 minutes, how useful were your ideas or products?",NA,NA,33
"zhang_2020_trait_creativity_mood","zhang_2020_trait_creativity_mood_1","usefulness","12-item experience-sampling (ESM) questionnaire: state creativity and mood states (Zhang et al. 2020, PLOS ONE)","Chinese",NA,NA,"During the last 30 minutes, how useful were your ideas or products?",NA,NA,34
"zhang_2020_trait_creativity_mood","zhang_2020_trait_creativity_mood_1","usefulness","12-item experience-sampling (ESM) questionnaire: state creativity and mood states (Zhang et al. 2020, PLOS ONE)","Chinese",NA,NA,"During the last 30 minutes, how useful were your ideas or products?",NA,NA,35
"zhang_2020_trait_creativity_mood","zhang_2020_trait_creativity_mood_1","usefulness","12-item experience-sampling (ESM) questionnaire: state creativity and mood states (Zhang et al. 2020, PLOS ONE)","Chinese",NA,NA,"During the last 30 minutes, how useful were your ideas or products?",NA,NA,36
"zhang_2020_trait_creativity_mood","zhang_2020_trait_creativity_mood_1","usefulness","12-item experience-sampling (ESM) questionnaire: state creativity and mood states (Zhang et al. 2020, PLOS ONE)","Chinese",NA,NA,"During the last 30 minutes, how useful were your ideas or products?",NA,NA,37
"zhang_2020_trait_creativity_mood","zhang_2020_trait_creativity_mood_1","usefulness","12-item experience-sampling (ESM) questionnaire: state creativity and mood states (Zhang et al. 2020, PLOS ONE)","Chinese",NA,NA,"During the last 30 minutes, how useful were your ideas or products?",NA,NA,38
"zhang_2020_trait_creativity_mood","zhang_2020_trait_creativity_mood_1","usefulness","12-item experience-sampling (ESM) questionnaire: state creativity and mood states (Zhang et al. 2020, PLOS ONE)","Chinese",NA,NA,"During the last 30 minutes, how useful were your ideas or products?",NA,NA,39
"zhang_2020_trait_creativity_mood","zhang_2020_trait_creativity_mood_1","usefulness","12-item experience-sampling (ESM) questionnaire: state creativity and mood states (Zhang et al. 2020, PLOS ONE)","Chinese",NA,NA,"During the last 30 minutes, how useful were your ideas or products?",NA,NA,40
"zhang_2020_trait_creativity_mood","zhang_2020_trait_creativity_mood_1","usefulness","12-item experience-sampling (ESM) questionnaire: state creativity and mood states (Zhang et al. 2020, PLOS ONE)","Chinese",NA,NA,"During the last 30 minutes, how useful were your ideas or products?",NA,NA,41
"zhang_2020_trait_creativity_mood","zhang_2020_trait_creativity_mood_1","usefulness","12-item experience-sampling (ESM) questionnaire: state creativity and mood states (Zhang et al. 2020, PLOS ONE)","Chinese",NA,NA,"During the last 30 minutes, how useful were your ideas or products?",NA,NA,42
"zhang_2020_trait_creativity_mood","zhang_2020_trait_creativity_mood_1","usefulness","12-item experience-sampling (ESM) questionnaire: state creativity and mood states (Zhang et al. 2020, PLOS ONE)","Chinese",NA,NA,"During the last 30 minutes, how useful were your ideas or products?",NA,NA,43
"zhang_2020_trait_creativity_mood","zhang_2020_trait_creativity_mood_1","usefulness","12-item experience-sampling (ESM) questionnaire: state creativity and mood states (Zhang et al. 2020, PLOS ONE)","Chinese",NA,NA,"During the last 30 minutes, how useful were your ideas or products?",NA,NA,44
"zhang_2020_trait_creativity_mood","zhang_2020_trait_creativity_mood_1","usefulness","12-item experience-sampling (ESM) questionnaire: state creativity and mood states (Zhang et al. 2020, PLOS ONE)","Chinese",NA,NA,"During the last 30 minutes, how useful were your ideas or products?",NA,NA,45
"zhang_2020_trait_creativity_mood","zhang_2020_trait_creativity_mood_1","usefulness","12-item experience-sampling (ESM) questionnaire: state creativity and mood states (Zhang et al. 2020, PLOS ONE)","Chinese",NA,NA,"During the last 30 minutes, how useful were your ideas or products?",NA,NA,46
"zhang_2020_trait_creativity_mood","zhang_2020_trait_creativity_mood_1","usefulness","12-item experience-sampling (ESM) questionnaire: state creativity and mood states (Zhang et al. 2020, PLOS ONE)","Chinese",NA,NA,"During the last 30 minutes, how useful were your ideas or products?",NA,NA,47
"zhang_2020_trait_creativity_mood","zhang_2020_trait_creativity_mood_1","usefulness","12-item experience-sampling (ESM) questionnaire: state creativity and mood states (Zhang et al. 2020, PLOS ONE)","Chinese",NA,NA,"During the last 30 minutes, how useful were your ideas or products?",NA,NA,48
"zhang_2020_trait_creativity_mood","zhang_2020_trait_creativity_mood_1","usefulness","12-item experience-sampling (ESM) questionnaire: state creativity and mood states (Zhang et al. 2020, PLOS ONE)","Chinese",NA,NA,"During the last 30 minutes, how useful were your ideas or products?",NA,NA,49
"zhang_2020_trait_creativity_mood","zhang_2020_trait_creativity_mood_1","usefulness","12-item experience-sampling (ESM) questionnaire: state creativity and mood states (Zhang et al. 2020, PLOS ONE)","Chinese",NA,NA,"During the last 30 minutes, how useful were your ideas or products?",NA,NA,50
"zhang_2020_trait_creativity_mood","zhang_2020_trait_creativity_mood_1","usefulness","12-item experience-sampling (ESM) questionnaire: state creativity and mood states (Zhang et al. 2020, PLOS ONE)","Chinese",NA,NA,"During the last 30 minutes, how useful were your ideas or products?",NA,NA,51
"zhang_2020_trait_creativity_mood","zhang_2020_trait_creativity_mood_1","usefulness","12-item experience-sampling (ESM) questionnaire: state creativity and mood states (Zhang et al. 2020, PLOS ONE)","Chinese",NA,NA,"During the last 30 minutes, how useful were your ideas or products?",NA,NA,52
"zhang_2020_trait_creativity_mood","zhang_2020_trait_creativity_mood_1","usefulness","12-item experience-sampling (ESM) questionnaire: state creativity and mood states (Zhang et al. 2020, PLOS ONE)","Chinese",NA,NA,"During the last 30 minutes, how useful were your ideas or products?",NA,NA,53
"zhang_2020_trait_creativity_mood","zhang_2020_trait_creativity_mood_1","usefulness","12-item experience-sampling (ESM) questionnaire: state creativity and mood states (Zhang et al. 2020, PLOS ONE)","Chinese",NA,NA,"During the last 30 minutes, how useful were your ideas or products?",NA,NA,54
"zhang_2020_trait_creativity_mood","zhang_2020_trait_creativity_mood_1","usefulness","12-item experience-sampling (ESM) questionnaire: state creativity and mood states (Zhang et al. 2020, PLOS ONE)","Chinese",NA,NA,"During the last 30 minutes, how useful were your ideas or products?",NA,NA,55
"zhang_2020_trait_creativity_mood","zhang_2020_trait_creativity_mood_1","usefulness","12-item experience-sampling (ESM) questionnaire: state creativity and mood states (Zhang et al. 2020, PLOS ONE)","Chinese",NA,NA,"During the last 30 minutes, how useful were your ideas or products?",NA,NA,56
"zhang_2020_trait_creativity_mood","zhang_2020_trait_creativity_mood_1","usefulness","12-item experience-sampling (ESM) questionnaire: state creativity and mood states (Zhang et al. 2020, PLOS ONE)","Chinese",NA,NA,"During the last 30 minutes, how useful were your ideas or products?",NA,NA,57
"zhang_2020_trait_creativity_mood","zhang_2020_trait_creativity_mood_1","usefulness","12-item experience-sampling (ESM) questionnaire: state creativity and mood states (Zhang et al. 2020, PLOS ONE)","Chinese",NA,NA,"During the last 30 minutes, how useful were your ideas or products?",NA,NA,58
"zhang_2020_trait_creativity_mood","zhang_2020_trait_creativity_mood_1","usefulness","12-item experience-sampling (ESM) questionnaire: state creativity and mood states (Zhang et al. 2020, PLOS ONE)","Chinese",NA,NA,"During the last 30 minutes, how useful were your ideas or products?",NA,NA,59
"zhang_2020_trait_creativity_mood","zhang_2020_trait_creativity_mood_1","usefulness","12-item experience-sampling (ESM) questionnaire: state creativity and mood states (Zhang et al. 2020, PLOS ONE)","Chinese",NA,NA,"During the last 30 minutes, how useful were your ideas or products?",NA,NA,60
"zhang_2020_trait_creativity_mood","zhang_2020_trait_creativity_mood_1","usefulness","12-item experience-sampling (ESM) questionnaire: state creativity and mood states (Zhang et al. 2020, PLOS ONE)","Chinese",NA,NA,"During the last 30 minutes, how useful were your ideas or products?",NA,NA,61
"zhang_2020_trait_creativity_mood","zhang_2020_trait_creativity_mood_1","usefulness","12-item experience-sampling (ESM) questionnaire: state creativity and mood states (Zhang et al. 2020, PLOS ONE)","Chinese",NA,NA,"During the last 30 minutes, how useful were your ideas or products?",NA,NA,62
"zhang_2020_trait_creativity_mood","zhang_2020_trait_creativity_mood_1","usefulness","12-item experience-sampling (ESM) questionnaire: state creativity and mood states (Zhang et al. 2020, PLOS ONE)","Chinese",NA,NA,"During the last 30 minutes, how useful were your ideas or products?",NA,NA,63
"zhang_2020_trait_creativity_mood","zhang_2020_trait_creativity_mood_1","usefulness","12-item experience-sampling (ESM) questionnaire: state creativity and mood states (Zhang et al. 2020, PLOS ONE)","Chinese",NA,NA,"During the last 30 minutes, how useful were your ideas or products?",NA,NA,64
"zhang_2020_trait_creativity_mood","zhang_2020_trait_creativity_mood_1","usefulness","12-item experience-sampling (ESM) questionnaire: state creativity and mood states (Zhang et al. 2020, PLOS ONE)","Chinese",NA,NA,"During the last 30 minutes, how useful were your ideas or products?",NA,NA,65
"zhang_2020_trait_creativity_mood","zhang_2020_trait_creativity_mood_1","usefulness","12-item experience-sampling (ESM) questionnaire: state creativity and mood states (Zhang et al. 2020, PLOS ONE)","Chinese",NA,NA,"During the last 30 minutes, how useful were your ideas or products?",NA,NA,66
"zhang_2020_trait_creativity_mood","zhang_2020_trait_creativity_mood_1","usefulness","12-item experience-sampling (ESM) questionnaire: state creativity and mood states (Zhang et al. 2020, PLOS ONE)","Chinese",NA,NA,"During the last 30 minutes, how useful were your ideas or products?",NA,NA,67
"zhang_2020_trait_creativity_mood","zhang_2020_trait_creativity_mood_1","usefulness","12-item experience-sampling (ESM) questionnaire: state creativity and mood states (Zhang et al. 2020, PLOS ONE)","Chinese",NA,NA,"During the last 30 minutes, how useful were your ideas or products?",NA,NA,68
"zhang_2020_trait_creativity_mood","zhang_2020_trait_creativity_mood_1","usefulness","12-item experience-sampling (ESM) questionnaire: state creativity and mood states (Zhang et al. 2020, PLOS ONE)","Chinese",NA,NA,"During the last 30 minutes, how useful were your ideas or products?",NA,NA,69
"zhang_2020_trait_creativity_mood","zhang_2020_trait_creativity_mood_1","usefulness","12-item experience-sampling (ESM) questionnaire: state creativity and mood states (Zhang et al. 2020, PLOS ONE)","Chinese",NA,NA,"During the last 30 minutes, how useful were your ideas or products?",NA,NA,70
"zhang_2020_trait_creativity_mood","zhang_2020_trait_creativity_mood_1","usefulness","12-item experience-sampling (ESM) questionnaire: state creativity and mood states (Zhang et al. 2020, PLOS ONE)","Chinese",NA,NA,"During the last 30 minutes, how useful were your ideas or products?",NA,NA,71
"zhang_2020_trait_creativity_mood","zhang_2020_trait_creativity_mood_1","usefulness","12-item experience-sampling (ESM) questionnaire: state creativity and mood states (Zhang et al. 2020, PLOS ONE)","Chinese",NA,NA,"During the last 30 minutes, how useful were your ideas or products?",NA,NA,72
"zhang_2020_trait_creativity_mood","zhang_2020_trait_creativity_mood_1","usefulness","12-item experience-sampling (ESM) questionnaire: state creativity and mood states (Zhang et al. 2020, PLOS ONE)","Chinese",NA,NA,"During the last 30 minutes, how useful were your ideas or products?",NA,NA,73
"zhang_2020_trait_creativity_mood","zhang_2020_trait_creativity_mood_1","usefulness","12-item experience-sampling (ESM) questionnaire: state creativity and mood states (Zhang et al. 2020, PLOS ONE)","Chinese",NA,NA,"During the last 30 minutes, how useful were your ideas or products?",NA,NA,74
"zhang_2020_trait_creativity_mood","zhang_2020_trait_creativity_mood_1","usefulness","12-item experience-sampling (ESM) questionnaire: state creativity and mood states (Zhang et al. 2020, PLOS ONE)","Chinese",NA,NA,"During the last 30 minutes, how useful were your ideas or products?",NA,NA,75
"zhang_2020_trait_creativity_mood","zhang_2020_trait_creativity_mood_1","usefulness","12-item experience-sampling (ESM) questionnaire: state creativity and mood states (Zhang et al. 2020, PLOS ONE)","Chinese",NA,NA,"During the last 30 minutes, how useful were your ideas or products?",NA,NA,76
"zhang_2020_trait_creativity_mood","zhang_2020_trait_creativity_mood_1","usefulness","12-item experience-sampling (ESM) questionnaire: state creativity and mood states (Zhang et al. 2020, PLOS ONE)","Chinese",NA,NA,"During the last 30 minutes, how useful were your ideas or products?",NA,NA,77
"zhang_2020_trait_creativity_mood","zhang_2020_trait_creativity_mood_1","usefulness","12-item experience-sampling (ESM) questionnaire: state creativity and mood states (Zhang et al. 2020, PLOS ONE)","Chinese",NA,NA,"During the last 30 minutes, how useful were your ideas or products?",NA,NA,78
"zhang_2020_trait_creativity_mood","zhang_2020_trait_creativity_mood_1","usefulness","12-item experience-sampling (ESM) questionnaire: state creativity and mood states (Zhang et al. 2020, PLOS ONE)","Chinese",NA,NA,"During the last 30 minutes, how useful were your ideas or products?",NA,NA,79
"zhang_2020_trait_creativity_mood","zhang_2020_trait_creativity_mood_1","usefulness","12-item experience-sampling (ESM) questionnaire: state creativity and mood states (Zhang et al. 2020, PLOS ONE)","Chinese",NA,NA,"During the last 30 minutes, how useful were your ideas or products?",NA,NA,80
"zhang_2020_trait_creativity_mood","zhang_2020_trait_creativity_mood_1","usefulness","12-item experience-sampling (ESM) questionnaire: state creativity and mood states (Zhang et al. 2020, PLOS ONE)","Chinese",NA,NA,"During the last 30 minutes, how useful were your ideas or products?",NA,NA,81
"zhang_2020_trait_creativity_mood","zhang_2020_trait_creativity_mood_1","usefulness","12-item experience-sampling (ESM) questionnaire: state creativity and mood states (Zhang et al. 2020, PLOS ONE)","Chinese",NA,NA,"During the last 30 minutes, how useful were your ideas or products?",NA,NA,82
"zhang_2020_trait_creativity_mood","zhang_2020_trait_creativity_mood_1","usefulness","12-item experience-sampling (ESM) questionnaire: state creativity and mood states (Zhang et al. 2020, PLOS ONE)","Chinese",NA,NA,"During the last 30 minutes, how useful were your ideas or products?",NA,NA,83
"zhang_2020_trait_creativity_mood","zhang_2020_trait_creativity_mood_1","usefulness","12-item experience-sampling (ESM) questionnaire: state creativity and mood states (Zhang et al. 2020, PLOS ONE)","Chinese",NA,NA,"During the last 30 minutes, how useful were your ideas or products?",NA,NA,84
"zhang_2020_trait_creativity_mood","zhang_2020_trait_creativity_mood_1","usefulness","12-item experience-sampling (ESM) questionnaire: state creativity and mood states (Zhang et al. 2020, PLOS ONE)","Chinese",NA,NA,"During the last 30 minutes, how useful were your ideas or products?",NA,NA,85
"zhang_2020_trait_creativity_mood","zhang_2020_trait_creativity_mood_1","usefulness","12-item experience-sampling (ESM) questionnaire: state creativity and mood states (Zhang et al. 2020, PLOS ONE)","Chinese",NA,NA,"During the last 30 minutes, how useful were your ideas or products?",NA,NA,86
"zhang_2020_trait_creativity_mood","zhang_2020_trait_creativity_mood_1","usefulness","12-item experience-sampling (ESM) questionnaire: state creativity and mood states (Zhang et al. 2020, PLOS ONE)","Chinese",NA,NA,"During the last 30 minutes, how useful were your ideas or products?",NA,NA,87
"zhang_2020_trait_creativity_mood","zhang_2020_trait_creativity_mood_1","usefulness","12-item experience-sampling (ESM) questionnaire: state creativity and mood states (Zhang et al. 2020, PLOS ONE)","Chinese",NA,NA,"During the last 30 minutes, how useful were your ideas or products?",NA,NA,88
"zhang_2020_trait_creativity_mood","zhang_2020_trait_creativity_mood_1","usefulness","12-item experience-sampling (ESM) questionnaire: state creativity and mood states (Zhang et al. 2020, PLOS ONE)","Chinese",NA,NA,"During the last 30 minutes, how useful were your ideas or products?",NA,NA,89
"zhang_2020_trait_creativity_mood","zhang_2020_trait_creativity_mood_1","usefulness","12-item experience-sampling (ESM) questionnaire: state creativity and mood states (Zhang et al. 2020, PLOS ONE)","Chinese",NA,NA,"During the last 30 minutes, how useful were your ideas or products?",NA,NA,90
"zhang_2020_trait_creativity_mood","zhang_2020_trait_creativity_mood_1","usefulness","12-item experience-sampling (ESM) questionnaire: state creativity and mood states (Zhang et al. 2020, PLOS ONE)","Chinese",NA,NA,"During the last 30 minutes, how useful were your ideas or products?",NA,NA,91
"zhang_2020_trait_creativity_mood","zhang_2020_trait_creativity_mood_1","usefulness","12-item experience-sampling (ESM) questionnaire: state creativity and mood states (Zhang et al. 2020, PLOS ONE)","Chinese",NA,NA,"During the last 30 minutes, how useful were your ideas or products?",NA,NA,92
"zhang_2020_trait_creativity_mood","zhang_2020_trait_creativity_mood_1","usefulness","12-item experience-sampling (ESM) questionnaire: state creativity and mood states (Zhang et al. 2020, PLOS ONE)","Chinese",NA,NA,"During the last 30 minutes, how useful were your ideas or products?",NA,NA,93
"zhang_2020_trait_creativity_mood","zhang_2020_trait_creativity_mood_1","usefulness","12-item experience-sampling (ESM) questionnaire: state creativity and mood states (Zhang et al. 2020, PLOS ONE)","Chinese",NA,NA,"During the last 30 minutes, how useful were your ideas or products?",NA,NA,94
"zhang_2020_trait_creativity_mood","zhang_2020_trait_creativity_mood_1","usefulness","12-item experience-sampling (ESM) questionnaire: state creativity and mood states (Zhang et al. 2020, PLOS ONE)","Chinese",NA,NA,"During the last 30 minutes, how useful were your ideas or products?",NA,NA,95
"zhang_2020_trait_creativity_mood","zhang_2020_trait_creativity_mood_1","usefulness","12-item experience-sampling (ESM) questionnaire: state creativity and mood states (Zhang et al. 2020, PLOS ONE)","Chinese",NA,NA,"During the last 30 minutes, how useful were your ideas or products?",NA,NA,96
"zhang_2020_trait_creativity_mood","zhang_2020_trait_creativity_mood_1","usefulness","12-item experience-sampling (ESM) questionnaire: state creativity and mood states (Zhang et al. 2020, PLOS ONE)","Chinese",NA,NA,"During the last 30 minutes, how useful were your ideas or products?",NA,NA,97
"zhang_2020_trait_creativity_mood","zhang_2020_trait_creativity_mood_1","usefulness","12-item experience-sampling (ESM) questionnaire: state creativity and mood states (Zhang et al. 2020, PLOS ONE)","Chinese",NA,NA,"During the last 30 minutes, how useful were your ideas or products?",NA,NA,98
"zhang_2020_trait_creativity_mood","zhang_2020_trait_creativity_mood_1","usefulness","12-item experience-sampling (ESM) questionnaire: state creativity and mood states (Zhang et al. 2020, PLOS ONE)","Chinese",NA,NA,"During the last 30 minutes, how useful were your ideas or products?",NA,NA,99
"zhang_2020_trait_creativity_mood","zhang_2020_trait_creativity_mood_1","usefulness","12-item experience-sampling (ESM) questionnaire: state creativity and mood states (Zhang et al. 2020, PLOS ONE)","Chinese",NA,NA,"During the last 30 minutes, how useful were your ideas or products?",NA,"highest",100
"zhang_2020_trait_creativity_mood","zhang_2020_trait_creativity_mood_1","relaxed","12-item experience-sampling (ESM) questionnaire: state creativity and mood states (Zhang et al. 2020, PLOS ONE)","Chinese",NA,NA,"relaxed",NA,"not at all",0
"zhang_2020_trait_creativity_mood","zhang_2020_trait_creativity_mood_1","relaxed","12-item experience-sampling (ESM) questionnaire: state creativity and mood states (Zhang et al. 2020, PLOS ONE)","Chinese",NA,NA,"relaxed",NA,NA,1
"zhang_2020_trait_creativity_mood","zhang_2020_trait_creativity_mood_1","relaxed","12-item experience-sampling (ESM) questionnaire: state creativity and mood states (Zhang et al. 2020, PLOS ONE)","Chinese",NA,NA,"relaxed",NA,NA,2
"zhang_2020_trait_creativity_mood","zhang_2020_trait_creativity_mood_1","relaxed","12-item experience-sampling (ESM) questionnaire: state creativity and mood states (Zhang et al. 2020, PLOS ONE)","Chinese",NA,NA,"relaxed",NA,NA,3
"zhang_2020_trait_creativity_mood","zhang_2020_trait_creativity_mood_1","relaxed","12-item experience-sampling (ESM) questionnaire: state creativity and mood states (Zhang et al. 2020, PLOS ONE)","Chinese",NA,NA,"relaxed",NA,NA,4
"zhang_2020_trait_creativity_mood","zhang_2020_trait_creativity_mood_1","relaxed","12-item experience-sampling (ESM) questionnaire: state creativity and mood states (Zhang et al. 2020, PLOS ONE)","Chinese",NA,NA,"relaxed",NA,NA,5
"zhang_2020_trait_creativity_mood","zhang_2020_trait_creativity_mood_1","relaxed","12-item experience-sampling (ESM) questionnaire: state creativity and mood states (Zhang et al. 2020, PLOS ONE)","Chinese",NA,NA,"relaxed",NA,NA,6
"zhang_2020_trait_creativity_mood","zhang_2020_trait_creativity_mood_1","relaxed","12-item experience-sampling (ESM) questionnaire: state creativity and mood states (Zhang et al. 2020, PLOS ONE)","Chinese",NA,NA,"relaxed",NA,NA,7
"zhang_2020_trait_creativity_mood","zhang_2020_trait_creativity_mood_1","relaxed","12-item experience-sampling (ESM) questionnaire: state creativity and mood states (Zhang et al. 2020, PLOS ONE)","Chinese",NA,NA,"relaxed",NA,NA,8
"zhang_2020_trait_creativity_mood","zhang_2020_trait_creativity_mood_1","relaxed","12-item experience-sampling (ESM) questionnaire: state creativity and mood states (Zhang et al. 2020, PLOS ONE)","Chinese",NA,NA,"relaxed",NA,NA,9
"zhang_2020_trait_creativity_mood","zhang_2020_trait_creativity_mood_1","relaxed","12-item experience-sampling (ESM) questionnaire: state creativity and mood states (Zhang et al. 2020, PLOS ONE)","Chinese",NA,NA,"relaxed",NA,NA,10
"zhang_2020_trait_creativity_mood","zhang_2020_trait_creativity_mood_1","relaxed","12-item experience-sampling (ESM) questionnaire: state creativity and mood states (Zhang et al. 2020, PLOS ONE)","Chinese",NA,NA,"relaxed",NA,NA,11
"zhang_2020_trait_creativity_mood","zhang_2020_trait_creativity_mood_1","relaxed","12-item experience-sampling (ESM) questionnaire: state creativity and mood states (Zhang et al. 2020, PLOS ONE)","Chinese",NA,NA,"relaxed",NA,NA,12
"zhang_2020_trait_creativity_mood","zhang_2020_trait_creativity_mood_1","relaxed","12-item experience-sampling (ESM) questionnaire: state creativity and mood states (Zhang et al. 2020, PLOS ONE)","Chinese",NA,NA,"relaxed",NA,NA,13
"zhang_2020_trait_creativity_mood","zhang_2020_trait_creativity_mood_1","relaxed","12-item experience-sampling (ESM) questionnaire: state creativity and mood states (Zhang et al. 2020, PLOS ONE)","Chinese",NA,NA,"relaxed",NA,NA,14
"zhang_2020_trait_creativity_mood","zhang_2020_trait_creativity_mood_1","relaxed","12-item experience-sampling (ESM) questionnaire: state creativity and mood states (Zhang et al. 2020, PLOS ONE)","Chinese",NA,NA,"relaxed",NA,NA,15
"zhang_2020_trait_creativity_mood","zhang_2020_trait_creativity_mood_1","relaxed","12-item experience-sampling (ESM) questionnaire: state creativity and mood states (Zhang et al. 2020, PLOS ONE)","Chinese",NA,NA,"relaxed",NA,NA,16
"zhang_2020_trait_creativity_mood","zhang_2020_trait_creativity_mood_1","relaxed","12-item experience-sampling (ESM) questionnaire: state creativity and mood states (Zhang et al. 2020, PLOS ONE)","Chinese",NA,NA,"relaxed",NA,NA,17
"zhang_2020_trait_creativity_mood","zhang_2020_trait_creativity_mood_1","relaxed","12-item experience-sampling (ESM) questionnaire: state creativity and mood states (Zhang et al. 2020, PLOS ONE)","Chinese",NA,NA,"relaxed",NA,NA,18
"zhang_2020_trait_creativity_mood","zhang_2020_trait_creativity_mood_1","relaxed","12-item experience-sampling (ESM) questionnaire: state creativity and mood states (Zhang et al. 2020, PLOS ONE)","Chinese",NA,NA,"relaxed",NA,NA,19
"zhang_2020_trait_creativity_mood","zhang_2020_trait_creativity_mood_1","relaxed","12-item experience-sampling (ESM) questionnaire: state creativity and mood states (Zhang et al. 2020, PLOS ONE)","Chinese",NA,NA,"relaxed",NA,NA,20
"zhang_2020_trait_creativity_mood","zhang_2020_trait_creativity_mood_1","relaxed","12-item experience-sampling (ESM) questionnaire: state creativity and mood states (Zhang et al. 2020, PLOS ONE)","Chinese",NA,NA,"relaxed",NA,NA,21
"zhang_2020_trait_creativity_mood","zhang_2020_trait_creativity_mood_1","relaxed","12-item experience-sampling (ESM) questionnaire: state creativity and mood states (Zhang et al. 2020, PLOS ONE)","Chinese",NA,NA,"relaxed",NA,NA,22
"zhang_2020_trait_creativity_mood","zhang_2020_trait_creativity_mood_1","relaxed","12-item experience-sampling (ESM) questionnaire: state creativity and mood states (Zhang et al. 2020, PLOS ONE)","Chinese",NA,NA,"relaxed",NA,NA,23
"zhang_2020_trait_creativity_mood","zhang_2020_trait_creativity_mood_1","relaxed","12-item experience-sampling (ESM) questionnaire: state creativity and mood states (Zhang et al. 2020, PLOS ONE)","Chinese",NA,NA,"relaxed",NA,NA,24
"zhang_2020_trait_creativity_mood","zhang_2020_trait_creativity_mood_1","relaxed","12-item experience-sampling (ESM) questionnaire: state creativity and mood states (Zhang et al. 2020, PLOS ONE)","Chinese",NA,NA,"relaxed",NA,NA,25
"zhang_2020_trait_creativity_mood","zhang_2020_trait_creativity_mood_1","relaxed","12-item experience-sampling (ESM) questionnaire: state creativity and mood states (Zhang et al. 2020, PLOS ONE)","Chinese",NA,NA,"relaxed",NA,NA,26
"zhang_2020_trait_creativity_mood","zhang_2020_trait_creativity_mood_1","relaxed","12-item experience-sampling (ESM) questionnaire: state creativity and mood states (Zhang et al. 2020, PLOS ONE)","Chinese",NA,NA,"relaxed",NA,NA,27
"zhang_2020_trait_creativity_mood","zhang_2020_trait_creativity_mood_1","relaxed","12-item experience-sampling (ESM) questionnaire: state creativity and mood states (Zhang et al. 2020, PLOS ONE)","Chinese",NA,NA,"relaxed",NA,NA,28
"zhang_2020_trait_creativity_mood","zhang_2020_trait_creativity_mood_1","relaxed","12-item experience-sampling (ESM) questionnaire: state creativity and mood states (Zhang et al. 2020, PLOS ONE)","Chinese",NA,NA,"relaxed",NA,NA,29
"zhang_2020_trait_creativity_mood","zhang_2020_trait_creativity_mood_1","relaxed","12-item experience-sampling (ESM) questionnaire: state creativity and mood states (Zhang et al. 2020, PLOS ONE)","Chinese",NA,NA,"relaxed",NA,NA,30
"zhang_2020_trait_creativity_mood","zhang_2020_trait_creativity_mood_1","relaxed","12-item experience-sampling (ESM) questionnaire: state creativity and mood states (Zhang et al. 2020, PLOS ONE)","Chinese",NA,NA,"relaxed",NA,NA,31
"zhang_2020_trait_creativity_mood","zhang_2020_trait_creativity_mood_1","relaxed","12-item experience-sampling (ESM) questionnaire: state creativity and mood states (Zhang et al. 2020, PLOS ONE)","Chinese",NA,NA,"relaxed",NA,NA,32
"zhang_2020_trait_creativity_mood","zhang_2020_trait_creativity_mood_1","relaxed","12-item experience-sampling (ESM) questionnaire: state creativity and mood states (Zhang et al. 2020, PLOS ONE)","Chinese",NA,NA,"relaxed",NA,NA,33
"zhang_2020_trait_creativity_mood","zhang_2020_trait_creativity_mood_1","relaxed","12-item experience-sampling (ESM) questionnaire: state creativity and mood states (Zhang et al. 2020, PLOS ONE)","Chinese",NA,NA,"relaxed",NA,NA,34
"zhang_2020_trait_creativity_mood","zhang_2020_trait_creativity_mood_1","relaxed","12-item experience-sampling (ESM) questionnaire: state creativity and mood states (Zhang et al. 2020, PLOS ONE)","Chinese",NA,NA,"relaxed",NA,NA,35
"zhang_2020_trait_creativity_mood","zhang_2020_trait_creativity_mood_1","relaxed","12-item experience-sampling (ESM) questionnaire: state creativity and mood states (Zhang et al. 2020, PLOS ONE)","Chinese",NA,NA,"relaxed",NA,NA,36
"zhang_2020_trait_creativity_mood","zhang_2020_trait_creativity_mood_1","relaxed","12-item experience-sampling (ESM) questionnaire: state creativity and mood states (Zhang et al. 2020, PLOS ONE)","Chinese",NA,NA,"relaxed",NA,NA,37
"zhang_2020_trait_creativity_mood","zhang_2020_trait_creativity_mood_1","relaxed","12-item experience-sampling (ESM) questionnaire: state creativity and mood states (Zhang et al. 2020, PLOS ONE)","Chinese",NA,NA,"relaxed",NA,NA,38
"zhang_2020_trait_creativity_mood","zhang_2020_trait_creativity_mood_1","relaxed","12-item experience-sampling (ESM) questionnaire: state creativity and mood states (Zhang et al. 2020, PLOS ONE)","Chinese",NA,NA,"relaxed",NA,NA,39
"zhang_2020_trait_creativity_mood","zhang_2020_trait_creativity_mood_1","relaxed","12-item experience-sampling (ESM) questionnaire: state creativity and mood states (Zhang et al. 2020, PLOS ONE)","Chinese",NA,NA,"relaxed",NA,NA,40
"zhang_2020_trait_creativity_mood","zhang_2020_trait_creativity_mood_1","relaxed","12-item experience-sampling (ESM) questionnaire: state creativity and mood states (Zhang et al. 2020, PLOS ONE)","Chinese",NA,NA,"relaxed",NA,NA,41
"zhang_2020_trait_creativity_mood","zhang_2020_trait_creativity_mood_1","relaxed","12-item experience-sampling (ESM) questionnaire: state creativity and mood states (Zhang et al. 2020, PLOS ONE)","Chinese",NA,NA,"relaxed",NA,NA,42
"zhang_2020_trait_creativity_mood","zhang_2020_trait_creativity_mood_1","relaxed","12-item experience-sampling (ESM) questionnaire: state creativity and mood states (Zhang et al. 2020, PLOS ONE)","Chinese",NA,NA,"relaxed",NA,NA,43
"zhang_2020_trait_creativity_mood","zhang_2020_trait_creativity_mood_1","relaxed","12-item experience-sampling (ESM) questionnaire: state creativity and mood states (Zhang et al. 2020, PLOS ONE)","Chinese",NA,NA,"relaxed",NA,NA,44
"zhang_2020_trait_creativity_mood","zhang_2020_trait_creativity_mood_1","relaxed","12-item experience-sampling (ESM) questionnaire: state creativity and mood states (Zhang et al. 2020, PLOS ONE)","Chinese",NA,NA,"relaxed",NA,NA,45
"zhang_2020_trait_creativity_mood","zhang_2020_trait_creativity_mood_1","relaxed","12-item experience-sampling (ESM) questionnaire: state creativity and mood states (Zhang et al. 2020, PLOS ONE)","Chinese",NA,NA,"relaxed",NA,NA,46
"zhang_2020_trait_creativity_mood","zhang_2020_trait_creativity_mood_1","relaxed","12-item experience-sampling (ESM) questionnaire: state creativity and mood states (Zhang et al. 2020, PLOS ONE)","Chinese",NA,NA,"relaxed",NA,NA,47
"zhang_2020_trait_creativity_mood","zhang_2020_trait_creativity_mood_1","relaxed","12-item experience-sampling (ESM) questionnaire: state creativity and mood states (Zhang et al. 2020, PLOS ONE)","Chinese",NA,NA,"relaxed",NA,NA,48
"zhang_2020_trait_creativity_mood","zhang_2020_trait_creativity_mood_1","relaxed","12-item experience-sampling (ESM) questionnaire: state creativity and mood states (Zhang et al. 2020, PLOS ONE)","Chinese",NA,NA,"relaxed",NA,NA,49
"zhang_2020_trait_creativity_mood","zhang_2020_trait_creativity_mood_1","relaxed","12-item experience-sampling (ESM) questionnaire: state creativity and mood states (Zhang et al. 2020, PLOS ONE)","Chinese",NA,NA,"relaxed",NA,NA,50
"zhang_2020_trait_creativity_mood","zhang_2020_trait_creativity_mood_1","relaxed","12-item experience-sampling (ESM) questionnaire: state creativity and mood states (Zhang et al. 2020, PLOS ONE)","Chinese",NA,NA,"relaxed",NA,NA,51
"zhang_2020_trait_creativity_mood","zhang_2020_trait_creativity_mood_1","relaxed","12-item experience-sampling (ESM) questionnaire: state creativity and mood states (Zhang et al. 2020, PLOS ONE)","Chinese",NA,NA,"relaxed",NA,NA,52
"zhang_2020_trait_creativity_mood","zhang_2020_trait_creativity_mood_1","relaxed","12-item experience-sampling (ESM) questionnaire: state creativity and mood states (Zhang et al. 2020, PLOS ONE)","Chinese",NA,NA,"relaxed",NA,NA,53
"zhang_2020_trait_creativity_mood","zhang_2020_trait_creativity_mood_1","relaxed","12-item experience-sampling (ESM) questionnaire: state creativity and mood states (Zhang et al. 2020, PLOS ONE)","Chinese",NA,NA,"relaxed",NA,NA,54
"zhang_2020_trait_creativity_mood","zhang_2020_trait_creativity_mood_1","relaxed","12-item experience-sampling (ESM) questionnaire: state creativity and mood states (Zhang et al. 2020, PLOS ONE)","Chinese",NA,NA,"relaxed",NA,NA,55
"zhang_2020_trait_creativity_mood","zhang_2020_trait_creativity_mood_1","relaxed","12-item experience-sampling (ESM) questionnaire: state creativity and mood states (Zhang et al. 2020, PLOS ONE)","Chinese",NA,NA,"relaxed",NA,NA,56
"zhang_2020_trait_creativity_mood","zhang_2020_trait_creativity_mood_1","relaxed","12-item experience-sampling (ESM) questionnaire: state creativity and mood states (Zhang et al. 2020, PLOS ONE)","Chinese",NA,NA,"relaxed",NA,NA,57
"zhang_2020_trait_creativity_mood","zhang_2020_trait_creativity_mood_1","relaxed","12-item experience-sampling (ESM) questionnaire: state creativity and mood states (Zhang et al. 2020, PLOS ONE)","Chinese",NA,NA,"relaxed",NA,NA,58
"zhang_2020_trait_creativity_mood","zhang_2020_trait_creativity_mood_1","relaxed","12-item experience-sampling (ESM) questionnaire: state creativity and mood states (Zhang et al. 2020, PLOS ONE)","Chinese",NA,NA,"relaxed",NA,NA,59
"zhang_2020_trait_creativity_mood","zhang_2020_trait_creativity_mood_1","relaxed","12-item experience-sampling (ESM) questionnaire: state creativity and mood states (Zhang et al. 2020, PLOS ONE)","Chinese",NA,NA,"relaxed",NA,NA,60
"zhang_2020_trait_creativity_mood","zhang_2020_trait_creativity_mood_1","relaxed","12-item experience-sampling (ESM) questionnaire: state creativity and mood states (Zhang et al. 2020, PLOS ONE)","Chinese",NA,NA,"relaxed",NA,NA,61
"zhang_2020_trait_creativity_mood","zhang_2020_trait_creativity_mood_1","relaxed","12-item experience-sampling (ESM) questionnaire: state creativity and mood states (Zhang et al. 2020, PLOS ONE)","Chinese",NA,NA,"relaxed",NA,NA,62
"zhang_2020_trait_creativity_mood","zhang_2020_trait_creativity_mood_1","relaxed","12-item experience-sampling (ESM) questionnaire: state creativity and mood states (Zhang et al. 2020, PLOS ONE)","Chinese",NA,NA,"relaxed",NA,NA,63
"zhang_2020_trait_creativity_mood","zhang_2020_trait_creativity_mood_1","relaxed","12-item experience-sampling (ESM) questionnaire: state creativity and mood states (Zhang et al. 2020, PLOS ONE)","Chinese",NA,NA,"relaxed",NA,NA,64
"zhang_2020_trait_creativity_mood","zhang_2020_trait_creativity_mood_1","relaxed","12-item experience-sampling (ESM) questionnaire: state creativity and mood states (Zhang et al. 2020, PLOS ONE)","Chinese",NA,NA,"relaxed",NA,NA,65
"zhang_2020_trait_creativity_mood","zhang_2020_trait_creativity_mood_1","relaxed","12-item experience-sampling (ESM) questionnaire: state creativity and mood states (Zhang et al. 2020, PLOS ONE)","Chinese",NA,NA,"relaxed",NA,NA,66
"zhang_2020_trait_creativity_mood","zhang_2020_trait_creativity_mood_1","relaxed","12-item experience-sampling (ESM) questionnaire: state creativity and mood states (Zhang et al. 2020, PLOS ONE)","Chinese",NA,NA,"relaxed",NA,NA,67
"zhang_2020_trait_creativity_mood","zhang_2020_trait_creativity_mood_1","relaxed","12-item experience-sampling (ESM) questionnaire: state creativity and mood states (Zhang et al. 2020, PLOS ONE)","Chinese",NA,NA,"relaxed",NA,NA,68
"zhang_2020_trait_creativity_mood","zhang_2020_trait_creativity_mood_1","relaxed","12-item experience-sampling (ESM) questionnaire: state creativity and mood states (Zhang et al. 2020, PLOS ONE)","Chinese",NA,NA,"relaxed",NA,NA,69
"zhang_2020_trait_creativity_mood","zhang_2020_trait_creativity_mood_1","relaxed","12-item experience-sampling (ESM) questionnaire: state creativity and mood states (Zhang et al. 2020, PLOS ONE)","Chinese",NA,NA,"relaxed",NA,NA,70
"zhang_2020_trait_creativity_mood","zhang_2020_trait_creativity_mood_1","relaxed","12-item experience-sampling (ESM) questionnaire: state creativity and mood states (Zhang et al. 2020, PLOS ONE)","Chinese",NA,NA,"relaxed",NA,NA,71
"zhang_2020_trait_creativity_mood","zhang_2020_trait_creativity_mood_1","relaxed","12-item experience-sampling (ESM) questionnaire: state creativity and mood states (Zhang et al. 2020, PLOS ONE)","Chinese",NA,NA,"relaxed",NA,NA,72
"zhang_2020_trait_creativity_mood","zhang_2020_trait_creativity_mood_1","relaxed","12-item experience-sampling (ESM) questionnaire: state creativity and mood states (Zhang et al. 2020, PLOS ONE)","Chinese",NA,NA,"relaxed",NA,NA,73
"zhang_2020_trait_creativity_mood","zhang_2020_trait_creativity_mood_1","relaxed","12-item experience-sampling (ESM) questionnaire: state creativity and mood states (Zhang et al. 2020, PLOS ONE)","Chinese",NA,NA,"relaxed",NA,NA,74
"zhang_2020_trait_creativity_mood","zhang_2020_trait_creativity_mood_1","relaxed","12-item experience-sampling (ESM) questionnaire: state creativity and mood states (Zhang et al. 2020, PLOS ONE)","Chinese",NA,NA,"relaxed",NA,NA,75
"zhang_2020_trait_creativity_mood","zhang_2020_trait_creativity_mood_1","relaxed","12-item experience-sampling (ESM) questionnaire: state creativity and mood states (Zhang et al. 2020, PLOS ONE)","Chinese",NA,NA,"relaxed",NA,NA,76
"zhang_2020_trait_creativity_mood","zhang_2020_trait_creativity_mood_1","relaxed","12-item experience-sampling (ESM) questionnaire: state creativity and mood states (Zhang et al. 2020, PLOS ONE)","Chinese",NA,NA,"relaxed",NA,NA,77
"zhang_2020_trait_creativity_mood","zhang_2020_trait_creativity_mood_1","relaxed","12-item experience-sampling (ESM) questionnaire: state creativity and mood states (Zhang et al. 2020, PLOS ONE)","Chinese",NA,NA,"relaxed",NA,NA,78
"zhang_2020_trait_creativity_mood","zhang_2020_trait_creativity_mood_1","relaxed","12-item experience-sampling (ESM) questionnaire: state creativity and mood states (Zhang et al. 2020, PLOS ONE)","Chinese",NA,NA,"relaxed",NA,NA,79
"zhang_2020_trait_creativity_mood","zhang_2020_trait_creativity_mood_1","relaxed","12-item experience-sampling (ESM) questionnaire: state creativity and mood states (Zhang et al. 2020, PLOS ONE)","Chinese",NA,NA,"relaxed",NA,NA,80
"zhang_2020_trait_creativity_mood","zhang_2020_trait_creativity_mood_1","relaxed","12-item experience-sampling (ESM) questionnaire: state creativity and mood states (Zhang et al. 2020, PLOS ONE)","Chinese",NA,NA,"relaxed",NA,NA,81
"zhang_2020_trait_creativity_mood","zhang_2020_trait_creativity_mood_1","relaxed","12-item experience-sampling (ESM) questionnaire: state creativity and mood states (Zhang et al. 2020, PLOS ONE)","Chinese",NA,NA,"relaxed",NA,NA,82
"zhang_2020_trait_creativity_mood","zhang_2020_trait_creativity_mood_1","relaxed","12-item experience-sampling (ESM) questionnaire: state creativity and mood states (Zhang et al. 2020, PLOS ONE)","Chinese",NA,NA,"relaxed",NA,NA,83
"zhang_2020_trait_creativity_mood","zhang_2020_trait_creativity_mood_1","relaxed","12-item experience-sampling (ESM) questionnaire: state creativity and mood states (Zhang et al. 2020, PLOS ONE)","Chinese",NA,NA,"relaxed",NA,NA,84
"zhang_2020_trait_creativity_mood","zhang_2020_trait_creativity_mood_1","relaxed","12-item experience-sampling (ESM) questionnaire: state creativity and mood states (Zhang et al. 2020, PLOS ONE)","Chinese",NA,NA,"relaxed",NA,NA,85
"zhang_2020_trait_creativity_mood","zhang_2020_trait_creativity_mood_1","relaxed","12-item experience-sampling (ESM) questionnaire: state creativity and mood states (Zhang et al. 2020, PLOS ONE)","Chinese",NA,NA,"relaxed",NA,NA,86
"zhang_2020_trait_creativity_mood","zhang_2020_trait_creativity_mood_1","relaxed","12-item experience-sampling (ESM) questionnaire: state creativity and mood states (Zhang et al. 2020, PLOS ONE)","Chinese",NA,NA,"relaxed",NA,NA,87
"zhang_2020_trait_creativity_mood","zhang_2020_trait_creativity_mood_1","relaxed","12-item experience-sampling (ESM) questionnaire: state creativity and mood states (Zhang et al. 2020, PLOS ONE)","Chinese",NA,NA,"relaxed",NA,NA,88
"zhang_2020_trait_creativity_mood","zhang_2020_trait_creativity_mood_1","relaxed","12-item experience-sampling (ESM) questionnaire: state creativity and mood states (Zhang et al. 2020, PLOS ONE)","Chinese",NA,NA,"relaxed",NA,NA,89
"zhang_2020_trait_creativity_mood","zhang_2020_trait_creativity_mood_1","relaxed","12-item experience-sampling (ESM) questionnaire: state creativity and mood states (Zhang et al. 2020, PLOS ONE)","Chinese",NA,NA,"relaxed",NA,NA,90
"zhang_2020_trait_creativity_mood","zhang_2020_trait_creativity_mood_1","relaxed","12-item experience-sampling (ESM) questionnaire: state creativity and mood states (Zhang et al. 2020, PLOS ONE)","Chinese",NA,NA,"relaxed",NA,NA,91
"zhang_2020_trait_creativity_mood","zhang_2020_trait_creativity_mood_1","relaxed","12-item experience-sampling (ESM) questionnaire: state creativity and mood states (Zhang et al. 2020, PLOS ONE)","Chinese",NA,NA,"relaxed",NA,NA,92
"zhang_2020_trait_creativity_mood","zhang_2020_trait_creativity_mood_1","relaxed","12-item experience-sampling (ESM) questionnaire: state creativity and mood states (Zhang et al. 2020, PLOS ONE)","Chinese",NA,NA,"relaxed",NA,NA,93
"zhang_2020_trait_creativity_mood","zhang_2020_trait_creativity_mood_1","relaxed","12-item experience-sampling (ESM) questionnaire: state creativity and mood states (Zhang et al. 2020, PLOS ONE)","Chinese",NA,NA,"relaxed",NA,NA,94
"zhang_2020_trait_creativity_mood","zhang_2020_trait_creativity_mood_1","relaxed","12-item experience-sampling (ESM) questionnaire: state creativity and mood states (Zhang et al. 2020, PLOS ONE)","Chinese",NA,NA,"relaxed",NA,NA,95
"zhang_2020_trait_creativity_mood","zhang_2020_trait_creativity_mood_1","relaxed","12-item experience-sampling (ESM) questionnaire: state creativity and mood states (Zhang et al. 2020, PLOS ONE)","Chinese",NA,NA,"relaxed",NA,NA,96
"zhang_2020_trait_creativity_mood","zhang_2020_trait_creativity_mood_1","relaxed","12-item experience-sampling (ESM) questionnaire: state creativity and mood states (Zhang et al. 2020, PLOS ONE)","Chinese",NA,NA,"relaxed",NA,NA,97
"zhang_2020_trait_creativity_mood","zhang_2020_trait_creativity_mood_1","relaxed","12-item experience-sampling (ESM) questionnaire: state creativity and mood states (Zhang et al. 2020, PLOS ONE)","Chinese",NA,NA,"relaxed",NA,NA,98
"zhang_2020_trait_creativity_mood","zhang_2020_trait_creativity_mood_1","relaxed","12-item experience-sampling (ESM) questionnaire: state creativity and mood states (Zhang et al. 2020, PLOS ONE)","Chinese",NA,NA,"relaxed",NA,NA,99
"zhang_2020_trait_creativity_mood","zhang_2020_trait_creativity_mood_1","relaxed","12-item experience-sampling (ESM) questionnaire: state creativity and mood states (Zhang et al. 2020, PLOS ONE)","Chinese",NA,NA,"relaxed",NA,"extremely",100
"zhang_2020_trait_creativity_mood","zhang_2020_trait_creativity_mood_1","tired","12-item experience-sampling (ESM) questionnaire: state creativity and mood states (Zhang et al. 2020, PLOS ONE)","Chinese",NA,NA,"tired",NA,"not at all",0
"zhang_2020_trait_creativity_mood","zhang_2020_trait_creativity_mood_1","tired","12-item experience-sampling (ESM) questionnaire: state creativity and mood states (Zhang et al. 2020, PLOS ONE)","Chinese",NA,NA,"tired",NA,NA,1
"zhang_2020_trait_creativity_mood","zhang_2020_trait_creativity_mood_1","tired","12-item experience-sampling (ESM) questionnaire: state creativity and mood states (Zhang et al. 2020, PLOS ONE)","Chinese",NA,NA,"tired",NA,NA,2
"zhang_2020_trait_creativity_mood","zhang_2020_trait_creativity_mood_1","tired","12-item experience-sampling (ESM) questionnaire: state creativity and mood states (Zhang et al. 2020, PLOS ONE)","Chinese",NA,NA,"tired",NA,NA,3
"zhang_2020_trait_creativity_mood","zhang_2020_trait_creativity_mood_1","tired","12-item experience-sampling (ESM) questionnaire: state creativity and mood states (Zhang et al. 2020, PLOS ONE)","Chinese",NA,NA,"tired",NA,NA,4
"zhang_2020_trait_creativity_mood","zhang_2020_trait_creativity_mood_1","tired","12-item experience-sampling (ESM) questionnaire: state creativity and mood states (Zhang et al. 2020, PLOS ONE)","Chinese",NA,NA,"tired",NA,NA,5
"zhang_2020_trait_creativity_mood","zhang_2020_trait_creativity_mood_1","tired","12-item experience-sampling (ESM) questionnaire: state creativity and mood states (Zhang et al. 2020, PLOS ONE)","Chinese",NA,NA,"tired",NA,NA,6
"zhang_2020_trait_creativity_mood","zhang_2020_trait_creativity_mood_1","tired","12-item experience-sampling (ESM) questionnaire: state creativity and mood states (Zhang et al. 2020, PLOS ONE)","Chinese",NA,NA,"tired",NA,NA,7
"zhang_2020_trait_creativity_mood","zhang_2020_trait_creativity_mood_1","tired","12-item experience-sampling (ESM) questionnaire: state creativity and mood states (Zhang et al. 2020, PLOS ONE)","Chinese",NA,NA,"tired",NA,NA,8
"zhang_2020_trait_creativity_mood","zhang_2020_trait_creativity_mood_1","tired","12-item experience-sampling (ESM) questionnaire: state creativity and mood states (Zhang et al. 2020, PLOS ONE)","Chinese",NA,NA,"tired",NA,NA,9
"zhang_2020_trait_creativity_mood","zhang_2020_trait_creativity_mood_1","tired","12-item experience-sampling (ESM) questionnaire: state creativity and mood states (Zhang et al. 2020, PLOS ONE)","Chinese",NA,NA,"tired",NA,NA,10
"zhang_2020_trait_creativity_mood","zhang_2020_trait_creativity_mood_1","tired","12-item experience-sampling (ESM) questionnaire: state creativity and mood states (Zhang et al. 2020, PLOS ONE)","Chinese",NA,NA,"tired",NA,NA,11
"zhang_2020_trait_creativity_mood","zhang_2020_trait_creativity_mood_1","tired","12-item experience-sampling (ESM) questionnaire: state creativity and mood states (Zhang et al. 2020, PLOS ONE)","Chinese",NA,NA,"tired",NA,NA,12
"zhang_2020_trait_creativity_mood","zhang_2020_trait_creativity_mood_1","tired","12-item experience-sampling (ESM) questionnaire: state creativity and mood states (Zhang et al. 2020, PLOS ONE)","Chinese",NA,NA,"tired",NA,NA,13
"zhang_2020_trait_creativity_mood","zhang_2020_trait_creativity_mood_1","tired","12-item experience-sampling (ESM) questionnaire: state creativity and mood states (Zhang et al. 2020, PLOS ONE)","Chinese",NA,NA,"tired",NA,NA,14
"zhang_2020_trait_creativity_mood","zhang_2020_trait_creativity_mood_1","tired","12-item experience-sampling (ESM) questionnaire: state creativity and mood states (Zhang et al. 2020, PLOS ONE)","Chinese",NA,NA,"tired",NA,NA,15
"zhang_2020_trait_creativity_mood","zhang_2020_trait_creativity_mood_1","tired","12-item experience-sampling (ESM) questionnaire: state creativity and mood states (Zhang et al. 2020, PLOS ONE)","Chinese",NA,NA,"tired",NA,NA,16
"zhang_2020_trait_creativity_mood","zhang_2020_trait_creativity_mood_1","tired","12-item experience-sampling (ESM) questionnaire: state creativity and mood states (Zhang et al. 2020, PLOS ONE)","Chinese",NA,NA,"tired",NA,NA,17
"zhang_2020_trait_creativity_mood","zhang_2020_trait_creativity_mood_1","tired","12-item experience-sampling (ESM) questionnaire: state creativity and mood states (Zhang et al. 2020, PLOS ONE)","Chinese",NA,NA,"tired",NA,NA,18
"zhang_2020_trait_creativity_mood","zhang_2020_trait_creativity_mood_1","tired","12-item experience-sampling (ESM) questionnaire: state creativity and mood states (Zhang et al. 2020, PLOS ONE)","Chinese",NA,NA,"tired",NA,NA,19
"zhang_2020_trait_creativity_mood","zhang_2020_trait_creativity_mood_1","tired","12-item experience-sampling (ESM) questionnaire: state creativity and mood states (Zhang et al. 2020, PLOS ONE)","Chinese",NA,NA,"tired",NA,NA,20
"zhang_2020_trait_creativity_mood","zhang_2020_trait_creativity_mood_1","tired","12-item experience-sampling (ESM) questionnaire: state creativity and mood states (Zhang et al. 2020, PLOS ONE)","Chinese",NA,NA,"tired",NA,NA,21
"zhang_2020_trait_creativity_mood","zhang_2020_trait_creativity_mood_1","tired","12-item experience-sampling (ESM) questionnaire: state creativity and mood states (Zhang et al. 2020, PLOS ONE)","Chinese",NA,NA,"tired",NA,NA,22
"zhang_2020_trait_creativity_mood","zhang_2020_trait_creativity_mood_1","tired","12-item experience-sampling (ESM) questionnaire: state creativity and mood states (Zhang et al. 2020, PLOS ONE)","Chinese",NA,NA,"tired",NA,NA,23
"zhang_2020_trait_creativity_mood","zhang_2020_trait_creativity_mood_1","tired","12-item experience-sampling (ESM) questionnaire: state creativity and mood states (Zhang et al. 2020, PLOS ONE)","Chinese",NA,NA,"tired",NA,NA,24
"zhang_2020_trait_creativity_mood","zhang_2020_trait_creativity_mood_1","tired","12-item experience-sampling (ESM) questionnaire: state creativity and mood states (Zhang et al. 2020, PLOS ONE)","Chinese",NA,NA,"tired",NA,NA,25
"zhang_2020_trait_creativity_mood","zhang_2020_trait_creativity_mood_1","tired","12-item experience-sampling (ESM) questionnaire: state creativity and mood states (Zhang et al. 2020, PLOS ONE)","Chinese",NA,NA,"tired",NA,NA,26
"zhang_2020_trait_creativity_mood","zhang_2020_trait_creativity_mood_1","tired","12-item experience-sampling (ESM) questionnaire: state creativity and mood states (Zhang et al. 2020, PLOS ONE)","Chinese",NA,NA,"tired",NA,NA,27
"zhang_2020_trait_creativity_mood","zhang_2020_trait_creativity_mood_1","tired","12-item experience-sampling (ESM) questionnaire: state creativity and mood states (Zhang et al. 2020, PLOS ONE)","Chinese",NA,NA,"tired",NA,NA,28
"zhang_2020_trait_creativity_mood","zhang_2020_trait_creativity_mood_1","tired","12-item experience-sampling (ESM) questionnaire: state creativity and mood states (Zhang et al. 2020, PLOS ONE)","Chinese",NA,NA,"tired",NA,NA,29
"zhang_2020_trait_creativity_mood","zhang_2020_trait_creativity_mood_1","tired","12-item experience-sampling (ESM) questionnaire: state creativity and mood states (Zhang et al. 2020, PLOS ONE)","Chinese",NA,NA,"tired",NA,NA,30
"zhang_2020_trait_creativity_mood","zhang_2020_trait_creativity_mood_1","tired","12-item experience-sampling (ESM) questionnaire: state creativity and mood states (Zhang et al. 2020, PLOS ONE)","Chinese",NA,NA,"tired",NA,NA,31
"zhang_2020_trait_creativity_mood","zhang_2020_trait_creativity_mood_1","tired","12-item experience-sampling (ESM) questionnaire: state creativity and mood states (Zhang et al. 2020, PLOS ONE)","Chinese",NA,NA,"tired",NA,NA,32
"zhang_2020_trait_creativity_mood","zhang_2020_trait_creativity_mood_1","tired","12-item experience-sampling (ESM) questionnaire: state creativity and mood states (Zhang et al. 2020, PLOS ONE)","Chinese",NA,NA,"tired",NA,NA,33
"zhang_2020_trait_creativity_mood","zhang_2020_trait_creativity_mood_1","tired","12-item experience-sampling (ESM) questionnaire: state creativity and mood states (Zhang et al. 2020, PLOS ONE)","Chinese",NA,NA,"tired",NA,NA,34
"zhang_2020_trait_creativity_mood","zhang_2020_trait_creativity_mood_1","tired","12-item experience-sampling (ESM) questionnaire: state creativity and mood states (Zhang et al. 2020, PLOS ONE)","Chinese",NA,NA,"tired",NA,NA,35
"zhang_2020_trait_creativity_mood","zhang_2020_trait_creativity_mood_1","tired","12-item experience-sampling (ESM) questionnaire: state creativity and mood states (Zhang et al. 2020, PLOS ONE)","Chinese",NA,NA,"tired",NA,NA,36
"zhang_2020_trait_creativity_mood","zhang_2020_trait_creativity_mood_1","tired","12-item experience-sampling (ESM) questionnaire: state creativity and mood states (Zhang et al. 2020, PLOS ONE)","Chinese",NA,NA,"tired",NA,NA,37
"zhang_2020_trait_creativity_mood","zhang_2020_trait_creativity_mood_1","tired","12-item experience-sampling (ESM) questionnaire: state creativity and mood states (Zhang et al. 2020, PLOS ONE)","Chinese",NA,NA,"tired",NA,NA,38
"zhang_2020_trait_creativity_mood","zhang_2020_trait_creativity_mood_1","tired","12-item experience-sampling (ESM) questionnaire: state creativity and mood states (Zhang et al. 2020, PLOS ONE)","Chinese",NA,NA,"tired",NA,NA,39
"zhang_2020_trait_creativity_mood","zhang_2020_trait_creativity_mood_1","tired","12-item experience-sampling (ESM) questionnaire: state creativity and mood states (Zhang et al. 2020, PLOS ONE)","Chinese",NA,NA,"tired",NA,NA,40
"zhang_2020_trait_creativity_mood","zhang_2020_trait_creativity_mood_1","tired","12-item experience-sampling (ESM) questionnaire: state creativity and mood states (Zhang et al. 2020, PLOS ONE)","Chinese",NA,NA,"tired",NA,NA,41
"zhang_2020_trait_creativity_mood","zhang_2020_trait_creativity_mood_1","tired","12-item experience-sampling (ESM) questionnaire: state creativity and mood states (Zhang et al. 2020, PLOS ONE)","Chinese",NA,NA,"tired",NA,NA,42
"zhang_2020_trait_creativity_mood","zhang_2020_trait_creativity_mood_1","tired","12-item experience-sampling (ESM) questionnaire: state creativity and mood states (Zhang et al. 2020, PLOS ONE)","Chinese",NA,NA,"tired",NA,NA,43
"zhang_2020_trait_creativity_mood","zhang_2020_trait_creativity_mood_1","tired","12-item experience-sampling (ESM) questionnaire: state creativity and mood states (Zhang et al. 2020, PLOS ONE)","Chinese",NA,NA,"tired",NA,NA,44
"zhang_2020_trait_creativity_mood","zhang_2020_trait_creativity_mood_1","tired","12-item experience-sampling (ESM) questionnaire: state creativity and mood states (Zhang et al. 2020, PLOS ONE)","Chinese",NA,NA,"tired",NA,NA,45
"zhang_2020_trait_creativity_mood","zhang_2020_trait_creativity_mood_1","tired","12-item experience-sampling (ESM) questionnaire: state creativity and mood states (Zhang et al. 2020, PLOS ONE)","Chinese",NA,NA,"tired",NA,NA,46
"zhang_2020_trait_creativity_mood","zhang_2020_trait_creativity_mood_1","tired","12-item experience-sampling (ESM) questionnaire: state creativity and mood states (Zhang et al. 2020, PLOS ONE)","Chinese",NA,NA,"tired",NA,NA,47
"zhang_2020_trait_creativity_mood","zhang_2020_trait_creativity_mood_1","tired","12-item experience-sampling (ESM) questionnaire: state creativity and mood states (Zhang et al. 2020, PLOS ONE)","Chinese",NA,NA,"tired",NA,NA,48
"zhang_2020_trait_creativity_mood","zhang_2020_trait_creativity_mood_1","tired","12-item experience-sampling (ESM) questionnaire: state creativity and mood states (Zhang et al. 2020, PLOS ONE)","Chinese",NA,NA,"tired",NA,NA,49
"zhang_2020_trait_creativity_mood","zhang_2020_trait_creativity_mood_1","tired","12-item experience-sampling (ESM) questionnaire: state creativity and mood states (Zhang et al. 2020, PLOS ONE)","Chinese",NA,NA,"tired",NA,NA,50
"zhang_2020_trait_creativity_mood","zhang_2020_trait_creativity_mood_1","tired","12-item experience-sampling (ESM) questionnaire: state creativity and mood states (Zhang et al. 2020, PLOS ONE)","Chinese",NA,NA,"tired",NA,NA,51
"zhang_2020_trait_creativity_mood","zhang_2020_trait_creativity_mood_1","tired","12-item experience-sampling (ESM) questionnaire: state creativity and mood states (Zhang et al. 2020, PLOS ONE)","Chinese",NA,NA,"tired",NA,NA,52
"zhang_2020_trait_creativity_mood","zhang_2020_trait_creativity_mood_1","tired","12-item experience-sampling (ESM) questionnaire: state creativity and mood states (Zhang et al. 2020, PLOS ONE)","Chinese",NA,NA,"tired",NA,NA,53
"zhang_2020_trait_creativity_mood","zhang_2020_trait_creativity_mood_1","tired","12-item experience-sampling (ESM) questionnaire: state creativity and mood states (Zhang et al. 2020, PLOS ONE)","Chinese",NA,NA,"tired",NA,NA,54
"zhang_2020_trait_creativity_mood","zhang_2020_trait_creativity_mood_1","tired","12-item experience-sampling (ESM) questionnaire: state creativity and mood states (Zhang et al. 2020, PLOS ONE)","Chinese",NA,NA,"tired",NA,NA,55
"zhang_2020_trait_creativity_mood","zhang_2020_trait_creativity_mood_1","tired","12-item experience-sampling (ESM) questionnaire: state creativity and mood states (Zhang et al. 2020, PLOS ONE)","Chinese",NA,NA,"tired",NA,NA,56
"zhang_2020_trait_creativity_mood","zhang_2020_trait_creativity_mood_1","tired","12-item experience-sampling (ESM) questionnaire: state creativity and mood states (Zhang et al. 2020, PLOS ONE)","Chinese",NA,NA,"tired",NA,NA,57
"zhang_2020_trait_creativity_mood","zhang_2020_trait_creativity_mood_1","tired","12-item experience-sampling (ESM) questionnaire: state creativity and mood states (Zhang et al. 2020, PLOS ONE)","Chinese",NA,NA,"tired",NA,NA,58
"zhang_2020_trait_creativity_mood","zhang_2020_trait_creativity_mood_1","tired","12-item experience-sampling (ESM) questionnaire: state creativity and mood states (Zhang et al. 2020, PLOS ONE)","Chinese",NA,NA,"tired",NA,NA,59
"zhang_2020_trait_creativity_mood","zhang_2020_trait_creativity_mood_1","tired","12-item experience-sampling (ESM) questionnaire: state creativity and mood states (Zhang et al. 2020, PLOS ONE)","Chinese",NA,NA,"tired",NA,NA,60
"zhang_2020_trait_creativity_mood","zhang_2020_trait_creativity_mood_1","tired","12-item experience-sampling (ESM) questionnaire: state creativity and mood states (Zhang et al. 2020, PLOS ONE)","Chinese",NA,NA,"tired",NA,NA,61
"zhang_2020_trait_creativity_mood","zhang_2020_trait_creativity_mood_1","tired","12-item experience-sampling (ESM) questionnaire: state creativity and mood states (Zhang et al. 2020, PLOS ONE)","Chinese",NA,NA,"tired",NA,NA,62
"zhang_2020_trait_creativity_mood","zhang_2020_trait_creativity_mood_1","tired","12-item experience-sampling (ESM) questionnaire: state creativity and mood states (Zhang et al. 2020, PLOS ONE)","Chinese",NA,NA,"tired",NA,NA,63
"zhang_2020_trait_creativity_mood","zhang_2020_trait_creativity_mood_1","tired","12-item experience-sampling (ESM) questionnaire: state creativity and mood states (Zhang et al. 2020, PLOS ONE)","Chinese",NA,NA,"tired",NA,NA,64
"zhang_2020_trait_creativity_mood","zhang_2020_trait_creativity_mood_1","tired","12-item experience-sampling (ESM) questionnaire: state creativity and mood states (Zhang et al. 2020, PLOS ONE)","Chinese",NA,NA,"tired",NA,NA,65
"zhang_2020_trait_creativity_mood","zhang_2020_trait_creativity_mood_1","tired","12-item experience-sampling (ESM) questionnaire: state creativity and mood states (Zhang et al. 2020, PLOS ONE)","Chinese",NA,NA,"tired",NA,NA,66
"zhang_2020_trait_creativity_mood","zhang_2020_trait_creativity_mood_1","tired","12-item experience-sampling (ESM) questionnaire: state creativity and mood states (Zhang et al. 2020, PLOS ONE)","Chinese",NA,NA,"tired",NA,NA,67
"zhang_2020_trait_creativity_mood","zhang_2020_trait_creativity_mood_1","tired","12-item experience-sampling (ESM) questionnaire: state creativity and mood states (Zhang et al. 2020, PLOS ONE)","Chinese",NA,NA,"tired",NA,NA,68
"zhang_2020_trait_creativity_mood","zhang_2020_trait_creativity_mood_1","tired","12-item experience-sampling (ESM) questionnaire: state creativity and mood states (Zhang et al. 2020, PLOS ONE)","Chinese",NA,NA,"tired",NA,NA,69
"zhang_2020_trait_creativity_mood","zhang_2020_trait_creativity_mood_1","tired","12-item experience-sampling (ESM) questionnaire: state creativity and mood states (Zhang et al. 2020, PLOS ONE)","Chinese",NA,NA,"tired",NA,NA,70
"zhang_2020_trait_creativity_mood","zhang_2020_trait_creativity_mood_1","tired","12-item experience-sampling (ESM) questionnaire: state creativity and mood states (Zhang et al. 2020, PLOS ONE)","Chinese",NA,NA,"tired",NA,NA,71
"zhang_2020_trait_creativity_mood","zhang_2020_trait_creativity_mood_1","tired","12-item experience-sampling (ESM) questionnaire: state creativity and mood states (Zhang et al. 2020, PLOS ONE)","Chinese",NA,NA,"tired",NA,NA,72
"zhang_2020_trait_creativity_mood","zhang_2020_trait_creativity_mood_1","tired","12-item experience-sampling (ESM) questionnaire: state creativity and mood states (Zhang et al. 2020, PLOS ONE)","Chinese",NA,NA,"tired",NA,NA,73
"zhang_2020_trait_creativity_mood","zhang_2020_trait_creativity_mood_1","tired","12-item experience-sampling (ESM) questionnaire: state creativity and mood states (Zhang et al. 2020, PLOS ONE)","Chinese",NA,NA,"tired",NA,NA,74
"zhang_2020_trait_creativity_mood","zhang_2020_trait_creativity_mood_1","tired","12-item experience-sampling (ESM) questionnaire: state creativity and mood states (Zhang et al. 2020, PLOS ONE)","Chinese",NA,NA,"tired",NA,NA,75
"zhang_2020_trait_creativity_mood","zhang_2020_trait_creativity_mood_1","tired","12-item experience-sampling (ESM) questionnaire: state creativity and mood states (Zhang et al. 2020, PLOS ONE)","Chinese",NA,NA,"tired",NA,NA,76
"zhang_2020_trait_creativity_mood","zhang_2020_trait_creativity_mood_1","tired","12-item experience-sampling (ESM) questionnaire: state creativity and mood states (Zhang et al. 2020, PLOS ONE)","Chinese",NA,NA,"tired",NA,NA,77
"zhang_2020_trait_creativity_mood","zhang_2020_trait_creativity_mood_1","tired","12-item experience-sampling (ESM) questionnaire: state creativity and mood states (Zhang et al. 2020, PLOS ONE)","Chinese",NA,NA,"tired",NA,NA,78
"zhang_2020_trait_creativity_mood","zhang_2020_trait_creativity_mood_1","tired","12-item experience-sampling (ESM) questionnaire: state creativity and mood states (Zhang et al. 2020, PLOS ONE)","Chinese",NA,NA,"tired",NA,NA,79
"zhang_2020_trait_creativity_mood","zhang_2020_trait_creativity_mood_1","tired","12-item experience-sampling (ESM) questionnaire: state creativity and mood states (Zhang et al. 2020, PLOS ONE)","Chinese",NA,NA,"tired",NA,NA,80
"zhang_2020_trait_creativity_mood","zhang_2020_trait_creativity_mood_1","tired","12-item experience-sampling (ESM) questionnaire: state creativity and mood states (Zhang et al. 2020, PLOS ONE)","Chinese",NA,NA,"tired",NA,NA,81
"zhang_2020_trait_creativity_mood","zhang_2020_trait_creativity_mood_1","tired","12-item experience-sampling (ESM) questionnaire: state creativity and mood states (Zhang et al. 2020, PLOS ONE)","Chinese",NA,NA,"tired",NA,NA,82
"zhang_2020_trait_creativity_mood","zhang_2020_trait_creativity_mood_1","tired","12-item experience-sampling (ESM) questionnaire: state creativity and mood states (Zhang et al. 2020, PLOS ONE)","Chinese",NA,NA,"tired",NA,NA,83
"zhang_2020_trait_creativity_mood","zhang_2020_trait_creativity_mood_1","tired","12-item experience-sampling (ESM) questionnaire: state creativity and mood states (Zhang et al. 2020, PLOS ONE)","Chinese",NA,NA,"tired",NA,NA,84
"zhang_2020_trait_creativity_mood","zhang_2020_trait_creativity_mood_1","tired","12-item experience-sampling (ESM) questionnaire: state creativity and mood states (Zhang et al. 2020, PLOS ONE)","Chinese",NA,NA,"tired",NA,NA,85
"zhang_2020_trait_creativity_mood","zhang_2020_trait_creativity_mood_1","tired","12-item experience-sampling (ESM) questionnaire: state creativity and mood states (Zhang et al. 2020, PLOS ONE)","Chinese",NA,NA,"tired",NA,NA,86
"zhang_2020_trait_creativity_mood","zhang_2020_trait_creativity_mood_1","tired","12-item experience-sampling (ESM) questionnaire: state creativity and mood states (Zhang et al. 2020, PLOS ONE)","Chinese",NA,NA,"tired",NA,NA,87
"zhang_2020_trait_creativity_mood","zhang_2020_trait_creativity_mood_1","tired","12-item experience-sampling (ESM) questionnaire: state creativity and mood states (Zhang et al. 2020, PLOS ONE)","Chinese",NA,NA,"tired",NA,NA,88
"zhang_2020_trait_creativity_mood","zhang_2020_trait_creativity_mood_1","tired","12-item experience-sampling (ESM) questionnaire: state creativity and mood states (Zhang et al. 2020, PLOS ONE)","Chinese",NA,NA,"tired",NA,NA,89
"zhang_2020_trait_creativity_mood","zhang_2020_trait_creativity_mood_1","tired","12-item experience-sampling (ESM) questionnaire: state creativity and mood states (Zhang et al. 2020, PLOS ONE)","Chinese",NA,NA,"tired",NA,NA,90
"zhang_2020_trait_creativity_mood","zhang_2020_trait_creativity_mood_1","tired","12-item experience-sampling (ESM) questionnaire: state creativity and mood states (Zhang et al. 2020, PLOS ONE)","Chinese",NA,NA,"tired",NA,NA,91
"zhang_2020_trait_creativity_mood","zhang_2020_trait_creativity_mood_1","tired","12-item experience-sampling (ESM) questionnaire: state creativity and mood states (Zhang et al. 2020, PLOS ONE)","Chinese",NA,NA,"tired",NA,NA,92
"zhang_2020_trait_creativity_mood","zhang_2020_trait_creativity_mood_1","tired","12-item experience-sampling (ESM) questionnaire: state creativity and mood states (Zhang et al. 2020, PLOS ONE)","Chinese",NA,NA,"tired",NA,NA,93
"zhang_2020_trait_creativity_mood","zhang_2020_trait_creativity_mood_1","tired","12-item experience-sampling (ESM) questionnaire: state creativity and mood states (Zhang et al. 2020, PLOS ONE)","Chinese",NA,NA,"tired",NA,NA,94
"zhang_2020_trait_creativity_mood","zhang_2020_trait_creativity_mood_1","tired","12-item experience-sampling (ESM) questionnaire: state creativity and mood states (Zhang et al. 2020, PLOS ONE)","Chinese",NA,NA,"tired",NA,NA,95
"zhang_2020_trait_creativity_mood","zhang_2020_trait_creativity_mood_1","tired","12-item experience-sampling (ESM) questionnaire: state creativity and mood states (Zhang et al. 2020, PLOS ONE)","Chinese",NA,NA,"tired",NA,NA,96
"zhang_2020_trait_creativity_mood","zhang_2020_trait_creativity_mood_1","tired","12-item experience-sampling (ESM) questionnaire: state creativity and mood states (Zhang et al. 2020, PLOS ONE)","Chinese",NA,NA,"tired",NA,NA,97
"zhang_2020_trait_creativity_mood","zhang_2020_trait_creativity_mood_1","tired","12-item experience-sampling (ESM) questionnaire: state creativity and mood states (Zhang et al. 2020, PLOS ONE)","Chinese",NA,NA,"tired",NA,NA,98
"zhang_2020_trait_creativity_mood","zhang_2020_trait_creativity_mood_1","tired","12-item experience-sampling (ESM) questionnaire: state creativity and mood states (Zhang et al. 2020, PLOS ONE)","Chinese",NA,NA,"tired",NA,NA,99
"zhang_2020_trait_creativity_mood","zhang_2020_trait_creativity_mood_1","tired","12-item experience-sampling (ESM) questionnaire: state creativity and mood states (Zhang et al. 2020, PLOS ONE)","Chinese",NA,NA,"tired",NA,"extremely",100
"zhang_2020_trait_creativity_mood","zhang_2020_trait_creativity_mood_1","happy","12-item experience-sampling (ESM) questionnaire: state creativity and mood states (Zhang et al. 2020, PLOS ONE)","Chinese",NA,NA,"happy",NA,"not at all",0
"zhang_2020_trait_creativity_mood","zhang_2020_trait_creativity_mood_1","happy","12-item experience-sampling (ESM) questionnaire: state creativity and mood states (Zhang et al. 2020, PLOS ONE)","Chinese",NA,NA,"happy",NA,NA,1
"zhang_2020_trait_creativity_mood","zhang_2020_trait_creativity_mood_1","happy","12-item experience-sampling (ESM) questionnaire: state creativity and mood states (Zhang et al. 2020, PLOS ONE)","Chinese",NA,NA,"happy",NA,NA,2
"zhang_2020_trait_creativity_mood","zhang_2020_trait_creativity_mood_1","happy","12-item experience-sampling (ESM) questionnaire: state creativity and mood states (Zhang et al. 2020, PLOS ONE)","Chinese",NA,NA,"happy",NA,NA,3
"zhang_2020_trait_creativity_mood","zhang_2020_trait_creativity_mood_1","happy","12-item experience-sampling (ESM) questionnaire: state creativity and mood states (Zhang et al. 2020, PLOS ONE)","Chinese",NA,NA,"happy",NA,NA,4
"zhang_2020_trait_creativity_mood","zhang_2020_trait_creativity_mood_1","happy","12-item experience-sampling (ESM) questionnaire: state creativity and mood states (Zhang et al. 2020, PLOS ONE)","Chinese",NA,NA,"happy",NA,NA,5
"zhang_2020_trait_creativity_mood","zhang_2020_trait_creativity_mood_1","happy","12-item experience-sampling (ESM) questionnaire: state creativity and mood states (Zhang et al. 2020, PLOS ONE)","Chinese",NA,NA,"happy",NA,NA,6
"zhang_2020_trait_creativity_mood","zhang_2020_trait_creativity_mood_1","happy","12-item experience-sampling (ESM) questionnaire: state creativity and mood states (Zhang et al. 2020, PLOS ONE)","Chinese",NA,NA,"happy",NA,NA,7
"zhang_2020_trait_creativity_mood","zhang_2020_trait_creativity_mood_1","happy","12-item experience-sampling (ESM) questionnaire: state creativity and mood states (Zhang et al. 2020, PLOS ONE)","Chinese",NA,NA,"happy",NA,NA,8
"zhang_2020_trait_creativity_mood","zhang_2020_trait_creativity_mood_1","happy","12-item experience-sampling (ESM) questionnaire: state creativity and mood states (Zhang et al. 2020, PLOS ONE)","Chinese",NA,NA,"happy",NA,NA,9
"zhang_2020_trait_creativity_mood","zhang_2020_trait_creativity_mood_1","happy","12-item experience-sampling (ESM) questionnaire: state creativity and mood states (Zhang et al. 2020, PLOS ONE)","Chinese",NA,NA,"happy",NA,NA,10
"zhang_2020_trait_creativity_mood","zhang_2020_trait_creativity_mood_1","happy","12-item experience-sampling (ESM) questionnaire: state creativity and mood states (Zhang et al. 2020, PLOS ONE)","Chinese",NA,NA,"happy",NA,NA,11
"zhang_2020_trait_creativity_mood","zhang_2020_trait_creativity_mood_1","happy","12-item experience-sampling (ESM) questionnaire: state creativity and mood states (Zhang et al. 2020, PLOS ONE)","Chinese",NA,NA,"happy",NA,NA,12
"zhang_2020_trait_creativity_mood","zhang_2020_trait_creativity_mood_1","happy","12-item experience-sampling (ESM) questionnaire: state creativity and mood states (Zhang et al. 2020, PLOS ONE)","Chinese",NA,NA,"happy",NA,NA,13
"zhang_2020_trait_creativity_mood","zhang_2020_trait_creativity_mood_1","happy","12-item experience-sampling (ESM) questionnaire: state creativity and mood states (Zhang et al. 2020, PLOS ONE)","Chinese",NA,NA,"happy",NA,NA,14
"zhang_2020_trait_creativity_mood","zhang_2020_trait_creativity_mood_1","happy","12-item experience-sampling (ESM) questionnaire: state creativity and mood states (Zhang et al. 2020, PLOS ONE)","Chinese",NA,NA,"happy",NA,NA,15
"zhang_2020_trait_creativity_mood","zhang_2020_trait_creativity_mood_1","happy","12-item experience-sampling (ESM) questionnaire: state creativity and mood states (Zhang et al. 2020, PLOS ONE)","Chinese",NA,NA,"happy",NA,NA,16
"zhang_2020_trait_creativity_mood","zhang_2020_trait_creativity_mood_1","happy","12-item experience-sampling (ESM) questionnaire: state creativity and mood states (Zhang et al. 2020, PLOS ONE)","Chinese",NA,NA,"happy",NA,NA,17
"zhang_2020_trait_creativity_mood","zhang_2020_trait_creativity_mood_1","happy","12-item experience-sampling (ESM) questionnaire: state creativity and mood states (Zhang et al. 2020, PLOS ONE)","Chinese",NA,NA,"happy",NA,NA,18
"zhang_2020_trait_creativity_mood","zhang_2020_trait_creativity_mood_1","happy","12-item experience-sampling (ESM) questionnaire: state creativity and mood states (Zhang et al. 2020, PLOS ONE)","Chinese",NA,NA,"happy",NA,NA,19
"zhang_2020_trait_creativity_mood","zhang_2020_trait_creativity_mood_1","happy","12-item experience-sampling (ESM) questionnaire: state creativity and mood states (Zhang et al. 2020, PLOS ONE)","Chinese",NA,NA,"happy",NA,NA,20
"zhang_2020_trait_creativity_mood","zhang_2020_trait_creativity_mood_1","happy","12-item experience-sampling (ESM) questionnaire: state creativity and mood states (Zhang et al. 2020, PLOS ONE)","Chinese",NA,NA,"happy",NA,NA,21
"zhang_2020_trait_creativity_mood","zhang_2020_trait_creativity_mood_1","happy","12-item experience-sampling (ESM) questionnaire: state creativity and mood states (Zhang et al. 2020, PLOS ONE)","Chinese",NA,NA,"happy",NA,NA,22
"zhang_2020_trait_creativity_mood","zhang_2020_trait_creativity_mood_1","happy","12-item experience-sampling (ESM) questionnaire: state creativity and mood states (Zhang et al. 2020, PLOS ONE)","Chinese",NA,NA,"happy",NA,NA,23
"zhang_2020_trait_creativity_mood","zhang_2020_trait_creativity_mood_1","happy","12-item experience-sampling (ESM) questionnaire: state creativity and mood states (Zhang et al. 2020, PLOS ONE)","Chinese",NA,NA,"happy",NA,NA,24
"zhang_2020_trait_creativity_mood","zhang_2020_trait_creativity_mood_1","happy","12-item experience-sampling (ESM) questionnaire: state creativity and mood states (Zhang et al. 2020, PLOS ONE)","Chinese",NA,NA,"happy",NA,NA,25
"zhang_2020_trait_creativity_mood","zhang_2020_trait_creativity_mood_1","happy","12-item experience-sampling (ESM) questionnaire: state creativity and mood states (Zhang et al. 2020, PLOS ONE)","Chinese",NA,NA,"happy",NA,NA,26
"zhang_2020_trait_creativity_mood","zhang_2020_trait_creativity_mood_1","happy","12-item experience-sampling (ESM) questionnaire: state creativity and mood states (Zhang et al. 2020, PLOS ONE)","Chinese",NA,NA,"happy",NA,NA,27
"zhang_2020_trait_creativity_mood","zhang_2020_trait_creativity_mood_1","happy","12-item experience-sampling (ESM) questionnaire: state creativity and mood states (Zhang et al. 2020, PLOS ONE)","Chinese",NA,NA,"happy",NA,NA,28
"zhang_2020_trait_creativity_mood","zhang_2020_trait_creativity_mood_1","happy","12-item experience-sampling (ESM) questionnaire: state creativity and mood states (Zhang et al. 2020, PLOS ONE)","Chinese",NA,NA,"happy",NA,NA,29
"zhang_2020_trait_creativity_mood","zhang_2020_trait_creativity_mood_1","happy","12-item experience-sampling (ESM) questionnaire: state creativity and mood states (Zhang et al. 2020, PLOS ONE)","Chinese",NA,NA,"happy",NA,NA,30
"zhang_2020_trait_creativity_mood","zhang_2020_trait_creativity_mood_1","happy","12-item experience-sampling (ESM) questionnaire: state creativity and mood states (Zhang et al. 2020, PLOS ONE)","Chinese",NA,NA,"happy",NA,NA,31
"zhang_2020_trait_creativity_mood","zhang_2020_trait_creativity_mood_1","happy","12-item experience-sampling (ESM) questionnaire: state creativity and mood states (Zhang et al. 2020, PLOS ONE)","Chinese",NA,NA,"happy",NA,NA,32
"zhang_2020_trait_creativity_mood","zhang_2020_trait_creativity_mood_1","happy","12-item experience-sampling (ESM) questionnaire: state creativity and mood states (Zhang et al. 2020, PLOS ONE)","Chinese",NA,NA,"happy",NA,NA,33
"zhang_2020_trait_creativity_mood","zhang_2020_trait_creativity_mood_1","happy","12-item experience-sampling (ESM) questionnaire: state creativity and mood states (Zhang et al. 2020, PLOS ONE)","Chinese",NA,NA,"happy",NA,NA,34
"zhang_2020_trait_creativity_mood","zhang_2020_trait_creativity_mood_1","happy","12-item experience-sampling (ESM) questionnaire: state creativity and mood states (Zhang et al. 2020, PLOS ONE)","Chinese",NA,NA,"happy",NA,NA,35
"zhang_2020_trait_creativity_mood","zhang_2020_trait_creativity_mood_1","happy","12-item experience-sampling (ESM) questionnaire: state creativity and mood states (Zhang et al. 2020, PLOS ONE)","Chinese",NA,NA,"happy",NA,NA,36
"zhang_2020_trait_creativity_mood","zhang_2020_trait_creativity_mood_1","happy","12-item experience-sampling (ESM) questionnaire: state creativity and mood states (Zhang et al. 2020, PLOS ONE)","Chinese",NA,NA,"happy",NA,NA,37
"zhang_2020_trait_creativity_mood","zhang_2020_trait_creativity_mood_1","happy","12-item experience-sampling (ESM) questionnaire: state creativity and mood states (Zhang et al. 2020, PLOS ONE)","Chinese",NA,NA,"happy",NA,NA,38
"zhang_2020_trait_creativity_mood","zhang_2020_trait_creativity_mood_1","happy","12-item experience-sampling (ESM) questionnaire: state creativity and mood states (Zhang et al. 2020, PLOS ONE)","Chinese",NA,NA,"happy",NA,NA,39
"zhang_2020_trait_creativity_mood","zhang_2020_trait_creativity_mood_1","happy","12-item experience-sampling (ESM) questionnaire: state creativity and mood states (Zhang et al. 2020, PLOS ONE)","Chinese",NA,NA,"happy",NA,NA,40
"zhang_2020_trait_creativity_mood","zhang_2020_trait_creativity_mood_1","happy","12-item experience-sampling (ESM) questionnaire: state creativity and mood states (Zhang et al. 2020, PLOS ONE)","Chinese",NA,NA,"happy",NA,NA,41
"zhang_2020_trait_creativity_mood","zhang_2020_trait_creativity_mood_1","happy","12-item experience-sampling (ESM) questionnaire: state creativity and mood states (Zhang et al. 2020, PLOS ONE)","Chinese",NA,NA,"happy",NA,NA,42
"zhang_2020_trait_creativity_mood","zhang_2020_trait_creativity_mood_1","happy","12-item experience-sampling (ESM) questionnaire: state creativity and mood states (Zhang et al. 2020, PLOS ONE)","Chinese",NA,NA,"happy",NA,NA,43
"zhang_2020_trait_creativity_mood","zhang_2020_trait_creativity_mood_1","happy","12-item experience-sampling (ESM) questionnaire: state creativity and mood states (Zhang et al. 2020, PLOS ONE)","Chinese",NA,NA,"happy",NA,NA,44
"zhang_2020_trait_creativity_mood","zhang_2020_trait_creativity_mood_1","happy","12-item experience-sampling (ESM) questionnaire: state creativity and mood states (Zhang et al. 2020, PLOS ONE)","Chinese",NA,NA,"happy",NA,NA,45
"zhang_2020_trait_creativity_mood","zhang_2020_trait_creativity_mood_1","happy","12-item experience-sampling (ESM) questionnaire: state creativity and mood states (Zhang et al. 2020, PLOS ONE)","Chinese",NA,NA,"happy",NA,NA,46
"zhang_2020_trait_creativity_mood","zhang_2020_trait_creativity_mood_1","happy","12-item experience-sampling (ESM) questionnaire: state creativity and mood states (Zhang et al. 2020, PLOS ONE)","Chinese",NA,NA,"happy",NA,NA,47
"zhang_2020_trait_creativity_mood","zhang_2020_trait_creativity_mood_1","happy","12-item experience-sampling (ESM) questionnaire: state creativity and mood states (Zhang et al. 2020, PLOS ONE)","Chinese",NA,NA,"happy",NA,NA,48
"zhang_2020_trait_creativity_mood","zhang_2020_trait_creativity_mood_1","happy","12-item experience-sampling (ESM) questionnaire: state creativity and mood states (Zhang et al. 2020, PLOS ONE)","Chinese",NA,NA,"happy",NA,NA,49
"zhang_2020_trait_creativity_mood","zhang_2020_trait_creativity_mood_1","happy","12-item experience-sampling (ESM) questionnaire: state creativity and mood states (Zhang et al. 2020, PLOS ONE)","Chinese",NA,NA,"happy",NA,NA,50
"zhang_2020_trait_creativity_mood","zhang_2020_trait_creativity_mood_1","happy","12-item experience-sampling (ESM) questionnaire: state creativity and mood states (Zhang et al. 2020, PLOS ONE)","Chinese",NA,NA,"happy",NA,NA,51
"zhang_2020_trait_creativity_mood","zhang_2020_trait_creativity_mood_1","happy","12-item experience-sampling (ESM) questionnaire: state creativity and mood states (Zhang et al. 2020, PLOS ONE)","Chinese",NA,NA,"happy",NA,NA,52
"zhang_2020_trait_creativity_mood","zhang_2020_trait_creativity_mood_1","happy","12-item experience-sampling (ESM) questionnaire: state creativity and mood states (Zhang et al. 2020, PLOS ONE)","Chinese",NA,NA,"happy",NA,NA,53
"zhang_2020_trait_creativity_mood","zhang_2020_trait_creativity_mood_1","happy","12-item experience-sampling (ESM) questionnaire: state creativity and mood states (Zhang et al. 2020, PLOS ONE)","Chinese",NA,NA,"happy",NA,NA,54
"zhang_2020_trait_creativity_mood","zhang_2020_trait_creativity_mood_1","happy","12-item experience-sampling (ESM) questionnaire: state creativity and mood states (Zhang et al. 2020, PLOS ONE)","Chinese",NA,NA,"happy",NA,NA,55
"zhang_2020_trait_creativity_mood","zhang_2020_trait_creativity_mood_1","happy","12-item experience-sampling (ESM) questionnaire: state creativity and mood states (Zhang et al. 2020, PLOS ONE)","Chinese",NA,NA,"happy",NA,NA,56
"zhang_2020_trait_creativity_mood","zhang_2020_trait_creativity_mood_1","happy","12-item experience-sampling (ESM) questionnaire: state creativity and mood states (Zhang et al. 2020, PLOS ONE)","Chinese",NA,NA,"happy",NA,NA,57
"zhang_2020_trait_creativity_mood","zhang_2020_trait_creativity_mood_1","happy","12-item experience-sampling (ESM) questionnaire: state creativity and mood states (Zhang et al. 2020, PLOS ONE)","Chinese",NA,NA,"happy",NA,NA,58
"zhang_2020_trait_creativity_mood","zhang_2020_trait_creativity_mood_1","happy","12-item experience-sampling (ESM) questionnaire: state creativity and mood states (Zhang et al. 2020, PLOS ONE)","Chinese",NA,NA,"happy",NA,NA,59
"zhang_2020_trait_creativity_mood","zhang_2020_trait_creativity_mood_1","happy","12-item experience-sampling (ESM) questionnaire: state creativity and mood states (Zhang et al. 2020, PLOS ONE)","Chinese",NA,NA,"happy",NA,NA,60
"zhang_2020_trait_creativity_mood","zhang_2020_trait_creativity_mood_1","happy","12-item experience-sampling (ESM) questionnaire: state creativity and mood states (Zhang et al. 2020, PLOS ONE)","Chinese",NA,NA,"happy",NA,NA,61
"zhang_2020_trait_creativity_mood","zhang_2020_trait_creativity_mood_1","happy","12-item experience-sampling (ESM) questionnaire: state creativity and mood states (Zhang et al. 2020, PLOS ONE)","Chinese",NA,NA,"happy",NA,NA,62
"zhang_2020_trait_creativity_mood","zhang_2020_trait_creativity_mood_1","happy","12-item experience-sampling (ESM) questionnaire: state creativity and mood states (Zhang et al. 2020, PLOS ONE)","Chinese",NA,NA,"happy",NA,NA,63
"zhang_2020_trait_creativity_mood","zhang_2020_trait_creativity_mood_1","happy","12-item experience-sampling (ESM) questionnaire: state creativity and mood states (Zhang et al. 2020, PLOS ONE)","Chinese",NA,NA,"happy",NA,NA,64
"zhang_2020_trait_creativity_mood","zhang_2020_trait_creativity_mood_1","happy","12-item experience-sampling (ESM) questionnaire: state creativity and mood states (Zhang et al. 2020, PLOS ONE)","Chinese",NA,NA,"happy",NA,NA,65
"zhang_2020_trait_creativity_mood","zhang_2020_trait_creativity_mood_1","happy","12-item experience-sampling (ESM) questionnaire: state creativity and mood states (Zhang et al. 2020, PLOS ONE)","Chinese",NA,NA,"happy",NA,NA,66
"zhang_2020_trait_creativity_mood","zhang_2020_trait_creativity_mood_1","happy","12-item experience-sampling (ESM) questionnaire: state creativity and mood states (Zhang et al. 2020, PLOS ONE)","Chinese",NA,NA,"happy",NA,NA,67
"zhang_2020_trait_creativity_mood","zhang_2020_trait_creativity_mood_1","happy","12-item experience-sampling (ESM) questionnaire: state creativity and mood states (Zhang et al. 2020, PLOS ONE)","Chinese",NA,NA,"happy",NA,NA,68
"zhang_2020_trait_creativity_mood","zhang_2020_trait_creativity_mood_1","happy","12-item experience-sampling (ESM) questionnaire: state creativity and mood states (Zhang et al. 2020, PLOS ONE)","Chinese",NA,NA,"happy",NA,NA,69
"zhang_2020_trait_creativity_mood","zhang_2020_trait_creativity_mood_1","happy","12-item experience-sampling (ESM) questionnaire: state creativity and mood states (Zhang et al. 2020, PLOS ONE)","Chinese",NA,NA,"happy",NA,NA,70
"zhang_2020_trait_creativity_mood","zhang_2020_trait_creativity_mood_1","happy","12-item experience-sampling (ESM) questionnaire: state creativity and mood states (Zhang et al. 2020, PLOS ONE)","Chinese",NA,NA,"happy",NA,NA,71
"zhang_2020_trait_creativity_mood","zhang_2020_trait_creativity_mood_1","happy","12-item experience-sampling (ESM) questionnaire: state creativity and mood states (Zhang et al. 2020, PLOS ONE)","Chinese",NA,NA,"happy",NA,NA,72
"zhang_2020_trait_creativity_mood","zhang_2020_trait_creativity_mood_1","happy","12-item experience-sampling (ESM) questionnaire: state creativity and mood states (Zhang et al. 2020, PLOS ONE)","Chinese",NA,NA,"happy",NA,NA,73
"zhang_2020_trait_creativity_mood","zhang_2020_trait_creativity_mood_1","happy","12-item experience-sampling (ESM) questionnaire: state creativity and mood states (Zhang et al. 2020, PLOS ONE)","Chinese",NA,NA,"happy",NA,NA,74
"zhang_2020_trait_creativity_mood","zhang_2020_trait_creativity_mood_1","happy","12-item experience-sampling (ESM) questionnaire: state creativity and mood states (Zhang et al. 2020, PLOS ONE)","Chinese",NA,NA,"happy",NA,NA,75
"zhang_2020_trait_creativity_mood","zhang_2020_trait_creativity_mood_1","happy","12-item experience-sampling (ESM) questionnaire: state creativity and mood states (Zhang et al. 2020, PLOS ONE)","Chinese",NA,NA,"happy",NA,NA,76
"zhang_2020_trait_creativity_mood","zhang_2020_trait_creativity_mood_1","happy","12-item experience-sampling (ESM) questionnaire: state creativity and mood states (Zhang et al. 2020, PLOS ONE)","Chinese",NA,NA,"happy",NA,NA,77
"zhang_2020_trait_creativity_mood","zhang_2020_trait_creativity_mood_1","happy","12-item experience-sampling (ESM) questionnaire: state creativity and mood states (Zhang et al. 2020, PLOS ONE)","Chinese",NA,NA,"happy",NA,NA,78
"zhang_2020_trait_creativity_mood","zhang_2020_trait_creativity_mood_1","happy","12-item experience-sampling (ESM) questionnaire: state creativity and mood states (Zhang et al. 2020, PLOS ONE)","Chinese",NA,NA,"happy",NA,NA,79
"zhang_2020_trait_creativity_mood","zhang_2020_trait_creativity_mood_1","happy","12-item experience-sampling (ESM) questionnaire: state creativity and mood states (Zhang et al. 2020, PLOS ONE)","Chinese",NA,NA,"happy",NA,NA,80
"zhang_2020_trait_creativity_mood","zhang_2020_trait_creativity_mood_1","happy","12-item experience-sampling (ESM) questionnaire: state creativity and mood states (Zhang et al. 2020, PLOS ONE)","Chinese",NA,NA,"happy",NA,NA,81
"zhang_2020_trait_creativity_mood","zhang_2020_trait_creativity_mood_1","happy","12-item experience-sampling (ESM) questionnaire: state creativity and mood states (Zhang et al. 2020, PLOS ONE)","Chinese",NA,NA,"happy",NA,NA,82
"zhang_2020_trait_creativity_mood","zhang_2020_trait_creativity_mood_1","happy","12-item experience-sampling (ESM) questionnaire: state creativity and mood states (Zhang et al. 2020, PLOS ONE)","Chinese",NA,NA,"happy",NA,NA,83
"zhang_2020_trait_creativity_mood","zhang_2020_trait_creativity_mood_1","happy","12-item experience-sampling (ESM) questionnaire: state creativity and mood states (Zhang et al. 2020, PLOS ONE)","Chinese",NA,NA,"happy",NA,NA,84
"zhang_2020_trait_creativity_mood","zhang_2020_trait_creativity_mood_1","happy","12-item experience-sampling (ESM) questionnaire: state creativity and mood states (Zhang et al. 2020, PLOS ONE)","Chinese",NA,NA,"happy",NA,NA,85
"zhang_2020_trait_creativity_mood","zhang_2020_trait_creativity_mood_1","happy","12-item experience-sampling (ESM) questionnaire: state creativity and mood states (Zhang et al. 2020, PLOS ONE)","Chinese",NA,NA,"happy",NA,NA,86
"zhang_2020_trait_creativity_mood","zhang_2020_trait_creativity_mood_1","happy","12-item experience-sampling (ESM) questionnaire: state creativity and mood states (Zhang et al. 2020, PLOS ONE)","Chinese",NA,NA,"happy",NA,NA,87
"zhang_2020_trait_creativity_mood","zhang_2020_trait_creativity_mood_1","happy","12-item experience-sampling (ESM) questionnaire: state creativity and mood states (Zhang et al. 2020, PLOS ONE)","Chinese",NA,NA,"happy",NA,NA,88
"zhang_2020_trait_creativity_mood","zhang_2020_trait_creativity_mood_1","happy","12-item experience-sampling (ESM) questionnaire: state creativity and mood states (Zhang et al. 2020, PLOS ONE)","Chinese",NA,NA,"happy",NA,NA,89
"zhang_2020_trait_creativity_mood","zhang_2020_trait_creativity_mood_1","happy","12-item experience-sampling (ESM) questionnaire: state creativity and mood states (Zhang et al. 2020, PLOS ONE)","Chinese",NA,NA,"happy",NA,NA,90
"zhang_2020_trait_creativity_mood","zhang_2020_trait_creativity_mood_1","happy","12-item experience-sampling (ESM) questionnaire: state creativity and mood states (Zhang et al. 2020, PLOS ONE)","Chinese",NA,NA,"happy",NA,NA,91
"zhang_2020_trait_creativity_mood","zhang_2020_trait_creativity_mood_1","happy","12-item experience-sampling (ESM) questionnaire: state creativity and mood states (Zhang et al. 2020, PLOS ONE)","Chinese",NA,NA,"happy",NA,NA,92
"zhang_2020_trait_creativity_mood","zhang_2020_trait_creativity_mood_1","happy","12-item experience-sampling (ESM) questionnaire: state creativity and mood states (Zhang et al. 2020, PLOS ONE)","Chinese",NA,NA,"happy",NA,NA,93
"zhang_2020_trait_creativity_mood","zhang_2020_trait_creativity_mood_1","happy","12-item experience-sampling (ESM) questionnaire: state creativity and mood states (Zhang et al. 2020, PLOS ONE)","Chinese",NA,NA,"happy",NA,NA,94
"zhang_2020_trait_creativity_mood","zhang_2020_trait_creativity_mood_1","happy","12-item experience-sampling (ESM) questionnaire: state creativity and mood states (Zhang et al. 2020, PLOS ONE)","Chinese",NA,NA,"happy",NA,NA,95
"zhang_2020_trait_creativity_mood","zhang_2020_trait_creativity_mood_1","happy","12-item experience-sampling (ESM) questionnaire: state creativity and mood states (Zhang et al. 2020, PLOS ONE)","Chinese",NA,NA,"happy",NA,NA,96
"zhang_2020_trait_creativity_mood","zhang_2020_trait_creativity_mood_1","happy","12-item experience-sampling (ESM) questionnaire: state creativity and mood states (Zhang et al. 2020, PLOS ONE)","Chinese",NA,NA,"happy",NA,NA,97
"zhang_2020_trait_creativity_mood","zhang_2020_trait_creativity_mood_1","happy","12-item experience-sampling (ESM) questionnaire: state creativity and mood states (Zhang et al. 2020, PLOS ONE)","Chinese",NA,NA,"happy",NA,NA,98
"zhang_2020_trait_creativity_mood","zhang_2020_trait_creativity_mood_1","happy","12-item experience-sampling (ESM) questionnaire: state creativity and mood states (Zhang et al. 2020, PLOS ONE)","Chinese",NA,NA,"happy",NA,NA,99
"zhang_2020_trait_creativity_mood","zhang_2020_trait_creativity_mood_1","happy","12-item experience-sampling (ESM) questionnaire: state creativity and mood states (Zhang et al. 2020, PLOS ONE)","Chinese",NA,NA,"happy",NA,"extremely",100
"zhang_2020_trait_creativity_mood","zhang_2020_trait_creativity_mood_1","stressed","12-item experience-sampling (ESM) questionnaire: state creativity and mood states (Zhang et al. 2020, PLOS ONE)","Chinese",NA,NA,"stressed",NA,"not at all",0
"zhang_2020_trait_creativity_mood","zhang_2020_trait_creativity_mood_1","stressed","12-item experience-sampling (ESM) questionnaire: state creativity and mood states (Zhang et al. 2020, PLOS ONE)","Chinese",NA,NA,"stressed",NA,NA,1
"zhang_2020_trait_creativity_mood","zhang_2020_trait_creativity_mood_1","stressed","12-item experience-sampling (ESM) questionnaire: state creativity and mood states (Zhang et al. 2020, PLOS ONE)","Chinese",NA,NA,"stressed",NA,NA,2
"zhang_2020_trait_creativity_mood","zhang_2020_trait_creativity_mood_1","stressed","12-item experience-sampling (ESM) questionnaire: state creativity and mood states (Zhang et al. 2020, PLOS ONE)","Chinese",NA,NA,"stressed",NA,NA,3
"zhang_2020_trait_creativity_mood","zhang_2020_trait_creativity_mood_1","stressed","12-item experience-sampling (ESM) questionnaire: state creativity and mood states (Zhang et al. 2020, PLOS ONE)","Chinese",NA,NA,"stressed",NA,NA,4
"zhang_2020_trait_creativity_mood","zhang_2020_trait_creativity_mood_1","stressed","12-item experience-sampling (ESM) questionnaire: state creativity and mood states (Zhang et al. 2020, PLOS ONE)","Chinese",NA,NA,"stressed",NA,NA,5
"zhang_2020_trait_creativity_mood","zhang_2020_trait_creativity_mood_1","stressed","12-item experience-sampling (ESM) questionnaire: state creativity and mood states (Zhang et al. 2020, PLOS ONE)","Chinese",NA,NA,"stressed",NA,NA,6
"zhang_2020_trait_creativity_mood","zhang_2020_trait_creativity_mood_1","stressed","12-item experience-sampling (ESM) questionnaire: state creativity and mood states (Zhang et al. 2020, PLOS ONE)","Chinese",NA,NA,"stressed",NA,NA,7
"zhang_2020_trait_creativity_mood","zhang_2020_trait_creativity_mood_1","stressed","12-item experience-sampling (ESM) questionnaire: state creativity and mood states (Zhang et al. 2020, PLOS ONE)","Chinese",NA,NA,"stressed",NA,NA,8
"zhang_2020_trait_creativity_mood","zhang_2020_trait_creativity_mood_1","stressed","12-item experience-sampling (ESM) questionnaire: state creativity and mood states (Zhang et al. 2020, PLOS ONE)","Chinese",NA,NA,"stressed",NA,NA,9
"zhang_2020_trait_creativity_mood","zhang_2020_trait_creativity_mood_1","stressed","12-item experience-sampling (ESM) questionnaire: state creativity and mood states (Zhang et al. 2020, PLOS ONE)","Chinese",NA,NA,"stressed",NA,NA,10
"zhang_2020_trait_creativity_mood","zhang_2020_trait_creativity_mood_1","stressed","12-item experience-sampling (ESM) questionnaire: state creativity and mood states (Zhang et al. 2020, PLOS ONE)","Chinese",NA,NA,"stressed",NA,NA,11
"zhang_2020_trait_creativity_mood","zhang_2020_trait_creativity_mood_1","stressed","12-item experience-sampling (ESM) questionnaire: state creativity and mood states (Zhang et al. 2020, PLOS ONE)","Chinese",NA,NA,"stressed",NA,NA,12
"zhang_2020_trait_creativity_mood","zhang_2020_trait_creativity_mood_1","stressed","12-item experience-sampling (ESM) questionnaire: state creativity and mood states (Zhang et al. 2020, PLOS ONE)","Chinese",NA,NA,"stressed",NA,NA,13
"zhang_2020_trait_creativity_mood","zhang_2020_trait_creativity_mood_1","stressed","12-item experience-sampling (ESM) questionnaire: state creativity and mood states (Zhang et al. 2020, PLOS ONE)","Chinese",NA,NA,"stressed",NA,NA,14
"zhang_2020_trait_creativity_mood","zhang_2020_trait_creativity_mood_1","stressed","12-item experience-sampling (ESM) questionnaire: state creativity and mood states (Zhang et al. 2020, PLOS ONE)","Chinese",NA,NA,"stressed",NA,NA,15
"zhang_2020_trait_creativity_mood","zhang_2020_trait_creativity_mood_1","stressed","12-item experience-sampling (ESM) questionnaire: state creativity and mood states (Zhang et al. 2020, PLOS ONE)","Chinese",NA,NA,"stressed",NA,NA,16
"zhang_2020_trait_creativity_mood","zhang_2020_trait_creativity_mood_1","stressed","12-item experience-sampling (ESM) questionnaire: state creativity and mood states (Zhang et al. 2020, PLOS ONE)","Chinese",NA,NA,"stressed",NA,NA,17
"zhang_2020_trait_creativity_mood","zhang_2020_trait_creativity_mood_1","stressed","12-item experience-sampling (ESM) questionnaire: state creativity and mood states (Zhang et al. 2020, PLOS ONE)","Chinese",NA,NA,"stressed",NA,NA,18
"zhang_2020_trait_creativity_mood","zhang_2020_trait_creativity_mood_1","stressed","12-item experience-sampling (ESM) questionnaire: state creativity and mood states (Zhang et al. 2020, PLOS ONE)","Chinese",NA,NA,"stressed",NA,NA,19
"zhang_2020_trait_creativity_mood","zhang_2020_trait_creativity_mood_1","stressed","12-item experience-sampling (ESM) questionnaire: state creativity and mood states (Zhang et al. 2020, PLOS ONE)","Chinese",NA,NA,"stressed",NA,NA,20
"zhang_2020_trait_creativity_mood","zhang_2020_trait_creativity_mood_1","stressed","12-item experience-sampling (ESM) questionnaire: state creativity and mood states (Zhang et al. 2020, PLOS ONE)","Chinese",NA,NA,"stressed",NA,NA,21
"zhang_2020_trait_creativity_mood","zhang_2020_trait_creativity_mood_1","stressed","12-item experience-sampling (ESM) questionnaire: state creativity and mood states (Zhang et al. 2020, PLOS ONE)","Chinese",NA,NA,"stressed",NA,NA,22
"zhang_2020_trait_creativity_mood","zhang_2020_trait_creativity_mood_1","stressed","12-item experience-sampling (ESM) questionnaire: state creativity and mood states (Zhang et al. 2020, PLOS ONE)","Chinese",NA,NA,"stressed",NA,NA,23
"zhang_2020_trait_creativity_mood","zhang_2020_trait_creativity_mood_1","stressed","12-item experience-sampling (ESM) questionnaire: state creativity and mood states (Zhang et al. 2020, PLOS ONE)","Chinese",NA,NA,"stressed",NA,NA,24
"zhang_2020_trait_creativity_mood","zhang_2020_trait_creativity_mood_1","stressed","12-item experience-sampling (ESM) questionnaire: state creativity and mood states (Zhang et al. 2020, PLOS ONE)","Chinese",NA,NA,"stressed",NA,NA,25
"zhang_2020_trait_creativity_mood","zhang_2020_trait_creativity_mood_1","stressed","12-item experience-sampling (ESM) questionnaire: state creativity and mood states (Zhang et al. 2020, PLOS ONE)","Chinese",NA,NA,"stressed",NA,NA,26
"zhang_2020_trait_creativity_mood","zhang_2020_trait_creativity_mood_1","stressed","12-item experience-sampling (ESM) questionnaire: state creativity and mood states (Zhang et al. 2020, PLOS ONE)","Chinese",NA,NA,"stressed",NA,NA,27
"zhang_2020_trait_creativity_mood","zhang_2020_trait_creativity_mood_1","stressed","12-item experience-sampling (ESM) questionnaire: state creativity and mood states (Zhang et al. 2020, PLOS ONE)","Chinese",NA,NA,"stressed",NA,NA,28
"zhang_2020_trait_creativity_mood","zhang_2020_trait_creativity_mood_1","stressed","12-item experience-sampling (ESM) questionnaire: state creativity and mood states (Zhang et al. 2020, PLOS ONE)","Chinese",NA,NA,"stressed",NA,NA,29
"zhang_2020_trait_creativity_mood","zhang_2020_trait_creativity_mood_1","stressed","12-item experience-sampling (ESM) questionnaire: state creativity and mood states (Zhang et al. 2020, PLOS ONE)","Chinese",NA,NA,"stressed",NA,NA,30
"zhang_2020_trait_creativity_mood","zhang_2020_trait_creativity_mood_1","stressed","12-item experience-sampling (ESM) questionnaire: state creativity and mood states (Zhang et al. 2020, PLOS ONE)","Chinese",NA,NA,"stressed",NA,NA,31
"zhang_2020_trait_creativity_mood","zhang_2020_trait_creativity_mood_1","stressed","12-item experience-sampling (ESM) questionnaire: state creativity and mood states (Zhang et al. 2020, PLOS ONE)","Chinese",NA,NA,"stressed",NA,NA,32
"zhang_2020_trait_creativity_mood","zhang_2020_trait_creativity_mood_1","stressed","12-item experience-sampling (ESM) questionnaire: state creativity and mood states (Zhang et al. 2020, PLOS ONE)","Chinese",NA,NA,"stressed",NA,NA,33
"zhang_2020_trait_creativity_mood","zhang_2020_trait_creativity_mood_1","stressed","12-item experience-sampling (ESM) questionnaire: state creativity and mood states (Zhang et al. 2020, PLOS ONE)","Chinese",NA,NA,"stressed",NA,NA,34
"zhang_2020_trait_creativity_mood","zhang_2020_trait_creativity_mood_1","stressed","12-item experience-sampling (ESM) questionnaire: state creativity and mood states (Zhang et al. 2020, PLOS ONE)","Chinese",NA,NA,"stressed",NA,NA,35
"zhang_2020_trait_creativity_mood","zhang_2020_trait_creativity_mood_1","stressed","12-item experience-sampling (ESM) questionnaire: state creativity and mood states (Zhang et al. 2020, PLOS ONE)","Chinese",NA,NA,"stressed",NA,NA,36
"zhang_2020_trait_creativity_mood","zhang_2020_trait_creativity_mood_1","stressed","12-item experience-sampling (ESM) questionnaire: state creativity and mood states (Zhang et al. 2020, PLOS ONE)","Chinese",NA,NA,"stressed",NA,NA,37
"zhang_2020_trait_creativity_mood","zhang_2020_trait_creativity_mood_1","stressed","12-item experience-sampling (ESM) questionnaire: state creativity and mood states (Zhang et al. 2020, PLOS ONE)","Chinese",NA,NA,"stressed",NA,NA,38
"zhang_2020_trait_creativity_mood","zhang_2020_trait_creativity_mood_1","stressed","12-item experience-sampling (ESM) questionnaire: state creativity and mood states (Zhang et al. 2020, PLOS ONE)","Chinese",NA,NA,"stressed",NA,NA,39
"zhang_2020_trait_creativity_mood","zhang_2020_trait_creativity_mood_1","stressed","12-item experience-sampling (ESM) questionnaire: state creativity and mood states (Zhang et al. 2020, PLOS ONE)","Chinese",NA,NA,"stressed",NA,NA,40
"zhang_2020_trait_creativity_mood","zhang_2020_trait_creativity_mood_1","stressed","12-item experience-sampling (ESM) questionnaire: state creativity and mood states (Zhang et al. 2020, PLOS ONE)","Chinese",NA,NA,"stressed",NA,NA,41
"zhang_2020_trait_creativity_mood","zhang_2020_trait_creativity_mood_1","stressed","12-item experience-sampling (ESM) questionnaire: state creativity and mood states (Zhang et al. 2020, PLOS ONE)","Chinese",NA,NA,"stressed",NA,NA,42
"zhang_2020_trait_creativity_mood","zhang_2020_trait_creativity_mood_1","stressed","12-item experience-sampling (ESM) questionnaire: state creativity and mood states (Zhang et al. 2020, PLOS ONE)","Chinese",NA,NA,"stressed",NA,NA,43
"zhang_2020_trait_creativity_mood","zhang_2020_trait_creativity_mood_1","stressed","12-item experience-sampling (ESM) questionnaire: state creativity and mood states (Zhang et al. 2020, PLOS ONE)","Chinese",NA,NA,"stressed",NA,NA,44
"zhang_2020_trait_creativity_mood","zhang_2020_trait_creativity_mood_1","stressed","12-item experience-sampling (ESM) questionnaire: state creativity and mood states (Zhang et al. 2020, PLOS ONE)","Chinese",NA,NA,"stressed",NA,NA,45
"zhang_2020_trait_creativity_mood","zhang_2020_trait_creativity_mood_1","stressed","12-item experience-sampling (ESM) questionnaire: state creativity and mood states (Zhang et al. 2020, PLOS ONE)","Chinese",NA,NA,"stressed",NA,NA,46
"zhang_2020_trait_creativity_mood","zhang_2020_trait_creativity_mood_1","stressed","12-item experience-sampling (ESM) questionnaire: state creativity and mood states (Zhang et al. 2020, PLOS ONE)","Chinese",NA,NA,"stressed",NA,NA,47
"zhang_2020_trait_creativity_mood","zhang_2020_trait_creativity_mood_1","stressed","12-item experience-sampling (ESM) questionnaire: state creativity and mood states (Zhang et al. 2020, PLOS ONE)","Chinese",NA,NA,"stressed",NA,NA,48
"zhang_2020_trait_creativity_mood","zhang_2020_trait_creativity_mood_1","stressed","12-item experience-sampling (ESM) questionnaire: state creativity and mood states (Zhang et al. 2020, PLOS ONE)","Chinese",NA,NA,"stressed",NA,NA,49
"zhang_2020_trait_creativity_mood","zhang_2020_trait_creativity_mood_1","stressed","12-item experience-sampling (ESM) questionnaire: state creativity and mood states (Zhang et al. 2020, PLOS ONE)","Chinese",NA,NA,"stressed",NA,NA,50
"zhang_2020_trait_creativity_mood","zhang_2020_trait_creativity_mood_1","stressed","12-item experience-sampling (ESM) questionnaire: state creativity and mood states (Zhang et al. 2020, PLOS ONE)","Chinese",NA,NA,"stressed",NA,NA,51
"zhang_2020_trait_creativity_mood","zhang_2020_trait_creativity_mood_1","stressed","12-item experience-sampling (ESM) questionnaire: state creativity and mood states (Zhang et al. 2020, PLOS ONE)","Chinese",NA,NA,"stressed",NA,NA,52
"zhang_2020_trait_creativity_mood","zhang_2020_trait_creativity_mood_1","stressed","12-item experience-sampling (ESM) questionnaire: state creativity and mood states (Zhang et al. 2020, PLOS ONE)","Chinese",NA,NA,"stressed",NA,NA,53
"zhang_2020_trait_creativity_mood","zhang_2020_trait_creativity_mood_1","stressed","12-item experience-sampling (ESM) questionnaire: state creativity and mood states (Zhang et al. 2020, PLOS ONE)","Chinese",NA,NA,"stressed",NA,NA,54
"zhang_2020_trait_creativity_mood","zhang_2020_trait_creativity_mood_1","stressed","12-item experience-sampling (ESM) questionnaire: state creativity and mood states (Zhang et al. 2020, PLOS ONE)","Chinese",NA,NA,"stressed",NA,NA,55
"zhang_2020_trait_creativity_mood","zhang_2020_trait_creativity_mood_1","stressed","12-item experience-sampling (ESM) questionnaire: state creativity and mood states (Zhang et al. 2020, PLOS ONE)","Chinese",NA,NA,"stressed",NA,NA,56
"zhang_2020_trait_creativity_mood","zhang_2020_trait_creativity_mood_1","stressed","12-item experience-sampling (ESM) questionnaire: state creativity and mood states (Zhang et al. 2020, PLOS ONE)","Chinese",NA,NA,"stressed",NA,NA,57
"zhang_2020_trait_creativity_mood","zhang_2020_trait_creativity_mood_1","stressed","12-item experience-sampling (ESM) questionnaire: state creativity and mood states (Zhang et al. 2020, PLOS ONE)","Chinese",NA,NA,"stressed",NA,NA,58
"zhang_2020_trait_creativity_mood","zhang_2020_trait_creativity_mood_1","stressed","12-item experience-sampling (ESM) questionnaire: state creativity and mood states (Zhang et al. 2020, PLOS ONE)","Chinese",NA,NA,"stressed",NA,NA,59
"zhang_2020_trait_creativity_mood","zhang_2020_trait_creativity_mood_1","stressed","12-item experience-sampling (ESM) questionnaire: state creativity and mood states (Zhang et al. 2020, PLOS ONE)","Chinese",NA,NA,"stressed",NA,NA,60
"zhang_2020_trait_creativity_mood","zhang_2020_trait_creativity_mood_1","stressed","12-item experience-sampling (ESM) questionnaire: state creativity and mood states (Zhang et al. 2020, PLOS ONE)","Chinese",NA,NA,"stressed",NA,NA,61
"zhang_2020_trait_creativity_mood","zhang_2020_trait_creativity_mood_1","stressed","12-item experience-sampling (ESM) questionnaire: state creativity and mood states (Zhang et al. 2020, PLOS ONE)","Chinese",NA,NA,"stressed",NA,NA,62
"zhang_2020_trait_creativity_mood","zhang_2020_trait_creativity_mood_1","stressed","12-item experience-sampling (ESM) questionnaire: state creativity and mood states (Zhang et al. 2020, PLOS ONE)","Chinese",NA,NA,"stressed",NA,NA,63
"zhang_2020_trait_creativity_mood","zhang_2020_trait_creativity_mood_1","stressed","12-item experience-sampling (ESM) questionnaire: state creativity and mood states (Zhang et al. 2020, PLOS ONE)","Chinese",NA,NA,"stressed",NA,NA,64
"zhang_2020_trait_creativity_mood","zhang_2020_trait_creativity_mood_1","stressed","12-item experience-sampling (ESM) questionnaire: state creativity and mood states (Zhang et al. 2020, PLOS ONE)","Chinese",NA,NA,"stressed",NA,NA,65
"zhang_2020_trait_creativity_mood","zhang_2020_trait_creativity_mood_1","stressed","12-item experience-sampling (ESM) questionnaire: state creativity and mood states (Zhang et al. 2020, PLOS ONE)","Chinese",NA,NA,"stressed",NA,NA,66
"zhang_2020_trait_creativity_mood","zhang_2020_trait_creativity_mood_1","stressed","12-item experience-sampling (ESM) questionnaire: state creativity and mood states (Zhang et al. 2020, PLOS ONE)","Chinese",NA,NA,"stressed",NA,NA,67
"zhang_2020_trait_creativity_mood","zhang_2020_trait_creativity_mood_1","stressed","12-item experience-sampling (ESM) questionnaire: state creativity and mood states (Zhang et al. 2020, PLOS ONE)","Chinese",NA,NA,"stressed",NA,NA,68
"zhang_2020_trait_creativity_mood","zhang_2020_trait_creativity_mood_1","stressed","12-item experience-sampling (ESM) questionnaire: state creativity and mood states (Zhang et al. 2020, PLOS ONE)","Chinese",NA,NA,"stressed",NA,NA,69
"zhang_2020_trait_creativity_mood","zhang_2020_trait_creativity_mood_1","stressed","12-item experience-sampling (ESM) questionnaire: state creativity and mood states (Zhang et al. 2020, PLOS ONE)","Chinese",NA,NA,"stressed",NA,NA,70
"zhang_2020_trait_creativity_mood","zhang_2020_trait_creativity_mood_1","stressed","12-item experience-sampling (ESM) questionnaire: state creativity and mood states (Zhang et al. 2020, PLOS ONE)","Chinese",NA,NA,"stressed",NA,NA,71
"zhang_2020_trait_creativity_mood","zhang_2020_trait_creativity_mood_1","stressed","12-item experience-sampling (ESM) questionnaire: state creativity and mood states (Zhang et al. 2020, PLOS ONE)","Chinese",NA,NA,"stressed",NA,NA,72
"zhang_2020_trait_creativity_mood","zhang_2020_trait_creativity_mood_1","stressed","12-item experience-sampling (ESM) questionnaire: state creativity and mood states (Zhang et al. 2020, PLOS ONE)","Chinese",NA,NA,"stressed",NA,NA,73
"zhang_2020_trait_creativity_mood","zhang_2020_trait_creativity_mood_1","stressed","12-item experience-sampling (ESM) questionnaire: state creativity and mood states (Zhang et al. 2020, PLOS ONE)","Chinese",NA,NA,"stressed",NA,NA,74
"zhang_2020_trait_creativity_mood","zhang_2020_trait_creativity_mood_1","stressed","12-item experience-sampling (ESM) questionnaire: state creativity and mood states (Zhang et al. 2020, PLOS ONE)","Chinese",NA,NA,"stressed",NA,NA,75
"zhang_2020_trait_creativity_mood","zhang_2020_trait_creativity_mood_1","stressed","12-item experience-sampling (ESM) questionnaire: state creativity and mood states (Zhang et al. 2020, PLOS ONE)","Chinese",NA,NA,"stressed",NA,NA,76
"zhang_2020_trait_creativity_mood","zhang_2020_trait_creativity_mood_1","stressed","12-item experience-sampling (ESM) questionnaire: state creativity and mood states (Zhang et al. 2020, PLOS ONE)","Chinese",NA,NA,"stressed",NA,NA,77
"zhang_2020_trait_creativity_mood","zhang_2020_trait_creativity_mood_1","stressed","12-item experience-sampling (ESM) questionnaire: state creativity and mood states (Zhang et al. 2020, PLOS ONE)","Chinese",NA,NA,"stressed",NA,NA,78
"zhang_2020_trait_creativity_mood","zhang_2020_trait_creativity_mood_1","stressed","12-item experience-sampling (ESM) questionnaire: state creativity and mood states (Zhang et al. 2020, PLOS ONE)","Chinese",NA,NA,"stressed",NA,NA,79
"zhang_2020_trait_creativity_mood","zhang_2020_trait_creativity_mood_1","stressed","12-item experience-sampling (ESM) questionnaire: state creativity and mood states (Zhang et al. 2020, PLOS ONE)","Chinese",NA,NA,"stressed",NA,NA,80
"zhang_2020_trait_creativity_mood","zhang_2020_trait_creativity_mood_1","stressed","12-item experience-sampling (ESM) questionnaire: state creativity and mood states (Zhang et al. 2020, PLOS ONE)","Chinese",NA,NA,"stressed",NA,NA,81
"zhang_2020_trait_creativity_mood","zhang_2020_trait_creativity_mood_1","stressed","12-item experience-sampling (ESM) questionnaire: state creativity and mood states (Zhang et al. 2020, PLOS ONE)","Chinese",NA,NA,"stressed",NA,NA,82
"zhang_2020_trait_creativity_mood","zhang_2020_trait_creativity_mood_1","stressed","12-item experience-sampling (ESM) questionnaire: state creativity and mood states (Zhang et al. 2020, PLOS ONE)","Chinese",NA,NA,"stressed",NA,NA,83
"zhang_2020_trait_creativity_mood","zhang_2020_trait_creativity_mood_1","stressed","12-item experience-sampling (ESM) questionnaire: state creativity and mood states (Zhang et al. 2020, PLOS ONE)","Chinese",NA,NA,"stressed",NA,NA,84
"zhang_2020_trait_creativity_mood","zhang_2020_trait_creativity_mood_1","stressed","12-item experience-sampling (ESM) questionnaire: state creativity and mood states (Zhang et al. 2020, PLOS ONE)","Chinese",NA,NA,"stressed",NA,NA,85
"zhang_2020_trait_creativity_mood","zhang_2020_trait_creativity_mood_1","stressed","12-item experience-sampling (ESM) questionnaire: state creativity and mood states (Zhang et al. 2020, PLOS ONE)","Chinese",NA,NA,"stressed",NA,NA,86
"zhang_2020_trait_creativity_mood","zhang_2020_trait_creativity_mood_1","stressed","12-item experience-sampling (ESM) questionnaire: state creativity and mood states (Zhang et al. 2020, PLOS ONE)","Chinese",NA,NA,"stressed",NA,NA,87
"zhang_2020_trait_creativity_mood","zhang_2020_trait_creativity_mood_1","stressed","12-item experience-sampling (ESM) questionnaire: state creativity and mood states (Zhang et al. 2020, PLOS ONE)","Chinese",NA,NA,"stressed",NA,NA,88
"zhang_2020_trait_creativity_mood","zhang_2020_trait_creativity_mood_1","stressed","12-item experience-sampling (ESM) questionnaire: state creativity and mood states (Zhang et al. 2020, PLOS ONE)","Chinese",NA,NA,"stressed",NA,NA,89
"zhang_2020_trait_creativity_mood","zhang_2020_trait_creativity_mood_1","stressed","12-item experience-sampling (ESM) questionnaire: state creativity and mood states (Zhang et al. 2020, PLOS ONE)","Chinese",NA,NA,"stressed",NA,NA,90
"zhang_2020_trait_creativity_mood","zhang_2020_trait_creativity_mood_1","stressed","12-item experience-sampling (ESM) questionnaire: state creativity and mood states (Zhang et al. 2020, PLOS ONE)","Chinese",NA,NA,"stressed",NA,NA,91
"zhang_2020_trait_creativity_mood","zhang_2020_trait_creativity_mood_1","stressed","12-item experience-sampling (ESM) questionnaire: state creativity and mood states (Zhang et al. 2020, PLOS ONE)","Chinese",NA,NA,"stressed",NA,NA,92
"zhang_2020_trait_creativity_mood","zhang_2020_trait_creativity_mood_1","stressed","12-item experience-sampling (ESM) questionnaire: state creativity and mood states (Zhang et al. 2020, PLOS ONE)","Chinese",NA,NA,"stressed",NA,NA,93
"zhang_2020_trait_creativity_mood","zhang_2020_trait_creativity_mood_1","stressed","12-item experience-sampling (ESM) questionnaire: state creativity and mood states (Zhang et al. 2020, PLOS ONE)","Chinese",NA,NA,"stressed",NA,NA,94
"zhang_2020_trait_creativity_mood","zhang_2020_trait_creativity_mood_1","stressed","12-item experience-sampling (ESM) questionnaire: state creativity and mood states (Zhang et al. 2020, PLOS ONE)","Chinese",NA,NA,"stressed",NA,NA,95
"zhang_2020_trait_creativity_mood","zhang_2020_trait_creativity_mood_1","stressed","12-item experience-sampling (ESM) questionnaire: state creativity and mood states (Zhang et al. 2020, PLOS ONE)","Chinese",NA,NA,"stressed",NA,NA,96
"zhang_2020_trait_creativity_mood","zhang_2020_trait_creativity_mood_1","stressed","12-item experience-sampling (ESM) questionnaire: state creativity and mood states (Zhang et al. 2020, PLOS ONE)","Chinese",NA,NA,"stressed",NA,NA,97
"zhang_2020_trait_creativity_mood","zhang_2020_trait_creativity_mood_1","stressed","12-item experience-sampling (ESM) questionnaire: state creativity and mood states (Zhang et al. 2020, PLOS ONE)","Chinese",NA,NA,"stressed",NA,NA,98
"zhang_2020_trait_creativity_mood","zhang_2020_trait_creativity_mood_1","stressed","12-item experience-sampling (ESM) questionnaire: state creativity and mood states (Zhang et al. 2020, PLOS ONE)","Chinese",NA,NA,"stressed",NA,NA,99
"zhang_2020_trait_creativity_mood","zhang_2020_trait_creativity_mood_1","stressed","12-item experience-sampling (ESM) questionnaire: state creativity and mood states (Zhang et al. 2020, PLOS ONE)","Chinese",NA,NA,"stressed",NA,"extremely",100
"zhang_2020_trait_creativity_mood","zhang_2020_trait_creativity_mood_1","concentrated","12-item experience-sampling (ESM) questionnaire: state creativity and mood states (Zhang et al. 2020, PLOS ONE)","Chinese",NA,NA,"concentrated",NA,"not at all",0
"zhang_2020_trait_creativity_mood","zhang_2020_trait_creativity_mood_1","concentrated","12-item experience-sampling (ESM) questionnaire: state creativity and mood states (Zhang et al. 2020, PLOS ONE)","Chinese",NA,NA,"concentrated",NA,NA,1
"zhang_2020_trait_creativity_mood","zhang_2020_trait_creativity_mood_1","concentrated","12-item experience-sampling (ESM) questionnaire: state creativity and mood states (Zhang et al. 2020, PLOS ONE)","Chinese",NA,NA,"concentrated",NA,NA,2
"zhang_2020_trait_creativity_mood","zhang_2020_trait_creativity_mood_1","concentrated","12-item experience-sampling (ESM) questionnaire: state creativity and mood states (Zhang et al. 2020, PLOS ONE)","Chinese",NA,NA,"concentrated",NA,NA,3
"zhang_2020_trait_creativity_mood","zhang_2020_trait_creativity_mood_1","concentrated","12-item experience-sampling (ESM) questionnaire: state creativity and mood states (Zhang et al. 2020, PLOS ONE)","Chinese",NA,NA,"concentrated",NA,NA,4
"zhang_2020_trait_creativity_mood","zhang_2020_trait_creativity_mood_1","concentrated","12-item experience-sampling (ESM) questionnaire: state creativity and mood states (Zhang et al. 2020, PLOS ONE)","Chinese",NA,NA,"concentrated",NA,NA,5
"zhang_2020_trait_creativity_mood","zhang_2020_trait_creativity_mood_1","concentrated","12-item experience-sampling (ESM) questionnaire: state creativity and mood states (Zhang et al. 2020, PLOS ONE)","Chinese",NA,NA,"concentrated",NA,NA,6
"zhang_2020_trait_creativity_mood","zhang_2020_trait_creativity_mood_1","concentrated","12-item experience-sampling (ESM) questionnaire: state creativity and mood states (Zhang et al. 2020, PLOS ONE)","Chinese",NA,NA,"concentrated",NA,NA,7
"zhang_2020_trait_creativity_mood","zhang_2020_trait_creativity_mood_1","concentrated","12-item experience-sampling (ESM) questionnaire: state creativity and mood states (Zhang et al. 2020, PLOS ONE)","Chinese",NA,NA,"concentrated",NA,NA,8
"zhang_2020_trait_creativity_mood","zhang_2020_trait_creativity_mood_1","concentrated","12-item experience-sampling (ESM) questionnaire: state creativity and mood states (Zhang et al. 2020, PLOS ONE)","Chinese",NA,NA,"concentrated",NA,NA,9
"zhang_2020_trait_creativity_mood","zhang_2020_trait_creativity_mood_1","concentrated","12-item experience-sampling (ESM) questionnaire: state creativity and mood states (Zhang et al. 2020, PLOS ONE)","Chinese",NA,NA,"concentrated",NA,NA,10
"zhang_2020_trait_creativity_mood","zhang_2020_trait_creativity_mood_1","concentrated","12-item experience-sampling (ESM) questionnaire: state creativity and mood states (Zhang et al. 2020, PLOS ONE)","Chinese",NA,NA,"concentrated",NA,NA,11
"zhang_2020_trait_creativity_mood","zhang_2020_trait_creativity_mood_1","concentrated","12-item experience-sampling (ESM) questionnaire: state creativity and mood states (Zhang et al. 2020, PLOS ONE)","Chinese",NA,NA,"concentrated",NA,NA,12
"zhang_2020_trait_creativity_mood","zhang_2020_trait_creativity_mood_1","concentrated","12-item experience-sampling (ESM) questionnaire: state creativity and mood states (Zhang et al. 2020, PLOS ONE)","Chinese",NA,NA,"concentrated",NA,NA,13
"zhang_2020_trait_creativity_mood","zhang_2020_trait_creativity_mood_1","concentrated","12-item experience-sampling (ESM) questionnaire: state creativity and mood states (Zhang et al. 2020, PLOS ONE)","Chinese",NA,NA,"concentrated",NA,NA,14
"zhang_2020_trait_creativity_mood","zhang_2020_trait_creativity_mood_1","concentrated","12-item experience-sampling (ESM) questionnaire: state creativity and mood states (Zhang et al. 2020, PLOS ONE)","Chinese",NA,NA,"concentrated",NA,NA,15
"zhang_2020_trait_creativity_mood","zhang_2020_trait_creativity_mood_1","concentrated","12-item experience-sampling (ESM) questionnaire: state creativity and mood states (Zhang et al. 2020, PLOS ONE)","Chinese",NA,NA,"concentrated",NA,NA,16
"zhang_2020_trait_creativity_mood","zhang_2020_trait_creativity_mood_1","concentrated","12-item experience-sampling (ESM) questionnaire: state creativity and mood states (Zhang et al. 2020, PLOS ONE)","Chinese",NA,NA,"concentrated",NA,NA,17
"zhang_2020_trait_creativity_mood","zhang_2020_trait_creativity_mood_1","concentrated","12-item experience-sampling (ESM) questionnaire: state creativity and mood states (Zhang et al. 2020, PLOS ONE)","Chinese",NA,NA,"concentrated",NA,NA,18
"zhang_2020_trait_creativity_mood","zhang_2020_trait_creativity_mood_1","concentrated","12-item experience-sampling (ESM) questionnaire: state creativity and mood states (Zhang et al. 2020, PLOS ONE)","Chinese",NA,NA,"concentrated",NA,NA,19
"zhang_2020_trait_creativity_mood","zhang_2020_trait_creativity_mood_1","concentrated","12-item experience-sampling (ESM) questionnaire: state creativity and mood states (Zhang et al. 2020, PLOS ONE)","Chinese",NA,NA,"concentrated",NA,NA,20
"zhang_2020_trait_creativity_mood","zhang_2020_trait_creativity_mood_1","concentrated","12-item experience-sampling (ESM) questionnaire: state creativity and mood states (Zhang et al. 2020, PLOS ONE)","Chinese",NA,NA,"concentrated",NA,NA,21
"zhang_2020_trait_creativity_mood","zhang_2020_trait_creativity_mood_1","concentrated","12-item experience-sampling (ESM) questionnaire: state creativity and mood states (Zhang et al. 2020, PLOS ONE)","Chinese",NA,NA,"concentrated",NA,NA,22
"zhang_2020_trait_creativity_mood","zhang_2020_trait_creativity_mood_1","concentrated","12-item experience-sampling (ESM) questionnaire: state creativity and mood states (Zhang et al. 2020, PLOS ONE)","Chinese",NA,NA,"concentrated",NA,NA,23
"zhang_2020_trait_creativity_mood","zhang_2020_trait_creativity_mood_1","concentrated","12-item experience-sampling (ESM) questionnaire: state creativity and mood states (Zhang et al. 2020, PLOS ONE)","Chinese",NA,NA,"concentrated",NA,NA,24
"zhang_2020_trait_creativity_mood","zhang_2020_trait_creativity_mood_1","concentrated","12-item experience-sampling (ESM) questionnaire: state creativity and mood states (Zhang et al. 2020, PLOS ONE)","Chinese",NA,NA,"concentrated",NA,NA,25
"zhang_2020_trait_creativity_mood","zhang_2020_trait_creativity_mood_1","concentrated","12-item experience-sampling (ESM) questionnaire: state creativity and mood states (Zhang et al. 2020, PLOS ONE)","Chinese",NA,NA,"concentrated",NA,NA,26
"zhang_2020_trait_creativity_mood","zhang_2020_trait_creativity_mood_1","concentrated","12-item experience-sampling (ESM) questionnaire: state creativity and mood states (Zhang et al. 2020, PLOS ONE)","Chinese",NA,NA,"concentrated",NA,NA,27
"zhang_2020_trait_creativity_mood","zhang_2020_trait_creativity_mood_1","concentrated","12-item experience-sampling (ESM) questionnaire: state creativity and mood states (Zhang et al. 2020, PLOS ONE)","Chinese",NA,NA,"concentrated",NA,NA,28
"zhang_2020_trait_creativity_mood","zhang_2020_trait_creativity_mood_1","concentrated","12-item experience-sampling (ESM) questionnaire: state creativity and mood states (Zhang et al. 2020, PLOS ONE)","Chinese",NA,NA,"concentrated",NA,NA,29
"zhang_2020_trait_creativity_mood","zhang_2020_trait_creativity_mood_1","concentrated","12-item experience-sampling (ESM) questionnaire: state creativity and mood states (Zhang et al. 2020, PLOS ONE)","Chinese",NA,NA,"concentrated",NA,NA,30
"zhang_2020_trait_creativity_mood","zhang_2020_trait_creativity_mood_1","concentrated","12-item experience-sampling (ESM) questionnaire: state creativity and mood states (Zhang et al. 2020, PLOS ONE)","Chinese",NA,NA,"concentrated",NA,NA,31
"zhang_2020_trait_creativity_mood","zhang_2020_trait_creativity_mood_1","concentrated","12-item experience-sampling (ESM) questionnaire: state creativity and mood states (Zhang et al. 2020, PLOS ONE)","Chinese",NA,NA,"concentrated",NA,NA,32
"zhang_2020_trait_creativity_mood","zhang_2020_trait_creativity_mood_1","concentrated","12-item experience-sampling (ESM) questionnaire: state creativity and mood states (Zhang et al. 2020, PLOS ONE)","Chinese",NA,NA,"concentrated",NA,NA,33
"zhang_2020_trait_creativity_mood","zhang_2020_trait_creativity_mood_1","concentrated","12-item experience-sampling (ESM) questionnaire: state creativity and mood states (Zhang et al. 2020, PLOS ONE)","Chinese",NA,NA,"concentrated",NA,NA,34
"zhang_2020_trait_creativity_mood","zhang_2020_trait_creativity_mood_1","concentrated","12-item experience-sampling (ESM) questionnaire: state creativity and mood states (Zhang et al. 2020, PLOS ONE)","Chinese",NA,NA,"concentrated",NA,NA,35
"zhang_2020_trait_creativity_mood","zhang_2020_trait_creativity_mood_1","concentrated","12-item experience-sampling (ESM) questionnaire: state creativity and mood states (Zhang et al. 2020, PLOS ONE)","Chinese",NA,NA,"concentrated",NA,NA,36
"zhang_2020_trait_creativity_mood","zhang_2020_trait_creativity_mood_1","concentrated","12-item experience-sampling (ESM) questionnaire: state creativity and mood states (Zhang et al. 2020, PLOS ONE)","Chinese",NA,NA,"concentrated",NA,NA,37
"zhang_2020_trait_creativity_mood","zhang_2020_trait_creativity_mood_1","concentrated","12-item experience-sampling (ESM) questionnaire: state creativity and mood states (Zhang et al. 2020, PLOS ONE)","Chinese",NA,NA,"concentrated",NA,NA,38
"zhang_2020_trait_creativity_mood","zhang_2020_trait_creativity_mood_1","concentrated","12-item experience-sampling (ESM) questionnaire: state creativity and mood states (Zhang et al. 2020, PLOS ONE)","Chinese",NA,NA,"concentrated",NA,NA,39
"zhang_2020_trait_creativity_mood","zhang_2020_trait_creativity_mood_1","concentrated","12-item experience-sampling (ESM) questionnaire: state creativity and mood states (Zhang et al. 2020, PLOS ONE)","Chinese",NA,NA,"concentrated",NA,NA,40
"zhang_2020_trait_creativity_mood","zhang_2020_trait_creativity_mood_1","concentrated","12-item experience-sampling (ESM) questionnaire: state creativity and mood states (Zhang et al. 2020, PLOS ONE)","Chinese",NA,NA,"concentrated",NA,NA,41
"zhang_2020_trait_creativity_mood","zhang_2020_trait_creativity_mood_1","concentrated","12-item experience-sampling (ESM) questionnaire: state creativity and mood states (Zhang et al. 2020, PLOS ONE)","Chinese",NA,NA,"concentrated",NA,NA,42
"zhang_2020_trait_creativity_mood","zhang_2020_trait_creativity_mood_1","concentrated","12-item experience-sampling (ESM) questionnaire: state creativity and mood states (Zhang et al. 2020, PLOS ONE)","Chinese",NA,NA,"concentrated",NA,NA,43
"zhang_2020_trait_creativity_mood","zhang_2020_trait_creativity_mood_1","concentrated","12-item experience-sampling (ESM) questionnaire: state creativity and mood states (Zhang et al. 2020, PLOS ONE)","Chinese",NA,NA,"concentrated",NA,NA,44
"zhang_2020_trait_creativity_mood","zhang_2020_trait_creativity_mood_1","concentrated","12-item experience-sampling (ESM) questionnaire: state creativity and mood states (Zhang et al. 2020, PLOS ONE)","Chinese",NA,NA,"concentrated",NA,NA,45
"zhang_2020_trait_creativity_mood","zhang_2020_trait_creativity_mood_1","concentrated","12-item experience-sampling (ESM) questionnaire: state creativity and mood states (Zhang et al. 2020, PLOS ONE)","Chinese",NA,NA,"concentrated",NA,NA,46
"zhang_2020_trait_creativity_mood","zhang_2020_trait_creativity_mood_1","concentrated","12-item experience-sampling (ESM) questionnaire: state creativity and mood states (Zhang et al. 2020, PLOS ONE)","Chinese",NA,NA,"concentrated",NA,NA,47
"zhang_2020_trait_creativity_mood","zhang_2020_trait_creativity_mood_1","concentrated","12-item experience-sampling (ESM) questionnaire: state creativity and mood states (Zhang et al. 2020, PLOS ONE)","Chinese",NA,NA,"concentrated",NA,NA,48
"zhang_2020_trait_creativity_mood","zhang_2020_trait_creativity_mood_1","concentrated","12-item experience-sampling (ESM) questionnaire: state creativity and mood states (Zhang et al. 2020, PLOS ONE)","Chinese",NA,NA,"concentrated",NA,NA,49
"zhang_2020_trait_creativity_mood","zhang_2020_trait_creativity_mood_1","concentrated","12-item experience-sampling (ESM) questionnaire: state creativity and mood states (Zhang et al. 2020, PLOS ONE)","Chinese",NA,NA,"concentrated",NA,NA,50
"zhang_2020_trait_creativity_mood","zhang_2020_trait_creativity_mood_1","concentrated","12-item experience-sampling (ESM) questionnaire: state creativity and mood states (Zhang et al. 2020, PLOS ONE)","Chinese",NA,NA,"concentrated",NA,NA,51
"zhang_2020_trait_creativity_mood","zhang_2020_trait_creativity_mood_1","concentrated","12-item experience-sampling (ESM) questionnaire: state creativity and mood states (Zhang et al. 2020, PLOS ONE)","Chinese",NA,NA,"concentrated",NA,NA,52
"zhang_2020_trait_creativity_mood","zhang_2020_trait_creativity_mood_1","concentrated","12-item experience-sampling (ESM) questionnaire: state creativity and mood states (Zhang et al. 2020, PLOS ONE)","Chinese",NA,NA,"concentrated",NA,NA,53
"zhang_2020_trait_creativity_mood","zhang_2020_trait_creativity_mood_1","concentrated","12-item experience-sampling (ESM) questionnaire: state creativity and mood states (Zhang et al. 2020, PLOS ONE)","Chinese",NA,NA,"concentrated",NA,NA,54
"zhang_2020_trait_creativity_mood","zhang_2020_trait_creativity_mood_1","concentrated","12-item experience-sampling (ESM) questionnaire: state creativity and mood states (Zhang et al. 2020, PLOS ONE)","Chinese",NA,NA,"concentrated",NA,NA,55
"zhang_2020_trait_creativity_mood","zhang_2020_trait_creativity_mood_1","concentrated","12-item experience-sampling (ESM) questionnaire: state creativity and mood states (Zhang et al. 2020, PLOS ONE)","Chinese",NA,NA,"concentrated",NA,NA,56
"zhang_2020_trait_creativity_mood","zhang_2020_trait_creativity_mood_1","concentrated","12-item experience-sampling (ESM) questionnaire: state creativity and mood states (Zhang et al. 2020, PLOS ONE)","Chinese",NA,NA,"concentrated",NA,NA,57
"zhang_2020_trait_creativity_mood","zhang_2020_trait_creativity_mood_1","concentrated","12-item experience-sampling (ESM) questionnaire: state creativity and mood states (Zhang et al. 2020, PLOS ONE)","Chinese",NA,NA,"concentrated",NA,NA,58
"zhang_2020_trait_creativity_mood","zhang_2020_trait_creativity_mood_1","concentrated","12-item experience-sampling (ESM) questionnaire: state creativity and mood states (Zhang et al. 2020, PLOS ONE)","Chinese",NA,NA,"concentrated",NA,NA,59
"zhang_2020_trait_creativity_mood","zhang_2020_trait_creativity_mood_1","concentrated","12-item experience-sampling (ESM) questionnaire: state creativity and mood states (Zhang et al. 2020, PLOS ONE)","Chinese",NA,NA,"concentrated",NA,NA,60
"zhang_2020_trait_creativity_mood","zhang_2020_trait_creativity_mood_1","concentrated","12-item experience-sampling (ESM) questionnaire: state creativity and mood states (Zhang et al. 2020, PLOS ONE)","Chinese",NA,NA,"concentrated",NA,NA,61
"zhang_2020_trait_creativity_mood","zhang_2020_trait_creativity_mood_1","concentrated","12-item experience-sampling (ESM) questionnaire: state creativity and mood states (Zhang et al. 2020, PLOS ONE)","Chinese",NA,NA,"concentrated",NA,NA,62
"zhang_2020_trait_creativity_mood","zhang_2020_trait_creativity_mood_1","concentrated","12-item experience-sampling (ESM) questionnaire: state creativity and mood states (Zhang et al. 2020, PLOS ONE)","Chinese",NA,NA,"concentrated",NA,NA,63
"zhang_2020_trait_creativity_mood","zhang_2020_trait_creativity_mood_1","concentrated","12-item experience-sampling (ESM) questionnaire: state creativity and mood states (Zhang et al. 2020, PLOS ONE)","Chinese",NA,NA,"concentrated",NA,NA,64
"zhang_2020_trait_creativity_mood","zhang_2020_trait_creativity_mood_1","concentrated","12-item experience-sampling (ESM) questionnaire: state creativity and mood states (Zhang et al. 2020, PLOS ONE)","Chinese",NA,NA,"concentrated",NA,NA,65
"zhang_2020_trait_creativity_mood","zhang_2020_trait_creativity_mood_1","concentrated","12-item experience-sampling (ESM) questionnaire: state creativity and mood states (Zhang et al. 2020, PLOS ONE)","Chinese",NA,NA,"concentrated",NA,NA,66
"zhang_2020_trait_creativity_mood","zhang_2020_trait_creativity_mood_1","concentrated","12-item experience-sampling (ESM) questionnaire: state creativity and mood states (Zhang et al. 2020, PLOS ONE)","Chinese",NA,NA,"concentrated",NA,NA,67
"zhang_2020_trait_creativity_mood","zhang_2020_trait_creativity_mood_1","concentrated","12-item experience-sampling (ESM) questionnaire: state creativity and mood states (Zhang et al. 2020, PLOS ONE)","Chinese",NA,NA,"concentrated",NA,NA,68
"zhang_2020_trait_creativity_mood","zhang_2020_trait_creativity_mood_1","concentrated","12-item experience-sampling (ESM) questionnaire: state creativity and mood states (Zhang et al. 2020, PLOS ONE)","Chinese",NA,NA,"concentrated",NA,NA,69
"zhang_2020_trait_creativity_mood","zhang_2020_trait_creativity_mood_1","concentrated","12-item experience-sampling (ESM) questionnaire: state creativity and mood states (Zhang et al. 2020, PLOS ONE)","Chinese",NA,NA,"concentrated",NA,NA,70
"zhang_2020_trait_creativity_mood","zhang_2020_trait_creativity_mood_1","concentrated","12-item experience-sampling (ESM) questionnaire: state creativity and mood states (Zhang et al. 2020, PLOS ONE)","Chinese",NA,NA,"concentrated",NA,NA,71
"zhang_2020_trait_creativity_mood","zhang_2020_trait_creativity_mood_1","concentrated","12-item experience-sampling (ESM) questionnaire: state creativity and mood states (Zhang et al. 2020, PLOS ONE)","Chinese",NA,NA,"concentrated",NA,NA,72
"zhang_2020_trait_creativity_mood","zhang_2020_trait_creativity_mood_1","concentrated","12-item experience-sampling (ESM) questionnaire: state creativity and mood states (Zhang et al. 2020, PLOS ONE)","Chinese",NA,NA,"concentrated",NA,NA,73
"zhang_2020_trait_creativity_mood","zhang_2020_trait_creativity_mood_1","concentrated","12-item experience-sampling (ESM) questionnaire: state creativity and mood states (Zhang et al. 2020, PLOS ONE)","Chinese",NA,NA,"concentrated",NA,NA,74
"zhang_2020_trait_creativity_mood","zhang_2020_trait_creativity_mood_1","concentrated","12-item experience-sampling (ESM) questionnaire: state creativity and mood states (Zhang et al. 2020, PLOS ONE)","Chinese",NA,NA,"concentrated",NA,NA,75
"zhang_2020_trait_creativity_mood","zhang_2020_trait_creativity_mood_1","concentrated","12-item experience-sampling (ESM) questionnaire: state creativity and mood states (Zhang et al. 2020, PLOS ONE)","Chinese",NA,NA,"concentrated",NA,NA,76
"zhang_2020_trait_creativity_mood","zhang_2020_trait_creativity_mood_1","concentrated","12-item experience-sampling (ESM) questionnaire: state creativity and mood states (Zhang et al. 2020, PLOS ONE)","Chinese",NA,NA,"concentrated",NA,NA,77
"zhang_2020_trait_creativity_mood","zhang_2020_trait_creativity_mood_1","concentrated","12-item experience-sampling (ESM) questionnaire: state creativity and mood states (Zhang et al. 2020, PLOS ONE)","Chinese",NA,NA,"concentrated",NA,NA,78
"zhang_2020_trait_creativity_mood","zhang_2020_trait_creativity_mood_1","concentrated","12-item experience-sampling (ESM) questionnaire: state creativity and mood states (Zhang et al. 2020, PLOS ONE)","Chinese",NA,NA,"concentrated",NA,NA,79
"zhang_2020_trait_creativity_mood","zhang_2020_trait_creativity_mood_1","concentrated","12-item experience-sampling (ESM) questionnaire: state creativity and mood states (Zhang et al. 2020, PLOS ONE)","Chinese",NA,NA,"concentrated",NA,NA,80
"zhang_2020_trait_creativity_mood","zhang_2020_trait_creativity_mood_1","concentrated","12-item experience-sampling (ESM) questionnaire: state creativity and mood states (Zhang et al. 2020, PLOS ONE)","Chinese",NA,NA,"concentrated",NA,NA,81
"zhang_2020_trait_creativity_mood","zhang_2020_trait_creativity_mood_1","concentrated","12-item experience-sampling (ESM) questionnaire: state creativity and mood states (Zhang et al. 2020, PLOS ONE)","Chinese",NA,NA,"concentrated",NA,NA,82
"zhang_2020_trait_creativity_mood","zhang_2020_trait_creativity_mood_1","concentrated","12-item experience-sampling (ESM) questionnaire: state creativity and mood states (Zhang et al. 2020, PLOS ONE)","Chinese",NA,NA,"concentrated",NA,NA,83
"zhang_2020_trait_creativity_mood","zhang_2020_trait_creativity_mood_1","concentrated","12-item experience-sampling (ESM) questionnaire: state creativity and mood states (Zhang et al. 2020, PLOS ONE)","Chinese",NA,NA,"concentrated",NA,NA,84
"zhang_2020_trait_creativity_mood","zhang_2020_trait_creativity_mood_1","concentrated","12-item experience-sampling (ESM) questionnaire: state creativity and mood states (Zhang et al. 2020, PLOS ONE)","Chinese",NA,NA,"concentrated",NA,NA,85
"zhang_2020_trait_creativity_mood","zhang_2020_trait_creativity_mood_1","concentrated","12-item experience-sampling (ESM) questionnaire: state creativity and mood states (Zhang et al. 2020, PLOS ONE)","Chinese",NA,NA,"concentrated",NA,NA,86
"zhang_2020_trait_creativity_mood","zhang_2020_trait_creativity_mood_1","concentrated","12-item experience-sampling (ESM) questionnaire: state creativity and mood states (Zhang et al. 2020, PLOS ONE)","Chinese",NA,NA,"concentrated",NA,NA,87
"zhang_2020_trait_creativity_mood","zhang_2020_trait_creativity_mood_1","concentrated","12-item experience-sampling (ESM) questionnaire: state creativity and mood states (Zhang et al. 2020, PLOS ONE)","Chinese",NA,NA,"concentrated",NA,NA,88
"zhang_2020_trait_creativity_mood","zhang_2020_trait_creativity_mood_1","concentrated","12-item experience-sampling (ESM) questionnaire: state creativity and mood states (Zhang et al. 2020, PLOS ONE)","Chinese",NA,NA,"concentrated",NA,NA,89
"zhang_2020_trait_creativity_mood","zhang_2020_trait_creativity_mood_1","concentrated","12-item experience-sampling (ESM) questionnaire: state creativity and mood states (Zhang et al. 2020, PLOS ONE)","Chinese",NA,NA,"concentrated",NA,NA,90
"zhang_2020_trait_creativity_mood","zhang_2020_trait_creativity_mood_1","concentrated","12-item experience-sampling (ESM) questionnaire: state creativity and mood states (Zhang et al. 2020, PLOS ONE)","Chinese",NA,NA,"concentrated",NA,NA,91
"zhang_2020_trait_creativity_mood","zhang_2020_trait_creativity_mood_1","concentrated","12-item experience-sampling (ESM) questionnaire: state creativity and mood states (Zhang et al. 2020, PLOS ONE)","Chinese",NA,NA,"concentrated",NA,NA,92
"zhang_2020_trait_creativity_mood","zhang_2020_trait_creativity_mood_1","concentrated","12-item experience-sampling (ESM) questionnaire: state creativity and mood states (Zhang et al. 2020, PLOS ONE)","Chinese",NA,NA,"concentrated",NA,NA,93
"zhang_2020_trait_creativity_mood","zhang_2020_trait_creativity_mood_1","concentrated","12-item experience-sampling (ESM) questionnaire: state creativity and mood states (Zhang et al. 2020, PLOS ONE)","Chinese",NA,NA,"concentrated",NA,NA,94
"zhang_2020_trait_creativity_mood","zhang_2020_trait_creativity_mood_1","concentrated","12-item experience-sampling (ESM) questionnaire: state creativity and mood states (Zhang et al. 2020, PLOS ONE)","Chinese",NA,NA,"concentrated",NA,NA,95
"zhang_2020_trait_creativity_mood","zhang_2020_trait_creativity_mood_1","concentrated","12-item experience-sampling (ESM) questionnaire: state creativity and mood states (Zhang et al. 2020, PLOS ONE)","Chinese",NA,NA,"concentrated",NA,NA,96
"zhang_2020_trait_creativity_mood","zhang_2020_trait_creativity_mood_1","concentrated","12-item experience-sampling (ESM) questionnaire: state creativity and mood states (Zhang et al. 2020, PLOS ONE)","Chinese",NA,NA,"concentrated",NA,NA,97
"zhang_2020_trait_creativity_mood","zhang_2020_trait_creativity_mood_1","concentrated","12-item experience-sampling (ESM) questionnaire: state creativity and mood states (Zhang et al. 2020, PLOS ONE)","Chinese",NA,NA,"concentrated",NA,NA,98
"zhang_2020_trait_creativity_mood","zhang_2020_trait_creativity_mood_1","concentrated","12-item experience-sampling (ESM) questionnaire: state creativity and mood states (Zhang et al. 2020, PLOS ONE)","Chinese",NA,NA,"concentrated",NA,NA,99
"zhang_2020_trait_creativity_mood","zhang_2020_trait_creativity_mood_1","concentrated","12-item experience-sampling (ESM) questionnaire: state creativity and mood states (Zhang et al. 2020, PLOS ONE)","Chinese",NA,NA,"concentrated",NA,"extremely",100
"zhang_2020_trait_creativity_mood","zhang_2020_trait_creativity_mood_1","tired.1","12-item experience-sampling (ESM) questionnaire: state creativity and mood states (Zhang et al. 2020, PLOS ONE)","Chinese",NA,NA,"sleepy",NA,"not at all",0
"zhang_2020_trait_creativity_mood","zhang_2020_trait_creativity_mood_1","tired.1","12-item experience-sampling (ESM) questionnaire: state creativity and mood states (Zhang et al. 2020, PLOS ONE)","Chinese",NA,NA,"sleepy",NA,NA,1
"zhang_2020_trait_creativity_mood","zhang_2020_trait_creativity_mood_1","tired.1","12-item experience-sampling (ESM) questionnaire: state creativity and mood states (Zhang et al. 2020, PLOS ONE)","Chinese",NA,NA,"sleepy",NA,NA,2
"zhang_2020_trait_creativity_mood","zhang_2020_trait_creativity_mood_1","tired.1","12-item experience-sampling (ESM) questionnaire: state creativity and mood states (Zhang et al. 2020, PLOS ONE)","Chinese",NA,NA,"sleepy",NA,NA,3
"zhang_2020_trait_creativity_mood","zhang_2020_trait_creativity_mood_1","tired.1","12-item experience-sampling (ESM) questionnaire: state creativity and mood states (Zhang et al. 2020, PLOS ONE)","Chinese",NA,NA,"sleepy",NA,NA,4
"zhang_2020_trait_creativity_mood","zhang_2020_trait_creativity_mood_1","tired.1","12-item experience-sampling (ESM) questionnaire: state creativity and mood states (Zhang et al. 2020, PLOS ONE)","Chinese",NA,NA,"sleepy",NA,NA,5
"zhang_2020_trait_creativity_mood","zhang_2020_trait_creativity_mood_1","tired.1","12-item experience-sampling (ESM) questionnaire: state creativity and mood states (Zhang et al. 2020, PLOS ONE)","Chinese",NA,NA,"sleepy",NA,NA,6
"zhang_2020_trait_creativity_mood","zhang_2020_trait_creativity_mood_1","tired.1","12-item experience-sampling (ESM) questionnaire: state creativity and mood states (Zhang et al. 2020, PLOS ONE)","Chinese",NA,NA,"sleepy",NA,NA,7
"zhang_2020_trait_creativity_mood","zhang_2020_trait_creativity_mood_1","tired.1","12-item experience-sampling (ESM) questionnaire: state creativity and mood states (Zhang et al. 2020, PLOS ONE)","Chinese",NA,NA,"sleepy",NA,NA,8
"zhang_2020_trait_creativity_mood","zhang_2020_trait_creativity_mood_1","tired.1","12-item experience-sampling (ESM) questionnaire: state creativity and mood states (Zhang et al. 2020, PLOS ONE)","Chinese",NA,NA,"sleepy",NA,NA,9
"zhang_2020_trait_creativity_mood","zhang_2020_trait_creativity_mood_1","tired.1","12-item experience-sampling (ESM) questionnaire: state creativity and mood states (Zhang et al. 2020, PLOS ONE)","Chinese",NA,NA,"sleepy",NA,NA,10
"zhang_2020_trait_creativity_mood","zhang_2020_trait_creativity_mood_1","tired.1","12-item experience-sampling (ESM) questionnaire: state creativity and mood states (Zhang et al. 2020, PLOS ONE)","Chinese",NA,NA,"sleepy",NA,NA,11
"zhang_2020_trait_creativity_mood","zhang_2020_trait_creativity_mood_1","tired.1","12-item experience-sampling (ESM) questionnaire: state creativity and mood states (Zhang et al. 2020, PLOS ONE)","Chinese",NA,NA,"sleepy",NA,NA,12
"zhang_2020_trait_creativity_mood","zhang_2020_trait_creativity_mood_1","tired.1","12-item experience-sampling (ESM) questionnaire: state creativity and mood states (Zhang et al. 2020, PLOS ONE)","Chinese",NA,NA,"sleepy",NA,NA,13
"zhang_2020_trait_creativity_mood","zhang_2020_trait_creativity_mood_1","tired.1","12-item experience-sampling (ESM) questionnaire: state creativity and mood states (Zhang et al. 2020, PLOS ONE)","Chinese",NA,NA,"sleepy",NA,NA,14
"zhang_2020_trait_creativity_mood","zhang_2020_trait_creativity_mood_1","tired.1","12-item experience-sampling (ESM) questionnaire: state creativity and mood states (Zhang et al. 2020, PLOS ONE)","Chinese",NA,NA,"sleepy",NA,NA,15
"zhang_2020_trait_creativity_mood","zhang_2020_trait_creativity_mood_1","tired.1","12-item experience-sampling (ESM) questionnaire: state creativity and mood states (Zhang et al. 2020, PLOS ONE)","Chinese",NA,NA,"sleepy",NA,NA,16
"zhang_2020_trait_creativity_mood","zhang_2020_trait_creativity_mood_1","tired.1","12-item experience-sampling (ESM) questionnaire: state creativity and mood states (Zhang et al. 2020, PLOS ONE)","Chinese",NA,NA,"sleepy",NA,NA,17
"zhang_2020_trait_creativity_mood","zhang_2020_trait_creativity_mood_1","tired.1","12-item experience-sampling (ESM) questionnaire: state creativity and mood states (Zhang et al. 2020, PLOS ONE)","Chinese",NA,NA,"sleepy",NA,NA,18
"zhang_2020_trait_creativity_mood","zhang_2020_trait_creativity_mood_1","tired.1","12-item experience-sampling (ESM) questionnaire: state creativity and mood states (Zhang et al. 2020, PLOS ONE)","Chinese",NA,NA,"sleepy",NA,NA,19
"zhang_2020_trait_creativity_mood","zhang_2020_trait_creativity_mood_1","tired.1","12-item experience-sampling (ESM) questionnaire: state creativity and mood states (Zhang et al. 2020, PLOS ONE)","Chinese",NA,NA,"sleepy",NA,NA,20
"zhang_2020_trait_creativity_mood","zhang_2020_trait_creativity_mood_1","tired.1","12-item experience-sampling (ESM) questionnaire: state creativity and mood states (Zhang et al. 2020, PLOS ONE)","Chinese",NA,NA,"sleepy",NA,NA,21
"zhang_2020_trait_creativity_mood","zhang_2020_trait_creativity_mood_1","tired.1","12-item experience-sampling (ESM) questionnaire: state creativity and mood states (Zhang et al. 2020, PLOS ONE)","Chinese",NA,NA,"sleepy",NA,NA,22
"zhang_2020_trait_creativity_mood","zhang_2020_trait_creativity_mood_1","tired.1","12-item experience-sampling (ESM) questionnaire: state creativity and mood states (Zhang et al. 2020, PLOS ONE)","Chinese",NA,NA,"sleepy",NA,NA,23
"zhang_2020_trait_creativity_mood","zhang_2020_trait_creativity_mood_1","tired.1","12-item experience-sampling (ESM) questionnaire: state creativity and mood states (Zhang et al. 2020, PLOS ONE)","Chinese",NA,NA,"sleepy",NA,NA,24
"zhang_2020_trait_creativity_mood","zhang_2020_trait_creativity_mood_1","tired.1","12-item experience-sampling (ESM) questionnaire: state creativity and mood states (Zhang et al. 2020, PLOS ONE)","Chinese",NA,NA,"sleepy",NA,NA,25
"zhang_2020_trait_creativity_mood","zhang_2020_trait_creativity_mood_1","tired.1","12-item experience-sampling (ESM) questionnaire: state creativity and mood states (Zhang et al. 2020, PLOS ONE)","Chinese",NA,NA,"sleepy",NA,NA,26
"zhang_2020_trait_creativity_mood","zhang_2020_trait_creativity_mood_1","tired.1","12-item experience-sampling (ESM) questionnaire: state creativity and mood states (Zhang et al. 2020, PLOS ONE)","Chinese",NA,NA,"sleepy",NA,NA,27
"zhang_2020_trait_creativity_mood","zhang_2020_trait_creativity_mood_1","tired.1","12-item experience-sampling (ESM) questionnaire: state creativity and mood states (Zhang et al. 2020, PLOS ONE)","Chinese",NA,NA,"sleepy",NA,NA,28
"zhang_2020_trait_creativity_mood","zhang_2020_trait_creativity_mood_1","tired.1","12-item experience-sampling (ESM) questionnaire: state creativity and mood states (Zhang et al. 2020, PLOS ONE)","Chinese",NA,NA,"sleepy",NA,NA,29
"zhang_2020_trait_creativity_mood","zhang_2020_trait_creativity_mood_1","tired.1","12-item experience-sampling (ESM) questionnaire: state creativity and mood states (Zhang et al. 2020, PLOS ONE)","Chinese",NA,NA,"sleepy",NA,NA,30
"zhang_2020_trait_creativity_mood","zhang_2020_trait_creativity_mood_1","tired.1","12-item experience-sampling (ESM) questionnaire: state creativity and mood states (Zhang et al. 2020, PLOS ONE)","Chinese",NA,NA,"sleepy",NA,NA,31
"zhang_2020_trait_creativity_mood","zhang_2020_trait_creativity_mood_1","tired.1","12-item experience-sampling (ESM) questionnaire: state creativity and mood states (Zhang et al. 2020, PLOS ONE)","Chinese",NA,NA,"sleepy",NA,NA,32
"zhang_2020_trait_creativity_mood","zhang_2020_trait_creativity_mood_1","tired.1","12-item experience-sampling (ESM) questionnaire: state creativity and mood states (Zhang et al. 2020, PLOS ONE)","Chinese",NA,NA,"sleepy",NA,NA,33
"zhang_2020_trait_creativity_mood","zhang_2020_trait_creativity_mood_1","tired.1","12-item experience-sampling (ESM) questionnaire: state creativity and mood states (Zhang et al. 2020, PLOS ONE)","Chinese",NA,NA,"sleepy",NA,NA,34
"zhang_2020_trait_creativity_mood","zhang_2020_trait_creativity_mood_1","tired.1","12-item experience-sampling (ESM) questionnaire: state creativity and mood states (Zhang et al. 2020, PLOS ONE)","Chinese",NA,NA,"sleepy",NA,NA,35
"zhang_2020_trait_creativity_mood","zhang_2020_trait_creativity_mood_1","tired.1","12-item experience-sampling (ESM) questionnaire: state creativity and mood states (Zhang et al. 2020, PLOS ONE)","Chinese",NA,NA,"sleepy",NA,NA,36
"zhang_2020_trait_creativity_mood","zhang_2020_trait_creativity_mood_1","tired.1","12-item experience-sampling (ESM) questionnaire: state creativity and mood states (Zhang et al. 2020, PLOS ONE)","Chinese",NA,NA,"sleepy",NA,NA,37
"zhang_2020_trait_creativity_mood","zhang_2020_trait_creativity_mood_1","tired.1","12-item experience-sampling (ESM) questionnaire: state creativity and mood states (Zhang et al. 2020, PLOS ONE)","Chinese",NA,NA,"sleepy",NA,NA,38
"zhang_2020_trait_creativity_mood","zhang_2020_trait_creativity_mood_1","tired.1","12-item experience-sampling (ESM) questionnaire: state creativity and mood states (Zhang et al. 2020, PLOS ONE)","Chinese",NA,NA,"sleepy",NA,NA,39
"zhang_2020_trait_creativity_mood","zhang_2020_trait_creativity_mood_1","tired.1","12-item experience-sampling (ESM) questionnaire: state creativity and mood states (Zhang et al. 2020, PLOS ONE)","Chinese",NA,NA,"sleepy",NA,NA,40
"zhang_2020_trait_creativity_mood","zhang_2020_trait_creativity_mood_1","tired.1","12-item experience-sampling (ESM) questionnaire: state creativity and mood states (Zhang et al. 2020, PLOS ONE)","Chinese",NA,NA,"sleepy",NA,NA,41
"zhang_2020_trait_creativity_mood","zhang_2020_trait_creativity_mood_1","tired.1","12-item experience-sampling (ESM) questionnaire: state creativity and mood states (Zhang et al. 2020, PLOS ONE)","Chinese",NA,NA,"sleepy",NA,NA,42
"zhang_2020_trait_creativity_mood","zhang_2020_trait_creativity_mood_1","tired.1","12-item experience-sampling (ESM) questionnaire: state creativity and mood states (Zhang et al. 2020, PLOS ONE)","Chinese",NA,NA,"sleepy",NA,NA,43
"zhang_2020_trait_creativity_mood","zhang_2020_trait_creativity_mood_1","tired.1","12-item experience-sampling (ESM) questionnaire: state creativity and mood states (Zhang et al. 2020, PLOS ONE)","Chinese",NA,NA,"sleepy",NA,NA,44
"zhang_2020_trait_creativity_mood","zhang_2020_trait_creativity_mood_1","tired.1","12-item experience-sampling (ESM) questionnaire: state creativity and mood states (Zhang et al. 2020, PLOS ONE)","Chinese",NA,NA,"sleepy",NA,NA,45
"zhang_2020_trait_creativity_mood","zhang_2020_trait_creativity_mood_1","tired.1","12-item experience-sampling (ESM) questionnaire: state creativity and mood states (Zhang et al. 2020, PLOS ONE)","Chinese",NA,NA,"sleepy",NA,NA,46
"zhang_2020_trait_creativity_mood","zhang_2020_trait_creativity_mood_1","tired.1","12-item experience-sampling (ESM) questionnaire: state creativity and mood states (Zhang et al. 2020, PLOS ONE)","Chinese",NA,NA,"sleepy",NA,NA,47
"zhang_2020_trait_creativity_mood","zhang_2020_trait_creativity_mood_1","tired.1","12-item experience-sampling (ESM) questionnaire: state creativity and mood states (Zhang et al. 2020, PLOS ONE)","Chinese",NA,NA,"sleepy",NA,NA,48
"zhang_2020_trait_creativity_mood","zhang_2020_trait_creativity_mood_1","tired.1","12-item experience-sampling (ESM) questionnaire: state creativity and mood states (Zhang et al. 2020, PLOS ONE)","Chinese",NA,NA,"sleepy",NA,NA,49
"zhang_2020_trait_creativity_mood","zhang_2020_trait_creativity_mood_1","tired.1","12-item experience-sampling (ESM) questionnaire: state creativity and mood states (Zhang et al. 2020, PLOS ONE)","Chinese",NA,NA,"sleepy",NA,NA,50
"zhang_2020_trait_creativity_mood","zhang_2020_trait_creativity_mood_1","tired.1","12-item experience-sampling (ESM) questionnaire: state creativity and mood states (Zhang et al. 2020, PLOS ONE)","Chinese",NA,NA,"sleepy",NA,NA,51
"zhang_2020_trait_creativity_mood","zhang_2020_trait_creativity_mood_1","tired.1","12-item experience-sampling (ESM) questionnaire: state creativity and mood states (Zhang et al. 2020, PLOS ONE)","Chinese",NA,NA,"sleepy",NA,NA,52
"zhang_2020_trait_creativity_mood","zhang_2020_trait_creativity_mood_1","tired.1","12-item experience-sampling (ESM) questionnaire: state creativity and mood states (Zhang et al. 2020, PLOS ONE)","Chinese",NA,NA,"sleepy",NA,NA,53
"zhang_2020_trait_creativity_mood","zhang_2020_trait_creativity_mood_1","tired.1","12-item experience-sampling (ESM) questionnaire: state creativity and mood states (Zhang et al. 2020, PLOS ONE)","Chinese",NA,NA,"sleepy",NA,NA,54
"zhang_2020_trait_creativity_mood","zhang_2020_trait_creativity_mood_1","tired.1","12-item experience-sampling (ESM) questionnaire: state creativity and mood states (Zhang et al. 2020, PLOS ONE)","Chinese",NA,NA,"sleepy",NA,NA,55
"zhang_2020_trait_creativity_mood","zhang_2020_trait_creativity_mood_1","tired.1","12-item experience-sampling (ESM) questionnaire: state creativity and mood states (Zhang et al. 2020, PLOS ONE)","Chinese",NA,NA,"sleepy",NA,NA,56
"zhang_2020_trait_creativity_mood","zhang_2020_trait_creativity_mood_1","tired.1","12-item experience-sampling (ESM) questionnaire: state creativity and mood states (Zhang et al. 2020, PLOS ONE)","Chinese",NA,NA,"sleepy",NA,NA,57
"zhang_2020_trait_creativity_mood","zhang_2020_trait_creativity_mood_1","tired.1","12-item experience-sampling (ESM) questionnaire: state creativity and mood states (Zhang et al. 2020, PLOS ONE)","Chinese",NA,NA,"sleepy",NA,NA,58
"zhang_2020_trait_creativity_mood","zhang_2020_trait_creativity_mood_1","tired.1","12-item experience-sampling (ESM) questionnaire: state creativity and mood states (Zhang et al. 2020, PLOS ONE)","Chinese",NA,NA,"sleepy",NA,NA,59
"zhang_2020_trait_creativity_mood","zhang_2020_trait_creativity_mood_1","tired.1","12-item experience-sampling (ESM) questionnaire: state creativity and mood states (Zhang et al. 2020, PLOS ONE)","Chinese",NA,NA,"sleepy",NA,NA,60
"zhang_2020_trait_creativity_mood","zhang_2020_trait_creativity_mood_1","tired.1","12-item experience-sampling (ESM) questionnaire: state creativity and mood states (Zhang et al. 2020, PLOS ONE)","Chinese",NA,NA,"sleepy",NA,NA,61
"zhang_2020_trait_creativity_mood","zhang_2020_trait_creativity_mood_1","tired.1","12-item experience-sampling (ESM) questionnaire: state creativity and mood states (Zhang et al. 2020, PLOS ONE)","Chinese",NA,NA,"sleepy",NA,NA,62
"zhang_2020_trait_creativity_mood","zhang_2020_trait_creativity_mood_1","tired.1","12-item experience-sampling (ESM) questionnaire: state creativity and mood states (Zhang et al. 2020, PLOS ONE)","Chinese",NA,NA,"sleepy",NA,NA,63
"zhang_2020_trait_creativity_mood","zhang_2020_trait_creativity_mood_1","tired.1","12-item experience-sampling (ESM) questionnaire: state creativity and mood states (Zhang et al. 2020, PLOS ONE)","Chinese",NA,NA,"sleepy",NA,NA,64
"zhang_2020_trait_creativity_mood","zhang_2020_trait_creativity_mood_1","tired.1","12-item experience-sampling (ESM) questionnaire: state creativity and mood states (Zhang et al. 2020, PLOS ONE)","Chinese",NA,NA,"sleepy",NA,NA,65
"zhang_2020_trait_creativity_mood","zhang_2020_trait_creativity_mood_1","tired.1","12-item experience-sampling (ESM) questionnaire: state creativity and mood states (Zhang et al. 2020, PLOS ONE)","Chinese",NA,NA,"sleepy",NA,NA,66
"zhang_2020_trait_creativity_mood","zhang_2020_trait_creativity_mood_1","tired.1","12-item experience-sampling (ESM) questionnaire: state creativity and mood states (Zhang et al. 2020, PLOS ONE)","Chinese",NA,NA,"sleepy",NA,NA,67
"zhang_2020_trait_creativity_mood","zhang_2020_trait_creativity_mood_1","tired.1","12-item experience-sampling (ESM) questionnaire: state creativity and mood states (Zhang et al. 2020, PLOS ONE)","Chinese",NA,NA,"sleepy",NA,NA,68
"zhang_2020_trait_creativity_mood","zhang_2020_trait_creativity_mood_1","tired.1","12-item experience-sampling (ESM) questionnaire: state creativity and mood states (Zhang et al. 2020, PLOS ONE)","Chinese",NA,NA,"sleepy",NA,NA,69
"zhang_2020_trait_creativity_mood","zhang_2020_trait_creativity_mood_1","tired.1","12-item experience-sampling (ESM) questionnaire: state creativity and mood states (Zhang et al. 2020, PLOS ONE)","Chinese",NA,NA,"sleepy",NA,NA,70
"zhang_2020_trait_creativity_mood","zhang_2020_trait_creativity_mood_1","tired.1","12-item experience-sampling (ESM) questionnaire: state creativity and mood states (Zhang et al. 2020, PLOS ONE)","Chinese",NA,NA,"sleepy",NA,NA,71
"zhang_2020_trait_creativity_mood","zhang_2020_trait_creativity_mood_1","tired.1","12-item experience-sampling (ESM) questionnaire: state creativity and mood states (Zhang et al. 2020, PLOS ONE)","Chinese",NA,NA,"sleepy",NA,NA,72
"zhang_2020_trait_creativity_mood","zhang_2020_trait_creativity_mood_1","tired.1","12-item experience-sampling (ESM) questionnaire: state creativity and mood states (Zhang et al. 2020, PLOS ONE)","Chinese",NA,NA,"sleepy",NA,NA,73
"zhang_2020_trait_creativity_mood","zhang_2020_trait_creativity_mood_1","tired.1","12-item experience-sampling (ESM) questionnaire: state creativity and mood states (Zhang et al. 2020, PLOS ONE)","Chinese",NA,NA,"sleepy",NA,NA,74
"zhang_2020_trait_creativity_mood","zhang_2020_trait_creativity_mood_1","tired.1","12-item experience-sampling (ESM) questionnaire: state creativity and mood states (Zhang et al. 2020, PLOS ONE)","Chinese",NA,NA,"sleepy",NA,NA,75
"zhang_2020_trait_creativity_mood","zhang_2020_trait_creativity_mood_1","tired.1","12-item experience-sampling (ESM) questionnaire: state creativity and mood states (Zhang et al. 2020, PLOS ONE)","Chinese",NA,NA,"sleepy",NA,NA,76
"zhang_2020_trait_creativity_mood","zhang_2020_trait_creativity_mood_1","tired.1","12-item experience-sampling (ESM) questionnaire: state creativity and mood states (Zhang et al. 2020, PLOS ONE)","Chinese",NA,NA,"sleepy",NA,NA,77
"zhang_2020_trait_creativity_mood","zhang_2020_trait_creativity_mood_1","tired.1","12-item experience-sampling (ESM) questionnaire: state creativity and mood states (Zhang et al. 2020, PLOS ONE)","Chinese",NA,NA,"sleepy",NA,NA,78
"zhang_2020_trait_creativity_mood","zhang_2020_trait_creativity_mood_1","tired.1","12-item experience-sampling (ESM) questionnaire: state creativity and mood states (Zhang et al. 2020, PLOS ONE)","Chinese",NA,NA,"sleepy",NA,NA,79
"zhang_2020_trait_creativity_mood","zhang_2020_trait_creativity_mood_1","tired.1","12-item experience-sampling (ESM) questionnaire: state creativity and mood states (Zhang et al. 2020, PLOS ONE)","Chinese",NA,NA,"sleepy",NA,NA,80
"zhang_2020_trait_creativity_mood","zhang_2020_trait_creativity_mood_1","tired.1","12-item experience-sampling (ESM) questionnaire: state creativity and mood states (Zhang et al. 2020, PLOS ONE)","Chinese",NA,NA,"sleepy",NA,NA,81
"zhang_2020_trait_creativity_mood","zhang_2020_trait_creativity_mood_1","tired.1","12-item experience-sampling (ESM) questionnaire: state creativity and mood states (Zhang et al. 2020, PLOS ONE)","Chinese",NA,NA,"sleepy",NA,NA,82
"zhang_2020_trait_creativity_mood","zhang_2020_trait_creativity_mood_1","tired.1","12-item experience-sampling (ESM) questionnaire: state creativity and mood states (Zhang et al. 2020, PLOS ONE)","Chinese",NA,NA,"sleepy",NA,NA,83
"zhang_2020_trait_creativity_mood","zhang_2020_trait_creativity_mood_1","tired.1","12-item experience-sampling (ESM) questionnaire: state creativity and mood states (Zhang et al. 2020, PLOS ONE)","Chinese",NA,NA,"sleepy",NA,NA,84
"zhang_2020_trait_creativity_mood","zhang_2020_trait_creativity_mood_1","tired.1","12-item experience-sampling (ESM) questionnaire: state creativity and mood states (Zhang et al. 2020, PLOS ONE)","Chinese",NA,NA,"sleepy",NA,NA,85
"zhang_2020_trait_creativity_mood","zhang_2020_trait_creativity_mood_1","tired.1","12-item experience-sampling (ESM) questionnaire: state creativity and mood states (Zhang et al. 2020, PLOS ONE)","Chinese",NA,NA,"sleepy",NA,NA,86
"zhang_2020_trait_creativity_mood","zhang_2020_trait_creativity_mood_1","tired.1","12-item experience-sampling (ESM) questionnaire: state creativity and mood states (Zhang et al. 2020, PLOS ONE)","Chinese",NA,NA,"sleepy",NA,NA,87
"zhang_2020_trait_creativity_mood","zhang_2020_trait_creativity_mood_1","tired.1","12-item experience-sampling (ESM) questionnaire: state creativity and mood states (Zhang et al. 2020, PLOS ONE)","Chinese",NA,NA,"sleepy",NA,NA,88
"zhang_2020_trait_creativity_mood","zhang_2020_trait_creativity_mood_1","tired.1","12-item experience-sampling (ESM) questionnaire: state creativity and mood states (Zhang et al. 2020, PLOS ONE)","Chinese",NA,NA,"sleepy",NA,NA,89
"zhang_2020_trait_creativity_mood","zhang_2020_trait_creativity_mood_1","tired.1","12-item experience-sampling (ESM) questionnaire: state creativity and mood states (Zhang et al. 2020, PLOS ONE)","Chinese",NA,NA,"sleepy",NA,NA,90
"zhang_2020_trait_creativity_mood","zhang_2020_trait_creativity_mood_1","tired.1","12-item experience-sampling (ESM) questionnaire: state creativity and mood states (Zhang et al. 2020, PLOS ONE)","Chinese",NA,NA,"sleepy",NA,NA,91
"zhang_2020_trait_creativity_mood","zhang_2020_trait_creativity_mood_1","tired.1","12-item experience-sampling (ESM) questionnaire: state creativity and mood states (Zhang et al. 2020, PLOS ONE)","Chinese",NA,NA,"sleepy",NA,NA,92
"zhang_2020_trait_creativity_mood","zhang_2020_trait_creativity_mood_1","tired.1","12-item experience-sampling (ESM) questionnaire: state creativity and mood states (Zhang et al. 2020, PLOS ONE)","Chinese",NA,NA,"sleepy",NA,NA,93
"zhang_2020_trait_creativity_mood","zhang_2020_trait_creativity_mood_1","tired.1","12-item experience-sampling (ESM) questionnaire: state creativity and mood states (Zhang et al. 2020, PLOS ONE)","Chinese",NA,NA,"sleepy",NA,NA,94
"zhang_2020_trait_creativity_mood","zhang_2020_trait_creativity_mood_1","tired.1","12-item experience-sampling (ESM) questionnaire: state creativity and mood states (Zhang et al. 2020, PLOS ONE)","Chinese",NA,NA,"sleepy",NA,NA,95
"zhang_2020_trait_creativity_mood","zhang_2020_trait_creativity_mood_1","tired.1","12-item experience-sampling (ESM) questionnaire: state creativity and mood states (Zhang et al. 2020, PLOS ONE)","Chinese",NA,NA,"sleepy",NA,NA,96
"zhang_2020_trait_creativity_mood","zhang_2020_trait_creativity_mood_1","tired.1","12-item experience-sampling (ESM) questionnaire: state creativity and mood states (Zhang et al. 2020, PLOS ONE)","Chinese",NA,NA,"sleepy",NA,NA,97
"zhang_2020_trait_creativity_mood","zhang_2020_trait_creativity_mood_1","tired.1","12-item experience-sampling (ESM) questionnaire: state creativity and mood states (Zhang et al. 2020, PLOS ONE)","Chinese",NA,NA,"sleepy",NA,NA,98
"zhang_2020_trait_creativity_mood","zhang_2020_trait_creativity_mood_1","tired.1","12-item experience-sampling (ESM) questionnaire: state creativity and mood states (Zhang et al. 2020, PLOS ONE)","Chinese",NA,NA,"sleepy",NA,NA,99
"zhang_2020_trait_creativity_mood","zhang_2020_trait_creativity_mood_1","tired.1","12-item experience-sampling (ESM) questionnaire: state creativity and mood states (Zhang et al. 2020, PLOS ONE)","Chinese",NA,NA,"sleepy",NA,"extremely",100
"zhang_2020_trait_creativity_mood","zhang_2020_trait_creativity_mood_1","active","12-item experience-sampling (ESM) questionnaire: state creativity and mood states (Zhang et al. 2020, PLOS ONE)","Chinese",NA,NA,"active",NA,"not at all",0
"zhang_2020_trait_creativity_mood","zhang_2020_trait_creativity_mood_1","active","12-item experience-sampling (ESM) questionnaire: state creativity and mood states (Zhang et al. 2020, PLOS ONE)","Chinese",NA,NA,"active",NA,NA,1
"zhang_2020_trait_creativity_mood","zhang_2020_trait_creativity_mood_1","active","12-item experience-sampling (ESM) questionnaire: state creativity and mood states (Zhang et al. 2020, PLOS ONE)","Chinese",NA,NA,"active",NA,NA,2
"zhang_2020_trait_creativity_mood","zhang_2020_trait_creativity_mood_1","active","12-item experience-sampling (ESM) questionnaire: state creativity and mood states (Zhang et al. 2020, PLOS ONE)","Chinese",NA,NA,"active",NA,NA,3
"zhang_2020_trait_creativity_mood","zhang_2020_trait_creativity_mood_1","active","12-item experience-sampling (ESM) questionnaire: state creativity and mood states (Zhang et al. 2020, PLOS ONE)","Chinese",NA,NA,"active",NA,NA,4
"zhang_2020_trait_creativity_mood","zhang_2020_trait_creativity_mood_1","active","12-item experience-sampling (ESM) questionnaire: state creativity and mood states (Zhang et al. 2020, PLOS ONE)","Chinese",NA,NA,"active",NA,NA,5
"zhang_2020_trait_creativity_mood","zhang_2020_trait_creativity_mood_1","active","12-item experience-sampling (ESM) questionnaire: state creativity and mood states (Zhang et al. 2020, PLOS ONE)","Chinese",NA,NA,"active",NA,NA,6
"zhang_2020_trait_creativity_mood","zhang_2020_trait_creativity_mood_1","active","12-item experience-sampling (ESM) questionnaire: state creativity and mood states (Zhang et al. 2020, PLOS ONE)","Chinese",NA,NA,"active",NA,NA,7
"zhang_2020_trait_creativity_mood","zhang_2020_trait_creativity_mood_1","active","12-item experience-sampling (ESM) questionnaire: state creativity and mood states (Zhang et al. 2020, PLOS ONE)","Chinese",NA,NA,"active",NA,NA,8
"zhang_2020_trait_creativity_mood","zhang_2020_trait_creativity_mood_1","active","12-item experience-sampling (ESM) questionnaire: state creativity and mood states (Zhang et al. 2020, PLOS ONE)","Chinese",NA,NA,"active",NA,NA,9
"zhang_2020_trait_creativity_mood","zhang_2020_trait_creativity_mood_1","active","12-item experience-sampling (ESM) questionnaire: state creativity and mood states (Zhang et al. 2020, PLOS ONE)","Chinese",NA,NA,"active",NA,NA,10
"zhang_2020_trait_creativity_mood","zhang_2020_trait_creativity_mood_1","active","12-item experience-sampling (ESM) questionnaire: state creativity and mood states (Zhang et al. 2020, PLOS ONE)","Chinese",NA,NA,"active",NA,NA,11
"zhang_2020_trait_creativity_mood","zhang_2020_trait_creativity_mood_1","active","12-item experience-sampling (ESM) questionnaire: state creativity and mood states (Zhang et al. 2020, PLOS ONE)","Chinese",NA,NA,"active",NA,NA,12
"zhang_2020_trait_creativity_mood","zhang_2020_trait_creativity_mood_1","active","12-item experience-sampling (ESM) questionnaire: state creativity and mood states (Zhang et al. 2020, PLOS ONE)","Chinese",NA,NA,"active",NA,NA,13
"zhang_2020_trait_creativity_mood","zhang_2020_trait_creativity_mood_1","active","12-item experience-sampling (ESM) questionnaire: state creativity and mood states (Zhang et al. 2020, PLOS ONE)","Chinese",NA,NA,"active",NA,NA,14
"zhang_2020_trait_creativity_mood","zhang_2020_trait_creativity_mood_1","active","12-item experience-sampling (ESM) questionnaire: state creativity and mood states (Zhang et al. 2020, PLOS ONE)","Chinese",NA,NA,"active",NA,NA,15
"zhang_2020_trait_creativity_mood","zhang_2020_trait_creativity_mood_1","active","12-item experience-sampling (ESM) questionnaire: state creativity and mood states (Zhang et al. 2020, PLOS ONE)","Chinese",NA,NA,"active",NA,NA,16
"zhang_2020_trait_creativity_mood","zhang_2020_trait_creativity_mood_1","active","12-item experience-sampling (ESM) questionnaire: state creativity and mood states (Zhang et al. 2020, PLOS ONE)","Chinese",NA,NA,"active",NA,NA,17
"zhang_2020_trait_creativity_mood","zhang_2020_trait_creativity_mood_1","active","12-item experience-sampling (ESM) questionnaire: state creativity and mood states (Zhang et al. 2020, PLOS ONE)","Chinese",NA,NA,"active",NA,NA,18
"zhang_2020_trait_creativity_mood","zhang_2020_trait_creativity_mood_1","active","12-item experience-sampling (ESM) questionnaire: state creativity and mood states (Zhang et al. 2020, PLOS ONE)","Chinese",NA,NA,"active",NA,NA,19
"zhang_2020_trait_creativity_mood","zhang_2020_trait_creativity_mood_1","active","12-item experience-sampling (ESM) questionnaire: state creativity and mood states (Zhang et al. 2020, PLOS ONE)","Chinese",NA,NA,"active",NA,NA,20
"zhang_2020_trait_creativity_mood","zhang_2020_trait_creativity_mood_1","active","12-item experience-sampling (ESM) questionnaire: state creativity and mood states (Zhang et al. 2020, PLOS ONE)","Chinese",NA,NA,"active",NA,NA,21
"zhang_2020_trait_creativity_mood","zhang_2020_trait_creativity_mood_1","active","12-item experience-sampling (ESM) questionnaire: state creativity and mood states (Zhang et al. 2020, PLOS ONE)","Chinese",NA,NA,"active",NA,NA,22
"zhang_2020_trait_creativity_mood","zhang_2020_trait_creativity_mood_1","active","12-item experience-sampling (ESM) questionnaire: state creativity and mood states (Zhang et al. 2020, PLOS ONE)","Chinese",NA,NA,"active",NA,NA,23
"zhang_2020_trait_creativity_mood","zhang_2020_trait_creativity_mood_1","active","12-item experience-sampling (ESM) questionnaire: state creativity and mood states (Zhang et al. 2020, PLOS ONE)","Chinese",NA,NA,"active",NA,NA,24
"zhang_2020_trait_creativity_mood","zhang_2020_trait_creativity_mood_1","active","12-item experience-sampling (ESM) questionnaire: state creativity and mood states (Zhang et al. 2020, PLOS ONE)","Chinese",NA,NA,"active",NA,NA,25
"zhang_2020_trait_creativity_mood","zhang_2020_trait_creativity_mood_1","active","12-item experience-sampling (ESM) questionnaire: state creativity and mood states (Zhang et al. 2020, PLOS ONE)","Chinese",NA,NA,"active",NA,NA,26
"zhang_2020_trait_creativity_mood","zhang_2020_trait_creativity_mood_1","active","12-item experience-sampling (ESM) questionnaire: state creativity and mood states (Zhang et al. 2020, PLOS ONE)","Chinese",NA,NA,"active",NA,NA,27
"zhang_2020_trait_creativity_mood","zhang_2020_trait_creativity_mood_1","active","12-item experience-sampling (ESM) questionnaire: state creativity and mood states (Zhang et al. 2020, PLOS ONE)","Chinese",NA,NA,"active",NA,NA,28
"zhang_2020_trait_creativity_mood","zhang_2020_trait_creativity_mood_1","active","12-item experience-sampling (ESM) questionnaire: state creativity and mood states (Zhang et al. 2020, PLOS ONE)","Chinese",NA,NA,"active",NA,NA,29
"zhang_2020_trait_creativity_mood","zhang_2020_trait_creativity_mood_1","active","12-item experience-sampling (ESM) questionnaire: state creativity and mood states (Zhang et al. 2020, PLOS ONE)","Chinese",NA,NA,"active",NA,NA,30
"zhang_2020_trait_creativity_mood","zhang_2020_trait_creativity_mood_1","active","12-item experience-sampling (ESM) questionnaire: state creativity and mood states (Zhang et al. 2020, PLOS ONE)","Chinese",NA,NA,"active",NA,NA,31
"zhang_2020_trait_creativity_mood","zhang_2020_trait_creativity_mood_1","active","12-item experience-sampling (ESM) questionnaire: state creativity and mood states (Zhang et al. 2020, PLOS ONE)","Chinese",NA,NA,"active",NA,NA,32
"zhang_2020_trait_creativity_mood","zhang_2020_trait_creativity_mood_1","active","12-item experience-sampling (ESM) questionnaire: state creativity and mood states (Zhang et al. 2020, PLOS ONE)","Chinese",NA,NA,"active",NA,NA,33
"zhang_2020_trait_creativity_mood","zhang_2020_trait_creativity_mood_1","active","12-item experience-sampling (ESM) questionnaire: state creativity and mood states (Zhang et al. 2020, PLOS ONE)","Chinese",NA,NA,"active",NA,NA,34
"zhang_2020_trait_creativity_mood","zhang_2020_trait_creativity_mood_1","active","12-item experience-sampling (ESM) questionnaire: state creativity and mood states (Zhang et al. 2020, PLOS ONE)","Chinese",NA,NA,"active",NA,NA,35
"zhang_2020_trait_creativity_mood","zhang_2020_trait_creativity_mood_1","active","12-item experience-sampling (ESM) questionnaire: state creativity and mood states (Zhang et al. 2020, PLOS ONE)","Chinese",NA,NA,"active",NA,NA,36
"zhang_2020_trait_creativity_mood","zhang_2020_trait_creativity_mood_1","active","12-item experience-sampling (ESM) questionnaire: state creativity and mood states (Zhang et al. 2020, PLOS ONE)","Chinese",NA,NA,"active",NA,NA,37
"zhang_2020_trait_creativity_mood","zhang_2020_trait_creativity_mood_1","active","12-item experience-sampling (ESM) questionnaire: state creativity and mood states (Zhang et al. 2020, PLOS ONE)","Chinese",NA,NA,"active",NA,NA,38
"zhang_2020_trait_creativity_mood","zhang_2020_trait_creativity_mood_1","active","12-item experience-sampling (ESM) questionnaire: state creativity and mood states (Zhang et al. 2020, PLOS ONE)","Chinese",NA,NA,"active",NA,NA,39
"zhang_2020_trait_creativity_mood","zhang_2020_trait_creativity_mood_1","active","12-item experience-sampling (ESM) questionnaire: state creativity and mood states (Zhang et al. 2020, PLOS ONE)","Chinese",NA,NA,"active",NA,NA,40
"zhang_2020_trait_creativity_mood","zhang_2020_trait_creativity_mood_1","active","12-item experience-sampling (ESM) questionnaire: state creativity and mood states (Zhang et al. 2020, PLOS ONE)","Chinese",NA,NA,"active",NA,NA,41
"zhang_2020_trait_creativity_mood","zhang_2020_trait_creativity_mood_1","active","12-item experience-sampling (ESM) questionnaire: state creativity and mood states (Zhang et al. 2020, PLOS ONE)","Chinese",NA,NA,"active",NA,NA,42
"zhang_2020_trait_creativity_mood","zhang_2020_trait_creativity_mood_1","active","12-item experience-sampling (ESM) questionnaire: state creativity and mood states (Zhang et al. 2020, PLOS ONE)","Chinese",NA,NA,"active",NA,NA,43
"zhang_2020_trait_creativity_mood","zhang_2020_trait_creativity_mood_1","active","12-item experience-sampling (ESM) questionnaire: state creativity and mood states (Zhang et al. 2020, PLOS ONE)","Chinese",NA,NA,"active",NA,NA,44
"zhang_2020_trait_creativity_mood","zhang_2020_trait_creativity_mood_1","active","12-item experience-sampling (ESM) questionnaire: state creativity and mood states (Zhang et al. 2020, PLOS ONE)","Chinese",NA,NA,"active",NA,NA,45
"zhang_2020_trait_creativity_mood","zhang_2020_trait_creativity_mood_1","active","12-item experience-sampling (ESM) questionnaire: state creativity and mood states (Zhang et al. 2020, PLOS ONE)","Chinese",NA,NA,"active",NA,NA,46
"zhang_2020_trait_creativity_mood","zhang_2020_trait_creativity_mood_1","active","12-item experience-sampling (ESM) questionnaire: state creativity and mood states (Zhang et al. 2020, PLOS ONE)","Chinese",NA,NA,"active",NA,NA,47
"zhang_2020_trait_creativity_mood","zhang_2020_trait_creativity_mood_1","active","12-item experience-sampling (ESM) questionnaire: state creativity and mood states (Zhang et al. 2020, PLOS ONE)","Chinese",NA,NA,"active",NA,NA,48
"zhang_2020_trait_creativity_mood","zhang_2020_trait_creativity_mood_1","active","12-item experience-sampling (ESM) questionnaire: state creativity and mood states (Zhang et al. 2020, PLOS ONE)","Chinese",NA,NA,"active",NA,NA,49
"zhang_2020_trait_creativity_mood","zhang_2020_trait_creativity_mood_1","active","12-item experience-sampling (ESM) questionnaire: state creativity and mood states (Zhang et al. 2020, PLOS ONE)","Chinese",NA,NA,"active",NA,NA,50
"zhang_2020_trait_creativity_mood","zhang_2020_trait_creativity_mood_1","active","12-item experience-sampling (ESM) questionnaire: state creativity and mood states (Zhang et al. 2020, PLOS ONE)","Chinese",NA,NA,"active",NA,NA,51
"zhang_2020_trait_creativity_mood","zhang_2020_trait_creativity_mood_1","active","12-item experience-sampling (ESM) questionnaire: state creativity and mood states (Zhang et al. 2020, PLOS ONE)","Chinese",NA,NA,"active",NA,NA,52
"zhang_2020_trait_creativity_mood","zhang_2020_trait_creativity_mood_1","active","12-item experience-sampling (ESM) questionnaire: state creativity and mood states (Zhang et al. 2020, PLOS ONE)","Chinese",NA,NA,"active",NA,NA,53
"zhang_2020_trait_creativity_mood","zhang_2020_trait_creativity_mood_1","active","12-item experience-sampling (ESM) questionnaire: state creativity and mood states (Zhang et al. 2020, PLOS ONE)","Chinese",NA,NA,"active",NA,NA,54
"zhang_2020_trait_creativity_mood","zhang_2020_trait_creativity_mood_1","active","12-item experience-sampling (ESM) questionnaire: state creativity and mood states (Zhang et al. 2020, PLOS ONE)","Chinese",NA,NA,"active",NA,NA,55
"zhang_2020_trait_creativity_mood","zhang_2020_trait_creativity_mood_1","active","12-item experience-sampling (ESM) questionnaire: state creativity and mood states (Zhang et al. 2020, PLOS ONE)","Chinese",NA,NA,"active",NA,NA,56
"zhang_2020_trait_creativity_mood","zhang_2020_trait_creativity_mood_1","active","12-item experience-sampling (ESM) questionnaire: state creativity and mood states (Zhang et al. 2020, PLOS ONE)","Chinese",NA,NA,"active",NA,NA,57
"zhang_2020_trait_creativity_mood","zhang_2020_trait_creativity_mood_1","active","12-item experience-sampling (ESM) questionnaire: state creativity and mood states (Zhang et al. 2020, PLOS ONE)","Chinese",NA,NA,"active",NA,NA,58
"zhang_2020_trait_creativity_mood","zhang_2020_trait_creativity_mood_1","active","12-item experience-sampling (ESM) questionnaire: state creativity and mood states (Zhang et al. 2020, PLOS ONE)","Chinese",NA,NA,"active",NA,NA,59
"zhang_2020_trait_creativity_mood","zhang_2020_trait_creativity_mood_1","active","12-item experience-sampling (ESM) questionnaire: state creativity and mood states (Zhang et al. 2020, PLOS ONE)","Chinese",NA,NA,"active",NA,NA,60
"zhang_2020_trait_creativity_mood","zhang_2020_trait_creativity_mood_1","active","12-item experience-sampling (ESM) questionnaire: state creativity and mood states (Zhang et al. 2020, PLOS ONE)","Chinese",NA,NA,"active",NA,NA,61
"zhang_2020_trait_creativity_mood","zhang_2020_trait_creativity_mood_1","active","12-item experience-sampling (ESM) questionnaire: state creativity and mood states (Zhang et al. 2020, PLOS ONE)","Chinese",NA,NA,"active",NA,NA,62
"zhang_2020_trait_creativity_mood","zhang_2020_trait_creativity_mood_1","active","12-item experience-sampling (ESM) questionnaire: state creativity and mood states (Zhang et al. 2020, PLOS ONE)","Chinese",NA,NA,"active",NA,NA,63
"zhang_2020_trait_creativity_mood","zhang_2020_trait_creativity_mood_1","active","12-item experience-sampling (ESM) questionnaire: state creativity and mood states (Zhang et al. 2020, PLOS ONE)","Chinese",NA,NA,"active",NA,NA,64
"zhang_2020_trait_creativity_mood","zhang_2020_trait_creativity_mood_1","active","12-item experience-sampling (ESM) questionnaire: state creativity and mood states (Zhang et al. 2020, PLOS ONE)","Chinese",NA,NA,"active",NA,NA,65
"zhang_2020_trait_creativity_mood","zhang_2020_trait_creativity_mood_1","active","12-item experience-sampling (ESM) questionnaire: state creativity and mood states (Zhang et al. 2020, PLOS ONE)","Chinese",NA,NA,"active",NA,NA,66
"zhang_2020_trait_creativity_mood","zhang_2020_trait_creativity_mood_1","active","12-item experience-sampling (ESM) questionnaire: state creativity and mood states (Zhang et al. 2020, PLOS ONE)","Chinese",NA,NA,"active",NA,NA,67
"zhang_2020_trait_creativity_mood","zhang_2020_trait_creativity_mood_1","active","12-item experience-sampling (ESM) questionnaire: state creativity and mood states (Zhang et al. 2020, PLOS ONE)","Chinese",NA,NA,"active",NA,NA,68
"zhang_2020_trait_creativity_mood","zhang_2020_trait_creativity_mood_1","active","12-item experience-sampling (ESM) questionnaire: state creativity and mood states (Zhang et al. 2020, PLOS ONE)","Chinese",NA,NA,"active",NA,NA,69
"zhang_2020_trait_creativity_mood","zhang_2020_trait_creativity_mood_1","active","12-item experience-sampling (ESM) questionnaire: state creativity and mood states (Zhang et al. 2020, PLOS ONE)","Chinese",NA,NA,"active",NA,NA,70
"zhang_2020_trait_creativity_mood","zhang_2020_trait_creativity_mood_1","active","12-item experience-sampling (ESM) questionnaire: state creativity and mood states (Zhang et al. 2020, PLOS ONE)","Chinese",NA,NA,"active",NA,NA,71
"zhang_2020_trait_creativity_mood","zhang_2020_trait_creativity_mood_1","active","12-item experience-sampling (ESM) questionnaire: state creativity and mood states (Zhang et al. 2020, PLOS ONE)","Chinese",NA,NA,"active",NA,NA,72
"zhang_2020_trait_creativity_mood","zhang_2020_trait_creativity_mood_1","active","12-item experience-sampling (ESM) questionnaire: state creativity and mood states (Zhang et al. 2020, PLOS ONE)","Chinese",NA,NA,"active",NA,NA,73
"zhang_2020_trait_creativity_mood","zhang_2020_trait_creativity_mood_1","active","12-item experience-sampling (ESM) questionnaire: state creativity and mood states (Zhang et al. 2020, PLOS ONE)","Chinese",NA,NA,"active",NA,NA,74
"zhang_2020_trait_creativity_mood","zhang_2020_trait_creativity_mood_1","active","12-item experience-sampling (ESM) questionnaire: state creativity and mood states (Zhang et al. 2020, PLOS ONE)","Chinese",NA,NA,"active",NA,NA,75
"zhang_2020_trait_creativity_mood","zhang_2020_trait_creativity_mood_1","active","12-item experience-sampling (ESM) questionnaire: state creativity and mood states (Zhang et al. 2020, PLOS ONE)","Chinese",NA,NA,"active",NA,NA,76
"zhang_2020_trait_creativity_mood","zhang_2020_trait_creativity_mood_1","active","12-item experience-sampling (ESM) questionnaire: state creativity and mood states (Zhang et al. 2020, PLOS ONE)","Chinese",NA,NA,"active",NA,NA,77
"zhang_2020_trait_creativity_mood","zhang_2020_trait_creativity_mood_1","active","12-item experience-sampling (ESM) questionnaire: state creativity and mood states (Zhang et al. 2020, PLOS ONE)","Chinese",NA,NA,"active",NA,NA,78
"zhang_2020_trait_creativity_mood","zhang_2020_trait_creativity_mood_1","active","12-item experience-sampling (ESM) questionnaire: state creativity and mood states (Zhang et al. 2020, PLOS ONE)","Chinese",NA,NA,"active",NA,NA,79
"zhang_2020_trait_creativity_mood","zhang_2020_trait_creativity_mood_1","active","12-item experience-sampling (ESM) questionnaire: state creativity and mood states (Zhang et al. 2020, PLOS ONE)","Chinese",NA,NA,"active",NA,NA,80
"zhang_2020_trait_creativity_mood","zhang_2020_trait_creativity_mood_1","active","12-item experience-sampling (ESM) questionnaire: state creativity and mood states (Zhang et al. 2020, PLOS ONE)","Chinese",NA,NA,"active",NA,NA,81
"zhang_2020_trait_creativity_mood","zhang_2020_trait_creativity_mood_1","active","12-item experience-sampling (ESM) questionnaire: state creativity and mood states (Zhang et al. 2020, PLOS ONE)","Chinese",NA,NA,"active",NA,NA,82
"zhang_2020_trait_creativity_mood","zhang_2020_trait_creativity_mood_1","active","12-item experience-sampling (ESM) questionnaire: state creativity and mood states (Zhang et al. 2020, PLOS ONE)","Chinese",NA,NA,"active",NA,NA,83
"zhang_2020_trait_creativity_mood","zhang_2020_trait_creativity_mood_1","active","12-item experience-sampling (ESM) questionnaire: state creativity and mood states (Zhang et al. 2020, PLOS ONE)","Chinese",NA,NA,"active",NA,NA,84
"zhang_2020_trait_creativity_mood","zhang_2020_trait_creativity_mood_1","active","12-item experience-sampling (ESM) questionnaire: state creativity and mood states (Zhang et al. 2020, PLOS ONE)","Chinese",NA,NA,"active",NA,NA,85
"zhang_2020_trait_creativity_mood","zhang_2020_trait_creativity_mood_1","active","12-item experience-sampling (ESM) questionnaire: state creativity and mood states (Zhang et al. 2020, PLOS ONE)","Chinese",NA,NA,"active",NA,NA,86
"zhang_2020_trait_creativity_mood","zhang_2020_trait_creativity_mood_1","active","12-item experience-sampling (ESM) questionnaire: state creativity and mood states (Zhang et al. 2020, PLOS ONE)","Chinese",NA,NA,"active",NA,NA,87
"zhang_2020_trait_creativity_mood","zhang_2020_trait_creativity_mood_1","active","12-item experience-sampling (ESM) questionnaire: state creativity and mood states (Zhang et al. 2020, PLOS ONE)","Chinese",NA,NA,"active",NA,NA,88
"zhang_2020_trait_creativity_mood","zhang_2020_trait_creativity_mood_1","active","12-item experience-sampling (ESM) questionnaire: state creativity and mood states (Zhang et al. 2020, PLOS ONE)","Chinese",NA,NA,"active",NA,NA,89
"zhang_2020_trait_creativity_mood","zhang_2020_trait_creativity_mood_1","active","12-item experience-sampling (ESM) questionnaire: state creativity and mood states (Zhang et al. 2020, PLOS ONE)","Chinese",NA,NA,"active",NA,NA,90
"zhang_2020_trait_creativity_mood","zhang_2020_trait_creativity_mood_1","active","12-item experience-sampling (ESM) questionnaire: state creativity and mood states (Zhang et al. 2020, PLOS ONE)","Chinese",NA,NA,"active",NA,NA,91
"zhang_2020_trait_creativity_mood","zhang_2020_trait_creativity_mood_1","active","12-item experience-sampling (ESM) questionnaire: state creativity and mood states (Zhang et al. 2020, PLOS ONE)","Chinese",NA,NA,"active",NA,NA,92
"zhang_2020_trait_creativity_mood","zhang_2020_trait_creativity_mood_1","active","12-item experience-sampling (ESM) questionnaire: state creativity and mood states (Zhang et al. 2020, PLOS ONE)","Chinese",NA,NA,"active",NA,NA,93
"zhang_2020_trait_creativity_mood","zhang_2020_trait_creativity_mood_1","active","12-item experience-sampling (ESM) questionnaire: state creativity and mood states (Zhang et al. 2020, PLOS ONE)","Chinese",NA,NA,"active",NA,NA,94
"zhang_2020_trait_creativity_mood","zhang_2020_trait_creativity_mood_1","active","12-item experience-sampling (ESM) questionnaire: state creativity and mood states (Zhang et al. 2020, PLOS ONE)","Chinese",NA,NA,"active",NA,NA,95
"zhang_2020_trait_creativity_mood","zhang_2020_trait_creativity_mood_1","active","12-item experience-sampling (ESM) questionnaire: state creativity and mood states (Zhang et al. 2020, PLOS ONE)","Chinese",NA,NA,"active",NA,NA,96
"zhang_2020_trait_creativity_mood","zhang_2020_trait_creativity_mood_1","active","12-item experience-sampling (ESM) questionnaire: state creativity and mood states (Zhang et al. 2020, PLOS ONE)","Chinese",NA,NA,"active",NA,NA,97
"zhang_2020_trait_creativity_mood","zhang_2020_trait_creativity_mood_1","active","12-item experience-sampling (ESM) questionnaire: state creativity and mood states (Zhang et al. 2020, PLOS ONE)","Chinese",NA,NA,"active",NA,NA,98
"zhang_2020_trait_creativity_mood","zhang_2020_trait_creativity_mood_1","active","12-item experience-sampling (ESM) questionnaire: state creativity and mood states (Zhang et al. 2020, PLOS ONE)","Chinese",NA,NA,"active",NA,NA,99
"zhang_2020_trait_creativity_mood","zhang_2020_trait_creativity_mood_1","active","12-item experience-sampling (ESM) questionnaire: state creativity and mood states (Zhang et al. 2020, PLOS ONE)","Chinese",NA,NA,"active",NA,"extremely",100
"zhang_2020_trait_creativity_mood","zhang_2020_trait_creativity_mood_1","angry","12-item experience-sampling (ESM) questionnaire: state creativity and mood states (Zhang et al. 2020, PLOS ONE)","Chinese",NA,NA,"angry",NA,"not at all",0
"zhang_2020_trait_creativity_mood","zhang_2020_trait_creativity_mood_1","angry","12-item experience-sampling (ESM) questionnaire: state creativity and mood states (Zhang et al. 2020, PLOS ONE)","Chinese",NA,NA,"angry",NA,NA,1
"zhang_2020_trait_creativity_mood","zhang_2020_trait_creativity_mood_1","angry","12-item experience-sampling (ESM) questionnaire: state creativity and mood states (Zhang et al. 2020, PLOS ONE)","Chinese",NA,NA,"angry",NA,NA,2
"zhang_2020_trait_creativity_mood","zhang_2020_trait_creativity_mood_1","angry","12-item experience-sampling (ESM) questionnaire: state creativity and mood states (Zhang et al. 2020, PLOS ONE)","Chinese",NA,NA,"angry",NA,NA,3
"zhang_2020_trait_creativity_mood","zhang_2020_trait_creativity_mood_1","angry","12-item experience-sampling (ESM) questionnaire: state creativity and mood states (Zhang et al. 2020, PLOS ONE)","Chinese",NA,NA,"angry",NA,NA,4
"zhang_2020_trait_creativity_mood","zhang_2020_trait_creativity_mood_1","angry","12-item experience-sampling (ESM) questionnaire: state creativity and mood states (Zhang et al. 2020, PLOS ONE)","Chinese",NA,NA,"angry",NA,NA,5
"zhang_2020_trait_creativity_mood","zhang_2020_trait_creativity_mood_1","angry","12-item experience-sampling (ESM) questionnaire: state creativity and mood states (Zhang et al. 2020, PLOS ONE)","Chinese",NA,NA,"angry",NA,NA,6
"zhang_2020_trait_creativity_mood","zhang_2020_trait_creativity_mood_1","angry","12-item experience-sampling (ESM) questionnaire: state creativity and mood states (Zhang et al. 2020, PLOS ONE)","Chinese",NA,NA,"angry",NA,NA,7
"zhang_2020_trait_creativity_mood","zhang_2020_trait_creativity_mood_1","angry","12-item experience-sampling (ESM) questionnaire: state creativity and mood states (Zhang et al. 2020, PLOS ONE)","Chinese",NA,NA,"angry",NA,NA,8
"zhang_2020_trait_creativity_mood","zhang_2020_trait_creativity_mood_1","angry","12-item experience-sampling (ESM) questionnaire: state creativity and mood states (Zhang et al. 2020, PLOS ONE)","Chinese",NA,NA,"angry",NA,NA,9
"zhang_2020_trait_creativity_mood","zhang_2020_trait_creativity_mood_1","angry","12-item experience-sampling (ESM) questionnaire: state creativity and mood states (Zhang et al. 2020, PLOS ONE)","Chinese",NA,NA,"angry",NA,NA,10
"zhang_2020_trait_creativity_mood","zhang_2020_trait_creativity_mood_1","angry","12-item experience-sampling (ESM) questionnaire: state creativity and mood states (Zhang et al. 2020, PLOS ONE)","Chinese",NA,NA,"angry",NA,NA,11
"zhang_2020_trait_creativity_mood","zhang_2020_trait_creativity_mood_1","angry","12-item experience-sampling (ESM) questionnaire: state creativity and mood states (Zhang et al. 2020, PLOS ONE)","Chinese",NA,NA,"angry",NA,NA,12
"zhang_2020_trait_creativity_mood","zhang_2020_trait_creativity_mood_1","angry","12-item experience-sampling (ESM) questionnaire: state creativity and mood states (Zhang et al. 2020, PLOS ONE)","Chinese",NA,NA,"angry",NA,NA,13
"zhang_2020_trait_creativity_mood","zhang_2020_trait_creativity_mood_1","angry","12-item experience-sampling (ESM) questionnaire: state creativity and mood states (Zhang et al. 2020, PLOS ONE)","Chinese",NA,NA,"angry",NA,NA,14
"zhang_2020_trait_creativity_mood","zhang_2020_trait_creativity_mood_1","angry","12-item experience-sampling (ESM) questionnaire: state creativity and mood states (Zhang et al. 2020, PLOS ONE)","Chinese",NA,NA,"angry",NA,NA,15
"zhang_2020_trait_creativity_mood","zhang_2020_trait_creativity_mood_1","angry","12-item experience-sampling (ESM) questionnaire: state creativity and mood states (Zhang et al. 2020, PLOS ONE)","Chinese",NA,NA,"angry",NA,NA,16
"zhang_2020_trait_creativity_mood","zhang_2020_trait_creativity_mood_1","angry","12-item experience-sampling (ESM) questionnaire: state creativity and mood states (Zhang et al. 2020, PLOS ONE)","Chinese",NA,NA,"angry",NA,NA,17
"zhang_2020_trait_creativity_mood","zhang_2020_trait_creativity_mood_1","angry","12-item experience-sampling (ESM) questionnaire: state creativity and mood states (Zhang et al. 2020, PLOS ONE)","Chinese",NA,NA,"angry",NA,NA,18
"zhang_2020_trait_creativity_mood","zhang_2020_trait_creativity_mood_1","angry","12-item experience-sampling (ESM) questionnaire: state creativity and mood states (Zhang et al. 2020, PLOS ONE)","Chinese",NA,NA,"angry",NA,NA,19
"zhang_2020_trait_creativity_mood","zhang_2020_trait_creativity_mood_1","angry","12-item experience-sampling (ESM) questionnaire: state creativity and mood states (Zhang et al. 2020, PLOS ONE)","Chinese",NA,NA,"angry",NA,NA,20
"zhang_2020_trait_creativity_mood","zhang_2020_trait_creativity_mood_1","angry","12-item experience-sampling (ESM) questionnaire: state creativity and mood states (Zhang et al. 2020, PLOS ONE)","Chinese",NA,NA,"angry",NA,NA,21
"zhang_2020_trait_creativity_mood","zhang_2020_trait_creativity_mood_1","angry","12-item experience-sampling (ESM) questionnaire: state creativity and mood states (Zhang et al. 2020, PLOS ONE)","Chinese",NA,NA,"angry",NA,NA,22
"zhang_2020_trait_creativity_mood","zhang_2020_trait_creativity_mood_1","angry","12-item experience-sampling (ESM) questionnaire: state creativity and mood states (Zhang et al. 2020, PLOS ONE)","Chinese",NA,NA,"angry",NA,NA,23
"zhang_2020_trait_creativity_mood","zhang_2020_trait_creativity_mood_1","angry","12-item experience-sampling (ESM) questionnaire: state creativity and mood states (Zhang et al. 2020, PLOS ONE)","Chinese",NA,NA,"angry",NA,NA,24
"zhang_2020_trait_creativity_mood","zhang_2020_trait_creativity_mood_1","angry","12-item experience-sampling (ESM) questionnaire: state creativity and mood states (Zhang et al. 2020, PLOS ONE)","Chinese",NA,NA,"angry",NA,NA,25
"zhang_2020_trait_creativity_mood","zhang_2020_trait_creativity_mood_1","angry","12-item experience-sampling (ESM) questionnaire: state creativity and mood states (Zhang et al. 2020, PLOS ONE)","Chinese",NA,NA,"angry",NA,NA,26
"zhang_2020_trait_creativity_mood","zhang_2020_trait_creativity_mood_1","angry","12-item experience-sampling (ESM) questionnaire: state creativity and mood states (Zhang et al. 2020, PLOS ONE)","Chinese",NA,NA,"angry",NA,NA,27
"zhang_2020_trait_creativity_mood","zhang_2020_trait_creativity_mood_1","angry","12-item experience-sampling (ESM) questionnaire: state creativity and mood states (Zhang et al. 2020, PLOS ONE)","Chinese",NA,NA,"angry",NA,NA,28
"zhang_2020_trait_creativity_mood","zhang_2020_trait_creativity_mood_1","angry","12-item experience-sampling (ESM) questionnaire: state creativity and mood states (Zhang et al. 2020, PLOS ONE)","Chinese",NA,NA,"angry",NA,NA,29
"zhang_2020_trait_creativity_mood","zhang_2020_trait_creativity_mood_1","angry","12-item experience-sampling (ESM) questionnaire: state creativity and mood states (Zhang et al. 2020, PLOS ONE)","Chinese",NA,NA,"angry",NA,NA,30
"zhang_2020_trait_creativity_mood","zhang_2020_trait_creativity_mood_1","angry","12-item experience-sampling (ESM) questionnaire: state creativity and mood states (Zhang et al. 2020, PLOS ONE)","Chinese",NA,NA,"angry",NA,NA,31
"zhang_2020_trait_creativity_mood","zhang_2020_trait_creativity_mood_1","angry","12-item experience-sampling (ESM) questionnaire: state creativity and mood states (Zhang et al. 2020, PLOS ONE)","Chinese",NA,NA,"angry",NA,NA,32
"zhang_2020_trait_creativity_mood","zhang_2020_trait_creativity_mood_1","angry","12-item experience-sampling (ESM) questionnaire: state creativity and mood states (Zhang et al. 2020, PLOS ONE)","Chinese",NA,NA,"angry",NA,NA,33
"zhang_2020_trait_creativity_mood","zhang_2020_trait_creativity_mood_1","angry","12-item experience-sampling (ESM) questionnaire: state creativity and mood states (Zhang et al. 2020, PLOS ONE)","Chinese",NA,NA,"angry",NA,NA,34
"zhang_2020_trait_creativity_mood","zhang_2020_trait_creativity_mood_1","angry","12-item experience-sampling (ESM) questionnaire: state creativity and mood states (Zhang et al. 2020, PLOS ONE)","Chinese",NA,NA,"angry",NA,NA,35
"zhang_2020_trait_creativity_mood","zhang_2020_trait_creativity_mood_1","angry","12-item experience-sampling (ESM) questionnaire: state creativity and mood states (Zhang et al. 2020, PLOS ONE)","Chinese",NA,NA,"angry",NA,NA,36
"zhang_2020_trait_creativity_mood","zhang_2020_trait_creativity_mood_1","angry","12-item experience-sampling (ESM) questionnaire: state creativity and mood states (Zhang et al. 2020, PLOS ONE)","Chinese",NA,NA,"angry",NA,NA,37
"zhang_2020_trait_creativity_mood","zhang_2020_trait_creativity_mood_1","angry","12-item experience-sampling (ESM) questionnaire: state creativity and mood states (Zhang et al. 2020, PLOS ONE)","Chinese",NA,NA,"angry",NA,NA,38
"zhang_2020_trait_creativity_mood","zhang_2020_trait_creativity_mood_1","angry","12-item experience-sampling (ESM) questionnaire: state creativity and mood states (Zhang et al. 2020, PLOS ONE)","Chinese",NA,NA,"angry",NA,NA,39
"zhang_2020_trait_creativity_mood","zhang_2020_trait_creativity_mood_1","angry","12-item experience-sampling (ESM) questionnaire: state creativity and mood states (Zhang et al. 2020, PLOS ONE)","Chinese",NA,NA,"angry",NA,NA,40
"zhang_2020_trait_creativity_mood","zhang_2020_trait_creativity_mood_1","angry","12-item experience-sampling (ESM) questionnaire: state creativity and mood states (Zhang et al. 2020, PLOS ONE)","Chinese",NA,NA,"angry",NA,NA,41
"zhang_2020_trait_creativity_mood","zhang_2020_trait_creativity_mood_1","angry","12-item experience-sampling (ESM) questionnaire: state creativity and mood states (Zhang et al. 2020, PLOS ONE)","Chinese",NA,NA,"angry",NA,NA,42
"zhang_2020_trait_creativity_mood","zhang_2020_trait_creativity_mood_1","angry","12-item experience-sampling (ESM) questionnaire: state creativity and mood states (Zhang et al. 2020, PLOS ONE)","Chinese",NA,NA,"angry",NA,NA,43
"zhang_2020_trait_creativity_mood","zhang_2020_trait_creativity_mood_1","angry","12-item experience-sampling (ESM) questionnaire: state creativity and mood states (Zhang et al. 2020, PLOS ONE)","Chinese",NA,NA,"angry",NA,NA,44
"zhang_2020_trait_creativity_mood","zhang_2020_trait_creativity_mood_1","angry","12-item experience-sampling (ESM) questionnaire: state creativity and mood states (Zhang et al. 2020, PLOS ONE)","Chinese",NA,NA,"angry",NA,NA,45
"zhang_2020_trait_creativity_mood","zhang_2020_trait_creativity_mood_1","angry","12-item experience-sampling (ESM) questionnaire: state creativity and mood states (Zhang et al. 2020, PLOS ONE)","Chinese",NA,NA,"angry",NA,NA,46
"zhang_2020_trait_creativity_mood","zhang_2020_trait_creativity_mood_1","angry","12-item experience-sampling (ESM) questionnaire: state creativity and mood states (Zhang et al. 2020, PLOS ONE)","Chinese",NA,NA,"angry",NA,NA,47
"zhang_2020_trait_creativity_mood","zhang_2020_trait_creativity_mood_1","angry","12-item experience-sampling (ESM) questionnaire: state creativity and mood states (Zhang et al. 2020, PLOS ONE)","Chinese",NA,NA,"angry",NA,NA,48
"zhang_2020_trait_creativity_mood","zhang_2020_trait_creativity_mood_1","angry","12-item experience-sampling (ESM) questionnaire: state creativity and mood states (Zhang et al. 2020, PLOS ONE)","Chinese",NA,NA,"angry",NA,NA,49
"zhang_2020_trait_creativity_mood","zhang_2020_trait_creativity_mood_1","angry","12-item experience-sampling (ESM) questionnaire: state creativity and mood states (Zhang et al. 2020, PLOS ONE)","Chinese",NA,NA,"angry",NA,NA,50
"zhang_2020_trait_creativity_mood","zhang_2020_trait_creativity_mood_1","angry","12-item experience-sampling (ESM) questionnaire: state creativity and mood states (Zhang et al. 2020, PLOS ONE)","Chinese",NA,NA,"angry",NA,NA,51
"zhang_2020_trait_creativity_mood","zhang_2020_trait_creativity_mood_1","angry","12-item experience-sampling (ESM) questionnaire: state creativity and mood states (Zhang et al. 2020, PLOS ONE)","Chinese",NA,NA,"angry",NA,NA,52
"zhang_2020_trait_creativity_mood","zhang_2020_trait_creativity_mood_1","angry","12-item experience-sampling (ESM) questionnaire: state creativity and mood states (Zhang et al. 2020, PLOS ONE)","Chinese",NA,NA,"angry",NA,NA,53
"zhang_2020_trait_creativity_mood","zhang_2020_trait_creativity_mood_1","angry","12-item experience-sampling (ESM) questionnaire: state creativity and mood states (Zhang et al. 2020, PLOS ONE)","Chinese",NA,NA,"angry",NA,NA,54
"zhang_2020_trait_creativity_mood","zhang_2020_trait_creativity_mood_1","angry","12-item experience-sampling (ESM) questionnaire: state creativity and mood states (Zhang et al. 2020, PLOS ONE)","Chinese",NA,NA,"angry",NA,NA,55
"zhang_2020_trait_creativity_mood","zhang_2020_trait_creativity_mood_1","angry","12-item experience-sampling (ESM) questionnaire: state creativity and mood states (Zhang et al. 2020, PLOS ONE)","Chinese",NA,NA,"angry",NA,NA,56
"zhang_2020_trait_creativity_mood","zhang_2020_trait_creativity_mood_1","angry","12-item experience-sampling (ESM) questionnaire: state creativity and mood states (Zhang et al. 2020, PLOS ONE)","Chinese",NA,NA,"angry",NA,NA,57
"zhang_2020_trait_creativity_mood","zhang_2020_trait_creativity_mood_1","angry","12-item experience-sampling (ESM) questionnaire: state creativity and mood states (Zhang et al. 2020, PLOS ONE)","Chinese",NA,NA,"angry",NA,NA,58
"zhang_2020_trait_creativity_mood","zhang_2020_trait_creativity_mood_1","angry","12-item experience-sampling (ESM) questionnaire: state creativity and mood states (Zhang et al. 2020, PLOS ONE)","Chinese",NA,NA,"angry",NA,NA,59
"zhang_2020_trait_creativity_mood","zhang_2020_trait_creativity_mood_1","angry","12-item experience-sampling (ESM) questionnaire: state creativity and mood states (Zhang et al. 2020, PLOS ONE)","Chinese",NA,NA,"angry",NA,NA,60
"zhang_2020_trait_creativity_mood","zhang_2020_trait_creativity_mood_1","angry","12-item experience-sampling (ESM) questionnaire: state creativity and mood states (Zhang et al. 2020, PLOS ONE)","Chinese",NA,NA,"angry",NA,NA,61
"zhang_2020_trait_creativity_mood","zhang_2020_trait_creativity_mood_1","angry","12-item experience-sampling (ESM) questionnaire: state creativity and mood states (Zhang et al. 2020, PLOS ONE)","Chinese",NA,NA,"angry",NA,NA,62
"zhang_2020_trait_creativity_mood","zhang_2020_trait_creativity_mood_1","angry","12-item experience-sampling (ESM) questionnaire: state creativity and mood states (Zhang et al. 2020, PLOS ONE)","Chinese",NA,NA,"angry",NA,NA,63
"zhang_2020_trait_creativity_mood","zhang_2020_trait_creativity_mood_1","angry","12-item experience-sampling (ESM) questionnaire: state creativity and mood states (Zhang et al. 2020, PLOS ONE)","Chinese",NA,NA,"angry",NA,NA,64
"zhang_2020_trait_creativity_mood","zhang_2020_trait_creativity_mood_1","angry","12-item experience-sampling (ESM) questionnaire: state creativity and mood states (Zhang et al. 2020, PLOS ONE)","Chinese",NA,NA,"angry",NA,NA,65
"zhang_2020_trait_creativity_mood","zhang_2020_trait_creativity_mood_1","angry","12-item experience-sampling (ESM) questionnaire: state creativity and mood states (Zhang et al. 2020, PLOS ONE)","Chinese",NA,NA,"angry",NA,NA,66
"zhang_2020_trait_creativity_mood","zhang_2020_trait_creativity_mood_1","angry","12-item experience-sampling (ESM) questionnaire: state creativity and mood states (Zhang et al. 2020, PLOS ONE)","Chinese",NA,NA,"angry",NA,NA,67
"zhang_2020_trait_creativity_mood","zhang_2020_trait_creativity_mood_1","angry","12-item experience-sampling (ESM) questionnaire: state creativity and mood states (Zhang et al. 2020, PLOS ONE)","Chinese",NA,NA,"angry",NA,NA,68
"zhang_2020_trait_creativity_mood","zhang_2020_trait_creativity_mood_1","angry","12-item experience-sampling (ESM) questionnaire: state creativity and mood states (Zhang et al. 2020, PLOS ONE)","Chinese",NA,NA,"angry",NA,NA,69
"zhang_2020_trait_creativity_mood","zhang_2020_trait_creativity_mood_1","angry","12-item experience-sampling (ESM) questionnaire: state creativity and mood states (Zhang et al. 2020, PLOS ONE)","Chinese",NA,NA,"angry",NA,NA,70
"zhang_2020_trait_creativity_mood","zhang_2020_trait_creativity_mood_1","angry","12-item experience-sampling (ESM) questionnaire: state creativity and mood states (Zhang et al. 2020, PLOS ONE)","Chinese",NA,NA,"angry",NA,NA,71
"zhang_2020_trait_creativity_mood","zhang_2020_trait_creativity_mood_1","angry","12-item experience-sampling (ESM) questionnaire: state creativity and mood states (Zhang et al. 2020, PLOS ONE)","Chinese",NA,NA,"angry",NA,NA,72
"zhang_2020_trait_creativity_mood","zhang_2020_trait_creativity_mood_1","angry","12-item experience-sampling (ESM) questionnaire: state creativity and mood states (Zhang et al. 2020, PLOS ONE)","Chinese",NA,NA,"angry",NA,NA,73
"zhang_2020_trait_creativity_mood","zhang_2020_trait_creativity_mood_1","angry","12-item experience-sampling (ESM) questionnaire: state creativity and mood states (Zhang et al. 2020, PLOS ONE)","Chinese",NA,NA,"angry",NA,NA,74
"zhang_2020_trait_creativity_mood","zhang_2020_trait_creativity_mood_1","angry","12-item experience-sampling (ESM) questionnaire: state creativity and mood states (Zhang et al. 2020, PLOS ONE)","Chinese",NA,NA,"angry",NA,NA,75
"zhang_2020_trait_creativity_mood","zhang_2020_trait_creativity_mood_1","angry","12-item experience-sampling (ESM) questionnaire: state creativity and mood states (Zhang et al. 2020, PLOS ONE)","Chinese",NA,NA,"angry",NA,NA,76
"zhang_2020_trait_creativity_mood","zhang_2020_trait_creativity_mood_1","angry","12-item experience-sampling (ESM) questionnaire: state creativity and mood states (Zhang et al. 2020, PLOS ONE)","Chinese",NA,NA,"angry",NA,NA,77
"zhang_2020_trait_creativity_mood","zhang_2020_trait_creativity_mood_1","angry","12-item experience-sampling (ESM) questionnaire: state creativity and mood states (Zhang et al. 2020, PLOS ONE)","Chinese",NA,NA,"angry",NA,NA,78
"zhang_2020_trait_creativity_mood","zhang_2020_trait_creativity_mood_1","angry","12-item experience-sampling (ESM) questionnaire: state creativity and mood states (Zhang et al. 2020, PLOS ONE)","Chinese",NA,NA,"angry",NA,NA,79
"zhang_2020_trait_creativity_mood","zhang_2020_trait_creativity_mood_1","angry","12-item experience-sampling (ESM) questionnaire: state creativity and mood states (Zhang et al. 2020, PLOS ONE)","Chinese",NA,NA,"angry",NA,NA,80
"zhang_2020_trait_creativity_mood","zhang_2020_trait_creativity_mood_1","angry","12-item experience-sampling (ESM) questionnaire: state creativity and mood states (Zhang et al. 2020, PLOS ONE)","Chinese",NA,NA,"angry",NA,NA,81
"zhang_2020_trait_creativity_mood","zhang_2020_trait_creativity_mood_1","angry","12-item experience-sampling (ESM) questionnaire: state creativity and mood states (Zhang et al. 2020, PLOS ONE)","Chinese",NA,NA,"angry",NA,NA,82
"zhang_2020_trait_creativity_mood","zhang_2020_trait_creativity_mood_1","angry","12-item experience-sampling (ESM) questionnaire: state creativity and mood states (Zhang et al. 2020, PLOS ONE)","Chinese",NA,NA,"angry",NA,NA,83
"zhang_2020_trait_creativity_mood","zhang_2020_trait_creativity_mood_1","angry","12-item experience-sampling (ESM) questionnaire: state creativity and mood states (Zhang et al. 2020, PLOS ONE)","Chinese",NA,NA,"angry",NA,NA,84
"zhang_2020_trait_creativity_mood","zhang_2020_trait_creativity_mood_1","angry","12-item experience-sampling (ESM) questionnaire: state creativity and mood states (Zhang et al. 2020, PLOS ONE)","Chinese",NA,NA,"angry",NA,NA,85
"zhang_2020_trait_creativity_mood","zhang_2020_trait_creativity_mood_1","angry","12-item experience-sampling (ESM) questionnaire: state creativity and mood states (Zhang et al. 2020, PLOS ONE)","Chinese",NA,NA,"angry",NA,NA,86
"zhang_2020_trait_creativity_mood","zhang_2020_trait_creativity_mood_1","angry","12-item experience-sampling (ESM) questionnaire: state creativity and mood states (Zhang et al. 2020, PLOS ONE)","Chinese",NA,NA,"angry",NA,NA,87
"zhang_2020_trait_creativity_mood","zhang_2020_trait_creativity_mood_1","angry","12-item experience-sampling (ESM) questionnaire: state creativity and mood states (Zhang et al. 2020, PLOS ONE)","Chinese",NA,NA,"angry",NA,NA,88
"zhang_2020_trait_creativity_mood","zhang_2020_trait_creativity_mood_1","angry","12-item experience-sampling (ESM) questionnaire: state creativity and mood states (Zhang et al. 2020, PLOS ONE)","Chinese",NA,NA,"angry",NA,NA,89
"zhang_2020_trait_creativity_mood","zhang_2020_trait_creativity_mood_1","angry","12-item experience-sampling (ESM) questionnaire: state creativity and mood states (Zhang et al. 2020, PLOS ONE)","Chinese",NA,NA,"angry",NA,NA,90
"zhang_2020_trait_creativity_mood","zhang_2020_trait_creativity_mood_1","angry","12-item experience-sampling (ESM) questionnaire: state creativity and mood states (Zhang et al. 2020, PLOS ONE)","Chinese",NA,NA,"angry",NA,NA,91
"zhang_2020_trait_creativity_mood","zhang_2020_trait_creativity_mood_1","angry","12-item experience-sampling (ESM) questionnaire: state creativity and mood states (Zhang et al. 2020, PLOS ONE)","Chinese",NA,NA,"angry",NA,NA,92
"zhang_2020_trait_creativity_mood","zhang_2020_trait_creativity_mood_1","angry","12-item experience-sampling (ESM) questionnaire: state creativity and mood states (Zhang et al. 2020, PLOS ONE)","Chinese",NA,NA,"angry",NA,NA,93
"zhang_2020_trait_creativity_mood","zhang_2020_trait_creativity_mood_1","angry","12-item experience-sampling (ESM) questionnaire: state creativity and mood states (Zhang et al. 2020, PLOS ONE)","Chinese",NA,NA,"angry",NA,NA,94
"zhang_2020_trait_creativity_mood","zhang_2020_trait_creativity_mood_1","angry","12-item experience-sampling (ESM) questionnaire: state creativity and mood states (Zhang et al. 2020, PLOS ONE)","Chinese",NA,NA,"angry",NA,NA,95
"zhang_2020_trait_creativity_mood","zhang_2020_trait_creativity_mood_1","angry","12-item experience-sampling (ESM) questionnaire: state creativity and mood states (Zhang et al. 2020, PLOS ONE)","Chinese",NA,NA,"angry",NA,NA,96
"zhang_2020_trait_creativity_mood","zhang_2020_trait_creativity_mood_1","angry","12-item experience-sampling (ESM) questionnaire: state creativity and mood states (Zhang et al. 2020, PLOS ONE)","Chinese",NA,NA,"angry",NA,NA,97
"zhang_2020_trait_creativity_mood","zhang_2020_trait_creativity_mood_1","angry","12-item experience-sampling (ESM) questionnaire: state creativity and mood states (Zhang et al. 2020, PLOS ONE)","Chinese",NA,NA,"angry",NA,NA,98
"zhang_2020_trait_creativity_mood","zhang_2020_trait_creativity_mood_1","angry","12-item experience-sampling (ESM) questionnaire: state creativity and mood states (Zhang et al. 2020, PLOS ONE)","Chinese",NA,NA,"angry",NA,NA,99
"zhang_2020_trait_creativity_mood","zhang_2020_trait_creativity_mood_1","angry","12-item experience-sampling (ESM) questionnaire: state creativity and mood states (Zhang et al. 2020, PLOS ONE)","Chinese",NA,NA,"angry",NA,"extremely",100
"zhang_2020_trait_creativity_mood","zhang_2020_trait_creativity_mood_1","depressed","12-item experience-sampling (ESM) questionnaire: state creativity and mood states (Zhang et al. 2020, PLOS ONE)","Chinese",NA,NA,"depressed",NA,"not at all",0
"zhang_2020_trait_creativity_mood","zhang_2020_trait_creativity_mood_1","depressed","12-item experience-sampling (ESM) questionnaire: state creativity and mood states (Zhang et al. 2020, PLOS ONE)","Chinese",NA,NA,"depressed",NA,NA,1
"zhang_2020_trait_creativity_mood","zhang_2020_trait_creativity_mood_1","depressed","12-item experience-sampling (ESM) questionnaire: state creativity and mood states (Zhang et al. 2020, PLOS ONE)","Chinese",NA,NA,"depressed",NA,NA,2
"zhang_2020_trait_creativity_mood","zhang_2020_trait_creativity_mood_1","depressed","12-item experience-sampling (ESM) questionnaire: state creativity and mood states (Zhang et al. 2020, PLOS ONE)","Chinese",NA,NA,"depressed",NA,NA,3
"zhang_2020_trait_creativity_mood","zhang_2020_trait_creativity_mood_1","depressed","12-item experience-sampling (ESM) questionnaire: state creativity and mood states (Zhang et al. 2020, PLOS ONE)","Chinese",NA,NA,"depressed",NA,NA,4
"zhang_2020_trait_creativity_mood","zhang_2020_trait_creativity_mood_1","depressed","12-item experience-sampling (ESM) questionnaire: state creativity and mood states (Zhang et al. 2020, PLOS ONE)","Chinese",NA,NA,"depressed",NA,NA,5
"zhang_2020_trait_creativity_mood","zhang_2020_trait_creativity_mood_1","depressed","12-item experience-sampling (ESM) questionnaire: state creativity and mood states (Zhang et al. 2020, PLOS ONE)","Chinese",NA,NA,"depressed",NA,NA,6
"zhang_2020_trait_creativity_mood","zhang_2020_trait_creativity_mood_1","depressed","12-item experience-sampling (ESM) questionnaire: state creativity and mood states (Zhang et al. 2020, PLOS ONE)","Chinese",NA,NA,"depressed",NA,NA,7
"zhang_2020_trait_creativity_mood","zhang_2020_trait_creativity_mood_1","depressed","12-item experience-sampling (ESM) questionnaire: state creativity and mood states (Zhang et al. 2020, PLOS ONE)","Chinese",NA,NA,"depressed",NA,NA,8
"zhang_2020_trait_creativity_mood","zhang_2020_trait_creativity_mood_1","depressed","12-item experience-sampling (ESM) questionnaire: state creativity and mood states (Zhang et al. 2020, PLOS ONE)","Chinese",NA,NA,"depressed",NA,NA,9
"zhang_2020_trait_creativity_mood","zhang_2020_trait_creativity_mood_1","depressed","12-item experience-sampling (ESM) questionnaire: state creativity and mood states (Zhang et al. 2020, PLOS ONE)","Chinese",NA,NA,"depressed",NA,NA,10
"zhang_2020_trait_creativity_mood","zhang_2020_trait_creativity_mood_1","depressed","12-item experience-sampling (ESM) questionnaire: state creativity and mood states (Zhang et al. 2020, PLOS ONE)","Chinese",NA,NA,"depressed",NA,NA,11
"zhang_2020_trait_creativity_mood","zhang_2020_trait_creativity_mood_1","depressed","12-item experience-sampling (ESM) questionnaire: state creativity and mood states (Zhang et al. 2020, PLOS ONE)","Chinese",NA,NA,"depressed",NA,NA,12
"zhang_2020_trait_creativity_mood","zhang_2020_trait_creativity_mood_1","depressed","12-item experience-sampling (ESM) questionnaire: state creativity and mood states (Zhang et al. 2020, PLOS ONE)","Chinese",NA,NA,"depressed",NA,NA,13
"zhang_2020_trait_creativity_mood","zhang_2020_trait_creativity_mood_1","depressed","12-item experience-sampling (ESM) questionnaire: state creativity and mood states (Zhang et al. 2020, PLOS ONE)","Chinese",NA,NA,"depressed",NA,NA,14
"zhang_2020_trait_creativity_mood","zhang_2020_trait_creativity_mood_1","depressed","12-item experience-sampling (ESM) questionnaire: state creativity and mood states (Zhang et al. 2020, PLOS ONE)","Chinese",NA,NA,"depressed",NA,NA,15
"zhang_2020_trait_creativity_mood","zhang_2020_trait_creativity_mood_1","depressed","12-item experience-sampling (ESM) questionnaire: state creativity and mood states (Zhang et al. 2020, PLOS ONE)","Chinese",NA,NA,"depressed",NA,NA,16
"zhang_2020_trait_creativity_mood","zhang_2020_trait_creativity_mood_1","depressed","12-item experience-sampling (ESM) questionnaire: state creativity and mood states (Zhang et al. 2020, PLOS ONE)","Chinese",NA,NA,"depressed",NA,NA,17
"zhang_2020_trait_creativity_mood","zhang_2020_trait_creativity_mood_1","depressed","12-item experience-sampling (ESM) questionnaire: state creativity and mood states (Zhang et al. 2020, PLOS ONE)","Chinese",NA,NA,"depressed",NA,NA,18
"zhang_2020_trait_creativity_mood","zhang_2020_trait_creativity_mood_1","depressed","12-item experience-sampling (ESM) questionnaire: state creativity and mood states (Zhang et al. 2020, PLOS ONE)","Chinese",NA,NA,"depressed",NA,NA,19
"zhang_2020_trait_creativity_mood","zhang_2020_trait_creativity_mood_1","depressed","12-item experience-sampling (ESM) questionnaire: state creativity and mood states (Zhang et al. 2020, PLOS ONE)","Chinese",NA,NA,"depressed",NA,NA,20
"zhang_2020_trait_creativity_mood","zhang_2020_trait_creativity_mood_1","depressed","12-item experience-sampling (ESM) questionnaire: state creativity and mood states (Zhang et al. 2020, PLOS ONE)","Chinese",NA,NA,"depressed",NA,NA,21
"zhang_2020_trait_creativity_mood","zhang_2020_trait_creativity_mood_1","depressed","12-item experience-sampling (ESM) questionnaire: state creativity and mood states (Zhang et al. 2020, PLOS ONE)","Chinese",NA,NA,"depressed",NA,NA,22
"zhang_2020_trait_creativity_mood","zhang_2020_trait_creativity_mood_1","depressed","12-item experience-sampling (ESM) questionnaire: state creativity and mood states (Zhang et al. 2020, PLOS ONE)","Chinese",NA,NA,"depressed",NA,NA,23
"zhang_2020_trait_creativity_mood","zhang_2020_trait_creativity_mood_1","depressed","12-item experience-sampling (ESM) questionnaire: state creativity and mood states (Zhang et al. 2020, PLOS ONE)","Chinese",NA,NA,"depressed",NA,NA,24
"zhang_2020_trait_creativity_mood","zhang_2020_trait_creativity_mood_1","depressed","12-item experience-sampling (ESM) questionnaire: state creativity and mood states (Zhang et al. 2020, PLOS ONE)","Chinese",NA,NA,"depressed",NA,NA,25
"zhang_2020_trait_creativity_mood","zhang_2020_trait_creativity_mood_1","depressed","12-item experience-sampling (ESM) questionnaire: state creativity and mood states (Zhang et al. 2020, PLOS ONE)","Chinese",NA,NA,"depressed",NA,NA,26
"zhang_2020_trait_creativity_mood","zhang_2020_trait_creativity_mood_1","depressed","12-item experience-sampling (ESM) questionnaire: state creativity and mood states (Zhang et al. 2020, PLOS ONE)","Chinese",NA,NA,"depressed",NA,NA,27
"zhang_2020_trait_creativity_mood","zhang_2020_trait_creativity_mood_1","depressed","12-item experience-sampling (ESM) questionnaire: state creativity and mood states (Zhang et al. 2020, PLOS ONE)","Chinese",NA,NA,"depressed",NA,NA,28
"zhang_2020_trait_creativity_mood","zhang_2020_trait_creativity_mood_1","depressed","12-item experience-sampling (ESM) questionnaire: state creativity and mood states (Zhang et al. 2020, PLOS ONE)","Chinese",NA,NA,"depressed",NA,NA,29
"zhang_2020_trait_creativity_mood","zhang_2020_trait_creativity_mood_1","depressed","12-item experience-sampling (ESM) questionnaire: state creativity and mood states (Zhang et al. 2020, PLOS ONE)","Chinese",NA,NA,"depressed",NA,NA,30
"zhang_2020_trait_creativity_mood","zhang_2020_trait_creativity_mood_1","depressed","12-item experience-sampling (ESM) questionnaire: state creativity and mood states (Zhang et al. 2020, PLOS ONE)","Chinese",NA,NA,"depressed",NA,NA,31
"zhang_2020_trait_creativity_mood","zhang_2020_trait_creativity_mood_1","depressed","12-item experience-sampling (ESM) questionnaire: state creativity and mood states (Zhang et al. 2020, PLOS ONE)","Chinese",NA,NA,"depressed",NA,NA,32
"zhang_2020_trait_creativity_mood","zhang_2020_trait_creativity_mood_1","depressed","12-item experience-sampling (ESM) questionnaire: state creativity and mood states (Zhang et al. 2020, PLOS ONE)","Chinese",NA,NA,"depressed",NA,NA,33
"zhang_2020_trait_creativity_mood","zhang_2020_trait_creativity_mood_1","depressed","12-item experience-sampling (ESM) questionnaire: state creativity and mood states (Zhang et al. 2020, PLOS ONE)","Chinese",NA,NA,"depressed",NA,NA,34
"zhang_2020_trait_creativity_mood","zhang_2020_trait_creativity_mood_1","depressed","12-item experience-sampling (ESM) questionnaire: state creativity and mood states (Zhang et al. 2020, PLOS ONE)","Chinese",NA,NA,"depressed",NA,NA,35
"zhang_2020_trait_creativity_mood","zhang_2020_trait_creativity_mood_1","depressed","12-item experience-sampling (ESM) questionnaire: state creativity and mood states (Zhang et al. 2020, PLOS ONE)","Chinese",NA,NA,"depressed",NA,NA,36
"zhang_2020_trait_creativity_mood","zhang_2020_trait_creativity_mood_1","depressed","12-item experience-sampling (ESM) questionnaire: state creativity and mood states (Zhang et al. 2020, PLOS ONE)","Chinese",NA,NA,"depressed",NA,NA,37
"zhang_2020_trait_creativity_mood","zhang_2020_trait_creativity_mood_1","depressed","12-item experience-sampling (ESM) questionnaire: state creativity and mood states (Zhang et al. 2020, PLOS ONE)","Chinese",NA,NA,"depressed",NA,NA,38
"zhang_2020_trait_creativity_mood","zhang_2020_trait_creativity_mood_1","depressed","12-item experience-sampling (ESM) questionnaire: state creativity and mood states (Zhang et al. 2020, PLOS ONE)","Chinese",NA,NA,"depressed",NA,NA,39
"zhang_2020_trait_creativity_mood","zhang_2020_trait_creativity_mood_1","depressed","12-item experience-sampling (ESM) questionnaire: state creativity and mood states (Zhang et al. 2020, PLOS ONE)","Chinese",NA,NA,"depressed",NA,NA,40
"zhang_2020_trait_creativity_mood","zhang_2020_trait_creativity_mood_1","depressed","12-item experience-sampling (ESM) questionnaire: state creativity and mood states (Zhang et al. 2020, PLOS ONE)","Chinese",NA,NA,"depressed",NA,NA,41
"zhang_2020_trait_creativity_mood","zhang_2020_trait_creativity_mood_1","depressed","12-item experience-sampling (ESM) questionnaire: state creativity and mood states (Zhang et al. 2020, PLOS ONE)","Chinese",NA,NA,"depressed",NA,NA,42
"zhang_2020_trait_creativity_mood","zhang_2020_trait_creativity_mood_1","depressed","12-item experience-sampling (ESM) questionnaire: state creativity and mood states (Zhang et al. 2020, PLOS ONE)","Chinese",NA,NA,"depressed",NA,NA,43
"zhang_2020_trait_creativity_mood","zhang_2020_trait_creativity_mood_1","depressed","12-item experience-sampling (ESM) questionnaire: state creativity and mood states (Zhang et al. 2020, PLOS ONE)","Chinese",NA,NA,"depressed",NA,NA,44
"zhang_2020_trait_creativity_mood","zhang_2020_trait_creativity_mood_1","depressed","12-item experience-sampling (ESM) questionnaire: state creativity and mood states (Zhang et al. 2020, PLOS ONE)","Chinese",NA,NA,"depressed",NA,NA,45
"zhang_2020_trait_creativity_mood","zhang_2020_trait_creativity_mood_1","depressed","12-item experience-sampling (ESM) questionnaire: state creativity and mood states (Zhang et al. 2020, PLOS ONE)","Chinese",NA,NA,"depressed",NA,NA,46
"zhang_2020_trait_creativity_mood","zhang_2020_trait_creativity_mood_1","depressed","12-item experience-sampling (ESM) questionnaire: state creativity and mood states (Zhang et al. 2020, PLOS ONE)","Chinese",NA,NA,"depressed",NA,NA,47
"zhang_2020_trait_creativity_mood","zhang_2020_trait_creativity_mood_1","depressed","12-item experience-sampling (ESM) questionnaire: state creativity and mood states (Zhang et al. 2020, PLOS ONE)","Chinese",NA,NA,"depressed",NA,NA,48
"zhang_2020_trait_creativity_mood","zhang_2020_trait_creativity_mood_1","depressed","12-item experience-sampling (ESM) questionnaire: state creativity and mood states (Zhang et al. 2020, PLOS ONE)","Chinese",NA,NA,"depressed",NA,NA,49
"zhang_2020_trait_creativity_mood","zhang_2020_trait_creativity_mood_1","depressed","12-item experience-sampling (ESM) questionnaire: state creativity and mood states (Zhang et al. 2020, PLOS ONE)","Chinese",NA,NA,"depressed",NA,NA,50
"zhang_2020_trait_creativity_mood","zhang_2020_trait_creativity_mood_1","depressed","12-item experience-sampling (ESM) questionnaire: state creativity and mood states (Zhang et al. 2020, PLOS ONE)","Chinese",NA,NA,"depressed",NA,NA,51
"zhang_2020_trait_creativity_mood","zhang_2020_trait_creativity_mood_1","depressed","12-item experience-sampling (ESM) questionnaire: state creativity and mood states (Zhang et al. 2020, PLOS ONE)","Chinese",NA,NA,"depressed",NA,NA,52
"zhang_2020_trait_creativity_mood","zhang_2020_trait_creativity_mood_1","depressed","12-item experience-sampling (ESM) questionnaire: state creativity and mood states (Zhang et al. 2020, PLOS ONE)","Chinese",NA,NA,"depressed",NA,NA,53
"zhang_2020_trait_creativity_mood","zhang_2020_trait_creativity_mood_1","depressed","12-item experience-sampling (ESM) questionnaire: state creativity and mood states (Zhang et al. 2020, PLOS ONE)","Chinese",NA,NA,"depressed",NA,NA,54
"zhang_2020_trait_creativity_mood","zhang_2020_trait_creativity_mood_1","depressed","12-item experience-sampling (ESM) questionnaire: state creativity and mood states (Zhang et al. 2020, PLOS ONE)","Chinese",NA,NA,"depressed",NA,NA,55
"zhang_2020_trait_creativity_mood","zhang_2020_trait_creativity_mood_1","depressed","12-item experience-sampling (ESM) questionnaire: state creativity and mood states (Zhang et al. 2020, PLOS ONE)","Chinese",NA,NA,"depressed",NA,NA,56
"zhang_2020_trait_creativity_mood","zhang_2020_trait_creativity_mood_1","depressed","12-item experience-sampling (ESM) questionnaire: state creativity and mood states (Zhang et al. 2020, PLOS ONE)","Chinese",NA,NA,"depressed",NA,NA,57
"zhang_2020_trait_creativity_mood","zhang_2020_trait_creativity_mood_1","depressed","12-item experience-sampling (ESM) questionnaire: state creativity and mood states (Zhang et al. 2020, PLOS ONE)","Chinese",NA,NA,"depressed",NA,NA,58
"zhang_2020_trait_creativity_mood","zhang_2020_trait_creativity_mood_1","depressed","12-item experience-sampling (ESM) questionnaire: state creativity and mood states (Zhang et al. 2020, PLOS ONE)","Chinese",NA,NA,"depressed",NA,NA,59
"zhang_2020_trait_creativity_mood","zhang_2020_trait_creativity_mood_1","depressed","12-item experience-sampling (ESM) questionnaire: state creativity and mood states (Zhang et al. 2020, PLOS ONE)","Chinese",NA,NA,"depressed",NA,NA,60
"zhang_2020_trait_creativity_mood","zhang_2020_trait_creativity_mood_1","depressed","12-item experience-sampling (ESM) questionnaire: state creativity and mood states (Zhang et al. 2020, PLOS ONE)","Chinese",NA,NA,"depressed",NA,NA,61
"zhang_2020_trait_creativity_mood","zhang_2020_trait_creativity_mood_1","depressed","12-item experience-sampling (ESM) questionnaire: state creativity and mood states (Zhang et al. 2020, PLOS ONE)","Chinese",NA,NA,"depressed",NA,NA,62
"zhang_2020_trait_creativity_mood","zhang_2020_trait_creativity_mood_1","depressed","12-item experience-sampling (ESM) questionnaire: state creativity and mood states (Zhang et al. 2020, PLOS ONE)","Chinese",NA,NA,"depressed",NA,NA,63
"zhang_2020_trait_creativity_mood","zhang_2020_trait_creativity_mood_1","depressed","12-item experience-sampling (ESM) questionnaire: state creativity and mood states (Zhang et al. 2020, PLOS ONE)","Chinese",NA,NA,"depressed",NA,NA,64
"zhang_2020_trait_creativity_mood","zhang_2020_trait_creativity_mood_1","depressed","12-item experience-sampling (ESM) questionnaire: state creativity and mood states (Zhang et al. 2020, PLOS ONE)","Chinese",NA,NA,"depressed",NA,NA,65
"zhang_2020_trait_creativity_mood","zhang_2020_trait_creativity_mood_1","depressed","12-item experience-sampling (ESM) questionnaire: state creativity and mood states (Zhang et al. 2020, PLOS ONE)","Chinese",NA,NA,"depressed",NA,NA,66
"zhang_2020_trait_creativity_mood","zhang_2020_trait_creativity_mood_1","depressed","12-item experience-sampling (ESM) questionnaire: state creativity and mood states (Zhang et al. 2020, PLOS ONE)","Chinese",NA,NA,"depressed",NA,NA,67
"zhang_2020_trait_creativity_mood","zhang_2020_trait_creativity_mood_1","depressed","12-item experience-sampling (ESM) questionnaire: state creativity and mood states (Zhang et al. 2020, PLOS ONE)","Chinese",NA,NA,"depressed",NA,NA,68
"zhang_2020_trait_creativity_mood","zhang_2020_trait_creativity_mood_1","depressed","12-item experience-sampling (ESM) questionnaire: state creativity and mood states (Zhang et al. 2020, PLOS ONE)","Chinese",NA,NA,"depressed",NA,NA,69
"zhang_2020_trait_creativity_mood","zhang_2020_trait_creativity_mood_1","depressed","12-item experience-sampling (ESM) questionnaire: state creativity and mood states (Zhang et al. 2020, PLOS ONE)","Chinese",NA,NA,"depressed",NA,NA,70
"zhang_2020_trait_creativity_mood","zhang_2020_trait_creativity_mood_1","depressed","12-item experience-sampling (ESM) questionnaire: state creativity and mood states (Zhang et al. 2020, PLOS ONE)","Chinese",NA,NA,"depressed",NA,NA,71
"zhang_2020_trait_creativity_mood","zhang_2020_trait_creativity_mood_1","depressed","12-item experience-sampling (ESM) questionnaire: state creativity and mood states (Zhang et al. 2020, PLOS ONE)","Chinese",NA,NA,"depressed",NA,NA,72
"zhang_2020_trait_creativity_mood","zhang_2020_trait_creativity_mood_1","depressed","12-item experience-sampling (ESM) questionnaire: state creativity and mood states (Zhang et al. 2020, PLOS ONE)","Chinese",NA,NA,"depressed",NA,NA,73
"zhang_2020_trait_creativity_mood","zhang_2020_trait_creativity_mood_1","depressed","12-item experience-sampling (ESM) questionnaire: state creativity and mood states (Zhang et al. 2020, PLOS ONE)","Chinese",NA,NA,"depressed",NA,NA,74
"zhang_2020_trait_creativity_mood","zhang_2020_trait_creativity_mood_1","depressed","12-item experience-sampling (ESM) questionnaire: state creativity and mood states (Zhang et al. 2020, PLOS ONE)","Chinese",NA,NA,"depressed",NA,NA,75
"zhang_2020_trait_creativity_mood","zhang_2020_trait_creativity_mood_1","depressed","12-item experience-sampling (ESM) questionnaire: state creativity and mood states (Zhang et al. 2020, PLOS ONE)","Chinese",NA,NA,"depressed",NA,NA,76
"zhang_2020_trait_creativity_mood","zhang_2020_trait_creativity_mood_1","depressed","12-item experience-sampling (ESM) questionnaire: state creativity and mood states (Zhang et al. 2020, PLOS ONE)","Chinese",NA,NA,"depressed",NA,NA,77
"zhang_2020_trait_creativity_mood","zhang_2020_trait_creativity_mood_1","depressed","12-item experience-sampling (ESM) questionnaire: state creativity and mood states (Zhang et al. 2020, PLOS ONE)","Chinese",NA,NA,"depressed",NA,NA,78
"zhang_2020_trait_creativity_mood","zhang_2020_trait_creativity_mood_1","depressed","12-item experience-sampling (ESM) questionnaire: state creativity and mood states (Zhang et al. 2020, PLOS ONE)","Chinese",NA,NA,"depressed",NA,NA,79
"zhang_2020_trait_creativity_mood","zhang_2020_trait_creativity_mood_1","depressed","12-item experience-sampling (ESM) questionnaire: state creativity and mood states (Zhang et al. 2020, PLOS ONE)","Chinese",NA,NA,"depressed",NA,NA,80
"zhang_2020_trait_creativity_mood","zhang_2020_trait_creativity_mood_1","depressed","12-item experience-sampling (ESM) questionnaire: state creativity and mood states (Zhang et al. 2020, PLOS ONE)","Chinese",NA,NA,"depressed",NA,NA,81
"zhang_2020_trait_creativity_mood","zhang_2020_trait_creativity_mood_1","depressed","12-item experience-sampling (ESM) questionnaire: state creativity and mood states (Zhang et al. 2020, PLOS ONE)","Chinese",NA,NA,"depressed",NA,NA,82
"zhang_2020_trait_creativity_mood","zhang_2020_trait_creativity_mood_1","depressed","12-item experience-sampling (ESM) questionnaire: state creativity and mood states (Zhang et al. 2020, PLOS ONE)","Chinese",NA,NA,"depressed",NA,NA,83
"zhang_2020_trait_creativity_mood","zhang_2020_trait_creativity_mood_1","depressed","12-item experience-sampling (ESM) questionnaire: state creativity and mood states (Zhang et al. 2020, PLOS ONE)","Chinese",NA,NA,"depressed",NA,NA,84
"zhang_2020_trait_creativity_mood","zhang_2020_trait_creativity_mood_1","depressed","12-item experience-sampling (ESM) questionnaire: state creativity and mood states (Zhang et al. 2020, PLOS ONE)","Chinese",NA,NA,"depressed",NA,NA,85
"zhang_2020_trait_creativity_mood","zhang_2020_trait_creativity_mood_1","depressed","12-item experience-sampling (ESM) questionnaire: state creativity and mood states (Zhang et al. 2020, PLOS ONE)","Chinese",NA,NA,"depressed",NA,NA,86
"zhang_2020_trait_creativity_mood","zhang_2020_trait_creativity_mood_1","depressed","12-item experience-sampling (ESM) questionnaire: state creativity and mood states (Zhang et al. 2020, PLOS ONE)","Chinese",NA,NA,"depressed",NA,NA,87
"zhang_2020_trait_creativity_mood","zhang_2020_trait_creativity_mood_1","depressed","12-item experience-sampling (ESM) questionnaire: state creativity and mood states (Zhang et al. 2020, PLOS ONE)","Chinese",NA,NA,"depressed",NA,NA,88
"zhang_2020_trait_creativity_mood","zhang_2020_trait_creativity_mood_1","depressed","12-item experience-sampling (ESM) questionnaire: state creativity and mood states (Zhang et al. 2020, PLOS ONE)","Chinese",NA,NA,"depressed",NA,NA,89
"zhang_2020_trait_creativity_mood","zhang_2020_trait_creativity_mood_1","depressed","12-item experience-sampling (ESM) questionnaire: state creativity and mood states (Zhang et al. 2020, PLOS ONE)","Chinese",NA,NA,"depressed",NA,NA,90
"zhang_2020_trait_creativity_mood","zhang_2020_trait_creativity_mood_1","depressed","12-item experience-sampling (ESM) questionnaire: state creativity and mood states (Zhang et al. 2020, PLOS ONE)","Chinese",NA,NA,"depressed",NA,NA,91
"zhang_2020_trait_creativity_mood","zhang_2020_trait_creativity_mood_1","depressed","12-item experience-sampling (ESM) questionnaire: state creativity and mood states (Zhang et al. 2020, PLOS ONE)","Chinese",NA,NA,"depressed",NA,NA,92
"zhang_2020_trait_creativity_mood","zhang_2020_trait_creativity_mood_1","depressed","12-item experience-sampling (ESM) questionnaire: state creativity and mood states (Zhang et al. 2020, PLOS ONE)","Chinese",NA,NA,"depressed",NA,NA,93
"zhang_2020_trait_creativity_mood","zhang_2020_trait_creativity_mood_1","depressed","12-item experience-sampling (ESM) questionnaire: state creativity and mood states (Zhang et al. 2020, PLOS ONE)","Chinese",NA,NA,"depressed",NA,NA,94
"zhang_2020_trait_creativity_mood","zhang_2020_trait_creativity_mood_1","depressed","12-item experience-sampling (ESM) questionnaire: state creativity and mood states (Zhang et al. 2020, PLOS ONE)","Chinese",NA,NA,"depressed",NA,NA,95
"zhang_2020_trait_creativity_mood","zhang_2020_trait_creativity_mood_1","depressed","12-item experience-sampling (ESM) questionnaire: state creativity and mood states (Zhang et al. 2020, PLOS ONE)","Chinese",NA,NA,"depressed",NA,NA,96
"zhang_2020_trait_creativity_mood","zhang_2020_trait_creativity_mood_1","depressed","12-item experience-sampling (ESM) questionnaire: state creativity and mood states (Zhang et al. 2020, PLOS ONE)","Chinese",NA,NA,"depressed",NA,NA,97
"zhang_2020_trait_creativity_mood","zhang_2020_trait_creativity_mood_1","depressed","12-item experience-sampling (ESM) questionnaire: state creativity and mood states (Zhang et al. 2020, PLOS ONE)","Chinese",NA,NA,"depressed",NA,NA,98
"zhang_2020_trait_creativity_mood","zhang_2020_trait_creativity_mood_1","depressed","12-item experience-sampling (ESM) questionnaire: state creativity and mood states (Zhang et al. 2020, PLOS ONE)","Chinese",NA,NA,"depressed",NA,NA,99
"zhang_2020_trait_creativity_mood","zhang_2020_trait_creativity_mood_1","depressed","12-item experience-sampling (ESM) questionnaire: state creativity and mood states (Zhang et al. 2020, PLOS ONE)","Chinese",NA,NA,"depressed",NA,"extremely",100
"zhang_2020_trait_creativity_mood","zhang_2020_trait_creativity_mood_1","interested","12-item experience-sampling (ESM) questionnaire: state creativity and mood states (Zhang et al. 2020, PLOS ONE)","Chinese",NA,NA,"interested",NA,"not at all",0
"zhang_2020_trait_creativity_mood","zhang_2020_trait_creativity_mood_1","interested","12-item experience-sampling (ESM) questionnaire: state creativity and mood states (Zhang et al. 2020, PLOS ONE)","Chinese",NA,NA,"interested",NA,NA,1
"zhang_2020_trait_creativity_mood","zhang_2020_trait_creativity_mood_1","interested","12-item experience-sampling (ESM) questionnaire: state creativity and mood states (Zhang et al. 2020, PLOS ONE)","Chinese",NA,NA,"interested",NA,NA,2
"zhang_2020_trait_creativity_mood","zhang_2020_trait_creativity_mood_1","interested","12-item experience-sampling (ESM) questionnaire: state creativity and mood states (Zhang et al. 2020, PLOS ONE)","Chinese",NA,NA,"interested",NA,NA,3
"zhang_2020_trait_creativity_mood","zhang_2020_trait_creativity_mood_1","interested","12-item experience-sampling (ESM) questionnaire: state creativity and mood states (Zhang et al. 2020, PLOS ONE)","Chinese",NA,NA,"interested",NA,NA,4
"zhang_2020_trait_creativity_mood","zhang_2020_trait_creativity_mood_1","interested","12-item experience-sampling (ESM) questionnaire: state creativity and mood states (Zhang et al. 2020, PLOS ONE)","Chinese",NA,NA,"interested",NA,NA,5
"zhang_2020_trait_creativity_mood","zhang_2020_trait_creativity_mood_1","interested","12-item experience-sampling (ESM) questionnaire: state creativity and mood states (Zhang et al. 2020, PLOS ONE)","Chinese",NA,NA,"interested",NA,NA,6
"zhang_2020_trait_creativity_mood","zhang_2020_trait_creativity_mood_1","interested","12-item experience-sampling (ESM) questionnaire: state creativity and mood states (Zhang et al. 2020, PLOS ONE)","Chinese",NA,NA,"interested",NA,NA,7
"zhang_2020_trait_creativity_mood","zhang_2020_trait_creativity_mood_1","interested","12-item experience-sampling (ESM) questionnaire: state creativity and mood states (Zhang et al. 2020, PLOS ONE)","Chinese",NA,NA,"interested",NA,NA,8
"zhang_2020_trait_creativity_mood","zhang_2020_trait_creativity_mood_1","interested","12-item experience-sampling (ESM) questionnaire: state creativity and mood states (Zhang et al. 2020, PLOS ONE)","Chinese",NA,NA,"interested",NA,NA,9
"zhang_2020_trait_creativity_mood","zhang_2020_trait_creativity_mood_1","interested","12-item experience-sampling (ESM) questionnaire: state creativity and mood states (Zhang et al. 2020, PLOS ONE)","Chinese",NA,NA,"interested",NA,NA,10
"zhang_2020_trait_creativity_mood","zhang_2020_trait_creativity_mood_1","interested","12-item experience-sampling (ESM) questionnaire: state creativity and mood states (Zhang et al. 2020, PLOS ONE)","Chinese",NA,NA,"interested",NA,NA,11
"zhang_2020_trait_creativity_mood","zhang_2020_trait_creativity_mood_1","interested","12-item experience-sampling (ESM) questionnaire: state creativity and mood states (Zhang et al. 2020, PLOS ONE)","Chinese",NA,NA,"interested",NA,NA,12
"zhang_2020_trait_creativity_mood","zhang_2020_trait_creativity_mood_1","interested","12-item experience-sampling (ESM) questionnaire: state creativity and mood states (Zhang et al. 2020, PLOS ONE)","Chinese",NA,NA,"interested",NA,NA,13
"zhang_2020_trait_creativity_mood","zhang_2020_trait_creativity_mood_1","interested","12-item experience-sampling (ESM) questionnaire: state creativity and mood states (Zhang et al. 2020, PLOS ONE)","Chinese",NA,NA,"interested",NA,NA,14
"zhang_2020_trait_creativity_mood","zhang_2020_trait_creativity_mood_1","interested","12-item experience-sampling (ESM) questionnaire: state creativity and mood states (Zhang et al. 2020, PLOS ONE)","Chinese",NA,NA,"interested",NA,NA,15
"zhang_2020_trait_creativity_mood","zhang_2020_trait_creativity_mood_1","interested","12-item experience-sampling (ESM) questionnaire: state creativity and mood states (Zhang et al. 2020, PLOS ONE)","Chinese",NA,NA,"interested",NA,NA,16
"zhang_2020_trait_creativity_mood","zhang_2020_trait_creativity_mood_1","interested","12-item experience-sampling (ESM) questionnaire: state creativity and mood states (Zhang et al. 2020, PLOS ONE)","Chinese",NA,NA,"interested",NA,NA,17
"zhang_2020_trait_creativity_mood","zhang_2020_trait_creativity_mood_1","interested","12-item experience-sampling (ESM) questionnaire: state creativity and mood states (Zhang et al. 2020, PLOS ONE)","Chinese",NA,NA,"interested",NA,NA,18
"zhang_2020_trait_creativity_mood","zhang_2020_trait_creativity_mood_1","interested","12-item experience-sampling (ESM) questionnaire: state creativity and mood states (Zhang et al. 2020, PLOS ONE)","Chinese",NA,NA,"interested",NA,NA,19
"zhang_2020_trait_creativity_mood","zhang_2020_trait_creativity_mood_1","interested","12-item experience-sampling (ESM) questionnaire: state creativity and mood states (Zhang et al. 2020, PLOS ONE)","Chinese",NA,NA,"interested",NA,NA,20
"zhang_2020_trait_creativity_mood","zhang_2020_trait_creativity_mood_1","interested","12-item experience-sampling (ESM) questionnaire: state creativity and mood states (Zhang et al. 2020, PLOS ONE)","Chinese",NA,NA,"interested",NA,NA,21
"zhang_2020_trait_creativity_mood","zhang_2020_trait_creativity_mood_1","interested","12-item experience-sampling (ESM) questionnaire: state creativity and mood states (Zhang et al. 2020, PLOS ONE)","Chinese",NA,NA,"interested",NA,NA,22
"zhang_2020_trait_creativity_mood","zhang_2020_trait_creativity_mood_1","interested","12-item experience-sampling (ESM) questionnaire: state creativity and mood states (Zhang et al. 2020, PLOS ONE)","Chinese",NA,NA,"interested",NA,NA,23
"zhang_2020_trait_creativity_mood","zhang_2020_trait_creativity_mood_1","interested","12-item experience-sampling (ESM) questionnaire: state creativity and mood states (Zhang et al. 2020, PLOS ONE)","Chinese",NA,NA,"interested",NA,NA,24
"zhang_2020_trait_creativity_mood","zhang_2020_trait_creativity_mood_1","interested","12-item experience-sampling (ESM) questionnaire: state creativity and mood states (Zhang et al. 2020, PLOS ONE)","Chinese",NA,NA,"interested",NA,NA,25
"zhang_2020_trait_creativity_mood","zhang_2020_trait_creativity_mood_1","interested","12-item experience-sampling (ESM) questionnaire: state creativity and mood states (Zhang et al. 2020, PLOS ONE)","Chinese",NA,NA,"interested",NA,NA,26
"zhang_2020_trait_creativity_mood","zhang_2020_trait_creativity_mood_1","interested","12-item experience-sampling (ESM) questionnaire: state creativity and mood states (Zhang et al. 2020, PLOS ONE)","Chinese",NA,NA,"interested",NA,NA,27
"zhang_2020_trait_creativity_mood","zhang_2020_trait_creativity_mood_1","interested","12-item experience-sampling (ESM) questionnaire: state creativity and mood states (Zhang et al. 2020, PLOS ONE)","Chinese",NA,NA,"interested",NA,NA,28
"zhang_2020_trait_creativity_mood","zhang_2020_trait_creativity_mood_1","interested","12-item experience-sampling (ESM) questionnaire: state creativity and mood states (Zhang et al. 2020, PLOS ONE)","Chinese",NA,NA,"interested",NA,NA,29
"zhang_2020_trait_creativity_mood","zhang_2020_trait_creativity_mood_1","interested","12-item experience-sampling (ESM) questionnaire: state creativity and mood states (Zhang et al. 2020, PLOS ONE)","Chinese",NA,NA,"interested",NA,NA,30
"zhang_2020_trait_creativity_mood","zhang_2020_trait_creativity_mood_1","interested","12-item experience-sampling (ESM) questionnaire: state creativity and mood states (Zhang et al. 2020, PLOS ONE)","Chinese",NA,NA,"interested",NA,NA,31
"zhang_2020_trait_creativity_mood","zhang_2020_trait_creativity_mood_1","interested","12-item experience-sampling (ESM) questionnaire: state creativity and mood states (Zhang et al. 2020, PLOS ONE)","Chinese",NA,NA,"interested",NA,NA,32
"zhang_2020_trait_creativity_mood","zhang_2020_trait_creativity_mood_1","interested","12-item experience-sampling (ESM) questionnaire: state creativity and mood states (Zhang et al. 2020, PLOS ONE)","Chinese",NA,NA,"interested",NA,NA,33
"zhang_2020_trait_creativity_mood","zhang_2020_trait_creativity_mood_1","interested","12-item experience-sampling (ESM) questionnaire: state creativity and mood states (Zhang et al. 2020, PLOS ONE)","Chinese",NA,NA,"interested",NA,NA,34
"zhang_2020_trait_creativity_mood","zhang_2020_trait_creativity_mood_1","interested","12-item experience-sampling (ESM) questionnaire: state creativity and mood states (Zhang et al. 2020, PLOS ONE)","Chinese",NA,NA,"interested",NA,NA,35
"zhang_2020_trait_creativity_mood","zhang_2020_trait_creativity_mood_1","interested","12-item experience-sampling (ESM) questionnaire: state creativity and mood states (Zhang et al. 2020, PLOS ONE)","Chinese",NA,NA,"interested",NA,NA,36
"zhang_2020_trait_creativity_mood","zhang_2020_trait_creativity_mood_1","interested","12-item experience-sampling (ESM) questionnaire: state creativity and mood states (Zhang et al. 2020, PLOS ONE)","Chinese",NA,NA,"interested",NA,NA,37
"zhang_2020_trait_creativity_mood","zhang_2020_trait_creativity_mood_1","interested","12-item experience-sampling (ESM) questionnaire: state creativity and mood states (Zhang et al. 2020, PLOS ONE)","Chinese",NA,NA,"interested",NA,NA,38
"zhang_2020_trait_creativity_mood","zhang_2020_trait_creativity_mood_1","interested","12-item experience-sampling (ESM) questionnaire: state creativity and mood states (Zhang et al. 2020, PLOS ONE)","Chinese",NA,NA,"interested",NA,NA,39
"zhang_2020_trait_creativity_mood","zhang_2020_trait_creativity_mood_1","interested","12-item experience-sampling (ESM) questionnaire: state creativity and mood states (Zhang et al. 2020, PLOS ONE)","Chinese",NA,NA,"interested",NA,NA,40
"zhang_2020_trait_creativity_mood","zhang_2020_trait_creativity_mood_1","interested","12-item experience-sampling (ESM) questionnaire: state creativity and mood states (Zhang et al. 2020, PLOS ONE)","Chinese",NA,NA,"interested",NA,NA,41
"zhang_2020_trait_creativity_mood","zhang_2020_trait_creativity_mood_1","interested","12-item experience-sampling (ESM) questionnaire: state creativity and mood states (Zhang et al. 2020, PLOS ONE)","Chinese",NA,NA,"interested",NA,NA,42
"zhang_2020_trait_creativity_mood","zhang_2020_trait_creativity_mood_1","interested","12-item experience-sampling (ESM) questionnaire: state creativity and mood states (Zhang et al. 2020, PLOS ONE)","Chinese",NA,NA,"interested",NA,NA,43
"zhang_2020_trait_creativity_mood","zhang_2020_trait_creativity_mood_1","interested","12-item experience-sampling (ESM) questionnaire: state creativity and mood states (Zhang et al. 2020, PLOS ONE)","Chinese",NA,NA,"interested",NA,NA,44
"zhang_2020_trait_creativity_mood","zhang_2020_trait_creativity_mood_1","interested","12-item experience-sampling (ESM) questionnaire: state creativity and mood states (Zhang et al. 2020, PLOS ONE)","Chinese",NA,NA,"interested",NA,NA,45
"zhang_2020_trait_creativity_mood","zhang_2020_trait_creativity_mood_1","interested","12-item experience-sampling (ESM) questionnaire: state creativity and mood states (Zhang et al. 2020, PLOS ONE)","Chinese",NA,NA,"interested",NA,NA,46
"zhang_2020_trait_creativity_mood","zhang_2020_trait_creativity_mood_1","interested","12-item experience-sampling (ESM) questionnaire: state creativity and mood states (Zhang et al. 2020, PLOS ONE)","Chinese",NA,NA,"interested",NA,NA,47
"zhang_2020_trait_creativity_mood","zhang_2020_trait_creativity_mood_1","interested","12-item experience-sampling (ESM) questionnaire: state creativity and mood states (Zhang et al. 2020, PLOS ONE)","Chinese",NA,NA,"interested",NA,NA,48
"zhang_2020_trait_creativity_mood","zhang_2020_trait_creativity_mood_1","interested","12-item experience-sampling (ESM) questionnaire: state creativity and mood states (Zhang et al. 2020, PLOS ONE)","Chinese",NA,NA,"interested",NA,NA,49
"zhang_2020_trait_creativity_mood","zhang_2020_trait_creativity_mood_1","interested","12-item experience-sampling (ESM) questionnaire: state creativity and mood states (Zhang et al. 2020, PLOS ONE)","Chinese",NA,NA,"interested",NA,NA,50
"zhang_2020_trait_creativity_mood","zhang_2020_trait_creativity_mood_1","interested","12-item experience-sampling (ESM) questionnaire: state creativity and mood states (Zhang et al. 2020, PLOS ONE)","Chinese",NA,NA,"interested",NA,NA,51
"zhang_2020_trait_creativity_mood","zhang_2020_trait_creativity_mood_1","interested","12-item experience-sampling (ESM) questionnaire: state creativity and mood states (Zhang et al. 2020, PLOS ONE)","Chinese",NA,NA,"interested",NA,NA,52
"zhang_2020_trait_creativity_mood","zhang_2020_trait_creativity_mood_1","interested","12-item experience-sampling (ESM) questionnaire: state creativity and mood states (Zhang et al. 2020, PLOS ONE)","Chinese",NA,NA,"interested",NA,NA,53
"zhang_2020_trait_creativity_mood","zhang_2020_trait_creativity_mood_1","interested","12-item experience-sampling (ESM) questionnaire: state creativity and mood states (Zhang et al. 2020, PLOS ONE)","Chinese",NA,NA,"interested",NA,NA,54
"zhang_2020_trait_creativity_mood","zhang_2020_trait_creativity_mood_1","interested","12-item experience-sampling (ESM) questionnaire: state creativity and mood states (Zhang et al. 2020, PLOS ONE)","Chinese",NA,NA,"interested",NA,NA,55
"zhang_2020_trait_creativity_mood","zhang_2020_trait_creativity_mood_1","interested","12-item experience-sampling (ESM) questionnaire: state creativity and mood states (Zhang et al. 2020, PLOS ONE)","Chinese",NA,NA,"interested",NA,NA,56
"zhang_2020_trait_creativity_mood","zhang_2020_trait_creativity_mood_1","interested","12-item experience-sampling (ESM) questionnaire: state creativity and mood states (Zhang et al. 2020, PLOS ONE)","Chinese",NA,NA,"interested",NA,NA,57
"zhang_2020_trait_creativity_mood","zhang_2020_trait_creativity_mood_1","interested","12-item experience-sampling (ESM) questionnaire: state creativity and mood states (Zhang et al. 2020, PLOS ONE)","Chinese",NA,NA,"interested",NA,NA,58
"zhang_2020_trait_creativity_mood","zhang_2020_trait_creativity_mood_1","interested","12-item experience-sampling (ESM) questionnaire: state creativity and mood states (Zhang et al. 2020, PLOS ONE)","Chinese",NA,NA,"interested",NA,NA,59
"zhang_2020_trait_creativity_mood","zhang_2020_trait_creativity_mood_1","interested","12-item experience-sampling (ESM) questionnaire: state creativity and mood states (Zhang et al. 2020, PLOS ONE)","Chinese",NA,NA,"interested",NA,NA,60
"zhang_2020_trait_creativity_mood","zhang_2020_trait_creativity_mood_1","interested","12-item experience-sampling (ESM) questionnaire: state creativity and mood states (Zhang et al. 2020, PLOS ONE)","Chinese",NA,NA,"interested",NA,NA,61
"zhang_2020_trait_creativity_mood","zhang_2020_trait_creativity_mood_1","interested","12-item experience-sampling (ESM) questionnaire: state creativity and mood states (Zhang et al. 2020, PLOS ONE)","Chinese",NA,NA,"interested",NA,NA,62
"zhang_2020_trait_creativity_mood","zhang_2020_trait_creativity_mood_1","interested","12-item experience-sampling (ESM) questionnaire: state creativity and mood states (Zhang et al. 2020, PLOS ONE)","Chinese",NA,NA,"interested",NA,NA,63
"zhang_2020_trait_creativity_mood","zhang_2020_trait_creativity_mood_1","interested","12-item experience-sampling (ESM) questionnaire: state creativity and mood states (Zhang et al. 2020, PLOS ONE)","Chinese",NA,NA,"interested",NA,NA,64
"zhang_2020_trait_creativity_mood","zhang_2020_trait_creativity_mood_1","interested","12-item experience-sampling (ESM) questionnaire: state creativity and mood states (Zhang et al. 2020, PLOS ONE)","Chinese",NA,NA,"interested",NA,NA,65
"zhang_2020_trait_creativity_mood","zhang_2020_trait_creativity_mood_1","interested","12-item experience-sampling (ESM) questionnaire: state creativity and mood states (Zhang et al. 2020, PLOS ONE)","Chinese",NA,NA,"interested",NA,NA,66
"zhang_2020_trait_creativity_mood","zhang_2020_trait_creativity_mood_1","interested","12-item experience-sampling (ESM) questionnaire: state creativity and mood states (Zhang et al. 2020, PLOS ONE)","Chinese",NA,NA,"interested",NA,NA,67
"zhang_2020_trait_creativity_mood","zhang_2020_trait_creativity_mood_1","interested","12-item experience-sampling (ESM) questionnaire: state creativity and mood states (Zhang et al. 2020, PLOS ONE)","Chinese",NA,NA,"interested",NA,NA,68
"zhang_2020_trait_creativity_mood","zhang_2020_trait_creativity_mood_1","interested","12-item experience-sampling (ESM) questionnaire: state creativity and mood states (Zhang et al. 2020, PLOS ONE)","Chinese",NA,NA,"interested",NA,NA,69
"zhang_2020_trait_creativity_mood","zhang_2020_trait_creativity_mood_1","interested","12-item experience-sampling (ESM) questionnaire: state creativity and mood states (Zhang et al. 2020, PLOS ONE)","Chinese",NA,NA,"interested",NA,NA,70
"zhang_2020_trait_creativity_mood","zhang_2020_trait_creativity_mood_1","interested","12-item experience-sampling (ESM) questionnaire: state creativity and mood states (Zhang et al. 2020, PLOS ONE)","Chinese",NA,NA,"interested",NA,NA,71
"zhang_2020_trait_creativity_mood","zhang_2020_trait_creativity_mood_1","interested","12-item experience-sampling (ESM) questionnaire: state creativity and mood states (Zhang et al. 2020, PLOS ONE)","Chinese",NA,NA,"interested",NA,NA,72
"zhang_2020_trait_creativity_mood","zhang_2020_trait_creativity_mood_1","interested","12-item experience-sampling (ESM) questionnaire: state creativity and mood states (Zhang et al. 2020, PLOS ONE)","Chinese",NA,NA,"interested",NA,NA,73
"zhang_2020_trait_creativity_mood","zhang_2020_trait_creativity_mood_1","interested","12-item experience-sampling (ESM) questionnaire: state creativity and mood states (Zhang et al. 2020, PLOS ONE)","Chinese",NA,NA,"interested",NA,NA,74
"zhang_2020_trait_creativity_mood","zhang_2020_trait_creativity_mood_1","interested","12-item experience-sampling (ESM) questionnaire: state creativity and mood states (Zhang et al. 2020, PLOS ONE)","Chinese",NA,NA,"interested",NA,NA,75
"zhang_2020_trait_creativity_mood","zhang_2020_trait_creativity_mood_1","interested","12-item experience-sampling (ESM) questionnaire: state creativity and mood states (Zhang et al. 2020, PLOS ONE)","Chinese",NA,NA,"interested",NA,NA,76
"zhang_2020_trait_creativity_mood","zhang_2020_trait_creativity_mood_1","interested","12-item experience-sampling (ESM) questionnaire: state creativity and mood states (Zhang et al. 2020, PLOS ONE)","Chinese",NA,NA,"interested",NA,NA,77
"zhang_2020_trait_creativity_mood","zhang_2020_trait_creativity_mood_1","interested","12-item experience-sampling (ESM) questionnaire: state creativity and mood states (Zhang et al. 2020, PLOS ONE)","Chinese",NA,NA,"interested",NA,NA,78
"zhang_2020_trait_creativity_mood","zhang_2020_trait_creativity_mood_1","interested","12-item experience-sampling (ESM) questionnaire: state creativity and mood states (Zhang et al. 2020, PLOS ONE)","Chinese",NA,NA,"interested",NA,NA,79
"zhang_2020_trait_creativity_mood","zhang_2020_trait_creativity_mood_1","interested","12-item experience-sampling (ESM) questionnaire: state creativity and mood states (Zhang et al. 2020, PLOS ONE)","Chinese",NA,NA,"interested",NA,NA,80
"zhang_2020_trait_creativity_mood","zhang_2020_trait_creativity_mood_1","interested","12-item experience-sampling (ESM) questionnaire: state creativity and mood states (Zhang et al. 2020, PLOS ONE)","Chinese",NA,NA,"interested",NA,NA,81
"zhang_2020_trait_creativity_mood","zhang_2020_trait_creativity_mood_1","interested","12-item experience-sampling (ESM) questionnaire: state creativity and mood states (Zhang et al. 2020, PLOS ONE)","Chinese",NA,NA,"interested",NA,NA,82
"zhang_2020_trait_creativity_mood","zhang_2020_trait_creativity_mood_1","interested","12-item experience-sampling (ESM) questionnaire: state creativity and mood states (Zhang et al. 2020, PLOS ONE)","Chinese",NA,NA,"interested",NA,NA,83
"zhang_2020_trait_creativity_mood","zhang_2020_trait_creativity_mood_1","interested","12-item experience-sampling (ESM) questionnaire: state creativity and mood states (Zhang et al. 2020, PLOS ONE)","Chinese",NA,NA,"interested",NA,NA,84
"zhang_2020_trait_creativity_mood","zhang_2020_trait_creativity_mood_1","interested","12-item experience-sampling (ESM) questionnaire: state creativity and mood states (Zhang et al. 2020, PLOS ONE)","Chinese",NA,NA,"interested",NA,NA,85
"zhang_2020_trait_creativity_mood","zhang_2020_trait_creativity_mood_1","interested","12-item experience-sampling (ESM) questionnaire: state creativity and mood states (Zhang et al. 2020, PLOS ONE)","Chinese",NA,NA,"interested",NA,NA,86
"zhang_2020_trait_creativity_mood","zhang_2020_trait_creativity_mood_1","interested","12-item experience-sampling (ESM) questionnaire: state creativity and mood states (Zhang et al. 2020, PLOS ONE)","Chinese",NA,NA,"interested",NA,NA,87
"zhang_2020_trait_creativity_mood","zhang_2020_trait_creativity_mood_1","interested","12-item experience-sampling (ESM) questionnaire: state creativity and mood states (Zhang et al. 2020, PLOS ONE)","Chinese",NA,NA,"interested",NA,NA,88
"zhang_2020_trait_creativity_mood","zhang_2020_trait_creativity_mood_1","interested","12-item experience-sampling (ESM) questionnaire: state creativity and mood states (Zhang et al. 2020, PLOS ONE)","Chinese",NA,NA,"interested",NA,NA,89
"zhang_2020_trait_creativity_mood","zhang_2020_trait_creativity_mood_1","interested","12-item experience-sampling (ESM) questionnaire: state creativity and mood states (Zhang et al. 2020, PLOS ONE)","Chinese",NA,NA,"interested",NA,NA,90
"zhang_2020_trait_creativity_mood","zhang_2020_trait_creativity_mood_1","interested","12-item experience-sampling (ESM) questionnaire: state creativity and mood states (Zhang et al. 2020, PLOS ONE)","Chinese",NA,NA,"interested",NA,NA,91
"zhang_2020_trait_creativity_mood","zhang_2020_trait_creativity_mood_1","interested","12-item experience-sampling (ESM) questionnaire: state creativity and mood states (Zhang et al. 2020, PLOS ONE)","Chinese",NA,NA,"interested",NA,NA,92
"zhang_2020_trait_creativity_mood","zhang_2020_trait_creativity_mood_1","interested","12-item experience-sampling (ESM) questionnaire: state creativity and mood states (Zhang et al. 2020, PLOS ONE)","Chinese",NA,NA,"interested",NA,NA,93
"zhang_2020_trait_creativity_mood","zhang_2020_trait_creativity_mood_1","interested","12-item experience-sampling (ESM) questionnaire: state creativity and mood states (Zhang et al. 2020, PLOS ONE)","Chinese",NA,NA,"interested",NA,NA,94
"zhang_2020_trait_creativity_mood","zhang_2020_trait_creativity_mood_1","interested","12-item experience-sampling (ESM) questionnaire: state creativity and mood states (Zhang et al. 2020, PLOS ONE)","Chinese",NA,NA,"interested",NA,NA,95
"zhang_2020_trait_creativity_mood","zhang_2020_trait_creativity_mood_1","interested","12-item experience-sampling (ESM) questionnaire: state creativity and mood states (Zhang et al. 2020, PLOS ONE)","Chinese",NA,NA,"interested",NA,NA,96
"zhang_2020_trait_creativity_mood","zhang_2020_trait_creativity_mood_1","interested","12-item experience-sampling (ESM) questionnaire: state creativity and mood states (Zhang et al. 2020, PLOS ONE)","Chinese",NA,NA,"interested",NA,NA,97
"zhang_2020_trait_creativity_mood","zhang_2020_trait_creativity_mood_1","interested","12-item experience-sampling (ESM) questionnaire: state creativity and mood states (Zhang et al. 2020, PLOS ONE)","Chinese",NA,NA,"interested",NA,NA,98
"zhang_2020_trait_creativity_mood","zhang_2020_trait_creativity_mood_1","interested","12-item experience-sampling (ESM) questionnaire: state creativity and mood states (Zhang et al. 2020, PLOS ONE)","Chinese",NA,NA,"interested",NA,NA,99
"zhang_2020_trait_creativity_mood","zhang_2020_trait_creativity_mood_1","interested","12-item experience-sampling (ESM) questionnaire: state creativity and mood states (Zhang et al. 2020, PLOS ONE)","Chinese",NA,NA,"interested",NA,"extremely",100
