"table","section_id","item","instrument","instructions","section_prompt","item_text","correct_response","option_text","resp"
"nomt_hooper_2024_study2","nomt_hooper_2024_study2_1",12,"Novel Object Memory Test (NOMT), adapted from Richler, Wilmer & Gauthier (2017), with the novel categories Greebles, Ziggerins and Sheinbugs; English and Spanish instruction versions (Hooper, Tomarken & Gauthier 2024, Behavior Research Methods 57:36), deposit doi:10.6084/m9.figshare.24395098.v2","Participants first studied six target objects from a novel category, then in each test trial selected which of three objects shown was one of the six targets. Targets and distractors were shown from the same angle within a trial. Trials were not timed and each item was scored 0 (incorrect) or 1 (correct); chance is 1/3.",NA,"[three-alternative forced-choice recognition trial: three novel objects are shown and the participant picks the one studied earlier. The stimuli are images, so there is no administered item wording.]",NA,NA,0
"nomt_hooper_2024_study2","nomt_hooper_2024_study2_1",12,"Novel Object Memory Test (NOMT), adapted from Richler, Wilmer & Gauthier (2017), with the novel categories Greebles, Ziggerins and Sheinbugs; English and Spanish instruction versions (Hooper, Tomarken & Gauthier 2024, Behavior Research Methods 57:36), deposit doi:10.6084/m9.figshare.24395098.v2","Participants first studied six target objects from a novel category, then in each test trial selected which of three objects shown was one of the six targets. Targets and distractors were shown from the same angle within a trial. Trials were not timed and each item was scored 0 (incorrect) or 1 (correct); chance is 1/3.",NA,"[three-alternative forced-choice recognition trial: three novel objects are shown and the participant picks the one studied earlier. The stimuli are images, so there is no administered item wording.]",NA,NA,1
"nomt_hooper_2024_study2","nomt_hooper_2024_study2_1",13,"Novel Object Memory Test (NOMT), adapted from Richler, Wilmer & Gauthier (2017), with the novel categories Greebles, Ziggerins and Sheinbugs; English and Spanish instruction versions (Hooper, Tomarken & Gauthier 2024, Behavior Research Methods 57:36), deposit doi:10.6084/m9.figshare.24395098.v2","Participants first studied six target objects from a novel category, then in each test trial selected which of three objects shown was one of the six targets. Targets and distractors were shown from the same angle within a trial. Trials were not timed and each item was scored 0 (incorrect) or 1 (correct); chance is 1/3.",NA,"[three-alternative forced-choice recognition trial: three novel objects are shown and the participant picks the one studied earlier. The stimuli are images, so there is no administered item wording.]",NA,NA,0
"nomt_hooper_2024_study2","nomt_hooper_2024_study2_1",13,"Novel Object Memory Test (NOMT), adapted from Richler, Wilmer & Gauthier (2017), with the novel categories Greebles, Ziggerins and Sheinbugs; English and Spanish instruction versions (Hooper, Tomarken & Gauthier 2024, Behavior Research Methods 57:36), deposit doi:10.6084/m9.figshare.24395098.v2","Participants first studied six target objects from a novel category, then in each test trial selected which of three objects shown was one of the six targets. Targets and distractors were shown from the same angle within a trial. Trials were not timed and each item was scored 0 (incorrect) or 1 (correct); chance is 1/3.",NA,"[three-alternative forced-choice recognition trial: three novel objects are shown and the participant picks the one studied earlier. The stimuli are images, so there is no administered item wording.]",NA,NA,1
"nomt_hooper_2024_study2","nomt_hooper_2024_study2_1",14,"Novel Object Memory Test (NOMT), adapted from Richler, Wilmer & Gauthier (2017), with the novel categories Greebles, Ziggerins and Sheinbugs; English and Spanish instruction versions (Hooper, Tomarken & Gauthier 2024, Behavior Research Methods 57:36), deposit doi:10.6084/m9.figshare.24395098.v2","Participants first studied six target objects from a novel category, then in each test trial selected which of three objects shown was one of the six targets. Targets and distractors were shown from the same angle within a trial. Trials were not timed and each item was scored 0 (incorrect) or 1 (correct); chance is 1/3.",NA,"[three-alternative forced-choice recognition trial: three novel objects are shown and the participant picks the one studied earlier. The stimuli are images, so there is no administered item wording.]",NA,NA,0
"nomt_hooper_2024_study2","nomt_hooper_2024_study2_1",14,"Novel Object Memory Test (NOMT), adapted from Richler, Wilmer & Gauthier (2017), with the novel categories Greebles, Ziggerins and Sheinbugs; English and Spanish instruction versions (Hooper, Tomarken & Gauthier 2024, Behavior Research Methods 57:36), deposit doi:10.6084/m9.figshare.24395098.v2","Participants first studied six target objects from a novel category, then in each test trial selected which of three objects shown was one of the six targets. Targets and distractors were shown from the same angle within a trial. Trials were not timed and each item was scored 0 (incorrect) or 1 (correct); chance is 1/3.",NA,"[three-alternative forced-choice recognition trial: three novel objects are shown and the participant picks the one studied earlier. The stimuli are images, so there is no administered item wording.]",NA,NA,1
"nomt_hooper_2024_study2","nomt_hooper_2024_study2_1",19,"Novel Object Memory Test (NOMT), adapted from Richler, Wilmer & Gauthier (2017), with the novel categories Greebles, Ziggerins and Sheinbugs; English and Spanish instruction versions (Hooper, Tomarken & Gauthier 2024, Behavior Research Methods 57:36), deposit doi:10.6084/m9.figshare.24395098.v2","Participants first studied six target objects from a novel category, then in each test trial selected which of three objects shown was one of the six targets. Targets and distractors were shown from the same angle within a trial. Trials were not timed and each item was scored 0 (incorrect) or 1 (correct); chance is 1/3.",NA,"[three-alternative forced-choice recognition trial: three novel objects are shown and the participant picks the one studied earlier. The stimuli are images, so there is no administered item wording.]",NA,NA,0
"nomt_hooper_2024_study2","nomt_hooper_2024_study2_1",19,"Novel Object Memory Test (NOMT), adapted from Richler, Wilmer & Gauthier (2017), with the novel categories Greebles, Ziggerins and Sheinbugs; English and Spanish instruction versions (Hooper, Tomarken & Gauthier 2024, Behavior Research Methods 57:36), deposit doi:10.6084/m9.figshare.24395098.v2","Participants first studied six target objects from a novel category, then in each test trial selected which of three objects shown was one of the six targets. Targets and distractors were shown from the same angle within a trial. Trials were not timed and each item was scored 0 (incorrect) or 1 (correct); chance is 1/3.",NA,"[three-alternative forced-choice recognition trial: three novel objects are shown and the participant picks the one studied earlier. The stimuli are images, so there is no administered item wording.]",NA,NA,1
"nomt_hooper_2024_study2","nomt_hooper_2024_study2_1",20,"Novel Object Memory Test (NOMT), adapted from Richler, Wilmer & Gauthier (2017), with the novel categories Greebles, Ziggerins and Sheinbugs; English and Spanish instruction versions (Hooper, Tomarken & Gauthier 2024, Behavior Research Methods 57:36), deposit doi:10.6084/m9.figshare.24395098.v2","Participants first studied six target objects from a novel category, then in each test trial selected which of three objects shown was one of the six targets. Targets and distractors were shown from the same angle within a trial. Trials were not timed and each item was scored 0 (incorrect) or 1 (correct); chance is 1/3.",NA,"[three-alternative forced-choice recognition trial: three novel objects are shown and the participant picks the one studied earlier. The stimuli are images, so there is no administered item wording.]",NA,NA,0
"nomt_hooper_2024_study2","nomt_hooper_2024_study2_1",20,"Novel Object Memory Test (NOMT), adapted from Richler, Wilmer & Gauthier (2017), with the novel categories Greebles, Ziggerins and Sheinbugs; English and Spanish instruction versions (Hooper, Tomarken & Gauthier 2024, Behavior Research Methods 57:36), deposit doi:10.6084/m9.figshare.24395098.v2","Participants first studied six target objects from a novel category, then in each test trial selected which of three objects shown was one of the six targets. Targets and distractors were shown from the same angle within a trial. Trials were not timed and each item was scored 0 (incorrect) or 1 (correct); chance is 1/3.",NA,"[three-alternative forced-choice recognition trial: three novel objects are shown and the participant picks the one studied earlier. The stimuli are images, so there is no administered item wording.]",NA,NA,1
"nomt_hooper_2024_study2","nomt_hooper_2024_study2_1",21,"Novel Object Memory Test (NOMT), adapted from Richler, Wilmer & Gauthier (2017), with the novel categories Greebles, Ziggerins and Sheinbugs; English and Spanish instruction versions (Hooper, Tomarken & Gauthier 2024, Behavior Research Methods 57:36), deposit doi:10.6084/m9.figshare.24395098.v2","Participants first studied six target objects from a novel category, then in each test trial selected which of three objects shown was one of the six targets. Targets and distractors were shown from the same angle within a trial. Trials were not timed and each item was scored 0 (incorrect) or 1 (correct); chance is 1/3.",NA,"[three-alternative forced-choice recognition trial: three novel objects are shown and the participant picks the one studied earlier. The stimuli are images, so there is no administered item wording.]",NA,NA,0
"nomt_hooper_2024_study2","nomt_hooper_2024_study2_1",21,"Novel Object Memory Test (NOMT), adapted from Richler, Wilmer & Gauthier (2017), with the novel categories Greebles, Ziggerins and Sheinbugs; English and Spanish instruction versions (Hooper, Tomarken & Gauthier 2024, Behavior Research Methods 57:36), deposit doi:10.6084/m9.figshare.24395098.v2","Participants first studied six target objects from a novel category, then in each test trial selected which of three objects shown was one of the six targets. Targets and distractors were shown from the same angle within a trial. Trials were not timed and each item was scored 0 (incorrect) or 1 (correct); chance is 1/3.",NA,"[three-alternative forced-choice recognition trial: three novel objects are shown and the participant picks the one studied earlier. The stimuli are images, so there is no administered item wording.]",NA,NA,1
"nomt_hooper_2024_study2","nomt_hooper_2024_study2_1",26,"Novel Object Memory Test (NOMT), adapted from Richler, Wilmer & Gauthier (2017), with the novel categories Greebles, Ziggerins and Sheinbugs; English and Spanish instruction versions (Hooper, Tomarken & Gauthier 2024, Behavior Research Methods 57:36), deposit doi:10.6084/m9.figshare.24395098.v2","Participants first studied six target objects from a novel category, then in each test trial selected which of three objects shown was one of the six targets. Targets and distractors were shown from the same angle within a trial. Trials were not timed and each item was scored 0 (incorrect) or 1 (correct); chance is 1/3.",NA,"[three-alternative forced-choice recognition trial: three novel objects are shown and the participant picks the one studied earlier. The stimuli are images, so there is no administered item wording.]",NA,NA,0
"nomt_hooper_2024_study2","nomt_hooper_2024_study2_1",26,"Novel Object Memory Test (NOMT), adapted from Richler, Wilmer & Gauthier (2017), with the novel categories Greebles, Ziggerins and Sheinbugs; English and Spanish instruction versions (Hooper, Tomarken & Gauthier 2024, Behavior Research Methods 57:36), deposit doi:10.6084/m9.figshare.24395098.v2","Participants first studied six target objects from a novel category, then in each test trial selected which of three objects shown was one of the six targets. Targets and distractors were shown from the same angle within a trial. Trials were not timed and each item was scored 0 (incorrect) or 1 (correct); chance is 1/3.",NA,"[three-alternative forced-choice recognition trial: three novel objects are shown and the participant picks the one studied earlier. The stimuli are images, so there is no administered item wording.]",NA,NA,1
"nomt_hooper_2024_study2","nomt_hooper_2024_study2_1",27,"Novel Object Memory Test (NOMT), adapted from Richler, Wilmer & Gauthier (2017), with the novel categories Greebles, Ziggerins and Sheinbugs; English and Spanish instruction versions (Hooper, Tomarken & Gauthier 2024, Behavior Research Methods 57:36), deposit doi:10.6084/m9.figshare.24395098.v2","Participants first studied six target objects from a novel category, then in each test trial selected which of three objects shown was one of the six targets. Targets and distractors were shown from the same angle within a trial. Trials were not timed and each item was scored 0 (incorrect) or 1 (correct); chance is 1/3.",NA,"[three-alternative forced-choice recognition trial: three novel objects are shown and the participant picks the one studied earlier. The stimuli are images, so there is no administered item wording.]",NA,NA,0
"nomt_hooper_2024_study2","nomt_hooper_2024_study2_1",27,"Novel Object Memory Test (NOMT), adapted from Richler, Wilmer & Gauthier (2017), with the novel categories Greebles, Ziggerins and Sheinbugs; English and Spanish instruction versions (Hooper, Tomarken & Gauthier 2024, Behavior Research Methods 57:36), deposit doi:10.6084/m9.figshare.24395098.v2","Participants first studied six target objects from a novel category, then in each test trial selected which of three objects shown was one of the six targets. Targets and distractors were shown from the same angle within a trial. Trials were not timed and each item was scored 0 (incorrect) or 1 (correct); chance is 1/3.",NA,"[three-alternative forced-choice recognition trial: three novel objects are shown and the participant picks the one studied earlier. The stimuli are images, so there is no administered item wording.]",NA,NA,1
"nomt_hooper_2024_study2","nomt_hooper_2024_study2_1",28,"Novel Object Memory Test (NOMT), adapted from Richler, Wilmer & Gauthier (2017), with the novel categories Greebles, Ziggerins and Sheinbugs; English and Spanish instruction versions (Hooper, Tomarken & Gauthier 2024, Behavior Research Methods 57:36), deposit doi:10.6084/m9.figshare.24395098.v2","Participants first studied six target objects from a novel category, then in each test trial selected which of three objects shown was one of the six targets. Targets and distractors were shown from the same angle within a trial. Trials were not timed and each item was scored 0 (incorrect) or 1 (correct); chance is 1/3.",NA,"[three-alternative forced-choice recognition trial: three novel objects are shown and the participant picks the one studied earlier. The stimuli are images, so there is no administered item wording.]",NA,NA,0
"nomt_hooper_2024_study2","nomt_hooper_2024_study2_1",28,"Novel Object Memory Test (NOMT), adapted from Richler, Wilmer & Gauthier (2017), with the novel categories Greebles, Ziggerins and Sheinbugs; English and Spanish instruction versions (Hooper, Tomarken & Gauthier 2024, Behavior Research Methods 57:36), deposit doi:10.6084/m9.figshare.24395098.v2","Participants first studied six target objects from a novel category, then in each test trial selected which of three objects shown was one of the six targets. Targets and distractors were shown from the same angle within a trial. Trials were not timed and each item was scored 0 (incorrect) or 1 (correct); chance is 1/3.",NA,"[three-alternative forced-choice recognition trial: three novel objects are shown and the participant picks the one studied earlier. The stimuli are images, so there is no administered item wording.]",NA,NA,1
"nomt_hooper_2024_study2","nomt_hooper_2024_study2_1",33,"Novel Object Memory Test (NOMT), adapted from Richler, Wilmer & Gauthier (2017), with the novel categories Greebles, Ziggerins and Sheinbugs; English and Spanish instruction versions (Hooper, Tomarken & Gauthier 2024, Behavior Research Methods 57:36), deposit doi:10.6084/m9.figshare.24395098.v2","Participants first studied six target objects from a novel category, then in each test trial selected which of three objects shown was one of the six targets. Targets and distractors were shown from the same angle within a trial. Trials were not timed and each item was scored 0 (incorrect) or 1 (correct); chance is 1/3.",NA,"[three-alternative forced-choice recognition trial: three novel objects are shown and the participant picks the one studied earlier. The stimuli are images, so there is no administered item wording.]",NA,NA,0
"nomt_hooper_2024_study2","nomt_hooper_2024_study2_1",33,"Novel Object Memory Test (NOMT), adapted from Richler, Wilmer & Gauthier (2017), with the novel categories Greebles, Ziggerins and Sheinbugs; English and Spanish instruction versions (Hooper, Tomarken & Gauthier 2024, Behavior Research Methods 57:36), deposit doi:10.6084/m9.figshare.24395098.v2","Participants first studied six target objects from a novel category, then in each test trial selected which of three objects shown was one of the six targets. Targets and distractors were shown from the same angle within a trial. Trials were not timed and each item was scored 0 (incorrect) or 1 (correct); chance is 1/3.",NA,"[three-alternative forced-choice recognition trial: three novel objects are shown and the participant picks the one studied earlier. The stimuli are images, so there is no administered item wording.]",NA,NA,1
"nomt_hooper_2024_study2","nomt_hooper_2024_study2_1",34,"Novel Object Memory Test (NOMT), adapted from Richler, Wilmer & Gauthier (2017), with the novel categories Greebles, Ziggerins and Sheinbugs; English and Spanish instruction versions (Hooper, Tomarken & Gauthier 2024, Behavior Research Methods 57:36), deposit doi:10.6084/m9.figshare.24395098.v2","Participants first studied six target objects from a novel category, then in each test trial selected which of three objects shown was one of the six targets. Targets and distractors were shown from the same angle within a trial. Trials were not timed and each item was scored 0 (incorrect) or 1 (correct); chance is 1/3.",NA,"[three-alternative forced-choice recognition trial: three novel objects are shown and the participant picks the one studied earlier. The stimuli are images, so there is no administered item wording.]",NA,NA,0
"nomt_hooper_2024_study2","nomt_hooper_2024_study2_1",34,"Novel Object Memory Test (NOMT), adapted from Richler, Wilmer & Gauthier (2017), with the novel categories Greebles, Ziggerins and Sheinbugs; English and Spanish instruction versions (Hooper, Tomarken & Gauthier 2024, Behavior Research Methods 57:36), deposit doi:10.6084/m9.figshare.24395098.v2","Participants first studied six target objects from a novel category, then in each test trial selected which of three objects shown was one of the six targets. Targets and distractors were shown from the same angle within a trial. Trials were not timed and each item was scored 0 (incorrect) or 1 (correct); chance is 1/3.",NA,"[three-alternative forced-choice recognition trial: three novel objects are shown and the participant picks the one studied earlier. The stimuli are images, so there is no administered item wording.]",NA,NA,1
"nomt_hooper_2024_study2","nomt_hooper_2024_study2_1",35,"Novel Object Memory Test (NOMT), adapted from Richler, Wilmer & Gauthier (2017), with the novel categories Greebles, Ziggerins and Sheinbugs; English and Spanish instruction versions (Hooper, Tomarken & Gauthier 2024, Behavior Research Methods 57:36), deposit doi:10.6084/m9.figshare.24395098.v2","Participants first studied six target objects from a novel category, then in each test trial selected which of three objects shown was one of the six targets. Targets and distractors were shown from the same angle within a trial. Trials were not timed and each item was scored 0 (incorrect) or 1 (correct); chance is 1/3.",NA,"[three-alternative forced-choice recognition trial: three novel objects are shown and the participant picks the one studied earlier. The stimuli are images, so there is no administered item wording.]",NA,NA,0
"nomt_hooper_2024_study2","nomt_hooper_2024_study2_1",35,"Novel Object Memory Test (NOMT), adapted from Richler, Wilmer & Gauthier (2017), with the novel categories Greebles, Ziggerins and Sheinbugs; English and Spanish instruction versions (Hooper, Tomarken & Gauthier 2024, Behavior Research Methods 57:36), deposit doi:10.6084/m9.figshare.24395098.v2","Participants first studied six target objects from a novel category, then in each test trial selected which of three objects shown was one of the six targets. Targets and distractors were shown from the same angle within a trial. Trials were not timed and each item was scored 0 (incorrect) or 1 (correct); chance is 1/3.",NA,"[three-alternative forced-choice recognition trial: three novel objects are shown and the participant picks the one studied earlier. The stimuli are images, so there is no administered item wording.]",NA,NA,1
"nomt_hooper_2024_study2","nomt_hooper_2024_study2_1",40,"Novel Object Memory Test (NOMT), adapted from Richler, Wilmer & Gauthier (2017), with the novel categories Greebles, Ziggerins and Sheinbugs; English and Spanish instruction versions (Hooper, Tomarken & Gauthier 2024, Behavior Research Methods 57:36), deposit doi:10.6084/m9.figshare.24395098.v2","Participants first studied six target objects from a novel category, then in each test trial selected which of three objects shown was one of the six targets. Targets and distractors were shown from the same angle within a trial. Trials were not timed and each item was scored 0 (incorrect) or 1 (correct); chance is 1/3.",NA,"[three-alternative forced-choice recognition trial: three novel objects are shown and the participant picks the one studied earlier. The stimuli are images, so there is no administered item wording.]",NA,NA,0
"nomt_hooper_2024_study2","nomt_hooper_2024_study2_1",40,"Novel Object Memory Test (NOMT), adapted from Richler, Wilmer & Gauthier (2017), with the novel categories Greebles, Ziggerins and Sheinbugs; English and Spanish instruction versions (Hooper, Tomarken & Gauthier 2024, Behavior Research Methods 57:36), deposit doi:10.6084/m9.figshare.24395098.v2","Participants first studied six target objects from a novel category, then in each test trial selected which of three objects shown was one of the six targets. Targets and distractors were shown from the same angle within a trial. Trials were not timed and each item was scored 0 (incorrect) or 1 (correct); chance is 1/3.",NA,"[three-alternative forced-choice recognition trial: three novel objects are shown and the participant picks the one studied earlier. The stimuli are images, so there is no administered item wording.]",NA,NA,1
"nomt_hooper_2024_study2","nomt_hooper_2024_study2_1",41,"Novel Object Memory Test (NOMT), adapted from Richler, Wilmer & Gauthier (2017), with the novel categories Greebles, Ziggerins and Sheinbugs; English and Spanish instruction versions (Hooper, Tomarken & Gauthier 2024, Behavior Research Methods 57:36), deposit doi:10.6084/m9.figshare.24395098.v2","Participants first studied six target objects from a novel category, then in each test trial selected which of three objects shown was one of the six targets. Targets and distractors were shown from the same angle within a trial. Trials were not timed and each item was scored 0 (incorrect) or 1 (correct); chance is 1/3.",NA,"[three-alternative forced-choice recognition trial: three novel objects are shown and the participant picks the one studied earlier. The stimuli are images, so there is no administered item wording.]",NA,NA,0
"nomt_hooper_2024_study2","nomt_hooper_2024_study2_1",41,"Novel Object Memory Test (NOMT), adapted from Richler, Wilmer & Gauthier (2017), with the novel categories Greebles, Ziggerins and Sheinbugs; English and Spanish instruction versions (Hooper, Tomarken & Gauthier 2024, Behavior Research Methods 57:36), deposit doi:10.6084/m9.figshare.24395098.v2","Participants first studied six target objects from a novel category, then in each test trial selected which of three objects shown was one of the six targets. Targets and distractors were shown from the same angle within a trial. Trials were not timed and each item was scored 0 (incorrect) or 1 (correct); chance is 1/3.",NA,"[three-alternative forced-choice recognition trial: three novel objects are shown and the participant picks the one studied earlier. The stimuli are images, so there is no administered item wording.]",NA,NA,1
"nomt_hooper_2024_study2","nomt_hooper_2024_study2_1",42,"Novel Object Memory Test (NOMT), adapted from Richler, Wilmer & Gauthier (2017), with the novel categories Greebles, Ziggerins and Sheinbugs; English and Spanish instruction versions (Hooper, Tomarken & Gauthier 2024, Behavior Research Methods 57:36), deposit doi:10.6084/m9.figshare.24395098.v2","Participants first studied six target objects from a novel category, then in each test trial selected which of three objects shown was one of the six targets. Targets and distractors were shown from the same angle within a trial. Trials were not timed and each item was scored 0 (incorrect) or 1 (correct); chance is 1/3.",NA,"[three-alternative forced-choice recognition trial: three novel objects are shown and the participant picks the one studied earlier. The stimuli are images, so there is no administered item wording.]",NA,NA,0
"nomt_hooper_2024_study2","nomt_hooper_2024_study2_1",42,"Novel Object Memory Test (NOMT), adapted from Richler, Wilmer & Gauthier (2017), with the novel categories Greebles, Ziggerins and Sheinbugs; English and Spanish instruction versions (Hooper, Tomarken & Gauthier 2024, Behavior Research Methods 57:36), deposit doi:10.6084/m9.figshare.24395098.v2","Participants first studied six target objects from a novel category, then in each test trial selected which of three objects shown was one of the six targets. Targets and distractors were shown from the same angle within a trial. Trials were not timed and each item was scored 0 (incorrect) or 1 (correct); chance is 1/3.",NA,"[three-alternative forced-choice recognition trial: three novel objects are shown and the participant picks the one studied earlier. The stimuli are images, so there is no administered item wording.]",NA,NA,1
"nomt_hooper_2024_study2","nomt_hooper_2024_study2_1",47,"Novel Object Memory Test (NOMT), adapted from Richler, Wilmer & Gauthier (2017), with the novel categories Greebles, Ziggerins and Sheinbugs; English and Spanish instruction versions (Hooper, Tomarken & Gauthier 2024, Behavior Research Methods 57:36), deposit doi:10.6084/m9.figshare.24395098.v2","Participants first studied six target objects from a novel category, then in each test trial selected which of three objects shown was one of the six targets. Targets and distractors were shown from the same angle within a trial. Trials were not timed and each item was scored 0 (incorrect) or 1 (correct); chance is 1/3.",NA,"[three-alternative forced-choice recognition trial: three novel objects are shown and the participant picks the one studied earlier. The stimuli are images, so there is no administered item wording.]",NA,NA,0
"nomt_hooper_2024_study2","nomt_hooper_2024_study2_1",47,"Novel Object Memory Test (NOMT), adapted from Richler, Wilmer & Gauthier (2017), with the novel categories Greebles, Ziggerins and Sheinbugs; English and Spanish instruction versions (Hooper, Tomarken & Gauthier 2024, Behavior Research Methods 57:36), deposit doi:10.6084/m9.figshare.24395098.v2","Participants first studied six target objects from a novel category, then in each test trial selected which of three objects shown was one of the six targets. Targets and distractors were shown from the same angle within a trial. Trials were not timed and each item was scored 0 (incorrect) or 1 (correct); chance is 1/3.",NA,"[three-alternative forced-choice recognition trial: three novel objects are shown and the participant picks the one studied earlier. The stimuli are images, so there is no administered item wording.]",NA,NA,1
"nomt_hooper_2024_study2","nomt_hooper_2024_study2_1",48,"Novel Object Memory Test (NOMT), adapted from Richler, Wilmer & Gauthier (2017), with the novel categories Greebles, Ziggerins and Sheinbugs; English and Spanish instruction versions (Hooper, Tomarken & Gauthier 2024, Behavior Research Methods 57:36), deposit doi:10.6084/m9.figshare.24395098.v2","Participants first studied six target objects from a novel category, then in each test trial selected which of three objects shown was one of the six targets. Targets and distractors were shown from the same angle within a trial. Trials were not timed and each item was scored 0 (incorrect) or 1 (correct); chance is 1/3.",NA,"[three-alternative forced-choice recognition trial: three novel objects are shown and the participant picks the one studied earlier. The stimuli are images, so there is no administered item wording.]",NA,NA,0
"nomt_hooper_2024_study2","nomt_hooper_2024_study2_1",48,"Novel Object Memory Test (NOMT), adapted from Richler, Wilmer & Gauthier (2017), with the novel categories Greebles, Ziggerins and Sheinbugs; English and Spanish instruction versions (Hooper, Tomarken & Gauthier 2024, Behavior Research Methods 57:36), deposit doi:10.6084/m9.figshare.24395098.v2","Participants first studied six target objects from a novel category, then in each test trial selected which of three objects shown was one of the six targets. Targets and distractors were shown from the same angle within a trial. Trials were not timed and each item was scored 0 (incorrect) or 1 (correct); chance is 1/3.",NA,"[three-alternative forced-choice recognition trial: three novel objects are shown and the participant picks the one studied earlier. The stimuli are images, so there is no administered item wording.]",NA,NA,1
"nomt_hooper_2024_study2","nomt_hooper_2024_study2_1",49,"Novel Object Memory Test (NOMT), adapted from Richler, Wilmer & Gauthier (2017), with the novel categories Greebles, Ziggerins and Sheinbugs; English and Spanish instruction versions (Hooper, Tomarken & Gauthier 2024, Behavior Research Methods 57:36), deposit doi:10.6084/m9.figshare.24395098.v2","Participants first studied six target objects from a novel category, then in each test trial selected which of three objects shown was one of the six targets. Targets and distractors were shown from the same angle within a trial. Trials were not timed and each item was scored 0 (incorrect) or 1 (correct); chance is 1/3.",NA,"[three-alternative forced-choice recognition trial: three novel objects are shown and the participant picks the one studied earlier. The stimuli are images, so there is no administered item wording.]",NA,NA,0
"nomt_hooper_2024_study2","nomt_hooper_2024_study2_1",49,"Novel Object Memory Test (NOMT), adapted from Richler, Wilmer & Gauthier (2017), with the novel categories Greebles, Ziggerins and Sheinbugs; English and Spanish instruction versions (Hooper, Tomarken & Gauthier 2024, Behavior Research Methods 57:36), deposit doi:10.6084/m9.figshare.24395098.v2","Participants first studied six target objects from a novel category, then in each test trial selected which of three objects shown was one of the six targets. Targets and distractors were shown from the same angle within a trial. Trials were not timed and each item was scored 0 (incorrect) or 1 (correct); chance is 1/3.",NA,"[three-alternative forced-choice recognition trial: three novel objects are shown and the participant picks the one studied earlier. The stimuli are images, so there is no administered item wording.]",NA,NA,1
"nomt_hooper_2024_study2","nomt_hooper_2024_study2_1",53,"Novel Object Memory Test (NOMT), adapted from Richler, Wilmer & Gauthier (2017), with the novel categories Greebles, Ziggerins and Sheinbugs; English and Spanish instruction versions (Hooper, Tomarken & Gauthier 2024, Behavior Research Methods 57:36), deposit doi:10.6084/m9.figshare.24395098.v2","Participants first studied six target objects from a novel category, then in each test trial selected which of three objects shown was one of the six targets. Targets and distractors were shown from the same angle within a trial. Trials were not timed and each item was scored 0 (incorrect) or 1 (correct); chance is 1/3.",NA,"[three-alternative forced-choice recognition trial: three novel objects are shown and the participant picks the one studied earlier. The stimuli are images, so there is no administered item wording.]",NA,NA,0
"nomt_hooper_2024_study2","nomt_hooper_2024_study2_1",53,"Novel Object Memory Test (NOMT), adapted from Richler, Wilmer & Gauthier (2017), with the novel categories Greebles, Ziggerins and Sheinbugs; English and Spanish instruction versions (Hooper, Tomarken & Gauthier 2024, Behavior Research Methods 57:36), deposit doi:10.6084/m9.figshare.24395098.v2","Participants first studied six target objects from a novel category, then in each test trial selected which of three objects shown was one of the six targets. Targets and distractors were shown from the same angle within a trial. Trials were not timed and each item was scored 0 (incorrect) or 1 (correct); chance is 1/3.",NA,"[three-alternative forced-choice recognition trial: three novel objects are shown and the participant picks the one studied earlier. The stimuli are images, so there is no administered item wording.]",NA,NA,1
"nomt_hooper_2024_study2","nomt_hooper_2024_study2_1",54,"Novel Object Memory Test (NOMT), adapted from Richler, Wilmer & Gauthier (2017), with the novel categories Greebles, Ziggerins and Sheinbugs; English and Spanish instruction versions (Hooper, Tomarken & Gauthier 2024, Behavior Research Methods 57:36), deposit doi:10.6084/m9.figshare.24395098.v2","Participants first studied six target objects from a novel category, then in each test trial selected which of three objects shown was one of the six targets. Targets and distractors were shown from the same angle within a trial. Trials were not timed and each item was scored 0 (incorrect) or 1 (correct); chance is 1/3.",NA,"[three-alternative forced-choice recognition trial: three novel objects are shown and the participant picks the one studied earlier. The stimuli are images, so there is no administered item wording.]",NA,NA,0
"nomt_hooper_2024_study2","nomt_hooper_2024_study2_1",54,"Novel Object Memory Test (NOMT), adapted from Richler, Wilmer & Gauthier (2017), with the novel categories Greebles, Ziggerins and Sheinbugs; English and Spanish instruction versions (Hooper, Tomarken & Gauthier 2024, Behavior Research Methods 57:36), deposit doi:10.6084/m9.figshare.24395098.v2","Participants first studied six target objects from a novel category, then in each test trial selected which of three objects shown was one of the six targets. Targets and distractors were shown from the same angle within a trial. Trials were not timed and each item was scored 0 (incorrect) or 1 (correct); chance is 1/3.",NA,"[three-alternative forced-choice recognition trial: three novel objects are shown and the participant picks the one studied earlier. The stimuli are images, so there is no administered item wording.]",NA,NA,1
"nomt_hooper_2024_study2","nomt_hooper_2024_study2_1",55,"Novel Object Memory Test (NOMT), adapted from Richler, Wilmer & Gauthier (2017), with the novel categories Greebles, Ziggerins and Sheinbugs; English and Spanish instruction versions (Hooper, Tomarken & Gauthier 2024, Behavior Research Methods 57:36), deposit doi:10.6084/m9.figshare.24395098.v2","Participants first studied six target objects from a novel category, then in each test trial selected which of three objects shown was one of the six targets. Targets and distractors were shown from the same angle within a trial. Trials were not timed and each item was scored 0 (incorrect) or 1 (correct); chance is 1/3.",NA,"[three-alternative forced-choice recognition trial: three novel objects are shown and the participant picks the one studied earlier. The stimuli are images, so there is no administered item wording.]",NA,NA,0
"nomt_hooper_2024_study2","nomt_hooper_2024_study2_1",55,"Novel Object Memory Test (NOMT), adapted from Richler, Wilmer & Gauthier (2017), with the novel categories Greebles, Ziggerins and Sheinbugs; English and Spanish instruction versions (Hooper, Tomarken & Gauthier 2024, Behavior Research Methods 57:36), deposit doi:10.6084/m9.figshare.24395098.v2","Participants first studied six target objects from a novel category, then in each test trial selected which of three objects shown was one of the six targets. Targets and distractors were shown from the same angle within a trial. Trials were not timed and each item was scored 0 (incorrect) or 1 (correct); chance is 1/3.",NA,"[three-alternative forced-choice recognition trial: three novel objects are shown and the participant picks the one studied earlier. The stimuli are images, so there is no administered item wording.]",NA,NA,1
"nomt_hooper_2024_study2","nomt_hooper_2024_study2_1",56,"Novel Object Memory Test (NOMT), adapted from Richler, Wilmer & Gauthier (2017), with the novel categories Greebles, Ziggerins and Sheinbugs; English and Spanish instruction versions (Hooper, Tomarken & Gauthier 2024, Behavior Research Methods 57:36), deposit doi:10.6084/m9.figshare.24395098.v2","Participants first studied six target objects from a novel category, then in each test trial selected which of three objects shown was one of the six targets. Targets and distractors were shown from the same angle within a trial. Trials were not timed and each item was scored 0 (incorrect) or 1 (correct); chance is 1/3.",NA,"[three-alternative forced-choice recognition trial: three novel objects are shown and the participant picks the one studied earlier. The stimuli are images, so there is no administered item wording.]",NA,NA,0
"nomt_hooper_2024_study2","nomt_hooper_2024_study2_1",56,"Novel Object Memory Test (NOMT), adapted from Richler, Wilmer & Gauthier (2017), with the novel categories Greebles, Ziggerins and Sheinbugs; English and Spanish instruction versions (Hooper, Tomarken & Gauthier 2024, Behavior Research Methods 57:36), deposit doi:10.6084/m9.figshare.24395098.v2","Participants first studied six target objects from a novel category, then in each test trial selected which of three objects shown was one of the six targets. Targets and distractors were shown from the same angle within a trial. Trials were not timed and each item was scored 0 (incorrect) or 1 (correct); chance is 1/3.",NA,"[three-alternative forced-choice recognition trial: three novel objects are shown and the participant picks the one studied earlier. The stimuli are images, so there is no administered item wording.]",NA,NA,1
"nomt_hooper_2024_study2","nomt_hooper_2024_study2_1",57,"Novel Object Memory Test (NOMT), adapted from Richler, Wilmer & Gauthier (2017), with the novel categories Greebles, Ziggerins and Sheinbugs; English and Spanish instruction versions (Hooper, Tomarken & Gauthier 2024, Behavior Research Methods 57:36), deposit doi:10.6084/m9.figshare.24395098.v2","Participants first studied six target objects from a novel category, then in each test trial selected which of three objects shown was one of the six targets. Targets and distractors were shown from the same angle within a trial. Trials were not timed and each item was scored 0 (incorrect) or 1 (correct); chance is 1/3.",NA,"[three-alternative forced-choice recognition trial: three novel objects are shown and the participant picks the one studied earlier. The stimuli are images, so there is no administered item wording.]",NA,NA,0
"nomt_hooper_2024_study2","nomt_hooper_2024_study2_1",57,"Novel Object Memory Test (NOMT), adapted from Richler, Wilmer & Gauthier (2017), with the novel categories Greebles, Ziggerins and Sheinbugs; English and Spanish instruction versions (Hooper, Tomarken & Gauthier 2024, Behavior Research Methods 57:36), deposit doi:10.6084/m9.figshare.24395098.v2","Participants first studied six target objects from a novel category, then in each test trial selected which of three objects shown was one of the six targets. Targets and distractors were shown from the same angle within a trial. Trials were not timed and each item was scored 0 (incorrect) or 1 (correct); chance is 1/3.",NA,"[three-alternative forced-choice recognition trial: three novel objects are shown and the participant picks the one studied earlier. The stimuli are images, so there is no administered item wording.]",NA,NA,1
"nomt_hooper_2024_study2","nomt_hooper_2024_study2_1",58,"Novel Object Memory Test (NOMT), adapted from Richler, Wilmer & Gauthier (2017), with the novel categories Greebles, Ziggerins and Sheinbugs; English and Spanish instruction versions (Hooper, Tomarken & Gauthier 2024, Behavior Research Methods 57:36), deposit doi:10.6084/m9.figshare.24395098.v2","Participants first studied six target objects from a novel category, then in each test trial selected which of three objects shown was one of the six targets. Targets and distractors were shown from the same angle within a trial. Trials were not timed and each item was scored 0 (incorrect) or 1 (correct); chance is 1/3.",NA,"[three-alternative forced-choice recognition trial: three novel objects are shown and the participant picks the one studied earlier. The stimuli are images, so there is no administered item wording.]",NA,NA,0
"nomt_hooper_2024_study2","nomt_hooper_2024_study2_1",58,"Novel Object Memory Test (NOMT), adapted from Richler, Wilmer & Gauthier (2017), with the novel categories Greebles, Ziggerins and Sheinbugs; English and Spanish instruction versions (Hooper, Tomarken & Gauthier 2024, Behavior Research Methods 57:36), deposit doi:10.6084/m9.figshare.24395098.v2","Participants first studied six target objects from a novel category, then in each test trial selected which of three objects shown was one of the six targets. Targets and distractors were shown from the same angle within a trial. Trials were not timed and each item was scored 0 (incorrect) or 1 (correct); chance is 1/3.",NA,"[three-alternative forced-choice recognition trial: three novel objects are shown and the participant picks the one studied earlier. The stimuli are images, so there is no administered item wording.]",NA,NA,1
"nomt_hooper_2024_study2","nomt_hooper_2024_study2_1",59,"Novel Object Memory Test (NOMT), adapted from Richler, Wilmer & Gauthier (2017), with the novel categories Greebles, Ziggerins and Sheinbugs; English and Spanish instruction versions (Hooper, Tomarken & Gauthier 2024, Behavior Research Methods 57:36), deposit doi:10.6084/m9.figshare.24395098.v2","Participants first studied six target objects from a novel category, then in each test trial selected which of three objects shown was one of the six targets. Targets and distractors were shown from the same angle within a trial. Trials were not timed and each item was scored 0 (incorrect) or 1 (correct); chance is 1/3.",NA,"[three-alternative forced-choice recognition trial: three novel objects are shown and the participant picks the one studied earlier. The stimuli are images, so there is no administered item wording.]",NA,NA,0
"nomt_hooper_2024_study2","nomt_hooper_2024_study2_1",59,"Novel Object Memory Test (NOMT), adapted from Richler, Wilmer & Gauthier (2017), with the novel categories Greebles, Ziggerins and Sheinbugs; English and Spanish instruction versions (Hooper, Tomarken & Gauthier 2024, Behavior Research Methods 57:36), deposit doi:10.6084/m9.figshare.24395098.v2","Participants first studied six target objects from a novel category, then in each test trial selected which of three objects shown was one of the six targets. Targets and distractors were shown from the same angle within a trial. Trials were not timed and each item was scored 0 (incorrect) or 1 (correct); chance is 1/3.",NA,"[three-alternative forced-choice recognition trial: three novel objects are shown and the participant picks the one studied earlier. The stimuli are images, so there is no administered item wording.]",NA,NA,1
"nomt_hooper_2024_study2","nomt_hooper_2024_study2_1",60,"Novel Object Memory Test (NOMT), adapted from Richler, Wilmer & Gauthier (2017), with the novel categories Greebles, Ziggerins and Sheinbugs; English and Spanish instruction versions (Hooper, Tomarken & Gauthier 2024, Behavior Research Methods 57:36), deposit doi:10.6084/m9.figshare.24395098.v2","Participants first studied six target objects from a novel category, then in each test trial selected which of three objects shown was one of the six targets. Targets and distractors were shown from the same angle within a trial. Trials were not timed and each item was scored 0 (incorrect) or 1 (correct); chance is 1/3.",NA,"[three-alternative forced-choice recognition trial: three novel objects are shown and the participant picks the one studied earlier. The stimuli are images, so there is no administered item wording.]",NA,NA,0
"nomt_hooper_2024_study2","nomt_hooper_2024_study2_1",60,"Novel Object Memory Test (NOMT), adapted from Richler, Wilmer & Gauthier (2017), with the novel categories Greebles, Ziggerins and Sheinbugs; English and Spanish instruction versions (Hooper, Tomarken & Gauthier 2024, Behavior Research Methods 57:36), deposit doi:10.6084/m9.figshare.24395098.v2","Participants first studied six target objects from a novel category, then in each test trial selected which of three objects shown was one of the six targets. Targets and distractors were shown from the same angle within a trial. Trials were not timed and each item was scored 0 (incorrect) or 1 (correct); chance is 1/3.",NA,"[three-alternative forced-choice recognition trial: three novel objects are shown and the participant picks the one studied earlier. The stimuli are images, so there is no administered item wording.]",NA,NA,1
"nomt_hooper_2024_study2","nomt_hooper_2024_study2_1",61,"Novel Object Memory Test (NOMT), adapted from Richler, Wilmer & Gauthier (2017), with the novel categories Greebles, Ziggerins and Sheinbugs; English and Spanish instruction versions (Hooper, Tomarken & Gauthier 2024, Behavior Research Methods 57:36), deposit doi:10.6084/m9.figshare.24395098.v2","Participants first studied six target objects from a novel category, then in each test trial selected which of three objects shown was one of the six targets. Targets and distractors were shown from the same angle within a trial. Trials were not timed and each item was scored 0 (incorrect) or 1 (correct); chance is 1/3.",NA,"[three-alternative forced-choice recognition trial: three novel objects are shown and the participant picks the one studied earlier. The stimuli are images, so there is no administered item wording.]",NA,NA,0
"nomt_hooper_2024_study2","nomt_hooper_2024_study2_1",61,"Novel Object Memory Test (NOMT), adapted from Richler, Wilmer & Gauthier (2017), with the novel categories Greebles, Ziggerins and Sheinbugs; English and Spanish instruction versions (Hooper, Tomarken & Gauthier 2024, Behavior Research Methods 57:36), deposit doi:10.6084/m9.figshare.24395098.v2","Participants first studied six target objects from a novel category, then in each test trial selected which of three objects shown was one of the six targets. Targets and distractors were shown from the same angle within a trial. Trials were not timed and each item was scored 0 (incorrect) or 1 (correct); chance is 1/3.",NA,"[three-alternative forced-choice recognition trial: three novel objects are shown and the participant picks the one studied earlier. The stimuli are images, so there is no administered item wording.]",NA,NA,1
"nomt_hooper_2024_study2","nomt_hooper_2024_study2_1",62,"Novel Object Memory Test (NOMT), adapted from Richler, Wilmer & Gauthier (2017), with the novel categories Greebles, Ziggerins and Sheinbugs; English and Spanish instruction versions (Hooper, Tomarken & Gauthier 2024, Behavior Research Methods 57:36), deposit doi:10.6084/m9.figshare.24395098.v2","Participants first studied six target objects from a novel category, then in each test trial selected which of three objects shown was one of the six targets. Targets and distractors were shown from the same angle within a trial. Trials were not timed and each item was scored 0 (incorrect) or 1 (correct); chance is 1/3.",NA,"[three-alternative forced-choice recognition trial: three novel objects are shown and the participant picks the one studied earlier. The stimuli are images, so there is no administered item wording.]",NA,NA,0
"nomt_hooper_2024_study2","nomt_hooper_2024_study2_1",62,"Novel Object Memory Test (NOMT), adapted from Richler, Wilmer & Gauthier (2017), with the novel categories Greebles, Ziggerins and Sheinbugs; English and Spanish instruction versions (Hooper, Tomarken & Gauthier 2024, Behavior Research Methods 57:36), deposit doi:10.6084/m9.figshare.24395098.v2","Participants first studied six target objects from a novel category, then in each test trial selected which of three objects shown was one of the six targets. Targets and distractors were shown from the same angle within a trial. Trials were not timed and each item was scored 0 (incorrect) or 1 (correct); chance is 1/3.",NA,"[three-alternative forced-choice recognition trial: three novel objects are shown and the participant picks the one studied earlier. The stimuli are images, so there is no administered item wording.]",NA,NA,1
"nomt_hooper_2024_study2","nomt_hooper_2024_study2_1",63,"Novel Object Memory Test (NOMT), adapted from Richler, Wilmer & Gauthier (2017), with the novel categories Greebles, Ziggerins and Sheinbugs; English and Spanish instruction versions (Hooper, Tomarken & Gauthier 2024, Behavior Research Methods 57:36), deposit doi:10.6084/m9.figshare.24395098.v2","Participants first studied six target objects from a novel category, then in each test trial selected which of three objects shown was one of the six targets. Targets and distractors were shown from the same angle within a trial. Trials were not timed and each item was scored 0 (incorrect) or 1 (correct); chance is 1/3.",NA,"[three-alternative forced-choice recognition trial: three novel objects are shown and the participant picks the one studied earlier. The stimuli are images, so there is no administered item wording.]",NA,NA,0
"nomt_hooper_2024_study2","nomt_hooper_2024_study2_1",63,"Novel Object Memory Test (NOMT), adapted from Richler, Wilmer & Gauthier (2017), with the novel categories Greebles, Ziggerins and Sheinbugs; English and Spanish instruction versions (Hooper, Tomarken & Gauthier 2024, Behavior Research Methods 57:36), deposit doi:10.6084/m9.figshare.24395098.v2","Participants first studied six target objects from a novel category, then in each test trial selected which of three objects shown was one of the six targets. Targets and distractors were shown from the same angle within a trial. Trials were not timed and each item was scored 0 (incorrect) or 1 (correct); chance is 1/3.",NA,"[three-alternative forced-choice recognition trial: three novel objects are shown and the participant picks the one studied earlier. The stimuli are images, so there is no administered item wording.]",NA,NA,1
"nomt_hooper_2024_study2","nomt_hooper_2024_study2_1",64,"Novel Object Memory Test (NOMT), adapted from Richler, Wilmer & Gauthier (2017), with the novel categories Greebles, Ziggerins and Sheinbugs; English and Spanish instruction versions (Hooper, Tomarken & Gauthier 2024, Behavior Research Methods 57:36), deposit doi:10.6084/m9.figshare.24395098.v2","Participants first studied six target objects from a novel category, then in each test trial selected which of three objects shown was one of the six targets. Targets and distractors were shown from the same angle within a trial. Trials were not timed and each item was scored 0 (incorrect) or 1 (correct); chance is 1/3.",NA,"[three-alternative forced-choice recognition trial: three novel objects are shown and the participant picks the one studied earlier. The stimuli are images, so there is no administered item wording.]",NA,NA,0
"nomt_hooper_2024_study2","nomt_hooper_2024_study2_1",64,"Novel Object Memory Test (NOMT), adapted from Richler, Wilmer & Gauthier (2017), with the novel categories Greebles, Ziggerins and Sheinbugs; English and Spanish instruction versions (Hooper, Tomarken & Gauthier 2024, Behavior Research Methods 57:36), deposit doi:10.6084/m9.figshare.24395098.v2","Participants first studied six target objects from a novel category, then in each test trial selected which of three objects shown was one of the six targets. Targets and distractors were shown from the same angle within a trial. Trials were not timed and each item was scored 0 (incorrect) or 1 (correct); chance is 1/3.",NA,"[three-alternative forced-choice recognition trial: three novel objects are shown and the participant picks the one studied earlier. The stimuli are images, so there is no administered item wording.]",NA,NA,1
"nomt_hooper_2024_study2","nomt_hooper_2024_study2_1",65,"Novel Object Memory Test (NOMT), adapted from Richler, Wilmer & Gauthier (2017), with the novel categories Greebles, Ziggerins and Sheinbugs; English and Spanish instruction versions (Hooper, Tomarken & Gauthier 2024, Behavior Research Methods 57:36), deposit doi:10.6084/m9.figshare.24395098.v2","Participants first studied six target objects from a novel category, then in each test trial selected which of three objects shown was one of the six targets. Targets and distractors were shown from the same angle within a trial. Trials were not timed and each item was scored 0 (incorrect) or 1 (correct); chance is 1/3.",NA,"[three-alternative forced-choice recognition trial: three novel objects are shown and the participant picks the one studied earlier. The stimuli are images, so there is no administered item wording.]",NA,NA,0
"nomt_hooper_2024_study2","nomt_hooper_2024_study2_1",65,"Novel Object Memory Test (NOMT), adapted from Richler, Wilmer & Gauthier (2017), with the novel categories Greebles, Ziggerins and Sheinbugs; English and Spanish instruction versions (Hooper, Tomarken & Gauthier 2024, Behavior Research Methods 57:36), deposit doi:10.6084/m9.figshare.24395098.v2","Participants first studied six target objects from a novel category, then in each test trial selected which of three objects shown was one of the six targets. Targets and distractors were shown from the same angle within a trial. Trials were not timed and each item was scored 0 (incorrect) or 1 (correct); chance is 1/3.",NA,"[three-alternative forced-choice recognition trial: three novel objects are shown and the participant picks the one studied earlier. The stimuli are images, so there is no administered item wording.]",NA,NA,1
"nomt_hooper_2024_study2","nomt_hooper_2024_study2_1",66,"Novel Object Memory Test (NOMT), adapted from Richler, Wilmer & Gauthier (2017), with the novel categories Greebles, Ziggerins and Sheinbugs; English and Spanish instruction versions (Hooper, Tomarken & Gauthier 2024, Behavior Research Methods 57:36), deposit doi:10.6084/m9.figshare.24395098.v2","Participants first studied six target objects from a novel category, then in each test trial selected which of three objects shown was one of the six targets. Targets and distractors were shown from the same angle within a trial. Trials were not timed and each item was scored 0 (incorrect) or 1 (correct); chance is 1/3.",NA,"[three-alternative forced-choice recognition trial: three novel objects are shown and the participant picks the one studied earlier. The stimuli are images, so there is no administered item wording.]",NA,NA,0
"nomt_hooper_2024_study2","nomt_hooper_2024_study2_1",66,"Novel Object Memory Test (NOMT), adapted from Richler, Wilmer & Gauthier (2017), with the novel categories Greebles, Ziggerins and Sheinbugs; English and Spanish instruction versions (Hooper, Tomarken & Gauthier 2024, Behavior Research Methods 57:36), deposit doi:10.6084/m9.figshare.24395098.v2","Participants first studied six target objects from a novel category, then in each test trial selected which of three objects shown was one of the six targets. Targets and distractors were shown from the same angle within a trial. Trials were not timed and each item was scored 0 (incorrect) or 1 (correct); chance is 1/3.",NA,"[three-alternative forced-choice recognition trial: three novel objects are shown and the participant picks the one studied earlier. The stimuli are images, so there is no administered item wording.]",NA,NA,1
"nomt_hooper_2024_study2","nomt_hooper_2024_study2_1",67,"Novel Object Memory Test (NOMT), adapted from Richler, Wilmer & Gauthier (2017), with the novel categories Greebles, Ziggerins and Sheinbugs; English and Spanish instruction versions (Hooper, Tomarken & Gauthier 2024, Behavior Research Methods 57:36), deposit doi:10.6084/m9.figshare.24395098.v2","Participants first studied six target objects from a novel category, then in each test trial selected which of three objects shown was one of the six targets. Targets and distractors were shown from the same angle within a trial. Trials were not timed and each item was scored 0 (incorrect) or 1 (correct); chance is 1/3.",NA,"[three-alternative forced-choice recognition trial: three novel objects are shown and the participant picks the one studied earlier. The stimuli are images, so there is no administered item wording.]",NA,NA,0
"nomt_hooper_2024_study2","nomt_hooper_2024_study2_1",67,"Novel Object Memory Test (NOMT), adapted from Richler, Wilmer & Gauthier (2017), with the novel categories Greebles, Ziggerins and Sheinbugs; English and Spanish instruction versions (Hooper, Tomarken & Gauthier 2024, Behavior Research Methods 57:36), deposit doi:10.6084/m9.figshare.24395098.v2","Participants first studied six target objects from a novel category, then in each test trial selected which of three objects shown was one of the six targets. Targets and distractors were shown from the same angle within a trial. Trials were not timed and each item was scored 0 (incorrect) or 1 (correct); chance is 1/3.",NA,"[three-alternative forced-choice recognition trial: three novel objects are shown and the participant picks the one studied earlier. The stimuli are images, so there is no administered item wording.]",NA,NA,1
"nomt_hooper_2024_study2","nomt_hooper_2024_study2_1",68,"Novel Object Memory Test (NOMT), adapted from Richler, Wilmer & Gauthier (2017), with the novel categories Greebles, Ziggerins and Sheinbugs; English and Spanish instruction versions (Hooper, Tomarken & Gauthier 2024, Behavior Research Methods 57:36), deposit doi:10.6084/m9.figshare.24395098.v2","Participants first studied six target objects from a novel category, then in each test trial selected which of three objects shown was one of the six targets. Targets and distractors were shown from the same angle within a trial. Trials were not timed and each item was scored 0 (incorrect) or 1 (correct); chance is 1/3.",NA,"[three-alternative forced-choice recognition trial: three novel objects are shown and the participant picks the one studied earlier. The stimuli are images, so there is no administered item wording.]",NA,NA,0
"nomt_hooper_2024_study2","nomt_hooper_2024_study2_1",68,"Novel Object Memory Test (NOMT), adapted from Richler, Wilmer & Gauthier (2017), with the novel categories Greebles, Ziggerins and Sheinbugs; English and Spanish instruction versions (Hooper, Tomarken & Gauthier 2024, Behavior Research Methods 57:36), deposit doi:10.6084/m9.figshare.24395098.v2","Participants first studied six target objects from a novel category, then in each test trial selected which of three objects shown was one of the six targets. Targets and distractors were shown from the same angle within a trial. Trials were not timed and each item was scored 0 (incorrect) or 1 (correct); chance is 1/3.",NA,"[three-alternative forced-choice recognition trial: three novel objects are shown and the participant picks the one studied earlier. The stimuli are images, so there is no administered item wording.]",NA,NA,1
"nomt_hooper_2024_study2","nomt_hooper_2024_study2_1",69,"Novel Object Memory Test (NOMT), adapted from Richler, Wilmer & Gauthier (2017), with the novel categories Greebles, Ziggerins and Sheinbugs; English and Spanish instruction versions (Hooper, Tomarken & Gauthier 2024, Behavior Research Methods 57:36), deposit doi:10.6084/m9.figshare.24395098.v2","Participants first studied six target objects from a novel category, then in each test trial selected which of three objects shown was one of the six targets. Targets and distractors were shown from the same angle within a trial. Trials were not timed and each item was scored 0 (incorrect) or 1 (correct); chance is 1/3.",NA,"[three-alternative forced-choice recognition trial: three novel objects are shown and the participant picks the one studied earlier. The stimuli are images, so there is no administered item wording.]",NA,NA,0
"nomt_hooper_2024_study2","nomt_hooper_2024_study2_1",69,"Novel Object Memory Test (NOMT), adapted from Richler, Wilmer & Gauthier (2017), with the novel categories Greebles, Ziggerins and Sheinbugs; English and Spanish instruction versions (Hooper, Tomarken & Gauthier 2024, Behavior Research Methods 57:36), deposit doi:10.6084/m9.figshare.24395098.v2","Participants first studied six target objects from a novel category, then in each test trial selected which of three objects shown was one of the six targets. Targets and distractors were shown from the same angle within a trial. Trials were not timed and each item was scored 0 (incorrect) or 1 (correct); chance is 1/3.",NA,"[three-alternative forced-choice recognition trial: three novel objects are shown and the participant picks the one studied earlier. The stimuli are images, so there is no administered item wording.]",NA,NA,1
"nomt_hooper_2024_study2","nomt_hooper_2024_study2_1",70,"Novel Object Memory Test (NOMT), adapted from Richler, Wilmer & Gauthier (2017), with the novel categories Greebles, Ziggerins and Sheinbugs; English and Spanish instruction versions (Hooper, Tomarken & Gauthier 2024, Behavior Research Methods 57:36), deposit doi:10.6084/m9.figshare.24395098.v2","Participants first studied six target objects from a novel category, then in each test trial selected which of three objects shown was one of the six targets. Targets and distractors were shown from the same angle within a trial. Trials were not timed and each item was scored 0 (incorrect) or 1 (correct); chance is 1/3.",NA,"[three-alternative forced-choice recognition trial: three novel objects are shown and the participant picks the one studied earlier. The stimuli are images, so there is no administered item wording.]",NA,NA,0
"nomt_hooper_2024_study2","nomt_hooper_2024_study2_1",70,"Novel Object Memory Test (NOMT), adapted from Richler, Wilmer & Gauthier (2017), with the novel categories Greebles, Ziggerins and Sheinbugs; English and Spanish instruction versions (Hooper, Tomarken & Gauthier 2024, Behavior Research Methods 57:36), deposit doi:10.6084/m9.figshare.24395098.v2","Participants first studied six target objects from a novel category, then in each test trial selected which of three objects shown was one of the six targets. Targets and distractors were shown from the same angle within a trial. Trials were not timed and each item was scored 0 (incorrect) or 1 (correct); chance is 1/3.",NA,"[three-alternative forced-choice recognition trial: three novel objects are shown and the participant picks the one studied earlier. The stimuli are images, so there is no administered item wording.]",NA,NA,1
"nomt_hooper_2024_study2","nomt_hooper_2024_study2_1",73,"Novel Object Memory Test (NOMT), adapted from Richler, Wilmer & Gauthier (2017), with the novel categories Greebles, Ziggerins and Sheinbugs; English and Spanish instruction versions (Hooper, Tomarken & Gauthier 2024, Behavior Research Methods 57:36), deposit doi:10.6084/m9.figshare.24395098.v2","Participants first studied six target objects from a novel category, then in each test trial selected which of three objects shown was one of the six targets. Targets and distractors were shown from the same angle within a trial. Trials were not timed and each item was scored 0 (incorrect) or 1 (correct); chance is 1/3.",NA,"[three-alternative forced-choice recognition trial: three novel objects are shown and the participant picks the one studied earlier. The stimuli are images, so there is no administered item wording.]",NA,NA,0
"nomt_hooper_2024_study2","nomt_hooper_2024_study2_1",73,"Novel Object Memory Test (NOMT), adapted from Richler, Wilmer & Gauthier (2017), with the novel categories Greebles, Ziggerins and Sheinbugs; English and Spanish instruction versions (Hooper, Tomarken & Gauthier 2024, Behavior Research Methods 57:36), deposit doi:10.6084/m9.figshare.24395098.v2","Participants first studied six target objects from a novel category, then in each test trial selected which of three objects shown was one of the six targets. Targets and distractors were shown from the same angle within a trial. Trials were not timed and each item was scored 0 (incorrect) or 1 (correct); chance is 1/3.",NA,"[three-alternative forced-choice recognition trial: three novel objects are shown and the participant picks the one studied earlier. The stimuli are images, so there is no administered item wording.]",NA,NA,1
"nomt_hooper_2024_study2","nomt_hooper_2024_study2_1",74,"Novel Object Memory Test (NOMT), adapted from Richler, Wilmer & Gauthier (2017), with the novel categories Greebles, Ziggerins and Sheinbugs; English and Spanish instruction versions (Hooper, Tomarken & Gauthier 2024, Behavior Research Methods 57:36), deposit doi:10.6084/m9.figshare.24395098.v2","Participants first studied six target objects from a novel category, then in each test trial selected which of three objects shown was one of the six targets. Targets and distractors were shown from the same angle within a trial. Trials were not timed and each item was scored 0 (incorrect) or 1 (correct); chance is 1/3.",NA,"[three-alternative forced-choice recognition trial: three novel objects are shown and the participant picks the one studied earlier. The stimuli are images, so there is no administered item wording.]",NA,NA,0
"nomt_hooper_2024_study2","nomt_hooper_2024_study2_1",74,"Novel Object Memory Test (NOMT), adapted from Richler, Wilmer & Gauthier (2017), with the novel categories Greebles, Ziggerins and Sheinbugs; English and Spanish instruction versions (Hooper, Tomarken & Gauthier 2024, Behavior Research Methods 57:36), deposit doi:10.6084/m9.figshare.24395098.v2","Participants first studied six target objects from a novel category, then in each test trial selected which of three objects shown was one of the six targets. Targets and distractors were shown from the same angle within a trial. Trials were not timed and each item was scored 0 (incorrect) or 1 (correct); chance is 1/3.",NA,"[three-alternative forced-choice recognition trial: three novel objects are shown and the participant picks the one studied earlier. The stimuli are images, so there is no administered item wording.]",NA,NA,1
"nomt_hooper_2024_study2","nomt_hooper_2024_study2_1",76,"Novel Object Memory Test (NOMT), adapted from Richler, Wilmer & Gauthier (2017), with the novel categories Greebles, Ziggerins and Sheinbugs; English and Spanish instruction versions (Hooper, Tomarken & Gauthier 2024, Behavior Research Methods 57:36), deposit doi:10.6084/m9.figshare.24395098.v2","Participants first studied six target objects from a novel category, then in each test trial selected which of three objects shown was one of the six targets. Targets and distractors were shown from the same angle within a trial. Trials were not timed and each item was scored 0 (incorrect) or 1 (correct); chance is 1/3.",NA,"[three-alternative forced-choice recognition trial: three novel objects are shown and the participant picks the one studied earlier. The stimuli are images, so there is no administered item wording.]",NA,NA,0
"nomt_hooper_2024_study2","nomt_hooper_2024_study2_1",76,"Novel Object Memory Test (NOMT), adapted from Richler, Wilmer & Gauthier (2017), with the novel categories Greebles, Ziggerins and Sheinbugs; English and Spanish instruction versions (Hooper, Tomarken & Gauthier 2024, Behavior Research Methods 57:36), deposit doi:10.6084/m9.figshare.24395098.v2","Participants first studied six target objects from a novel category, then in each test trial selected which of three objects shown was one of the six targets. Targets and distractors were shown from the same angle within a trial. Trials were not timed and each item was scored 0 (incorrect) or 1 (correct); chance is 1/3.",NA,"[three-alternative forced-choice recognition trial: three novel objects are shown and the participant picks the one studied earlier. The stimuli are images, so there is no administered item wording.]",NA,NA,1
"nomt_hooper_2024_study2","nomt_hooper_2024_study2_1",77,"Novel Object Memory Test (NOMT), adapted from Richler, Wilmer & Gauthier (2017), with the novel categories Greebles, Ziggerins and Sheinbugs; English and Spanish instruction versions (Hooper, Tomarken & Gauthier 2024, Behavior Research Methods 57:36), deposit doi:10.6084/m9.figshare.24395098.v2","Participants first studied six target objects from a novel category, then in each test trial selected which of three objects shown was one of the six targets. Targets and distractors were shown from the same angle within a trial. Trials were not timed and each item was scored 0 (incorrect) or 1 (correct); chance is 1/3.",NA,"[three-alternative forced-choice recognition trial: three novel objects are shown and the participant picks the one studied earlier. The stimuli are images, so there is no administered item wording.]",NA,NA,0
"nomt_hooper_2024_study2","nomt_hooper_2024_study2_1",77,"Novel Object Memory Test (NOMT), adapted from Richler, Wilmer & Gauthier (2017), with the novel categories Greebles, Ziggerins and Sheinbugs; English and Spanish instruction versions (Hooper, Tomarken & Gauthier 2024, Behavior Research Methods 57:36), deposit doi:10.6084/m9.figshare.24395098.v2","Participants first studied six target objects from a novel category, then in each test trial selected which of three objects shown was one of the six targets. Targets and distractors were shown from the same angle within a trial. Trials were not timed and each item was scored 0 (incorrect) or 1 (correct); chance is 1/3.",NA,"[three-alternative forced-choice recognition trial: three novel objects are shown and the participant picks the one studied earlier. The stimuli are images, so there is no administered item wording.]",NA,NA,1
"nomt_hooper_2024_study2","nomt_hooper_2024_study2_1",78,"Novel Object Memory Test (NOMT), adapted from Richler, Wilmer & Gauthier (2017), with the novel categories Greebles, Ziggerins and Sheinbugs; English and Spanish instruction versions (Hooper, Tomarken & Gauthier 2024, Behavior Research Methods 57:36), deposit doi:10.6084/m9.figshare.24395098.v2","Participants first studied six target objects from a novel category, then in each test trial selected which of three objects shown was one of the six targets. Targets and distractors were shown from the same angle within a trial. Trials were not timed and each item was scored 0 (incorrect) or 1 (correct); chance is 1/3.",NA,"[three-alternative forced-choice recognition trial: three novel objects are shown and the participant picks the one studied earlier. The stimuli are images, so there is no administered item wording.]",NA,NA,0
"nomt_hooper_2024_study2","nomt_hooper_2024_study2_1",78,"Novel Object Memory Test (NOMT), adapted from Richler, Wilmer & Gauthier (2017), with the novel categories Greebles, Ziggerins and Sheinbugs; English and Spanish instruction versions (Hooper, Tomarken & Gauthier 2024, Behavior Research Methods 57:36), deposit doi:10.6084/m9.figshare.24395098.v2","Participants first studied six target objects from a novel category, then in each test trial selected which of three objects shown was one of the six targets. Targets and distractors were shown from the same angle within a trial. Trials were not timed and each item was scored 0 (incorrect) or 1 (correct); chance is 1/3.",NA,"[three-alternative forced-choice recognition trial: three novel objects are shown and the participant picks the one studied earlier. The stimuli are images, so there is no administered item wording.]",NA,NA,1
"nomt_hooper_2024_study2","nomt_hooper_2024_study2_1",79,"Novel Object Memory Test (NOMT), adapted from Richler, Wilmer & Gauthier (2017), with the novel categories Greebles, Ziggerins and Sheinbugs; English and Spanish instruction versions (Hooper, Tomarken & Gauthier 2024, Behavior Research Methods 57:36), deposit doi:10.6084/m9.figshare.24395098.v2","Participants first studied six target objects from a novel category, then in each test trial selected which of three objects shown was one of the six targets. Targets and distractors were shown from the same angle within a trial. Trials were not timed and each item was scored 0 (incorrect) or 1 (correct); chance is 1/3.",NA,"[three-alternative forced-choice recognition trial: three novel objects are shown and the participant picks the one studied earlier. The stimuli are images, so there is no administered item wording.]",NA,NA,0
"nomt_hooper_2024_study2","nomt_hooper_2024_study2_1",79,"Novel Object Memory Test (NOMT), adapted from Richler, Wilmer & Gauthier (2017), with the novel categories Greebles, Ziggerins and Sheinbugs; English and Spanish instruction versions (Hooper, Tomarken & Gauthier 2024, Behavior Research Methods 57:36), deposit doi:10.6084/m9.figshare.24395098.v2","Participants first studied six target objects from a novel category, then in each test trial selected which of three objects shown was one of the six targets. Targets and distractors were shown from the same angle within a trial. Trials were not timed and each item was scored 0 (incorrect) or 1 (correct); chance is 1/3.",NA,"[three-alternative forced-choice recognition trial: three novel objects are shown and the participant picks the one studied earlier. The stimuli are images, so there is no administered item wording.]",NA,NA,1
"nomt_hooper_2024_study2","nomt_hooper_2024_study2_1",80,"Novel Object Memory Test (NOMT), adapted from Richler, Wilmer & Gauthier (2017), with the novel categories Greebles, Ziggerins and Sheinbugs; English and Spanish instruction versions (Hooper, Tomarken & Gauthier 2024, Behavior Research Methods 57:36), deposit doi:10.6084/m9.figshare.24395098.v2","Participants first studied six target objects from a novel category, then in each test trial selected which of three objects shown was one of the six targets. Targets and distractors were shown from the same angle within a trial. Trials were not timed and each item was scored 0 (incorrect) or 1 (correct); chance is 1/3.",NA,"[three-alternative forced-choice recognition trial: three novel objects are shown and the participant picks the one studied earlier. The stimuli are images, so there is no administered item wording.]",NA,NA,0
"nomt_hooper_2024_study2","nomt_hooper_2024_study2_1",80,"Novel Object Memory Test (NOMT), adapted from Richler, Wilmer & Gauthier (2017), with the novel categories Greebles, Ziggerins and Sheinbugs; English and Spanish instruction versions (Hooper, Tomarken & Gauthier 2024, Behavior Research Methods 57:36), deposit doi:10.6084/m9.figshare.24395098.v2","Participants first studied six target objects from a novel category, then in each test trial selected which of three objects shown was one of the six targets. Targets and distractors were shown from the same angle within a trial. Trials were not timed and each item was scored 0 (incorrect) or 1 (correct); chance is 1/3.",NA,"[three-alternative forced-choice recognition trial: three novel objects are shown and the participant picks the one studied earlier. The stimuli are images, so there is no administered item wording.]",NA,NA,1
"nomt_hooper_2024_study2","nomt_hooper_2024_study2_1",81,"Novel Object Memory Test (NOMT), adapted from Richler, Wilmer & Gauthier (2017), with the novel categories Greebles, Ziggerins and Sheinbugs; English and Spanish instruction versions (Hooper, Tomarken & Gauthier 2024, Behavior Research Methods 57:36), deposit doi:10.6084/m9.figshare.24395098.v2","Participants first studied six target objects from a novel category, then in each test trial selected which of three objects shown was one of the six targets. Targets and distractors were shown from the same angle within a trial. Trials were not timed and each item was scored 0 (incorrect) or 1 (correct); chance is 1/3.",NA,"[three-alternative forced-choice recognition trial: three novel objects are shown and the participant picks the one studied earlier. The stimuli are images, so there is no administered item wording.]",NA,NA,0
"nomt_hooper_2024_study2","nomt_hooper_2024_study2_1",81,"Novel Object Memory Test (NOMT), adapted from Richler, Wilmer & Gauthier (2017), with the novel categories Greebles, Ziggerins and Sheinbugs; English and Spanish instruction versions (Hooper, Tomarken & Gauthier 2024, Behavior Research Methods 57:36), deposit doi:10.6084/m9.figshare.24395098.v2","Participants first studied six target objects from a novel category, then in each test trial selected which of three objects shown was one of the six targets. Targets and distractors were shown from the same angle within a trial. Trials were not timed and each item was scored 0 (incorrect) or 1 (correct); chance is 1/3.",NA,"[three-alternative forced-choice recognition trial: three novel objects are shown and the participant picks the one studied earlier. The stimuli are images, so there is no administered item wording.]",NA,NA,1
"nomt_hooper_2024_study2","nomt_hooper_2024_study2_1",82,"Novel Object Memory Test (NOMT), adapted from Richler, Wilmer & Gauthier (2017), with the novel categories Greebles, Ziggerins and Sheinbugs; English and Spanish instruction versions (Hooper, Tomarken & Gauthier 2024, Behavior Research Methods 57:36), deposit doi:10.6084/m9.figshare.24395098.v2","Participants first studied six target objects from a novel category, then in each test trial selected which of three objects shown was one of the six targets. Targets and distractors were shown from the same angle within a trial. Trials were not timed and each item was scored 0 (incorrect) or 1 (correct); chance is 1/3.",NA,"[three-alternative forced-choice recognition trial: three novel objects are shown and the participant picks the one studied earlier. The stimuli are images, so there is no administered item wording.]",NA,NA,0
"nomt_hooper_2024_study2","nomt_hooper_2024_study2_1",82,"Novel Object Memory Test (NOMT), adapted from Richler, Wilmer & Gauthier (2017), with the novel categories Greebles, Ziggerins and Sheinbugs; English and Spanish instruction versions (Hooper, Tomarken & Gauthier 2024, Behavior Research Methods 57:36), deposit doi:10.6084/m9.figshare.24395098.v2","Participants first studied six target objects from a novel category, then in each test trial selected which of three objects shown was one of the six targets. Targets and distractors were shown from the same angle within a trial. Trials were not timed and each item was scored 0 (incorrect) or 1 (correct); chance is 1/3.",NA,"[three-alternative forced-choice recognition trial: three novel objects are shown and the participant picks the one studied earlier. The stimuli are images, so there is no administered item wording.]",NA,NA,1
"nomt_hooper_2024_study2","nomt_hooper_2024_study2_1",83,"Novel Object Memory Test (NOMT), adapted from Richler, Wilmer & Gauthier (2017), with the novel categories Greebles, Ziggerins and Sheinbugs; English and Spanish instruction versions (Hooper, Tomarken & Gauthier 2024, Behavior Research Methods 57:36), deposit doi:10.6084/m9.figshare.24395098.v2","Participants first studied six target objects from a novel category, then in each test trial selected which of three objects shown was one of the six targets. Targets and distractors were shown from the same angle within a trial. Trials were not timed and each item was scored 0 (incorrect) or 1 (correct); chance is 1/3.",NA,"[three-alternative forced-choice recognition trial: three novel objects are shown and the participant picks the one studied earlier. The stimuli are images, so there is no administered item wording.]",NA,NA,0
"nomt_hooper_2024_study2","nomt_hooper_2024_study2_1",83,"Novel Object Memory Test (NOMT), adapted from Richler, Wilmer & Gauthier (2017), with the novel categories Greebles, Ziggerins and Sheinbugs; English and Spanish instruction versions (Hooper, Tomarken & Gauthier 2024, Behavior Research Methods 57:36), deposit doi:10.6084/m9.figshare.24395098.v2","Participants first studied six target objects from a novel category, then in each test trial selected which of three objects shown was one of the six targets. Targets and distractors were shown from the same angle within a trial. Trials were not timed and each item was scored 0 (incorrect) or 1 (correct); chance is 1/3.",NA,"[three-alternative forced-choice recognition trial: three novel objects are shown and the participant picks the one studied earlier. The stimuli are images, so there is no administered item wording.]",NA,NA,1
"nomt_hooper_2024_study2","nomt_hooper_2024_study2_1",84,"Novel Object Memory Test (NOMT), adapted from Richler, Wilmer & Gauthier (2017), with the novel categories Greebles, Ziggerins and Sheinbugs; English and Spanish instruction versions (Hooper, Tomarken & Gauthier 2024, Behavior Research Methods 57:36), deposit doi:10.6084/m9.figshare.24395098.v2","Participants first studied six target objects from a novel category, then in each test trial selected which of three objects shown was one of the six targets. Targets and distractors were shown from the same angle within a trial. Trials were not timed and each item was scored 0 (incorrect) or 1 (correct); chance is 1/3.",NA,"[three-alternative forced-choice recognition trial: three novel objects are shown and the participant picks the one studied earlier. The stimuli are images, so there is no administered item wording.]",NA,NA,0
"nomt_hooper_2024_study2","nomt_hooper_2024_study2_1",84,"Novel Object Memory Test (NOMT), adapted from Richler, Wilmer & Gauthier (2017), with the novel categories Greebles, Ziggerins and Sheinbugs; English and Spanish instruction versions (Hooper, Tomarken & Gauthier 2024, Behavior Research Methods 57:36), deposit doi:10.6084/m9.figshare.24395098.v2","Participants first studied six target objects from a novel category, then in each test trial selected which of three objects shown was one of the six targets. Targets and distractors were shown from the same angle within a trial. Trials were not timed and each item was scored 0 (incorrect) or 1 (correct); chance is 1/3.",NA,"[three-alternative forced-choice recognition trial: three novel objects are shown and the participant picks the one studied earlier. The stimuli are images, so there is no administered item wording.]",NA,NA,1
"nomt_hooper_2024_study2","nomt_hooper_2024_study2_1",85,"Novel Object Memory Test (NOMT), adapted from Richler, Wilmer & Gauthier (2017), with the novel categories Greebles, Ziggerins and Sheinbugs; English and Spanish instruction versions (Hooper, Tomarken & Gauthier 2024, Behavior Research Methods 57:36), deposit doi:10.6084/m9.figshare.24395098.v2","Participants first studied six target objects from a novel category, then in each test trial selected which of three objects shown was one of the six targets. Targets and distractors were shown from the same angle within a trial. Trials were not timed and each item was scored 0 (incorrect) or 1 (correct); chance is 1/3.",NA,"[three-alternative forced-choice recognition trial: three novel objects are shown and the participant picks the one studied earlier. The stimuli are images, so there is no administered item wording.]",NA,NA,0
"nomt_hooper_2024_study2","nomt_hooper_2024_study2_1",85,"Novel Object Memory Test (NOMT), adapted from Richler, Wilmer & Gauthier (2017), with the novel categories Greebles, Ziggerins and Sheinbugs; English and Spanish instruction versions (Hooper, Tomarken & Gauthier 2024, Behavior Research Methods 57:36), deposit doi:10.6084/m9.figshare.24395098.v2","Participants first studied six target objects from a novel category, then in each test trial selected which of three objects shown was one of the six targets. Targets and distractors were shown from the same angle within a trial. Trials were not timed and each item was scored 0 (incorrect) or 1 (correct); chance is 1/3.",NA,"[three-alternative forced-choice recognition trial: three novel objects are shown and the participant picks the one studied earlier. The stimuli are images, so there is no administered item wording.]",NA,NA,1
"nomt_hooper_2024_study2","nomt_hooper_2024_study2_1",86,"Novel Object Memory Test (NOMT), adapted from Richler, Wilmer & Gauthier (2017), with the novel categories Greebles, Ziggerins and Sheinbugs; English and Spanish instruction versions (Hooper, Tomarken & Gauthier 2024, Behavior Research Methods 57:36), deposit doi:10.6084/m9.figshare.24395098.v2","Participants first studied six target objects from a novel category, then in each test trial selected which of three objects shown was one of the six targets. Targets and distractors were shown from the same angle within a trial. Trials were not timed and each item was scored 0 (incorrect) or 1 (correct); chance is 1/3.",NA,"[three-alternative forced-choice recognition trial: three novel objects are shown and the participant picks the one studied earlier. The stimuli are images, so there is no administered item wording.]",NA,NA,0
"nomt_hooper_2024_study2","nomt_hooper_2024_study2_1",86,"Novel Object Memory Test (NOMT), adapted from Richler, Wilmer & Gauthier (2017), with the novel categories Greebles, Ziggerins and Sheinbugs; English and Spanish instruction versions (Hooper, Tomarken & Gauthier 2024, Behavior Research Methods 57:36), deposit doi:10.6084/m9.figshare.24395098.v2","Participants first studied six target objects from a novel category, then in each test trial selected which of three objects shown was one of the six targets. Targets and distractors were shown from the same angle within a trial. Trials were not timed and each item was scored 0 (incorrect) or 1 (correct); chance is 1/3.",NA,"[three-alternative forced-choice recognition trial: three novel objects are shown and the participant picks the one studied earlier. The stimuli are images, so there is no administered item wording.]",NA,NA,1
"nomt_hooper_2024_study2","nomt_hooper_2024_study2_1",87,"Novel Object Memory Test (NOMT), adapted from Richler, Wilmer & Gauthier (2017), with the novel categories Greebles, Ziggerins and Sheinbugs; English and Spanish instruction versions (Hooper, Tomarken & Gauthier 2024, Behavior Research Methods 57:36), deposit doi:10.6084/m9.figshare.24395098.v2","Participants first studied six target objects from a novel category, then in each test trial selected which of three objects shown was one of the six targets. Targets and distractors were shown from the same angle within a trial. Trials were not timed and each item was scored 0 (incorrect) or 1 (correct); chance is 1/3.",NA,"[three-alternative forced-choice recognition trial: three novel objects are shown and the participant picks the one studied earlier. The stimuli are images, so there is no administered item wording.]",NA,NA,0
"nomt_hooper_2024_study2","nomt_hooper_2024_study2_1",87,"Novel Object Memory Test (NOMT), adapted from Richler, Wilmer & Gauthier (2017), with the novel categories Greebles, Ziggerins and Sheinbugs; English and Spanish instruction versions (Hooper, Tomarken & Gauthier 2024, Behavior Research Methods 57:36), deposit doi:10.6084/m9.figshare.24395098.v2","Participants first studied six target objects from a novel category, then in each test trial selected which of three objects shown was one of the six targets. Targets and distractors were shown from the same angle within a trial. Trials were not timed and each item was scored 0 (incorrect) or 1 (correct); chance is 1/3.",NA,"[three-alternative forced-choice recognition trial: three novel objects are shown and the participant picks the one studied earlier. The stimuli are images, so there is no administered item wording.]",NA,NA,1
"nomt_hooper_2024_study2","nomt_hooper_2024_study2_1",88,"Novel Object Memory Test (NOMT), adapted from Richler, Wilmer & Gauthier (2017), with the novel categories Greebles, Ziggerins and Sheinbugs; English and Spanish instruction versions (Hooper, Tomarken & Gauthier 2024, Behavior Research Methods 57:36), deposit doi:10.6084/m9.figshare.24395098.v2","Participants first studied six target objects from a novel category, then in each test trial selected which of three objects shown was one of the six targets. Targets and distractors were shown from the same angle within a trial. Trials were not timed and each item was scored 0 (incorrect) or 1 (correct); chance is 1/3.",NA,"[three-alternative forced-choice recognition trial: three novel objects are shown and the participant picks the one studied earlier. The stimuli are images, so there is no administered item wording.]",NA,NA,0
"nomt_hooper_2024_study2","nomt_hooper_2024_study2_1",88,"Novel Object Memory Test (NOMT), adapted from Richler, Wilmer & Gauthier (2017), with the novel categories Greebles, Ziggerins and Sheinbugs; English and Spanish instruction versions (Hooper, Tomarken & Gauthier 2024, Behavior Research Methods 57:36), deposit doi:10.6084/m9.figshare.24395098.v2","Participants first studied six target objects from a novel category, then in each test trial selected which of three objects shown was one of the six targets. Targets and distractors were shown from the same angle within a trial. Trials were not timed and each item was scored 0 (incorrect) or 1 (correct); chance is 1/3.",NA,"[three-alternative forced-choice recognition trial: three novel objects are shown and the participant picks the one studied earlier. The stimuli are images, so there is no administered item wording.]",NA,NA,1
"nomt_hooper_2024_study2","nomt_hooper_2024_study2_1",89,"Novel Object Memory Test (NOMT), adapted from Richler, Wilmer & Gauthier (2017), with the novel categories Greebles, Ziggerins and Sheinbugs; English and Spanish instruction versions (Hooper, Tomarken & Gauthier 2024, Behavior Research Methods 57:36), deposit doi:10.6084/m9.figshare.24395098.v2","Participants first studied six target objects from a novel category, then in each test trial selected which of three objects shown was one of the six targets. Targets and distractors were shown from the same angle within a trial. Trials were not timed and each item was scored 0 (incorrect) or 1 (correct); chance is 1/3.",NA,"[three-alternative forced-choice recognition trial: three novel objects are shown and the participant picks the one studied earlier. The stimuli are images, so there is no administered item wording.]",NA,NA,0
"nomt_hooper_2024_study2","nomt_hooper_2024_study2_1",89,"Novel Object Memory Test (NOMT), adapted from Richler, Wilmer & Gauthier (2017), with the novel categories Greebles, Ziggerins and Sheinbugs; English and Spanish instruction versions (Hooper, Tomarken & Gauthier 2024, Behavior Research Methods 57:36), deposit doi:10.6084/m9.figshare.24395098.v2","Participants first studied six target objects from a novel category, then in each test trial selected which of three objects shown was one of the six targets. Targets and distractors were shown from the same angle within a trial. Trials were not timed and each item was scored 0 (incorrect) or 1 (correct); chance is 1/3.",NA,"[three-alternative forced-choice recognition trial: three novel objects are shown and the participant picks the one studied earlier. The stimuli are images, so there is no administered item wording.]",NA,NA,1
"nomt_hooper_2024_study2","nomt_hooper_2024_study2_1",90,"Novel Object Memory Test (NOMT), adapted from Richler, Wilmer & Gauthier (2017), with the novel categories Greebles, Ziggerins and Sheinbugs; English and Spanish instruction versions (Hooper, Tomarken & Gauthier 2024, Behavior Research Methods 57:36), deposit doi:10.6084/m9.figshare.24395098.v2","Participants first studied six target objects from a novel category, then in each test trial selected which of three objects shown was one of the six targets. Targets and distractors were shown from the same angle within a trial. Trials were not timed and each item was scored 0 (incorrect) or 1 (correct); chance is 1/3.",NA,"[three-alternative forced-choice recognition trial: three novel objects are shown and the participant picks the one studied earlier. The stimuli are images, so there is no administered item wording.]",NA,NA,0
"nomt_hooper_2024_study2","nomt_hooper_2024_study2_1",90,"Novel Object Memory Test (NOMT), adapted from Richler, Wilmer & Gauthier (2017), with the novel categories Greebles, Ziggerins and Sheinbugs; English and Spanish instruction versions (Hooper, Tomarken & Gauthier 2024, Behavior Research Methods 57:36), deposit doi:10.6084/m9.figshare.24395098.v2","Participants first studied six target objects from a novel category, then in each test trial selected which of three objects shown was one of the six targets. Targets and distractors were shown from the same angle within a trial. Trials were not timed and each item was scored 0 (incorrect) or 1 (correct); chance is 1/3.",NA,"[three-alternative forced-choice recognition trial: three novel objects are shown and the participant picks the one studied earlier. The stimuli are images, so there is no administered item wording.]",NA,NA,1
"nomt_hooper_2024_study2","nomt_hooper_2024_study2_1",91,"Novel Object Memory Test (NOMT), adapted from Richler, Wilmer & Gauthier (2017), with the novel categories Greebles, Ziggerins and Sheinbugs; English and Spanish instruction versions (Hooper, Tomarken & Gauthier 2024, Behavior Research Methods 57:36), deposit doi:10.6084/m9.figshare.24395098.v2","Participants first studied six target objects from a novel category, then in each test trial selected which of three objects shown was one of the six targets. Targets and distractors were shown from the same angle within a trial. Trials were not timed and each item was scored 0 (incorrect) or 1 (correct); chance is 1/3.",NA,"[three-alternative forced-choice recognition trial: three novel objects are shown and the participant picks the one studied earlier. The stimuli are images, so there is no administered item wording.]",NA,NA,0
"nomt_hooper_2024_study2","nomt_hooper_2024_study2_1",91,"Novel Object Memory Test (NOMT), adapted from Richler, Wilmer & Gauthier (2017), with the novel categories Greebles, Ziggerins and Sheinbugs; English and Spanish instruction versions (Hooper, Tomarken & Gauthier 2024, Behavior Research Methods 57:36), deposit doi:10.6084/m9.figshare.24395098.v2","Participants first studied six target objects from a novel category, then in each test trial selected which of three objects shown was one of the six targets. Targets and distractors were shown from the same angle within a trial. Trials were not timed and each item was scored 0 (incorrect) or 1 (correct); chance is 1/3.",NA,"[three-alternative forced-choice recognition trial: three novel objects are shown and the participant picks the one studied earlier. The stimuli are images, so there is no administered item wording.]",NA,NA,1
"nomt_hooper_2024_study2","nomt_hooper_2024_study2_1",92,"Novel Object Memory Test (NOMT), adapted from Richler, Wilmer & Gauthier (2017), with the novel categories Greebles, Ziggerins and Sheinbugs; English and Spanish instruction versions (Hooper, Tomarken & Gauthier 2024, Behavior Research Methods 57:36), deposit doi:10.6084/m9.figshare.24395098.v2","Participants first studied six target objects from a novel category, then in each test trial selected which of three objects shown was one of the six targets. Targets and distractors were shown from the same angle within a trial. Trials were not timed and each item was scored 0 (incorrect) or 1 (correct); chance is 1/3.",NA,"[three-alternative forced-choice recognition trial: three novel objects are shown and the participant picks the one studied earlier. The stimuli are images, so there is no administered item wording.]",NA,NA,0
"nomt_hooper_2024_study2","nomt_hooper_2024_study2_1",92,"Novel Object Memory Test (NOMT), adapted from Richler, Wilmer & Gauthier (2017), with the novel categories Greebles, Ziggerins and Sheinbugs; English and Spanish instruction versions (Hooper, Tomarken & Gauthier 2024, Behavior Research Methods 57:36), deposit doi:10.6084/m9.figshare.24395098.v2","Participants first studied six target objects from a novel category, then in each test trial selected which of three objects shown was one of the six targets. Targets and distractors were shown from the same angle within a trial. Trials were not timed and each item was scored 0 (incorrect) or 1 (correct); chance is 1/3.",NA,"[three-alternative forced-choice recognition trial: three novel objects are shown and the participant picks the one studied earlier. The stimuli are images, so there is no administered item wording.]",NA,NA,1
"nomt_hooper_2024_study2","nomt_hooper_2024_study2_1",93,"Novel Object Memory Test (NOMT), adapted from Richler, Wilmer & Gauthier (2017), with the novel categories Greebles, Ziggerins and Sheinbugs; English and Spanish instruction versions (Hooper, Tomarken & Gauthier 2024, Behavior Research Methods 57:36), deposit doi:10.6084/m9.figshare.24395098.v2","Participants first studied six target objects from a novel category, then in each test trial selected which of three objects shown was one of the six targets. Targets and distractors were shown from the same angle within a trial. Trials were not timed and each item was scored 0 (incorrect) or 1 (correct); chance is 1/3.",NA,"[three-alternative forced-choice recognition trial: three novel objects are shown and the participant picks the one studied earlier. The stimuli are images, so there is no administered item wording.]",NA,NA,0
"nomt_hooper_2024_study2","nomt_hooper_2024_study2_1",93,"Novel Object Memory Test (NOMT), adapted from Richler, Wilmer & Gauthier (2017), with the novel categories Greebles, Ziggerins and Sheinbugs; English and Spanish instruction versions (Hooper, Tomarken & Gauthier 2024, Behavior Research Methods 57:36), deposit doi:10.6084/m9.figshare.24395098.v2","Participants first studied six target objects from a novel category, then in each test trial selected which of three objects shown was one of the six targets. Targets and distractors were shown from the same angle within a trial. Trials were not timed and each item was scored 0 (incorrect) or 1 (correct); chance is 1/3.",NA,"[three-alternative forced-choice recognition trial: three novel objects are shown and the participant picks the one studied earlier. The stimuli are images, so there is no administered item wording.]",NA,NA,1
"nomt_hooper_2024_study2","nomt_hooper_2024_study2_1",94,"Novel Object Memory Test (NOMT), adapted from Richler, Wilmer & Gauthier (2017), with the novel categories Greebles, Ziggerins and Sheinbugs; English and Spanish instruction versions (Hooper, Tomarken & Gauthier 2024, Behavior Research Methods 57:36), deposit doi:10.6084/m9.figshare.24395098.v2","Participants first studied six target objects from a novel category, then in each test trial selected which of three objects shown was one of the six targets. Targets and distractors were shown from the same angle within a trial. Trials were not timed and each item was scored 0 (incorrect) or 1 (correct); chance is 1/3.",NA,"[three-alternative forced-choice recognition trial: three novel objects are shown and the participant picks the one studied earlier. The stimuli are images, so there is no administered item wording.]",NA,NA,0
"nomt_hooper_2024_study2","nomt_hooper_2024_study2_1",94,"Novel Object Memory Test (NOMT), adapted from Richler, Wilmer & Gauthier (2017), with the novel categories Greebles, Ziggerins and Sheinbugs; English and Spanish instruction versions (Hooper, Tomarken & Gauthier 2024, Behavior Research Methods 57:36), deposit doi:10.6084/m9.figshare.24395098.v2","Participants first studied six target objects from a novel category, then in each test trial selected which of three objects shown was one of the six targets. Targets and distractors were shown from the same angle within a trial. Trials were not timed and each item was scored 0 (incorrect) or 1 (correct); chance is 1/3.",NA,"[three-alternative forced-choice recognition trial: three novel objects are shown and the participant picks the one studied earlier. The stimuli are images, so there is no administered item wording.]",NA,NA,1
"nomt_hooper_2024_study2","nomt_hooper_2024_study2_1",95,"Novel Object Memory Test (NOMT), adapted from Richler, Wilmer & Gauthier (2017), with the novel categories Greebles, Ziggerins and Sheinbugs; English and Spanish instruction versions (Hooper, Tomarken & Gauthier 2024, Behavior Research Methods 57:36), deposit doi:10.6084/m9.figshare.24395098.v2","Participants first studied six target objects from a novel category, then in each test trial selected which of three objects shown was one of the six targets. Targets and distractors were shown from the same angle within a trial. Trials were not timed and each item was scored 0 (incorrect) or 1 (correct); chance is 1/3.",NA,"[three-alternative forced-choice recognition trial: three novel objects are shown and the participant picks the one studied earlier. The stimuli are images, so there is no administered item wording.]",NA,NA,0
"nomt_hooper_2024_study2","nomt_hooper_2024_study2_1",95,"Novel Object Memory Test (NOMT), adapted from Richler, Wilmer & Gauthier (2017), with the novel categories Greebles, Ziggerins and Sheinbugs; English and Spanish instruction versions (Hooper, Tomarken & Gauthier 2024, Behavior Research Methods 57:36), deposit doi:10.6084/m9.figshare.24395098.v2","Participants first studied six target objects from a novel category, then in each test trial selected which of three objects shown was one of the six targets. Targets and distractors were shown from the same angle within a trial. Trials were not timed and each item was scored 0 (incorrect) or 1 (correct); chance is 1/3.",NA,"[three-alternative forced-choice recognition trial: three novel objects are shown and the participant picks the one studied earlier. The stimuli are images, so there is no administered item wording.]",NA,NA,1
"nomt_hooper_2024_study2","nomt_hooper_2024_study2_1",96,"Novel Object Memory Test (NOMT), adapted from Richler, Wilmer & Gauthier (2017), with the novel categories Greebles, Ziggerins and Sheinbugs; English and Spanish instruction versions (Hooper, Tomarken & Gauthier 2024, Behavior Research Methods 57:36), deposit doi:10.6084/m9.figshare.24395098.v2","Participants first studied six target objects from a novel category, then in each test trial selected which of three objects shown was one of the six targets. Targets and distractors were shown from the same angle within a trial. Trials were not timed and each item was scored 0 (incorrect) or 1 (correct); chance is 1/3.",NA,"[three-alternative forced-choice recognition trial: three novel objects are shown and the participant picks the one studied earlier. The stimuli are images, so there is no administered item wording.]",NA,NA,0
"nomt_hooper_2024_study2","nomt_hooper_2024_study2_1",96,"Novel Object Memory Test (NOMT), adapted from Richler, Wilmer & Gauthier (2017), with the novel categories Greebles, Ziggerins and Sheinbugs; English and Spanish instruction versions (Hooper, Tomarken & Gauthier 2024, Behavior Research Methods 57:36), deposit doi:10.6084/m9.figshare.24395098.v2","Participants first studied six target objects from a novel category, then in each test trial selected which of three objects shown was one of the six targets. Targets and distractors were shown from the same angle within a trial. Trials were not timed and each item was scored 0 (incorrect) or 1 (correct); chance is 1/3.",NA,"[three-alternative forced-choice recognition trial: three novel objects are shown and the participant picks the one studied earlier. The stimuli are images, so there is no administered item wording.]",NA,NA,1
"nomt_hooper_2024_study2","nomt_hooper_2024_study2_1",97,"Novel Object Memory Test (NOMT), adapted from Richler, Wilmer & Gauthier (2017), with the novel categories Greebles, Ziggerins and Sheinbugs; English and Spanish instruction versions (Hooper, Tomarken & Gauthier 2024, Behavior Research Methods 57:36), deposit doi:10.6084/m9.figshare.24395098.v2","Participants first studied six target objects from a novel category, then in each test trial selected which of three objects shown was one of the six targets. Targets and distractors were shown from the same angle within a trial. Trials were not timed and each item was scored 0 (incorrect) or 1 (correct); chance is 1/3.",NA,"[three-alternative forced-choice recognition trial: three novel objects are shown and the participant picks the one studied earlier. The stimuli are images, so there is no administered item wording.]",NA,NA,0
"nomt_hooper_2024_study2","nomt_hooper_2024_study2_1",97,"Novel Object Memory Test (NOMT), adapted from Richler, Wilmer & Gauthier (2017), with the novel categories Greebles, Ziggerins and Sheinbugs; English and Spanish instruction versions (Hooper, Tomarken & Gauthier 2024, Behavior Research Methods 57:36), deposit doi:10.6084/m9.figshare.24395098.v2","Participants first studied six target objects from a novel category, then in each test trial selected which of three objects shown was one of the six targets. Targets and distractors were shown from the same angle within a trial. Trials were not timed and each item was scored 0 (incorrect) or 1 (correct); chance is 1/3.",NA,"[three-alternative forced-choice recognition trial: three novel objects are shown and the participant picks the one studied earlier. The stimuli are images, so there is no administered item wording.]",NA,NA,1
"nomt_hooper_2024_study2","nomt_hooper_2024_study2_1",98,"Novel Object Memory Test (NOMT), adapted from Richler, Wilmer & Gauthier (2017), with the novel categories Greebles, Ziggerins and Sheinbugs; English and Spanish instruction versions (Hooper, Tomarken & Gauthier 2024, Behavior Research Methods 57:36), deposit doi:10.6084/m9.figshare.24395098.v2","Participants first studied six target objects from a novel category, then in each test trial selected which of three objects shown was one of the six targets. Targets and distractors were shown from the same angle within a trial. Trials were not timed and each item was scored 0 (incorrect) or 1 (correct); chance is 1/3.",NA,"[three-alternative forced-choice recognition trial: three novel objects are shown and the participant picks the one studied earlier. The stimuli are images, so there is no administered item wording.]",NA,NA,0
"nomt_hooper_2024_study2","nomt_hooper_2024_study2_1",98,"Novel Object Memory Test (NOMT), adapted from Richler, Wilmer & Gauthier (2017), with the novel categories Greebles, Ziggerins and Sheinbugs; English and Spanish instruction versions (Hooper, Tomarken & Gauthier 2024, Behavior Research Methods 57:36), deposit doi:10.6084/m9.figshare.24395098.v2","Participants first studied six target objects from a novel category, then in each test trial selected which of three objects shown was one of the six targets. Targets and distractors were shown from the same angle within a trial. Trials were not timed and each item was scored 0 (incorrect) or 1 (correct); chance is 1/3.",NA,"[three-alternative forced-choice recognition trial: three novel objects are shown and the participant picks the one studied earlier. The stimuli are images, so there is no administered item wording.]",NA,NA,1
"nomt_hooper_2024_study2","nomt_hooper_2024_study2_1",99,"Novel Object Memory Test (NOMT), adapted from Richler, Wilmer & Gauthier (2017), with the novel categories Greebles, Ziggerins and Sheinbugs; English and Spanish instruction versions (Hooper, Tomarken & Gauthier 2024, Behavior Research Methods 57:36), deposit doi:10.6084/m9.figshare.24395098.v2","Participants first studied six target objects from a novel category, then in each test trial selected which of three objects shown was one of the six targets. Targets and distractors were shown from the same angle within a trial. Trials were not timed and each item was scored 0 (incorrect) or 1 (correct); chance is 1/3.",NA,"[three-alternative forced-choice recognition trial: three novel objects are shown and the participant picks the one studied earlier. The stimuli are images, so there is no administered item wording.]",NA,NA,0
"nomt_hooper_2024_study2","nomt_hooper_2024_study2_1",99,"Novel Object Memory Test (NOMT), adapted from Richler, Wilmer & Gauthier (2017), with the novel categories Greebles, Ziggerins and Sheinbugs; English and Spanish instruction versions (Hooper, Tomarken & Gauthier 2024, Behavior Research Methods 57:36), deposit doi:10.6084/m9.figshare.24395098.v2","Participants first studied six target objects from a novel category, then in each test trial selected which of three objects shown was one of the six targets. Targets and distractors were shown from the same angle within a trial. Trials were not timed and each item was scored 0 (incorrect) or 1 (correct); chance is 1/3.",NA,"[three-alternative forced-choice recognition trial: three novel objects are shown and the participant picks the one studied earlier. The stimuli are images, so there is no administered item wording.]",NA,NA,1
"nomt_hooper_2024_study2","nomt_hooper_2024_study2_1",100,"Novel Object Memory Test (NOMT), adapted from Richler, Wilmer & Gauthier (2017), with the novel categories Greebles, Ziggerins and Sheinbugs; English and Spanish instruction versions (Hooper, Tomarken & Gauthier 2024, Behavior Research Methods 57:36), deposit doi:10.6084/m9.figshare.24395098.v2","Participants first studied six target objects from a novel category, then in each test trial selected which of three objects shown was one of the six targets. Targets and distractors were shown from the same angle within a trial. Trials were not timed and each item was scored 0 (incorrect) or 1 (correct); chance is 1/3.",NA,"[three-alternative forced-choice recognition trial: three novel objects are shown and the participant picks the one studied earlier. The stimuli are images, so there is no administered item wording.]",NA,NA,0
"nomt_hooper_2024_study2","nomt_hooper_2024_study2_1",100,"Novel Object Memory Test (NOMT), adapted from Richler, Wilmer & Gauthier (2017), with the novel categories Greebles, Ziggerins and Sheinbugs; English and Spanish instruction versions (Hooper, Tomarken & Gauthier 2024, Behavior Research Methods 57:36), deposit doi:10.6084/m9.figshare.24395098.v2","Participants first studied six target objects from a novel category, then in each test trial selected which of three objects shown was one of the six targets. Targets and distractors were shown from the same angle within a trial. Trials were not timed and each item was scored 0 (incorrect) or 1 (correct); chance is 1/3.",NA,"[three-alternative forced-choice recognition trial: three novel objects are shown and the participant picks the one studied earlier. The stimuli are images, so there is no administered item wording.]",NA,NA,1
"nomt_hooper_2024_study2","nomt_hooper_2024_study2_1",101,"Novel Object Memory Test (NOMT), adapted from Richler, Wilmer & Gauthier (2017), with the novel categories Greebles, Ziggerins and Sheinbugs; English and Spanish instruction versions (Hooper, Tomarken & Gauthier 2024, Behavior Research Methods 57:36), deposit doi:10.6084/m9.figshare.24395098.v2","Participants first studied six target objects from a novel category, then in each test trial selected which of three objects shown was one of the six targets. Targets and distractors were shown from the same angle within a trial. Trials were not timed and each item was scored 0 (incorrect) or 1 (correct); chance is 1/3.",NA,"[three-alternative forced-choice recognition trial: three novel objects are shown and the participant picks the one studied earlier. The stimuli are images, so there is no administered item wording.]",NA,NA,0
"nomt_hooper_2024_study2","nomt_hooper_2024_study2_1",101,"Novel Object Memory Test (NOMT), adapted from Richler, Wilmer & Gauthier (2017), with the novel categories Greebles, Ziggerins and Sheinbugs; English and Spanish instruction versions (Hooper, Tomarken & Gauthier 2024, Behavior Research Methods 57:36), deposit doi:10.6084/m9.figshare.24395098.v2","Participants first studied six target objects from a novel category, then in each test trial selected which of three objects shown was one of the six targets. Targets and distractors were shown from the same angle within a trial. Trials were not timed and each item was scored 0 (incorrect) or 1 (correct); chance is 1/3.",NA,"[three-alternative forced-choice recognition trial: three novel objects are shown and the participant picks the one studied earlier. The stimuli are images, so there is no administered item wording.]",NA,NA,1
"nomt_hooper_2024_study2","nomt_hooper_2024_study2_1",102,"Novel Object Memory Test (NOMT), adapted from Richler, Wilmer & Gauthier (2017), with the novel categories Greebles, Ziggerins and Sheinbugs; English and Spanish instruction versions (Hooper, Tomarken & Gauthier 2024, Behavior Research Methods 57:36), deposit doi:10.6084/m9.figshare.24395098.v2","Participants first studied six target objects from a novel category, then in each test trial selected which of three objects shown was one of the six targets. Targets and distractors were shown from the same angle within a trial. Trials were not timed and each item was scored 0 (incorrect) or 1 (correct); chance is 1/3.",NA,"[three-alternative forced-choice recognition trial: three novel objects are shown and the participant picks the one studied earlier. The stimuli are images, so there is no administered item wording.]",NA,NA,0
"nomt_hooper_2024_study2","nomt_hooper_2024_study2_1",102,"Novel Object Memory Test (NOMT), adapted from Richler, Wilmer & Gauthier (2017), with the novel categories Greebles, Ziggerins and Sheinbugs; English and Spanish instruction versions (Hooper, Tomarken & Gauthier 2024, Behavior Research Methods 57:36), deposit doi:10.6084/m9.figshare.24395098.v2","Participants first studied six target objects from a novel category, then in each test trial selected which of three objects shown was one of the six targets. Targets and distractors were shown from the same angle within a trial. Trials were not timed and each item was scored 0 (incorrect) or 1 (correct); chance is 1/3.",NA,"[three-alternative forced-choice recognition trial: three novel objects are shown and the participant picks the one studied earlier. The stimuli are images, so there is no administered item wording.]",NA,NA,1
"nomt_hooper_2024_study2","nomt_hooper_2024_study2_1",103,"Novel Object Memory Test (NOMT), adapted from Richler, Wilmer & Gauthier (2017), with the novel categories Greebles, Ziggerins and Sheinbugs; English and Spanish instruction versions (Hooper, Tomarken & Gauthier 2024, Behavior Research Methods 57:36), deposit doi:10.6084/m9.figshare.24395098.v2","Participants first studied six target objects from a novel category, then in each test trial selected which of three objects shown was one of the six targets. Targets and distractors were shown from the same angle within a trial. Trials were not timed and each item was scored 0 (incorrect) or 1 (correct); chance is 1/3.",NA,"[three-alternative forced-choice recognition trial: three novel objects are shown and the participant picks the one studied earlier. The stimuli are images, so there is no administered item wording.]",NA,NA,0
"nomt_hooper_2024_study2","nomt_hooper_2024_study2_1",103,"Novel Object Memory Test (NOMT), adapted from Richler, Wilmer & Gauthier (2017), with the novel categories Greebles, Ziggerins and Sheinbugs; English and Spanish instruction versions (Hooper, Tomarken & Gauthier 2024, Behavior Research Methods 57:36), deposit doi:10.6084/m9.figshare.24395098.v2","Participants first studied six target objects from a novel category, then in each test trial selected which of three objects shown was one of the six targets. Targets and distractors were shown from the same angle within a trial. Trials were not timed and each item was scored 0 (incorrect) or 1 (correct); chance is 1/3.",NA,"[three-alternative forced-choice recognition trial: three novel objects are shown and the participant picks the one studied earlier. The stimuli are images, so there is no administered item wording.]",NA,NA,1
"nomt_hooper_2024_study2","nomt_hooper_2024_study2_1",104,"Novel Object Memory Test (NOMT), adapted from Richler, Wilmer & Gauthier (2017), with the novel categories Greebles, Ziggerins and Sheinbugs; English and Spanish instruction versions (Hooper, Tomarken & Gauthier 2024, Behavior Research Methods 57:36), deposit doi:10.6084/m9.figshare.24395098.v2","Participants first studied six target objects from a novel category, then in each test trial selected which of three objects shown was one of the six targets. Targets and distractors were shown from the same angle within a trial. Trials were not timed and each item was scored 0 (incorrect) or 1 (correct); chance is 1/3.",NA,"[three-alternative forced-choice recognition trial: three novel objects are shown and the participant picks the one studied earlier. The stimuli are images, so there is no administered item wording.]",NA,NA,0
"nomt_hooper_2024_study2","nomt_hooper_2024_study2_1",104,"Novel Object Memory Test (NOMT), adapted from Richler, Wilmer & Gauthier (2017), with the novel categories Greebles, Ziggerins and Sheinbugs; English and Spanish instruction versions (Hooper, Tomarken & Gauthier 2024, Behavior Research Methods 57:36), deposit doi:10.6084/m9.figshare.24395098.v2","Participants first studied six target objects from a novel category, then in each test trial selected which of three objects shown was one of the six targets. Targets and distractors were shown from the same angle within a trial. Trials were not timed and each item was scored 0 (incorrect) or 1 (correct); chance is 1/3.",NA,"[three-alternative forced-choice recognition trial: three novel objects are shown and the participant picks the one studied earlier. The stimuli are images, so there is no administered item wording.]",NA,NA,1
"nomt_hooper_2024_study2","nomt_hooper_2024_study2_1",105,"Novel Object Memory Test (NOMT), adapted from Richler, Wilmer & Gauthier (2017), with the novel categories Greebles, Ziggerins and Sheinbugs; English and Spanish instruction versions (Hooper, Tomarken & Gauthier 2024, Behavior Research Methods 57:36), deposit doi:10.6084/m9.figshare.24395098.v2","Participants first studied six target objects from a novel category, then in each test trial selected which of three objects shown was one of the six targets. Targets and distractors were shown from the same angle within a trial. Trials were not timed and each item was scored 0 (incorrect) or 1 (correct); chance is 1/3.",NA,"[three-alternative forced-choice recognition trial: three novel objects are shown and the participant picks the one studied earlier. The stimuli are images, so there is no administered item wording.]",NA,NA,0
"nomt_hooper_2024_study2","nomt_hooper_2024_study2_1",105,"Novel Object Memory Test (NOMT), adapted from Richler, Wilmer & Gauthier (2017), with the novel categories Greebles, Ziggerins and Sheinbugs; English and Spanish instruction versions (Hooper, Tomarken & Gauthier 2024, Behavior Research Methods 57:36), deposit doi:10.6084/m9.figshare.24395098.v2","Participants first studied six target objects from a novel category, then in each test trial selected which of three objects shown was one of the six targets. Targets and distractors were shown from the same angle within a trial. Trials were not timed and each item was scored 0 (incorrect) or 1 (correct); chance is 1/3.",NA,"[three-alternative forced-choice recognition trial: three novel objects are shown and the participant picks the one studied earlier. The stimuli are images, so there is no administered item wording.]",NA,NA,1
"nomt_hooper_2024_study2","nomt_hooper_2024_study2_1",106,"Novel Object Memory Test (NOMT), adapted from Richler, Wilmer & Gauthier (2017), with the novel categories Greebles, Ziggerins and Sheinbugs; English and Spanish instruction versions (Hooper, Tomarken & Gauthier 2024, Behavior Research Methods 57:36), deposit doi:10.6084/m9.figshare.24395098.v2","Participants first studied six target objects from a novel category, then in each test trial selected which of three objects shown was one of the six targets. Targets and distractors were shown from the same angle within a trial. Trials were not timed and each item was scored 0 (incorrect) or 1 (correct); chance is 1/3.",NA,"[three-alternative forced-choice recognition trial: three novel objects are shown and the participant picks the one studied earlier. The stimuli are images, so there is no administered item wording.]",NA,NA,0
"nomt_hooper_2024_study2","nomt_hooper_2024_study2_1",106,"Novel Object Memory Test (NOMT), adapted from Richler, Wilmer & Gauthier (2017), with the novel categories Greebles, Ziggerins and Sheinbugs; English and Spanish instruction versions (Hooper, Tomarken & Gauthier 2024, Behavior Research Methods 57:36), deposit doi:10.6084/m9.figshare.24395098.v2","Participants first studied six target objects from a novel category, then in each test trial selected which of three objects shown was one of the six targets. Targets and distractors were shown from the same angle within a trial. Trials were not timed and each item was scored 0 (incorrect) or 1 (correct); chance is 1/3.",NA,"[three-alternative forced-choice recognition trial: three novel objects are shown and the participant picks the one studied earlier. The stimuli are images, so there is no administered item wording.]",NA,NA,1
"nomt_hooper_2024_study2","nomt_hooper_2024_study2_1",107,"Novel Object Memory Test (NOMT), adapted from Richler, Wilmer & Gauthier (2017), with the novel categories Greebles, Ziggerins and Sheinbugs; English and Spanish instruction versions (Hooper, Tomarken & Gauthier 2024, Behavior Research Methods 57:36), deposit doi:10.6084/m9.figshare.24395098.v2","Participants first studied six target objects from a novel category, then in each test trial selected which of three objects shown was one of the six targets. Targets and distractors were shown from the same angle within a trial. Trials were not timed and each item was scored 0 (incorrect) or 1 (correct); chance is 1/3.",NA,"[three-alternative forced-choice recognition trial: three novel objects are shown and the participant picks the one studied earlier. The stimuli are images, so there is no administered item wording.]",NA,NA,0
"nomt_hooper_2024_study2","nomt_hooper_2024_study2_1",107,"Novel Object Memory Test (NOMT), adapted from Richler, Wilmer & Gauthier (2017), with the novel categories Greebles, Ziggerins and Sheinbugs; English and Spanish instruction versions (Hooper, Tomarken & Gauthier 2024, Behavior Research Methods 57:36), deposit doi:10.6084/m9.figshare.24395098.v2","Participants first studied six target objects from a novel category, then in each test trial selected which of three objects shown was one of the six targets. Targets and distractors were shown from the same angle within a trial. Trials were not timed and each item was scored 0 (incorrect) or 1 (correct); chance is 1/3.",NA,"[three-alternative forced-choice recognition trial: three novel objects are shown and the participant picks the one studied earlier. The stimuli are images, so there is no administered item wording.]",NA,NA,1
"nomt_hooper_2024_study2","nomt_hooper_2024_study2_1",108,"Novel Object Memory Test (NOMT), adapted from Richler, Wilmer & Gauthier (2017), with the novel categories Greebles, Ziggerins and Sheinbugs; English and Spanish instruction versions (Hooper, Tomarken & Gauthier 2024, Behavior Research Methods 57:36), deposit doi:10.6084/m9.figshare.24395098.v2","Participants first studied six target objects from a novel category, then in each test trial selected which of three objects shown was one of the six targets. Targets and distractors were shown from the same angle within a trial. Trials were not timed and each item was scored 0 (incorrect) or 1 (correct); chance is 1/3.",NA,"[three-alternative forced-choice recognition trial: three novel objects are shown and the participant picks the one studied earlier. The stimuli are images, so there is no administered item wording.]",NA,NA,0
"nomt_hooper_2024_study2","nomt_hooper_2024_study2_1",108,"Novel Object Memory Test (NOMT), adapted from Richler, Wilmer & Gauthier (2017), with the novel categories Greebles, Ziggerins and Sheinbugs; English and Spanish instruction versions (Hooper, Tomarken & Gauthier 2024, Behavior Research Methods 57:36), deposit doi:10.6084/m9.figshare.24395098.v2","Participants first studied six target objects from a novel category, then in each test trial selected which of three objects shown was one of the six targets. Targets and distractors were shown from the same angle within a trial. Trials were not timed and each item was scored 0 (incorrect) or 1 (correct); chance is 1/3.",NA,"[three-alternative forced-choice recognition trial: three novel objects are shown and the participant picks the one studied earlier. The stimuli are images, so there is no administered item wording.]",NA,NA,1
"nomt_hooper_2024_study2","nomt_hooper_2024_study2_1",109,"Novel Object Memory Test (NOMT), adapted from Richler, Wilmer & Gauthier (2017), with the novel categories Greebles, Ziggerins and Sheinbugs; English and Spanish instruction versions (Hooper, Tomarken & Gauthier 2024, Behavior Research Methods 57:36), deposit doi:10.6084/m9.figshare.24395098.v2","Participants first studied six target objects from a novel category, then in each test trial selected which of three objects shown was one of the six targets. Targets and distractors were shown from the same angle within a trial. Trials were not timed and each item was scored 0 (incorrect) or 1 (correct); chance is 1/3.",NA,"[three-alternative forced-choice recognition trial: three novel objects are shown and the participant picks the one studied earlier. The stimuli are images, so there is no administered item wording.]",NA,NA,0
"nomt_hooper_2024_study2","nomt_hooper_2024_study2_1",109,"Novel Object Memory Test (NOMT), adapted from Richler, Wilmer & Gauthier (2017), with the novel categories Greebles, Ziggerins and Sheinbugs; English and Spanish instruction versions (Hooper, Tomarken & Gauthier 2024, Behavior Research Methods 57:36), deposit doi:10.6084/m9.figshare.24395098.v2","Participants first studied six target objects from a novel category, then in each test trial selected which of three objects shown was one of the six targets. Targets and distractors were shown from the same angle within a trial. Trials were not timed and each item was scored 0 (incorrect) or 1 (correct); chance is 1/3.",NA,"[three-alternative forced-choice recognition trial: three novel objects are shown and the participant picks the one studied earlier. The stimuli are images, so there is no administered item wording.]",NA,NA,1
"nomt_hooper_2024_study2","nomt_hooper_2024_study2_1",115,"Novel Object Memory Test (NOMT), adapted from Richler, Wilmer & Gauthier (2017), with the novel categories Greebles, Ziggerins and Sheinbugs; English and Spanish instruction versions (Hooper, Tomarken & Gauthier 2024, Behavior Research Methods 57:36), deposit doi:10.6084/m9.figshare.24395098.v2","Participants first studied six target objects from a novel category, then in each test trial selected which of three objects shown was one of the six targets. Targets and distractors were shown from the same angle within a trial. Trials were not timed and each item was scored 0 (incorrect) or 1 (correct); chance is 1/3.",NA,"[three-alternative forced-choice recognition trial: three novel objects are shown and the participant picks the one studied earlier. The stimuli are images, so there is no administered item wording.]",NA,NA,0
"nomt_hooper_2024_study2","nomt_hooper_2024_study2_1",115,"Novel Object Memory Test (NOMT), adapted from Richler, Wilmer & Gauthier (2017), with the novel categories Greebles, Ziggerins and Sheinbugs; English and Spanish instruction versions (Hooper, Tomarken & Gauthier 2024, Behavior Research Methods 57:36), deposit doi:10.6084/m9.figshare.24395098.v2","Participants first studied six target objects from a novel category, then in each test trial selected which of three objects shown was one of the six targets. Targets and distractors were shown from the same angle within a trial. Trials were not timed and each item was scored 0 (incorrect) or 1 (correct); chance is 1/3.",NA,"[three-alternative forced-choice recognition trial: three novel objects are shown and the participant picks the one studied earlier. The stimuli are images, so there is no administered item wording.]",NA,NA,1
"nomt_hooper_2024_study2","nomt_hooper_2024_study2_1",116,"Novel Object Memory Test (NOMT), adapted from Richler, Wilmer & Gauthier (2017), with the novel categories Greebles, Ziggerins and Sheinbugs; English and Spanish instruction versions (Hooper, Tomarken & Gauthier 2024, Behavior Research Methods 57:36), deposit doi:10.6084/m9.figshare.24395098.v2","Participants first studied six target objects from a novel category, then in each test trial selected which of three objects shown was one of the six targets. Targets and distractors were shown from the same angle within a trial. Trials were not timed and each item was scored 0 (incorrect) or 1 (correct); chance is 1/3.",NA,"[three-alternative forced-choice recognition trial: three novel objects are shown and the participant picks the one studied earlier. The stimuli are images, so there is no administered item wording.]",NA,NA,0
"nomt_hooper_2024_study2","nomt_hooper_2024_study2_1",116,"Novel Object Memory Test (NOMT), adapted from Richler, Wilmer & Gauthier (2017), with the novel categories Greebles, Ziggerins and Sheinbugs; English and Spanish instruction versions (Hooper, Tomarken & Gauthier 2024, Behavior Research Methods 57:36), deposit doi:10.6084/m9.figshare.24395098.v2","Participants first studied six target objects from a novel category, then in each test trial selected which of three objects shown was one of the six targets. Targets and distractors were shown from the same angle within a trial. Trials were not timed and each item was scored 0 (incorrect) or 1 (correct); chance is 1/3.",NA,"[three-alternative forced-choice recognition trial: three novel objects are shown and the participant picks the one studied earlier. The stimuli are images, so there is no administered item wording.]",NA,NA,1
"nomt_hooper_2024_study2","nomt_hooper_2024_study2_1",117,"Novel Object Memory Test (NOMT), adapted from Richler, Wilmer & Gauthier (2017), with the novel categories Greebles, Ziggerins and Sheinbugs; English and Spanish instruction versions (Hooper, Tomarken & Gauthier 2024, Behavior Research Methods 57:36), deposit doi:10.6084/m9.figshare.24395098.v2","Participants first studied six target objects from a novel category, then in each test trial selected which of three objects shown was one of the six targets. Targets and distractors were shown from the same angle within a trial. Trials were not timed and each item was scored 0 (incorrect) or 1 (correct); chance is 1/3.",NA,"[three-alternative forced-choice recognition trial: three novel objects are shown and the participant picks the one studied earlier. The stimuli are images, so there is no administered item wording.]",NA,NA,0
"nomt_hooper_2024_study2","nomt_hooper_2024_study2_1",117,"Novel Object Memory Test (NOMT), adapted from Richler, Wilmer & Gauthier (2017), with the novel categories Greebles, Ziggerins and Sheinbugs; English and Spanish instruction versions (Hooper, Tomarken & Gauthier 2024, Behavior Research Methods 57:36), deposit doi:10.6084/m9.figshare.24395098.v2","Participants first studied six target objects from a novel category, then in each test trial selected which of three objects shown was one of the six targets. Targets and distractors were shown from the same angle within a trial. Trials were not timed and each item was scored 0 (incorrect) or 1 (correct); chance is 1/3.",NA,"[three-alternative forced-choice recognition trial: three novel objects are shown and the participant picks the one studied earlier. The stimuli are images, so there is no administered item wording.]",NA,NA,1
"nomt_hooper_2024_study2","nomt_hooper_2024_study2_1",122,"Novel Object Memory Test (NOMT), adapted from Richler, Wilmer & Gauthier (2017), with the novel categories Greebles, Ziggerins and Sheinbugs; English and Spanish instruction versions (Hooper, Tomarken & Gauthier 2024, Behavior Research Methods 57:36), deposit doi:10.6084/m9.figshare.24395098.v2","Participants first studied six target objects from a novel category, then in each test trial selected which of three objects shown was one of the six targets. Targets and distractors were shown from the same angle within a trial. Trials were not timed and each item was scored 0 (incorrect) or 1 (correct); chance is 1/3.",NA,"[three-alternative forced-choice recognition trial: three novel objects are shown and the participant picks the one studied earlier. The stimuli are images, so there is no administered item wording.]",NA,NA,0
"nomt_hooper_2024_study2","nomt_hooper_2024_study2_1",122,"Novel Object Memory Test (NOMT), adapted from Richler, Wilmer & Gauthier (2017), with the novel categories Greebles, Ziggerins and Sheinbugs; English and Spanish instruction versions (Hooper, Tomarken & Gauthier 2024, Behavior Research Methods 57:36), deposit doi:10.6084/m9.figshare.24395098.v2","Participants first studied six target objects from a novel category, then in each test trial selected which of three objects shown was one of the six targets. Targets and distractors were shown from the same angle within a trial. Trials were not timed and each item was scored 0 (incorrect) or 1 (correct); chance is 1/3.",NA,"[three-alternative forced-choice recognition trial: three novel objects are shown and the participant picks the one studied earlier. The stimuli are images, so there is no administered item wording.]",NA,NA,1
"nomt_hooper_2024_study2","nomt_hooper_2024_study2_1",123,"Novel Object Memory Test (NOMT), adapted from Richler, Wilmer & Gauthier (2017), with the novel categories Greebles, Ziggerins and Sheinbugs; English and Spanish instruction versions (Hooper, Tomarken & Gauthier 2024, Behavior Research Methods 57:36), deposit doi:10.6084/m9.figshare.24395098.v2","Participants first studied six target objects from a novel category, then in each test trial selected which of three objects shown was one of the six targets. Targets and distractors were shown from the same angle within a trial. Trials were not timed and each item was scored 0 (incorrect) or 1 (correct); chance is 1/3.",NA,"[three-alternative forced-choice recognition trial: three novel objects are shown and the participant picks the one studied earlier. The stimuli are images, so there is no administered item wording.]",NA,NA,0
"nomt_hooper_2024_study2","nomt_hooper_2024_study2_1",123,"Novel Object Memory Test (NOMT), adapted from Richler, Wilmer & Gauthier (2017), with the novel categories Greebles, Ziggerins and Sheinbugs; English and Spanish instruction versions (Hooper, Tomarken & Gauthier 2024, Behavior Research Methods 57:36), deposit doi:10.6084/m9.figshare.24395098.v2","Participants first studied six target objects from a novel category, then in each test trial selected which of three objects shown was one of the six targets. Targets and distractors were shown from the same angle within a trial. Trials were not timed and each item was scored 0 (incorrect) or 1 (correct); chance is 1/3.",NA,"[three-alternative forced-choice recognition trial: three novel objects are shown and the participant picks the one studied earlier. The stimuli are images, so there is no administered item wording.]",NA,NA,1
"nomt_hooper_2024_study2","nomt_hooper_2024_study2_1",124,"Novel Object Memory Test (NOMT), adapted from Richler, Wilmer & Gauthier (2017), with the novel categories Greebles, Ziggerins and Sheinbugs; English and Spanish instruction versions (Hooper, Tomarken & Gauthier 2024, Behavior Research Methods 57:36), deposit doi:10.6084/m9.figshare.24395098.v2","Participants first studied six target objects from a novel category, then in each test trial selected which of three objects shown was one of the six targets. Targets and distractors were shown from the same angle within a trial. Trials were not timed and each item was scored 0 (incorrect) or 1 (correct); chance is 1/3.",NA,"[three-alternative forced-choice recognition trial: three novel objects are shown and the participant picks the one studied earlier. The stimuli are images, so there is no administered item wording.]",NA,NA,0
"nomt_hooper_2024_study2","nomt_hooper_2024_study2_1",124,"Novel Object Memory Test (NOMT), adapted from Richler, Wilmer & Gauthier (2017), with the novel categories Greebles, Ziggerins and Sheinbugs; English and Spanish instruction versions (Hooper, Tomarken & Gauthier 2024, Behavior Research Methods 57:36), deposit doi:10.6084/m9.figshare.24395098.v2","Participants first studied six target objects from a novel category, then in each test trial selected which of three objects shown was one of the six targets. Targets and distractors were shown from the same angle within a trial. Trials were not timed and each item was scored 0 (incorrect) or 1 (correct); chance is 1/3.",NA,"[three-alternative forced-choice recognition trial: three novel objects are shown and the participant picks the one studied earlier. The stimuli are images, so there is no administered item wording.]",NA,NA,1
"nomt_hooper_2024_study2","nomt_hooper_2024_study2_1",129,"Novel Object Memory Test (NOMT), adapted from Richler, Wilmer & Gauthier (2017), with the novel categories Greebles, Ziggerins and Sheinbugs; English and Spanish instruction versions (Hooper, Tomarken & Gauthier 2024, Behavior Research Methods 57:36), deposit doi:10.6084/m9.figshare.24395098.v2","Participants first studied six target objects from a novel category, then in each test trial selected which of three objects shown was one of the six targets. Targets and distractors were shown from the same angle within a trial. Trials were not timed and each item was scored 0 (incorrect) or 1 (correct); chance is 1/3.",NA,"[three-alternative forced-choice recognition trial: three novel objects are shown and the participant picks the one studied earlier. The stimuli are images, so there is no administered item wording.]",NA,NA,0
"nomt_hooper_2024_study2","nomt_hooper_2024_study2_1",129,"Novel Object Memory Test (NOMT), adapted from Richler, Wilmer & Gauthier (2017), with the novel categories Greebles, Ziggerins and Sheinbugs; English and Spanish instruction versions (Hooper, Tomarken & Gauthier 2024, Behavior Research Methods 57:36), deposit doi:10.6084/m9.figshare.24395098.v2","Participants first studied six target objects from a novel category, then in each test trial selected which of three objects shown was one of the six targets. Targets and distractors were shown from the same angle within a trial. Trials were not timed and each item was scored 0 (incorrect) or 1 (correct); chance is 1/3.",NA,"[three-alternative forced-choice recognition trial: three novel objects are shown and the participant picks the one studied earlier. The stimuli are images, so there is no administered item wording.]",NA,NA,1
"nomt_hooper_2024_study2","nomt_hooper_2024_study2_1",130,"Novel Object Memory Test (NOMT), adapted from Richler, Wilmer & Gauthier (2017), with the novel categories Greebles, Ziggerins and Sheinbugs; English and Spanish instruction versions (Hooper, Tomarken & Gauthier 2024, Behavior Research Methods 57:36), deposit doi:10.6084/m9.figshare.24395098.v2","Participants first studied six target objects from a novel category, then in each test trial selected which of three objects shown was one of the six targets. Targets and distractors were shown from the same angle within a trial. Trials were not timed and each item was scored 0 (incorrect) or 1 (correct); chance is 1/3.",NA,"[three-alternative forced-choice recognition trial: three novel objects are shown and the participant picks the one studied earlier. The stimuli are images, so there is no administered item wording.]",NA,NA,0
"nomt_hooper_2024_study2","nomt_hooper_2024_study2_1",130,"Novel Object Memory Test (NOMT), adapted from Richler, Wilmer & Gauthier (2017), with the novel categories Greebles, Ziggerins and Sheinbugs; English and Spanish instruction versions (Hooper, Tomarken & Gauthier 2024, Behavior Research Methods 57:36), deposit doi:10.6084/m9.figshare.24395098.v2","Participants first studied six target objects from a novel category, then in each test trial selected which of three objects shown was one of the six targets. Targets and distractors were shown from the same angle within a trial. Trials were not timed and each item was scored 0 (incorrect) or 1 (correct); chance is 1/3.",NA,"[three-alternative forced-choice recognition trial: three novel objects are shown and the participant picks the one studied earlier. The stimuli are images, so there is no administered item wording.]",NA,NA,1
"nomt_hooper_2024_study2","nomt_hooper_2024_study2_1",131,"Novel Object Memory Test (NOMT), adapted from Richler, Wilmer & Gauthier (2017), with the novel categories Greebles, Ziggerins and Sheinbugs; English and Spanish instruction versions (Hooper, Tomarken & Gauthier 2024, Behavior Research Methods 57:36), deposit doi:10.6084/m9.figshare.24395098.v2","Participants first studied six target objects from a novel category, then in each test trial selected which of three objects shown was one of the six targets. Targets and distractors were shown from the same angle within a trial. Trials were not timed and each item was scored 0 (incorrect) or 1 (correct); chance is 1/3.",NA,"[three-alternative forced-choice recognition trial: three novel objects are shown and the participant picks the one studied earlier. The stimuli are images, so there is no administered item wording.]",NA,NA,0
"nomt_hooper_2024_study2","nomt_hooper_2024_study2_1",131,"Novel Object Memory Test (NOMT), adapted from Richler, Wilmer & Gauthier (2017), with the novel categories Greebles, Ziggerins and Sheinbugs; English and Spanish instruction versions (Hooper, Tomarken & Gauthier 2024, Behavior Research Methods 57:36), deposit doi:10.6084/m9.figshare.24395098.v2","Participants first studied six target objects from a novel category, then in each test trial selected which of three objects shown was one of the six targets. Targets and distractors were shown from the same angle within a trial. Trials were not timed and each item was scored 0 (incorrect) or 1 (correct); chance is 1/3.",NA,"[three-alternative forced-choice recognition trial: three novel objects are shown and the participant picks the one studied earlier. The stimuli are images, so there is no administered item wording.]",NA,NA,1
"nomt_hooper_2024_study2","nomt_hooper_2024_study2_1",136,"Novel Object Memory Test (NOMT), adapted from Richler, Wilmer & Gauthier (2017), with the novel categories Greebles, Ziggerins and Sheinbugs; English and Spanish instruction versions (Hooper, Tomarken & Gauthier 2024, Behavior Research Methods 57:36), deposit doi:10.6084/m9.figshare.24395098.v2","Participants first studied six target objects from a novel category, then in each test trial selected which of three objects shown was one of the six targets. Targets and distractors were shown from the same angle within a trial. Trials were not timed and each item was scored 0 (incorrect) or 1 (correct); chance is 1/3.",NA,"[three-alternative forced-choice recognition trial: three novel objects are shown and the participant picks the one studied earlier. The stimuli are images, so there is no administered item wording.]",NA,NA,0
"nomt_hooper_2024_study2","nomt_hooper_2024_study2_1",136,"Novel Object Memory Test (NOMT), adapted from Richler, Wilmer & Gauthier (2017), with the novel categories Greebles, Ziggerins and Sheinbugs; English and Spanish instruction versions (Hooper, Tomarken & Gauthier 2024, Behavior Research Methods 57:36), deposit doi:10.6084/m9.figshare.24395098.v2","Participants first studied six target objects from a novel category, then in each test trial selected which of three objects shown was one of the six targets. Targets and distractors were shown from the same angle within a trial. Trials were not timed and each item was scored 0 (incorrect) or 1 (correct); chance is 1/3.",NA,"[three-alternative forced-choice recognition trial: three novel objects are shown and the participant picks the one studied earlier. The stimuli are images, so there is no administered item wording.]",NA,NA,1
"nomt_hooper_2024_study2","nomt_hooper_2024_study2_1",137,"Novel Object Memory Test (NOMT), adapted from Richler, Wilmer & Gauthier (2017), with the novel categories Greebles, Ziggerins and Sheinbugs; English and Spanish instruction versions (Hooper, Tomarken & Gauthier 2024, Behavior Research Methods 57:36), deposit doi:10.6084/m9.figshare.24395098.v2","Participants first studied six target objects from a novel category, then in each test trial selected which of three objects shown was one of the six targets. Targets and distractors were shown from the same angle within a trial. Trials were not timed and each item was scored 0 (incorrect) or 1 (correct); chance is 1/3.",NA,"[three-alternative forced-choice recognition trial: three novel objects are shown and the participant picks the one studied earlier. The stimuli are images, so there is no administered item wording.]",NA,NA,0
"nomt_hooper_2024_study2","nomt_hooper_2024_study2_1",137,"Novel Object Memory Test (NOMT), adapted from Richler, Wilmer & Gauthier (2017), with the novel categories Greebles, Ziggerins and Sheinbugs; English and Spanish instruction versions (Hooper, Tomarken & Gauthier 2024, Behavior Research Methods 57:36), deposit doi:10.6084/m9.figshare.24395098.v2","Participants first studied six target objects from a novel category, then in each test trial selected which of three objects shown was one of the six targets. Targets and distractors were shown from the same angle within a trial. Trials were not timed and each item was scored 0 (incorrect) or 1 (correct); chance is 1/3.",NA,"[three-alternative forced-choice recognition trial: three novel objects are shown and the participant picks the one studied earlier. The stimuli are images, so there is no administered item wording.]",NA,NA,1
"nomt_hooper_2024_study2","nomt_hooper_2024_study2_1",138,"Novel Object Memory Test (NOMT), adapted from Richler, Wilmer & Gauthier (2017), with the novel categories Greebles, Ziggerins and Sheinbugs; English and Spanish instruction versions (Hooper, Tomarken & Gauthier 2024, Behavior Research Methods 57:36), deposit doi:10.6084/m9.figshare.24395098.v2","Participants first studied six target objects from a novel category, then in each test trial selected which of three objects shown was one of the six targets. Targets and distractors were shown from the same angle within a trial. Trials were not timed and each item was scored 0 (incorrect) or 1 (correct); chance is 1/3.",NA,"[three-alternative forced-choice recognition trial: three novel objects are shown and the participant picks the one studied earlier. The stimuli are images, so there is no administered item wording.]",NA,NA,0
"nomt_hooper_2024_study2","nomt_hooper_2024_study2_1",138,"Novel Object Memory Test (NOMT), adapted from Richler, Wilmer & Gauthier (2017), with the novel categories Greebles, Ziggerins and Sheinbugs; English and Spanish instruction versions (Hooper, Tomarken & Gauthier 2024, Behavior Research Methods 57:36), deposit doi:10.6084/m9.figshare.24395098.v2","Participants first studied six target objects from a novel category, then in each test trial selected which of three objects shown was one of the six targets. Targets and distractors were shown from the same angle within a trial. Trials were not timed and each item was scored 0 (incorrect) or 1 (correct); chance is 1/3.",NA,"[three-alternative forced-choice recognition trial: three novel objects are shown and the participant picks the one studied earlier. The stimuli are images, so there is no administered item wording.]",NA,NA,1
"nomt_hooper_2024_study2","nomt_hooper_2024_study2_1",143,"Novel Object Memory Test (NOMT), adapted from Richler, Wilmer & Gauthier (2017), with the novel categories Greebles, Ziggerins and Sheinbugs; English and Spanish instruction versions (Hooper, Tomarken & Gauthier 2024, Behavior Research Methods 57:36), deposit doi:10.6084/m9.figshare.24395098.v2","Participants first studied six target objects from a novel category, then in each test trial selected which of three objects shown was one of the six targets. Targets and distractors were shown from the same angle within a trial. Trials were not timed and each item was scored 0 (incorrect) or 1 (correct); chance is 1/3.",NA,"[three-alternative forced-choice recognition trial: three novel objects are shown and the participant picks the one studied earlier. The stimuli are images, so there is no administered item wording.]",NA,NA,0
"nomt_hooper_2024_study2","nomt_hooper_2024_study2_1",143,"Novel Object Memory Test (NOMT), adapted from Richler, Wilmer & Gauthier (2017), with the novel categories Greebles, Ziggerins and Sheinbugs; English and Spanish instruction versions (Hooper, Tomarken & Gauthier 2024, Behavior Research Methods 57:36), deposit doi:10.6084/m9.figshare.24395098.v2","Participants first studied six target objects from a novel category, then in each test trial selected which of three objects shown was one of the six targets. Targets and distractors were shown from the same angle within a trial. Trials were not timed and each item was scored 0 (incorrect) or 1 (correct); chance is 1/3.",NA,"[three-alternative forced-choice recognition trial: three novel objects are shown and the participant picks the one studied earlier. The stimuli are images, so there is no administered item wording.]",NA,NA,1
"nomt_hooper_2024_study2","nomt_hooper_2024_study2_1",144,"Novel Object Memory Test (NOMT), adapted from Richler, Wilmer & Gauthier (2017), with the novel categories Greebles, Ziggerins and Sheinbugs; English and Spanish instruction versions (Hooper, Tomarken & Gauthier 2024, Behavior Research Methods 57:36), deposit doi:10.6084/m9.figshare.24395098.v2","Participants first studied six target objects from a novel category, then in each test trial selected which of three objects shown was one of the six targets. Targets and distractors were shown from the same angle within a trial. Trials were not timed and each item was scored 0 (incorrect) or 1 (correct); chance is 1/3.",NA,"[three-alternative forced-choice recognition trial: three novel objects are shown and the participant picks the one studied earlier. The stimuli are images, so there is no administered item wording.]",NA,NA,0
"nomt_hooper_2024_study2","nomt_hooper_2024_study2_1",144,"Novel Object Memory Test (NOMT), adapted from Richler, Wilmer & Gauthier (2017), with the novel categories Greebles, Ziggerins and Sheinbugs; English and Spanish instruction versions (Hooper, Tomarken & Gauthier 2024, Behavior Research Methods 57:36), deposit doi:10.6084/m9.figshare.24395098.v2","Participants first studied six target objects from a novel category, then in each test trial selected which of three objects shown was one of the six targets. Targets and distractors were shown from the same angle within a trial. Trials were not timed and each item was scored 0 (incorrect) or 1 (correct); chance is 1/3.",NA,"[three-alternative forced-choice recognition trial: three novel objects are shown and the participant picks the one studied earlier. The stimuli are images, so there is no administered item wording.]",NA,NA,1
"nomt_hooper_2024_study2","nomt_hooper_2024_study2_1",145,"Novel Object Memory Test (NOMT), adapted from Richler, Wilmer & Gauthier (2017), with the novel categories Greebles, Ziggerins and Sheinbugs; English and Spanish instruction versions (Hooper, Tomarken & Gauthier 2024, Behavior Research Methods 57:36), deposit doi:10.6084/m9.figshare.24395098.v2","Participants first studied six target objects from a novel category, then in each test trial selected which of three objects shown was one of the six targets. Targets and distractors were shown from the same angle within a trial. Trials were not timed and each item was scored 0 (incorrect) or 1 (correct); chance is 1/3.",NA,"[three-alternative forced-choice recognition trial: three novel objects are shown and the participant picks the one studied earlier. The stimuli are images, so there is no administered item wording.]",NA,NA,0
"nomt_hooper_2024_study2","nomt_hooper_2024_study2_1",145,"Novel Object Memory Test (NOMT), adapted from Richler, Wilmer & Gauthier (2017), with the novel categories Greebles, Ziggerins and Sheinbugs; English and Spanish instruction versions (Hooper, Tomarken & Gauthier 2024, Behavior Research Methods 57:36), deposit doi:10.6084/m9.figshare.24395098.v2","Participants first studied six target objects from a novel category, then in each test trial selected which of three objects shown was one of the six targets. Targets and distractors were shown from the same angle within a trial. Trials were not timed and each item was scored 0 (incorrect) or 1 (correct); chance is 1/3.",NA,"[three-alternative forced-choice recognition trial: three novel objects are shown and the participant picks the one studied earlier. The stimuli are images, so there is no administered item wording.]",NA,NA,1
"nomt_hooper_2024_study2","nomt_hooper_2024_study2_1",150,"Novel Object Memory Test (NOMT), adapted from Richler, Wilmer & Gauthier (2017), with the novel categories Greebles, Ziggerins and Sheinbugs; English and Spanish instruction versions (Hooper, Tomarken & Gauthier 2024, Behavior Research Methods 57:36), deposit doi:10.6084/m9.figshare.24395098.v2","Participants first studied six target objects from a novel category, then in each test trial selected which of three objects shown was one of the six targets. Targets and distractors were shown from the same angle within a trial. Trials were not timed and each item was scored 0 (incorrect) or 1 (correct); chance is 1/3.",NA,"[three-alternative forced-choice recognition trial: three novel objects are shown and the participant picks the one studied earlier. The stimuli are images, so there is no administered item wording.]",NA,NA,0
"nomt_hooper_2024_study2","nomt_hooper_2024_study2_1",150,"Novel Object Memory Test (NOMT), adapted from Richler, Wilmer & Gauthier (2017), with the novel categories Greebles, Ziggerins and Sheinbugs; English and Spanish instruction versions (Hooper, Tomarken & Gauthier 2024, Behavior Research Methods 57:36), deposit doi:10.6084/m9.figshare.24395098.v2","Participants first studied six target objects from a novel category, then in each test trial selected which of three objects shown was one of the six targets. Targets and distractors were shown from the same angle within a trial. Trials were not timed and each item was scored 0 (incorrect) or 1 (correct); chance is 1/3.",NA,"[three-alternative forced-choice recognition trial: three novel objects are shown and the participant picks the one studied earlier. The stimuli are images, so there is no administered item wording.]",NA,NA,1
"nomt_hooper_2024_study2","nomt_hooper_2024_study2_1",151,"Novel Object Memory Test (NOMT), adapted from Richler, Wilmer & Gauthier (2017), with the novel categories Greebles, Ziggerins and Sheinbugs; English and Spanish instruction versions (Hooper, Tomarken & Gauthier 2024, Behavior Research Methods 57:36), deposit doi:10.6084/m9.figshare.24395098.v2","Participants first studied six target objects from a novel category, then in each test trial selected which of three objects shown was one of the six targets. Targets and distractors were shown from the same angle within a trial. Trials were not timed and each item was scored 0 (incorrect) or 1 (correct); chance is 1/3.",NA,"[three-alternative forced-choice recognition trial: three novel objects are shown and the participant picks the one studied earlier. The stimuli are images, so there is no administered item wording.]",NA,NA,0
"nomt_hooper_2024_study2","nomt_hooper_2024_study2_1",151,"Novel Object Memory Test (NOMT), adapted from Richler, Wilmer & Gauthier (2017), with the novel categories Greebles, Ziggerins and Sheinbugs; English and Spanish instruction versions (Hooper, Tomarken & Gauthier 2024, Behavior Research Methods 57:36), deposit doi:10.6084/m9.figshare.24395098.v2","Participants first studied six target objects from a novel category, then in each test trial selected which of three objects shown was one of the six targets. Targets and distractors were shown from the same angle within a trial. Trials were not timed and each item was scored 0 (incorrect) or 1 (correct); chance is 1/3.",NA,"[three-alternative forced-choice recognition trial: three novel objects are shown and the participant picks the one studied earlier. The stimuli are images, so there is no administered item wording.]",NA,NA,1
"nomt_hooper_2024_study2","nomt_hooper_2024_study2_1",152,"Novel Object Memory Test (NOMT), adapted from Richler, Wilmer & Gauthier (2017), with the novel categories Greebles, Ziggerins and Sheinbugs; English and Spanish instruction versions (Hooper, Tomarken & Gauthier 2024, Behavior Research Methods 57:36), deposit doi:10.6084/m9.figshare.24395098.v2","Participants first studied six target objects from a novel category, then in each test trial selected which of three objects shown was one of the six targets. Targets and distractors were shown from the same angle within a trial. Trials were not timed and each item was scored 0 (incorrect) or 1 (correct); chance is 1/3.",NA,"[three-alternative forced-choice recognition trial: three novel objects are shown and the participant picks the one studied earlier. The stimuli are images, so there is no administered item wording.]",NA,NA,0
"nomt_hooper_2024_study2","nomt_hooper_2024_study2_1",152,"Novel Object Memory Test (NOMT), adapted from Richler, Wilmer & Gauthier (2017), with the novel categories Greebles, Ziggerins and Sheinbugs; English and Spanish instruction versions (Hooper, Tomarken & Gauthier 2024, Behavior Research Methods 57:36), deposit doi:10.6084/m9.figshare.24395098.v2","Participants first studied six target objects from a novel category, then in each test trial selected which of three objects shown was one of the six targets. Targets and distractors were shown from the same angle within a trial. Trials were not timed and each item was scored 0 (incorrect) or 1 (correct); chance is 1/3.",NA,"[three-alternative forced-choice recognition trial: three novel objects are shown and the participant picks the one studied earlier. The stimuli are images, so there is no administered item wording.]",NA,NA,1
"nomt_hooper_2024_study2","nomt_hooper_2024_study2_1",156,"Novel Object Memory Test (NOMT), adapted from Richler, Wilmer & Gauthier (2017), with the novel categories Greebles, Ziggerins and Sheinbugs; English and Spanish instruction versions (Hooper, Tomarken & Gauthier 2024, Behavior Research Methods 57:36), deposit doi:10.6084/m9.figshare.24395098.v2","Participants first studied six target objects from a novel category, then in each test trial selected which of three objects shown was one of the six targets. Targets and distractors were shown from the same angle within a trial. Trials were not timed and each item was scored 0 (incorrect) or 1 (correct); chance is 1/3.",NA,"[three-alternative forced-choice recognition trial: three novel objects are shown and the participant picks the one studied earlier. The stimuli are images, so there is no administered item wording.]",NA,NA,0
"nomt_hooper_2024_study2","nomt_hooper_2024_study2_1",156,"Novel Object Memory Test (NOMT), adapted from Richler, Wilmer & Gauthier (2017), with the novel categories Greebles, Ziggerins and Sheinbugs; English and Spanish instruction versions (Hooper, Tomarken & Gauthier 2024, Behavior Research Methods 57:36), deposit doi:10.6084/m9.figshare.24395098.v2","Participants first studied six target objects from a novel category, then in each test trial selected which of three objects shown was one of the six targets. Targets and distractors were shown from the same angle within a trial. Trials were not timed and each item was scored 0 (incorrect) or 1 (correct); chance is 1/3.",NA,"[three-alternative forced-choice recognition trial: three novel objects are shown and the participant picks the one studied earlier. The stimuli are images, so there is no administered item wording.]",NA,NA,1
"nomt_hooper_2024_study2","nomt_hooper_2024_study2_1",157,"Novel Object Memory Test (NOMT), adapted from Richler, Wilmer & Gauthier (2017), with the novel categories Greebles, Ziggerins and Sheinbugs; English and Spanish instruction versions (Hooper, Tomarken & Gauthier 2024, Behavior Research Methods 57:36), deposit doi:10.6084/m9.figshare.24395098.v2","Participants first studied six target objects from a novel category, then in each test trial selected which of three objects shown was one of the six targets. Targets and distractors were shown from the same angle within a trial. Trials were not timed and each item was scored 0 (incorrect) or 1 (correct); chance is 1/3.",NA,"[three-alternative forced-choice recognition trial: three novel objects are shown and the participant picks the one studied earlier. The stimuli are images, so there is no administered item wording.]",NA,NA,0
"nomt_hooper_2024_study2","nomt_hooper_2024_study2_1",157,"Novel Object Memory Test (NOMT), adapted from Richler, Wilmer & Gauthier (2017), with the novel categories Greebles, Ziggerins and Sheinbugs; English and Spanish instruction versions (Hooper, Tomarken & Gauthier 2024, Behavior Research Methods 57:36), deposit doi:10.6084/m9.figshare.24395098.v2","Participants first studied six target objects from a novel category, then in each test trial selected which of three objects shown was one of the six targets. Targets and distractors were shown from the same angle within a trial. Trials were not timed and each item was scored 0 (incorrect) or 1 (correct); chance is 1/3.",NA,"[three-alternative forced-choice recognition trial: three novel objects are shown and the participant picks the one studied earlier. The stimuli are images, so there is no administered item wording.]",NA,NA,1
"nomt_hooper_2024_study2","nomt_hooper_2024_study2_1",158,"Novel Object Memory Test (NOMT), adapted from Richler, Wilmer & Gauthier (2017), with the novel categories Greebles, Ziggerins and Sheinbugs; English and Spanish instruction versions (Hooper, Tomarken & Gauthier 2024, Behavior Research Methods 57:36), deposit doi:10.6084/m9.figshare.24395098.v2","Participants first studied six target objects from a novel category, then in each test trial selected which of three objects shown was one of the six targets. Targets and distractors were shown from the same angle within a trial. Trials were not timed and each item was scored 0 (incorrect) or 1 (correct); chance is 1/3.",NA,"[three-alternative forced-choice recognition trial: three novel objects are shown and the participant picks the one studied earlier. The stimuli are images, so there is no administered item wording.]",NA,NA,0
"nomt_hooper_2024_study2","nomt_hooper_2024_study2_1",158,"Novel Object Memory Test (NOMT), adapted from Richler, Wilmer & Gauthier (2017), with the novel categories Greebles, Ziggerins and Sheinbugs; English and Spanish instruction versions (Hooper, Tomarken & Gauthier 2024, Behavior Research Methods 57:36), deposit doi:10.6084/m9.figshare.24395098.v2","Participants first studied six target objects from a novel category, then in each test trial selected which of three objects shown was one of the six targets. Targets and distractors were shown from the same angle within a trial. Trials were not timed and each item was scored 0 (incorrect) or 1 (correct); chance is 1/3.",NA,"[three-alternative forced-choice recognition trial: three novel objects are shown and the participant picks the one studied earlier. The stimuli are images, so there is no administered item wording.]",NA,NA,1
"nomt_hooper_2024_study2","nomt_hooper_2024_study2_1",159,"Novel Object Memory Test (NOMT), adapted from Richler, Wilmer & Gauthier (2017), with the novel categories Greebles, Ziggerins and Sheinbugs; English and Spanish instruction versions (Hooper, Tomarken & Gauthier 2024, Behavior Research Methods 57:36), deposit doi:10.6084/m9.figshare.24395098.v2","Participants first studied six target objects from a novel category, then in each test trial selected which of three objects shown was one of the six targets. Targets and distractors were shown from the same angle within a trial. Trials were not timed and each item was scored 0 (incorrect) or 1 (correct); chance is 1/3.",NA,"[three-alternative forced-choice recognition trial: three novel objects are shown and the participant picks the one studied earlier. The stimuli are images, so there is no administered item wording.]",NA,NA,0
"nomt_hooper_2024_study2","nomt_hooper_2024_study2_1",159,"Novel Object Memory Test (NOMT), adapted from Richler, Wilmer & Gauthier (2017), with the novel categories Greebles, Ziggerins and Sheinbugs; English and Spanish instruction versions (Hooper, Tomarken & Gauthier 2024, Behavior Research Methods 57:36), deposit doi:10.6084/m9.figshare.24395098.v2","Participants first studied six target objects from a novel category, then in each test trial selected which of three objects shown was one of the six targets. Targets and distractors were shown from the same angle within a trial. Trials were not timed and each item was scored 0 (incorrect) or 1 (correct); chance is 1/3.",NA,"[three-alternative forced-choice recognition trial: three novel objects are shown and the participant picks the one studied earlier. The stimuli are images, so there is no administered item wording.]",NA,NA,1
"nomt_hooper_2024_study2","nomt_hooper_2024_study2_1",160,"Novel Object Memory Test (NOMT), adapted from Richler, Wilmer & Gauthier (2017), with the novel categories Greebles, Ziggerins and Sheinbugs; English and Spanish instruction versions (Hooper, Tomarken & Gauthier 2024, Behavior Research Methods 57:36), deposit doi:10.6084/m9.figshare.24395098.v2","Participants first studied six target objects from a novel category, then in each test trial selected which of three objects shown was one of the six targets. Targets and distractors were shown from the same angle within a trial. Trials were not timed and each item was scored 0 (incorrect) or 1 (correct); chance is 1/3.",NA,"[three-alternative forced-choice recognition trial: three novel objects are shown and the participant picks the one studied earlier. The stimuli are images, so there is no administered item wording.]",NA,NA,0
"nomt_hooper_2024_study2","nomt_hooper_2024_study2_1",160,"Novel Object Memory Test (NOMT), adapted from Richler, Wilmer & Gauthier (2017), with the novel categories Greebles, Ziggerins and Sheinbugs; English and Spanish instruction versions (Hooper, Tomarken & Gauthier 2024, Behavior Research Methods 57:36), deposit doi:10.6084/m9.figshare.24395098.v2","Participants first studied six target objects from a novel category, then in each test trial selected which of three objects shown was one of the six targets. Targets and distractors were shown from the same angle within a trial. Trials were not timed and each item was scored 0 (incorrect) or 1 (correct); chance is 1/3.",NA,"[three-alternative forced-choice recognition trial: three novel objects are shown and the participant picks the one studied earlier. The stimuli are images, so there is no administered item wording.]",NA,NA,1
"nomt_hooper_2024_study2","nomt_hooper_2024_study2_1",161,"Novel Object Memory Test (NOMT), adapted from Richler, Wilmer & Gauthier (2017), with the novel categories Greebles, Ziggerins and Sheinbugs; English and Spanish instruction versions (Hooper, Tomarken & Gauthier 2024, Behavior Research Methods 57:36), deposit doi:10.6084/m9.figshare.24395098.v2","Participants first studied six target objects from a novel category, then in each test trial selected which of three objects shown was one of the six targets. Targets and distractors were shown from the same angle within a trial. Trials were not timed and each item was scored 0 (incorrect) or 1 (correct); chance is 1/3.",NA,"[three-alternative forced-choice recognition trial: three novel objects are shown and the participant picks the one studied earlier. The stimuli are images, so there is no administered item wording.]",NA,NA,0
"nomt_hooper_2024_study2","nomt_hooper_2024_study2_1",161,"Novel Object Memory Test (NOMT), adapted from Richler, Wilmer & Gauthier (2017), with the novel categories Greebles, Ziggerins and Sheinbugs; English and Spanish instruction versions (Hooper, Tomarken & Gauthier 2024, Behavior Research Methods 57:36), deposit doi:10.6084/m9.figshare.24395098.v2","Participants first studied six target objects from a novel category, then in each test trial selected which of three objects shown was one of the six targets. Targets and distractors were shown from the same angle within a trial. Trials were not timed and each item was scored 0 (incorrect) or 1 (correct); chance is 1/3.",NA,"[three-alternative forced-choice recognition trial: three novel objects are shown and the participant picks the one studied earlier. The stimuli are images, so there is no administered item wording.]",NA,NA,1
"nomt_hooper_2024_study2","nomt_hooper_2024_study2_1",162,"Novel Object Memory Test (NOMT), adapted from Richler, Wilmer & Gauthier (2017), with the novel categories Greebles, Ziggerins and Sheinbugs; English and Spanish instruction versions (Hooper, Tomarken & Gauthier 2024, Behavior Research Methods 57:36), deposit doi:10.6084/m9.figshare.24395098.v2","Participants first studied six target objects from a novel category, then in each test trial selected which of three objects shown was one of the six targets. Targets and distractors were shown from the same angle within a trial. Trials were not timed and each item was scored 0 (incorrect) or 1 (correct); chance is 1/3.",NA,"[three-alternative forced-choice recognition trial: three novel objects are shown and the participant picks the one studied earlier. The stimuli are images, so there is no administered item wording.]",NA,NA,0
"nomt_hooper_2024_study2","nomt_hooper_2024_study2_1",162,"Novel Object Memory Test (NOMT), adapted from Richler, Wilmer & Gauthier (2017), with the novel categories Greebles, Ziggerins and Sheinbugs; English and Spanish instruction versions (Hooper, Tomarken & Gauthier 2024, Behavior Research Methods 57:36), deposit doi:10.6084/m9.figshare.24395098.v2","Participants first studied six target objects from a novel category, then in each test trial selected which of three objects shown was one of the six targets. Targets and distractors were shown from the same angle within a trial. Trials were not timed and each item was scored 0 (incorrect) or 1 (correct); chance is 1/3.",NA,"[three-alternative forced-choice recognition trial: three novel objects are shown and the participant picks the one studied earlier. The stimuli are images, so there is no administered item wording.]",NA,NA,1
"nomt_hooper_2024_study2","nomt_hooper_2024_study2_1",163,"Novel Object Memory Test (NOMT), adapted from Richler, Wilmer & Gauthier (2017), with the novel categories Greebles, Ziggerins and Sheinbugs; English and Spanish instruction versions (Hooper, Tomarken & Gauthier 2024, Behavior Research Methods 57:36), deposit doi:10.6084/m9.figshare.24395098.v2","Participants first studied six target objects from a novel category, then in each test trial selected which of three objects shown was one of the six targets. Targets and distractors were shown from the same angle within a trial. Trials were not timed and each item was scored 0 (incorrect) or 1 (correct); chance is 1/3.",NA,"[three-alternative forced-choice recognition trial: three novel objects are shown and the participant picks the one studied earlier. The stimuli are images, so there is no administered item wording.]",NA,NA,0
"nomt_hooper_2024_study2","nomt_hooper_2024_study2_1",163,"Novel Object Memory Test (NOMT), adapted from Richler, Wilmer & Gauthier (2017), with the novel categories Greebles, Ziggerins and Sheinbugs; English and Spanish instruction versions (Hooper, Tomarken & Gauthier 2024, Behavior Research Methods 57:36), deposit doi:10.6084/m9.figshare.24395098.v2","Participants first studied six target objects from a novel category, then in each test trial selected which of three objects shown was one of the six targets. Targets and distractors were shown from the same angle within a trial. Trials were not timed and each item was scored 0 (incorrect) or 1 (correct); chance is 1/3.",NA,"[three-alternative forced-choice recognition trial: three novel objects are shown and the participant picks the one studied earlier. The stimuli are images, so there is no administered item wording.]",NA,NA,1
"nomt_hooper_2024_study2","nomt_hooper_2024_study2_1",164,"Novel Object Memory Test (NOMT), adapted from Richler, Wilmer & Gauthier (2017), with the novel categories Greebles, Ziggerins and Sheinbugs; English and Spanish instruction versions (Hooper, Tomarken & Gauthier 2024, Behavior Research Methods 57:36), deposit doi:10.6084/m9.figshare.24395098.v2","Participants first studied six target objects from a novel category, then in each test trial selected which of three objects shown was one of the six targets. Targets and distractors were shown from the same angle within a trial. Trials were not timed and each item was scored 0 (incorrect) or 1 (correct); chance is 1/3.",NA,"[three-alternative forced-choice recognition trial: three novel objects are shown and the participant picks the one studied earlier. The stimuli are images, so there is no administered item wording.]",NA,NA,0
"nomt_hooper_2024_study2","nomt_hooper_2024_study2_1",164,"Novel Object Memory Test (NOMT), adapted from Richler, Wilmer & Gauthier (2017), with the novel categories Greebles, Ziggerins and Sheinbugs; English and Spanish instruction versions (Hooper, Tomarken & Gauthier 2024, Behavior Research Methods 57:36), deposit doi:10.6084/m9.figshare.24395098.v2","Participants first studied six target objects from a novel category, then in each test trial selected which of three objects shown was one of the six targets. Targets and distractors were shown from the same angle within a trial. Trials were not timed and each item was scored 0 (incorrect) or 1 (correct); chance is 1/3.",NA,"[three-alternative forced-choice recognition trial: three novel objects are shown and the participant picks the one studied earlier. The stimuli are images, so there is no administered item wording.]",NA,NA,1
"nomt_hooper_2024_study2","nomt_hooper_2024_study2_1",165,"Novel Object Memory Test (NOMT), adapted from Richler, Wilmer & Gauthier (2017), with the novel categories Greebles, Ziggerins and Sheinbugs; English and Spanish instruction versions (Hooper, Tomarken & Gauthier 2024, Behavior Research Methods 57:36), deposit doi:10.6084/m9.figshare.24395098.v2","Participants first studied six target objects from a novel category, then in each test trial selected which of three objects shown was one of the six targets. Targets and distractors were shown from the same angle within a trial. Trials were not timed and each item was scored 0 (incorrect) or 1 (correct); chance is 1/3.",NA,"[three-alternative forced-choice recognition trial: three novel objects are shown and the participant picks the one studied earlier. The stimuli are images, so there is no administered item wording.]",NA,NA,0
"nomt_hooper_2024_study2","nomt_hooper_2024_study2_1",165,"Novel Object Memory Test (NOMT), adapted from Richler, Wilmer & Gauthier (2017), with the novel categories Greebles, Ziggerins and Sheinbugs; English and Spanish instruction versions (Hooper, Tomarken & Gauthier 2024, Behavior Research Methods 57:36), deposit doi:10.6084/m9.figshare.24395098.v2","Participants first studied six target objects from a novel category, then in each test trial selected which of three objects shown was one of the six targets. Targets and distractors were shown from the same angle within a trial. Trials were not timed and each item was scored 0 (incorrect) or 1 (correct); chance is 1/3.",NA,"[three-alternative forced-choice recognition trial: three novel objects are shown and the participant picks the one studied earlier. The stimuli are images, so there is no administered item wording.]",NA,NA,1
"nomt_hooper_2024_study2","nomt_hooper_2024_study2_1",166,"Novel Object Memory Test (NOMT), adapted from Richler, Wilmer & Gauthier (2017), with the novel categories Greebles, Ziggerins and Sheinbugs; English and Spanish instruction versions (Hooper, Tomarken & Gauthier 2024, Behavior Research Methods 57:36), deposit doi:10.6084/m9.figshare.24395098.v2","Participants first studied six target objects from a novel category, then in each test trial selected which of three objects shown was one of the six targets. Targets and distractors were shown from the same angle within a trial. Trials were not timed and each item was scored 0 (incorrect) or 1 (correct); chance is 1/3.",NA,"[three-alternative forced-choice recognition trial: three novel objects are shown and the participant picks the one studied earlier. The stimuli are images, so there is no administered item wording.]",NA,NA,0
"nomt_hooper_2024_study2","nomt_hooper_2024_study2_1",166,"Novel Object Memory Test (NOMT), adapted from Richler, Wilmer & Gauthier (2017), with the novel categories Greebles, Ziggerins and Sheinbugs; English and Spanish instruction versions (Hooper, Tomarken & Gauthier 2024, Behavior Research Methods 57:36), deposit doi:10.6084/m9.figshare.24395098.v2","Participants first studied six target objects from a novel category, then in each test trial selected which of three objects shown was one of the six targets. Targets and distractors were shown from the same angle within a trial. Trials were not timed and each item was scored 0 (incorrect) or 1 (correct); chance is 1/3.",NA,"[three-alternative forced-choice recognition trial: three novel objects are shown and the participant picks the one studied earlier. The stimuli are images, so there is no administered item wording.]",NA,NA,1
"nomt_hooper_2024_study2","nomt_hooper_2024_study2_1",167,"Novel Object Memory Test (NOMT), adapted from Richler, Wilmer & Gauthier (2017), with the novel categories Greebles, Ziggerins and Sheinbugs; English and Spanish instruction versions (Hooper, Tomarken & Gauthier 2024, Behavior Research Methods 57:36), deposit doi:10.6084/m9.figshare.24395098.v2","Participants first studied six target objects from a novel category, then in each test trial selected which of three objects shown was one of the six targets. Targets and distractors were shown from the same angle within a trial. Trials were not timed and each item was scored 0 (incorrect) or 1 (correct); chance is 1/3.",NA,"[three-alternative forced-choice recognition trial: three novel objects are shown and the participant picks the one studied earlier. The stimuli are images, so there is no administered item wording.]",NA,NA,0
"nomt_hooper_2024_study2","nomt_hooper_2024_study2_1",167,"Novel Object Memory Test (NOMT), adapted from Richler, Wilmer & Gauthier (2017), with the novel categories Greebles, Ziggerins and Sheinbugs; English and Spanish instruction versions (Hooper, Tomarken & Gauthier 2024, Behavior Research Methods 57:36), deposit doi:10.6084/m9.figshare.24395098.v2","Participants first studied six target objects from a novel category, then in each test trial selected which of three objects shown was one of the six targets. Targets and distractors were shown from the same angle within a trial. Trials were not timed and each item was scored 0 (incorrect) or 1 (correct); chance is 1/3.",NA,"[three-alternative forced-choice recognition trial: three novel objects are shown and the participant picks the one studied earlier. The stimuli are images, so there is no administered item wording.]",NA,NA,1
"nomt_hooper_2024_study2","nomt_hooper_2024_study2_1",168,"Novel Object Memory Test (NOMT), adapted from Richler, Wilmer & Gauthier (2017), with the novel categories Greebles, Ziggerins and Sheinbugs; English and Spanish instruction versions (Hooper, Tomarken & Gauthier 2024, Behavior Research Methods 57:36), deposit doi:10.6084/m9.figshare.24395098.v2","Participants first studied six target objects from a novel category, then in each test trial selected which of three objects shown was one of the six targets. Targets and distractors were shown from the same angle within a trial. Trials were not timed and each item was scored 0 (incorrect) or 1 (correct); chance is 1/3.",NA,"[three-alternative forced-choice recognition trial: three novel objects are shown and the participant picks the one studied earlier. The stimuli are images, so there is no administered item wording.]",NA,NA,0
"nomt_hooper_2024_study2","nomt_hooper_2024_study2_1",168,"Novel Object Memory Test (NOMT), adapted from Richler, Wilmer & Gauthier (2017), with the novel categories Greebles, Ziggerins and Sheinbugs; English and Spanish instruction versions (Hooper, Tomarken & Gauthier 2024, Behavior Research Methods 57:36), deposit doi:10.6084/m9.figshare.24395098.v2","Participants first studied six target objects from a novel category, then in each test trial selected which of three objects shown was one of the six targets. Targets and distractors were shown from the same angle within a trial. Trials were not timed and each item was scored 0 (incorrect) or 1 (correct); chance is 1/3.",NA,"[three-alternative forced-choice recognition trial: three novel objects are shown and the participant picks the one studied earlier. The stimuli are images, so there is no administered item wording.]",NA,NA,1
"nomt_hooper_2024_study2","nomt_hooper_2024_study2_1",169,"Novel Object Memory Test (NOMT), adapted from Richler, Wilmer & Gauthier (2017), with the novel categories Greebles, Ziggerins and Sheinbugs; English and Spanish instruction versions (Hooper, Tomarken & Gauthier 2024, Behavior Research Methods 57:36), deposit doi:10.6084/m9.figshare.24395098.v2","Participants first studied six target objects from a novel category, then in each test trial selected which of three objects shown was one of the six targets. Targets and distractors were shown from the same angle within a trial. Trials were not timed and each item was scored 0 (incorrect) or 1 (correct); chance is 1/3.",NA,"[three-alternative forced-choice recognition trial: three novel objects are shown and the participant picks the one studied earlier. The stimuli are images, so there is no administered item wording.]",NA,NA,0
"nomt_hooper_2024_study2","nomt_hooper_2024_study2_1",169,"Novel Object Memory Test (NOMT), adapted from Richler, Wilmer & Gauthier (2017), with the novel categories Greebles, Ziggerins and Sheinbugs; English and Spanish instruction versions (Hooper, Tomarken & Gauthier 2024, Behavior Research Methods 57:36), deposit doi:10.6084/m9.figshare.24395098.v2","Participants first studied six target objects from a novel category, then in each test trial selected which of three objects shown was one of the six targets. Targets and distractors were shown from the same angle within a trial. Trials were not timed and each item was scored 0 (incorrect) or 1 (correct); chance is 1/3.",NA,"[three-alternative forced-choice recognition trial: three novel objects are shown and the participant picks the one studied earlier. The stimuli are images, so there is no administered item wording.]",NA,NA,1
"nomt_hooper_2024_study2","nomt_hooper_2024_study2_1",170,"Novel Object Memory Test (NOMT), adapted from Richler, Wilmer & Gauthier (2017), with the novel categories Greebles, Ziggerins and Sheinbugs; English and Spanish instruction versions (Hooper, Tomarken & Gauthier 2024, Behavior Research Methods 57:36), deposit doi:10.6084/m9.figshare.24395098.v2","Participants first studied six target objects from a novel category, then in each test trial selected which of three objects shown was one of the six targets. Targets and distractors were shown from the same angle within a trial. Trials were not timed and each item was scored 0 (incorrect) or 1 (correct); chance is 1/3.",NA,"[three-alternative forced-choice recognition trial: three novel objects are shown and the participant picks the one studied earlier. The stimuli are images, so there is no administered item wording.]",NA,NA,0
"nomt_hooper_2024_study2","nomt_hooper_2024_study2_1",170,"Novel Object Memory Test (NOMT), adapted from Richler, Wilmer & Gauthier (2017), with the novel categories Greebles, Ziggerins and Sheinbugs; English and Spanish instruction versions (Hooper, Tomarken & Gauthier 2024, Behavior Research Methods 57:36), deposit doi:10.6084/m9.figshare.24395098.v2","Participants first studied six target objects from a novel category, then in each test trial selected which of three objects shown was one of the six targets. Targets and distractors were shown from the same angle within a trial. Trials were not timed and each item was scored 0 (incorrect) or 1 (correct); chance is 1/3.",NA,"[three-alternative forced-choice recognition trial: three novel objects are shown and the participant picks the one studied earlier. The stimuli are images, so there is no administered item wording.]",NA,NA,1
"nomt_hooper_2024_study2","nomt_hooper_2024_study2_1",171,"Novel Object Memory Test (NOMT), adapted from Richler, Wilmer & Gauthier (2017), with the novel categories Greebles, Ziggerins and Sheinbugs; English and Spanish instruction versions (Hooper, Tomarken & Gauthier 2024, Behavior Research Methods 57:36), deposit doi:10.6084/m9.figshare.24395098.v2","Participants first studied six target objects from a novel category, then in each test trial selected which of three objects shown was one of the six targets. Targets and distractors were shown from the same angle within a trial. Trials were not timed and each item was scored 0 (incorrect) or 1 (correct); chance is 1/3.",NA,"[three-alternative forced-choice recognition trial: three novel objects are shown and the participant picks the one studied earlier. The stimuli are images, so there is no administered item wording.]",NA,NA,0
"nomt_hooper_2024_study2","nomt_hooper_2024_study2_1",171,"Novel Object Memory Test (NOMT), adapted from Richler, Wilmer & Gauthier (2017), with the novel categories Greebles, Ziggerins and Sheinbugs; English and Spanish instruction versions (Hooper, Tomarken & Gauthier 2024, Behavior Research Methods 57:36), deposit doi:10.6084/m9.figshare.24395098.v2","Participants first studied six target objects from a novel category, then in each test trial selected which of three objects shown was one of the six targets. Targets and distractors were shown from the same angle within a trial. Trials were not timed and each item was scored 0 (incorrect) or 1 (correct); chance is 1/3.",NA,"[three-alternative forced-choice recognition trial: three novel objects are shown and the participant picks the one studied earlier. The stimuli are images, so there is no administered item wording.]",NA,NA,1
"nomt_hooper_2024_study2","nomt_hooper_2024_study2_1",172,"Novel Object Memory Test (NOMT), adapted from Richler, Wilmer & Gauthier (2017), with the novel categories Greebles, Ziggerins and Sheinbugs; English and Spanish instruction versions (Hooper, Tomarken & Gauthier 2024, Behavior Research Methods 57:36), deposit doi:10.6084/m9.figshare.24395098.v2","Participants first studied six target objects from a novel category, then in each test trial selected which of three objects shown was one of the six targets. Targets and distractors were shown from the same angle within a trial. Trials were not timed and each item was scored 0 (incorrect) or 1 (correct); chance is 1/3.",NA,"[three-alternative forced-choice recognition trial: three novel objects are shown and the participant picks the one studied earlier. The stimuli are images, so there is no administered item wording.]",NA,NA,0
"nomt_hooper_2024_study2","nomt_hooper_2024_study2_1",172,"Novel Object Memory Test (NOMT), adapted from Richler, Wilmer & Gauthier (2017), with the novel categories Greebles, Ziggerins and Sheinbugs; English and Spanish instruction versions (Hooper, Tomarken & Gauthier 2024, Behavior Research Methods 57:36), deposit doi:10.6084/m9.figshare.24395098.v2","Participants first studied six target objects from a novel category, then in each test trial selected which of three objects shown was one of the six targets. Targets and distractors were shown from the same angle within a trial. Trials were not timed and each item was scored 0 (incorrect) or 1 (correct); chance is 1/3.",NA,"[three-alternative forced-choice recognition trial: three novel objects are shown and the participant picks the one studied earlier. The stimuli are images, so there is no administered item wording.]",NA,NA,1
"nomt_hooper_2024_study2","nomt_hooper_2024_study2_1",173,"Novel Object Memory Test (NOMT), adapted from Richler, Wilmer & Gauthier (2017), with the novel categories Greebles, Ziggerins and Sheinbugs; English and Spanish instruction versions (Hooper, Tomarken & Gauthier 2024, Behavior Research Methods 57:36), deposit doi:10.6084/m9.figshare.24395098.v2","Participants first studied six target objects from a novel category, then in each test trial selected which of three objects shown was one of the six targets. Targets and distractors were shown from the same angle within a trial. Trials were not timed and each item was scored 0 (incorrect) or 1 (correct); chance is 1/3.",NA,"[three-alternative forced-choice recognition trial: three novel objects are shown and the participant picks the one studied earlier. The stimuli are images, so there is no administered item wording.]",NA,NA,0
"nomt_hooper_2024_study2","nomt_hooper_2024_study2_1",173,"Novel Object Memory Test (NOMT), adapted from Richler, Wilmer & Gauthier (2017), with the novel categories Greebles, Ziggerins and Sheinbugs; English and Spanish instruction versions (Hooper, Tomarken & Gauthier 2024, Behavior Research Methods 57:36), deposit doi:10.6084/m9.figshare.24395098.v2","Participants first studied six target objects from a novel category, then in each test trial selected which of three objects shown was one of the six targets. Targets and distractors were shown from the same angle within a trial. Trials were not timed and each item was scored 0 (incorrect) or 1 (correct); chance is 1/3.",NA,"[three-alternative forced-choice recognition trial: three novel objects are shown and the participant picks the one studied earlier. The stimuli are images, so there is no administered item wording.]",NA,NA,1
"nomt_hooper_2024_study2","nomt_hooper_2024_study2_1",176,"Novel Object Memory Test (NOMT), adapted from Richler, Wilmer & Gauthier (2017), with the novel categories Greebles, Ziggerins and Sheinbugs; English and Spanish instruction versions (Hooper, Tomarken & Gauthier 2024, Behavior Research Methods 57:36), deposit doi:10.6084/m9.figshare.24395098.v2","Participants first studied six target objects from a novel category, then in each test trial selected which of three objects shown was one of the six targets. Targets and distractors were shown from the same angle within a trial. Trials were not timed and each item was scored 0 (incorrect) or 1 (correct); chance is 1/3.",NA,"[three-alternative forced-choice recognition trial: three novel objects are shown and the participant picks the one studied earlier. The stimuli are images, so there is no administered item wording.]",NA,NA,0
"nomt_hooper_2024_study2","nomt_hooper_2024_study2_1",176,"Novel Object Memory Test (NOMT), adapted from Richler, Wilmer & Gauthier (2017), with the novel categories Greebles, Ziggerins and Sheinbugs; English and Spanish instruction versions (Hooper, Tomarken & Gauthier 2024, Behavior Research Methods 57:36), deposit doi:10.6084/m9.figshare.24395098.v2","Participants first studied six target objects from a novel category, then in each test trial selected which of three objects shown was one of the six targets. Targets and distractors were shown from the same angle within a trial. Trials were not timed and each item was scored 0 (incorrect) or 1 (correct); chance is 1/3.",NA,"[three-alternative forced-choice recognition trial: three novel objects are shown and the participant picks the one studied earlier. The stimuli are images, so there is no administered item wording.]",NA,NA,1
"nomt_hooper_2024_study2","nomt_hooper_2024_study2_1",177,"Novel Object Memory Test (NOMT), adapted from Richler, Wilmer & Gauthier (2017), with the novel categories Greebles, Ziggerins and Sheinbugs; English and Spanish instruction versions (Hooper, Tomarken & Gauthier 2024, Behavior Research Methods 57:36), deposit doi:10.6084/m9.figshare.24395098.v2","Participants first studied six target objects from a novel category, then in each test trial selected which of three objects shown was one of the six targets. Targets and distractors were shown from the same angle within a trial. Trials were not timed and each item was scored 0 (incorrect) or 1 (correct); chance is 1/3.",NA,"[three-alternative forced-choice recognition trial: three novel objects are shown and the participant picks the one studied earlier. The stimuli are images, so there is no administered item wording.]",NA,NA,0
"nomt_hooper_2024_study2","nomt_hooper_2024_study2_1",177,"Novel Object Memory Test (NOMT), adapted from Richler, Wilmer & Gauthier (2017), with the novel categories Greebles, Ziggerins and Sheinbugs; English and Spanish instruction versions (Hooper, Tomarken & Gauthier 2024, Behavior Research Methods 57:36), deposit doi:10.6084/m9.figshare.24395098.v2","Participants first studied six target objects from a novel category, then in each test trial selected which of three objects shown was one of the six targets. Targets and distractors were shown from the same angle within a trial. Trials were not timed and each item was scored 0 (incorrect) or 1 (correct); chance is 1/3.",NA,"[three-alternative forced-choice recognition trial: three novel objects are shown and the participant picks the one studied earlier. The stimuli are images, so there is no administered item wording.]",NA,NA,1
"nomt_hooper_2024_study2","nomt_hooper_2024_study2_1",178,"Novel Object Memory Test (NOMT), adapted from Richler, Wilmer & Gauthier (2017), with the novel categories Greebles, Ziggerins and Sheinbugs; English and Spanish instruction versions (Hooper, Tomarken & Gauthier 2024, Behavior Research Methods 57:36), deposit doi:10.6084/m9.figshare.24395098.v2","Participants first studied six target objects from a novel category, then in each test trial selected which of three objects shown was one of the six targets. Targets and distractors were shown from the same angle within a trial. Trials were not timed and each item was scored 0 (incorrect) or 1 (correct); chance is 1/3.",NA,"[three-alternative forced-choice recognition trial: three novel objects are shown and the participant picks the one studied earlier. The stimuli are images, so there is no administered item wording.]",NA,NA,0
"nomt_hooper_2024_study2","nomt_hooper_2024_study2_1",178,"Novel Object Memory Test (NOMT), adapted from Richler, Wilmer & Gauthier (2017), with the novel categories Greebles, Ziggerins and Sheinbugs; English and Spanish instruction versions (Hooper, Tomarken & Gauthier 2024, Behavior Research Methods 57:36), deposit doi:10.6084/m9.figshare.24395098.v2","Participants first studied six target objects from a novel category, then in each test trial selected which of three objects shown was one of the six targets. Targets and distractors were shown from the same angle within a trial. Trials were not timed and each item was scored 0 (incorrect) or 1 (correct); chance is 1/3.",NA,"[three-alternative forced-choice recognition trial: three novel objects are shown and the participant picks the one studied earlier. The stimuli are images, so there is no administered item wording.]",NA,NA,1
"nomt_hooper_2024_study2","nomt_hooper_2024_study2_1",179,"Novel Object Memory Test (NOMT), adapted from Richler, Wilmer & Gauthier (2017), with the novel categories Greebles, Ziggerins and Sheinbugs; English and Spanish instruction versions (Hooper, Tomarken & Gauthier 2024, Behavior Research Methods 57:36), deposit doi:10.6084/m9.figshare.24395098.v2","Participants first studied six target objects from a novel category, then in each test trial selected which of three objects shown was one of the six targets. Targets and distractors were shown from the same angle within a trial. Trials were not timed and each item was scored 0 (incorrect) or 1 (correct); chance is 1/3.",NA,"[three-alternative forced-choice recognition trial: three novel objects are shown and the participant picks the one studied earlier. The stimuli are images, so there is no administered item wording.]",NA,NA,0
"nomt_hooper_2024_study2","nomt_hooper_2024_study2_1",179,"Novel Object Memory Test (NOMT), adapted from Richler, Wilmer & Gauthier (2017), with the novel categories Greebles, Ziggerins and Sheinbugs; English and Spanish instruction versions (Hooper, Tomarken & Gauthier 2024, Behavior Research Methods 57:36), deposit doi:10.6084/m9.figshare.24395098.v2","Participants first studied six target objects from a novel category, then in each test trial selected which of three objects shown was one of the six targets. Targets and distractors were shown from the same angle within a trial. Trials were not timed and each item was scored 0 (incorrect) or 1 (correct); chance is 1/3.",NA,"[three-alternative forced-choice recognition trial: three novel objects are shown and the participant picks the one studied earlier. The stimuli are images, so there is no administered item wording.]",NA,NA,1
"nomt_hooper_2024_study2","nomt_hooper_2024_study2_1",180,"Novel Object Memory Test (NOMT), adapted from Richler, Wilmer & Gauthier (2017), with the novel categories Greebles, Ziggerins and Sheinbugs; English and Spanish instruction versions (Hooper, Tomarken & Gauthier 2024, Behavior Research Methods 57:36), deposit doi:10.6084/m9.figshare.24395098.v2","Participants first studied six target objects from a novel category, then in each test trial selected which of three objects shown was one of the six targets. Targets and distractors were shown from the same angle within a trial. Trials were not timed and each item was scored 0 (incorrect) or 1 (correct); chance is 1/3.",NA,"[three-alternative forced-choice recognition trial: three novel objects are shown and the participant picks the one studied earlier. The stimuli are images, so there is no administered item wording.]",NA,NA,0
"nomt_hooper_2024_study2","nomt_hooper_2024_study2_1",180,"Novel Object Memory Test (NOMT), adapted from Richler, Wilmer & Gauthier (2017), with the novel categories Greebles, Ziggerins and Sheinbugs; English and Spanish instruction versions (Hooper, Tomarken & Gauthier 2024, Behavior Research Methods 57:36), deposit doi:10.6084/m9.figshare.24395098.v2","Participants first studied six target objects from a novel category, then in each test trial selected which of three objects shown was one of the six targets. Targets and distractors were shown from the same angle within a trial. Trials were not timed and each item was scored 0 (incorrect) or 1 (correct); chance is 1/3.",NA,"[three-alternative forced-choice recognition trial: three novel objects are shown and the participant picks the one studied earlier. The stimuli are images, so there is no administered item wording.]",NA,NA,1
"nomt_hooper_2024_study2","nomt_hooper_2024_study2_1",181,"Novel Object Memory Test (NOMT), adapted from Richler, Wilmer & Gauthier (2017), with the novel categories Greebles, Ziggerins and Sheinbugs; English and Spanish instruction versions (Hooper, Tomarken & Gauthier 2024, Behavior Research Methods 57:36), deposit doi:10.6084/m9.figshare.24395098.v2","Participants first studied six target objects from a novel category, then in each test trial selected which of three objects shown was one of the six targets. Targets and distractors were shown from the same angle within a trial. Trials were not timed and each item was scored 0 (incorrect) or 1 (correct); chance is 1/3.",NA,"[three-alternative forced-choice recognition trial: three novel objects are shown and the participant picks the one studied earlier. The stimuli are images, so there is no administered item wording.]",NA,NA,0
"nomt_hooper_2024_study2","nomt_hooper_2024_study2_1",181,"Novel Object Memory Test (NOMT), adapted from Richler, Wilmer & Gauthier (2017), with the novel categories Greebles, Ziggerins and Sheinbugs; English and Spanish instruction versions (Hooper, Tomarken & Gauthier 2024, Behavior Research Methods 57:36), deposit doi:10.6084/m9.figshare.24395098.v2","Participants first studied six target objects from a novel category, then in each test trial selected which of three objects shown was one of the six targets. Targets and distractors were shown from the same angle within a trial. Trials were not timed and each item was scored 0 (incorrect) or 1 (correct); chance is 1/3.",NA,"[three-alternative forced-choice recognition trial: three novel objects are shown and the participant picks the one studied earlier. The stimuli are images, so there is no administered item wording.]",NA,NA,1
"nomt_hooper_2024_study2","nomt_hooper_2024_study2_1",182,"Novel Object Memory Test (NOMT), adapted from Richler, Wilmer & Gauthier (2017), with the novel categories Greebles, Ziggerins and Sheinbugs; English and Spanish instruction versions (Hooper, Tomarken & Gauthier 2024, Behavior Research Methods 57:36), deposit doi:10.6084/m9.figshare.24395098.v2","Participants first studied six target objects from a novel category, then in each test trial selected which of three objects shown was one of the six targets. Targets and distractors were shown from the same angle within a trial. Trials were not timed and each item was scored 0 (incorrect) or 1 (correct); chance is 1/3.",NA,"[three-alternative forced-choice recognition trial: three novel objects are shown and the participant picks the one studied earlier. The stimuli are images, so there is no administered item wording.]",NA,NA,0
"nomt_hooper_2024_study2","nomt_hooper_2024_study2_1",182,"Novel Object Memory Test (NOMT), adapted from Richler, Wilmer & Gauthier (2017), with the novel categories Greebles, Ziggerins and Sheinbugs; English and Spanish instruction versions (Hooper, Tomarken & Gauthier 2024, Behavior Research Methods 57:36), deposit doi:10.6084/m9.figshare.24395098.v2","Participants first studied six target objects from a novel category, then in each test trial selected which of three objects shown was one of the six targets. Targets and distractors were shown from the same angle within a trial. Trials were not timed and each item was scored 0 (incorrect) or 1 (correct); chance is 1/3.",NA,"[three-alternative forced-choice recognition trial: three novel objects are shown and the participant picks the one studied earlier. The stimuli are images, so there is no administered item wording.]",NA,NA,1
"nomt_hooper_2024_study2","nomt_hooper_2024_study2_1",183,"Novel Object Memory Test (NOMT), adapted from Richler, Wilmer & Gauthier (2017), with the novel categories Greebles, Ziggerins and Sheinbugs; English and Spanish instruction versions (Hooper, Tomarken & Gauthier 2024, Behavior Research Methods 57:36), deposit doi:10.6084/m9.figshare.24395098.v2","Participants first studied six target objects from a novel category, then in each test trial selected which of three objects shown was one of the six targets. Targets and distractors were shown from the same angle within a trial. Trials were not timed and each item was scored 0 (incorrect) or 1 (correct); chance is 1/3.",NA,"[three-alternative forced-choice recognition trial: three novel objects are shown and the participant picks the one studied earlier. The stimuli are images, so there is no administered item wording.]",NA,NA,0
"nomt_hooper_2024_study2","nomt_hooper_2024_study2_1",183,"Novel Object Memory Test (NOMT), adapted from Richler, Wilmer & Gauthier (2017), with the novel categories Greebles, Ziggerins and Sheinbugs; English and Spanish instruction versions (Hooper, Tomarken & Gauthier 2024, Behavior Research Methods 57:36), deposit doi:10.6084/m9.figshare.24395098.v2","Participants first studied six target objects from a novel category, then in each test trial selected which of three objects shown was one of the six targets. Targets and distractors were shown from the same angle within a trial. Trials were not timed and each item was scored 0 (incorrect) or 1 (correct); chance is 1/3.",NA,"[three-alternative forced-choice recognition trial: three novel objects are shown and the participant picks the one studied earlier. The stimuli are images, so there is no administered item wording.]",NA,NA,1
"nomt_hooper_2024_study2","nomt_hooper_2024_study2_1",184,"Novel Object Memory Test (NOMT), adapted from Richler, Wilmer & Gauthier (2017), with the novel categories Greebles, Ziggerins and Sheinbugs; English and Spanish instruction versions (Hooper, Tomarken & Gauthier 2024, Behavior Research Methods 57:36), deposit doi:10.6084/m9.figshare.24395098.v2","Participants first studied six target objects from a novel category, then in each test trial selected which of three objects shown was one of the six targets. Targets and distractors were shown from the same angle within a trial. Trials were not timed and each item was scored 0 (incorrect) or 1 (correct); chance is 1/3.",NA,"[three-alternative forced-choice recognition trial: three novel objects are shown and the participant picks the one studied earlier. The stimuli are images, so there is no administered item wording.]",NA,NA,0
"nomt_hooper_2024_study2","nomt_hooper_2024_study2_1",184,"Novel Object Memory Test (NOMT), adapted from Richler, Wilmer & Gauthier (2017), with the novel categories Greebles, Ziggerins and Sheinbugs; English and Spanish instruction versions (Hooper, Tomarken & Gauthier 2024, Behavior Research Methods 57:36), deposit doi:10.6084/m9.figshare.24395098.v2","Participants first studied six target objects from a novel category, then in each test trial selected which of three objects shown was one of the six targets. Targets and distractors were shown from the same angle within a trial. Trials were not timed and each item was scored 0 (incorrect) or 1 (correct); chance is 1/3.",NA,"[three-alternative forced-choice recognition trial: three novel objects are shown and the participant picks the one studied earlier. The stimuli are images, so there is no administered item wording.]",NA,NA,1
"nomt_hooper_2024_study2","nomt_hooper_2024_study2_1",185,"Novel Object Memory Test (NOMT), adapted from Richler, Wilmer & Gauthier (2017), with the novel categories Greebles, Ziggerins and Sheinbugs; English and Spanish instruction versions (Hooper, Tomarken & Gauthier 2024, Behavior Research Methods 57:36), deposit doi:10.6084/m9.figshare.24395098.v2","Participants first studied six target objects from a novel category, then in each test trial selected which of three objects shown was one of the six targets. Targets and distractors were shown from the same angle within a trial. Trials were not timed and each item was scored 0 (incorrect) or 1 (correct); chance is 1/3.",NA,"[three-alternative forced-choice recognition trial: three novel objects are shown and the participant picks the one studied earlier. The stimuli are images, so there is no administered item wording.]",NA,NA,0
"nomt_hooper_2024_study2","nomt_hooper_2024_study2_1",185,"Novel Object Memory Test (NOMT), adapted from Richler, Wilmer & Gauthier (2017), with the novel categories Greebles, Ziggerins and Sheinbugs; English and Spanish instruction versions (Hooper, Tomarken & Gauthier 2024, Behavior Research Methods 57:36), deposit doi:10.6084/m9.figshare.24395098.v2","Participants first studied six target objects from a novel category, then in each test trial selected which of three objects shown was one of the six targets. Targets and distractors were shown from the same angle within a trial. Trials were not timed and each item was scored 0 (incorrect) or 1 (correct); chance is 1/3.",NA,"[three-alternative forced-choice recognition trial: three novel objects are shown and the participant picks the one studied earlier. The stimuli are images, so there is no administered item wording.]",NA,NA,1
"nomt_hooper_2024_study2","nomt_hooper_2024_study2_1",186,"Novel Object Memory Test (NOMT), adapted from Richler, Wilmer & Gauthier (2017), with the novel categories Greebles, Ziggerins and Sheinbugs; English and Spanish instruction versions (Hooper, Tomarken & Gauthier 2024, Behavior Research Methods 57:36), deposit doi:10.6084/m9.figshare.24395098.v2","Participants first studied six target objects from a novel category, then in each test trial selected which of three objects shown was one of the six targets. Targets and distractors were shown from the same angle within a trial. Trials were not timed and each item was scored 0 (incorrect) or 1 (correct); chance is 1/3.",NA,"[three-alternative forced-choice recognition trial: three novel objects are shown and the participant picks the one studied earlier. The stimuli are images, so there is no administered item wording.]",NA,NA,0
"nomt_hooper_2024_study2","nomt_hooper_2024_study2_1",186,"Novel Object Memory Test (NOMT), adapted from Richler, Wilmer & Gauthier (2017), with the novel categories Greebles, Ziggerins and Sheinbugs; English and Spanish instruction versions (Hooper, Tomarken & Gauthier 2024, Behavior Research Methods 57:36), deposit doi:10.6084/m9.figshare.24395098.v2","Participants first studied six target objects from a novel category, then in each test trial selected which of three objects shown was one of the six targets. Targets and distractors were shown from the same angle within a trial. Trials were not timed and each item was scored 0 (incorrect) or 1 (correct); chance is 1/3.",NA,"[three-alternative forced-choice recognition trial: three novel objects are shown and the participant picks the one studied earlier. The stimuli are images, so there is no administered item wording.]",NA,NA,1
"nomt_hooper_2024_study2","nomt_hooper_2024_study2_1",187,"Novel Object Memory Test (NOMT), adapted from Richler, Wilmer & Gauthier (2017), with the novel categories Greebles, Ziggerins and Sheinbugs; English and Spanish instruction versions (Hooper, Tomarken & Gauthier 2024, Behavior Research Methods 57:36), deposit doi:10.6084/m9.figshare.24395098.v2","Participants first studied six target objects from a novel category, then in each test trial selected which of three objects shown was one of the six targets. Targets and distractors were shown from the same angle within a trial. Trials were not timed and each item was scored 0 (incorrect) or 1 (correct); chance is 1/3.",NA,"[three-alternative forced-choice recognition trial: three novel objects are shown and the participant picks the one studied earlier. The stimuli are images, so there is no administered item wording.]",NA,NA,0
"nomt_hooper_2024_study2","nomt_hooper_2024_study2_1",187,"Novel Object Memory Test (NOMT), adapted from Richler, Wilmer & Gauthier (2017), with the novel categories Greebles, Ziggerins and Sheinbugs; English and Spanish instruction versions (Hooper, Tomarken & Gauthier 2024, Behavior Research Methods 57:36), deposit doi:10.6084/m9.figshare.24395098.v2","Participants first studied six target objects from a novel category, then in each test trial selected which of three objects shown was one of the six targets. Targets and distractors were shown from the same angle within a trial. Trials were not timed and each item was scored 0 (incorrect) or 1 (correct); chance is 1/3.",NA,"[three-alternative forced-choice recognition trial: three novel objects are shown and the participant picks the one studied earlier. The stimuli are images, so there is no administered item wording.]",NA,NA,1
"nomt_hooper_2024_study2","nomt_hooper_2024_study2_1",188,"Novel Object Memory Test (NOMT), adapted from Richler, Wilmer & Gauthier (2017), with the novel categories Greebles, Ziggerins and Sheinbugs; English and Spanish instruction versions (Hooper, Tomarken & Gauthier 2024, Behavior Research Methods 57:36), deposit doi:10.6084/m9.figshare.24395098.v2","Participants first studied six target objects from a novel category, then in each test trial selected which of three objects shown was one of the six targets. Targets and distractors were shown from the same angle within a trial. Trials were not timed and each item was scored 0 (incorrect) or 1 (correct); chance is 1/3.",NA,"[three-alternative forced-choice recognition trial: three novel objects are shown and the participant picks the one studied earlier. The stimuli are images, so there is no administered item wording.]",NA,NA,0
"nomt_hooper_2024_study2","nomt_hooper_2024_study2_1",188,"Novel Object Memory Test (NOMT), adapted from Richler, Wilmer & Gauthier (2017), with the novel categories Greebles, Ziggerins and Sheinbugs; English and Spanish instruction versions (Hooper, Tomarken & Gauthier 2024, Behavior Research Methods 57:36), deposit doi:10.6084/m9.figshare.24395098.v2","Participants first studied six target objects from a novel category, then in each test trial selected which of three objects shown was one of the six targets. Targets and distractors were shown from the same angle within a trial. Trials were not timed and each item was scored 0 (incorrect) or 1 (correct); chance is 1/3.",NA,"[three-alternative forced-choice recognition trial: three novel objects are shown and the participant picks the one studied earlier. The stimuli are images, so there is no administered item wording.]",NA,NA,1
"nomt_hooper_2024_study2","nomt_hooper_2024_study2_1",189,"Novel Object Memory Test (NOMT), adapted from Richler, Wilmer & Gauthier (2017), with the novel categories Greebles, Ziggerins and Sheinbugs; English and Spanish instruction versions (Hooper, Tomarken & Gauthier 2024, Behavior Research Methods 57:36), deposit doi:10.6084/m9.figshare.24395098.v2","Participants first studied six target objects from a novel category, then in each test trial selected which of three objects shown was one of the six targets. Targets and distractors were shown from the same angle within a trial. Trials were not timed and each item was scored 0 (incorrect) or 1 (correct); chance is 1/3.",NA,"[three-alternative forced-choice recognition trial: three novel objects are shown and the participant picks the one studied earlier. The stimuli are images, so there is no administered item wording.]",NA,NA,0
"nomt_hooper_2024_study2","nomt_hooper_2024_study2_1",189,"Novel Object Memory Test (NOMT), adapted from Richler, Wilmer & Gauthier (2017), with the novel categories Greebles, Ziggerins and Sheinbugs; English and Spanish instruction versions (Hooper, Tomarken & Gauthier 2024, Behavior Research Methods 57:36), deposit doi:10.6084/m9.figshare.24395098.v2","Participants first studied six target objects from a novel category, then in each test trial selected which of three objects shown was one of the six targets. Targets and distractors were shown from the same angle within a trial. Trials were not timed and each item was scored 0 (incorrect) or 1 (correct); chance is 1/3.",NA,"[three-alternative forced-choice recognition trial: three novel objects are shown and the participant picks the one studied earlier. The stimuli are images, so there is no administered item wording.]",NA,NA,1
"nomt_hooper_2024_study2","nomt_hooper_2024_study2_1",190,"Novel Object Memory Test (NOMT), adapted from Richler, Wilmer & Gauthier (2017), with the novel categories Greebles, Ziggerins and Sheinbugs; English and Spanish instruction versions (Hooper, Tomarken & Gauthier 2024, Behavior Research Methods 57:36), deposit doi:10.6084/m9.figshare.24395098.v2","Participants first studied six target objects from a novel category, then in each test trial selected which of three objects shown was one of the six targets. Targets and distractors were shown from the same angle within a trial. Trials were not timed and each item was scored 0 (incorrect) or 1 (correct); chance is 1/3.",NA,"[three-alternative forced-choice recognition trial: three novel objects are shown and the participant picks the one studied earlier. The stimuli are images, so there is no administered item wording.]",NA,NA,0
"nomt_hooper_2024_study2","nomt_hooper_2024_study2_1",190,"Novel Object Memory Test (NOMT), adapted from Richler, Wilmer & Gauthier (2017), with the novel categories Greebles, Ziggerins and Sheinbugs; English and Spanish instruction versions (Hooper, Tomarken & Gauthier 2024, Behavior Research Methods 57:36), deposit doi:10.6084/m9.figshare.24395098.v2","Participants first studied six target objects from a novel category, then in each test trial selected which of three objects shown was one of the six targets. Targets and distractors were shown from the same angle within a trial. Trials were not timed and each item was scored 0 (incorrect) or 1 (correct); chance is 1/3.",NA,"[three-alternative forced-choice recognition trial: three novel objects are shown and the participant picks the one studied earlier. The stimuli are images, so there is no administered item wording.]",NA,NA,1
"nomt_hooper_2024_study2","nomt_hooper_2024_study2_1",192,"Novel Object Memory Test (NOMT), adapted from Richler, Wilmer & Gauthier (2017), with the novel categories Greebles, Ziggerins and Sheinbugs; English and Spanish instruction versions (Hooper, Tomarken & Gauthier 2024, Behavior Research Methods 57:36), deposit doi:10.6084/m9.figshare.24395098.v2","Participants first studied six target objects from a novel category, then in each test trial selected which of three objects shown was one of the six targets. Targets and distractors were shown from the same angle within a trial. Trials were not timed and each item was scored 0 (incorrect) or 1 (correct); chance is 1/3.",NA,"[three-alternative forced-choice recognition trial: three novel objects are shown and the participant picks the one studied earlier. The stimuli are images, so there is no administered item wording.]",NA,NA,0
"nomt_hooper_2024_study2","nomt_hooper_2024_study2_1",192,"Novel Object Memory Test (NOMT), adapted from Richler, Wilmer & Gauthier (2017), with the novel categories Greebles, Ziggerins and Sheinbugs; English and Spanish instruction versions (Hooper, Tomarken & Gauthier 2024, Behavior Research Methods 57:36), deposit doi:10.6084/m9.figshare.24395098.v2","Participants first studied six target objects from a novel category, then in each test trial selected which of three objects shown was one of the six targets. Targets and distractors were shown from the same angle within a trial. Trials were not timed and each item was scored 0 (incorrect) or 1 (correct); chance is 1/3.",NA,"[three-alternative forced-choice recognition trial: three novel objects are shown and the participant picks the one studied earlier. The stimuli are images, so there is no administered item wording.]",NA,NA,1
"nomt_hooper_2024_study2","nomt_hooper_2024_study2_1",193,"Novel Object Memory Test (NOMT), adapted from Richler, Wilmer & Gauthier (2017), with the novel categories Greebles, Ziggerins and Sheinbugs; English and Spanish instruction versions (Hooper, Tomarken & Gauthier 2024, Behavior Research Methods 57:36), deposit doi:10.6084/m9.figshare.24395098.v2","Participants first studied six target objects from a novel category, then in each test trial selected which of three objects shown was one of the six targets. Targets and distractors were shown from the same angle within a trial. Trials were not timed and each item was scored 0 (incorrect) or 1 (correct); chance is 1/3.",NA,"[three-alternative forced-choice recognition trial: three novel objects are shown and the participant picks the one studied earlier. The stimuli are images, so there is no administered item wording.]",NA,NA,0
"nomt_hooper_2024_study2","nomt_hooper_2024_study2_1",193,"Novel Object Memory Test (NOMT), adapted from Richler, Wilmer & Gauthier (2017), with the novel categories Greebles, Ziggerins and Sheinbugs; English and Spanish instruction versions (Hooper, Tomarken & Gauthier 2024, Behavior Research Methods 57:36), deposit doi:10.6084/m9.figshare.24395098.v2","Participants first studied six target objects from a novel category, then in each test trial selected which of three objects shown was one of the six targets. Targets and distractors were shown from the same angle within a trial. Trials were not timed and each item was scored 0 (incorrect) or 1 (correct); chance is 1/3.",NA,"[three-alternative forced-choice recognition trial: three novel objects are shown and the participant picks the one studied earlier. The stimuli are images, so there is no administered item wording.]",NA,NA,1
"nomt_hooper_2024_study2","nomt_hooper_2024_study2_1",194,"Novel Object Memory Test (NOMT), adapted from Richler, Wilmer & Gauthier (2017), with the novel categories Greebles, Ziggerins and Sheinbugs; English and Spanish instruction versions (Hooper, Tomarken & Gauthier 2024, Behavior Research Methods 57:36), deposit doi:10.6084/m9.figshare.24395098.v2","Participants first studied six target objects from a novel category, then in each test trial selected which of three objects shown was one of the six targets. Targets and distractors were shown from the same angle within a trial. Trials were not timed and each item was scored 0 (incorrect) or 1 (correct); chance is 1/3.",NA,"[three-alternative forced-choice recognition trial: three novel objects are shown and the participant picks the one studied earlier. The stimuli are images, so there is no administered item wording.]",NA,NA,0
"nomt_hooper_2024_study2","nomt_hooper_2024_study2_1",194,"Novel Object Memory Test (NOMT), adapted from Richler, Wilmer & Gauthier (2017), with the novel categories Greebles, Ziggerins and Sheinbugs; English and Spanish instruction versions (Hooper, Tomarken & Gauthier 2024, Behavior Research Methods 57:36), deposit doi:10.6084/m9.figshare.24395098.v2","Participants first studied six target objects from a novel category, then in each test trial selected which of three objects shown was one of the six targets. Targets and distractors were shown from the same angle within a trial. Trials were not timed and each item was scored 0 (incorrect) or 1 (correct); chance is 1/3.",NA,"[three-alternative forced-choice recognition trial: three novel objects are shown and the participant picks the one studied earlier. The stimuli are images, so there is no administered item wording.]",NA,NA,1
"nomt_hooper_2024_study2","nomt_hooper_2024_study2_1",195,"Novel Object Memory Test (NOMT), adapted from Richler, Wilmer & Gauthier (2017), with the novel categories Greebles, Ziggerins and Sheinbugs; English and Spanish instruction versions (Hooper, Tomarken & Gauthier 2024, Behavior Research Methods 57:36), deposit doi:10.6084/m9.figshare.24395098.v2","Participants first studied six target objects from a novel category, then in each test trial selected which of three objects shown was one of the six targets. Targets and distractors were shown from the same angle within a trial. Trials were not timed and each item was scored 0 (incorrect) or 1 (correct); chance is 1/3.",NA,"[three-alternative forced-choice recognition trial: three novel objects are shown and the participant picks the one studied earlier. The stimuli are images, so there is no administered item wording.]",NA,NA,0
"nomt_hooper_2024_study2","nomt_hooper_2024_study2_1",195,"Novel Object Memory Test (NOMT), adapted from Richler, Wilmer & Gauthier (2017), with the novel categories Greebles, Ziggerins and Sheinbugs; English and Spanish instruction versions (Hooper, Tomarken & Gauthier 2024, Behavior Research Methods 57:36), deposit doi:10.6084/m9.figshare.24395098.v2","Participants first studied six target objects from a novel category, then in each test trial selected which of three objects shown was one of the six targets. Targets and distractors were shown from the same angle within a trial. Trials were not timed and each item was scored 0 (incorrect) or 1 (correct); chance is 1/3.",NA,"[three-alternative forced-choice recognition trial: three novel objects are shown and the participant picks the one studied earlier. The stimuli are images, so there is no administered item wording.]",NA,NA,1
"nomt_hooper_2024_study2","nomt_hooper_2024_study2_1",196,"Novel Object Memory Test (NOMT), adapted from Richler, Wilmer & Gauthier (2017), with the novel categories Greebles, Ziggerins and Sheinbugs; English and Spanish instruction versions (Hooper, Tomarken & Gauthier 2024, Behavior Research Methods 57:36), deposit doi:10.6084/m9.figshare.24395098.v2","Participants first studied six target objects from a novel category, then in each test trial selected which of three objects shown was one of the six targets. Targets and distractors were shown from the same angle within a trial. Trials were not timed and each item was scored 0 (incorrect) or 1 (correct); chance is 1/3.",NA,"[three-alternative forced-choice recognition trial: three novel objects are shown and the participant picks the one studied earlier. The stimuli are images, so there is no administered item wording.]",NA,NA,0
"nomt_hooper_2024_study2","nomt_hooper_2024_study2_1",196,"Novel Object Memory Test (NOMT), adapted from Richler, Wilmer & Gauthier (2017), with the novel categories Greebles, Ziggerins and Sheinbugs; English and Spanish instruction versions (Hooper, Tomarken & Gauthier 2024, Behavior Research Methods 57:36), deposit doi:10.6084/m9.figshare.24395098.v2","Participants first studied six target objects from a novel category, then in each test trial selected which of three objects shown was one of the six targets. Targets and distractors were shown from the same angle within a trial. Trials were not timed and each item was scored 0 (incorrect) or 1 (correct); chance is 1/3.",NA,"[three-alternative forced-choice recognition trial: three novel objects are shown and the participant picks the one studied earlier. The stimuli are images, so there is no administered item wording.]",NA,NA,1
"nomt_hooper_2024_study2","nomt_hooper_2024_study2_1",197,"Novel Object Memory Test (NOMT), adapted from Richler, Wilmer & Gauthier (2017), with the novel categories Greebles, Ziggerins and Sheinbugs; English and Spanish instruction versions (Hooper, Tomarken & Gauthier 2024, Behavior Research Methods 57:36), deposit doi:10.6084/m9.figshare.24395098.v2","Participants first studied six target objects from a novel category, then in each test trial selected which of three objects shown was one of the six targets. Targets and distractors were shown from the same angle within a trial. Trials were not timed and each item was scored 0 (incorrect) or 1 (correct); chance is 1/3.",NA,"[three-alternative forced-choice recognition trial: three novel objects are shown and the participant picks the one studied earlier. The stimuli are images, so there is no administered item wording.]",NA,NA,0
"nomt_hooper_2024_study2","nomt_hooper_2024_study2_1",197,"Novel Object Memory Test (NOMT), adapted from Richler, Wilmer & Gauthier (2017), with the novel categories Greebles, Ziggerins and Sheinbugs; English and Spanish instruction versions (Hooper, Tomarken & Gauthier 2024, Behavior Research Methods 57:36), deposit doi:10.6084/m9.figshare.24395098.v2","Participants first studied six target objects from a novel category, then in each test trial selected which of three objects shown was one of the six targets. Targets and distractors were shown from the same angle within a trial. Trials were not timed and each item was scored 0 (incorrect) or 1 (correct); chance is 1/3.",NA,"[three-alternative forced-choice recognition trial: three novel objects are shown and the participant picks the one studied earlier. The stimuli are images, so there is no administered item wording.]",NA,NA,1
"nomt_hooper_2024_study2","nomt_hooper_2024_study2_1",198,"Novel Object Memory Test (NOMT), adapted from Richler, Wilmer & Gauthier (2017), with the novel categories Greebles, Ziggerins and Sheinbugs; English and Spanish instruction versions (Hooper, Tomarken & Gauthier 2024, Behavior Research Methods 57:36), deposit doi:10.6084/m9.figshare.24395098.v2","Participants first studied six target objects from a novel category, then in each test trial selected which of three objects shown was one of the six targets. Targets and distractors were shown from the same angle within a trial. Trials were not timed and each item was scored 0 (incorrect) or 1 (correct); chance is 1/3.",NA,"[three-alternative forced-choice recognition trial: three novel objects are shown and the participant picks the one studied earlier. The stimuli are images, so there is no administered item wording.]",NA,NA,0
"nomt_hooper_2024_study2","nomt_hooper_2024_study2_1",198,"Novel Object Memory Test (NOMT), adapted from Richler, Wilmer & Gauthier (2017), with the novel categories Greebles, Ziggerins and Sheinbugs; English and Spanish instruction versions (Hooper, Tomarken & Gauthier 2024, Behavior Research Methods 57:36), deposit doi:10.6084/m9.figshare.24395098.v2","Participants first studied six target objects from a novel category, then in each test trial selected which of three objects shown was one of the six targets. Targets and distractors were shown from the same angle within a trial. Trials were not timed and each item was scored 0 (incorrect) or 1 (correct); chance is 1/3.",NA,"[three-alternative forced-choice recognition trial: three novel objects are shown and the participant picks the one studied earlier. The stimuli are images, so there is no administered item wording.]",NA,NA,1
"nomt_hooper_2024_study2","nomt_hooper_2024_study2_1",199,"Novel Object Memory Test (NOMT), adapted from Richler, Wilmer & Gauthier (2017), with the novel categories Greebles, Ziggerins and Sheinbugs; English and Spanish instruction versions (Hooper, Tomarken & Gauthier 2024, Behavior Research Methods 57:36), deposit doi:10.6084/m9.figshare.24395098.v2","Participants first studied six target objects from a novel category, then in each test trial selected which of three objects shown was one of the six targets. Targets and distractors were shown from the same angle within a trial. Trials were not timed and each item was scored 0 (incorrect) or 1 (correct); chance is 1/3.",NA,"[three-alternative forced-choice recognition trial: three novel objects are shown and the participant picks the one studied earlier. The stimuli are images, so there is no administered item wording.]",NA,NA,0
"nomt_hooper_2024_study2","nomt_hooper_2024_study2_1",199,"Novel Object Memory Test (NOMT), adapted from Richler, Wilmer & Gauthier (2017), with the novel categories Greebles, Ziggerins and Sheinbugs; English and Spanish instruction versions (Hooper, Tomarken & Gauthier 2024, Behavior Research Methods 57:36), deposit doi:10.6084/m9.figshare.24395098.v2","Participants first studied six target objects from a novel category, then in each test trial selected which of three objects shown was one of the six targets. Targets and distractors were shown from the same angle within a trial. Trials were not timed and each item was scored 0 (incorrect) or 1 (correct); chance is 1/3.",NA,"[three-alternative forced-choice recognition trial: three novel objects are shown and the participant picks the one studied earlier. The stimuli are images, so there is no administered item wording.]",NA,NA,1
"nomt_hooper_2024_study2","nomt_hooper_2024_study2_1",200,"Novel Object Memory Test (NOMT), adapted from Richler, Wilmer & Gauthier (2017), with the novel categories Greebles, Ziggerins and Sheinbugs; English and Spanish instruction versions (Hooper, Tomarken & Gauthier 2024, Behavior Research Methods 57:36), deposit doi:10.6084/m9.figshare.24395098.v2","Participants first studied six target objects from a novel category, then in each test trial selected which of three objects shown was one of the six targets. Targets and distractors were shown from the same angle within a trial. Trials were not timed and each item was scored 0 (incorrect) or 1 (correct); chance is 1/3.",NA,"[three-alternative forced-choice recognition trial: three novel objects are shown and the participant picks the one studied earlier. The stimuli are images, so there is no administered item wording.]",NA,NA,0
"nomt_hooper_2024_study2","nomt_hooper_2024_study2_1",200,"Novel Object Memory Test (NOMT), adapted from Richler, Wilmer & Gauthier (2017), with the novel categories Greebles, Ziggerins and Sheinbugs; English and Spanish instruction versions (Hooper, Tomarken & Gauthier 2024, Behavior Research Methods 57:36), deposit doi:10.6084/m9.figshare.24395098.v2","Participants first studied six target objects from a novel category, then in each test trial selected which of three objects shown was one of the six targets. Targets and distractors were shown from the same angle within a trial. Trials were not timed and each item was scored 0 (incorrect) or 1 (correct); chance is 1/3.",NA,"[three-alternative forced-choice recognition trial: three novel objects are shown and the participant picks the one studied earlier. The stimuli are images, so there is no administered item wording.]",NA,NA,1
"nomt_hooper_2024_study2","nomt_hooper_2024_study2_1",201,"Novel Object Memory Test (NOMT), adapted from Richler, Wilmer & Gauthier (2017), with the novel categories Greebles, Ziggerins and Sheinbugs; English and Spanish instruction versions (Hooper, Tomarken & Gauthier 2024, Behavior Research Methods 57:36), deposit doi:10.6084/m9.figshare.24395098.v2","Participants first studied six target objects from a novel category, then in each test trial selected which of three objects shown was one of the six targets. Targets and distractors were shown from the same angle within a trial. Trials were not timed and each item was scored 0 (incorrect) or 1 (correct); chance is 1/3.",NA,"[three-alternative forced-choice recognition trial: three novel objects are shown and the participant picks the one studied earlier. The stimuli are images, so there is no administered item wording.]",NA,NA,0
"nomt_hooper_2024_study2","nomt_hooper_2024_study2_1",201,"Novel Object Memory Test (NOMT), adapted from Richler, Wilmer & Gauthier (2017), with the novel categories Greebles, Ziggerins and Sheinbugs; English and Spanish instruction versions (Hooper, Tomarken & Gauthier 2024, Behavior Research Methods 57:36), deposit doi:10.6084/m9.figshare.24395098.v2","Participants first studied six target objects from a novel category, then in each test trial selected which of three objects shown was one of the six targets. Targets and distractors were shown from the same angle within a trial. Trials were not timed and each item was scored 0 (incorrect) or 1 (correct); chance is 1/3.",NA,"[three-alternative forced-choice recognition trial: three novel objects are shown and the participant picks the one studied earlier. The stimuli are images, so there is no administered item wording.]",NA,NA,1
"nomt_hooper_2024_study2","nomt_hooper_2024_study2_1",202,"Novel Object Memory Test (NOMT), adapted from Richler, Wilmer & Gauthier (2017), with the novel categories Greebles, Ziggerins and Sheinbugs; English and Spanish instruction versions (Hooper, Tomarken & Gauthier 2024, Behavior Research Methods 57:36), deposit doi:10.6084/m9.figshare.24395098.v2","Participants first studied six target objects from a novel category, then in each test trial selected which of three objects shown was one of the six targets. Targets and distractors were shown from the same angle within a trial. Trials were not timed and each item was scored 0 (incorrect) or 1 (correct); chance is 1/3.",NA,"[three-alternative forced-choice recognition trial: three novel objects are shown and the participant picks the one studied earlier. The stimuli are images, so there is no administered item wording.]",NA,NA,0
"nomt_hooper_2024_study2","nomt_hooper_2024_study2_1",202,"Novel Object Memory Test (NOMT), adapted from Richler, Wilmer & Gauthier (2017), with the novel categories Greebles, Ziggerins and Sheinbugs; English and Spanish instruction versions (Hooper, Tomarken & Gauthier 2024, Behavior Research Methods 57:36), deposit doi:10.6084/m9.figshare.24395098.v2","Participants first studied six target objects from a novel category, then in each test trial selected which of three objects shown was one of the six targets. Targets and distractors were shown from the same angle within a trial. Trials were not timed and each item was scored 0 (incorrect) or 1 (correct); chance is 1/3.",NA,"[three-alternative forced-choice recognition trial: three novel objects are shown and the participant picks the one studied earlier. The stimuli are images, so there is no administered item wording.]",NA,NA,1
"nomt_hooper_2024_study2","nomt_hooper_2024_study2_1",203,"Novel Object Memory Test (NOMT), adapted from Richler, Wilmer & Gauthier (2017), with the novel categories Greebles, Ziggerins and Sheinbugs; English and Spanish instruction versions (Hooper, Tomarken & Gauthier 2024, Behavior Research Methods 57:36), deposit doi:10.6084/m9.figshare.24395098.v2","Participants first studied six target objects from a novel category, then in each test trial selected which of three objects shown was one of the six targets. Targets and distractors were shown from the same angle within a trial. Trials were not timed and each item was scored 0 (incorrect) or 1 (correct); chance is 1/3.",NA,"[three-alternative forced-choice recognition trial: three novel objects are shown and the participant picks the one studied earlier. The stimuli are images, so there is no administered item wording.]",NA,NA,0
"nomt_hooper_2024_study2","nomt_hooper_2024_study2_1",203,"Novel Object Memory Test (NOMT), adapted from Richler, Wilmer & Gauthier (2017), with the novel categories Greebles, Ziggerins and Sheinbugs; English and Spanish instruction versions (Hooper, Tomarken & Gauthier 2024, Behavior Research Methods 57:36), deposit doi:10.6084/m9.figshare.24395098.v2","Participants first studied six target objects from a novel category, then in each test trial selected which of three objects shown was one of the six targets. Targets and distractors were shown from the same angle within a trial. Trials were not timed and each item was scored 0 (incorrect) or 1 (correct); chance is 1/3.",NA,"[three-alternative forced-choice recognition trial: three novel objects are shown and the participant picks the one studied earlier. The stimuli are images, so there is no administered item wording.]",NA,NA,1
"nomt_hooper_2024_study2","nomt_hooper_2024_study2_1",204,"Novel Object Memory Test (NOMT), adapted from Richler, Wilmer & Gauthier (2017), with the novel categories Greebles, Ziggerins and Sheinbugs; English and Spanish instruction versions (Hooper, Tomarken & Gauthier 2024, Behavior Research Methods 57:36), deposit doi:10.6084/m9.figshare.24395098.v2","Participants first studied six target objects from a novel category, then in each test trial selected which of three objects shown was one of the six targets. Targets and distractors were shown from the same angle within a trial. Trials were not timed and each item was scored 0 (incorrect) or 1 (correct); chance is 1/3.",NA,"[three-alternative forced-choice recognition trial: three novel objects are shown and the participant picks the one studied earlier. The stimuli are images, so there is no administered item wording.]",NA,NA,0
"nomt_hooper_2024_study2","nomt_hooper_2024_study2_1",204,"Novel Object Memory Test (NOMT), adapted from Richler, Wilmer & Gauthier (2017), with the novel categories Greebles, Ziggerins and Sheinbugs; English and Spanish instruction versions (Hooper, Tomarken & Gauthier 2024, Behavior Research Methods 57:36), deposit doi:10.6084/m9.figshare.24395098.v2","Participants first studied six target objects from a novel category, then in each test trial selected which of three objects shown was one of the six targets. Targets and distractors were shown from the same angle within a trial. Trials were not timed and each item was scored 0 (incorrect) or 1 (correct); chance is 1/3.",NA,"[three-alternative forced-choice recognition trial: three novel objects are shown and the participant picks the one studied earlier. The stimuli are images, so there is no administered item wording.]",NA,NA,1
"nomt_hooper_2024_study2","nomt_hooper_2024_study2_1",205,"Novel Object Memory Test (NOMT), adapted from Richler, Wilmer & Gauthier (2017), with the novel categories Greebles, Ziggerins and Sheinbugs; English and Spanish instruction versions (Hooper, Tomarken & Gauthier 2024, Behavior Research Methods 57:36), deposit doi:10.6084/m9.figshare.24395098.v2","Participants first studied six target objects from a novel category, then in each test trial selected which of three objects shown was one of the six targets. Targets and distractors were shown from the same angle within a trial. Trials were not timed and each item was scored 0 (incorrect) or 1 (correct); chance is 1/3.",NA,"[three-alternative forced-choice recognition trial: three novel objects are shown and the participant picks the one studied earlier. The stimuli are images, so there is no administered item wording.]",NA,NA,0
"nomt_hooper_2024_study2","nomt_hooper_2024_study2_1",205,"Novel Object Memory Test (NOMT), adapted from Richler, Wilmer & Gauthier (2017), with the novel categories Greebles, Ziggerins and Sheinbugs; English and Spanish instruction versions (Hooper, Tomarken & Gauthier 2024, Behavior Research Methods 57:36), deposit doi:10.6084/m9.figshare.24395098.v2","Participants first studied six target objects from a novel category, then in each test trial selected which of three objects shown was one of the six targets. Targets and distractors were shown from the same angle within a trial. Trials were not timed and each item was scored 0 (incorrect) or 1 (correct); chance is 1/3.",NA,"[three-alternative forced-choice recognition trial: three novel objects are shown and the participant picks the one studied earlier. The stimuli are images, so there is no administered item wording.]",NA,NA,1
"nomt_hooper_2024_study2","nomt_hooper_2024_study2_1",206,"Novel Object Memory Test (NOMT), adapted from Richler, Wilmer & Gauthier (2017), with the novel categories Greebles, Ziggerins and Sheinbugs; English and Spanish instruction versions (Hooper, Tomarken & Gauthier 2024, Behavior Research Methods 57:36), deposit doi:10.6084/m9.figshare.24395098.v2","Participants first studied six target objects from a novel category, then in each test trial selected which of three objects shown was one of the six targets. Targets and distractors were shown from the same angle within a trial. Trials were not timed and each item was scored 0 (incorrect) or 1 (correct); chance is 1/3.",NA,"[three-alternative forced-choice recognition trial: three novel objects are shown and the participant picks the one studied earlier. The stimuli are images, so there is no administered item wording.]",NA,NA,0
"nomt_hooper_2024_study2","nomt_hooper_2024_study2_1",206,"Novel Object Memory Test (NOMT), adapted from Richler, Wilmer & Gauthier (2017), with the novel categories Greebles, Ziggerins and Sheinbugs; English and Spanish instruction versions (Hooper, Tomarken & Gauthier 2024, Behavior Research Methods 57:36), deposit doi:10.6084/m9.figshare.24395098.v2","Participants first studied six target objects from a novel category, then in each test trial selected which of three objects shown was one of the six targets. Targets and distractors were shown from the same angle within a trial. Trials were not timed and each item was scored 0 (incorrect) or 1 (correct); chance is 1/3.",NA,"[three-alternative forced-choice recognition trial: three novel objects are shown and the participant picks the one studied earlier. The stimuli are images, so there is no administered item wording.]",NA,NA,1
"nomt_hooper_2024_study2","nomt_hooper_2024_study2_1",207,"Novel Object Memory Test (NOMT), adapted from Richler, Wilmer & Gauthier (2017), with the novel categories Greebles, Ziggerins and Sheinbugs; English and Spanish instruction versions (Hooper, Tomarken & Gauthier 2024, Behavior Research Methods 57:36), deposit doi:10.6084/m9.figshare.24395098.v2","Participants first studied six target objects from a novel category, then in each test trial selected which of three objects shown was one of the six targets. Targets and distractors were shown from the same angle within a trial. Trials were not timed and each item was scored 0 (incorrect) or 1 (correct); chance is 1/3.",NA,"[three-alternative forced-choice recognition trial: three novel objects are shown and the participant picks the one studied earlier. The stimuli are images, so there is no administered item wording.]",NA,NA,0
"nomt_hooper_2024_study2","nomt_hooper_2024_study2_1",207,"Novel Object Memory Test (NOMT), adapted from Richler, Wilmer & Gauthier (2017), with the novel categories Greebles, Ziggerins and Sheinbugs; English and Spanish instruction versions (Hooper, Tomarken & Gauthier 2024, Behavior Research Methods 57:36), deposit doi:10.6084/m9.figshare.24395098.v2","Participants first studied six target objects from a novel category, then in each test trial selected which of three objects shown was one of the six targets. Targets and distractors were shown from the same angle within a trial. Trials were not timed and each item was scored 0 (incorrect) or 1 (correct); chance is 1/3.",NA,"[three-alternative forced-choice recognition trial: three novel objects are shown and the participant picks the one studied earlier. The stimuli are images, so there is no administered item wording.]",NA,NA,1
"nomt_hooper_2024_study2","nomt_hooper_2024_study2_1",208,"Novel Object Memory Test (NOMT), adapted from Richler, Wilmer & Gauthier (2017), with the novel categories Greebles, Ziggerins and Sheinbugs; English and Spanish instruction versions (Hooper, Tomarken & Gauthier 2024, Behavior Research Methods 57:36), deposit doi:10.6084/m9.figshare.24395098.v2","Participants first studied six target objects from a novel category, then in each test trial selected which of three objects shown was one of the six targets. Targets and distractors were shown from the same angle within a trial. Trials were not timed and each item was scored 0 (incorrect) or 1 (correct); chance is 1/3.",NA,"[three-alternative forced-choice recognition trial: three novel objects are shown and the participant picks the one studied earlier. The stimuli are images, so there is no administered item wording.]",NA,NA,0
"nomt_hooper_2024_study2","nomt_hooper_2024_study2_1",208,"Novel Object Memory Test (NOMT), adapted from Richler, Wilmer & Gauthier (2017), with the novel categories Greebles, Ziggerins and Sheinbugs; English and Spanish instruction versions (Hooper, Tomarken & Gauthier 2024, Behavior Research Methods 57:36), deposit doi:10.6084/m9.figshare.24395098.v2","Participants first studied six target objects from a novel category, then in each test trial selected which of three objects shown was one of the six targets. Targets and distractors were shown from the same angle within a trial. Trials were not timed and each item was scored 0 (incorrect) or 1 (correct); chance is 1/3.",NA,"[three-alternative forced-choice recognition trial: three novel objects are shown and the participant picks the one studied earlier. The stimuli are images, so there is no administered item wording.]",NA,NA,1
"nomt_hooper_2024_study2","nomt_hooper_2024_study2_1",209,"Novel Object Memory Test (NOMT), adapted from Richler, Wilmer & Gauthier (2017), with the novel categories Greebles, Ziggerins and Sheinbugs; English and Spanish instruction versions (Hooper, Tomarken & Gauthier 2024, Behavior Research Methods 57:36), deposit doi:10.6084/m9.figshare.24395098.v2","Participants first studied six target objects from a novel category, then in each test trial selected which of three objects shown was one of the six targets. Targets and distractors were shown from the same angle within a trial. Trials were not timed and each item was scored 0 (incorrect) or 1 (correct); chance is 1/3.",NA,"[three-alternative forced-choice recognition trial: three novel objects are shown and the participant picks the one studied earlier. The stimuli are images, so there is no administered item wording.]",NA,NA,0
"nomt_hooper_2024_study2","nomt_hooper_2024_study2_1",209,"Novel Object Memory Test (NOMT), adapted from Richler, Wilmer & Gauthier (2017), with the novel categories Greebles, Ziggerins and Sheinbugs; English and Spanish instruction versions (Hooper, Tomarken & Gauthier 2024, Behavior Research Methods 57:36), deposit doi:10.6084/m9.figshare.24395098.v2","Participants first studied six target objects from a novel category, then in each test trial selected which of three objects shown was one of the six targets. Targets and distractors were shown from the same angle within a trial. Trials were not timed and each item was scored 0 (incorrect) or 1 (correct); chance is 1/3.",NA,"[three-alternative forced-choice recognition trial: three novel objects are shown and the participant picks the one studied earlier. The stimuli are images, so there is no administered item wording.]",NA,NA,1
"nomt_hooper_2024_study2","nomt_hooper_2024_study2_1",210,"Novel Object Memory Test (NOMT), adapted from Richler, Wilmer & Gauthier (2017), with the novel categories Greebles, Ziggerins and Sheinbugs; English and Spanish instruction versions (Hooper, Tomarken & Gauthier 2024, Behavior Research Methods 57:36), deposit doi:10.6084/m9.figshare.24395098.v2","Participants first studied six target objects from a novel category, then in each test trial selected which of three objects shown was one of the six targets. Targets and distractors were shown from the same angle within a trial. Trials were not timed and each item was scored 0 (incorrect) or 1 (correct); chance is 1/3.",NA,"[three-alternative forced-choice recognition trial: three novel objects are shown and the participant picks the one studied earlier. The stimuli are images, so there is no administered item wording.]",NA,NA,0
"nomt_hooper_2024_study2","nomt_hooper_2024_study2_1",210,"Novel Object Memory Test (NOMT), adapted from Richler, Wilmer & Gauthier (2017), with the novel categories Greebles, Ziggerins and Sheinbugs; English and Spanish instruction versions (Hooper, Tomarken & Gauthier 2024, Behavior Research Methods 57:36), deposit doi:10.6084/m9.figshare.24395098.v2","Participants first studied six target objects from a novel category, then in each test trial selected which of three objects shown was one of the six targets. Targets and distractors were shown from the same angle within a trial. Trials were not timed and each item was scored 0 (incorrect) or 1 (correct); chance is 1/3.",NA,"[three-alternative forced-choice recognition trial: three novel objects are shown and the participant picks the one studied earlier. The stimuli are images, so there is no administered item wording.]",NA,NA,1
"nomt_hooper_2024_study2","nomt_hooper_2024_study2_1",211,"Novel Object Memory Test (NOMT), adapted from Richler, Wilmer & Gauthier (2017), with the novel categories Greebles, Ziggerins and Sheinbugs; English and Spanish instruction versions (Hooper, Tomarken & Gauthier 2024, Behavior Research Methods 57:36), deposit doi:10.6084/m9.figshare.24395098.v2","Participants first studied six target objects from a novel category, then in each test trial selected which of three objects shown was one of the six targets. Targets and distractors were shown from the same angle within a trial. Trials were not timed and each item was scored 0 (incorrect) or 1 (correct); chance is 1/3.",NA,"[three-alternative forced-choice recognition trial: three novel objects are shown and the participant picks the one studied earlier. The stimuli are images, so there is no administered item wording.]",NA,NA,0
"nomt_hooper_2024_study2","nomt_hooper_2024_study2_1",211,"Novel Object Memory Test (NOMT), adapted from Richler, Wilmer & Gauthier (2017), with the novel categories Greebles, Ziggerins and Sheinbugs; English and Spanish instruction versions (Hooper, Tomarken & Gauthier 2024, Behavior Research Methods 57:36), deposit doi:10.6084/m9.figshare.24395098.v2","Participants first studied six target objects from a novel category, then in each test trial selected which of three objects shown was one of the six targets. Targets and distractors were shown from the same angle within a trial. Trials were not timed and each item was scored 0 (incorrect) or 1 (correct); chance is 1/3.",NA,"[three-alternative forced-choice recognition trial: three novel objects are shown and the participant picks the one studied earlier. The stimuli are images, so there is no administered item wording.]",NA,NA,1
"nomt_hooper_2024_study2","nomt_hooper_2024_study2_1",212,"Novel Object Memory Test (NOMT), adapted from Richler, Wilmer & Gauthier (2017), with the novel categories Greebles, Ziggerins and Sheinbugs; English and Spanish instruction versions (Hooper, Tomarken & Gauthier 2024, Behavior Research Methods 57:36), deposit doi:10.6084/m9.figshare.24395098.v2","Participants first studied six target objects from a novel category, then in each test trial selected which of three objects shown was one of the six targets. Targets and distractors were shown from the same angle within a trial. Trials were not timed and each item was scored 0 (incorrect) or 1 (correct); chance is 1/3.",NA,"[three-alternative forced-choice recognition trial: three novel objects are shown and the participant picks the one studied earlier. The stimuli are images, so there is no administered item wording.]",NA,NA,0
"nomt_hooper_2024_study2","nomt_hooper_2024_study2_1",212,"Novel Object Memory Test (NOMT), adapted from Richler, Wilmer & Gauthier (2017), with the novel categories Greebles, Ziggerins and Sheinbugs; English and Spanish instruction versions (Hooper, Tomarken & Gauthier 2024, Behavior Research Methods 57:36), deposit doi:10.6084/m9.figshare.24395098.v2","Participants first studied six target objects from a novel category, then in each test trial selected which of three objects shown was one of the six targets. Targets and distractors were shown from the same angle within a trial. Trials were not timed and each item was scored 0 (incorrect) or 1 (correct); chance is 1/3.",NA,"[three-alternative forced-choice recognition trial: three novel objects are shown and the participant picks the one studied earlier. The stimuli are images, so there is no administered item wording.]",NA,NA,1
