"table","section_id","item","instrument","instructions","section_prompt","item_text","correct_response","option_text","resp"
"Adherence_Zissette_2018_SDB","Adherence_Zissette_2018_SDB_1","q_s_025_SDB","Social desirability items (Marlowe-Crowne derived) embedded in the DOMA Screener Form, IRBnet #744987 Final Structured Survey","How much do you disagree or agree with the following statements? There are no wrong answers; I'm interested in hearing your opinion. Here's how it will work. I will read a statement out loud and then you will tell me if you agree or disagree with it - and how much you agree or disagree with it. 1=Disagree A LOT 2=Disagree Somewhat 3=Disagree A Little 4=Agree A Little 5=Agree Somewhat 6=Agree A LOT",NA,"I don’t care what other people think of me.",NA,"Disagree a Lot",1
"Adherence_Zissette_2018_SDB","Adherence_Zissette_2018_SDB_1","q_s_025_SDB","Social desirability items (Marlowe-Crowne derived) embedded in the DOMA Screener Form, IRBnet #744987 Final Structured Survey","How much do you disagree or agree with the following statements? There are no wrong answers; I'm interested in hearing your opinion. Here's how it will work. I will read a statement out loud and then you will tell me if you agree or disagree with it - and how much you agree or disagree with it. 1=Disagree A LOT 2=Disagree Somewhat 3=Disagree A Little 4=Agree A Little 5=Agree Somewhat 6=Agree A LOT",NA,"I don’t care what other people think of me.",NA,"Disagree Somewhat",2
"Adherence_Zissette_2018_SDB","Adherence_Zissette_2018_SDB_1","q_s_025_SDB","Social desirability items (Marlowe-Crowne derived) embedded in the DOMA Screener Form, IRBnet #744987 Final Structured Survey","How much do you disagree or agree with the following statements? There are no wrong answers; I'm interested in hearing your opinion. Here's how it will work. I will read a statement out loud and then you will tell me if you agree or disagree with it - and how much you agree or disagree with it. 1=Disagree A LOT 2=Disagree Somewhat 3=Disagree A Little 4=Agree A Little 5=Agree Somewhat 6=Agree A LOT",NA,"I don’t care what other people think of me.",NA,"Disagree a Little",3
"Adherence_Zissette_2018_SDB","Adherence_Zissette_2018_SDB_1","q_s_025_SDB","Social desirability items (Marlowe-Crowne derived) embedded in the DOMA Screener Form, IRBnet #744987 Final Structured Survey","How much do you disagree or agree with the following statements? There are no wrong answers; I'm interested in hearing your opinion. Here's how it will work. I will read a statement out loud and then you will tell me if you agree or disagree with it - and how much you agree or disagree with it. 1=Disagree A LOT 2=Disagree Somewhat 3=Disagree A Little 4=Agree A Little 5=Agree Somewhat 6=Agree A LOT",NA,"I don’t care what other people think of me.",NA,"Agree a Little",4
"Adherence_Zissette_2018_SDB","Adherence_Zissette_2018_SDB_1","q_s_025_SDB","Social desirability items (Marlowe-Crowne derived) embedded in the DOMA Screener Form, IRBnet #744987 Final Structured Survey","How much do you disagree or agree with the following statements? There are no wrong answers; I'm interested in hearing your opinion. Here's how it will work. I will read a statement out loud and then you will tell me if you agree or disagree with it - and how much you agree or disagree with it. 1=Disagree A LOT 2=Disagree Somewhat 3=Disagree A Little 4=Agree A Little 5=Agree Somewhat 6=Agree A LOT",NA,"I don’t care what other people think of me.",NA,"Agree Somewhat",5
"Adherence_Zissette_2018_SDB","Adherence_Zissette_2018_SDB_1","q_s_025_SDB","Social desirability items (Marlowe-Crowne derived) embedded in the DOMA Screener Form, IRBnet #744987 Final Structured Survey","How much do you disagree or agree with the following statements? There are no wrong answers; I'm interested in hearing your opinion. Here's how it will work. I will read a statement out loud and then you will tell me if you agree or disagree with it - and how much you agree or disagree with it. 1=Disagree A LOT 2=Disagree Somewhat 3=Disagree A Little 4=Agree A Little 5=Agree Somewhat 6=Agree A LOT",NA,"I don’t care what other people think of me.",NA,"Agree a Lot",6
"Adherence_Zissette_2018_SDB","Adherence_Zissette_2018_SDB_1","q_s_026_SDB","Social desirability items (Marlowe-Crowne derived) embedded in the DOMA Screener Form, IRBnet #744987 Final Structured Survey","How much do you disagree or agree with the following statements? There are no wrong answers; I'm interested in hearing your opinion. Here's how it will work. I will read a statement out loud and then you will tell me if you agree or disagree with it - and how much you agree or disagree with it. 1=Disagree A LOT 2=Disagree Somewhat 3=Disagree A Little 4=Agree A Little 5=Agree Somewhat 6=Agree A LOT",NA,"I never hesitate to go out of my way to help someone in trouble.",NA,"Disagree a Lot",1
"Adherence_Zissette_2018_SDB","Adherence_Zissette_2018_SDB_1","q_s_026_SDB","Social desirability items (Marlowe-Crowne derived) embedded in the DOMA Screener Form, IRBnet #744987 Final Structured Survey","How much do you disagree or agree with the following statements? There are no wrong answers; I'm interested in hearing your opinion. Here's how it will work. I will read a statement out loud and then you will tell me if you agree or disagree with it - and how much you agree or disagree with it. 1=Disagree A LOT 2=Disagree Somewhat 3=Disagree A Little 4=Agree A Little 5=Agree Somewhat 6=Agree A LOT",NA,"I never hesitate to go out of my way to help someone in trouble.",NA,"Disagree Somewhat",2
"Adherence_Zissette_2018_SDB","Adherence_Zissette_2018_SDB_1","q_s_026_SDB","Social desirability items (Marlowe-Crowne derived) embedded in the DOMA Screener Form, IRBnet #744987 Final Structured Survey","How much do you disagree or agree with the following statements? There are no wrong answers; I'm interested in hearing your opinion. Here's how it will work. I will read a statement out loud and then you will tell me if you agree or disagree with it - and how much you agree or disagree with it. 1=Disagree A LOT 2=Disagree Somewhat 3=Disagree A Little 4=Agree A Little 5=Agree Somewhat 6=Agree A LOT",NA,"I never hesitate to go out of my way to help someone in trouble.",NA,"Disagree a Little",3
"Adherence_Zissette_2018_SDB","Adherence_Zissette_2018_SDB_1","q_s_026_SDB","Social desirability items (Marlowe-Crowne derived) embedded in the DOMA Screener Form, IRBnet #744987 Final Structured Survey","How much do you disagree or agree with the following statements? There are no wrong answers; I'm interested in hearing your opinion. Here's how it will work. I will read a statement out loud and then you will tell me if you agree or disagree with it - and how much you agree or disagree with it. 1=Disagree A LOT 2=Disagree Somewhat 3=Disagree A Little 4=Agree A Little 5=Agree Somewhat 6=Agree A LOT",NA,"I never hesitate to go out of my way to help someone in trouble.",NA,"Agree a Little",4
"Adherence_Zissette_2018_SDB","Adherence_Zissette_2018_SDB_1","q_s_026_SDB","Social desirability items (Marlowe-Crowne derived) embedded in the DOMA Screener Form, IRBnet #744987 Final Structured Survey","How much do you disagree or agree with the following statements? There are no wrong answers; I'm interested in hearing your opinion. Here's how it will work. I will read a statement out loud and then you will tell me if you agree or disagree with it - and how much you agree or disagree with it. 1=Disagree A LOT 2=Disagree Somewhat 3=Disagree A Little 4=Agree A Little 5=Agree Somewhat 6=Agree A LOT",NA,"I never hesitate to go out of my way to help someone in trouble.",NA,"Agree Somewhat",5
"Adherence_Zissette_2018_SDB","Adherence_Zissette_2018_SDB_1","q_s_026_SDB","Social desirability items (Marlowe-Crowne derived) embedded in the DOMA Screener Form, IRBnet #744987 Final Structured Survey","How much do you disagree or agree with the following statements? There are no wrong answers; I'm interested in hearing your opinion. Here's how it will work. I will read a statement out loud and then you will tell me if you agree or disagree with it - and how much you agree or disagree with it. 1=Disagree A LOT 2=Disagree Somewhat 3=Disagree A Little 4=Agree A Little 5=Agree Somewhat 6=Agree A LOT",NA,"I never hesitate to go out of my way to help someone in trouble.",NA,"Agree a Lot",6
"Adherence_Zissette_2018_SDB","Adherence_Zissette_2018_SDB_1","q_s_027_SDB","Social desirability items (Marlowe-Crowne derived) embedded in the DOMA Screener Form, IRBnet #744987 Final Structured Survey","How much do you disagree or agree with the following statements? There are no wrong answers; I'm interested in hearing your opinion. Here's how it will work. I will read a statement out loud and then you will tell me if you agree or disagree with it - and how much you agree or disagree with it. 1=Disagree A LOT 2=Disagree Somewhat 3=Disagree A Little 4=Agree A Little 5=Agree Somewhat 6=Agree A LOT",NA,"I have never intensely disliked anyone.",NA,"Disagree a Lot",1
"Adherence_Zissette_2018_SDB","Adherence_Zissette_2018_SDB_1","q_s_027_SDB","Social desirability items (Marlowe-Crowne derived) embedded in the DOMA Screener Form, IRBnet #744987 Final Structured Survey","How much do you disagree or agree with the following statements? There are no wrong answers; I'm interested in hearing your opinion. Here's how it will work. I will read a statement out loud and then you will tell me if you agree or disagree with it - and how much you agree or disagree with it. 1=Disagree A LOT 2=Disagree Somewhat 3=Disagree A Little 4=Agree A Little 5=Agree Somewhat 6=Agree A LOT",NA,"I have never intensely disliked anyone.",NA,"Disagree Somewhat",2
"Adherence_Zissette_2018_SDB","Adherence_Zissette_2018_SDB_1","q_s_027_SDB","Social desirability items (Marlowe-Crowne derived) embedded in the DOMA Screener Form, IRBnet #744987 Final Structured Survey","How much do you disagree or agree with the following statements? There are no wrong answers; I'm interested in hearing your opinion. Here's how it will work. I will read a statement out loud and then you will tell me if you agree or disagree with it - and how much you agree or disagree with it. 1=Disagree A LOT 2=Disagree Somewhat 3=Disagree A Little 4=Agree A Little 5=Agree Somewhat 6=Agree A LOT",NA,"I have never intensely disliked anyone.",NA,"Disagree a Little",3
"Adherence_Zissette_2018_SDB","Adherence_Zissette_2018_SDB_1","q_s_027_SDB","Social desirability items (Marlowe-Crowne derived) embedded in the DOMA Screener Form, IRBnet #744987 Final Structured Survey","How much do you disagree or agree with the following statements? There are no wrong answers; I'm interested in hearing your opinion. Here's how it will work. I will read a statement out loud and then you will tell me if you agree or disagree with it - and how much you agree or disagree with it. 1=Disagree A LOT 2=Disagree Somewhat 3=Disagree A Little 4=Agree A Little 5=Agree Somewhat 6=Agree A LOT",NA,"I have never intensely disliked anyone.",NA,"Agree a Little",4
"Adherence_Zissette_2018_SDB","Adherence_Zissette_2018_SDB_1","q_s_027_SDB","Social desirability items (Marlowe-Crowne derived) embedded in the DOMA Screener Form, IRBnet #744987 Final Structured Survey","How much do you disagree or agree with the following statements? There are no wrong answers; I'm interested in hearing your opinion. Here's how it will work. I will read a statement out loud and then you will tell me if you agree or disagree with it - and how much you agree or disagree with it. 1=Disagree A LOT 2=Disagree Somewhat 3=Disagree A Little 4=Agree A Little 5=Agree Somewhat 6=Agree A LOT",NA,"I have never intensely disliked anyone.",NA,"Agree Somewhat",5
"Adherence_Zissette_2018_SDB","Adherence_Zissette_2018_SDB_1","q_s_027_SDB","Social desirability items (Marlowe-Crowne derived) embedded in the DOMA Screener Form, IRBnet #744987 Final Structured Survey","How much do you disagree or agree with the following statements? There are no wrong answers; I'm interested in hearing your opinion. Here's how it will work. I will read a statement out loud and then you will tell me if you agree or disagree with it - and how much you agree or disagree with it. 1=Disagree A LOT 2=Disagree Somewhat 3=Disagree A Little 4=Agree A Little 5=Agree Somewhat 6=Agree A LOT",NA,"I have never intensely disliked anyone.",NA,"Agree a Lot",6
"Adherence_Zissette_2018_SDB","Adherence_Zissette_2018_SDB_1","q_s_028_SDB","Social desirability items (Marlowe-Crowne derived) embedded in the DOMA Screener Form, IRBnet #744987 Final Structured Survey","How much do you disagree or agree with the following statements? There are no wrong answers; I'm interested in hearing your opinion. Here's how it will work. I will read a statement out loud and then you will tell me if you agree or disagree with it - and how much you agree or disagree with it. 1=Disagree A LOT 2=Disagree Somewhat 3=Disagree A Little 4=Agree A Little 5=Agree Somewhat 6=Agree A LOT",NA,"I sometimes feel angry when I don't get my way.",NA,"Disagree a Lot",1
"Adherence_Zissette_2018_SDB","Adherence_Zissette_2018_SDB_1","q_s_028_SDB","Social desirability items (Marlowe-Crowne derived) embedded in the DOMA Screener Form, IRBnet #744987 Final Structured Survey","How much do you disagree or agree with the following statements? There are no wrong answers; I'm interested in hearing your opinion. Here's how it will work. I will read a statement out loud and then you will tell me if you agree or disagree with it - and how much you agree or disagree with it. 1=Disagree A LOT 2=Disagree Somewhat 3=Disagree A Little 4=Agree A Little 5=Agree Somewhat 6=Agree A LOT",NA,"I sometimes feel angry when I don't get my way.",NA,"Disagree Somewhat",2
"Adherence_Zissette_2018_SDB","Adherence_Zissette_2018_SDB_1","q_s_028_SDB","Social desirability items (Marlowe-Crowne derived) embedded in the DOMA Screener Form, IRBnet #744987 Final Structured Survey","How much do you disagree or agree with the following statements? There are no wrong answers; I'm interested in hearing your opinion. Here's how it will work. I will read a statement out loud and then you will tell me if you agree or disagree with it - and how much you agree or disagree with it. 1=Disagree A LOT 2=Disagree Somewhat 3=Disagree A Little 4=Agree A Little 5=Agree Somewhat 6=Agree A LOT",NA,"I sometimes feel angry when I don't get my way.",NA,"Disagree a Little",3
"Adherence_Zissette_2018_SDB","Adherence_Zissette_2018_SDB_1","q_s_028_SDB","Social desirability items (Marlowe-Crowne derived) embedded in the DOMA Screener Form, IRBnet #744987 Final Structured Survey","How much do you disagree or agree with the following statements? There are no wrong answers; I'm interested in hearing your opinion. Here's how it will work. I will read a statement out loud and then you will tell me if you agree or disagree with it - and how much you agree or disagree with it. 1=Disagree A LOT 2=Disagree Somewhat 3=Disagree A Little 4=Agree A Little 5=Agree Somewhat 6=Agree A LOT",NA,"I sometimes feel angry when I don't get my way.",NA,"Agree a Little",4
"Adherence_Zissette_2018_SDB","Adherence_Zissette_2018_SDB_1","q_s_028_SDB","Social desirability items (Marlowe-Crowne derived) embedded in the DOMA Screener Form, IRBnet #744987 Final Structured Survey","How much do you disagree or agree with the following statements? There are no wrong answers; I'm interested in hearing your opinion. Here's how it will work. I will read a statement out loud and then you will tell me if you agree or disagree with it - and how much you agree or disagree with it. 1=Disagree A LOT 2=Disagree Somewhat 3=Disagree A Little 4=Agree A Little 5=Agree Somewhat 6=Agree A LOT",NA,"I sometimes feel angry when I don't get my way.",NA,"Agree Somewhat",5
"Adherence_Zissette_2018_SDB","Adherence_Zissette_2018_SDB_1","q_s_028_SDB","Social desirability items (Marlowe-Crowne derived) embedded in the DOMA Screener Form, IRBnet #744987 Final Structured Survey","How much do you disagree or agree with the following statements? There are no wrong answers; I'm interested in hearing your opinion. Here's how it will work. I will read a statement out loud and then you will tell me if you agree or disagree with it - and how much you agree or disagree with it. 1=Disagree A LOT 2=Disagree Somewhat 3=Disagree A Little 4=Agree A Little 5=Agree Somewhat 6=Agree A LOT",NA,"I sometimes feel angry when I don't get my way.",NA,"Agree a Lot",6
"Adherence_Zissette_2018_SDB","Adherence_Zissette_2018_SDB_1","q_s_029_SDB","Social desirability items (Marlowe-Crowne derived) embedded in the DOMA Screener Form, IRBnet #744987 Final Structured Survey","How much do you disagree or agree with the following statements? There are no wrong answers; I'm interested in hearing your opinion. Here's how it will work. I will read a statement out loud and then you will tell me if you agree or disagree with it - and how much you agree or disagree with it. 1=Disagree A LOT 2=Disagree Somewhat 3=Disagree A Little 4=Agree A Little 5=Agree Somewhat 6=Agree A LOT",NA,"I like to gossip at times. (By gossip, we mean talking behind people's backs.)",NA,"Disagree a Lot",1
"Adherence_Zissette_2018_SDB","Adherence_Zissette_2018_SDB_1","q_s_029_SDB","Social desirability items (Marlowe-Crowne derived) embedded in the DOMA Screener Form, IRBnet #744987 Final Structured Survey","How much do you disagree or agree with the following statements? There are no wrong answers; I'm interested in hearing your opinion. Here's how it will work. I will read a statement out loud and then you will tell me if you agree or disagree with it - and how much you agree or disagree with it. 1=Disagree A LOT 2=Disagree Somewhat 3=Disagree A Little 4=Agree A Little 5=Agree Somewhat 6=Agree A LOT",NA,"I like to gossip at times. (By gossip, we mean talking behind people's backs.)",NA,"Disagree Somewhat",2
"Adherence_Zissette_2018_SDB","Adherence_Zissette_2018_SDB_1","q_s_029_SDB","Social desirability items (Marlowe-Crowne derived) embedded in the DOMA Screener Form, IRBnet #744987 Final Structured Survey","How much do you disagree or agree with the following statements? There are no wrong answers; I'm interested in hearing your opinion. Here's how it will work. I will read a statement out loud and then you will tell me if you agree or disagree with it - and how much you agree or disagree with it. 1=Disagree A LOT 2=Disagree Somewhat 3=Disagree A Little 4=Agree A Little 5=Agree Somewhat 6=Agree A LOT",NA,"I like to gossip at times. (By gossip, we mean talking behind people's backs.)",NA,"Disagree a Little",3
"Adherence_Zissette_2018_SDB","Adherence_Zissette_2018_SDB_1","q_s_029_SDB","Social desirability items (Marlowe-Crowne derived) embedded in the DOMA Screener Form, IRBnet #744987 Final Structured Survey","How much do you disagree or agree with the following statements? There are no wrong answers; I'm interested in hearing your opinion. Here's how it will work. I will read a statement out loud and then you will tell me if you agree or disagree with it - and how much you agree or disagree with it. 1=Disagree A LOT 2=Disagree Somewhat 3=Disagree A Little 4=Agree A Little 5=Agree Somewhat 6=Agree A LOT",NA,"I like to gossip at times. (By gossip, we mean talking behind people's backs.)",NA,"Agree a Little",4
"Adherence_Zissette_2018_SDB","Adherence_Zissette_2018_SDB_1","q_s_029_SDB","Social desirability items (Marlowe-Crowne derived) embedded in the DOMA Screener Form, IRBnet #744987 Final Structured Survey","How much do you disagree or agree with the following statements? There are no wrong answers; I'm interested in hearing your opinion. Here's how it will work. I will read a statement out loud and then you will tell me if you agree or disagree with it - and how much you agree or disagree with it. 1=Disagree A LOT 2=Disagree Somewhat 3=Disagree A Little 4=Agree A Little 5=Agree Somewhat 6=Agree A LOT",NA,"I like to gossip at times. (By gossip, we mean talking behind people's backs.)",NA,"Agree Somewhat",5
"Adherence_Zissette_2018_SDB","Adherence_Zissette_2018_SDB_1","q_s_029_SDB","Social desirability items (Marlowe-Crowne derived) embedded in the DOMA Screener Form, IRBnet #744987 Final Structured Survey","How much do you disagree or agree with the following statements? There are no wrong answers; I'm interested in hearing your opinion. Here's how it will work. I will read a statement out loud and then you will tell me if you agree or disagree with it - and how much you agree or disagree with it. 1=Disagree A LOT 2=Disagree Somewhat 3=Disagree A Little 4=Agree A Little 5=Agree Somewhat 6=Agree A LOT",NA,"I like to gossip at times. (By gossip, we mean talking behind people's backs.)",NA,"Agree a Lot",6
"Adherence_Zissette_2018_SDB","Adherence_Zissette_2018_SDB_1","q_s_030_SDB","Social desirability items (Marlowe-Crowne derived) embedded in the DOMA Screener Form, IRBnet #744987 Final Structured Survey","How much do you disagree or agree with the following statements? There are no wrong answers; I'm interested in hearing your opinion. Here's how it will work. I will read a statement out loud and then you will tell me if you agree or disagree with it - and how much you agree or disagree with it. 1=Disagree A LOT 2=Disagree Somewhat 3=Disagree A Little 4=Agree A Little 5=Agree Somewhat 6=Agree A LOT",NA,"I do not always tell the truth.",NA,"Disagree a Lot",1
"Adherence_Zissette_2018_SDB","Adherence_Zissette_2018_SDB_1","q_s_030_SDB","Social desirability items (Marlowe-Crowne derived) embedded in the DOMA Screener Form, IRBnet #744987 Final Structured Survey","How much do you disagree or agree with the following statements? There are no wrong answers; I'm interested in hearing your opinion. Here's how it will work. I will read a statement out loud and then you will tell me if you agree or disagree with it - and how much you agree or disagree with it. 1=Disagree A LOT 2=Disagree Somewhat 3=Disagree A Little 4=Agree A Little 5=Agree Somewhat 6=Agree A LOT",NA,"I do not always tell the truth.",NA,"Disagree Somewhat",2
"Adherence_Zissette_2018_SDB","Adherence_Zissette_2018_SDB_1","q_s_030_SDB","Social desirability items (Marlowe-Crowne derived) embedded in the DOMA Screener Form, IRBnet #744987 Final Structured Survey","How much do you disagree or agree with the following statements? There are no wrong answers; I'm interested in hearing your opinion. Here's how it will work. I will read a statement out loud and then you will tell me if you agree or disagree with it - and how much you agree or disagree with it. 1=Disagree A LOT 2=Disagree Somewhat 3=Disagree A Little 4=Agree A Little 5=Agree Somewhat 6=Agree A LOT",NA,"I do not always tell the truth.",NA,"Disagree a Little",3
"Adherence_Zissette_2018_SDB","Adherence_Zissette_2018_SDB_1","q_s_030_SDB","Social desirability items (Marlowe-Crowne derived) embedded in the DOMA Screener Form, IRBnet #744987 Final Structured Survey","How much do you disagree or agree with the following statements? There are no wrong answers; I'm interested in hearing your opinion. Here's how it will work. I will read a statement out loud and then you will tell me if you agree or disagree with it - and how much you agree or disagree with it. 1=Disagree A LOT 2=Disagree Somewhat 3=Disagree A Little 4=Agree A Little 5=Agree Somewhat 6=Agree A LOT",NA,"I do not always tell the truth.",NA,"Agree a Little",4
"Adherence_Zissette_2018_SDB","Adherence_Zissette_2018_SDB_1","q_s_030_SDB","Social desirability items (Marlowe-Crowne derived) embedded in the DOMA Screener Form, IRBnet #744987 Final Structured Survey","How much do you disagree or agree with the following statements? There are no wrong answers; I'm interested in hearing your opinion. Here's how it will work. I will read a statement out loud and then you will tell me if you agree or disagree with it - and how much you agree or disagree with it. 1=Disagree A LOT 2=Disagree Somewhat 3=Disagree A Little 4=Agree A Little 5=Agree Somewhat 6=Agree A LOT",NA,"I do not always tell the truth.",NA,"Agree Somewhat",5
"Adherence_Zissette_2018_SDB","Adherence_Zissette_2018_SDB_1","q_s_030_SDB","Social desirability items (Marlowe-Crowne derived) embedded in the DOMA Screener Form, IRBnet #744987 Final Structured Survey","How much do you disagree or agree with the following statements? There are no wrong answers; I'm interested in hearing your opinion. Here's how it will work. I will read a statement out loud and then you will tell me if you agree or disagree with it - and how much you agree or disagree with it. 1=Disagree A LOT 2=Disagree Somewhat 3=Disagree A Little 4=Agree A Little 5=Agree Somewhat 6=Agree A LOT",NA,"I do not always tell the truth.",NA,"Agree a Lot",6
"Adherence_Zissette_2018_SDB","Adherence_Zissette_2018_SDB_1","q_s_031_SDB","Social desirability items (Marlowe-Crowne derived) embedded in the DOMA Screener Form, IRBnet #744987 Final Structured Survey","How much do you disagree or agree with the following statements? There are no wrong answers; I'm interested in hearing your opinion. Here's how it will work. I will read a statement out loud and then you will tell me if you agree or disagree with it - and how much you agree or disagree with it. 1=Disagree A LOT 2=Disagree Somewhat 3=Disagree A Little 4=Agree A Little 5=Agree Somewhat 6=Agree A LOT",NA,"No matter who I'm talking to, I'm always a good listener.",NA,"Disagree a Lot",1
"Adherence_Zissette_2018_SDB","Adherence_Zissette_2018_SDB_1","q_s_031_SDB","Social desirability items (Marlowe-Crowne derived) embedded in the DOMA Screener Form, IRBnet #744987 Final Structured Survey","How much do you disagree or agree with the following statements? There are no wrong answers; I'm interested in hearing your opinion. Here's how it will work. I will read a statement out loud and then you will tell me if you agree or disagree with it - and how much you agree or disagree with it. 1=Disagree A LOT 2=Disagree Somewhat 3=Disagree A Little 4=Agree A Little 5=Agree Somewhat 6=Agree A LOT",NA,"No matter who I'm talking to, I'm always a good listener.",NA,"Disagree Somewhat",2
"Adherence_Zissette_2018_SDB","Adherence_Zissette_2018_SDB_1","q_s_031_SDB","Social desirability items (Marlowe-Crowne derived) embedded in the DOMA Screener Form, IRBnet #744987 Final Structured Survey","How much do you disagree or agree with the following statements? There are no wrong answers; I'm interested in hearing your opinion. Here's how it will work. I will read a statement out loud and then you will tell me if you agree or disagree with it - and how much you agree or disagree with it. 1=Disagree A LOT 2=Disagree Somewhat 3=Disagree A Little 4=Agree A Little 5=Agree Somewhat 6=Agree A LOT",NA,"No matter who I'm talking to, I'm always a good listener.",NA,"Disagree a Little",3
"Adherence_Zissette_2018_SDB","Adherence_Zissette_2018_SDB_1","q_s_031_SDB","Social desirability items (Marlowe-Crowne derived) embedded in the DOMA Screener Form, IRBnet #744987 Final Structured Survey","How much do you disagree or agree with the following statements? There are no wrong answers; I'm interested in hearing your opinion. Here's how it will work. I will read a statement out loud and then you will tell me if you agree or disagree with it - and how much you agree or disagree with it. 1=Disagree A LOT 2=Disagree Somewhat 3=Disagree A Little 4=Agree A Little 5=Agree Somewhat 6=Agree A LOT",NA,"No matter who I'm talking to, I'm always a good listener.",NA,"Agree a Little",4
"Adherence_Zissette_2018_SDB","Adherence_Zissette_2018_SDB_1","q_s_031_SDB","Social desirability items (Marlowe-Crowne derived) embedded in the DOMA Screener Form, IRBnet #744987 Final Structured Survey","How much do you disagree or agree with the following statements? There are no wrong answers; I'm interested in hearing your opinion. Here's how it will work. I will read a statement out loud and then you will tell me if you agree or disagree with it - and how much you agree or disagree with it. 1=Disagree A LOT 2=Disagree Somewhat 3=Disagree A Little 4=Agree A Little 5=Agree Somewhat 6=Agree A LOT",NA,"No matter who I'm talking to, I'm always a good listener.",NA,"Agree Somewhat",5
"Adherence_Zissette_2018_SDB","Adherence_Zissette_2018_SDB_1","q_s_031_SDB","Social desirability items (Marlowe-Crowne derived) embedded in the DOMA Screener Form, IRBnet #744987 Final Structured Survey","How much do you disagree or agree with the following statements? There are no wrong answers; I'm interested in hearing your opinion. Here's how it will work. I will read a statement out loud and then you will tell me if you agree or disagree with it - and how much you agree or disagree with it. 1=Disagree A LOT 2=Disagree Somewhat 3=Disagree A Little 4=Agree A Little 5=Agree Somewhat 6=Agree A LOT",NA,"No matter who I'm talking to, I'm always a good listener.",NA,"Agree a Lot",6
"Adherence_Zissette_2018_SDB","Adherence_Zissette_2018_SDB_1","q_s_032_SDB","Social desirability items (Marlowe-Crowne derived) embedded in the DOMA Screener Form, IRBnet #744987 Final Structured Survey","How much do you disagree or agree with the following statements? There are no wrong answers; I'm interested in hearing your opinion. Here's how it will work. I will read a statement out loud and then you will tell me if you agree or disagree with it - and how much you agree or disagree with it. 1=Disagree A LOT 2=Disagree Somewhat 3=Disagree A Little 4=Agree A Little 5=Agree Somewhat 6=Agree A LOT",NA,"I can remember ""playing sick"" to get out of something.",NA,"Disagree a Lot",1
"Adherence_Zissette_2018_SDB","Adherence_Zissette_2018_SDB_1","q_s_032_SDB","Social desirability items (Marlowe-Crowne derived) embedded in the DOMA Screener Form, IRBnet #744987 Final Structured Survey","How much do you disagree or agree with the following statements? There are no wrong answers; I'm interested in hearing your opinion. Here's how it will work. I will read a statement out loud and then you will tell me if you agree or disagree with it - and how much you agree or disagree with it. 1=Disagree A LOT 2=Disagree Somewhat 3=Disagree A Little 4=Agree A Little 5=Agree Somewhat 6=Agree A LOT",NA,"I can remember ""playing sick"" to get out of something.",NA,"Disagree Somewhat",2
"Adherence_Zissette_2018_SDB","Adherence_Zissette_2018_SDB_1","q_s_032_SDB","Social desirability items (Marlowe-Crowne derived) embedded in the DOMA Screener Form, IRBnet #744987 Final Structured Survey","How much do you disagree or agree with the following statements? There are no wrong answers; I'm interested in hearing your opinion. Here's how it will work. I will read a statement out loud and then you will tell me if you agree or disagree with it - and how much you agree or disagree with it. 1=Disagree A LOT 2=Disagree Somewhat 3=Disagree A Little 4=Agree A Little 5=Agree Somewhat 6=Agree A LOT",NA,"I can remember ""playing sick"" to get out of something.",NA,"Disagree a Little",3
"Adherence_Zissette_2018_SDB","Adherence_Zissette_2018_SDB_1","q_s_032_SDB","Social desirability items (Marlowe-Crowne derived) embedded in the DOMA Screener Form, IRBnet #744987 Final Structured Survey","How much do you disagree or agree with the following statements? There are no wrong answers; I'm interested in hearing your opinion. Here's how it will work. I will read a statement out loud and then you will tell me if you agree or disagree with it - and how much you agree or disagree with it. 1=Disagree A LOT 2=Disagree Somewhat 3=Disagree A Little 4=Agree A Little 5=Agree Somewhat 6=Agree A LOT",NA,"I can remember ""playing sick"" to get out of something.",NA,"Agree a Little",4
"Adherence_Zissette_2018_SDB","Adherence_Zissette_2018_SDB_1","q_s_032_SDB","Social desirability items (Marlowe-Crowne derived) embedded in the DOMA Screener Form, IRBnet #744987 Final Structured Survey","How much do you disagree or agree with the following statements? There are no wrong answers; I'm interested in hearing your opinion. Here's how it will work. I will read a statement out loud and then you will tell me if you agree or disagree with it - and how much you agree or disagree with it. 1=Disagree A LOT 2=Disagree Somewhat 3=Disagree A Little 4=Agree A Little 5=Agree Somewhat 6=Agree A LOT",NA,"I can remember ""playing sick"" to get out of something.",NA,"Agree Somewhat",5
"Adherence_Zissette_2018_SDB","Adherence_Zissette_2018_SDB_1","q_s_032_SDB","Social desirability items (Marlowe-Crowne derived) embedded in the DOMA Screener Form, IRBnet #744987 Final Structured Survey","How much do you disagree or agree with the following statements? There are no wrong answers; I'm interested in hearing your opinion. Here's how it will work. I will read a statement out loud and then you will tell me if you agree or disagree with it - and how much you agree or disagree with it. 1=Disagree A LOT 2=Disagree Somewhat 3=Disagree A Little 4=Agree A Little 5=Agree Somewhat 6=Agree A LOT",NA,"I can remember ""playing sick"" to get out of something.",NA,"Agree a Lot",6
"Adherence_Zissette_2018_SDB","Adherence_Zissette_2018_SDB_1","q_s_056_SDB","Social desirability items (Marlowe-Crowne derived) embedded in the DOMA Screener Form, IRBnet #744987 Final Structured Survey","How much do you disagree or agree with the following statements? There are no wrong answers; I'm interested in hearing your opinion. Here's how it will work. I will read a statement out loud and then you will tell me if you agree or disagree with it - and how much you agree or disagree with it. 1=Disagree A LOT 2=Disagree Somewhat 3=Disagree A Little 4=Agree A Little 5=Agree Somewhat 6=Agree A LOT",NA,"There have been occasions when I took advantage of someone.",NA,"Disagree a Lot",1
"Adherence_Zissette_2018_SDB","Adherence_Zissette_2018_SDB_1","q_s_056_SDB","Social desirability items (Marlowe-Crowne derived) embedded in the DOMA Screener Form, IRBnet #744987 Final Structured Survey","How much do you disagree or agree with the following statements? There are no wrong answers; I'm interested in hearing your opinion. Here's how it will work. I will read a statement out loud and then you will tell me if you agree or disagree with it - and how much you agree or disagree with it. 1=Disagree A LOT 2=Disagree Somewhat 3=Disagree A Little 4=Agree A Little 5=Agree Somewhat 6=Agree A LOT",NA,"There have been occasions when I took advantage of someone.",NA,"Disagree Somewhat",2
"Adherence_Zissette_2018_SDB","Adherence_Zissette_2018_SDB_1","q_s_056_SDB","Social desirability items (Marlowe-Crowne derived) embedded in the DOMA Screener Form, IRBnet #744987 Final Structured Survey","How much do you disagree or agree with the following statements? There are no wrong answers; I'm interested in hearing your opinion. Here's how it will work. I will read a statement out loud and then you will tell me if you agree or disagree with it - and how much you agree or disagree with it. 1=Disagree A LOT 2=Disagree Somewhat 3=Disagree A Little 4=Agree A Little 5=Agree Somewhat 6=Agree A LOT",NA,"There have been occasions when I took advantage of someone.",NA,"Disagree a Little",3
"Adherence_Zissette_2018_SDB","Adherence_Zissette_2018_SDB_1","q_s_056_SDB","Social desirability items (Marlowe-Crowne derived) embedded in the DOMA Screener Form, IRBnet #744987 Final Structured Survey","How much do you disagree or agree with the following statements? There are no wrong answers; I'm interested in hearing your opinion. Here's how it will work. I will read a statement out loud and then you will tell me if you agree or disagree with it - and how much you agree or disagree with it. 1=Disagree A LOT 2=Disagree Somewhat 3=Disagree A Little 4=Agree A Little 5=Agree Somewhat 6=Agree A LOT",NA,"There have been occasions when I took advantage of someone.",NA,"Agree a Little",4
"Adherence_Zissette_2018_SDB","Adherence_Zissette_2018_SDB_1","q_s_056_SDB","Social desirability items (Marlowe-Crowne derived) embedded in the DOMA Screener Form, IRBnet #744987 Final Structured Survey","How much do you disagree or agree with the following statements? There are no wrong answers; I'm interested in hearing your opinion. Here's how it will work. I will read a statement out loud and then you will tell me if you agree or disagree with it - and how much you agree or disagree with it. 1=Disagree A LOT 2=Disagree Somewhat 3=Disagree A Little 4=Agree A Little 5=Agree Somewhat 6=Agree A LOT",NA,"There have been occasions when I took advantage of someone.",NA,"Agree Somewhat",5
"Adherence_Zissette_2018_SDB","Adherence_Zissette_2018_SDB_1","q_s_056_SDB","Social desirability items (Marlowe-Crowne derived) embedded in the DOMA Screener Form, IRBnet #744987 Final Structured Survey","How much do you disagree or agree with the following statements? There are no wrong answers; I'm interested in hearing your opinion. Here's how it will work. I will read a statement out loud and then you will tell me if you agree or disagree with it - and how much you agree or disagree with it. 1=Disagree A LOT 2=Disagree Somewhat 3=Disagree A Little 4=Agree A Little 5=Agree Somewhat 6=Agree A LOT",NA,"There have been occasions when I took advantage of someone.",NA,"Agree a Lot",6
"Adherence_Zissette_2018_SDB","Adherence_Zissette_2018_SDB_1","q_s_057_SDB","Social desirability items (Marlowe-Crowne derived) embedded in the DOMA Screener Form, IRBnet #744987 Final Structured Survey","How much do you disagree or agree with the following statements? There are no wrong answers; I'm interested in hearing your opinion. Here's how it will work. I will read a statement out loud and then you will tell me if you agree or disagree with it - and how much you agree or disagree with it. 1=Disagree A LOT 2=Disagree Somewhat 3=Disagree A Little 4=Agree A Little 5=Agree Somewhat 6=Agree A LOT",NA,"I'm always willing to admit it when I make a mistake.",NA,"Disagree a Lot",1
"Adherence_Zissette_2018_SDB","Adherence_Zissette_2018_SDB_1","q_s_057_SDB","Social desirability items (Marlowe-Crowne derived) embedded in the DOMA Screener Form, IRBnet #744987 Final Structured Survey","How much do you disagree or agree with the following statements? There are no wrong answers; I'm interested in hearing your opinion. Here's how it will work. I will read a statement out loud and then you will tell me if you agree or disagree with it - and how much you agree or disagree with it. 1=Disagree A LOT 2=Disagree Somewhat 3=Disagree A Little 4=Agree A Little 5=Agree Somewhat 6=Agree A LOT",NA,"I'm always willing to admit it when I make a mistake.",NA,"Disagree Somewhat",2
"Adherence_Zissette_2018_SDB","Adherence_Zissette_2018_SDB_1","q_s_057_SDB","Social desirability items (Marlowe-Crowne derived) embedded in the DOMA Screener Form, IRBnet #744987 Final Structured Survey","How much do you disagree or agree with the following statements? There are no wrong answers; I'm interested in hearing your opinion. Here's how it will work. I will read a statement out loud and then you will tell me if you agree or disagree with it - and how much you agree or disagree with it. 1=Disagree A LOT 2=Disagree Somewhat 3=Disagree A Little 4=Agree A Little 5=Agree Somewhat 6=Agree A LOT",NA,"I'm always willing to admit it when I make a mistake.",NA,"Disagree a Little",3
"Adherence_Zissette_2018_SDB","Adherence_Zissette_2018_SDB_1","q_s_057_SDB","Social desirability items (Marlowe-Crowne derived) embedded in the DOMA Screener Form, IRBnet #744987 Final Structured Survey","How much do you disagree or agree with the following statements? There are no wrong answers; I'm interested in hearing your opinion. Here's how it will work. I will read a statement out loud and then you will tell me if you agree or disagree with it - and how much you agree or disagree with it. 1=Disagree A LOT 2=Disagree Somewhat 3=Disagree A Little 4=Agree A Little 5=Agree Somewhat 6=Agree A LOT",NA,"I'm always willing to admit it when I make a mistake.",NA,"Agree a Little",4
"Adherence_Zissette_2018_SDB","Adherence_Zissette_2018_SDB_1","q_s_057_SDB","Social desirability items (Marlowe-Crowne derived) embedded in the DOMA Screener Form, IRBnet #744987 Final Structured Survey","How much do you disagree or agree with the following statements? There are no wrong answers; I'm interested in hearing your opinion. Here's how it will work. I will read a statement out loud and then you will tell me if you agree or disagree with it - and how much you agree or disagree with it. 1=Disagree A LOT 2=Disagree Somewhat 3=Disagree A Little 4=Agree A Little 5=Agree Somewhat 6=Agree A LOT",NA,"I'm always willing to admit it when I make a mistake.",NA,"Agree Somewhat",5
"Adherence_Zissette_2018_SDB","Adherence_Zissette_2018_SDB_1","q_s_057_SDB","Social desirability items (Marlowe-Crowne derived) embedded in the DOMA Screener Form, IRBnet #744987 Final Structured Survey","How much do you disagree or agree with the following statements? There are no wrong answers; I'm interested in hearing your opinion. Here's how it will work. I will read a statement out loud and then you will tell me if you agree or disagree with it - and how much you agree or disagree with it. 1=Disagree A LOT 2=Disagree Somewhat 3=Disagree A Little 4=Agree A Little 5=Agree Somewhat 6=Agree A LOT",NA,"I'm always willing to admit it when I make a mistake.",NA,"Agree a Lot",6
"Adherence_Zissette_2018_SDB","Adherence_Zissette_2018_SDB_1","q_s_058_SDB","Social desirability items (Marlowe-Crowne derived) embedded in the DOMA Screener Form, IRBnet #744987 Final Structured Survey","How much do you disagree or agree with the following statements? There are no wrong answers; I'm interested in hearing your opinion. Here's how it will work. I will read a statement out loud and then you will tell me if you agree or disagree with it - and how much you agree or disagree with it. 1=Disagree A LOT 2=Disagree Somewhat 3=Disagree A Little 4=Agree A Little 5=Agree Somewhat 6=Agree A LOT",NA,"I always try to practice what I preach.",NA,"Disagree a Lot",1
"Adherence_Zissette_2018_SDB","Adherence_Zissette_2018_SDB_1","q_s_058_SDB","Social desirability items (Marlowe-Crowne derived) embedded in the DOMA Screener Form, IRBnet #744987 Final Structured Survey","How much do you disagree or agree with the following statements? There are no wrong answers; I'm interested in hearing your opinion. Here's how it will work. I will read a statement out loud and then you will tell me if you agree or disagree with it - and how much you agree or disagree with it. 1=Disagree A LOT 2=Disagree Somewhat 3=Disagree A Little 4=Agree A Little 5=Agree Somewhat 6=Agree A LOT",NA,"I always try to practice what I preach.",NA,"Disagree Somewhat",2
"Adherence_Zissette_2018_SDB","Adherence_Zissette_2018_SDB_1","q_s_058_SDB","Social desirability items (Marlowe-Crowne derived) embedded in the DOMA Screener Form, IRBnet #744987 Final Structured Survey","How much do you disagree or agree with the following statements? There are no wrong answers; I'm interested in hearing your opinion. Here's how it will work. I will read a statement out loud and then you will tell me if you agree or disagree with it - and how much you agree or disagree with it. 1=Disagree A LOT 2=Disagree Somewhat 3=Disagree A Little 4=Agree A Little 5=Agree Somewhat 6=Agree A LOT",NA,"I always try to practice what I preach.",NA,"Disagree a Little",3
"Adherence_Zissette_2018_SDB","Adherence_Zissette_2018_SDB_1","q_s_058_SDB","Social desirability items (Marlowe-Crowne derived) embedded in the DOMA Screener Form, IRBnet #744987 Final Structured Survey","How much do you disagree or agree with the following statements? There are no wrong answers; I'm interested in hearing your opinion. Here's how it will work. I will read a statement out loud and then you will tell me if you agree or disagree with it - and how much you agree or disagree with it. 1=Disagree A LOT 2=Disagree Somewhat 3=Disagree A Little 4=Agree A Little 5=Agree Somewhat 6=Agree A LOT",NA,"I always try to practice what I preach.",NA,"Agree a Little",4
"Adherence_Zissette_2018_SDB","Adherence_Zissette_2018_SDB_1","q_s_058_SDB","Social desirability items (Marlowe-Crowne derived) embedded in the DOMA Screener Form, IRBnet #744987 Final Structured Survey","How much do you disagree or agree with the following statements? There are no wrong answers; I'm interested in hearing your opinion. Here's how it will work. I will read a statement out loud and then you will tell me if you agree or disagree with it - and how much you agree or disagree with it. 1=Disagree A LOT 2=Disagree Somewhat 3=Disagree A Little 4=Agree A Little 5=Agree Somewhat 6=Agree A LOT",NA,"I always try to practice what I preach.",NA,"Agree Somewhat",5
"Adherence_Zissette_2018_SDB","Adherence_Zissette_2018_SDB_1","q_s_058_SDB","Social desirability items (Marlowe-Crowne derived) embedded in the DOMA Screener Form, IRBnet #744987 Final Structured Survey","How much do you disagree or agree with the following statements? There are no wrong answers; I'm interested in hearing your opinion. Here's how it will work. I will read a statement out loud and then you will tell me if you agree or disagree with it - and how much you agree or disagree with it. 1=Disagree A LOT 2=Disagree Somewhat 3=Disagree A Little 4=Agree A Little 5=Agree Somewhat 6=Agree A LOT",NA,"I always try to practice what I preach.",NA,"Agree a Lot",6
"Adherence_Zissette_2018_SDB","Adherence_Zissette_2018_SDB_1","q_s_059_SDB","Social desirability items (Marlowe-Crowne derived) embedded in the DOMA Screener Form, IRBnet #744987 Final Structured Survey","How much do you disagree or agree with the following statements? There are no wrong answers; I'm interested in hearing your opinion. Here's how it will work. I will read a statement out loud and then you will tell me if you agree or disagree with it - and how much you agree or disagree with it. 1=Disagree A LOT 2=Disagree Somewhat 3=Disagree A Little 4=Agree A Little 5=Agree Somewhat 6=Agree A LOT",NA,"I don't think it's very difficult to get along with people who talk too much and like attention.",NA,"Disagree a Lot",1
"Adherence_Zissette_2018_SDB","Adherence_Zissette_2018_SDB_1","q_s_059_SDB","Social desirability items (Marlowe-Crowne derived) embedded in the DOMA Screener Form, IRBnet #744987 Final Structured Survey","How much do you disagree or agree with the following statements? There are no wrong answers; I'm interested in hearing your opinion. Here's how it will work. I will read a statement out loud and then you will tell me if you agree or disagree with it - and how much you agree or disagree with it. 1=Disagree A LOT 2=Disagree Somewhat 3=Disagree A Little 4=Agree A Little 5=Agree Somewhat 6=Agree A LOT",NA,"I don't think it's very difficult to get along with people who talk too much and like attention.",NA,"Disagree Somewhat",2
"Adherence_Zissette_2018_SDB","Adherence_Zissette_2018_SDB_1","q_s_059_SDB","Social desirability items (Marlowe-Crowne derived) embedded in the DOMA Screener Form, IRBnet #744987 Final Structured Survey","How much do you disagree or agree with the following statements? There are no wrong answers; I'm interested in hearing your opinion. Here's how it will work. I will read a statement out loud and then you will tell me if you agree or disagree with it - and how much you agree or disagree with it. 1=Disagree A LOT 2=Disagree Somewhat 3=Disagree A Little 4=Agree A Little 5=Agree Somewhat 6=Agree A LOT",NA,"I don't think it's very difficult to get along with people who talk too much and like attention.",NA,"Disagree a Little",3
"Adherence_Zissette_2018_SDB","Adherence_Zissette_2018_SDB_1","q_s_059_SDB","Social desirability items (Marlowe-Crowne derived) embedded in the DOMA Screener Form, IRBnet #744987 Final Structured Survey","How much do you disagree or agree with the following statements? There are no wrong answers; I'm interested in hearing your opinion. Here's how it will work. I will read a statement out loud and then you will tell me if you agree or disagree with it - and how much you agree or disagree with it. 1=Disagree A LOT 2=Disagree Somewhat 3=Disagree A Little 4=Agree A Little 5=Agree Somewhat 6=Agree A LOT",NA,"I don't think it's very difficult to get along with people who talk too much and like attention.",NA,"Agree a Little",4
"Adherence_Zissette_2018_SDB","Adherence_Zissette_2018_SDB_1","q_s_059_SDB","Social desirability items (Marlowe-Crowne derived) embedded in the DOMA Screener Form, IRBnet #744987 Final Structured Survey","How much do you disagree or agree with the following statements? There are no wrong answers; I'm interested in hearing your opinion. Here's how it will work. I will read a statement out loud and then you will tell me if you agree or disagree with it - and how much you agree or disagree with it. 1=Disagree A LOT 2=Disagree Somewhat 3=Disagree A Little 4=Agree A Little 5=Agree Somewhat 6=Agree A LOT",NA,"I don't think it's very difficult to get along with people who talk too much and like attention.",NA,"Agree Somewhat",5
"Adherence_Zissette_2018_SDB","Adherence_Zissette_2018_SDB_1","q_s_059_SDB","Social desirability items (Marlowe-Crowne derived) embedded in the DOMA Screener Form, IRBnet #744987 Final Structured Survey","How much do you disagree or agree with the following statements? There are no wrong answers; I'm interested in hearing your opinion. Here's how it will work. I will read a statement out loud and then you will tell me if you agree or disagree with it - and how much you agree or disagree with it. 1=Disagree A LOT 2=Disagree Somewhat 3=Disagree A Little 4=Agree A Little 5=Agree Somewhat 6=Agree A LOT",NA,"I don't think it's very difficult to get along with people who talk too much and like attention.",NA,"Agree a Lot",6
"Adherence_Zissette_2018_SDB","Adherence_Zissette_2018_SDB_1","q_s_060_SDB","Social desirability items (Marlowe-Crowne derived) embedded in the DOMA Screener Form, IRBnet #744987 Final Structured Survey","How much do you disagree or agree with the following statements? There are no wrong answers; I'm interested in hearing your opinion. Here's how it will work. I will read a statement out loud and then you will tell me if you agree or disagree with it - and how much you agree or disagree with it. 1=Disagree A LOT 2=Disagree Somewhat 3=Disagree A Little 4=Agree A Little 5=Agree Somewhat 6=Agree A LOT",NA,"I sometimes try to get even, rather than forgive and forget.",NA,"Disagree a Lot",1
"Adherence_Zissette_2018_SDB","Adherence_Zissette_2018_SDB_1","q_s_060_SDB","Social desirability items (Marlowe-Crowne derived) embedded in the DOMA Screener Form, IRBnet #744987 Final Structured Survey","How much do you disagree or agree with the following statements? There are no wrong answers; I'm interested in hearing your opinion. Here's how it will work. I will read a statement out loud and then you will tell me if you agree or disagree with it - and how much you agree or disagree with it. 1=Disagree A LOT 2=Disagree Somewhat 3=Disagree A Little 4=Agree A Little 5=Agree Somewhat 6=Agree A LOT",NA,"I sometimes try to get even, rather than forgive and forget.",NA,"Disagree Somewhat",2
"Adherence_Zissette_2018_SDB","Adherence_Zissette_2018_SDB_1","q_s_060_SDB","Social desirability items (Marlowe-Crowne derived) embedded in the DOMA Screener Form, IRBnet #744987 Final Structured Survey","How much do you disagree or agree with the following statements? There are no wrong answers; I'm interested in hearing your opinion. Here's how it will work. I will read a statement out loud and then you will tell me if you agree or disagree with it - and how much you agree or disagree with it. 1=Disagree A LOT 2=Disagree Somewhat 3=Disagree A Little 4=Agree A Little 5=Agree Somewhat 6=Agree A LOT",NA,"I sometimes try to get even, rather than forgive and forget.",NA,"Disagree a Little",3
"Adherence_Zissette_2018_SDB","Adherence_Zissette_2018_SDB_1","q_s_060_SDB","Social desirability items (Marlowe-Crowne derived) embedded in the DOMA Screener Form, IRBnet #744987 Final Structured Survey","How much do you disagree or agree with the following statements? There are no wrong answers; I'm interested in hearing your opinion. Here's how it will work. I will read a statement out loud and then you will tell me if you agree or disagree with it - and how much you agree or disagree with it. 1=Disagree A LOT 2=Disagree Somewhat 3=Disagree A Little 4=Agree A Little 5=Agree Somewhat 6=Agree A LOT",NA,"I sometimes try to get even, rather than forgive and forget.",NA,"Agree a Little",4
"Adherence_Zissette_2018_SDB","Adherence_Zissette_2018_SDB_1","q_s_060_SDB","Social desirability items (Marlowe-Crowne derived) embedded in the DOMA Screener Form, IRBnet #744987 Final Structured Survey","How much do you disagree or agree with the following statements? There are no wrong answers; I'm interested in hearing your opinion. Here's how it will work. I will read a statement out loud and then you will tell me if you agree or disagree with it - and how much you agree or disagree with it. 1=Disagree A LOT 2=Disagree Somewhat 3=Disagree A Little 4=Agree A Little 5=Agree Somewhat 6=Agree A LOT",NA,"I sometimes try to get even, rather than forgive and forget.",NA,"Agree Somewhat",5
"Adherence_Zissette_2018_SDB","Adherence_Zissette_2018_SDB_1","q_s_060_SDB","Social desirability items (Marlowe-Crowne derived) embedded in the DOMA Screener Form, IRBnet #744987 Final Structured Survey","How much do you disagree or agree with the following statements? There are no wrong answers; I'm interested in hearing your opinion. Here's how it will work. I will read a statement out loud and then you will tell me if you agree or disagree with it - and how much you agree or disagree with it. 1=Disagree A LOT 2=Disagree Somewhat 3=Disagree A Little 4=Agree A Little 5=Agree Somewhat 6=Agree A LOT",NA,"I sometimes try to get even, rather than forgive and forget.",NA,"Agree a Lot",6
"Adherence_Zissette_2018_SDB","Adherence_Zissette_2018_SDB_1","q_s_061_SDB","Social desirability items (Marlowe-Crowne derived) embedded in the DOMA Screener Form, IRBnet #744987 Final Structured Survey","How much do you disagree or agree with the following statements? There are no wrong answers; I'm interested in hearing your opinion. Here's how it will work. I will read a statement out loud and then you will tell me if you agree or disagree with it - and how much you agree or disagree with it. 1=Disagree A LOT 2=Disagree Somewhat 3=Disagree A Little 4=Agree A Little 5=Agree Somewhat 6=Agree A LOT",NA,"I do admit it if I don't know something.",NA,"Disagree a Lot",1
"Adherence_Zissette_2018_SDB","Adherence_Zissette_2018_SDB_1","q_s_061_SDB","Social desirability items (Marlowe-Crowne derived) embedded in the DOMA Screener Form, IRBnet #744987 Final Structured Survey","How much do you disagree or agree with the following statements? There are no wrong answers; I'm interested in hearing your opinion. Here's how it will work. I will read a statement out loud and then you will tell me if you agree or disagree with it - and how much you agree or disagree with it. 1=Disagree A LOT 2=Disagree Somewhat 3=Disagree A Little 4=Agree A Little 5=Agree Somewhat 6=Agree A LOT",NA,"I do admit it if I don't know something.",NA,"Disagree Somewhat",2
"Adherence_Zissette_2018_SDB","Adherence_Zissette_2018_SDB_1","q_s_061_SDB","Social desirability items (Marlowe-Crowne derived) embedded in the DOMA Screener Form, IRBnet #744987 Final Structured Survey","How much do you disagree or agree with the following statements? There are no wrong answers; I'm interested in hearing your opinion. Here's how it will work. I will read a statement out loud and then you will tell me if you agree or disagree with it - and how much you agree or disagree with it. 1=Disagree A LOT 2=Disagree Somewhat 3=Disagree A Little 4=Agree A Little 5=Agree Somewhat 6=Agree A LOT",NA,"I do admit it if I don't know something.",NA,"Disagree a Little",3
"Adherence_Zissette_2018_SDB","Adherence_Zissette_2018_SDB_1","q_s_061_SDB","Social desirability items (Marlowe-Crowne derived) embedded in the DOMA Screener Form, IRBnet #744987 Final Structured Survey","How much do you disagree or agree with the following statements? There are no wrong answers; I'm interested in hearing your opinion. Here's how it will work. I will read a statement out loud and then you will tell me if you agree or disagree with it - and how much you agree or disagree with it. 1=Disagree A LOT 2=Disagree Somewhat 3=Disagree A Little 4=Agree A Little 5=Agree Somewhat 6=Agree A LOT",NA,"I do admit it if I don't know something.",NA,"Agree a Little",4
"Adherence_Zissette_2018_SDB","Adherence_Zissette_2018_SDB_1","q_s_061_SDB","Social desirability items (Marlowe-Crowne derived) embedded in the DOMA Screener Form, IRBnet #744987 Final Structured Survey","How much do you disagree or agree with the following statements? There are no wrong answers; I'm interested in hearing your opinion. Here's how it will work. I will read a statement out loud and then you will tell me if you agree or disagree with it - and how much you agree or disagree with it. 1=Disagree A LOT 2=Disagree Somewhat 3=Disagree A Little 4=Agree A Little 5=Agree Somewhat 6=Agree A LOT",NA,"I do admit it if I don't know something.",NA,"Agree Somewhat",5
"Adherence_Zissette_2018_SDB","Adherence_Zissette_2018_SDB_1","q_s_061_SDB","Social desirability items (Marlowe-Crowne derived) embedded in the DOMA Screener Form, IRBnet #744987 Final Structured Survey","How much do you disagree or agree with the following statements? There are no wrong answers; I'm interested in hearing your opinion. Here's how it will work. I will read a statement out loud and then you will tell me if you agree or disagree with it - and how much you agree or disagree with it. 1=Disagree A LOT 2=Disagree Somewhat 3=Disagree A Little 4=Agree A Little 5=Agree Somewhat 6=Agree A LOT",NA,"I do admit it if I don't know something.",NA,"Agree a Lot",6
"Adherence_Zissette_2018_SDB","Adherence_Zissette_2018_SDB_1","q_s_062_SDB","Social desirability items (Marlowe-Crowne derived) embedded in the DOMA Screener Form, IRBnet #744987 Final Structured Survey","How much do you disagree or agree with the following statements? There are no wrong answers; I'm interested in hearing your opinion. Here's how it will work. I will read a statement out loud and then you will tell me if you agree or disagree with it - and how much you agree or disagree with it. 1=Disagree A LOT 2=Disagree Somewhat 3=Disagree A Little 4=Agree A Little 5=Agree Somewhat 6=Agree A LOT",NA,"I am always polite, even to people who are disagreeable.",NA,"Disagree a Lot",1
"Adherence_Zissette_2018_SDB","Adherence_Zissette_2018_SDB_1","q_s_062_SDB","Social desirability items (Marlowe-Crowne derived) embedded in the DOMA Screener Form, IRBnet #744987 Final Structured Survey","How much do you disagree or agree with the following statements? There are no wrong answers; I'm interested in hearing your opinion. Here's how it will work. I will read a statement out loud and then you will tell me if you agree or disagree with it - and how much you agree or disagree with it. 1=Disagree A LOT 2=Disagree Somewhat 3=Disagree A Little 4=Agree A Little 5=Agree Somewhat 6=Agree A LOT",NA,"I am always polite, even to people who are disagreeable.",NA,"Disagree Somewhat",2
"Adherence_Zissette_2018_SDB","Adherence_Zissette_2018_SDB_1","q_s_062_SDB","Social desirability items (Marlowe-Crowne derived) embedded in the DOMA Screener Form, IRBnet #744987 Final Structured Survey","How much do you disagree or agree with the following statements? There are no wrong answers; I'm interested in hearing your opinion. Here's how it will work. I will read a statement out loud and then you will tell me if you agree or disagree with it - and how much you agree or disagree with it. 1=Disagree A LOT 2=Disagree Somewhat 3=Disagree A Little 4=Agree A Little 5=Agree Somewhat 6=Agree A LOT",NA,"I am always polite, even to people who are disagreeable.",NA,"Disagree a Little",3
"Adherence_Zissette_2018_SDB","Adherence_Zissette_2018_SDB_1","q_s_062_SDB","Social desirability items (Marlowe-Crowne derived) embedded in the DOMA Screener Form, IRBnet #744987 Final Structured Survey","How much do you disagree or agree with the following statements? There are no wrong answers; I'm interested in hearing your opinion. Here's how it will work. I will read a statement out loud and then you will tell me if you agree or disagree with it - and how much you agree or disagree with it. 1=Disagree A LOT 2=Disagree Somewhat 3=Disagree A Little 4=Agree A Little 5=Agree Somewhat 6=Agree A LOT",NA,"I am always polite, even to people who are disagreeable.",NA,"Agree a Little",4
"Adherence_Zissette_2018_SDB","Adherence_Zissette_2018_SDB_1","q_s_062_SDB","Social desirability items (Marlowe-Crowne derived) embedded in the DOMA Screener Form, IRBnet #744987 Final Structured Survey","How much do you disagree or agree with the following statements? There are no wrong answers; I'm interested in hearing your opinion. Here's how it will work. I will read a statement out loud and then you will tell me if you agree or disagree with it - and how much you agree or disagree with it. 1=Disagree A LOT 2=Disagree Somewhat 3=Disagree A Little 4=Agree A Little 5=Agree Somewhat 6=Agree A LOT",NA,"I am always polite, even to people who are disagreeable.",NA,"Agree Somewhat",5
"Adherence_Zissette_2018_SDB","Adherence_Zissette_2018_SDB_1","q_s_062_SDB","Social desirability items (Marlowe-Crowne derived) embedded in the DOMA Screener Form, IRBnet #744987 Final Structured Survey","How much do you disagree or agree with the following statements? There are no wrong answers; I'm interested in hearing your opinion. Here's how it will work. I will read a statement out loud and then you will tell me if you agree or disagree with it - and how much you agree or disagree with it. 1=Disagree A LOT 2=Disagree Somewhat 3=Disagree A Little 4=Agree A Little 5=Agree Somewhat 6=Agree A LOT",NA,"I am always polite, even to people who are disagreeable.",NA,"Agree a Lot",6
"Adherence_Zissette_2018_SDB","Adherence_Zissette_2018_SDB_1","q_s_063_SDB","Social desirability items (Marlowe-Crowne derived) embedded in the DOMA Screener Form, IRBnet #744987 Final Structured Survey","How much do you disagree or agree with the following statements? There are no wrong answers; I'm interested in hearing your opinion. Here's how it will work. I will read a statement out loud and then you will tell me if you agree or disagree with it - and how much you agree or disagree with it. 1=Disagree A LOT 2=Disagree Somewhat 3=Disagree A Little 4=Agree A Little 5=Agree Somewhat 6=Agree A LOT",NA,"At times I have really insisted on having things my own way.",NA,"Disagree a Lot",1
"Adherence_Zissette_2018_SDB","Adherence_Zissette_2018_SDB_1","q_s_063_SDB","Social desirability items (Marlowe-Crowne derived) embedded in the DOMA Screener Form, IRBnet #744987 Final Structured Survey","How much do you disagree or agree with the following statements? There are no wrong answers; I'm interested in hearing your opinion. Here's how it will work. I will read a statement out loud and then you will tell me if you agree or disagree with it - and how much you agree or disagree with it. 1=Disagree A LOT 2=Disagree Somewhat 3=Disagree A Little 4=Agree A Little 5=Agree Somewhat 6=Agree A LOT",NA,"At times I have really insisted on having things my own way.",NA,"Disagree Somewhat",2
"Adherence_Zissette_2018_SDB","Adherence_Zissette_2018_SDB_1","q_s_063_SDB","Social desirability items (Marlowe-Crowne derived) embedded in the DOMA Screener Form, IRBnet #744987 Final Structured Survey","How much do you disagree or agree with the following statements? There are no wrong answers; I'm interested in hearing your opinion. Here's how it will work. I will read a statement out loud and then you will tell me if you agree or disagree with it - and how much you agree or disagree with it. 1=Disagree A LOT 2=Disagree Somewhat 3=Disagree A Little 4=Agree A Little 5=Agree Somewhat 6=Agree A LOT",NA,"At times I have really insisted on having things my own way.",NA,"Disagree a Little",3
"Adherence_Zissette_2018_SDB","Adherence_Zissette_2018_SDB_1","q_s_063_SDB","Social desirability items (Marlowe-Crowne derived) embedded in the DOMA Screener Form, IRBnet #744987 Final Structured Survey","How much do you disagree or agree with the following statements? There are no wrong answers; I'm interested in hearing your opinion. Here's how it will work. I will read a statement out loud and then you will tell me if you agree or disagree with it - and how much you agree or disagree with it. 1=Disagree A LOT 2=Disagree Somewhat 3=Disagree A Little 4=Agree A Little 5=Agree Somewhat 6=Agree A LOT",NA,"At times I have really insisted on having things my own way.",NA,"Agree a Little",4
"Adherence_Zissette_2018_SDB","Adherence_Zissette_2018_SDB_1","q_s_063_SDB","Social desirability items (Marlowe-Crowne derived) embedded in the DOMA Screener Form, IRBnet #744987 Final Structured Survey","How much do you disagree or agree with the following statements? There are no wrong answers; I'm interested in hearing your opinion. Here's how it will work. I will read a statement out loud and then you will tell me if you agree or disagree with it - and how much you agree or disagree with it. 1=Disagree A LOT 2=Disagree Somewhat 3=Disagree A Little 4=Agree A Little 5=Agree Somewhat 6=Agree A LOT",NA,"At times I have really insisted on having things my own way.",NA,"Agree Somewhat",5
"Adherence_Zissette_2018_SDB","Adherence_Zissette_2018_SDB_1","q_s_063_SDB","Social desirability items (Marlowe-Crowne derived) embedded in the DOMA Screener Form, IRBnet #744987 Final Structured Survey","How much do you disagree or agree with the following statements? There are no wrong answers; I'm interested in hearing your opinion. Here's how it will work. I will read a statement out loud and then you will tell me if you agree or disagree with it - and how much you agree or disagree with it. 1=Disagree A LOT 2=Disagree Somewhat 3=Disagree A Little 4=Agree A Little 5=Agree Somewhat 6=Agree A LOT",NA,"At times I have really insisted on having things my own way.",NA,"Agree a Lot",6
"Adherence_Zissette_2018_SDB","Adherence_Zissette_2018_SDB_1","q_s_084_SDB","Social desirability items (Marlowe-Crowne derived) embedded in the DOMA Screener Form, IRBnet #744987 Final Structured Survey","How much do you disagree or agree with the following statements? There are no wrong answers; I'm interested in hearing your opinion. Here's how it will work. I will read a statement out loud and then you will tell me if you agree or disagree with it - and how much you agree or disagree with it. 1=Disagree A LOT 2=Disagree Somewhat 3=Disagree A Little 4=Agree A Little 5=Agree Somewhat 6=Agree A LOT",NA,"There have been occasions when I felt like hitting things.",NA,"Disagree a Lot",1
"Adherence_Zissette_2018_SDB","Adherence_Zissette_2018_SDB_1","q_s_084_SDB","Social desirability items (Marlowe-Crowne derived) embedded in the DOMA Screener Form, IRBnet #744987 Final Structured Survey","How much do you disagree or agree with the following statements? There are no wrong answers; I'm interested in hearing your opinion. Here's how it will work. I will read a statement out loud and then you will tell me if you agree or disagree with it - and how much you agree or disagree with it. 1=Disagree A LOT 2=Disagree Somewhat 3=Disagree A Little 4=Agree A Little 5=Agree Somewhat 6=Agree A LOT",NA,"There have been occasions when I felt like hitting things.",NA,"Disagree Somewhat",2
"Adherence_Zissette_2018_SDB","Adherence_Zissette_2018_SDB_1","q_s_084_SDB","Social desirability items (Marlowe-Crowne derived) embedded in the DOMA Screener Form, IRBnet #744987 Final Structured Survey","How much do you disagree or agree with the following statements? There are no wrong answers; I'm interested in hearing your opinion. Here's how it will work. I will read a statement out loud and then you will tell me if you agree or disagree with it - and how much you agree or disagree with it. 1=Disagree A LOT 2=Disagree Somewhat 3=Disagree A Little 4=Agree A Little 5=Agree Somewhat 6=Agree A LOT",NA,"There have been occasions when I felt like hitting things.",NA,"Disagree a Little",3
"Adherence_Zissette_2018_SDB","Adherence_Zissette_2018_SDB_1","q_s_084_SDB","Social desirability items (Marlowe-Crowne derived) embedded in the DOMA Screener Form, IRBnet #744987 Final Structured Survey","How much do you disagree or agree with the following statements? There are no wrong answers; I'm interested in hearing your opinion. Here's how it will work. I will read a statement out loud and then you will tell me if you agree or disagree with it - and how much you agree or disagree with it. 1=Disagree A LOT 2=Disagree Somewhat 3=Disagree A Little 4=Agree A Little 5=Agree Somewhat 6=Agree A LOT",NA,"There have been occasions when I felt like hitting things.",NA,"Agree a Little",4
"Adherence_Zissette_2018_SDB","Adherence_Zissette_2018_SDB_1","q_s_084_SDB","Social desirability items (Marlowe-Crowne derived) embedded in the DOMA Screener Form, IRBnet #744987 Final Structured Survey","How much do you disagree or agree with the following statements? There are no wrong answers; I'm interested in hearing your opinion. Here's how it will work. I will read a statement out loud and then you will tell me if you agree or disagree with it - and how much you agree or disagree with it. 1=Disagree A LOT 2=Disagree Somewhat 3=Disagree A Little 4=Agree A Little 5=Agree Somewhat 6=Agree A LOT",NA,"There have been occasions when I felt like hitting things.",NA,"Agree Somewhat",5
"Adherence_Zissette_2018_SDB","Adherence_Zissette_2018_SDB_1","q_s_084_SDB","Social desirability items (Marlowe-Crowne derived) embedded in the DOMA Screener Form, IRBnet #744987 Final Structured Survey","How much do you disagree or agree with the following statements? There are no wrong answers; I'm interested in hearing your opinion. Here's how it will work. I will read a statement out loud and then you will tell me if you agree or disagree with it - and how much you agree or disagree with it. 1=Disagree A LOT 2=Disagree Somewhat 3=Disagree A Little 4=Agree A Little 5=Agree Somewhat 6=Agree A LOT",NA,"There have been occasions when I felt like hitting things.",NA,"Agree a Lot",6
"Adherence_Zissette_2018_SDB","Adherence_Zissette_2018_SDB_1","q_s_085_SDB","Social desirability items (Marlowe-Crowne derived) embedded in the DOMA Screener Form, IRBnet #744987 Final Structured Survey","How much do you disagree or agree with the following statements? There are no wrong answers; I'm interested in hearing your opinion. Here's how it will work. I will read a statement out loud and then you will tell me if you agree or disagree with it - and how much you agree or disagree with it. 1=Disagree A LOT 2=Disagree Somewhat 3=Disagree A Little 4=Agree A Little 5=Agree Somewhat 6=Agree A LOT",NA,"I would never think of letting someone else be punished for my wrongdoings.",NA,"Disagree a Lot",1
"Adherence_Zissette_2018_SDB","Adherence_Zissette_2018_SDB_1","q_s_085_SDB","Social desirability items (Marlowe-Crowne derived) embedded in the DOMA Screener Form, IRBnet #744987 Final Structured Survey","How much do you disagree or agree with the following statements? There are no wrong answers; I'm interested in hearing your opinion. Here's how it will work. I will read a statement out loud and then you will tell me if you agree or disagree with it - and how much you agree or disagree with it. 1=Disagree A LOT 2=Disagree Somewhat 3=Disagree A Little 4=Agree A Little 5=Agree Somewhat 6=Agree A LOT",NA,"I would never think of letting someone else be punished for my wrongdoings.",NA,"Disagree Somewhat",2
"Adherence_Zissette_2018_SDB","Adherence_Zissette_2018_SDB_1","q_s_085_SDB","Social desirability items (Marlowe-Crowne derived) embedded in the DOMA Screener Form, IRBnet #744987 Final Structured Survey","How much do you disagree or agree with the following statements? There are no wrong answers; I'm interested in hearing your opinion. Here's how it will work. I will read a statement out loud and then you will tell me if you agree or disagree with it - and how much you agree or disagree with it. 1=Disagree A LOT 2=Disagree Somewhat 3=Disagree A Little 4=Agree A Little 5=Agree Somewhat 6=Agree A LOT",NA,"I would never think of letting someone else be punished for my wrongdoings.",NA,"Disagree a Little",3
"Adherence_Zissette_2018_SDB","Adherence_Zissette_2018_SDB_1","q_s_085_SDB","Social desirability items (Marlowe-Crowne derived) embedded in the DOMA Screener Form, IRBnet #744987 Final Structured Survey","How much do you disagree or agree with the following statements? There are no wrong answers; I'm interested in hearing your opinion. Here's how it will work. I will read a statement out loud and then you will tell me if you agree or disagree with it - and how much you agree or disagree with it. 1=Disagree A LOT 2=Disagree Somewhat 3=Disagree A Little 4=Agree A Little 5=Agree Somewhat 6=Agree A LOT",NA,"I would never think of letting someone else be punished for my wrongdoings.",NA,"Agree a Little",4
"Adherence_Zissette_2018_SDB","Adherence_Zissette_2018_SDB_1","q_s_085_SDB","Social desirability items (Marlowe-Crowne derived) embedded in the DOMA Screener Form, IRBnet #744987 Final Structured Survey","How much do you disagree or agree with the following statements? There are no wrong answers; I'm interested in hearing your opinion. Here's how it will work. I will read a statement out loud and then you will tell me if you agree or disagree with it - and how much you agree or disagree with it. 1=Disagree A LOT 2=Disagree Somewhat 3=Disagree A Little 4=Agree A Little 5=Agree Somewhat 6=Agree A LOT",NA,"I would never think of letting someone else be punished for my wrongdoings.",NA,"Agree Somewhat",5
"Adherence_Zissette_2018_SDB","Adherence_Zissette_2018_SDB_1","q_s_085_SDB","Social desirability items (Marlowe-Crowne derived) embedded in the DOMA Screener Form, IRBnet #744987 Final Structured Survey","How much do you disagree or agree with the following statements? There are no wrong answers; I'm interested in hearing your opinion. Here's how it will work. I will read a statement out loud and then you will tell me if you agree or disagree with it - and how much you agree or disagree with it. 1=Disagree A LOT 2=Disagree Somewhat 3=Disagree A Little 4=Agree A Little 5=Agree Somewhat 6=Agree A LOT",NA,"I would never think of letting someone else be punished for my wrongdoings.",NA,"Agree a Lot",6
"Adherence_Zissette_2018_SDB","Adherence_Zissette_2018_SDB_1","q_s_086_SDB","Social desirability items (Marlowe-Crowne derived) embedded in the DOMA Screener Form, IRBnet #744987 Final Structured Survey","How much do you disagree or agree with the following statements? There are no wrong answers; I'm interested in hearing your opinion. Here's how it will work. I will read a statement out loud and then you will tell me if you agree or disagree with it - and how much you agree or disagree with it. 1=Disagree A LOT 2=Disagree Somewhat 3=Disagree A Little 4=Agree A Little 5=Agree Somewhat 6=Agree A LOT",NA,"I never resent being asked to return a favor.",NA,"Disagree a Lot",1
"Adherence_Zissette_2018_SDB","Adherence_Zissette_2018_SDB_1","q_s_086_SDB","Social desirability items (Marlowe-Crowne derived) embedded in the DOMA Screener Form, IRBnet #744987 Final Structured Survey","How much do you disagree or agree with the following statements? There are no wrong answers; I'm interested in hearing your opinion. Here's how it will work. I will read a statement out loud and then you will tell me if you agree or disagree with it - and how much you agree or disagree with it. 1=Disagree A LOT 2=Disagree Somewhat 3=Disagree A Little 4=Agree A Little 5=Agree Somewhat 6=Agree A LOT",NA,"I never resent being asked to return a favor.",NA,"Disagree Somewhat",2
"Adherence_Zissette_2018_SDB","Adherence_Zissette_2018_SDB_1","q_s_086_SDB","Social desirability items (Marlowe-Crowne derived) embedded in the DOMA Screener Form, IRBnet #744987 Final Structured Survey","How much do you disagree or agree with the following statements? There are no wrong answers; I'm interested in hearing your opinion. Here's how it will work. I will read a statement out loud and then you will tell me if you agree or disagree with it - and how much you agree or disagree with it. 1=Disagree A LOT 2=Disagree Somewhat 3=Disagree A Little 4=Agree A Little 5=Agree Somewhat 6=Agree A LOT",NA,"I never resent being asked to return a favor.",NA,"Disagree a Little",3
"Adherence_Zissette_2018_SDB","Adherence_Zissette_2018_SDB_1","q_s_086_SDB","Social desirability items (Marlowe-Crowne derived) embedded in the DOMA Screener Form, IRBnet #744987 Final Structured Survey","How much do you disagree or agree with the following statements? There are no wrong answers; I'm interested in hearing your opinion. Here's how it will work. I will read a statement out loud and then you will tell me if you agree or disagree with it - and how much you agree or disagree with it. 1=Disagree A LOT 2=Disagree Somewhat 3=Disagree A Little 4=Agree A Little 5=Agree Somewhat 6=Agree A LOT",NA,"I never resent being asked to return a favor.",NA,"Agree a Little",4
"Adherence_Zissette_2018_SDB","Adherence_Zissette_2018_SDB_1","q_s_086_SDB","Social desirability items (Marlowe-Crowne derived) embedded in the DOMA Screener Form, IRBnet #744987 Final Structured Survey","How much do you disagree or agree with the following statements? There are no wrong answers; I'm interested in hearing your opinion. Here's how it will work. I will read a statement out loud and then you will tell me if you agree or disagree with it - and how much you agree or disagree with it. 1=Disagree A LOT 2=Disagree Somewhat 3=Disagree A Little 4=Agree A Little 5=Agree Somewhat 6=Agree A LOT",NA,"I never resent being asked to return a favor.",NA,"Agree Somewhat",5
"Adherence_Zissette_2018_SDB","Adherence_Zissette_2018_SDB_1","q_s_086_SDB","Social desirability items (Marlowe-Crowne derived) embedded in the DOMA Screener Form, IRBnet #744987 Final Structured Survey","How much do you disagree or agree with the following statements? There are no wrong answers; I'm interested in hearing your opinion. Here's how it will work. I will read a statement out loud and then you will tell me if you agree or disagree with it - and how much you agree or disagree with it. 1=Disagree A LOT 2=Disagree Somewhat 3=Disagree A Little 4=Agree A Little 5=Agree Somewhat 6=Agree A LOT",NA,"I never resent being asked to return a favor.",NA,"Agree a Lot",6
"Adherence_Zissette_2018_SDB","Adherence_Zissette_2018_SDB_1","q_s_087_SDB","Social desirability items (Marlowe-Crowne derived) embedded in the DOMA Screener Form, IRBnet #744987 Final Structured Survey","How much do you disagree or agree with the following statements? There are no wrong answers; I'm interested in hearing your opinion. Here's how it will work. I will read a statement out loud and then you will tell me if you agree or disagree with it - and how much you agree or disagree with it. 1=Disagree A LOT 2=Disagree Somewhat 3=Disagree A Little 4=Agree A Little 5=Agree Somewhat 6=Agree A LOT",NA,"I have never been upset when people expressed ideas very different from my own.",NA,"Disagree a Lot",1
"Adherence_Zissette_2018_SDB","Adherence_Zissette_2018_SDB_1","q_s_087_SDB","Social desirability items (Marlowe-Crowne derived) embedded in the DOMA Screener Form, IRBnet #744987 Final Structured Survey","How much do you disagree or agree with the following statements? There are no wrong answers; I'm interested in hearing your opinion. Here's how it will work. I will read a statement out loud and then you will tell me if you agree or disagree with it - and how much you agree or disagree with it. 1=Disagree A LOT 2=Disagree Somewhat 3=Disagree A Little 4=Agree A Little 5=Agree Somewhat 6=Agree A LOT",NA,"I have never been upset when people expressed ideas very different from my own.",NA,"Disagree Somewhat",2
"Adherence_Zissette_2018_SDB","Adherence_Zissette_2018_SDB_1","q_s_087_SDB","Social desirability items (Marlowe-Crowne derived) embedded in the DOMA Screener Form, IRBnet #744987 Final Structured Survey","How much do you disagree or agree with the following statements? There are no wrong answers; I'm interested in hearing your opinion. Here's how it will work. I will read a statement out loud and then you will tell me if you agree or disagree with it - and how much you agree or disagree with it. 1=Disagree A LOT 2=Disagree Somewhat 3=Disagree A Little 4=Agree A Little 5=Agree Somewhat 6=Agree A LOT",NA,"I have never been upset when people expressed ideas very different from my own.",NA,"Disagree a Little",3
"Adherence_Zissette_2018_SDB","Adherence_Zissette_2018_SDB_1","q_s_087_SDB","Social desirability items (Marlowe-Crowne derived) embedded in the DOMA Screener Form, IRBnet #744987 Final Structured Survey","How much do you disagree or agree with the following statements? There are no wrong answers; I'm interested in hearing your opinion. Here's how it will work. I will read a statement out loud and then you will tell me if you agree or disagree with it - and how much you agree or disagree with it. 1=Disagree A LOT 2=Disagree Somewhat 3=Disagree A Little 4=Agree A Little 5=Agree Somewhat 6=Agree A LOT",NA,"I have never been upset when people expressed ideas very different from my own.",NA,"Agree a Little",4
"Adherence_Zissette_2018_SDB","Adherence_Zissette_2018_SDB_1","q_s_087_SDB","Social desirability items (Marlowe-Crowne derived) embedded in the DOMA Screener Form, IRBnet #744987 Final Structured Survey","How much do you disagree or agree with the following statements? There are no wrong answers; I'm interested in hearing your opinion. Here's how it will work. I will read a statement out loud and then you will tell me if you agree or disagree with it - and how much you agree or disagree with it. 1=Disagree A LOT 2=Disagree Somewhat 3=Disagree A Little 4=Agree A Little 5=Agree Somewhat 6=Agree A LOT",NA,"I have never been upset when people expressed ideas very different from my own.",NA,"Agree Somewhat",5
"Adherence_Zissette_2018_SDB","Adherence_Zissette_2018_SDB_1","q_s_087_SDB","Social desirability items (Marlowe-Crowne derived) embedded in the DOMA Screener Form, IRBnet #744987 Final Structured Survey","How much do you disagree or agree with the following statements? There are no wrong answers; I'm interested in hearing your opinion. Here's how it will work. I will read a statement out loud and then you will tell me if you agree or disagree with it - and how much you agree or disagree with it. 1=Disagree A LOT 2=Disagree Somewhat 3=Disagree A Little 4=Agree A Little 5=Agree Somewhat 6=Agree A LOT",NA,"I have never been upset when people expressed ideas very different from my own.",NA,"Agree a Lot",6
"Adherence_Zissette_2018_SDB","Adherence_Zissette_2018_SDB_1","q_s_088_SDB","Social desirability items (Marlowe-Crowne derived) embedded in the DOMA Screener Form, IRBnet #744987 Final Structured Survey","How much do you disagree or agree with the following statements? There are no wrong answers; I'm interested in hearing your opinion. Here's how it will work. I will read a statement out loud and then you will tell me if you agree or disagree with it - and how much you agree or disagree with it. 1=Disagree A LOT 2=Disagree Somewhat 3=Disagree A Little 4=Agree A Little 5=Agree Somewhat 6=Agree A LOT",NA,"There have been times when I was quite jealous of the good fortune of others.",NA,"Disagree a Lot",1
"Adherence_Zissette_2018_SDB","Adherence_Zissette_2018_SDB_1","q_s_088_SDB","Social desirability items (Marlowe-Crowne derived) embedded in the DOMA Screener Form, IRBnet #744987 Final Structured Survey","How much do you disagree or agree with the following statements? There are no wrong answers; I'm interested in hearing your opinion. Here's how it will work. I will read a statement out loud and then you will tell me if you agree or disagree with it - and how much you agree or disagree with it. 1=Disagree A LOT 2=Disagree Somewhat 3=Disagree A Little 4=Agree A Little 5=Agree Somewhat 6=Agree A LOT",NA,"There have been times when I was quite jealous of the good fortune of others.",NA,"Disagree Somewhat",2
"Adherence_Zissette_2018_SDB","Adherence_Zissette_2018_SDB_1","q_s_088_SDB","Social desirability items (Marlowe-Crowne derived) embedded in the DOMA Screener Form, IRBnet #744987 Final Structured Survey","How much do you disagree or agree with the following statements? There are no wrong answers; I'm interested in hearing your opinion. Here's how it will work. I will read a statement out loud and then you will tell me if you agree or disagree with it - and how much you agree or disagree with it. 1=Disagree A LOT 2=Disagree Somewhat 3=Disagree A Little 4=Agree A Little 5=Agree Somewhat 6=Agree A LOT",NA,"There have been times when I was quite jealous of the good fortune of others.",NA,"Disagree a Little",3
"Adherence_Zissette_2018_SDB","Adherence_Zissette_2018_SDB_1","q_s_088_SDB","Social desirability items (Marlowe-Crowne derived) embedded in the DOMA Screener Form, IRBnet #744987 Final Structured Survey","How much do you disagree or agree with the following statements? There are no wrong answers; I'm interested in hearing your opinion. Here's how it will work. I will read a statement out loud and then you will tell me if you agree or disagree with it - and how much you agree or disagree with it. 1=Disagree A LOT 2=Disagree Somewhat 3=Disagree A Little 4=Agree A Little 5=Agree Somewhat 6=Agree A LOT",NA,"There have been times when I was quite jealous of the good fortune of others.",NA,"Agree a Little",4
"Adherence_Zissette_2018_SDB","Adherence_Zissette_2018_SDB_1","q_s_088_SDB","Social desirability items (Marlowe-Crowne derived) embedded in the DOMA Screener Form, IRBnet #744987 Final Structured Survey","How much do you disagree or agree with the following statements? There are no wrong answers; I'm interested in hearing your opinion. Here's how it will work. I will read a statement out loud and then you will tell me if you agree or disagree with it - and how much you agree or disagree with it. 1=Disagree A LOT 2=Disagree Somewhat 3=Disagree A Little 4=Agree A Little 5=Agree Somewhat 6=Agree A LOT",NA,"There have been times when I was quite jealous of the good fortune of others.",NA,"Agree Somewhat",5
"Adherence_Zissette_2018_SDB","Adherence_Zissette_2018_SDB_1","q_s_088_SDB","Social desirability items (Marlowe-Crowne derived) embedded in the DOMA Screener Form, IRBnet #744987 Final Structured Survey","How much do you disagree or agree with the following statements? There are no wrong answers; I'm interested in hearing your opinion. Here's how it will work. I will read a statement out loud and then you will tell me if you agree or disagree with it - and how much you agree or disagree with it. 1=Disagree A LOT 2=Disagree Somewhat 3=Disagree A Little 4=Agree A Little 5=Agree Somewhat 6=Agree A LOT",NA,"There have been times when I was quite jealous of the good fortune of others.",NA,"Agree a Lot",6
"Adherence_Zissette_2018_SDB","Adherence_Zissette_2018_SDB_1","q_s_089_SDB","Social desirability items (Marlowe-Crowne derived) embedded in the DOMA Screener Form, IRBnet #744987 Final Structured Survey","How much do you disagree or agree with the following statements? There are no wrong answers; I'm interested in hearing your opinion. Here's how it will work. I will read a statement out loud and then you will tell me if you agree or disagree with it - and how much you agree or disagree with it. 1=Disagree A LOT 2=Disagree Somewhat 3=Disagree A Little 4=Agree A Little 5=Agree Somewhat 6=Agree A LOT",NA,"I have almost never felt the urge to tell someone I think they are wrong.",NA,"Disagree a Lot",1
"Adherence_Zissette_2018_SDB","Adherence_Zissette_2018_SDB_1","q_s_089_SDB","Social desirability items (Marlowe-Crowne derived) embedded in the DOMA Screener Form, IRBnet #744987 Final Structured Survey","How much do you disagree or agree with the following statements? There are no wrong answers; I'm interested in hearing your opinion. Here's how it will work. I will read a statement out loud and then you will tell me if you agree or disagree with it - and how much you agree or disagree with it. 1=Disagree A LOT 2=Disagree Somewhat 3=Disagree A Little 4=Agree A Little 5=Agree Somewhat 6=Agree A LOT",NA,"I have almost never felt the urge to tell someone I think they are wrong.",NA,"Disagree Somewhat",2
"Adherence_Zissette_2018_SDB","Adherence_Zissette_2018_SDB_1","q_s_089_SDB","Social desirability items (Marlowe-Crowne derived) embedded in the DOMA Screener Form, IRBnet #744987 Final Structured Survey","How much do you disagree or agree with the following statements? There are no wrong answers; I'm interested in hearing your opinion. Here's how it will work. I will read a statement out loud and then you will tell me if you agree or disagree with it - and how much you agree or disagree with it. 1=Disagree A LOT 2=Disagree Somewhat 3=Disagree A Little 4=Agree A Little 5=Agree Somewhat 6=Agree A LOT",NA,"I have almost never felt the urge to tell someone I think they are wrong.",NA,"Disagree a Little",3
"Adherence_Zissette_2018_SDB","Adherence_Zissette_2018_SDB_1","q_s_089_SDB","Social desirability items (Marlowe-Crowne derived) embedded in the DOMA Screener Form, IRBnet #744987 Final Structured Survey","How much do you disagree or agree with the following statements? There are no wrong answers; I'm interested in hearing your opinion. Here's how it will work. I will read a statement out loud and then you will tell me if you agree or disagree with it - and how much you agree or disagree with it. 1=Disagree A LOT 2=Disagree Somewhat 3=Disagree A Little 4=Agree A Little 5=Agree Somewhat 6=Agree A LOT",NA,"I have almost never felt the urge to tell someone I think they are wrong.",NA,"Agree a Little",4
"Adherence_Zissette_2018_SDB","Adherence_Zissette_2018_SDB_1","q_s_089_SDB","Social desirability items (Marlowe-Crowne derived) embedded in the DOMA Screener Form, IRBnet #744987 Final Structured Survey","How much do you disagree or agree with the following statements? There are no wrong answers; I'm interested in hearing your opinion. Here's how it will work. I will read a statement out loud and then you will tell me if you agree or disagree with it - and how much you agree or disagree with it. 1=Disagree A LOT 2=Disagree Somewhat 3=Disagree A Little 4=Agree A Little 5=Agree Somewhat 6=Agree A LOT",NA,"I have almost never felt the urge to tell someone I think they are wrong.",NA,"Agree Somewhat",5
"Adherence_Zissette_2018_SDB","Adherence_Zissette_2018_SDB_1","q_s_089_SDB","Social desirability items (Marlowe-Crowne derived) embedded in the DOMA Screener Form, IRBnet #744987 Final Structured Survey","How much do you disagree or agree with the following statements? There are no wrong answers; I'm interested in hearing your opinion. Here's how it will work. I will read a statement out loud and then you will tell me if you agree or disagree with it - and how much you agree or disagree with it. 1=Disagree A LOT 2=Disagree Somewhat 3=Disagree A Little 4=Agree A Little 5=Agree Somewhat 6=Agree A LOT",NA,"I have almost never felt the urge to tell someone I think they are wrong.",NA,"Agree a Lot",6
"Adherence_Zissette_2018_SDB","Adherence_Zissette_2018_SDB_1","q_s_090_SDB","Social desirability items (Marlowe-Crowne derived) embedded in the DOMA Screener Form, IRBnet #744987 Final Structured Survey","How much do you disagree or agree with the following statements? There are no wrong answers; I'm interested in hearing your opinion. Here's how it will work. I will read a statement out loud and then you will tell me if you agree or disagree with it - and how much you agree or disagree with it. 1=Disagree A LOT 2=Disagree Somewhat 3=Disagree A Little 4=Agree A Little 5=Agree Somewhat 6=Agree A LOT",NA,"I am sometimes irritated by people who ask favors of me.",NA,"Disagree a Lot",1
"Adherence_Zissette_2018_SDB","Adherence_Zissette_2018_SDB_1","q_s_090_SDB","Social desirability items (Marlowe-Crowne derived) embedded in the DOMA Screener Form, IRBnet #744987 Final Structured Survey","How much do you disagree or agree with the following statements? There are no wrong answers; I'm interested in hearing your opinion. Here's how it will work. I will read a statement out loud and then you will tell me if you agree or disagree with it - and how much you agree or disagree with it. 1=Disagree A LOT 2=Disagree Somewhat 3=Disagree A Little 4=Agree A Little 5=Agree Somewhat 6=Agree A LOT",NA,"I am sometimes irritated by people who ask favors of me.",NA,"Disagree Somewhat",2
"Adherence_Zissette_2018_SDB","Adherence_Zissette_2018_SDB_1","q_s_090_SDB","Social desirability items (Marlowe-Crowne derived) embedded in the DOMA Screener Form, IRBnet #744987 Final Structured Survey","How much do you disagree or agree with the following statements? There are no wrong answers; I'm interested in hearing your opinion. Here's how it will work. I will read a statement out loud and then you will tell me if you agree or disagree with it - and how much you agree or disagree with it. 1=Disagree A LOT 2=Disagree Somewhat 3=Disagree A Little 4=Agree A Little 5=Agree Somewhat 6=Agree A LOT",NA,"I am sometimes irritated by people who ask favors of me.",NA,"Disagree a Little",3
"Adherence_Zissette_2018_SDB","Adherence_Zissette_2018_SDB_1","q_s_090_SDB","Social desirability items (Marlowe-Crowne derived) embedded in the DOMA Screener Form, IRBnet #744987 Final Structured Survey","How much do you disagree or agree with the following statements? There are no wrong answers; I'm interested in hearing your opinion. Here's how it will work. I will read a statement out loud and then you will tell me if you agree or disagree with it - and how much you agree or disagree with it. 1=Disagree A LOT 2=Disagree Somewhat 3=Disagree A Little 4=Agree A Little 5=Agree Somewhat 6=Agree A LOT",NA,"I am sometimes irritated by people who ask favors of me.",NA,"Agree a Little",4
"Adherence_Zissette_2018_SDB","Adherence_Zissette_2018_SDB_1","q_s_090_SDB","Social desirability items (Marlowe-Crowne derived) embedded in the DOMA Screener Form, IRBnet #744987 Final Structured Survey","How much do you disagree or agree with the following statements? There are no wrong answers; I'm interested in hearing your opinion. Here's how it will work. I will read a statement out loud and then you will tell me if you agree or disagree with it - and how much you agree or disagree with it. 1=Disagree A LOT 2=Disagree Somewhat 3=Disagree A Little 4=Agree A Little 5=Agree Somewhat 6=Agree A LOT",NA,"I am sometimes irritated by people who ask favors of me.",NA,"Agree Somewhat",5
"Adherence_Zissette_2018_SDB","Adherence_Zissette_2018_SDB_1","q_s_090_SDB","Social desirability items (Marlowe-Crowne derived) embedded in the DOMA Screener Form, IRBnet #744987 Final Structured Survey","How much do you disagree or agree with the following statements? There are no wrong answers; I'm interested in hearing your opinion. Here's how it will work. I will read a statement out loud and then you will tell me if you agree or disagree with it - and how much you agree or disagree with it. 1=Disagree A LOT 2=Disagree Somewhat 3=Disagree A Little 4=Agree A Little 5=Agree Somewhat 6=Agree A LOT",NA,"I am sometimes irritated by people who ask favors of me.",NA,"Agree a Lot",6
"Adherence_Zissette_2018_SDB","Adherence_Zissette_2018_SDB_1","q_s_091_SDB","Social desirability items (Marlowe-Crowne derived) embedded in the DOMA Screener Form, IRBnet #744987 Final Structured Survey","How much do you disagree or agree with the following statements? There are no wrong answers; I'm interested in hearing your opinion. Here's how it will work. I will read a statement out loud and then you will tell me if you agree or disagree with it - and how much you agree or disagree with it. 1=Disagree A LOT 2=Disagree Somewhat 3=Disagree A Little 4=Agree A Little 5=Agree Somewhat 6=Agree A LOT",NA,"I have never felt that I was punished without cause.",NA,"Disagree a Lot",1
"Adherence_Zissette_2018_SDB","Adherence_Zissette_2018_SDB_1","q_s_091_SDB","Social desirability items (Marlowe-Crowne derived) embedded in the DOMA Screener Form, IRBnet #744987 Final Structured Survey","How much do you disagree or agree with the following statements? There are no wrong answers; I'm interested in hearing your opinion. Here's how it will work. I will read a statement out loud and then you will tell me if you agree or disagree with it - and how much you agree or disagree with it. 1=Disagree A LOT 2=Disagree Somewhat 3=Disagree A Little 4=Agree A Little 5=Agree Somewhat 6=Agree A LOT",NA,"I have never felt that I was punished without cause.",NA,"Disagree Somewhat",2
"Adherence_Zissette_2018_SDB","Adherence_Zissette_2018_SDB_1","q_s_091_SDB","Social desirability items (Marlowe-Crowne derived) embedded in the DOMA Screener Form, IRBnet #744987 Final Structured Survey","How much do you disagree or agree with the following statements? There are no wrong answers; I'm interested in hearing your opinion. Here's how it will work. I will read a statement out loud and then you will tell me if you agree or disagree with it - and how much you agree or disagree with it. 1=Disagree A LOT 2=Disagree Somewhat 3=Disagree A Little 4=Agree A Little 5=Agree Somewhat 6=Agree A LOT",NA,"I have never felt that I was punished without cause.",NA,"Disagree a Little",3
"Adherence_Zissette_2018_SDB","Adherence_Zissette_2018_SDB_1","q_s_091_SDB","Social desirability items (Marlowe-Crowne derived) embedded in the DOMA Screener Form, IRBnet #744987 Final Structured Survey","How much do you disagree or agree with the following statements? There are no wrong answers; I'm interested in hearing your opinion. Here's how it will work. I will read a statement out loud and then you will tell me if you agree or disagree with it - and how much you agree or disagree with it. 1=Disagree A LOT 2=Disagree Somewhat 3=Disagree A Little 4=Agree A Little 5=Agree Somewhat 6=Agree A LOT",NA,"I have never felt that I was punished without cause.",NA,"Agree a Little",4
"Adherence_Zissette_2018_SDB","Adherence_Zissette_2018_SDB_1","q_s_091_SDB","Social desirability items (Marlowe-Crowne derived) embedded in the DOMA Screener Form, IRBnet #744987 Final Structured Survey","How much do you disagree or agree with the following statements? There are no wrong answers; I'm interested in hearing your opinion. Here's how it will work. I will read a statement out loud and then you will tell me if you agree or disagree with it - and how much you agree or disagree with it. 1=Disagree A LOT 2=Disagree Somewhat 3=Disagree A Little 4=Agree A Little 5=Agree Somewhat 6=Agree A LOT",NA,"I have never felt that I was punished without cause.",NA,"Agree Somewhat",5
"Adherence_Zissette_2018_SDB","Adherence_Zissette_2018_SDB_1","q_s_091_SDB","Social desirability items (Marlowe-Crowne derived) embedded in the DOMA Screener Form, IRBnet #744987 Final Structured Survey","How much do you disagree or agree with the following statements? There are no wrong answers; I'm interested in hearing your opinion. Here's how it will work. I will read a statement out loud and then you will tell me if you agree or disagree with it - and how much you agree or disagree with it. 1=Disagree A LOT 2=Disagree Somewhat 3=Disagree A Little 4=Agree A Little 5=Agree Somewhat 6=Agree A LOT",NA,"I have never felt that I was punished without cause.",NA,"Agree a Lot",6
"Adherence_Zissette_2018_SDB","Adherence_Zissette_2018_SDB_1","q_s_092_SDB","Social desirability items (Marlowe-Crowne derived) embedded in the DOMA Screener Form, IRBnet #744987 Final Structured Survey","How much do you disagree or agree with the following statements? There are no wrong answers; I'm interested in hearing your opinion. Here's how it will work. I will read a statement out loud and then you will tell me if you agree or disagree with it - and how much you agree or disagree with it. 1=Disagree A LOT 2=Disagree Somewhat 3=Disagree A Little 4=Agree A Little 5=Agree Somewhat 6=Agree A LOT",NA,"I sometimes think when people have a misfortune they only got what they deserved.",NA,"Disagree a Lot",1
"Adherence_Zissette_2018_SDB","Adherence_Zissette_2018_SDB_1","q_s_092_SDB","Social desirability items (Marlowe-Crowne derived) embedded in the DOMA Screener Form, IRBnet #744987 Final Structured Survey","How much do you disagree or agree with the following statements? There are no wrong answers; I'm interested in hearing your opinion. Here's how it will work. I will read a statement out loud and then you will tell me if you agree or disagree with it - and how much you agree or disagree with it. 1=Disagree A LOT 2=Disagree Somewhat 3=Disagree A Little 4=Agree A Little 5=Agree Somewhat 6=Agree A LOT",NA,"I sometimes think when people have a misfortune they only got what they deserved.",NA,"Disagree Somewhat",2
"Adherence_Zissette_2018_SDB","Adherence_Zissette_2018_SDB_1","q_s_092_SDB","Social desirability items (Marlowe-Crowne derived) embedded in the DOMA Screener Form, IRBnet #744987 Final Structured Survey","How much do you disagree or agree with the following statements? There are no wrong answers; I'm interested in hearing your opinion. Here's how it will work. I will read a statement out loud and then you will tell me if you agree or disagree with it - and how much you agree or disagree with it. 1=Disagree A LOT 2=Disagree Somewhat 3=Disagree A Little 4=Agree A Little 5=Agree Somewhat 6=Agree A LOT",NA,"I sometimes think when people have a misfortune they only got what they deserved.",NA,"Disagree a Little",3
"Adherence_Zissette_2018_SDB","Adherence_Zissette_2018_SDB_1","q_s_092_SDB","Social desirability items (Marlowe-Crowne derived) embedded in the DOMA Screener Form, IRBnet #744987 Final Structured Survey","How much do you disagree or agree with the following statements? There are no wrong answers; I'm interested in hearing your opinion. Here's how it will work. I will read a statement out loud and then you will tell me if you agree or disagree with it - and how much you agree or disagree with it. 1=Disagree A LOT 2=Disagree Somewhat 3=Disagree A Little 4=Agree A Little 5=Agree Somewhat 6=Agree A LOT",NA,"I sometimes think when people have a misfortune they only got what they deserved.",NA,"Agree a Little",4
"Adherence_Zissette_2018_SDB","Adherence_Zissette_2018_SDB_1","q_s_092_SDB","Social desirability items (Marlowe-Crowne derived) embedded in the DOMA Screener Form, IRBnet #744987 Final Structured Survey","How much do you disagree or agree with the following statements? There are no wrong answers; I'm interested in hearing your opinion. Here's how it will work. I will read a statement out loud and then you will tell me if you agree or disagree with it - and how much you agree or disagree with it. 1=Disagree A LOT 2=Disagree Somewhat 3=Disagree A Little 4=Agree A Little 5=Agree Somewhat 6=Agree A LOT",NA,"I sometimes think when people have a misfortune they only got what they deserved.",NA,"Agree Somewhat",5
"Adherence_Zissette_2018_SDB","Adherence_Zissette_2018_SDB_1","q_s_092_SDB","Social desirability items (Marlowe-Crowne derived) embedded in the DOMA Screener Form, IRBnet #744987 Final Structured Survey","How much do you disagree or agree with the following statements? There are no wrong answers; I'm interested in hearing your opinion. Here's how it will work. I will read a statement out loud and then you will tell me if you agree or disagree with it - and how much you agree or disagree with it. 1=Disagree A LOT 2=Disagree Somewhat 3=Disagree A Little 4=Agree A Little 5=Agree Somewhat 6=Agree A LOT",NA,"I sometimes think when people have a misfortune they only got what they deserved.",NA,"Agree a Lot",6
"Adherence_Zissette_2018_SDB","Adherence_Zissette_2018_SDB_1","q_s_093_SDB","Social desirability items (Marlowe-Crowne derived) embedded in the DOMA Screener Form, IRBnet #744987 Final Structured Survey","How much do you disagree or agree with the following statements? There are no wrong answers; I'm interested in hearing your opinion. Here's how it will work. I will read a statement out loud and then you will tell me if you agree or disagree with it - and how much you agree or disagree with it. 1=Disagree A LOT 2=Disagree Somewhat 3=Disagree A Little 4=Agree A Little 5=Agree Somewhat 6=Agree A LOT",NA,"I have never intentionally said something that hurt someone's feelings.",NA,"Disagree a Lot",1
"Adherence_Zissette_2018_SDB","Adherence_Zissette_2018_SDB_1","q_s_093_SDB","Social desirability items (Marlowe-Crowne derived) embedded in the DOMA Screener Form, IRBnet #744987 Final Structured Survey","How much do you disagree or agree with the following statements? There are no wrong answers; I'm interested in hearing your opinion. Here's how it will work. I will read a statement out loud and then you will tell me if you agree or disagree with it - and how much you agree or disagree with it. 1=Disagree A LOT 2=Disagree Somewhat 3=Disagree A Little 4=Agree A Little 5=Agree Somewhat 6=Agree A LOT",NA,"I have never intentionally said something that hurt someone's feelings.",NA,"Disagree Somewhat",2
"Adherence_Zissette_2018_SDB","Adherence_Zissette_2018_SDB_1","q_s_093_SDB","Social desirability items (Marlowe-Crowne derived) embedded in the DOMA Screener Form, IRBnet #744987 Final Structured Survey","How much do you disagree or agree with the following statements? There are no wrong answers; I'm interested in hearing your opinion. Here's how it will work. I will read a statement out loud and then you will tell me if you agree or disagree with it - and how much you agree or disagree with it. 1=Disagree A LOT 2=Disagree Somewhat 3=Disagree A Little 4=Agree A Little 5=Agree Somewhat 6=Agree A LOT",NA,"I have never intentionally said something that hurt someone's feelings.",NA,"Disagree a Little",3
"Adherence_Zissette_2018_SDB","Adherence_Zissette_2018_SDB_1","q_s_093_SDB","Social desirability items (Marlowe-Crowne derived) embedded in the DOMA Screener Form, IRBnet #744987 Final Structured Survey","How much do you disagree or agree with the following statements? There are no wrong answers; I'm interested in hearing your opinion. Here's how it will work. I will read a statement out loud and then you will tell me if you agree or disagree with it - and how much you agree or disagree with it. 1=Disagree A LOT 2=Disagree Somewhat 3=Disagree A Little 4=Agree A Little 5=Agree Somewhat 6=Agree A LOT",NA,"I have never intentionally said something that hurt someone's feelings.",NA,"Agree a Little",4
"Adherence_Zissette_2018_SDB","Adherence_Zissette_2018_SDB_1","q_s_093_SDB","Social desirability items (Marlowe-Crowne derived) embedded in the DOMA Screener Form, IRBnet #744987 Final Structured Survey","How much do you disagree or agree with the following statements? There are no wrong answers; I'm interested in hearing your opinion. Here's how it will work. I will read a statement out loud and then you will tell me if you agree or disagree with it - and how much you agree or disagree with it. 1=Disagree A LOT 2=Disagree Somewhat 3=Disagree A Little 4=Agree A Little 5=Agree Somewhat 6=Agree A LOT",NA,"I have never intentionally said something that hurt someone's feelings.",NA,"Agree Somewhat",5
"Adherence_Zissette_2018_SDB","Adherence_Zissette_2018_SDB_1","q_s_093_SDB","Social desirability items (Marlowe-Crowne derived) embedded in the DOMA Screener Form, IRBnet #744987 Final Structured Survey","How much do you disagree or agree with the following statements? There are no wrong answers; I'm interested in hearing your opinion. Here's how it will work. I will read a statement out loud and then you will tell me if you agree or disagree with it - and how much you agree or disagree with it. 1=Disagree A LOT 2=Disagree Somewhat 3=Disagree A Little 4=Agree A Little 5=Agree Somewhat 6=Agree A LOT",NA,"I have never intentionally said something that hurt someone's feelings.",NA,"Agree a Lot",6
